sample_id,task,stage,target_anchor,history_length,candidate_id,candidate_source,deleted_position,layer,boundary,theory_u_norm,actual_u_norm,injection_cosine,injection_relative_l2,injection_norm_ratio,local_r_norm,actual_r_norm,adjacent_cosine,adjacent_relative_l2,adjacent_norm_ratio,actual_boundary_norm,state_norm,action_state_ratio,deleted_attention_mass_mean,deleted_attention_mass_std,attention_entropy,attention_concentration,head_disagreement,deleted_key_norm,key_norm_mean,key_norm_variance,deleted_value_norm,value_norm_mean,value_norm_variance,deleted_token_age,selector_attention,selector_value_norm,selector_aov,selector_aor,selector_v_ridge,selector_key_query,selector_age,selector_random,single_boundary_theory_risk,candidate_probe_risk,single_boundary_fisher_risk,probe_fisher_risk
gov_report:130,gov_report,disagreement_formal,64,32,physical_delete_low_aor_30,low_aor,30,0,1,0.00034831481396803464,0.0003504118670167667,0.9996647702689415,0.026500221967378182,0.994015462242802,0.0005932888168829689,0.0005974000150812174,0.9995640398172493,0.030220512697166385,0.9931181819644086,0.0005974000150812174,21.469963862068383,2.7633433418635123e-05,3.811555143329315e-05,8.048124436754733e-05,1.2174159288406372,0.6843793392181396,8.048124436754733e-05,779.8387451171875,778.7626953125,1833.742431640625,3.5796589851379395,4.189390659332275,0.8261989951133728,1005.0,-0.3744338945253982,-0.7623082023841851,-0.3638847412605822,-0.3718719859713382,-0.2052128222684936,0.5072000855731897,30.0,0.2592022213475714,4.51550111081269e-13,6.59999380916808e-13,4.5158747126298313e-13,6.616094562948721e-13
gov_report:130,gov_report,disagreement_formal,64,32,physical_delete_low_aor_30,low_aor,30,1,2,0.010527734679933145,0.010535131037262635,0.9999559537630074,0.009408694060658621,0.9992979339978468,0.011160291435850848,0.011140003023873635,0.9985596245034762,0.05375234251486401,1.001821221406649,0.011140003023873635,25.664256128861695,0.00043485738997516184,0.0003640849608927965,0.000858833605889231,2.8062899112701416,0.25062480568885803,0.000858833605889231,91.34564208984375,90.9344711303711,3934.689697265625,3.944809913635254,4.054952621459961,0.6226597428321838,1005.0,-0.3744338945253982,-0.7623082023841851,-0.3638847412605822,-0.3718719859713382,-0.2052128222684936,0.5072000855731897,30.0,0.2592022213475714,,,,
gov_report:130,gov_report,disagreement_formal,64,32,physical_delete_low_aor_30,low_aor,30,2,3,0.013218778635183892,0.013383828383162629,0.9661421306902784,0.2589068271486136,0.9876679718796771,0.013255396760277947,0.017708915507192086,0.7672344080734622,0.6416399010894518,0.7485154443757192,0.017708915507192086,29.76513930574927,0.00044533293206249527,0.00031777145341038704,0.0005877233343198895,2.0922257900238037,0.4565971791744232,0.0005877233343198895,28.037078857421875,26.31880760192871,56.09834671020508,6.237751007080078,5.986464023590088,1.4918733835220337,1005.0,-0.3744338945253982,-0.7623082023841851,-0.3638847412605822,-0.3718719859713382,-0.2052128222684936,0.5072000855731897,30.0,0.2592022213475714,,,,
gov_report:130,gov_report,disagreement_formal,64,32,physical_delete_low_aor_30,low_aor,30,3,4,2.465430768021003e-05,0.003760181833200544,0.15386512422175253,0.9990121627850167,0.006556679643129143,2.6315693006871928e-05,0.0184668003360977,-0.20407456038114322,1.00029178458408,0.0014250272125069616,0.0184668003360977,41.56833671657267,6.330706274417821e-07,6.654966568930831e-07,1.020175545818347e-06,0.9944429993629456,0.76738041639328,1.020175545818347e-06,24.259654998779297,20.71725845336914,8.17690372467041,5.617270469665527,6.390174388885498,1.3001468181610107,1005.0,-0.3744338945253982,-0.7623082023841851,-0.3638847412605822,-0.3718719859713382,-0.2052128222684936,0.5072000855731897,30.0,0.2592022213475714,,,,
gov_report:130,gov_report,disagreement_formal,64,32,physical_delete_low_aor_30,low_aor,30,4,5,0.0015740349319571178,0.0038505366113162696,0.04428509997648382,1.0634367602162909,0.4087832660339383,0.001508101653068503,0.01783208092054633,0.034136685248351395,1.0006889860274053,0.08457238724903109,0.01783208092054633,41.195340502765426,3.660854928404499e-05,5.604199759545736e-05,7.290895882761106e-05,1.5346194505691528,0.6245962977409363,7.290895882761106e-05,18.34650230407715,17.671886444091797,4.831030368804932,5.560302734375,7.285590171813965,2.67221736907959,1005.0,-0.3744338945253982,-0.7623082023841851,-0.3638847412605822,-0.3718719859713382,-0.2052128222684936,0.5072000855731897,30.0,0.2592022213475714,1.4629506138828092e-12,2.5169361750440186e-10,1.4630645943242912e-12,2.5171422415081267e-10
gov_report:130,gov_report,disagreement_formal,64,32,physical_delete_low_aor_30,low_aor,30,5,6,0.007089801101146272,0.008121667381984214,0.8637030817640874,0.5040857792385608,0.8729489608098373,0.006097287442464515,0.018254339960389308,0.45901594161111225,0.8971782003306648,0.3340185104306822,0.018254339960389308,43.24790936990979,0.00014098455928384762,7.316868141060695e-05,0.00020888153812848032,1.6196657419204712,0.5900495052337646,0.00020888153812848032,18.51809310913086,16.8780517578125,4.165049076080322,7.330948829650879,8.07693862915039,2.177886962890625,1005.0,-0.3744338945253982,-0.7623082023841851,-0.3638847412605822,-0.3718719859713382,-0.2052128222684936,0.5072000855731897,30.0,0.2592022213475714,,,,
gov_report:130,gov_report,disagreement_formal,64,32,physical_delete_low_aor_30,low_aor,30,6,7,0.0007317986208473316,0.004064689048153366,-0.43435372538405703,1.090327507666056,0.18003803296584175,0.0012004379510738717,0.017520927190705755,0.0230470032164858,1.0007677707165747,0.06851452197750485,0.017520927190705755,44.94239942330027,2.6710588808738762e-05,1.119743046729127e-05,2.270154254802037e-05,1.1933268308639526,0.6643238067626953,2.270154254802037e-05,19.10294532775879,19.204689025878906,6.202404499053955,6.506955623626709,6.933459281921387,1.9290196895599365,1005.0,-0.3744338945253982,-0.7623082023841851,-0.3638847412605822,-0.3718719859713382,-0.2052128222684936,0.5072000855731897,30.0,0.2592022213475714,,,,
gov_report:130,gov_report,disagreement_formal,64,32,physical_delete_low_aor_30,low_aor,30,7,8,0.0015372367267381239,0.004890562639567619,0.2901775335266532,0.9572774958714846,0.3143271725631211,0.0016842136495067892,0.018514936085918747,0.147733874230832,0.9906550318988244,0.0909651344023646,0.018514936085918747,52.78092143562379,3.1909515857183415e-05,3.6358251236379147e-05,5.959301415714435e-05,2.2703404426574707,0.3998625576496124,5.959301415714435e-05,33.87269592285156,33.8061637878418,195.13446044921875,6.240652084350586,6.677889347076416,2.5451812744140625,1005.0,-0.3744338945253982,-0.7623082023841851,-0.3638847412605822,-0.3718719859713382,-0.2052128222684936,0.5072000855731897,30.0,0.2592022213475714,1.2247145636154659e-11,4.214768242587795e-10,1.224832039769009e-11,4.215254811309105e-10
gov_report:130,gov_report,disagreement_formal,64,32,physical_delete_low_aor_30,low_aor,30,8,9,0.0002955577647093216,0.004830531888527213,-0.09281606052222267,1.0075225119587885,0.06118534594736618,0.0003203451869554767,0.017782728482787405,-0.0362848655403833,1.0008155768117872,0.01801440016730567,0.017782728482787405,52.96624802877129,6.048100420129156e-06,5.059438990429044e-06,7.48545971873682e-06,1.5567489862442017,0.596839964389801,7.48545971873682e-06,20.979084014892578,19.38934898376465,6.6342549324035645,7.623630523681641,8.016640663146973,1.976571798324585,1005.0,-0.3744338945253982,-0.7623082023841851,-0.3638847412605822,-0.3718719859713382,-0.2052128222684936,0.5072000855731897,30.0,0.2592022213475714,,,,
gov_report:130,gov_report,disagreement_formal,64,32,physical_delete_low_aor_30,low_aor,30,9,10,0.0013591806278090977,0.0022448626408960583,0.3309056159832202,0.9827935050417032,0.6054627143095792,0.001265461235553011,0.01818128273579395,0.06876213608486084,0.9976334370470266,0.0696024177139969,0.01818128273579395,51.46986398919358,2.458644996261701e-05,3.220892176614143e-05,5.9189234889345244e-05,1.8986908197402954,0.5455113053321838,5.9189234889345244e-05,20.220046997070312,19.090545654296875,5.524270534515381,7.481644630432129,7.6100969314575195,1.6230275630950928,1005.0,-0.3744338945253982,-0.7623082023841851,-0.3638847412605822,-0.3718719859713382,-0.2052128222684936,0.5072000855731897,30.0,0.2592022213475714,,,,
gov_report:130,gov_report,disagreement_formal,64,32,physical_delete_low_aor_30,low_aor,30,10,11,0.00011282794767264215,0.0052567615810881,-0.18531392737484473,1.0041989888302922,0.02146339451242296,0.00012048888676160862,0.016823340710888163,-0.020336171773660913,1.0001712803128782,0.007162007168030991,0.016823340710888163,49.71031069973352,2.4238208344623063e-06,2.732175744313281e-06,2.0496925117186038e-06,1.9682625532150269,0.5169860124588013,2.0496925117186038e-06,19.780250549316406,18.817415237426758,6.94002628326416,7.970746994018555,8.362430572509766,2.813798189163208,1005.0,-0.3744338945253982,-0.7623082023841851,-0.3638847412605822,-0.3718719859713382,-0.2052128222684936,0.5072000855731897,30.0,0.2592022213475714,1.424166017253095e-14,4.093368946855536e-10,1.5501748118779516e-14,4.093865008780787e-10
gov_report:130,gov_report,disagreement_formal,64,32,physical_delete_low_aor_30,low_aor,30,11,12,0.0007274426084814719,0.004292989454480904,0.056322742879731734,1.0048011197088993,0.16944896235936183,0.0007166495677621014,0.016584357356857135,0.04804119419666687,0.9988570273555764,0.043212380940753685,0.016584357356857135,54.0764844590008,1.325251770583282e-05,1.9163853721693158e-05,1.934533975145314e-05,2.5323941707611084,0.32370302081108093,1.934533975145314e-05,20.57343864440918,19.277196884155273,6.2491278648376465,8.04190731048584,7.8775200843811035,1.2752714157104492,1005.0,-0.3744338945253982,-0.7623082023841851,-0.3638847412605822,-0.3718719859713382,-0.2052128222684936,0.5072000855731897,30.0,0.2592022213475714,,,,
gov_report:130,gov_report,disagreement_formal,64,32,physical_delete_low_aor_30,low_aor,30,12,13,0.0008865840001786015,0.0043149373436197,0.2716188648501479,0.9646756210942218,0.2054685687358943,0.0007319500071617773,0.01626418664090649,-0.00481374505057817,1.0012285525569438,0.045003787974298715,0.01626418664090649,58.47958159650706,1.2516334542405415e-05,1.6335316104232334e-05,3.9154430851340294e-05,2.173368215560913,0.44042086601257324,3.9154430851340294e-05,17.81357765197754,17.72834587097168,4.669406414031982,7.963202476501465,8.850532531738281,1.6460896730422974,1005.0,-0.3744338945253982,-0.7623082023841851,-0.3638847412605822,-0.3718719859713382,-0.2052128222684936,0.5072000855731897,30.0,0.2592022213475714,,,,
gov_report:130,gov_report,disagreement_formal,64,32,physical_delete_low_aor_30,low_aor,30,13,14,0.00015279432101364437,0.001293472846647238,0.13895240322899516,0.9905180053263667,0.11812719641521409,0.0001363461645808119,0.015664939255189587,-0.014437595405019512,1.0001635291007964,0.008703906370759925,0.015664939255189587,60.09120120582875,2.268987170247922e-06,3.7137742765480652e-06,4.958893896400696e-06,2.170295476913452,0.3842003643512726,4.958893896400696e-06,19.695098876953125,18.99193572998047,3.4046876430511475,7.814652442932129,8.039009094238281,2.329005002975464,1005.0,-0.3744338945253982,-0.7623082023841851,-0.3638847412605822,-0.3718719859713382,-0.2052128222684936,0.5072000855731897,30.0,0.2592022213475714,,,,
gov_report:130,gov_report,disagreement_formal,64,32,physical_delete_low_aor_30,low_aor,30,14,15,1.15368453519698e-05,0.0028544618936516596,0.050784932690994065,0.9998028913261089,0.004041688339798059,1.4640750600767012e-05,0.015179496608068185,0.01697746747434638,0.9999840901031363,0.0009645083087264686,0.015179496608068185,60.65540667049136,2.4137585426312354e-07,1.5811518494501797e-07,2.116785964290102e-07,1.7799581289291382,0.46169421076774597,2.116785964290102e-07,19.334386825561523,19.257566452026367,9.881089210510254,9.996024131774902,9.510135650634766,2.584747076034546,1005.0,-0.3744338945253982,-0.7623082023841851,-0.3638847412605822,-0.3718719859713382,-0.2052128222684936,0.5072000855731897,30.0,0.2592022213475714,6.327754358028793e-14,3.969019990475267e-10,6.548403686416232e-14,3.96947303313225e-10
gov_report:130,gov_report,disagreement_formal,64,32,physical_delete_low_aor_30,low_aor,30,15,16,0.00021534535546477218,0.0029589501386996565,0.1431649891317397,0.9921986531450205,0.07277762225469879,0.0002192302567794165,0.014241732590442526,0.04453886012554647,0.9994327097695905,0.015393510261984525,0.014241732590442526,62.46905750595516,3.509421552558518e-06,4.51298456027871e-06,6.4557739278825466e-06,2.411240339279175,0.3845132291316986,6.4557739278825466e-06,55.28289031982422,55.540035247802734,1415.7886962890625,8.975309371948242,7.764710903167725,2.0429117679595947,1005.0,-0.3744338945253982,-0.7623082023841851,-0.3638847412605822,-0.3718719859713382,-0.2052128222684936,0.5072000855731897,30.0,0.2592022213475714,,,,
gov_report:130,gov_report,disagreement_formal,64,32,physical_delete_low_aor_30,low_aor,30,16,17,0.0014032653992557208,0.002360636725099433,0.5736636616139414,0.8193545077012309,0.5944436025821015,0.0013822560121130464,0.01351642169488283,0.10597226632555207,0.9943759968246879,0.10226493692752671,0.01351642169488283,68.64621993877991,2.0135937759512037e-05,1.6176460121641867e-05,5.2617888286476955e-05,2.6836535930633545,0.28933677077293396,5.2617888286476955e-05,17.315948486328125,18.181438446044922,7.473870277404785,8.710566520690918,8.729783058166504,3.4102656841278076,1005.0,-0.3744338945253982,-0.7623082023841851,-0.3638847412605822,-0.3718719859713382,-0.2052128222684936,0.5072000855731897,30.0,0.2592022213475714,,,,
gov_report:130,gov_report,disagreement_formal,64,32,physical_delete_low_aor_30,low_aor,30,17,18,0.003114524954862967,0.003689320248132157,0.8711075317947761,0.49182890483185593,0.8442002172188224,0.0027866738992851966,0.01320883164508826,0.13904276304418003,0.9928951154524606,0.21097050626134894,0.01320883164508826,69.10889112102677,4.0322943315716655e-05,5.907067679800093e-05,8.478974632453173e-05,2.3911991119384766,0.39145466685295105,8.478974632453173e-05,16.742340087890625,16.210243225097656,7.178878307342529,8.294286727905273,9.507762908935547,4.206262111663818,1005.0,-0.3744338945253982,-0.7623082023841851,-0.3638847412605822,-0.3718719859713382,-0.2052128222684936,0.5072000855731897,30.0,0.2592022213475714,,,,
gov_report:130,gov_report,disagreement_formal,64,32,physical_delete_low_aor_30,low_aor,30,18,19,0.001230975547517593,0.0024002859358421514,0.5446625481053693,0.839258625823804,0.5128453777677531,0.001137463971674629,0.013042510154836531,0.15392690515333363,0.9903319547234235,0.08721204416719011,0.013042510154836531,71.51283428397404,1.5905731929989152e-05,2.3687005523242988e-05,3.605929305194877e-05,2.387955904006958,0.3747943639755249,3.605929305194877e-05,22.252643585205078,21.790225982666016,7.016385078430176,8.231061935424805,9.353311538696289,3.4117751121520996,1005.0,-0.3744338945253982,-0.7623082023841851,-0.3638847412605822,-0.3718719859713382,-0.2052128222684936,0.5072000855731897,30.0,0.2592022213475714,4.5443684838092605e-12,3.7780830442427336e-10,4.544794413025939e-12,3.77848300205879e-10
gov_report:130,gov_report,disagreement_formal,64,32,physical_delete_low_aor_30,low_aor,30,19,20,7.200693054901172e-05,0.002226440886674306,-0.004425419178863467,1.0006658974307174,0.03234172125565408,6.930106768116172e-05,0.013514789960110065,-0.006426420490495974,1.0000460994410405,0.005127794652059641,0.013514789960110065,79.8984552995625,8.673642991135674e-07,1.1325336117806728e-06,1.644386543375731e-06,1.584572196006775,0.508945882320404,1.644386543375731e-06,18.423336029052734,18.311506271362305,4.329520225524902,10.171774864196777,10.131834030151367,3.4603898525238037,1005.0,-0.3744338945253982,-0.7623082023841851,-0.3638847412605822,-0.3718719859713382,-0.2052128222684936,0.5072000855731897,30.0,0.2592022213475714,,,,
gov_report:130,gov_report,disagreement_formal,64,32,physical_delete_low_aor_30,low_aor,30,20,21,0.002310868029778794,0.0037896941652392647,0.6285716243693039,0.7779787619273432,0.6097769184054713,0.0021696549334310304,0.01395245695899947,0.12907419325332206,0.9919870751498902,0.15550343138894845,0.01395245695899947,88.1974030539856,2.459998660168016e-05,4.277574407751672e-05,5.176910781301558e-05,2.1802031993865967,0.4936256408691406,5.176910781301558e-05,17.58964729309082,18.284835815429688,6.203215599060059,9.228513717651367,11.151463508605957,6.75738000869751,1005.0,-0.3744338945253982,-0.7623082023841851,-0.3638847412605822,-0.3718719859713382,-0.2052128222684936,0.5072000855731897,30.0,0.2592022213475714,,,,
gov_report:130,gov_report,disagreement_formal,64,32,physical_delete_low_aor_30,low_aor,30,21,22,0.02314877961894232,0.022968119498886337,0.9980892509366517,0.06255738114608099,1.007865690530944,0.02226963484617653,0.026598921413718418,0.831447425057515,0.555633614179267,0.8372382661610838,0.026598921413718418,106.19527354051749,0.0002097045763310721,0.0004222012357786298,0.000562563946004957,3.0002174377441406,0.2650863230228424,0.000562563946004957,15.773641586303711,16.945148468017578,4.938419342041016,8.494085311889648,11.547961235046387,7.524532318115234,1005.0,-0.3744338945253982,-0.7623082023841851,-0.3638847412605822,-0.3718719859713382,-0.2052128222684936,0.5072000855731897,30.0,0.2592022213475714,,,,
gov_report:130,gov_report,disagreement_formal,64,32,physical_delete_low_aor_30,low_aor,30,22,23,0.006788371632597902,0.007387683493093269,0.7836609594999694,0.6357348884735159,0.9188768900216606,0.006919290938180492,0.0286484632522078,0.29626834446855593,0.9566723646209159,0.24152398253498836,0.0286484632522078,129.3747751198871,5.3482534997789384e-05,0.0001334598782705143,0.00024222717911470681,1.8203107118606567,0.5213472843170166,0.00024222717911470681,17.52627182006836,18.99125099182129,5.520862579345703,8.666402816772461,11.363727569580078,11.977947235107422,1005.0,-0.3744338945253982,-0.7623082023841851,-0.3638847412605822,-0.3718719859713382,-0.2052128222684936,0.5072000855731897,30.0,0.2592022213475714,4.1538991092215166e-11,8.678326274041375e-10,4.154058195183077e-11,8.676108656198535e-10
gov_report:130,gov_report,disagreement_formal,64,32,physical_delete_low_aor_30,low_aor,30,23,24,0.008169667131283358,0.008745866774132438,0.937491618951591,0.348024207681267,0.9341174914128236,0.007829741623433997,0.030182574498842398,0.14795203363437107,0.9952555775587661,0.2594126496311404,0.030182574498842398,158.22172885968644,4.948588085760039e-05,0.00016436380974482745,0.00021851669589523226,1.9871686697006226,0.49343833327293396,0.00021851669589523226,16.69906234741211,17.52782440185547,5.380462646484375,9.956243515014648,14.116327285766602,17.169279098510742,1005.0,-0.3744338945253982,-0.7623082023841851,-0.3638847412605822,-0.3718719859713382,-0.2052128222684936,0.5072000855731897,30.0,0.2592022213475714,,,,
gov_report:130,gov_report,disagreement_formal,64,32,physical_delete_low_aor_30,low_aor,30,24,25,0.005801870687618441,0.00632263529871732,0.9122825145115817,0.40959646182494525,0.917634880632048,0.006212729264008418,0.03354617414243888,0.2053853102439755,0.9788893439949555,0.1851993386079984,0.03354617414243888,199.42504181596203,3.1153205271691956e-05,0.0001061955772456713,0.0002214907726738602,1.7881156206130981,0.5488283038139343,0.0002214907726738602,16.4902400970459,17.584714889526367,5.082776069641113,8.097392082214355,16.684419631958008,84.35228729248047,1005.0,-0.3744338945253982,-0.7623082023841851,-0.3638847412605822,-0.3718719859713382,-0.2052128222684936,0.5072000855731897,30.0,0.2592022213475714,,,,
gov_report:130,gov_report,disagreement_formal,64,32,physical_delete_low_aor_30,low_aor,30,25,26,0.030009141553061995,0.02973813836788311,0.9875787680921831,0.1585935032624019,1.009112984203193,0.02199518123278181,0.04405225018290932,0.5746189767418631,0.8218797641326345,0.4992975646296303,0.04405225018290932,220.68165882636143,9.966927632209e-05,0.0003639720380306244,0.0002459692186675966,1.7358900308609009,0.6218350529670715,0.0002459692186675966,15.553587913513184,16.895856857299805,7.378584861755371,9.866071701049805,22.028104782104492,69.64823913574219,1005.0,-0.3744338945253982,-0.7623082023841851,-0.3638847412605822,-0.3718719859713382,-0.2052128222684936,0.5072000855731897,30.0,0.2592022213475714,,,,
gov_report:130,gov_report,disagreement_formal,64,32,physical_delete_low_aor_30,low_aor,30,26,27,0.01396581061466056,0.012693040607849034,0.817003998906121,0.6424529757470696,1.1002730587676903,0.014773163299503483,0.049372168543236325,0.19798356322499677,0.9854194128697429,0.2992204664165458,0.049372168543236325,260.17047902514895,5.678262712532985e-05,0.00043584953527897596,0.0001369348174193874,2.633300304412842,0.4032542407512665,0.0001369348174193874,15.809442520141602,16.5146541595459,6.878902912139893,10.527913093566895,28.326496124267578,169.08694458007812,1005.0,-0.3744338945253982,-0.7623082023841851,-0.3638847412605822,-0.3718719859713382,-0.2052128222684936,0.5072000855731897,30.0,0.2592022213475714,1.1277724796670573e-10,1.6323075085760512e-09,1.1277760030441838e-10,1.6317095900839758e-09
gov_report:130,gov_report,disagreement_formal,64,32,physical_delete_low_aor_30,low_aor,30,27,28,0.03853015983688799,0.03694839201876115,0.8937182448694013,0.47275374983683266,1.0428101936702325,0.039653233782648296,0.059991485509914455,0.515520772399625,0.8691357887443361,0.6609810283176774,0.059991485509914455,269.5273052375916,0.0001471213973949448,0.0006115451687946916,0.0003924361080862582,3.2012269496917725,0.2136366218328476,0.0003924361080862582,16.55380630493164,15.784698486328125,4.553671836853027,10.567102432250977,28.14509391784668,158.363037109375,1005.0,-0.3744338945253982,-0.7623082023841851,-0.3638847412605822,-0.3718719859713382,-0.2052128222684936,0.5072000855731897,30.0,0.2592022213475714,,,,
gov_report:130,gov_report,disagreement_formal,64,32,physical_delete_median_v_ridge_18,median_v_ridge,18,0,1,0.0007370450836175081,0.0007389588677040675,0.9999233101372547,0.012636841376156005,0.9974101615526917,0.0012735512025921325,0.0012756113265325333,0.9999009563841412,0.01415540792502679,0.9983849908686522,0.0012756113265325333,21.469963862068383,5.931780839380698e-05,6.855500396341085e-05,0.0001269026834052056,1.2174159288406372,0.6843793392181396,0.0001269026834052056,779.73486328125,778.7626953125,1833.742431640625,3.1908457279205322,4.189390659332275,0.8261989951133728,1017.0,-0.378977322634683,-0.04126228656323684,-0.36396377946063607,-0.3704608442531192,0.21653283666406267,0.9030400374993242,18.0,0.5213817267174817,1.8403484949020417e-12,1.973127671737862e-12,1.8403609106202552e-12,1.9733067971571155e-12
gov_report:130,gov_report,disagreement_formal,64,32,physical_delete_median_v_ridge_18,median_v_ridge,18,1,2,0.02178348300207387,0.021746804184324127,0.9999566174906116,0.009473968591830011,1.0016866302486958,0.022470352493193672,0.022383571345595397,0.9984040126336899,0.056739590833460966,1.0038770018536542,0.022383571345595397,25.664256128861695,0.0008755505080828663,0.0011424286058172584,0.0022767637856304646,2.8062899112701416,0.25062480568885803,0.0022767637856304646,90.44036865234375,90.9344711303711,3934.689697265625,3.3038406372070312,4.054952621459961,0.6226597428321838,1017.0,-0.378977322634683,-0.04126228656323684,-0.36396377946063607,-0.3704608442531192,0.21653283666406267,0.9030400374993242,18.0,0.5213817267174817,,,,
gov_report:130,gov_report,disagreement_formal,64,32,physical_delete_median_v_ridge_18,median_v_ridge,18,2,3,0.005917681300399277,0.007909215635131374,0.6751586313288053,0.7412799591891955,0.7482007791156883,0.006152463502571731,0.023064896851175534,0.2835467870592253,0.9591055697718136,0.2667457627176929,0.023064896851175534,29.76513930574927,0.0002067003093576436,0.0002562156005296856,0.00034451670944690704,2.0922257900238037,0.4565971791744232,0.00034451670944690704,26.917285919189453,26.31880760192871,56.09834671020508,5.380096435546875,5.986464023590088,1.4918733835220337,1017.0,-0.378977322634683,-0.04126228656323684,-0.36396377946063607,-0.3704608442531192,0.21653283666406267,0.9030400374993242,18.0,0.5213817267174817,,,,
gov_report:130,gov_report,disagreement_formal,64,32,physical_delete_median_v_ridge_18,median_v_ridge,18,3,4,0.0002230783337119753,0.005188403757884157,0.057461740604744516,0.9984525119903334,0.04299556166441202,0.0002391432267482429,0.023771859313935197,-0.12133840257262643,1.0012704498336638,0.010059929414442385,0.023771859313935197,41.56833671657267,5.753014088073919e-06,4.060017545270966e-06,9.553015843266621e-06,0.9944429993629456,0.76738041639328,9.553015843266621e-06,21.19639015197754,20.71725845336914,8.17690372467041,6.975646018981934,6.390174388885498,1.3001468181610107,1017.0,-0.378977322634683,-0.04126228656323684,-0.36396377946063607,-0.3704608442531192,0.21653283666406267,0.9030400374993242,18.0,0.5213817267174817,,,,
gov_report:130,gov_report,disagreement_formal,64,32,physical_delete_median_v_ridge_18,median_v_ridge,18,4,5,0.0019497889837335669,0.006948179452896781,0.33359302698042304,0.944204412836494,0.2806186853623471,0.001781599065413435,0.02525703284801282,0.1556189884910341,0.9914743468716,0.07053873177163833,0.02525703284801282,41.195340502765426,4.324758683069598e-05,4.11593027820345e-05,5.448371302918531e-05,1.5346194505691528,0.6245962977409363,5.448371302918531e-05,17.724145889282227,17.671886444091797,4.831030368804932,7.107852935791016,7.285590171813965,2.67221736907959,1017.0,-0.378977322634683,-0.04126228656323684,-0.36396377946063607,-0.3704608442531192,0.21653283666406267,0.9030400374993242,18.0,0.5213817267174817,3.1687659600397566e-12,7.706134562418402e-09,3.1680770958414346e-12,7.70210591389593e-09
gov_report:130,gov_report,disagreement_formal,64,32,physical_delete_median_v_ridge_18,median_v_ridge,18,5,6,0.0043814268261764015,0.007721341813986408,0.5236544182292266,0.8530554214868354,0.5674437075483308,0.0035931587859600756,0.022508531400928084,0.08263726045659114,0.999549798271676,0.15963541654307667,0.022508531400928084,43.24790936990979,8.308283194054358e-05,8.390014409087598e-05,0.00015786185394972563,1.6196657419204712,0.5900495052337646,0.00015786185394972563,17.08676528930664,16.8780517578125,4.165049076080322,7.150364875793457,8.07693862915039,2.177886962890625,1017.0,-0.378977322634683,-0.04126228656323684,-0.36396377946063607,-0.3704608442531192,0.21653283666406267,0.9030400374993242,18.0,0.5213817267174817,,,,
gov_report:130,gov_report,disagreement_formal,64,32,physical_delete_median_v_ridge_18,median_v_ridge,18,6,7,0.015040421063214423,0.016057488868757606,0.9673501219280095,0.2552950713111132,0.9366608431831425,0.015887971789644885,0.02599253603413275,0.5498408342164018,0.8375239124840806,0.6112513134070949,0.02599253603413275,44.94239942330027,0.0003535185480419144,0.00034860719460994005,0.0006204816745594144,1.1933268308639526,0.6643238067626953,0.0006204816745594144,16.652057647705078,19.204689025878906,6.202404499053955,6.024370193481445,6.933459281921387,1.9290196895599365,1017.0,-0.378977322634683,-0.04126228656323684,-0.36396377946063607,-0.3704608442531192,0.21653283666406267,0.9030400374993242,18.0,0.5213817267174817,,,,
gov_report:130,gov_report,disagreement_formal,64,32,physical_delete_median_v_ridge_18,median_v_ridge,18,7,8,0.002641646771182654,0.009179382687715277,0.28552506734039423,0.9583738949999853,0.2877804380808697,0.003411747711724381,0.027022294124438986,-0.03999687112869986,1.0129365849752936,0.12625677509145286,0.027022294124438986,52.78092143562379,6.46397906464298e-05,7.330771768465638e-05,0.00010358489817008376,2.2703404426574707,0.3998625576496124,0.00010358489817008376,33.94053649902344,33.8061637878418,195.13446044921875,5.491649627685547,6.677889347076416,2.5451812744140625,1017.0,-0.378977322634683,-0.04126228656323684,-0.36396377946063607,-0.3704608442531192,0.21653283666406267,0.9030400374993242,18.0,0.5213817267174817,7.887941921756442e-12,6.2315178266862835e-09,7.888188194666188e-12,6.2285051732236765e-09
gov_report:130,gov_report,disagreement_formal,64,32,physical_delete_median_v_ridge_18,median_v_ridge,18,8,9,0.00016911214519936367,0.004862500447789703,0.1005973768559558,0.9971019240873612,0.03477884413897283,0.00018736994113734696,0.02606835701617742,-0.07814705330752048,1.0005873513996304,0.007187639060684549,0.02606835701617742,52.96624802877129,3.537534715231623e-06,3.319671122881118e-06,3.321785015941714e-06,1.5567489862442017,0.596839964389801,3.321785015941714e-06,19.867202758789062,19.38934898376465,6.6342549324035645,7.749255657196045,8.016640663146973,1.976571798324585,1017.0,-0.378977322634683,-0.04126228656323684,-0.36396377946063607,-0.3704608442531192,0.21653283666406267,0.9030400374993242,18.0,0.5213817267174817,,,,
gov_report:130,gov_report,disagreement_formal,64,32,physical_delete_median_v_ridge_18,median_v_ridge,18,9,10,0.0008904998633676452,0.003671503546465465,0.293157193996911,0.9574030450433553,0.24254364788096805,0.0008319378596859454,0.02761363864839641,0.030171604671133757,0.9995447344623664,0.03012778831065996,0.02761363864839641,51.46986398919358,1.6163591570022722e-05,1.9263305148342624e-05,3.198515696567483e-05,1.8986908197402954,0.5455113053321838,3.198515696567483e-05,19.58641815185547,19.090545654296875,5.524270534515381,7.9552717208862305,7.6100969314575195,1.6230275630950928,1017.0,-0.378977322634683,-0.04126228656323684,-0.36396377946063607,-0.3704608442531192,0.21653283666406267,0.9030400374993242,18.0,0.5213817267174817,,,,
gov_report:130,gov_report,disagreement_formal,64,32,physical_delete_median_v_ridge_18,median_v_ridge,18,10,11,0.0002232706611337749,0.007907387825971345,0.27751715773864716,0.9925348711242221,0.02823570388193882,0.0002775106849561761,0.025916684244271154,0.10026556015247055,0.9989831879256984,0.010707800517248631,0.025916684244271154,49.71031069973352,5.582557844637727e-06,2.913603339038673e-06,5.523566414922243e-06,1.9682625532150269,0.5169860124588013,5.523566414922243e-06,19.81529998779297,18.817415237426758,6.94002628326416,10.26175308227539,8.362430572509766,2.813798189163208,1017.0,-0.378977322634683,-0.04126228656323684,-0.36396377946063607,-0.3704608442531192,0.21653283666406267,0.9030400374993242,18.0,0.5213817267174817,9.383872962541466e-14,6.156913870619343e-09,9.276400253394328e-14,6.1539569999905424e-09
gov_report:130,gov_report,disagreement_formal,64,32,physical_delete_median_v_ridge_18,median_v_ridge,18,11,12,0.00022720603916018335,0.00849408044475645,-0.01007510260956053,1.0006270476409211,0.026748750572575725,0.0002246266018590759,0.025525005884791032,0.07947573539441834,0.9993390969957909,0.008800256613962967,0.025525005884791032,54.0764844590008,4.153868434797776e-06,4.665490905608749e-06,6.775983820261899e-06,2.5323941707611084,0.32370302081108093,6.775983820261899e-06,19.230318069458008,19.277196884155273,6.2491278648376465,8.946123123168945,7.8775200843811035,1.2752714157104492,1017.0,-0.378977322634683,-0.04126228656323684,-0.36396377946063607,-0.3704608442531192,0.21653283666406267,0.9030400374993242,18.0,0.5213817267174817,,,,
gov_report:130,gov_report,disagreement_formal,64,32,physical_delete_median_v_ridge_18,median_v_ridge,18,12,13,0.0026571737847733983,0.005310764808726798,0.461985984814497,0.8877160436028637,0.5003373111923646,0.0020507359509647984,0.025112894679140213,0.08119658468487158,0.9966982141130194,0.08166067580684845,0.025112894679140213,58.47958159650706,3.506755511888422e-05,3.1711981137050316e-05,0.00010313582606613636,2.173368215560913,0.44042086601257324,0.00010313582606613636,17.37172508239746,17.72834587097168,4.669406414031982,9.316232681274414,8.850532531738281,1.6460896730422974,1017.0,-0.378977322634683,-0.04126228656323684,-0.36396377946063607,-0.3704608442531192,0.21653283666406267,0.9030400374993242,18.0,0.5213817267174817,,,,
gov_report:130,gov_report,disagreement_formal,64,32,physical_delete_median_v_ridge_18,median_v_ridge,18,13,14,2.8007180633728896e-05,0.0031061187433879117,0.1161056909830288,0.9989932452117978,0.009016777189651434,2.9461965876213772e-05,0.023741478216772943,0.02976825776290347,0.9999638284306436,0.0012409490937004674,0.023741478216772943,60.09120120582875,4.902875177232438e-07,4.0591112338006496e-07,6.133200827207475e-07,2.170295476913452,0.3842003643512726,6.133200827207475e-07,20.474166870117188,18.99193572998047,3.4046876430511475,8.967792510986328,8.039009094238281,2.329005002975464,1017.0,-0.378977322634683,-0.04126228656323684,-0.36396377946063607,-0.3704608442531192,0.21653283666406267,0.9030400374993242,18.0,0.5213817267174817,,,,
gov_report:130,gov_report,disagreement_formal,64,32,physical_delete_median_v_ridge_18,median_v_ridge,18,14,15,5.831001758714296e-06,0.004966539819591665,0.16602475370360292,0.9998057477832373,0.0011740571847853832,8.926388884271762e-06,0.02254374678672785,-0.005700161175014313,1.0000023354163035,0.00039595853203634203,0.02254374678672785,60.65540667049136,1.471655928838149e-07,2.778668850567101e-08,3.6413446480310085e-08,1.7799581289291382,0.46169421076774597,3.6413446480310085e-08,21.86777114868164,19.257566452026367,9.881089210510254,10.835468292236328,9.510135650634766,2.584747076034546,1017.0,-0.378977322634683,-0.04126228656323684,-0.36396377946063607,-0.3704608442531192,0.21653283666406267,0.9030400374993242,18.0,0.5213817267174817,4.895605725739751e-15,6.044018436902807e-09,4.158962905117585e-15,6.041123747539601e-09
gov_report:130,gov_report,disagreement_formal,64,32,physical_delete_median_v_ridge_18,median_v_ridge,18,15,16,2.2481870133861577e-05,0.004244137294757891,0.10817134050749168,0.9994408728436429,0.00529715901547998,2.430482484968263e-05,0.02172475694800028,0.06718641715655951,0.9999254574488443,0.0011187616463492743,0.02172475694800028,62.46905750595516,3.8906981824346644e-07,2.2374109676093212e-07,5.597107701760251e-07,2.411240339279175,0.3845132291316986,5.597107701760251e-07,57.341182708740234,55.540035247802734,1415.7886962890625,8.790249824523926,7.764710903167725,2.0429117679595947,1017.0,-0.378977322634683,-0.04126228656323684,-0.36396377946063607,-0.3704608442531192,0.21653283666406267,0.9030400374993242,18.0,0.5213817267174817,,,,
gov_report:130,gov_report,disagreement_formal,64,32,physical_delete_median_v_ridge_18,median_v_ridge,18,16,17,0.00023350833291117896,0.003138857017967297,-0.05621165836318706,1.0069249085990557,0.07439279061599226,0.0002352026134931575,0.021694662351669752,-0.010026317908758225,1.0001674553003082,0.010841496847497831,0.021694662351669752,68.64621993877991,3.426301021424282e-06,1.8429610690873233e-06,6.093289812270086e-06,2.6836535930633545,0.28933677077293396,6.093289812270086e-06,20.869163513183594,18.181438446044922,7.473870277404785,10.865382194519043,8.729783058166504,3.4102656841278076,1017.0,-0.378977322634683,-0.04126228656323684,-0.36396377946063607,-0.3704608442531192,0.21653283666406267,0.9030400374993242,18.0,0.5213817267174817,,,,
gov_report:130,gov_report,disagreement_formal,64,32,physical_delete_median_v_ridge_18,median_v_ridge,18,17,18,0.021035987408849738,0.021070641694390057,0.986609762876075,0.16352105096162126,0.9983553284212723,0.017949848260701708,0.028542903785614533,0.6463094275964042,0.763274635385241,0.6288725350273693,0.028542903785614533,69.10889112102677,0.0002597328356675132,0.00012925482587888837,0.0003764479770325124,2.3911991119384766,0.39145466685295105,0.0003764479770325124,17.464542388916016,16.210243225097656,7.178878307342529,11.21157455444336,9.507762908935547,4.206262111663818,1017.0,-0.378977322634683,-0.04126228656323684,-0.36396377946063607,-0.3704608442531192,0.21653283666406267,0.9030400374993242,18.0,0.5213817267174817,,,,
gov_report:130,gov_report,disagreement_formal,64,32,physical_delete_median_v_ridge_18,median_v_ridge,18,18,19,0.0002260371078275933,0.0049939476640875535,0.15587494266158053,0.9939507929874396,0.04526220998531282,0.00020897015620413836,0.02844065727041987,-0.10218689785460496,1.0007775181896814,0.007347585332406536,0.02844065727041987,71.51283428397404,2.9221350027091344e-06,1.5068854963828926e-06,3.3488486224086955e-06,2.387955904006958,0.3747943639755249,3.3488486224086955e-06,23.026330947875977,21.790225982666016,7.016385078430176,11.225141525268555,9.353311538696289,3.4117751121520996,1017.0,-0.378977322634683,-0.04126228656323684,-0.36396377946063607,-0.3704608442531192,0.21653283666406267,0.9030400374993242,18.0,0.5213817267174817,2.0636738333500725e-13,1.8244645614070245e-08,2.0587118152749346e-13,1.8229923143373578e-08
gov_report:130,gov_report,disagreement_formal,64,32,physical_delete_median_v_ridge_18,median_v_ridge,18,19,20,0.0017034842059180275,0.005830414491280015,0.2549513033552031,0.9676699941394016,0.29217205885889647,0.0015111421686062874,0.029313724059560637,0.04256897402098972,0.9991339016098014,0.05155067181283062,0.029313724059560637,79.8984552995625,1.8913283904433156e-05,1.1646920938801486e-05,2.794155625451822e-05,1.584572196006775,0.508945882320404,2.794155625451822e-05,16.930191040039062,18.311506271362305,4.329520225524902,11.656181335449219,10.131834030151367,3.4603898525238037,1017.0,-0.378977322634683,-0.04126228656323684,-0.36396377946063607,-0.3704608442531192,0.21653283666406267,0.9030400374993242,18.0,0.5213817267174817,,,,
gov_report:130,gov_report,disagreement_formal,64,32,physical_delete_median_v_ridge_18,median_v_ridge,18,20,21,1.7292418799247953e-05,0.009278121181442948,0.5163391518555157,0.9990389300911482,0.001863784537955195,1.6659194782398602e-05,0.03153802280217277,0.08294775094031344,0.9999563234219725,0.0005282257193767673,0.03153802280217277,88.1974030539856,1.888853209453516e-07,1.2264253257399105e-07,1.479510274293716e-07,2.1802031993865967,0.4936256408691406,1.479510274293716e-07,18.841033935546875,18.284835815429688,6.203215599060059,11.248067855834961,11.151463508605957,6.75738000869751,1017.0,-0.378977322634683,-0.04126228656323684,-0.36396377946063607,-0.3704608442531192,0.21653283666406267,0.9030400374993242,18.0,0.5213817267174817,,,,
gov_report:130,gov_report,disagreement_formal,64,32,physical_delete_median_v_ridge_18,median_v_ridge,18,21,22,0.00024890650417689237,0.0068754705909898975,0.12745700271465005,0.9960332167775734,0.03620210440621723,0.0002478524628819244,0.03555093576804914,0.0009264112047753189,1.000017843821019,0.006971756369481505,0.03555093576804914,106.19527354051749,2.333931206339041e-06,2.6224852263112552e-06,4.256178272044053e-06,3.0002174377441406,0.2650863230228424,4.256178272044053e-06,19.032958984375,16.945148468017578,4.938419342041016,12.444051742553711,11.547961235046387,7.524532318115234,1017.0,-0.378977322634683,-0.04126228656323684,-0.36396377946063607,-0.3704608442531192,0.21653283666406267,0.9030400374993242,18.0,0.5213817267174817,,,,
gov_report:130,gov_report,disagreement_formal,64,32,physical_delete_median_v_ridge_18,median_v_ridge,18,22,23,0.0002507482975147449,0.006876808388019166,-0.018577734335420065,1.0013412694728498,0.03646288850385896,0.00024889981437717514,0.04070443046342409,0.008848265042214047,0.9999645893671081,0.006114808917442779,0.04070443046342409,129.3747751198871,1.9238666436059764e-06,2.3991156012925785e-06,5.935677563684294e-06,1.8203107118606567,0.5213472843170166,5.935677563684294e-06,19.854877471923828,18.99125099182129,5.520862579345703,8.901174545288086,11.363727569580078,11.977947235107422,1017.0,-0.378977322634683,-0.04126228656323684,-0.36396377946063607,-0.3704608442531192,0.21653283666406267,0.9030400374993242,18.0,0.5213817267174817,6.13175015185216e-14,1.6202033877076374e-08,6.246296253779253e-14,1.6189621861092714e-08
gov_report:130,gov_report,disagreement_formal,64,32,physical_delete_median_v_ridge_18,median_v_ridge,18,23,24,0.0009156181938191108,0.004281512360345107,-0.053793118385161647,1.0337994179599883,0.2138539181387084,0.0008737399212391054,0.04740444954165379,-0.02835744775973159,1.0006922955050457,0.018431601456976296,0.04740444954165379,158.22172885968644,5.5222498675510745e-06,1.2399253137118649e-05,1.7693631889414974e-05,1.9871686697006226,0.49343833327293396,1.7693631889414974e-05,17.128698348999023,17.52782440185547,5.380462646484375,12.391057968139648,14.116327285766602,17.169279098510742,1017.0,-0.378977322634683,-0.04126228656323684,-0.36396377946063607,-0.3704608442531192,0.21653283666406267,0.9030400374993242,18.0,0.5213817267174817,,,,
gov_report:130,gov_report,disagreement_formal,64,32,physical_delete_median_v_ridge_18,median_v_ridge,18,24,25,0.00270907290680303,0.005416132368852687,0.462427001453601,0.8874609855317647,0.5001858747733856,0.0028840734891288342,0.05351937124381652,0.0710186471380802,0.9976220712249854,0.053888403807846534,0.05351937124381652,199.42504181596203,1.4461942506650599e-05,1.9971235815319233e-05,4.6344583097379655e-05,1.7881156206130981,0.5488283038139343,4.6344583097379655e-05,18.478179931640625,17.584714889526367,5.082776069641113,13.36833381652832,16.684419631958008,84.35228729248047,1017.0,-0.378977322634683,-0.04126228656323684,-0.36396377946063607,-0.3704608442531192,0.21653283666406267,0.9030400374993242,18.0,0.5213817267174817,,,,
gov_report:130,gov_report,disagreement_formal,64,32,physical_delete_median_v_ridge_18,median_v_ridge,18,25,26,0.03505051091003909,0.03548007913186262,0.9414255605515739,0.34040726829534884,0.987892692678981,0.035904694795378285,0.07139284575006011,0.5094204443176787,0.8605423303008568,0.5029172659831683,0.07139284575006011,220.68165882636143,0.0001626990434380825,0.0003132863494101912,0.0004545152187347412,1.7358900308609009,0.6218350529670715,0.0004545152187347412,15.62646484375,16.895856857299805,7.378584861755371,14.999245643615723,22.028104782104492,69.64823913574219,1017.0,-0.378977322634683,-0.04126228656323684,-0.36396377946063607,-0.3704608442531192,0.21653283666406267,0.9030400374993242,18.0,0.5213817267174817,,,,
gov_report:130,gov_report,disagreement_formal,64,32,physical_delete_median_v_ridge_18,median_v_ridge,18,26,27,0.0013207299303541983,0.011220362895655181,-0.03904972513471294,1.0114584518824972,0.11770830788954424,0.0014579608688322727,0.07871281399946191,-0.042171033207070975,1.0009522032572393,0.01852253521062326,0.07871281399946191,260.17047902514895,5.603867411457321e-06,1.4933990314602852e-05,2.140686228813138e-05,2.633300304412842,0.4032542407512665,2.140686228813138e-05,16.348405838012695,16.5146541595459,6.878902912139893,15.558337211608887,28.326496124267578,169.08694458007812,1017.0,-0.378977322634683,-0.04126228656323684,-0.36396377946063607,-0.3704608442531192,0.21653283666406267,0.9030400374993242,18.0,0.5213817267174817,1.5372413290340742e-12,1.8914557113539806e-08,1.5369541886394785e-12,1.889889520411997e-08
gov_report:130,gov_report,disagreement_formal,64,32,physical_delete_median_v_ridge_18,median_v_ridge,18,27,28,0.0034014665023384925,0.021396851530231593,0.5509504616860952,0.9220097292468694,0.15897042130392705,0.0029200728563245843,0.09744396248739827,0.12385715363583547,0.9967320728074985,0.02996668835898598,0.09744396248739827,269.5273052375916,1.0834052059217172e-05,3.393377483007498e-05,2.2359463400789537e-05,3.2012269496917725,0.2136366218328476,2.2359463400789537e-05,13.198722839355469,15.784698486328125,4.553671836853027,14.93893814086914,28.14509391784668,158.363037109375,1017.0,-0.378977322634683,-0.04126228656323684,-0.36396377946063607,-0.3704608442531192,0.21653283666406267,0.9030400374993242,18.0,0.5213817267174817,,,,
gov_report:130,gov_report,disagreement_formal,64,32,physical_delete_low_age_4,low_age,4,0,1,0.001654723471561322,0.0016562124492422612,0.9999850413072179,0.005540644042885209,0.9991009742248825,0.002568633521380376,0.002571202917887777,0.9999763072820458,0.006952458496661928,0.9990007025546191,0.002571202917887777,21.469963862068383,0.0001196384650613435,0.00019573334429878742,0.0004088124551344663,1.2174159288406372,0.6843793392181396,0.0004088124551344663,778.8583984375,778.7626953125,1833.742431640625,3.5669851303100586,4.189390659332275,0.8261989951133728,1031.0,-0.34435291928629763,-0.11776621870396645,-0.3285467108237103,-0.3312355801088308,0.22107438044637007,0.6992030842726406,4.0,0.14948156064880025,1.151372548505007e-11,1.2411433853341808e-11,1.1512590512630499e-11,1.2412789069138715e-11
gov_report:130,gov_report,disagreement_formal,64,32,physical_delete_low_age_4,low_age,4,1,2,0.021117461116394384,0.021085078582288454,0.9997963212388585,0.020256895991909867,1.0015358033397672,0.020440336501648212,0.020588507807987665,0.9918937667269219,0.12707313879433998,0.9928032032373921,0.020588507807987665,25.664256128861695,0.0007964515472030873,0.0006757366354577243,0.0015125746140256524,2.8062899112701416,0.25062480568885803,0.0015125746140256524,91.52398681640625,90.9344711303711,3934.689697265625,4.77968692779541,4.054952621459961,0.6226597428321838,1031.0,-0.34435291928629763,-0.11776621870396645,-0.3285467108237103,-0.3312355801088308,0.22107438044637007,0.6992030842726406,4.0,0.14948156064880025,,,,
gov_report:130,gov_report,disagreement_formal,64,32,physical_delete_low_age_4,low_age,4,2,3,0.002586548128497769,0.006923322724744906,0.442457456318615,0.8994291817034122,0.3735992429261012,0.002663044947367218,0.020015792351431003,0.23479080893559823,0.9773561478992173,0.13304719096852677,0.020015792351431003,29.76513930574927,8.946858672530516e-05,8.640824671601877e-05,0.00011593150702537969,2.0922257900238037,0.4565971791744232,0.00011593150702537969,27.662723541259766,26.31880760192871,56.09834671020508,6.647296905517578,5.986464023590088,1.4918733835220337,1031.0,-0.34435291928629763,-0.11776621870396645,-0.3285467108237103,-0.3312355801088308,0.22107438044637007,0.6992030842726406,4.0,0.14948156064880025,,,,
gov_report:130,gov_report,disagreement_formal,64,32,physical_delete_low_age_4,low_age,4,3,4,0.0004467929860549779,0.0047314696680081465,-0.0013094974583233786,1.004571724141907,0.09443006452645585,0.0005159942103896084,0.01910031996678625,-0.058324632345042364,1.0019386616798405,0.027014951125786175,0.01910031996678625,41.56833671657267,1.2413155087436763e-05,1.0436308912176173e-05,1.178004367829999e-05,0.9944429993629456,0.76738041639328,1.178004367829999e-05,20.383953094482422,20.71725845336914,8.17690372467041,7.322013854980469,6.390174388885498,1.3001468181610107,1031.0,-0.34435291928629763,-0.11776621870396645,-0.3285467108237103,-0.3312355801088308,0.22107438044637007,0.6992030842726406,4.0,0.14948156064880025,,,,
gov_report:130,gov_report,disagreement_formal,64,32,physical_delete_low_age_4,low_age,4,4,5,0.001058335524726854,0.00595440626327421,0.25219615446840393,0.9705363644541697,0.17773989175956836,0.0010163113638023797,0.019483912187140875,0.14115638431667896,0.9939793523630499,0.052161565605552865,0.019483912187140875,41.195340502765426,2.467054165347062e-05,2.873296216421295e-05,2.4209033654187806e-05,1.5346194505691528,0.6245962977409363,2.4209033654187806e-05,18.461536407470703,17.671886444091797,4.831030368804932,7.620412826538086,7.285590171813965,2.67221736907959,1031.0,-0.34435291928629763,-0.11776621870396645,-0.3285467108237103,-0.3312355801088308,0.22107438044637007,0.6992030842726406,4.0,0.14948156064880025,2.222776870362975e-12,5.603080774963731e-10,2.2220312161092296e-12,5.60381112734862e-10
gov_report:130,gov_report,disagreement_formal,64,32,physical_delete_low_age_4,low_age,4,5,6,0.0025027427081821445,0.00428437292875761,0.45197285074797927,0.9017721227764743,0.5841561296831119,0.001892472662738476,0.016696897660388982,0.015694276359497265,1.0046337234874683,0.1133427718867858,0.016696897660388982,43.24790936990979,4.3758708578296844e-05,2.23426177399233e-05,4.770817395183258e-05,1.6196657419204712,0.5900495052337646,4.770817395183258e-05,17.817508697509766,16.8780517578125,4.165049076080322,8.273088455200195,8.07693862915039,2.177886962890625,1031.0,-0.34435291928629763,-0.11776621870396645,-0.3285467108237103,-0.3312355801088308,0.22107438044637007,0.6992030842726406,4.0,0.14948156064880025,,,,
gov_report:130,gov_report,disagreement_formal,64,32,physical_delete_low_age_4,low_age,4,6,7,0.0002030852579879598,0.003665293797430422,0.031808864184234203,0.9997725231800886,0.0554076342066587,0.00025587074085313877,0.017320658670235828,0.2125946242058032,0.9969639354790417,0.01477257566958653,0.017320658670235828,44.94239942330027,5.693303965441668e-06,3.97225721826544e-06,7.127851858967915e-06,1.1933268308639526,0.6643238067626953,7.127851858967915e-06,19.886260986328125,19.204689025878906,6.202404499053955,6.787395477294922,6.933459281921387,1.9290196895599365,1031.0,-0.34435291928629763,-0.11776621870396645,-0.3285467108237103,-0.3312355801088308,0.22107438044637007,0.6992030842726406,4.0,0.14948156064880025,,,,
gov_report:130,gov_report,disagreement_formal,64,32,physical_delete_low_age_4,low_age,4,7,8,0.002283512954076416,0.006303894297505376,0.5263761659675303,0.8659499517012927,0.3622384586905375,0.0030836697404974986,0.019558956032974518,0.30782823071518817,0.9632197076595668,0.15766024195252182,0.019558956032974518,52.78092143562379,5.842394669556141e-05,6.681821105303243e-05,7.723311864538118e-05,2.2703404426574707,0.3998625576496124,7.723311864538118e-05,33.97175979614258,33.8061637878418,195.13446044921875,6.296531677246094,6.677889347076416,2.5451812744140625,1031.0,-0.34435291928629763,-0.11776621870396645,-0.3285467108237103,-0.3312355801088308,0.22107438044637007,0.6992030842726406,4.0,0.14948156064880025,4.1482592759924824e-11,3.646794763420181e-10,4.1481653352428894e-11,3.646991283490264e-10
gov_report:130,gov_report,disagreement_formal,64,32,physical_delete_low_age_4,low_age,4,8,9,0.0003094856623361958,0.008882276344696897,0.4388502406124897,0.9852067146545413,0.03484305715403373,0.00031778259480292687,0.019426688573243776,0.22770974440113062,0.9964024358942245,0.016358042370669713,0.019426688573243776,52.96624802877129,5.999718813956904e-06,7.713061677350197e-06,7.350090072577586e-06,1.5567489862442017,0.596839964389801,7.350090072577586e-06,18.519786834716797,19.38934898376465,6.6342549324035645,8.406990051269531,8.016640663146973,1.976571798324585,1031.0,-0.34435291928629763,-0.11776621870396645,-0.3285467108237103,-0.3312355801088308,0.22107438044637007,0.6992030842726406,4.0,0.14948156064880025,,,,
gov_report:130,gov_report,disagreement_formal,64,32,physical_delete_low_age_4,low_age,4,9,10,0.0002121382326113898,0.004811867132324661,0.02842609949178059,0.9997185624215726,0.04408646930134659,0.00021169267486081315,0.019402433733893804,0.06879354014720378,0.9993087014141386,0.010910624809454216,0.019402433733893804,51.46986398919358,4.112944127951443e-06,5.8426753639651e-06,7.4982463047490455e-06,1.8986908197402954,0.5455113053321838,7.4982463047490455e-06,19.433338165283203,19.090545654296875,5.524270534515381,7.323515892028809,7.6100969314575195,1.6230275630950928,1031.0,-0.34435291928629763,-0.11776621870396645,-0.3285467108237103,-0.3312355801088308,0.22107438044637007,0.6992030842726406,4.0,0.14948156064880025,,,,
gov_report:130,gov_report,disagreement_formal,64,32,physical_delete_low_age_4,low_age,4,10,11,0.0009257245117519491,0.007592097913075265,0.10154364284971935,0.9950399990155457,0.12193263605803183,0.0009496920516563008,0.018197750374553994,0.08273246229552397,0.997039790895865,0.05218733261580838,0.018197750374553994,49.71031069973352,1.910452858347135e-05,1.5183679352048784e-05,2.404511542408727e-05,1.9682625532150269,0.5169860124588013,2.404511542408727e-05,18.977916717529297,18.817415237426758,6.94002628326416,8.479736328125,8.362430572509766,2.813798189163208,1031.0,-0.34435291928629763,-0.11776621870396645,-0.3285467108237103,-0.3312355801088308,0.22107438044637007,0.6992030842726406,4.0,0.14948156064880025,7.810656998334273e-13,3.835734748384628e-10,7.831103604226473e-13,3.8359824733997126e-10
gov_report:130,gov_report,disagreement_formal,64,32,physical_delete_low_age_4,low_age,4,11,12,0.0001359076907763614,0.004431383658448012,-0.017357517721247866,1.001002146524518,0.030669357756299503,0.00014443438593289765,0.017611379584237828,0.07971388646109873,0.9993796881665981,0.008201196575319194,0.017611379584237828,54.0764844590008,2.670927804902028e-06,3.4091146972059505e-06,4.2938877413689625e-06,2.5323941707611084,0.32370302081108093,4.2938877413689625e-06,19.391769409179688,19.277196884155273,6.2491278648376465,9.032400131225586,7.8775200843811035,1.2752714157104492,1031.0,-0.34435291928629763,-0.11776621870396645,-0.3285467108237103,-0.3312355801088308,0.22107438044637007,0.6992030842726406,4.0,0.14948156064880025,,,,
gov_report:130,gov_report,disagreement_formal,64,32,physical_delete_low_age_4,low_age,4,12,13,0.004895707156491935,0.006382080596995316,0.7676389798731054,0.6408827387791886,0.7671020574069268,0.003759573999460271,0.01726935937891473,0.21595219047000622,0.9764055065643507,0.21770199559634945,0.01726935937891473,58.47958159650706,6.428866104754805e-05,7.002631173236296e-05,0.0002307807735633105,2.173368215560913,0.44042086601257324,0.0002307807735633105,17.10036849975586,17.72834587097168,4.669406414031982,8.046975135803223,8.850532531738281,1.6460896730422974,1031.0,-0.34435291928629763,-0.11776621870396645,-0.3285467108237103,-0.3312355801088308,0.22107438044637007,0.6992030842726406,4.0,0.14948156064880025,,,,
gov_report:130,gov_report,disagreement_formal,64,32,physical_delete_low_age_4,low_age,4,13,14,3.468590671100984e-05,0.002649564587529365,0.24487546900944987,0.9968750999236354,0.013091172366306929,3.386926177930142e-05,0.01687372982731358,0.08007332348268757,0.9998412772144776,0.002007218447013244,0.01687372982731358,60.09120120582875,5.636309659261089e-07,8.070824719652592e-07,9.69738380263152e-07,2.170295476913452,0.3842003643512726,9.69738380263152e-07,17.802715301513672,18.99193572998047,3.4046876430511475,7.5177483558654785,8.039009094238281,2.329005002975464,1031.0,-0.34435291928629763,-0.11776621870396645,-0.3285467108237103,-0.3312355801088308,0.22107438044637007,0.6992030842726406,4.0,0.14948156064880025,,,,
gov_report:130,gov_report,disagreement_formal,64,32,physical_delete_low_age_4,low_age,4,14,15,5.485448956049377e-06,0.0031800373288373906,-0.007638088539997447,1.0000146630678468,0.0017249636997358254,8.394980535651132e-06,0.01630355071675128,0.0021206507933829418,0.9999990406096503,0.0005149173135043281,0.01630355071675128,60.65540667049136,1.3840448851091886e-07,6.9619900955331104e-09,7.379219457703812e-09,1.7799581289291382,0.46169421076774597,7.379219457703812e-09,19.743364334106445,19.257566452026367,9.881089210510254,9.230497360229492,9.510135650634766,2.584747076034546,1031.0,-0.34435291928629763,-0.11776621870396645,-0.3285467108237103,-0.3312355801088308,0.22107438044637007,0.6992030842726406,4.0,0.14948156064880025,3.274857148192959e-14,4.067753984284589e-10,3.3724867175566657e-14,4.0675700439178914e-10
gov_report:130,gov_report,disagreement_formal,64,32,physical_delete_low_age_4,low_age,4,15,16,6.544063607537503e-06,0.0035155384888050467,0.09047654861989742,0.999833299406561,0.0018614683435771088,8.614824329203566e-06,0.01503826580332332,-0.023870971687713214,1.0000138387188715,0.000572860224833888,0.01503826580332332,62.46905750595516,1.3790546349098217e-07,7.860459305675249e-08,9.684695356781958e-08,2.411240339279175,0.3845132291316986,9.684695356781958e-08,56.32140350341797,55.540035247802734,1415.7886962890625,8.617984771728516,7.764710903167725,2.0429117679595947,1031.0,-0.34435291928629763,-0.11776621870396645,-0.3285467108237103,-0.3312355801088308,0.22107438044637007,0.6992030842726406,4.0,0.14948156064880025,,,,
gov_report:130,gov_report,disagreement_formal,64,32,physical_delete_low_age_4,low_age,4,16,17,0.00034096311345437703,0.002824115687230403,0.1809975455782663,0.9853282397488143,0.12073270050376653,0.00031265627613622974,0.014994752349339648,0.006980981594611992,1.0000718197170126,0.020851046342889337,0.014994752349339648,68.64621993877991,4.554602954322364e-06,3.0720002541784197e-06,1.0110335097124334e-05,2.6836535930633545,0.28933677077293396,1.0110335097124334e-05,16.567398071289062,18.181438446044922,7.473870277404785,8.453682899475098,8.729783058166504,3.4102656841278076,1031.0,-0.34435291928629763,-0.11776621870396645,-0.3285467108237103,-0.3312355801088308,0.22107438044637007,0.6992030842726406,4.0,0.14948156064880025,,,,
gov_report:130,gov_report,disagreement_formal,64,32,physical_delete_low_age_4,low_age,4,17,18,0.016375481567685028,0.01656317185956179,0.9894296582290518,0.14501562402570328,0.9886682156371872,0.016119780510802775,0.021702988119045682,0.7415815048250002,0.6708637900823234,0.7427447512011811,0.021702988119045682,69.10889112102677,0.00023325190506346064,0.00016040830814745277,0.00028306551394052804,2.3911991119384766,0.39145466685295105,0.00028306551394052804,16.770767211914062,16.210243225097656,7.178878307342529,10.072800636291504,9.507762908935547,4.206262111663818,1031.0,-0.34435291928629763,-0.11776621870396645,-0.3285467108237103,-0.3312355801088308,0.22107438044637007,0.6992030842726406,4.0,0.14948156064880025,,,,
gov_report:130,gov_report,disagreement_formal,64,32,physical_delete_low_age_4,low_age,4,18,19,0.0005076775909031598,0.00393147647208722,0.1776327904919029,0.985291308976666,0.12913153480825335,0.00047940804537524866,0.021156290575026288,0.02992050497321045,0.9995786481576451,0.02266030728189944,0.021156290575026288,71.51283428397404,6.703804291570129e-06,4.704029834101675e-06,1.2617939319170546e-05,2.387955904006958,0.3747943639755249,1.2617939319170546e-05,23.026649475097656,21.790225982666016,7.016385078430176,10.128425598144531,9.353311538696289,3.4117751121520996,1031.0,-0.34435291928629763,-0.11776621870396645,-0.3285467108237103,-0.3312355801088308,0.22107438044637007,0.6992030842726406,4.0,0.14948156064880025,1.1899867467820202e-12,7.126978366159354e-09,1.1921393161301526e-12,7.1224959690765775e-09
gov_report:130,gov_report,disagreement_formal,64,32,physical_delete_low_age_4,low_age,4,19,20,0.0006764605818050711,0.00452448293692908,0.12842041939202364,0.9919440579954242,0.1495111355783359,0.0006293273959945324,0.02103400006661157,0.08379678410200556,0.997938303445573,0.029919529999122632,0.02103400006661157,79.8984552995625,7.876590274930865e-06,9.17191482585622e-06,1.1589999303396326e-05,1.584572196006775,0.508945882320404,1.1589999303396326e-05,16.919845581054688,18.311506271362305,4.329520225524902,10.80630111694336,10.131834030151367,3.4603898525238037,1031.0,-0.34435291928629763,-0.11776621870396645,-0.3285467108237103,-0.3312355801088308,0.22107438044637007,0.6992030842726406,4.0,0.14948156064880025,,,,
gov_report:130,gov_report,disagreement_formal,64,32,physical_delete_low_age_4,low_age,4,20,21,0.0001601221236061218,0.004877240484163753,0.25384469831546747,0.9921744583891269,0.03283047537353003,0.0001472457305826742,0.0218284136632376,0.06640904830137397,0.9995746922855706,0.006745599238421004,0.0218284136632376,88.1974030539856,1.6695018842283274e-06,2.0699055767181562e-06,2.4741527795413276e-06,2.1802031993865967,0.4936256408691406,2.4741527795413276e-06,19.677085876464844,18.284835815429688,6.203215599060059,12.769476890563965,11.151463508605957,6.75738000869751,1031.0,-0.34435291928629763,-0.11776621870396645,-0.3285467108237103,-0.3312355801088308,0.22107438044637007,0.6992030842726406,4.0,0.14948156064880025,,,,
gov_report:130,gov_report,disagreement_formal,64,32,physical_delete_low_age_4,low_age,4,21,22,0.00017722529862858338,0.005593988945171971,0.05067716613311016,0.9988957226164568,0.03168138163403809,0.00016561479874928404,0.023677131906738223,0.031039899725377577,0.9998073291965539,0.006994715381982227,0.023677131906738223,106.19527354051749,1.559530789156033e-06,1.8245655155624263e-06,2.2493620690511307e-06,3.0002174377441406,0.2650863230228424,2.2493620690511307e-06,17.880041122436523,16.945148468017578,4.938419342041016,16.59793472290039,11.547961235046387,7.524532318115234,1031.0,-0.34435291928629763,-0.11776621870396645,-0.3285467108237103,-0.3312355801088308,0.22107438044637007,0.6992030842726406,4.0,0.14948156064880025,,,,
gov_report:130,gov_report,disagreement_formal,64,32,physical_delete_low_age_4,low_age,4,22,23,0.000571383089856063,0.004382001648571172,0.15214114897530004,0.9885980200965113,0.13039317090224564,0.0005718828326892185,0.02597267602171174,0.060691170526938794,0.9989054744794799,0.022018633436583723,0.02597267602171174,129.3747751198871,4.420358081080911e-06,8.640769010526128e-06,1.221562342834659e-05,1.8203107118606567,0.5213472843170166,1.221562342834659e-05,19.28680992126465,18.99125099182129,5.520862579345703,11.252368927001953,11.363727569580078,11.977947235107422,1031.0,-0.34435291928629763,-0.11776621870396645,-0.3285467108237103,-0.3312355801088308,0.22107438044637007,0.6992030842726406,4.0,0.14948156064880025,3.0049296598512655e-13,7.44994361355735e-09,3.0132920088232144e-13,7.4451927625263675e-09
gov_report:130,gov_report,disagreement_formal,64,32,physical_delete_low_age_4,low_age,4,23,24,0.0007906727372190039,0.003060074502481489,0.21583348440747477,0.9773568489533524,0.25838349248615616,0.0008386608790768175,0.028974245042647336,0.004415148174358913,1.0002910688363307,0.02894504681113825,0.028974245042647336,158.22172885968644,5.300541746832733e-06,8.17035834188573e-06,1.1443039511505049e-05,1.9871686697006226,0.49343833327293396,1.1443039511505049e-05,18.059673309326172,17.52782440185547,5.380462646484375,14.894376754760742,14.116327285766602,17.169279098510742,1031.0,-0.34435291928629763,-0.11776621870396645,-0.3285467108237103,-0.3312355801088308,0.22107438044637007,0.6992030842726406,4.0,0.14948156064880025,,,,
gov_report:130,gov_report,disagreement_formal,64,32,physical_delete_low_age_4,low_age,4,24,25,0.0017353636735583664,0.0050266914049942515,0.2632755407346984,0.9681954815173028,0.34522980102462664,0.001888484780972083,0.03302574594006026,0.06410707861645078,0.9979670517742946,0.05718219913638193,0.03302574594006026,199.42504181596203,9.469647160534922e-06,1.824470928113442e-05,2.4719131033634767e-05,1.7881156206130981,0.5488283038139343,2.4719131033634767e-05,18.719802856445312,17.584714889526367,5.082776069641113,16.429031372070312,16.684419631958008,84.35228729248047,1031.0,-0.34435291928629763,-0.11776621870396645,-0.3285467108237103,-0.3312355801088308,0.22107438044637007,0.6992030842726406,4.0,0.14948156064880025,,,,
gov_report:130,gov_report,disagreement_formal,64,32,physical_delete_low_age_4,low_age,4,25,26,0.015861410848901438,0.017037395746295477,0.9175746030419102,0.39778945695933554,0.9309762527732715,0.017527180145752393,0.040355933592277626,0.41969270801709896,0.9077840255683352,0.4343148227676322,0.040355933592277626,220.68165882636143,7.942291280102835e-05,0.00015537675062660128,0.00018102963804267347,1.7358900308609009,0.6218350529670715,0.00018102963804267347,17.696041107177734,16.895856857299805,7.378584861755371,17.58687973022461,22.028104782104492,69.64823913574219,1031.0,-0.34435291928629763,-0.11776621870396645,-0.3285467108237103,-0.3312355801088308,0.22107438044637007,0.6992030842726406,4.0,0.14948156064880025,,,,
gov_report:130,gov_report,disagreement_formal,64,32,physical_delete_low_age_4,low_age,4,26,27,0.009996785039835634,0.012462702532840009,0.8585161447315608,0.5158766574467897,0.8021362151181474,0.010884346192541848,0.046858918950110705,0.21918095396392254,0.9757721404644344,0.23227907165613632,0.046858918950110705,260.17047902514895,4.183543895266354e-05,0.00014016474597156048,8.612093370174989e-05,2.633300304412842,0.4032542407512665,8.612093370174989e-05,15.525497436523438,16.5146541595459,6.878902912139893,19.834800720214844,28.326496124267578,169.08694458007812,1031.0,-0.34435291928629763,-0.11776621870396645,-0.3285467108237103,-0.3312355801088308,0.22107438044637007,0.6992030842726406,4.0,0.14948156064880025,1.1389156517415641e-10,1.0456024220541842e-08,1.1388123455841226e-10,1.0448089749443566e-08
gov_report:130,gov_report,disagreement_formal,64,32,physical_delete_low_age_4,low_age,4,27,28,0.0375408348054283,0.0422979749627292,0.9395832126374446,0.3462551734584134,0.8875326735737906,0.037140283783405136,0.09005075659479737,0.4863215869930683,0.8768980633962974,0.4124372208278691,0.09005075659479737,269.5273052375916,0.00013779785224604803,0.000472610117867589,0.00036401572288013995,3.2012269496917725,0.2136366218328476,0.00036401572288013995,13.62582778930664,15.784698486328125,4.553671836853027,17.024085998535156,28.14509391784668,158.363037109375,1031.0,-0.34435291928629763,-0.11776621870396645,-0.3285467108237103,-0.3312355801088308,0.22107438044637007,0.6992030842726406,4.0,0.14948156064880025,,,,
gov_report:130,gov_report,disagreement_formal,64,32,physical_delete_median_value_norm_26,median_value_norm,26,0,1,0.0008320344050868563,0.0008330919495630578,0.9999399827979887,0.011022407163649042,0.9987305789273846,0.0014359991136134837,0.0014385454927124456,0.9999189660779706,0.012841894120772556,0.9982298932415683,0.0014385454927124456,21.469963862068383,6.68840955131045e-05,3.7595720641547814e-05,6.753060733899474e-05,1.2174159288406372,0.6843793392181396,6.753060733899474e-05,778.5572509765625,778.7626953125,1833.742431640625,4.132384300231934,4.189390659332275,0.8261989951133728,1009.0,-0.3703725573830121,-0.0366113813846212,-0.3533863223811568,-0.3592377520725204,0.657594350906043,0.30233156814456397,26.0,0.47970925818401744,7.93924294830559e-13,9.566137196810397e-13,7.927898886257743e-13,9.573370191746934e-13
gov_report:130,gov_report,disagreement_formal,64,32,physical_delete_median_value_norm_26,median_value_norm,26,1,2,0.03237223915183664,0.03229317097781022,0.9999603672459524,0.009244159610230935,1.0024484487472831,0.034168665457406475,0.03412586953144774,0.9991384410758053,0.041555401727754925,1.0012540611139387,0.03412586953144774,25.664256128861695,0.0013313717446491982,0.0016268199542537332,0.002328749978914857,2.8062899112701416,0.25062480568885803,0.002328749978914857,90.89671325683594,90.9344711303711,3934.689697265625,4.058550834655762,4.054952621459961,0.6226597428321838,1009.0,-0.3703725573830121,-0.0366113813846212,-0.3533863223811568,-0.3592377520725204,0.657594350906043,0.30233156814456397,26.0,0.47970925818401744,,,,
gov_report:130,gov_report,disagreement_formal,64,32,physical_delete_median_value_norm_26,median_value_norm,26,2,3,0.03450417627947563,0.03532044777827604,0.9389131888226497,0.34624301832929744,0.9768895484019752,0.04332372488727735,0.06530068551283354,0.8379834757319305,0.5729273150116456,0.6634497715764859,0.06530068551283354,29.76513930574927,0.0014555189694311016,0.00039876808295957744,0.0006685039843432605,2.0922257900238037,0.4565971791744232,0.0006685039843432605,27.000741958618164,26.31880760192871,56.09834671020508,7.434108734130859,5.986464023590088,1.4918733835220337,1009.0,-0.3703725573830121,-0.0366113813846212,-0.3533863223811568,-0.3592377520725204,0.657594350906043,0.30233156814456397,26.0,0.47970925818401744,,,,
gov_report:130,gov_report,disagreement_formal,64,32,physical_delete_median_value_norm_26,median_value_norm,26,3,4,0.0016150162992760297,0.014332309297280623,0.1000280383634568,0.9950651008566289,0.11268360637336083,0.001667330418440974,0.07185015555386266,0.17618221893801786,0.9961735053333787,0.023205661916640603,0.07185015555386266,41.56833671657267,4.011058777283804e-05,1.5260176951414905e-05,4.5923203288111836e-05,0.9944429993629456,0.76738041639328,4.5923203288111836e-05,20.633163452148438,20.71725845336914,8.17690372467041,7.502775192260742,6.390174388885498,1.3001468181610107,1009.0,-0.3703725573830121,-0.0366113813846212,-0.3533863223811568,-0.3592377520725204,0.657594350906043,0.30233156814456397,26.0,0.47970925818401744,,,,
gov_report:130,gov_report,disagreement_formal,64,32,physical_delete_median_value_norm_26,median_value_norm,26,4,5,0.023514442360555412,0.027231430917065296,0.7511720065486956,0.6695961725116432,0.8635037369931032,0.02275569989213737,0.07583873870339615,0.3542102494975464,0.9367326314404093,0.3000537756981228,0.07583873870339615,41.195340502765426,0.0005523852847049484,0.0004741393495351076,0.0006611975259147584,1.5346194505691528,0.6245962977409363,0.0006611975259147584,18.288776397705078,17.671886444091797,4.831030368804932,7.8527116775512695,7.285590171813965,2.67221736907959,1009.0,-0.3703725573830121,-0.0366113813846212,-0.3533863223811568,-0.3592377520725204,0.657594350906043,0.30233156814456397,26.0,0.47970925818401744,2.3432923372104705e-09,9.696565717032257e-09,2.342550467935368e-09,9.690292244530699e-09
gov_report:130,gov_report,disagreement_formal,64,32,physical_delete_median_value_norm_26,median_value_norm,26,5,6,0.015700062728978652,0.023961192577636153,0.6732720785809757,0.7396149465802919,0.6552287695242719,0.017260291646929327,0.0721647740485705,0.25847387223748947,0.9662109257950262,0.23917890514438928,0.0721647740485705,43.24790936990979,0.0003991011796500472,0.00019392995454836637,0.0002783647214528173,1.6196657419204712,0.5900495052337646,0.0002783647214528173,16.201717376708984,16.8780517578125,4.165049076080322,8.595351219177246,8.07693862915039,2.177886962890625,1009.0,-0.3703725573830121,-0.0366113813846212,-0.3533863223811568,-0.3592377520725204,0.657594350906043,0.30233156814456397,26.0,0.47970925818401744,,,,
gov_report:130,gov_report,disagreement_formal,64,32,physical_delete_median_value_norm_26,median_value_norm,26,6,7,0.004830695874217595,0.01606016463584618,0.3693379929100904,0.9318200602701446,0.3007874441981444,0.005033101181530417,0.06816325098500015,0.08022955902813697,0.9967968991026341,0.07383892506297844,0.06816325098500015,44.94239942330027,0.00011199004161137464,8.71641022968106e-05,0.00022524908126797527,1.1933268308639526,0.6643238067626953,0.00022524908126797527,19.453380584716797,19.204689025878906,6.202404499053955,6.052770614624023,6.933459281921387,1.9290196895599365,1009.0,-0.3703725573830121,-0.0366113813846212,-0.3533863223811568,-0.3592377520725204,0.657594350906043,0.30233156814456397,26.0,0.47970925818401744,,,,
gov_report:130,gov_report,disagreement_formal,64,32,physical_delete_median_value_norm_26,median_value_norm,26,7,8,0.0017614324144889803,0.014897827040067356,0.11137808065886995,0.9938017555295008,0.11823418339813244,0.0021374407366952816,0.0685554603353988,-0.12065301801506877,1.0042388110593736,0.031178271230885575,0.0685554603353988,52.78092143562379,4.0496464983133926e-05,5.845752821187489e-05,9.755578503245488e-05,2.2703404426574707,0.3998625576496124,9.755578503245488e-05,33.76340103149414,33.8061637878418,195.13446044921875,5.813109397888184,6.677889347076416,2.5451812744140625,1009.0,-0.3703725573830121,-0.0366113813846212,-0.3533863223811568,-0.3592377520725204,0.657594350906043,0.30233156814456397,26.0,0.47970925818401744,2.033438769885507e-12,1.813024440360432e-08,2.034833156389793e-12,1.811430096392955e-08
gov_report:130,gov_report,disagreement_formal,64,32,physical_delete_median_value_norm_26,median_value_norm,26,8,9,0.000970258355612319,0.011185196250400674,0.11581976570372791,0.9936956936786772,0.08674486650849444,0.0009672585235738226,0.06513815248578983,-0.04011224443829185,1.0007056427972654,0.014849339237627813,0.06513815248578983,52.96624802877129,1.8261790471705816e-05,2.3245962438522838e-05,2.321506690350361e-05,1.5567489862442017,0.596839964389801,2.321506690350361e-05,19.095016479492188,19.38934898376465,6.6342549324035645,7.467045307159424,8.016640663146973,1.976571798324585,1009.0,-0.3703725573830121,-0.0366113813846212,-0.3533863223811568,-0.3592377520725204,0.657594350906043,0.30233156814456397,26.0,0.47970925818401744,,,,
gov_report:130,gov_report,disagreement_formal,64,32,physical_delete_median_value_norm_26,median_value_norm,26,9,10,0.0012103874611566958,0.006416382976353288,0.16512635747316387,0.9865526770576135,0.18864015218814326,0.0010484764770074342,0.0598387551971202,-0.017852951543467457,1.000466210228677,0.017521695990392078,0.0598387551971202,51.46986398919358,2.037068676201609e-05,3.06236142932903e-05,3.6500805435935035e-05,1.8986908197402954,0.5455113053321838,3.6500805435935035e-05,18.7342472076416,19.090545654296875,5.524270534515381,8.248003005981445,7.6100969314575195,1.6230275630950928,1009.0,-0.3703725573830121,-0.0366113813846212,-0.3533863223811568,-0.3592377520725204,0.657594350906043,0.30233156814456397,26.0,0.47970925818401744,,,,
gov_report:130,gov_report,disagreement_formal,64,32,physical_delete_median_value_norm_26,median_value_norm,26,10,11,0.000448431442111619,0.014530004239609064,0.02561221547678104,0.9996857402793534,0.030862443996346987,0.0005291960349185512,0.05669008787062788,0.06504905004074624,0.9994361851199299,0.00933489530173646,0.05669008787062788,49.71031069973352,1.064559902099723e-05,1.1945433470827993e-05,1.3817725630360655e-05,1.9682625532150269,0.5169860124588013,1.3817725630360655e-05,17.15043830871582,18.817415237426758,6.94002628326416,6.969969749450684,8.362430572509766,2.813798189163208,1009.0,-0.3703725573830121,-0.0366113813846212,-0.3533863223811568,-0.3592377520725204,0.657594350906043,0.30233156814456397,26.0,0.47970925818401744,1.1833730972972663e-13,1.805739620956095e-08,1.2023690724853012e-13,1.804153123831803e-08
gov_report:130,gov_report,disagreement_formal,64,32,physical_delete_median_value_norm_26,median_value_norm,26,11,12,0.001470733379110452,0.0123960028384099,0.10140207280295158,0.9949949572433503,0.11864577624597498,0.001490712189762885,0.05087436378231857,0.04084038135297521,0.999232305979721,0.029301834537751672,0.05087436378231857,54.0764844590008,2.7566736349015054e-05,2.9498054573195986e-05,3.9507809560745955e-05,2.5323941707611084,0.32370302081108093,3.9507809560745955e-05,17.759450912475586,19.277196884155273,6.2491278648376465,7.66334342956543,7.8775200843811035,1.2752714157104492,1009.0,-0.3703725573830121,-0.0366113813846212,-0.3533863223811568,-0.3592377520725204,0.657594350906043,0.30233156814456397,26.0,0.47970925818401744,,,,
gov_report:130,gov_report,disagreement_formal,64,32,physical_delete_median_value_norm_26,median_value_norm,26,12,13,0.005922329240204772,0.011188616212939309,0.5690869252414505,0.8232385357113063,0.5293173997116615,0.004573935549194328,0.04959357560070465,0.06321953466239148,0.9984211556393434,0.09222838833038971,0.04959357560070465,58.47958159650706,7.821423177671172e-05,9.142226917902008e-05,0.00029583353898487985,2.173368215560913,0.44042086601257324,0.00029583353898487985,17.085609436035156,17.72834587097168,4.669406414031982,7.832439422607422,8.850532531738281,1.6460896730422974,1009.0,-0.3703725573830121,-0.0366113813846212,-0.3533863223811568,-0.3592377520725204,0.657594350906043,0.30233156814456397,26.0,0.47970925818401744,,,,
gov_report:130,gov_report,disagreement_formal,64,32,physical_delete_median_value_norm_26,median_value_norm,26,13,14,0.00036412069551527347,0.006969912320021075,0.23709561016078814,0.9889168855280469,0.05224178996762078,0.00035287664825362034,0.04785687533689425,-0.019929648156879445,1.0001741226219605,0.007373583121954842,0.04785687533689425,60.09120120582875,5.8723513787804234e-06,4.87647912450484e-06,1.0201517397945281e-05,2.170295476913452,0.3842003643512726,1.0201517397945281e-05,17.637649536132812,18.99193572998047,3.4046876430511475,7.414463043212891,8.039009094238281,2.329005002975464,1009.0,-0.3703725573830121,-0.0366113813846212,-0.3533863223811568,-0.3592377520725204,0.657594350906043,0.30233156814456397,26.0,0.47970925818401744,,,,
gov_report:130,gov_report,disagreement_formal,64,32,physical_delete_median_value_norm_26,median_value_norm,26,14,15,9.311846230376262e-06,0.00788412550174529,0.10368084921756623,0.999878233861368,0.0011810880266067455,1.2637363754354784e-05,0.045518088715436035,0.038301713572248326,0.9999894046306597,0.00027763388382494227,0.045518088715436035,60.65540667049136,2.0834686383370365e-07,1.7063224788671505e-07,2.1291901930453605e-07,1.7799581289291382,0.46169421076774597,2.1291901930453605e-07,19.129810333251953,19.257566452026367,9.881089210510254,8.767557144165039,9.510135650634766,2.584747076034546,1009.0,-0.3703725573830121,-0.0366113813846212,-0.3533863223811568,-0.3592377520725204,0.657594350906043,0.30233156814456397,26.0,0.47970925818401744,3.0897921157732538e-15,1.957934090359337e-08,5.759540969008319e-15,1.956116901141506e-08
gov_report:130,gov_report,disagreement_formal,64,32,physical_delete_median_value_norm_26,median_value_norm,26,15,16,9.662260284474309e-05,0.008141316914804304,0.17968969153049844,0.9979357068338354,0.011868178558316895,9.629925389012218e-05,0.04371759769810283,0.06003045309895939,0.9998701851298577,0.0022027572181602556,0.04371759769810283,62.46905750595516,1.5415512532895505e-06,1.3045220157437143e-06,2.493156671334873e-06,2.411240339279175,0.3845132291316986,2.493156671334873e-06,55.83285903930664,55.540035247802734,1415.7886962890625,8.664997100830078,7.764710903167725,2.0429117679595947,1009.0,-0.3703725573830121,-0.0366113813846212,-0.3533863223811568,-0.3592377520725204,0.657594350906043,0.30233156814456397,26.0,0.47970925818401744,,,,
gov_report:130,gov_report,disagreement_formal,64,32,physical_delete_median_value_norm_26,median_value_norm,26,16,17,0.004523858417491341,0.006738270083478308,0.5756237856420465,0.8233007943679715,0.6713679269970901,0.004194446819759722,0.04373701043441465,0.13623901086000803,0.9914968699761854,0.09590154375204629,0.04373701043441465,68.64621993877991,6.110237131047295e-05,3.902323805959895e-05,0.00012928817886859179,2.6836535930633545,0.28933677077293396,0.00012928817886859179,17.064361572265625,18.181438446044922,7.473870277404785,8.118925094604492,8.729783058166504,3.4102656841278076,1009.0,-0.3703725573830121,-0.0366113813846212,-0.3533863223811568,-0.3592377520725204,0.657594350906043,0.30233156814456397,26.0,0.47970925818401744,,,,
gov_report:130,gov_report,disagreement_formal,64,32,physical_delete_median_value_norm_26,median_value_norm,26,17,18,0.03214773265761107,0.03250371633577705,0.9913229174305405,0.13146881395610505,0.9890479084148865,0.028639583382255047,0.05167124010754717,0.5607980066973707,0.8279784235851814,0.5542654544896806,0.05167124010754717,69.10889112102677,0.0004144124282373457,0.00037853940739296377,0.0006393427611328661,2.3911991119384766,0.39145466685295105,0.0006393427611328661,15.923095703125,16.210243225097656,7.178878307342529,9.409688949584961,9.507762908935547,4.206262111663818,1009.0,-0.3703725573830121,-0.0366113813846212,-0.3533863223811568,-0.3592377520725204,0.657594350906043,0.30233156814456397,26.0,0.47970925818401744,,,,
gov_report:130,gov_report,disagreement_formal,64,32,physical_delete_median_value_norm_26,median_value_norm,26,18,19,0.001272135529858324,0.009105555034190598,0.1620849919368237,0.9870304470173612,0.1397098282401854,0.001188055015866343,0.050984330784756955,0.10838332070880922,0.9977433669952226,0.02330235579401862,0.050984330784756955,71.51283428397404,1.661317199579356e-05,1.9683751816046424e-05,3.4409000363666564e-05,2.387955904006958,0.3747943639755249,3.4409000363666564e-05,21.551130294799805,21.790225982666016,7.016385078430176,9.410560607910156,9.353311538696289,3.4117751121520996,1009.0,-0.3703725573830121,-0.0366113813846212,-0.3533863223811568,-0.3592377520725204,0.657594350906043,0.30233156814456397,26.0,0.47970925818401744,6.217443494407309e-12,1.1682022785795468e-08,6.217022606542453e-12,1.167042837097174e-08
gov_report:130,gov_report,disagreement_formal,64,32,physical_delete_median_value_norm_26,median_value_norm,26,19,20,0.00044817893644803357,0.013184975763379026,0.03319444197914761,0.99944923059893,0.03399163900572654,0.0004735618138508722,0.05199163460722876,-0.0006190637886605691,1.0000471192720162,0.009108423257479764,0.05199163460722876,79.8984552995625,5.927045924421837e-06,5.884716756554553e-06,9.213550583808683e-06,1.584572196006775,0.508945882320404,9.213550583808683e-06,16.92072296142578,18.311506271362305,4.329520225524902,11.47356128692627,10.131834030151367,3.4603898525238037,1009.0,-0.3703725573830121,-0.0366113813846212,-0.3533863223811568,-0.3592377520725204,0.657594350906043,0.30233156814456397,26.0,0.47970925818401744,,,,
gov_report:130,gov_report,disagreement_formal,64,32,physical_delete_median_value_norm_26,median_value_norm,26,20,21,0.00023338648415266675,0.011837700649516905,0.05688025792535295,0.999072496681365,0.019715525089088245,0.00021626723794193573,0.05215068911901516,0.029534282557940484,0.9998861144626608,0.004146967980583798,0.05215068911901516,88.1974030539856,2.4520816991579517e-06,3.0629864795628237e-06,4.613306373357773e-06,2.1802031993865967,0.4936256408691406,4.613306373357773e-06,18.223541259765625,18.284835815429688,6.203215599060059,11.356534004211426,11.151463508605957,6.75738000869751,1009.0,-0.3703725573830121,-0.0366113813846212,-0.3533863223811568,-0.3592377520725204,0.657594350906043,0.30233156814456397,26.0,0.47970925818401744,,,,
gov_report:130,gov_report,disagreement_formal,64,32,physical_delete_median_value_norm_26,median_value_norm,26,21,22,0.0015247719805797694,0.009226392320950839,0.20769791364692933,0.9791130598922694,0.16526199272031736,0.0014075104047981952,0.05622146739584716,0.032811652869794754,0.9994918059267228,0.025035106161283904,0.05622146739584716,106.19527354051749,1.3253983514258543e-05,1.7498558008810505e-05,2.6482979592401534e-05,3.0002174377441406,0.2650863230228424,2.6482979592401534e-05,16.825151443481445,16.945148468017578,4.938419342041016,11.873115539550781,11.547961235046387,7.524532318115234,1009.0,-0.3703725573830121,-0.0366113813846212,-0.3533863223811568,-0.3592377520725204,0.657594350906043,0.30233156814456397,26.0,0.47970925818401744,,,,
gov_report:130,gov_report,disagreement_formal,64,32,physical_delete_median_value_norm_26,median_value_norm,26,22,23,0.0007233299783829779,0.01095831492423695,0.05882307838820198,0.9982942752813463,0.06600740929457682,0.0007151236276004608,0.06197637581544996,0.03554085970987633,0.9996564176880653,0.011538648689783328,0.06197637581544996,129.3747751198871,5.5275352319475e-06,7.025047580100363e-06,8.71025986270979e-06,1.8203107118606567,0.5213472843170166,8.71025986270979e-06,19.97494888305664,18.99125099182129,5.520862579345703,14.360668182373047,11.363727569580078,11.977947235107422,1009.0,-0.3703725573830121,-0.0366113813846212,-0.3533863223811568,-0.3592377520725204,0.657594350906043,0.30233156814456397,26.0,0.47970925818401744,7.887437879753109e-13,1.2021914739188427e-08,7.900445687578775e-13,1.2009820472037534e-08
gov_report:130,gov_report,disagreement_formal,64,32,physical_delete_median_value_norm_26,median_value_norm,26,23,24,0.0025981763924313897,0.009842167010588753,0.1858758326224487,0.9856729116962939,0.2639841804793727,0.0025689880818208317,0.07199242200642429,0.07978340001418131,0.9977872284742499,0.03568414577844855,0.07199242200642429,158.22172885968644,1.623663260625253e-05,2.9637429179274477e-05,5.207950380281545e-05,1.9871686697006226,0.49343833327293396,5.207950380281545e-05,17.8382568359375,17.52782440185547,5.380462646484375,17.505611419677734,14.116327285766602,17.169279098510742,1009.0,-0.3703725573830121,-0.0366113813846212,-0.3533863223811568,-0.3592377520725204,0.657594350906043,0.30233156814456397,26.0,0.47970925818401744,,,,
gov_report:130,gov_report,disagreement_formal,64,32,physical_delete_median_value_norm_26,median_value_norm,26,24,25,0.007295255363200502,0.012684060220531847,0.5581858517267606,0.8298893816342064,0.5751514291450289,0.007565406946710138,0.07907502056276193,0.08300343923929006,0.9966298043276204,0.09567379044442316,0.07907502056276193,199.42504181596203,3.7936093069454233e-05,3.814870069618337e-05,7.030621054582298e-05,1.7881156206130981,0.5488283038139343,7.030621054582298e-05,17.97528076171875,17.584714889526367,5.082776069641113,20.063335418701172,16.684419631958008,84.35228729248047,1009.0,-0.3703725573830121,-0.0366113813846212,-0.3533863223811568,-0.3592377520725204,0.657594350906043,0.30233156814456397,26.0,0.47970925818401744,,,,
gov_report:130,gov_report,disagreement_formal,64,32,physical_delete_median_value_norm_26,median_value_norm,26,25,26,0.022417758257014146,0.025412633159464716,0.7475761018164909,0.6776725961210986,0.882150154072674,0.023097048677542083,0.08904454579334743,0.2262673404669112,0.9746281549812874,0.2593875736212434,0.08904454579334743,220.68165882636143,0.00010466229409538512,0.00018148902745451778,0.00016488609253428876,1.7358900308609009,0.6218350529670715,0.00016488609253428876,16.66232681274414,16.895856857299805,7.378584861755371,26.946556091308594,22.028104782104492,69.64823913574219,1009.0,-0.3703725573830121,-0.0366113813846212,-0.3533863223811568,-0.3592377520725204,0.657594350906043,0.30233156814456397,26.0,0.47970925818401744,,,,
gov_report:130,gov_report,disagreement_formal,64,32,physical_delete_median_value_norm_26,median_value_norm,26,26,27,0.0036630630976540787,0.01730281211695587,0.2643177858783237,0.9658697573163759,0.2117033389078105,0.00404092127149609,0.09744096371992335,0.026599755889590015,0.9997567657838854,0.04147045674867293,0.09744096371992335,260.17047902514895,1.5531820853147143e-05,2.022430817305576e-05,2.2439699023379944e-05,2.633300304412842,0.4032542407512665,2.2439699023379944e-05,16.219396591186523,16.5146541595459,6.878902912139893,31.454761505126953,28.326496124267578,169.08694458007812,1009.0,-0.3703725573830121,-0.0366113813846212,-0.3533863223811568,-0.3592377520725204,0.657594350906043,0.30233156814456397,26.0,0.47970925818401744,6.189399790873202e-12,1.2546935311568353e-08,6.189846733638288e-12,1.2534136544641166e-08
gov_report:130,gov_report,disagreement_formal,64,32,physical_delete_median_value_norm_26,median_value_norm,26,27,28,0.01164832491185739,0.04254640953668004,0.36217366382469335,0.9362925858006659,0.27377926924280543,0.011749650426734294,0.10976499624449736,0.16282394904877723,0.9882306404461553,0.10704369178460495,0.10976499624449736,269.5273052375916,4.3593543950498204e-05,9.104089258471504e-05,7.941712101455778e-05,3.2012269496917725,0.2136366218328476,7.941712101455778e-05,14.378963470458984,15.784698486328125,4.553671836853027,27.819316864013672,28.14509391784668,158.363037109375,1009.0,-0.3703725573830121,-0.0366113813846212,-0.3533863223811568,-0.3592377520725204,0.657594350906043,0.30233156814456397,26.0,0.47970925818401744,,,,
gov_report:130,gov_report,disagreement_formal,64,32,physical_delete_median_aov_49,median_aov,49,0,1,0.00028050452195486344,0.0002820907590787212,0.9994873900062772,0.032420283500166354,0.9943768554168941,0.0004442917674735322,0.0004463080456395377,0.9992054783512684,0.040028414426705995,0.9954823172342406,0.0004463080456395377,21.469963862068383,2.0693643004144758e-05,3.049571387236938e-05,6.610377022298053e-05,1.2174159288406372,0.6843793392181396,6.610377022298053e-05,779.23828125,778.7626953125,1833.742431640625,3.605106830596924,4.189390659332275,0.8261989951133728,986.0,-0.2269676081428941,-0.7298085454460798,-0.26276586151947234,-0.24812997914600138,0.016385146750059074,-0.4292101458260915,49.0,0.6841427974208601,6.91535061294743e-13,4.588130793408095e-13,6.924853486500213e-13,4.599124600177643e-13
gov_report:130,gov_report,disagreement_formal,64,32,physical_delete_median_aov_49,median_aov,49,1,2,0.030042521005996713,0.030036273431782733,0.9999962799522393,0.0027358558946719565,1.0002080009768246,0.03173615310650645,0.031696456950754424,0.9998979253769593,0.014351772947676485,1.0012523846376176,0.031696456950754424,25.664256128861695,0.001236589634515702,0.0009787000017240644,0.0023987723980098963,2.8062899112701416,0.25062480568885803,0.0023987723980098963,92.0925521850586,90.9344711303711,3934.689697265625,4.096365928649902,4.054952621459961,0.6226597428321838,986.0,-0.2269676081428941,-0.7298085454460798,-0.26276586151947234,-0.24812997914600138,0.016385146750059074,-0.4292101458260915,49.0,0.6841427974208601,,,,
gov_report:130,gov_report,disagreement_formal,64,32,physical_delete_median_aov_49,median_aov,49,2,3,0.0028579240083244717,0.010082054801372338,0.1893147015861323,0.9864200374880494,0.28346642273115397,0.0031985404542750925,0.03286685914246695,0.08616820216014254,0.9963429937894752,0.09731810515907463,0.03286685914246695,29.76513930574927,0.0001074592805166976,8.212550164898857e-05,0.00012848086771555245,2.0922257900238037,0.4565971791744232,0.00012848086771555245,26.30879020690918,26.31880760192871,56.09834671020508,5.194704055786133,5.986464023590088,1.4918733835220337,986.0,-0.2269676081428941,-0.7298085454460798,-0.26276586151947234,-0.24812997914600138,0.016385146750059074,-0.4292101458260915,49.0,0.6841427974208601,,,,
gov_report:130,gov_report,disagreement_formal,64,32,physical_delete_median_aov_49,median_aov,49,3,4,0.0014048988540365473,0.006575162900633716,0.22005462774372467,0.9755084601134408,0.21366753573529607,0.0012293959609300533,0.03375801991426284,0.004089869551761456,1.0005140549109737,0.036417893112582436,0.03375801991426284,41.56833671657267,2.957529836501521e-05,2.6604953745845705e-05,7.215598452603444e-05,0.9944429993629456,0.76738041639328,7.215598452603444e-05,19.739952087402344,20.71725845336914,8.17690372467041,5.902872085571289,6.390174388885498,1.3001468181610107,986.0,-0.2269676081428941,-0.7298085454460798,-0.26276586151947234,-0.24812997914600138,0.016385146750059074,-0.4292101458260915,49.0,0.6841427974208601,,,,
gov_report:130,gov_report,disagreement_formal,64,32,physical_delete_median_aov_49,median_aov,49,4,5,0.009628020264008986,0.014472729842949708,0.532829400742724,0.8565212881546129,0.665252538290087,0.010467358072037193,0.03545003382190125,0.19480896151646143,0.9859726362563999,0.2952707499412989,0.03545003382190125,41.195340502765426,0.00025409082542562125,0.00025323309819214046,0.00034496199805289507,1.5346194505691528,0.6245962977409363,0.00034496199805289507,16.88085174560547,17.671886444091797,4.831030368804932,6.299877643585205,7.285590171813965,2.67221736907959,986.0,-0.2269676081428941,-0.7298085454460798,-0.26276586151947234,-0.24812997914600138,0.016385146750059074,-0.4292101458260915,49.0,0.6841427974208601,2.7485900967373717e-10,1.4036851970004076e-09,2.748355128205639e-10,1.4032591505793787e-09
gov_report:130,gov_report,disagreement_formal,64,32,physical_delete_median_aov_49,median_aov,49,5,6,0.010016447044087162,0.012053083187469834,0.6722054314946041,0.7572082925980974,0.831027786691133,0.009229436188926009,0.032590866200431584,0.21693182189538737,0.9784328530236311,0.2831908833648548,0.032590866200431584,43.24790936990979,0.0002134076842879136,0.0003148816467728466,0.0003878707648254931,1.6196657419204712,0.5900495052337646,0.0003878707648254931,16.314498901367188,16.8780517578125,4.165049076080322,6.933710098266602,8.07693862915039,2.177886962890625,986.0,-0.2269676081428941,-0.7298085454460798,-0.26276586151947234,-0.24812997914600138,0.016385146750059074,-0.4292101458260915,49.0,0.6841427974208601,,,,
gov_report:130,gov_report,disagreement_formal,64,32,physical_delete_median_aov_49,median_aov,49,6,7,0.0007535488226357214,0.006527901125024933,0.29891483750896136,0.9717585808312772,0.11543508521398496,0.0009526632678123104,0.03080663190030143,0.07352605517524034,0.9982028136248232,0.030923966985270758,0.03080663190030143,44.94239942330027,2.119742781953926e-05,1.8878448827308603e-05,3.245006882934831e-05,1.1933268308639526,0.6643238067626953,3.245006882934831e-05,18.44537353515625,19.204689025878906,6.202404499053955,5.917144298553467,6.933459281921387,1.9290196895599365,986.0,-0.2269676081428941,-0.7298085454460798,-0.26276586151947234,-0.24812997914600138,0.016385146750059074,-0.4292101458260915,49.0,0.6841427974208601,,,,
gov_report:130,gov_report,disagreement_formal,64,32,physical_delete_median_aov_49,median_aov,49,7,8,0.007885965190302982,0.010221091603577905,0.6785530309180737,0.7404134471402791,0.7715384516799058,0.009640613012268078,0.030482772158819695,0.17202403547992828,0.9955968004359593,0.31626431356174156,0.030482772158819695,52.78092143562379,0.00018265336697515996,0.0001740066072670743,0.00028946122620254755,2.2703404426574707,0.3998625576496124,0.00028946122620254755,33.39628982543945,33.8061637878418,195.13446044921875,5.822091102600098,6.677889347076416,2.5451812744140625,986.0,-0.2269676081428941,-0.7298085454460798,-0.26276586151947234,-0.24812997914600138,0.016385146750059074,-0.4292101458260915,49.0,0.6841427974208601,2.9306668879000314e-11,2.2268647875595814e-09,2.930687116625265e-11,2.2260843453652723e-09
gov_report:130,gov_report,disagreement_formal,64,32,physical_delete_median_aov_49,median_aov,49,8,9,0.0028505028157403095,0.006497371313516878,0.48331667765454656,0.8765809610251488,0.4387163174452158,0.0029037999604732334,0.03115191865665569,0.18409881917732443,0.987100626012009,0.09321416097922523,0.03115191865665569,52.96624802877129,5.4823591788036184e-05,5.8807821915252134e-05,7.861429185140878e-05,1.5567489862442017,0.596839964389801,7.861429185140878e-05,18.615936279296875,19.38934898376465,6.6342549324035645,6.839921951293945,8.016640663146973,1.976571798324585,986.0,-0.2269676081428941,-0.7298085454460798,-0.26276586151947234,-0.24812997914600138,0.016385146750059074,-0.4292101458260915,49.0,0.6841427974208601,,,,
gov_report:130,gov_report,disagreement_formal,64,32,physical_delete_median_aov_49,median_aov,49,9,10,0.005224410665260424,0.005453805207550744,0.8490298657799843,0.539452875603694,0.9579386256823538,0.00478175138933597,0.03331891247403164,0.17340492123242904,0.9853040966187931,0.14351462980860522,0.03331891247403164,51.46986398919358,9.290390567847486e-05,0.00011401595111237839,0.0002069255569949746,1.8986908197402954,0.5455113053321838,0.0002069255569949746,19.791372299194336,19.090545654296875,5.524270534515381,7.903230667114258,7.6100969314575195,1.6230275630950928,986.0,-0.2269676081428941,-0.7298085454460798,-0.26276586151947234,-0.24812997914600138,0.016385146750059074,-0.4292101458260915,49.0,0.6841427974208601,,,,
gov_report:130,gov_report,disagreement_formal,64,32,physical_delete_median_aov_49,median_aov,49,10,11,0.014365148562337133,0.01655411862383691,0.8597796114577623,0.5107277628370737,0.8677688549151874,0.01554670900646677,0.03527935522172833,0.542395429934338,0.8462590405540958,0.4406744088364646,0.03527935522172833,49.71031069973352,0.000312746164480322,0.0002970103232655674,0.0003964252828154713,1.9682625532150269,0.5169860124588013,0.0003964252828154713,17.87775993347168,18.817415237426758,6.94002628326416,8.586230278015137,8.362430572509766,2.813798189163208,986.0,-0.2269676081428941,-0.7298085454460798,-0.26276586151947234,-0.24812997914600138,0.016385146750059074,-0.4292101458260915,49.0,0.6841427974208601,1.85108095682105e-10,2.2266726473726028e-09,1.8511921156645186e-10,2.2258817754174685e-09
gov_report:130,gov_report,disagreement_formal,64,32,physical_delete_median_aov_49,median_aov,49,11,12,0.009781213903330161,0.012668442786984488,0.6954640041561801,0.7226353136969881,0.7720928347546665,0.009593485821088696,0.033421782035780494,0.21128890441712228,0.9803548690943454,0.28704291742487453,0.033421782035780494,54.0764844590008,0.00017740587090793954,0.00018982304027304053,0.0003202579391654581,2.5323941707611084,0.32370302081108093,0.0003202579391654581,19.699996948242188,19.277196884155273,6.2491278648376465,8.05355453491211,7.8775200843811035,1.2752714157104492,986.0,-0.2269676081428941,-0.7298085454460798,-0.26276586151947234,-0.24812997914600138,0.016385146750059074,-0.4292101458260915,49.0,0.6841427974208601,,,,
gov_report:130,gov_report,disagreement_formal,64,32,physical_delete_median_aov_49,median_aov,49,12,13,0.016005378947177455,0.017613908546333042,0.9048755320887856,0.42569323877487114,0.908678440397009,0.013353219275085164,0.03738663787881559,0.391105433925504,0.9209714734571198,0.35716555520098014,0.03738663787881559,58.47958159650706,0.00022833985658821373,0.0003485873166937381,0.0008367148111574352,2.173368215560913,0.44042086601257324,0.0008367148111574352,16.881587982177734,17.72834587097168,4.669406414031982,8.475930213928223,8.850532531738281,1.6460896730422974,986.0,-0.2269676081428941,-0.7298085454460798,-0.26276586151947234,-0.24812997914600138,0.016385146750059074,-0.4292101458260915,49.0,0.6841427974208601,,,,
gov_report:130,gov_report,disagreement_formal,64,32,physical_delete_median_aov_49,median_aov,49,13,14,0.0038106580277901584,0.006535330375318376,0.49517437706339407,0.8732300648619953,0.583085752203387,0.003153225355946726,0.03535660684528563,0.09413171226215346,0.9955720494853744,0.08918348329478257,0.03535660684528563,60.09120120582875,5.247399440637023e-05,7.882100908318534e-05,0.00014524467405863106,2.170295476913452,0.3842003643512726,0.00014524467405863106,19.951431274414062,18.99193572998047,3.4046876430511475,7.914829254150391,8.039009094238281,2.329005002975464,986.0,-0.2269676081428941,-0.7298085454460798,-0.26276586151947234,-0.24812997914600138,0.016385146750059074,-0.4292101458260915,49.0,0.6841427974208601,,,,
gov_report:130,gov_report,disagreement_formal,64,32,physical_delete_median_aov_49,median_aov,49,14,15,0.0008613524077689313,0.007863672831278447,0.11601226397589968,0.993268896780902,0.10953563636864781,0.000905919786169314,0.03418984374939492,0.05150461191619004,0.9989858197416537,0.026496751281156316,0.03418984374939492,60.65540667049136,1.4935515824511663e-05,1.54735262185568e-05,1.899138260341715e-05,1.7799581289291382,0.46169421076774597,1.899138260341715e-05,20.694915771484375,19.257566452026367,9.881089210510254,8.752012252807617,9.510135650634766,2.584747076034546,986.0,-0.2269676081428941,-0.7298085454460798,-0.26276586151947234,-0.24812997914600138,0.016385146750059074,-0.4292101458260915,49.0,0.6841427974208601,1.543019047030226e-12,2.4396054769953385e-09,1.5444199928110543e-12,2.4388375191932437e-09
gov_report:130,gov_report,disagreement_formal,64,32,physical_delete_median_aov_49,median_aov,49,15,16,0.005171513589314818,0.00938363394830636,0.5452642115207097,0.8382846989199636,0.5511205592422133,0.004697514118660282,0.03422454032923176,0.21032124180980444,0.9803588857618147,0.1372557256714433,0.03422454032923176,62.46905750595516,7.519745464724626e-05,0.00013957171177025884,0.00018202941282652318,2.411240339279175,0.3845132291316986,0.00018202941282652318,55.084190368652344,55.540035247802734,1415.7886962890625,8.069119453430176,7.764710903167725,2.0429117679595947,986.0,-0.2269676081428941,-0.7298085454460798,-0.26276586151947234,-0.24812997914600138,0.016385146750059074,-0.4292101458260915,49.0,0.6841427974208601,,,,
gov_report:130,gov_report,disagreement_formal,64,32,physical_delete_median_aov_49,median_aov,49,16,17,0.02142836919422155,0.022291448322326796,0.9583417392909539,0.2856392062969673,0.9612820523985067,0.020063105138751716,0.03683348453943896,0.5372498636782547,0.8434560157673159,0.5446974509639297,0.03683348453943896,68.64621993877991,0.0002922681708715265,0.00037494653952308,0.0010778281139209867,2.6836535930633545,0.28933677077293396,0.0010778281139209867,18.1805419921875,18.181438446044922,7.473870277404785,8.204690933227539,8.729783058166504,3.4102656841278076,986.0,-0.2269676081428941,-0.7298085454460798,-0.26276586151947234,-0.24812997914600138,0.016385146750059074,-0.4292101458260915,49.0,0.6841427974208601,,,,
gov_report:130,gov_report,disagreement_formal,64,32,physical_delete_median_aov_49,median_aov,49,17,18,0.02001651030177524,0.02093397086558667,0.9620843364817244,0.27281617674308795,0.9561736008088345,0.017429743576154844,0.04033124479876504,0.5234422282475364,0.8569362905503526,0.43216478100592987,0.04033124479876504,69.10889112102677,0.0002522069634373246,0.0004846580559387803,0.0006845966563560069,2.3911991119384766,0.39145466685295105,0.0006845966563560069,16.061513900756836,16.210243225097656,7.178878307342529,7.86126708984375,9.507762908935547,4.206262111663818,986.0,-0.2269676081428941,-0.7298085454460798,-0.26276586151947234,-0.24812997914600138,0.016385146750059074,-0.4292101458260915,49.0,0.6841427974208601,,,,
gov_report:130,gov_report,disagreement_formal,64,32,physical_delete_median_aov_49,median_aov,49,18,19,0.02017718370446437,0.02135310605615733,0.9205701991648905,0.39133603563773245,0.9449296814898799,0.019467880849459093,0.04468806429987105,0.48518551104981283,0.8758138149581839,0.43563938502288785,0.04468806429987105,71.51283428397404,0.0002722291885698876,0.0004039023770019412,0.0006808253237977624,2.387955904006958,0.3747943639755249,0.0006808253237977624,22.028846740722656,21.790225982666016,7.016385078430176,8.776657104492188,9.353311538696289,3.4117751121520996,986.0,-0.2269676081428941,-0.7298085454460798,-0.26276586151947234,-0.24812997914600138,0.016385146750059074,-0.4292101458260915,49.0,0.6841427974208601,1.3438410340130258e-09,2.56096980378711e-09,1.3442324780568211e-09,2.5605135700469134e-09
gov_report:130,gov_report,disagreement_formal,64,32,physical_delete_median_aov_49,median_aov,49,19,20,0.006906828739872006,0.013640706849135358,0.5506140733932634,0.835933238768725,0.5063395039759108,0.006265449841724868,0.042278266050555915,0.1895467154949486,0.9827420636078641,0.1481955251956811,0.042278266050555915,79.8984552995625,7.841765924302138e-05,8.30725475680083e-05,0.00016436565783806145,1.584572196006775,0.508945882320404,0.00016436565783806145,18.445053100585938,18.311506271362305,4.329520225524902,9.200465202331543,10.131834030151367,3.4603898525238037,986.0,-0.2269676081428941,-0.7298085454460798,-0.26276586151947234,-0.24812997914600138,0.016385146750059074,-0.4292101458260915,49.0,0.6841427974208601,,,,
gov_report:130,gov_report,disagreement_formal,64,32,physical_delete_median_aov_49,median_aov,49,20,21,0.03504856677850652,0.03573250657423498,0.9476285813520235,0.32109868031057914,0.9808594509229974,0.031938839381152176,0.0529305945893897,0.6045980435497161,0.796531617491549,0.6034097978478884,0.0529305945893897,88.1974030539856,0.00036212902279676446,0.0005655568675138056,0.0006391315837390721,2.1802031993865967,0.4936256408691406,0.0006391315837390721,17.85049819946289,18.284835815429688,6.203215599060059,11.191789627075195,11.151463508605957,6.75738000869751,986.0,-0.2269676081428941,-0.7298085454460798,-0.26276586151947234,-0.24812997914600138,0.016385146750059074,-0.4292101458260915,49.0,0.6841427974208601,,,,
gov_report:130,gov_report,disagreement_formal,64,32,physical_delete_median_aov_49,median_aov,49,21,22,0.028530565629817893,0.028182527883959536,0.9666721057893776,0.26006048624977485,1.0123494154708685,0.027817399386913255,0.062201247353405494,0.5203101863855776,0.8570997929655007,0.4472161020962269,0.062201247353405494,106.19527354051749,0.0002619457388214163,0.0006548951496370137,0.0007249655900523067,3.0002174377441406,0.2650863230228424,0.0007249655900523067,15.881219863891602,16.945148468017578,4.938419342041016,10.7395658493042,11.547961235046387,7.524532318115234,986.0,-0.2269676081428941,-0.7298085454460798,-0.26276586151947234,-0.24812997914600138,0.016385146750059074,-0.4292101458260915,49.0,0.6841427974208601,,,,
gov_report:130,gov_report,disagreement_formal,64,32,physical_delete_median_aov_49,median_aov,49,22,23,0.03768584226905455,0.03793873270321269,0.9760682151386924,0.2181489286209991,0.9933342413902843,0.038446087287041554,0.07690140978028087,0.5404972197055422,0.8423227690571458,0.4999399542464556,0.07690140978028087,129.3747751198871,0.0002971683409800319,0.0007246255991049111,0.001417188555933535,1.8203107118606567,0.5213472843170166,0.001417188555933535,18.759531021118164,18.99125099182129,5.520862579345703,8.43526840209961,11.363727569580078,11.977947235107422,986.0,-0.2269676081428941,-0.7298085454460798,-0.26276586151947234,-0.24812997914600138,0.016385146750059074,-0.4292101458260915,49.0,0.6841427974208601,1.3475397562522866e-09,1.4331898202553e-08,1.347834499459054e-09,1.4346991785745567e-08
gov_report:130,gov_report,disagreement_formal,64,32,physical_delete_median_aov_49,median_aov,49,23,24,0.039709406875810024,0.03990722249550553,0.9836429271926104,0.18048976703625028,0.9950431123158775,0.04067076373385056,0.09369601258443877,0.46870579256532957,0.8840330411971393,0.4340714467138941,0.09369601258443877,158.22172885968644,0.00025704916781637524,0.0005465397262014449,0.0006998818716965616,1.9871686697006226,0.49343833327293396,0.0006998818716965616,17.336652755737305,17.52782440185547,5.380462646484375,13.717925071716309,14.116327285766602,17.169279098510742,986.0,-0.2269676081428941,-0.7298085454460798,-0.26276586151947234,-0.24812997914600138,0.016385146750059074,-0.4292101458260915,49.0,0.6841427974208601,,,,
gov_report:130,gov_report,disagreement_formal,64,32,physical_delete_median_aov_49,median_aov,49,24,25,0.027111101254270104,0.0314082881867407,0.8985272621563251,0.4403384768060418,0.8631830265017534,0.029429893365700486,0.1043622592140119,0.22241491463397212,0.9767710514748449,0.2819974729116363,0.1043622592140119,199.42504181596203,0.00014757371039119375,0.0005032132030464709,0.0005808945279568434,1.7881156206130981,0.5488283038139343,0.0005808945279568434,18.037050247192383,17.584714889526367,5.082776069641113,10.999940872192383,16.684419631958008,84.35228729248047,986.0,-0.2269676081428941,-0.7298085454460798,-0.26276586151947234,-0.24812997914600138,0.016385146750059074,-0.4292101458260915,49.0,0.6841427974208601,,,,
gov_report:130,gov_report,disagreement_formal,64,32,physical_delete_median_aov_49,median_aov,49,25,26,0.05413429185877439,0.05239972245377625,0.9807547813358525,0.20213945113732756,1.0331026448952716,0.054113275048870556,0.12945541665553362,0.4613273233512966,0.8882869738997242,0.4180070362977544,0.12945541665553362,220.68165882636143,0.0002452096623555309,0.00098183355294168,0.0006773637142032385,1.7358900308609009,0.6218350529670715,0.0006773637142032385,15.243311882019043,16.895856857299805,7.378584861755371,11.354394912719727,22.028104782104492,69.64823913574219,986.0,-0.2269676081428941,-0.7298085454460798,-0.26276586151947234,-0.24812997914600138,0.016385146750059074,-0.4292101458260915,49.0,0.6841427974208601,,,,
gov_report:130,gov_report,disagreement_formal,64,32,physical_delete_median_aov_49,median_aov,49,26,27,0.12202022756150456,0.11971828192886742,0.9700847367992633,0.24769066556070807,1.0192280209467497,0.13078525994851614,0.180972916071278,0.6029950166290321,0.8066729067062433,0.7226786349456018,0.180972916071278,260.17047902514895,0.0005026906220819696,0.0028221954125910997,0.001364763593301177,2.633300304412842,0.4032542407512665,0.001364763593301177,15.673142433166504,16.5146541595459,6.878902912139893,13.407989501953125,28.326496124267578,169.08694458007812,986.0,-0.2269676081428941,-0.7298085454460798,-0.26276586151947234,-0.24812997914600138,0.016385146750059074,-0.4292101458260915,49.0,0.6841427974208601,4.964281073503803e-09,2.603424656003804e-08,4.96225305455358e-09,2.6049680100007753e-08
gov_report:130,gov_report,disagreement_formal,64,32,physical_delete_median_aov_49,median_aov,49,27,28,0.18558379381054269,0.13915608487410724,0.86709452975277,0.6825024235516476,1.3336376485328543,0.18605842472993236,0.24212446304851643,0.5310920498339096,0.879929472636106,0.7684412487169887,0.24212446304851643,269.5273052375916,0.00069031382392192,0.004429327789694071,0.0022497503086924553,3.2012269496917725,0.2136366218328476,0.0022497503086924553,14.988203048706055,15.784698486328125,4.553671836853027,11.911551475524902,28.14509391784668,158.363037109375,986.0,-0.2269676081428941,-0.7298085454460798,-0.26276586151947234,-0.24812997914600138,0.016385146750059074,-0.4292101458260915,49.0,0.6841427974208601,,,,
gov_report:130,gov_report,disagreement_formal,64,32,physical_delete_median_key_query_59,median_key_query,59,0,1,0.0011696738425187858,0.0011698264324980548,0.9999680103828674,0.007999243904391077,0.9998695618640253,0.0018160252996424256,0.0018160062622395237,0.999950464059523,0.009953543561540495,1.000010483115228,0.0018160062622395237,21.469963862068383,8.458446000697984e-05,5.75782178202644e-05,0.00011445417476352304,1.2174159288406372,0.6843793392181396,0.00011445417476352304,778.1927490234375,778.7626953125,1833.742431640625,4.248305797576904,4.189390659332275,0.8261989951133728,976.0,-0.3210643486314957,0.16223837727600116,-0.3038779140068181,-0.30491482709414447,0.2740447947919511,-0.0704140937252107,59.0,0.606925810207394,1.1653447449044391e-11,1.131382320189672e-11,1.1652129411189231e-11,1.1316039392423886e-11
gov_report:130,gov_report,disagreement_formal,64,32,physical_delete_median_key_query_59,median_key_query,59,1,2,0.005394080232092984,0.005367066578874968,0.9982603208495383,0.05934815959101952,1.0050332249136507,0.0052451802287042425,0.005724636123850132,0.9483697211154042,0.3187895015321721,0.9162469221146882,0.005724636123850132,25.664256128861695,0.0002043768657220335,0.0003361612616572529,0.0005513000651262701,2.8062899112701416,0.25062480568885803,0.0005513000651262701,91.27693939208984,90.9344711303711,3934.689697265625,3.7568328380584717,4.054952621459961,0.6226597428321838,976.0,-0.3210643486314957,0.16223837727600116,-0.3038779140068181,-0.30491482709414447,0.2740447947919511,-0.0704140937252107,59.0,0.606925810207394,,,,
gov_report:130,gov_report,disagreement_formal,64,32,physical_delete_median_key_query_59,median_key_query,59,2,3,0.002830473592593547,0.0030141962329155343,0.9152680136995666,0.4035466881560525,0.9390475516107064,0.0027795062823627575,0.00664822996850964,0.4573921241849619,0.8901335398485912,0.4180821505165006,0.00664822996850964,29.76513930574927,9.33812623489346e-05,5.810668881167658e-05,9.727809083415195e-05,2.0922257900238037,0.4565971791744232,9.727809083415195e-05,25.83978271484375,26.31880760192871,56.09834671020508,6.270285129547119,5.986464023590088,1.4918733835220337,976.0,-0.3210643486314957,0.16223837727600116,-0.3038779140068181,-0.30491482709414447,0.2740447947919511,-0.0704140937252107,59.0,0.606925810207394,,,,
gov_report:130,gov_report,disagreement_formal,64,32,physical_delete_median_key_query_59,median_key_query,59,3,4,0.001046670837868322,0.0014978163023816437,0.6734229929762926,0.7396927448495834,0.6987978674047242,0.001014166629957852,0.00688957859250634,0.16414103539517627,0.9865822913370135,0.1472029988976309,0.00688957859250634,41.56833671657267,2.439757541594199e-05,1.5151576917560305e-05,3.7512909329961985e-05,0.9944429993629456,0.76738041639328,3.7512909329961985e-05,19.099136352539062,20.71725845336914,8.17690372467041,7.54526424407959,6.390174388885498,1.3001468181610107,976.0,-0.3210643486314957,0.16223837727600116,-0.3038779140068181,-0.30491482709414447,0.2740447947919511,-0.0704140937252107,59.0,0.606925810207394,,,,
gov_report:130,gov_report,disagreement_formal,64,32,physical_delete_median_key_query_59,median_key_query,59,4,5,0.016787046882962006,0.016421292639229708,0.9920988441231399,0.1290363260322951,1.0222731700705783,0.017775625124197097,0.019770688720191595,0.9361857100026522,0.35345780630215523,0.8990898281678492,0.019770688720191595,41.195340502765426,0.00043149601161820294,0.00023410974245052785,0.00043737320811487734,1.5346194505691528,0.6245962977409363,0.00043737320811487734,17.12673568725586,17.671886444091797,4.831030368804932,7.804060935974121,7.285590171813965,2.67221736907959,976.0,-0.3210643486314957,0.16223837727600116,-0.3038779140068181,-0.30491482709414447,0.2740447947919511,-0.0704140937252107,59.0,0.606925810207394,4.6415384034426806e-10,4.936294769974012e-10,4.6408178025895544e-10,4.935303180252657e-10
gov_report:130,gov_report,disagreement_formal,64,32,physical_delete_median_key_query_59,median_key_query,59,5,6,0.06714279643427502,0.06689414705412364,0.9932897064244024,0.11612187028459375,1.0037170573376204,0.05553834969572449,0.06028753393323643,0.953965178956069,0.3016991768580468,0.9212244401509062,0.06028753393323643,43.24790936990979,0.001284185767702471,0.0006487555801868439,0.0011874347692355514,1.6196657419204712,0.5900495052337646,0.0011874347692355514,16.825803756713867,16.8780517578125,4.165049076080322,8.667129516601562,8.07693862915039,2.177886962890625,976.0,-0.3210643486314957,0.16223837727600116,-0.3038779140068181,-0.30491482709414447,0.2740447947919511,-0.0704140937252107,59.0,0.606925810207394,,,,
gov_report:130,gov_report,disagreement_formal,64,32,physical_delete_median_key_query_59,median_key_query,59,6,7,0.002246934348284805,0.015048641640209809,0.15935577421689928,0.9872723159697873,0.14931143966383123,0.0021040101745454336,0.05875125776827861,0.13232431926954488,0.9958940049094462,0.035812172444782034,0.05875125776827861,44.94239942330027,4.6815706360675854e-05,4.3015596020268276e-05,7.902652578195557e-05,1.1933268308639526,0.6643238067626953,7.902652578195557e-05,18.544769287109375,19.204689025878906,6.202404499053955,7.475375175476074,6.933459281921387,1.9290196895599365,976.0,-0.3210643486314957,0.16223837727600116,-0.3038779140068181,-0.30491482709414447,0.2740447947919511,-0.0704140937252107,59.0,0.606925810207394,,,,
gov_report:130,gov_report,disagreement_formal,64,32,physical_delete_median_key_query_59,median_key_query,59,7,8,0.005856479858498995,0.015948789644246387,0.3504913413638031,0.9367150983973535,0.367205285738517,0.006518113733672713,0.06362894239741781,0.0965812275244678,0.9953423457467163,0.10243944796318398,0.06362894239741781,52.78092143562379,0.00012349374653534178,0.0001631542108952999,0.0002369607100263238,2.2703404426574707,0.3998625576496124,0.0002369607100263238,33.727806091308594,33.8061637878418,195.13446044921875,7.482332706451416,6.677889347076416,2.5451812744140625,976.0,-0.3210643486314957,0.16223837727600116,-0.3038779140068181,-0.30491482709414447,0.2740447947919511,-0.0704140937252107,59.0,0.606925810207394,1.130171961039872e-11,2.4638501109790243e-09,1.1303341837075427e-11,2.4638872870801256e-09
gov_report:130,gov_report,disagreement_formal,64,32,physical_delete_median_key_query_59,median_key_query,59,8,9,0.007746433344212413,0.01303796266841098,0.43310074172604945,0.9156193685548374,0.594144464225293,0.007519061869665556,0.06472895157346298,0.08110434195108393,0.9973219860954099,0.11616226876673462,0.06472895157346298,52.96624802877129,0.0001419594958959751,0.0001572355831740424,0.00023412749578710645,1.5567489862442017,0.596839964389801,0.00023412749578710645,19.766220092773438,19.38934898376465,6.6342549324035645,8.396268844604492,8.016640663146973,1.976571798324585,976.0,-0.3210643486314957,0.16223837727600116,-0.3038779140068181,-0.30491482709414447,0.2740447947919511,-0.0704140937252107,59.0,0.606925810207394,,,,
gov_report:130,gov_report,disagreement_formal,64,32,physical_delete_median_key_query_59,median_key_query,59,9,10,0.02995643897995189,0.029994915770872363,0.9568424552027636,0.2936086035722643,0.9987172229048952,0.03154230872122288,0.07339496423537907,0.4956189220496673,0.8710333645692668,0.4297612111379479,0.07339496423537907,51.46986398919358,0.0006128306211931196,0.0005454928032122552,0.0011073133209720254,1.8986908197402954,0.5455113053321838,0.0011073133209720254,18.706743240356445,19.090545654296875,5.524270534515381,7.863884925842285,7.6100969314575195,1.6230275630950928,976.0,-0.3210643486314957,0.16223837727600116,-0.3038779140068181,-0.30491482709414447,0.2740447947919511,-0.0704140937252107,59.0,0.606925810207394,,,,
gov_report:130,gov_report,disagreement_formal,64,32,physical_delete_median_key_query_59,median_key_query,59,10,11,0.012453345517753442,0.026689611643310227,0.5742503992612542,0.8257271386079037,0.4665989780662426,0.011317878829185954,0.0670343981471898,0.26722429142416093,0.9686440317433831,0.1688368828841409,0.0670343981471898,49.71031069973352,0.0002276766865841904,0.00026778454775922,0.00035532726906239986,1.9682625532150269,0.5169860124588013,0.00035532726906239986,18.226154327392578,18.817415237426758,6.94002628326416,8.26430892944336,8.362430572509766,2.813798189163208,976.0,-0.3210643486314957,0.16223837727600116,-0.3038779140068181,-0.30491482709414447,0.2740447947919511,-0.0704140937252107,59.0,0.606925810207394,1.0147921745249442e-10,2.96221821369558e-09,1.014720885102212e-10,2.961097199252148e-09
gov_report:130,gov_report,disagreement_formal,64,32,physical_delete_median_key_query_59,median_key_query,59,11,12,0.030545428223831363,0.0401054995779502,0.7130760873174595,0.702765734299087,0.761626922623477,0.028938955395407556,0.07084915432357836,0.46593794158604596,0.8866824091418161,0.4084587271605128,0.07084915432357836,54.0764844590008,0.0005351486082152441,0.0006973512354306877,0.0010695377131924033,2.5323941707611084,0.32370302081108093,0.0010695377131924033,18.739002227783203,19.277196884155273,6.2491278648376465,7.601235389709473,7.8775200843811035,1.2752714157104492,976.0,-0.3210643486314957,0.16223837727600116,-0.3038779140068181,-0.30491482709414447,0.2740447947919511,-0.0704140937252107,59.0,0.606925810207394,,,,
gov_report:130,gov_report,disagreement_formal,64,32,physical_delete_median_key_query_59,median_key_query,59,12,13,0.009339129216675757,0.017599937669201232,0.370939500841766,0.9422877959502148,0.5306342211096939,0.009026677361070762,0.07145557097254385,0.25889688490602153,0.9749602624589554,0.12632573273452927,0.07145557097254385,58.47958159650706,0.00015435605239709716,0.0001801578764570877,0.00026217487175017595,2.173368215560913,0.44042086601257324,0.00026217487175017595,17.86439323425293,17.72834587097168,4.669406414031982,8.972433090209961,8.850532531738281,1.6460896730422974,976.0,-0.3210643486314957,0.16223837727600116,-0.3038779140068181,-0.30491482709414447,0.2740447947919511,-0.0704140937252107,59.0,0.606925810207394,,,,
gov_report:130,gov_report,disagreement_formal,64,32,physical_delete_median_key_query_59,median_key_query,59,13,14,0.0018856156162999568,0.012108558784746532,0.12950880526574235,0.9919247969602948,0.1557258506004295,0.0016040617309757514,0.06708264451103049,-0.0013294057181052778,1.0003176232315856,0.02391172474889527,0.06708264451103049,60.09120120582875,2.669378709008333e-05,3.2521216780878603e-05,5.0179518439108506e-05,2.170295476913452,0.3842003643512726,5.0179518439108506e-05,19.375991821289062,18.99193572998047,3.4046876430511475,8.723299980163574,8.039009094238281,2.329005002975464,976.0,-0.3210643486314957,0.16223837727600116,-0.3038779140068181,-0.30491482709414447,0.2740447947919511,-0.0704140937252107,59.0,0.606925810207394,,,,
gov_report:130,gov_report,disagreement_formal,64,32,physical_delete_median_key_query_59,median_key_query,59,14,15,0.004270504230766489,0.012825914603051217,0.2950908568818603,0.9562193187654282,0.3329590413576088,0.004188020531673947,0.06537976153458662,0.09835452190961146,0.9957422956848719,0.06405683400142775,0.06537976153458662,60.65540667049136,6.904612072630623e-05,0.00010175442002946511,0.0001621051342226565,1.7799581289291382,0.46169421076774597,0.0001621051342226565,18.278125762939453,19.257566452026367,9.881089210510254,8.100359916687012,9.510135650634766,2.584747076034546,976.0,-0.3210643486314957,0.16223837727600116,-0.3038779140068181,-0.30491482709414447,0.2740447947919511,-0.0704140937252107,59.0,0.606925810207394,8.143558313639368e-12,5.3114644866804114e-09,8.142867911804922e-12,5.308667703292114e-09
gov_report:130,gov_report,disagreement_formal,64,32,physical_delete_median_key_query_59,median_key_query,59,15,16,0.013735409174010173,0.02009923014946456,0.6905864082513863,0.7232857989845962,0.6833798643962531,0.011392828034014186,0.06315940976508486,0.2367940588142457,0.9731962191169928,0.18038211687520003,0.06315940976508486,62.46905750595516,0.0001823755390087022,0.0002752561995293945,0.00034318570396862924,2.411240339279175,0.3845132291316986,0.00034318570396862924,54.47097396850586,55.540035247802734,1415.7886962890625,7.868905544281006,7.764710903167725,2.0429117679595947,976.0,-0.3210643486314957,0.16223837727600116,-0.3038779140068181,-0.30491482709414447,0.2740447947919511,-0.0704140937252107,59.0,0.606925810207394,,,,
gov_report:130,gov_report,disagreement_formal,64,32,physical_delete_median_key_query_59,median_key_query,59,16,17,0.011787319853727699,0.01628482677335009,0.7600662305608951,0.6508555536698241,0.7238222437230647,0.010576298438512995,0.06172740795708805,0.13285382741051854,0.9918825291850051,0.17133877459856203,0.06172740795708805,68.64621993877991,0.00015406964065822054,0.0001941155205713585,0.0004230739432387054,2.6836535930633545,0.28933677077293396,0.0004230739432387054,18.362754821777344,18.181438446044922,7.473870277404785,8.94737434387207,8.729783058166504,3.4102656841278076,976.0,-0.3210643486314957,0.16223837727600116,-0.3038779140068181,-0.30491482709414447,0.2740447947919511,-0.0704140937252107,59.0,0.606925810207394,,,,
gov_report:130,gov_report,disagreement_formal,64,32,physical_delete_median_key_query_59,median_key_query,59,17,18,0.022534252237734156,0.024426751475141527,0.9253240621839682,0.37918758299559224,0.9225234989051525,0.02115975145488581,0.06223471069418214,0.3763739626190163,0.9271816241049419,0.33999919367928993,0.06223471069418214,69.10889112102677,0.00030617987225160147,0.00024956525885500014,0.0004187634331174195,2.3911991119384766,0.39145466685295105,0.0004187634331174195,15.386702537536621,16.210243225097656,7.178878307342529,8.809813499450684,9.507762908935547,4.206262111663818,976.0,-0.3210643486314957,0.16223837727600116,-0.3038779140068181,-0.30491482709414447,0.2740447947919511,-0.0704140937252107,59.0,0.606925810207394,,,,
gov_report:130,gov_report,disagreement_formal,64,32,physical_delete_median_key_query_59,median_key_query,59,18,19,0.010644751110049895,0.015428208624729118,0.6498044359226663,0.761161064552268,0.6899537962552533,0.010011294747708831,0.060449952850972655,0.15797216707047718,0.987473126685607,0.1656129455119624,0.060449952850972655,71.51283428397404,0.000139992979553215,0.00018010208441410214,0.000288833980448544,2.387955904006958,0.3747943639755249,0.000288833980448544,21.432764053344727,21.790225982666016,7.016385078430176,9.540407180786133,9.353311538696289,3.4117751121520996,976.0,-0.3210643486314957,0.16223837727600116,-0.3038779140068181,-0.30491482709414447,0.2740447947919511,-0.0704140937252107,59.0,0.606925810207394,9.921992328320398e-11,1.7471330070340386e-08,9.921249054870001e-11,1.7453712187527555e-08
gov_report:130,gov_report,disagreement_formal,64,32,physical_delete_median_key_query_59,median_key_query,59,19,20,0.0018695908638323522,0.01385328475902762,0.14282538990883564,0.9897791811213233,0.13495650283330934,0.0016658395662673153,0.06054380171631068,0.083648286106457,0.9980751238987464,0.027514617831118676,0.06054380171631068,79.8984552995625,2.084945897917049e-05,2.2855912902741693e-05,5.345083263819106e-05,1.584572196006775,0.508945882320404,5.345083263819106e-05,19.194833755493164,18.311506271362305,4.329520225524902,9.541543960571289,10.131834030151367,3.4603898525238037,976.0,-0.3210643486314957,0.16223837727600116,-0.3038779140068181,-0.30491482709414447,0.2740447947919511,-0.0704140937252107,59.0,0.606925810207394,,,,
gov_report:130,gov_report,disagreement_formal,64,32,physical_delete_median_key_query_59,median_key_query,59,20,21,0.049500024649181434,0.05247218615378532,0.9242926809857026,0.38216031067872275,0.9433573913636248,0.05156927899401991,0.07844138031676928,0.6829227362255298,0.7309354967804228,0.6574244204496154,0.07844138031676928,88.1974030539856,0.0005847029187747669,0.000661398284137249,0.0007414098363369703,2.1802031993865967,0.4936256408691406,0.0007414098363369703,17.225814819335938,18.284835815429688,6.203215599060059,13.571648597717285,11.151463508605957,6.75738000869751,976.0,-0.3210643486314957,0.16223837727600116,-0.3038779140068181,-0.30491482709414447,0.2740447947919511,-0.0704140937252107,59.0,0.606925810207394,,,,
gov_report:130,gov_report,disagreement_formal,64,32,physical_delete_median_key_query_59,median_key_query,59,21,22,0.045172177642107965,0.04939211290936623,0.9136611341083154,0.4064777295298312,0.9145625684205537,0.04932975259348706,0.09705687829786913,0.582308449995314,0.8163336427714932,0.5082561221688302,0.09705687829786913,106.19527354051749,0.0004645192855467895,0.0005960834096185863,0.0008221007301472127,3.0002174377441406,0.2650863230228424,0.0008221007301472127,17.308759689331055,16.945148468017578,4.938419342041016,12.763040542602539,11.547961235046387,7.524532318115234,976.0,-0.3210643486314957,0.16223837727600116,-0.3038779140068181,-0.30491482709414447,0.2740447947919511,-0.0704140937252107,59.0,0.606925810207394,,,,
gov_report:130,gov_report,disagreement_formal,64,32,physical_delete_median_key_query_59,median_key_query,59,22,23,0.006495264347384277,0.015922068570719806,0.02408457516575879,1.0708714568798368,0.4079409857164457,0.007004578907340332,0.10499139386491463,0.18103481615549977,0.9900986040301585,0.0667157435432532,0.10499139386491463,129.3747751198871,5.414176682316497e-05,6.323831621557474e-05,9.930726810125634e-05,1.8203107118606567,0.5213472843170166,9.930726810125634e-05,19.850383758544922,18.99125099182129,5.520862579345703,11.647623062133789,11.363727569580078,11.977947235107422,976.0,-0.3210643486314957,0.16223837727600116,-0.3038779140068181,-0.30491482709414447,0.2740447947919511,-0.0704140937252107,59.0,0.606925810207394,1.132504940977201e-10,3.2923463414704176e-08,1.1323967215372375e-10,3.288047203646912e-08
gov_report:130,gov_report,disagreement_formal,64,32,physical_delete_median_key_query_59,median_key_query,59,23,24,0.045884268941221634,0.047257664432044925,0.9651973773402234,0.2615855102346347,0.9709381428953563,0.04777140222471051,0.11869234123094878,0.315324344648534,0.9529778725696804,0.4024809160328048,0.11869234123094878,158.22172885968644,0.00030192693866387313,0.0002907171146944165,0.0007372144609689713,1.9871686697006226,0.49343833327293396,0.0007372144609689713,17.56662368774414,17.52782440185547,5.380462646484375,16.789161682128906,14.116327285766602,17.169279098510742,976.0,-0.3210643486314957,0.16223837727600116,-0.3038779140068181,-0.30491482709414447,0.2740447947919511,-0.0704140937252107,59.0,0.606925810207394,,,,
gov_report:130,gov_report,disagreement_formal,64,32,physical_delete_median_key_query_59,median_key_query,59,24,25,0.11020496967790437,0.10943682874579873,0.9874229093104921,0.15931103637585312,1.007019035007766,0.11955556755683394,0.1872300712171317,0.7062918930043354,0.7111546010756006,0.6385489616044888,0.1872300712171317,199.42504181596203,0.0005995012786165788,0.0003414825478103012,0.0008658667211420834,1.7881156206130981,0.5488283038139343,0.0008658667211420834,17.93720245361328,17.584714889526367,5.082776069641113,20.22599983215332,16.684419631958008,84.35228729248047,976.0,-0.3210643486314957,0.16223837727600116,-0.3038779140068181,-0.30491482709414447,0.2740447947919511,-0.0704140937252107,59.0,0.606925810207394,,,,
gov_report:130,gov_report,disagreement_formal,64,32,physical_delete_median_key_query_59,median_key_query,59,25,26,0.0377286774495426,0.038773641605744494,0.8458565902798788,0.548365477511731,0.97304962564963,0.03938079664593273,0.2136926087440598,0.27894477864333606,0.9649610778320965,0.1842871256866877,0.2136926087440598,220.68165882636143,0.00017845070068518313,0.00022204370179679245,0.00027070491341874003,1.7358900308609009,0.6218350529670715,0.00027070491341874003,17.47148895263672,16.895856857299805,7.378584861755371,27.71647834777832,22.028104782104492,69.64823913574219,976.0,-0.3210643486314957,0.16223837727600116,-0.3038779140068181,-0.30491482709414447,0.2740447947919511,-0.0704140937252107,59.0,0.606925810207394,,,,
gov_report:130,gov_report,disagreement_formal,64,32,physical_delete_median_key_query_59,median_key_query,59,26,27,0.051164376320251885,0.05808897385908791,0.8357716681964816,0.5509198325065835,0.8807932542304209,0.054624290725319935,0.24722225120933178,0.23710402458043062,0.9716185281350398,0.2209521612966287,0.24722225120933178,260.17047902514895,0.00020995576027685973,0.0001784943015081808,0.0003103743074461818,2.633300304412842,0.4032542407512665,0.0003103743074461818,17.686752319335938,16.5146541595459,6.878902912139893,37.69098663330078,28.326496124267578,169.08694458007812,976.0,-0.3210643486314957,0.16223837727600116,-0.3038779140068181,-0.30491482709414447,0.2740447947919511,-0.0704140937252107,59.0,0.606925810207394,8.561085159141421e-10,3.2009329881516646e-08,8.560231967906062e-10,3.197660026035275e-08
gov_report:130,gov_report,disagreement_formal,64,32,physical_delete_median_key_query_59,median_key_query,59,27,28,0.2215697402285861,0.22120900038675637,0.9741160881261243,0.227716719377333,1.0016307647573066,0.225612792189434,0.4038948060324665,0.6435161480726145,0.7701291556102465,0.5585929524711403,0.4038948060324665,269.5273052375916,0.0008370684075609838,0.0008725498337298632,0.0016344304895028472,3.2012269496917725,0.2136366218328476,0.0016344304895028472,15.084983825683594,15.784698486328125,4.553671836853027,38.407752990722656,28.14509391784668,158.363037109375,976.0,-0.3210643486314957,0.16223837727600116,-0.3038779140068181,-0.30491482709414447,0.2740447947919511,-0.0704140937252107,59.0,0.606925810207394,,,,
gov_report:130,gov_report,disagreement_formal,64,32,physical_delete_median_age_50,median_age,50,0,1,0.0004375661540336366,0.00043849838402873,0.9997785324666217,0.021130856825722768,0.9978740400670842,0.000829893374604139,0.0008297700752437106,0.9997565416115769,0.022068330485392085,1.000148594609648,0.0008297700752437106,21.469963862068383,3.8653692196955025e-05,2.0037350623169914e-05,4.315723344916478e-05,1.2174159288406372,0.6843793392181396,4.315723344916478e-05,778.583251953125,778.7626953125,1833.742431640625,3.3390953540802,4.189390659332275,0.8261989951133728,985.0,-0.19707878709767943,-0.8748708670323428,-0.24710773848423673,-0.23221869946349916,-0.2634819497435743,-0.6553502708558232,50.0,0.4238464563766099,1.5600992877803013e-12,1.6803500113047117e-12,1.5606141212503514e-12,1.681765460369088e-12
gov_report:130,gov_report,disagreement_formal,64,32,physical_delete_median_age_50,median_age,50,1,2,0.01433229107273161,0.014328129730709384,0.9999499167030159,0.01001399201346596,1.0002904316264882,0.014693751087508568,0.01464789877812571,0.9983408232523764,0.05778009787068124,1.003130299442766,0.01464789877812571,25.664256128861695,0.0005725375796489251,0.0005958670517429709,0.001122332294471562,2.8062899112701416,0.25062480568885803,0.001122332294471562,91.37300872802734,90.9344711303711,3934.689697265625,4.378916263580322,4.054952621459961,0.6226597428321838,985.0,-0.19707878709767943,-0.8748708670323428,-0.24710773848423673,-0.23221869946349916,-0.2634819497435743,-0.6553502708558232,50.0,0.4238464563766099,,,,
gov_report:130,gov_report,disagreement_formal,64,32,physical_delete_median_age_50,median_age,50,2,3,0.011262582178796516,0.011482905786089626,0.9715786938765564,0.23689683884597004,0.9808129047300894,0.01095216417129446,0.018346626856780006,0.6153975550243491,0.7884325395888612,0.5969579180298793,0.018346626856780006,29.76513930574927,0.0003679527268054479,0.00013512723671738058,0.0003693972830660641,2.0922257900238037,0.4565971791744232,0.0003693972830660641,25.86122703552246,26.31880760192871,56.09834671020508,6.618101596832275,5.986464023590088,1.4918733835220337,985.0,-0.19707878709767943,-0.8748708670323428,-0.24710773848423673,-0.23221869946349916,-0.2634819497435743,-0.6553502708558232,50.0,0.4238464563766099,,,,
gov_report:130,gov_report,disagreement_formal,64,32,physical_delete_median_age_50,median_age,50,3,4,0.001679031190629892,0.00339278286115996,0.5031463026644576,0.864240751884271,0.4948831856736765,0.001592357830378959,0.019538138510127787,0.04652740020406437,0.9995290301569166,0.08149997654861257,0.019538138510127787,41.56833671657267,3.8306989313433606e-05,3.711417957674712e-05,7.160679524531588e-05,0.9944429993629456,0.76738041639328,7.160679524531588e-05,19.213821411132812,20.71725845336914,8.17690372467041,6.417163848876953,6.390174388885498,1.3001468181610107,985.0,-0.19707878709767943,-0.8748708670323428,-0.24710773848423673,-0.23221869946349916,-0.2634819497435743,-0.6553502708558232,50.0,0.4238464563766099,,,,
gov_report:130,gov_report,disagreement_formal,64,32,physical_delete_median_age_50,median_age,50,4,5,0.013157587871781022,0.013653958838849114,0.8837023511843867,0.47482754833996554,0.9636463700435521,0.013573297491562369,0.022706506397249228,0.4963608840858599,0.8740194174191291,0.597771284322572,0.022706506397249228,41.195340502765426,0.00032948623135306283,0.0003190952120348811,0.0004887899267487228,1.5346194505691528,0.6245962977409363,0.0004887899267487228,17.255962371826172,17.671886444091797,4.831030368804932,7.7353363037109375,7.285590171813965,2.67221736907959,985.0,-0.19707878709767943,-0.8748708670323428,-0.24710773848423673,-0.23221869946349916,-0.2634819497435743,-0.6553502708558232,50.0,0.4238464563766099,6.618076601799119e-11,3.5533063103413083e-10,6.6185970336961e-11,3.553723077182404e-10
gov_report:130,gov_report,disagreement_formal,64,32,physical_delete_median_age_50,median_age,50,5,6,0.022918252710443527,0.024547167730418568,0.9122369862593553,0.41022168517403007,0.9336414270736209,0.023294650056755812,0.028362836753808685,0.7340143213252325,0.6847213435655668,0.8213088930051295,0.028362836753808685,43.24790936990979,0.0005386306620630158,0.00032149036996997893,0.00043144627125002444,1.6196657419204712,0.5900495052337646,0.00043144627125002444,16.132301330566406,16.8780517578125,4.165049076080322,8.184318542480469,8.07693862915039,2.177886962890625,985.0,-0.19707878709767943,-0.8748708670323428,-0.24710773848423673,-0.23221869946349916,-0.2634819497435743,-0.6553502708558232,50.0,0.4238464563766099,,,,
gov_report:130,gov_report,disagreement_formal,64,32,physical_delete_median_age_50,median_age,50,6,7,0.0005612871843227056,0.011856452472985095,0.33435154110933824,0.985182490605067,0.04734022976953666,0.0005763521385322053,0.025990066270056428,0.12535516819071663,0.997462806780462,0.02217586259855866,0.025990066270056428,44.94239942330027,1.282424049289627e-05,1.5867655747570097e-05,2.0041035895701498e-05,1.1933268308639526,0.6643238067626953,2.0041035895701498e-05,17.940536499023438,19.204689025878906,6.202404499053955,6.703347682952881,6.933459281921387,1.9290196895599365,985.0,-0.19707878709767943,-0.8748708670323428,-0.24710773848423673,-0.23221869946349916,-0.2634819497435743,-0.6553502708558232,50.0,0.4238464563766099,,,,
gov_report:130,gov_report,disagreement_formal,64,32,physical_delete_median_age_50,median_age,50,7,8,0.01057041842243322,0.0128801575905565,0.857425540579807,0.5159186685934903,0.8206746189334874,0.013033217206180388,0.02980977955037668,0.4129073239254588,0.9110973043814325,0.4372128007238383,0.02980977955037668,52.78092143562379,0.0002469304599404699,0.00022903211356606334,0.00033630619873292744,2.2703404426574707,0.3998625576496124,0.00033630619873292744,33.72246170043945,33.8061637878418,195.13446044921875,6.405195236206055,6.677889347076416,2.5451812744140625,985.0,-0.19707878709767943,-0.8748708670323428,-0.24710773848423673,-0.23221869946349916,-0.2634819497435743,-0.6553502708558232,50.0,0.4238464563766099,9.231994087746543e-11,5.192789404871334e-10,9.231011840000626e-11,5.192544351502737e-10
gov_report:130,gov_report,disagreement_formal,64,32,physical_delete_median_age_50,median_age,50,8,9,0.0025908219503477533,0.00783361179936418,0.20703598221917047,0.9861220390535295,0.3307314705788764,0.002570929761985552,0.028671764750689496,0.13857211619031842,0.9915590831833765,0.08966764984090232,0.028671764750689496,52.96624802877129,4.853901980349867e-05,5.935360604780726e-05,7.48385937185958e-05,1.5567489862442017,0.596839964389801,7.48385937185958e-05,18.56402587890625,19.38934898376465,6.6342549324035645,6.80161190032959,8.016640663146973,1.976571798324585,985.0,-0.19707878709767943,-0.8748708670323428,-0.24710773848423673,-0.23221869946349916,-0.2634819497435743,-0.6553502708558232,50.0,0.4238464563766099,,,,
gov_report:130,gov_report,disagreement_formal,64,32,physical_delete_median_age_50,median_age,50,9,10,0.008661587521914151,0.0087017264575672,0.9384138630922451,0.3501790795541866,0.9953872446061387,0.006959097854699062,0.027330575826496284,0.3051471153360426,0.953644345311038,0.2546268288995359,0.027330575826496284,51.46986398919358,0.00013520723225847594,0.00022294353402685374,0.000307768234051764,1.8986908197402954,0.5455113053321838,0.000307768234051764,19.274572372436523,19.090545654296875,5.524270534515381,8.196218490600586,7.6100969314575195,1.6230275630950928,985.0,-0.19707878709767943,-0.8748708670323428,-0.24710773848423673,-0.23221869946349916,-0.2634819497435743,-0.6553502708558232,50.0,0.4238464563766099,,,,
gov_report:130,gov_report,disagreement_formal,64,32,physical_delete_median_age_50,median_age,50,10,11,0.0037598223878615024,0.0082315072040056,0.5736685273748722,0.8273886924582795,0.4567598976323443,0.0036911178826149267,0.025907212109830893,0.2442168533999989,0.9750433984079737,0.14247453052712974,0.025907212109830893,49.71031069973352,7.425256110166927e-05,8.82258391357027e-05,0.00012274377513676882,1.9682625532150269,0.5169860124588013,0.00012274377513676882,18.1750431060791,18.817415237426758,6.94002628326416,7.45365571975708,8.362430572509766,2.813798189163208,985.0,-0.19707878709767943,-0.8748708670323428,-0.24710773848423673,-0.23221869946349916,-0.2634819497435743,-0.6553502708558232,50.0,0.4238464563766099,9.105243956335464e-12,6.677062036069297e-10,9.107037310153408e-12,6.67703084201506e-10
gov_report:130,gov_report,disagreement_formal,64,32,physical_delete_median_age_50,median_age,50,11,12,0.004337311195249408,0.007725989296529953,0.5389881885534,0.8426112261989236,0.5613923380915717,0.004333511625088432,0.024807454007042498,0.13031522597793616,0.9924649594380719,0.17468586755650972,0.024807454007042498,54.0764844590008,8.013671133473873e-05,9.307812433689833e-05,0.00015721684030722827,2.5323941707611084,0.32370302081108093,0.00015721684030722827,20.504566192626953,19.277196884155273,6.2491278648376465,7.782366752624512,7.8775200843811035,1.2752714157104492,985.0,-0.19707878709767943,-0.8748708670323428,-0.24710773848423673,-0.23221869946349916,-0.2634819497435743,-0.6553502708558232,50.0,0.4238464563766099,,,,
gov_report:130,gov_report,disagreement_formal,64,32,physical_delete_median_age_50,median_age,50,12,13,0.009998420601250366,0.010468850918644607,0.9289716509260555,0.3710693632252093,0.955063805851278,0.00829650135121553,0.02463037456177226,0.24023793805013038,0.9755089637888712,0.33684024294507364,0.02463037456177226,58.47958159650706,0.0001418700531829912,0.00022808134963270277,0.0005160995060577989,2.173368215560913,0.44042086601257324,0.0005160995060577989,16.405593872070312,17.72834587097168,4.669406414031982,7.847949981689453,8.850532531738281,1.6460896730422974,985.0,-0.19707878709767943,-0.8748708670323428,-0.24710773848423673,-0.23221869946349916,-0.2634819497435743,-0.6553502708558232,50.0,0.4238464563766099,,,,
gov_report:130,gov_report,disagreement_formal,64,32,physical_delete_median_age_50,median_age,50,13,14,0.013038040528618669,0.013017640525918367,0.9846284450648741,0.17548146156128436,1.001567104473325,0.010732967990165165,0.02563440938601731,0.41127552113506355,0.9115412642391051,0.4186937888266554,0.02563440938601731,60.09120120582875,0.0001786113070597777,0.00027387472800910473,0.0005589632201008499,2.170295476913452,0.3842003643512726,0.0005589632201008499,19.289674758911133,18.99193572998047,3.4046876430511475,7.477903366088867,8.039009094238281,2.329005002975464,985.0,-0.19707878709767943,-0.8748708670323428,-0.24710773848423673,-0.23221869946349916,-0.2634819497435743,-0.6553502708558232,50.0,0.4238464563766099,,,,
gov_report:130,gov_report,disagreement_formal,64,32,physical_delete_median_age_50,median_age,50,14,15,0.0009589006869194094,0.004357204398072161,0.10795367095977142,1.0004582088185408,0.22007245915378074,0.0009702379548368355,0.02444384806353227,0.05714584023957538,0.9985183880593148,0.039692521092222446,0.02444384806353227,60.65540667049136,1.599590223024344e-05,1.7925856809597462e-05,3.0402985430555418e-05,1.7799581289291382,0.46169421076774597,3.0402985430555418e-05,19.007633209228516,19.257566452026367,9.881089210510254,8.174888610839844,9.510135650634766,2.584747076034546,985.0,-0.19707878709767943,-0.8748708670323428,-0.24710773848423673,-0.23221869946349916,-0.2634819497435743,-0.6553502708558232,50.0,0.4238464563766099,3.881216543334071e-12,6.787333499974151e-10,3.882034119013352e-12,6.788335830440819e-10
gov_report:130,gov_report,disagreement_formal,64,32,physical_delete_median_age_50,median_age,50,15,16,0.0048283962291404,0.006857523645341267,0.6706638987960789,0.7425146749992596,0.7041020168294458,0.004042914332682584,0.023440874358758586,0.17467328945583208,0.9846289066945262,0.17247284682330824,0.023440874358758586,62.46905750595516,6.471867023601522e-05,0.00020041568495798856,0.00020915776258334517,2.411240339279175,0.3845132291316986,0.00020915776258334517,55.536434173583984,55.540035247802734,1415.7886962890625,7.136186599731445,7.764710903167725,2.0429117679595947,985.0,-0.19707878709767943,-0.8748708670323428,-0.24710773848423673,-0.23221869946349916,-0.2634819497435743,-0.6553502708558232,50.0,0.4238464563766099,,,,
gov_report:130,gov_report,disagreement_formal,64,32,physical_delete_median_age_50,median_age,50,16,17,0.010682574976780592,0.011454940940055227,0.9332659300179879,0.3591868361354622,0.9325735534284727,0.010554456927496684,0.025103030986887008,0.45339453763913506,0.8919187356337184,0.4204455204238079,0.025103030986887008,68.64621993877991,0.0001537514656584057,0.00025286758318543434,0.00041123139089904726,2.6836535930633545,0.28933677077293396,0.00041123139089904726,17.8309326171875,18.181438446044922,7.473870277404785,7.642404079437256,8.729783058166504,3.4102656841278076,985.0,-0.19707878709767943,-0.8748708670323428,-0.24710773848423673,-0.23221869946349916,-0.2634819497435743,-0.6553502708558232,50.0,0.4238464563766099,,,,
gov_report:130,gov_report,disagreement_formal,64,32,physical_delete_median_age_50,median_age,50,17,18,0.009461040786237392,0.010790414690416065,0.8483574949497349,0.5301872916190046,0.8768004805821402,0.0082404111884995,0.026050849700669194,0.4105077781420416,0.9167085988887367,0.3163202461026759,0.026050849700669194,69.10889112102677,0.00011923807566335424,0.00027250347193330526,0.00039267633110284805,2.3911991119384766,0.39145466685295105,0.00039267633110284805,16.718158721923828,16.210243225097656,7.178878307342529,7.447478294372559,9.507762908935547,4.206262111663818,985.0,-0.19707878709767943,-0.8748708670323428,-0.24710773848423673,-0.23221869946349916,-0.2634819497435743,-0.6553502708558232,50.0,0.4238464563766099,,,,
gov_report:130,gov_report,disagreement_formal,64,32,physical_delete_median_age_50,median_age,50,18,19,0.05868838622040829,0.0577982085633106,0.9948653701993193,0.1032696798362771,1.0154014748765545,0.05338464396080793,0.0578801720566333,0.900396685890975,0.43562242498697257,0.9223304296430445,0.0578801720566333,71.51283428397404,0.0007465043791834632,0.0011043098056688905,0.002253336366266012,2.387955904006958,0.3747943639755249,0.002253336366266012,21.871837615966797,21.790225982666016,7.016385078430176,8.125591278076172,9.353311538696289,3.4117751121520996,985.0,-0.19707878709767943,-0.8748708670323428,-0.24710773848423673,-0.23221869946349916,-0.2634819497435743,-0.6553502708558232,50.0,0.4238464563766099,2.4703925670819283e-09,3.4961312548176785e-09,2.469689541090836e-09,3.4951023779868673e-09
gov_report:130,gov_report,disagreement_formal,64,32,physical_delete_median_age_50,median_age,50,19,20,0.001557410958854608,0.021997565651236613,0.043740880055016834,0.9994092706824441,0.07079924131364312,0.0013588110365777076,0.051514147792452586,0.04609074635867427,0.9991317519636066,0.026377434060489088,0.051514147792452586,79.8984552995625,1.7006724741838008e-05,1.63183703989489e-05,4.081299266545102e-05,1.584572196006775,0.508945882320404,4.081299266545102e-05,19.333698272705078,18.311506271362305,4.329520225524902,8.82971477508545,10.131834030151367,3.4603898525238037,985.0,-0.19707878709767943,-0.8748708670323428,-0.24710773848423673,-0.23221869946349916,-0.2634819497435743,-0.6553502708558232,50.0,0.4238464563766099,,,,
gov_report:130,gov_report,disagreement_formal,64,32,physical_delete_median_age_50,median_age,50,20,21,0.0292040559494853,0.03576240619455248,0.8784474118835153,0.48182320822510183,0.8166132835305084,0.027308880867203934,0.06138679170150492,0.5735611728803075,0.8292105244978522,0.44486574571276133,0.06138679170150492,88.1974030539856,0.00030963361642845854,0.0007244125008583069,0.0007240240229293704,2.1802031993865967,0.4936256408691406,0.0007240240229293704,18.235950469970703,18.284835815429688,6.203215599060059,9.429576873779297,11.151463508605957,6.75738000869751,985.0,-0.19707878709767943,-0.8748708670323428,-0.24710773848423673,-0.23221869946349916,-0.2634819497435743,-0.6553502708558232,50.0,0.4238464563766099,,,,
gov_report:130,gov_report,disagreement_formal,64,32,physical_delete_median_age_50,median_age,50,21,22,0.12939827950491578,0.12752013689409422,0.9930868290726433,0.11936037465658636,1.0147282041610524,0.1282848067661651,0.14913836703514005,0.9145813372256566,0.40804563143309913,0.8601730682483507,0.14913836703514005,106.19527354051749,0.001208008628719428,0.0027618408203125,0.003092134138569236,3.0002174377441406,0.2650863230228424,0.003092134138569236,17.47917938232422,16.945148468017578,4.938419342041016,9.537911415100098,11.547961235046387,7.524532318115234,985.0,-0.19707878709767943,-0.8748708670323428,-0.24710773848423673,-0.23221869946349916,-0.2634819497435743,-0.6553502708558232,50.0,0.4238464563766099,,,,
gov_report:130,gov_report,disagreement_formal,64,32,physical_delete_median_age_50,median_age,50,22,23,0.04927749169388875,0.05766146415544571,0.8645935257779204,0.502571292660044,0.8546000767695534,0.04950780855197078,0.15700369108893697,0.30711422467521554,0.9517081142143499,0.31532894678206247,0.15700369108893697,129.3747751198871,0.00038266971676738083,0.0010873069986701012,0.0021264597307890654,1.8203107118606567,0.5213472843170166,0.0021264597307890654,17.71571922302246,18.99125099182129,5.520862579345703,7.469052791595459,11.363727569580078,11.977947235107422,985.0,-0.19707878709767943,-0.8748708670323428,-0.24710773848423673,-0.23221869946349916,-0.2634819497435743,-0.6553502708558232,50.0,0.4238464563766099,3.796031641467762e-09,2.4799729688461107e-08,3.794516017408396e-09,2.479038283323913e-08
gov_report:130,gov_report,disagreement_formal,64,32,physical_delete_median_age_50,median_age,50,23,24,0.07922783482923818,0.08176146723344094,0.9605543143024425,0.27822102734216236,0.969011901450241,0.0823112922450586,0.1975867398144188,0.47910142262707867,0.8799831647542304,0.4165830780059866,0.1975867398144188,158.22172885968644,0.0005202274860620034,0.0012844172306358814,0.0022081686183810234,1.9871686697006226,0.49343833327293396,0.0022081686183810234,16.96527671813965,17.52782440185547,5.380462646484375,9.859230041503906,14.116327285766602,17.169279098510742,985.0,-0.19707878709767943,-0.8748708670323428,-0.24710773848423673,-0.23221869946349916,-0.2634819497435743,-0.6553502708558232,50.0,0.4238464563766099,,,,
gov_report:130,gov_report,disagreement_formal,64,32,physical_delete_median_age_50,median_age,50,24,25,0.028114234944185326,0.0433893557658218,0.6831149616742761,0.7311568631567292,0.6479523479426992,0.030192232355090647,0.2124958179113835,0.02853857798545278,1.0060209179635713,0.14208388970592176,0.2124958179113835,199.42504181596203,0.00015139639475644854,0.0005693261628039181,0.0006285205599851906,1.7881156206130981,0.5488283038139343,0.0006285205599851906,17.508045196533203,17.584714889526367,5.082776069641113,10.827864646911621,16.684419631958008,84.35228729248047,985.0,-0.19707878709767943,-0.8748708670323428,-0.24710773848423673,-0.23221869946349916,-0.2634819497435743,-0.6553502708558232,50.0,0.4238464563766099,,,,
gov_report:130,gov_report,disagreement_formal,64,32,physical_delete_median_age_50,median_age,50,25,26,0.08100468233552223,0.08398494858246407,0.9812599537427285,0.19341489270735399,0.9645142814606175,0.06752730276506734,0.23958836603211664,0.2832886035847017,0.9590357891193667,0.281847169307108,0.23958836603211664,220.68165882636143,0.00030599417787682907,0.0007419630419462919,0.0009532924159429967,1.7358900308609009,0.6218350529670715,0.0009532924159429967,15.498283386230469,16.895856857299805,7.378584861755371,10.102609634399414,22.028104782104492,69.64823913574219,985.0,-0.19707878709767943,-0.8748708670323428,-0.24710773848423673,-0.23221869946349916,-0.2634819497435743,-0.6553502708558232,50.0,0.4238464563766099,,,,
gov_report:130,gov_report,disagreement_formal,64,32,physical_delete_median_age_50,median_age,50,26,27,0.11179578776562066,0.13763774717537697,0.9201343752401933,0.4061927011407404,0.8122465679649008,0.11800774008009736,0.2865644442321364,0.4213205939541849,0.9069617221635772,0.4118017515965909,0.2865644442321364,260.17047902514895,0.0004535785171410256,0.0026808492839336395,0.0013058194890618324,2.633300304412842,0.4032542407512665,0.0013058194890618324,16.38677406311035,16.5146541595459,6.878902912139893,12.326518058776855,28.326496124267578,169.08694458007812,985.0,-0.19707878709767943,-0.8748708670323428,-0.24710773848423673,-0.23221869946349916,-0.2634819497435743,-0.6553502708558232,50.0,0.4238464563766099,5.566499857892884e-09,3.6031565464211535e-08,5.568934883190683e-09,3.605508535053322e-08
gov_report:130,gov_report,disagreement_formal,64,32,physical_delete_median_age_50,median_age,50,27,28,0.2680677893916192,0.21317620248713287,0.8978432987089191,0.5685296976010147,1.257493971015829,0.23235932009114982,0.3681578722836135,0.4339002176446343,0.9222983817238473,0.6311404361663353,0.3681578722836135,269.5273052375916,0.0008620993701781802,0.0052035097032785416,0.0028928497340530157,3.2012269496917725,0.2136366218328476,0.0028928497340530157,16.46584701538086,15.784698486328125,4.553671836853027,11.896074295043945,28.14509391784668,158.363037109375,985.0,-0.19707878709767943,-0.8748708670323428,-0.24710773848423673,-0.23221869946349916,-0.2634819497435743,-0.6553502708558232,50.0,0.4238464563766099,,,,
gov_report:130,gov_report,disagreement_formal,64,32,physical_delete_median_aor_31,median_aor,31,0,1,0.001454472788923755,0.0014544152895265244,0.9999797156283846,0.006369608312822896,1.0000395343734658,0.002549400365834399,0.0025492232033307457,0.9999752227512118,0.00704008318376156,1.000069496662129,0.0025492232033307457,21.469963862068383,0.00011874264820438285,4.159741729381494e-05,0.00011105562589364126,1.2174159288406372,0.6843793392181396,0.00011105562589364126,778.4281616210938,778.7626953125,1833.742431640625,4.892507553100586,4.189390659332275,0.8261989951133728,1004.0,-0.27971364316800174,0.06883811538479882,-0.2681032218028735,-0.2596928937277106,0.3857007009150676,-0.2547834354284863,31.0,0.33529522529854716,6.876054813813002e-12,6.608117922724635e-12,6.8772938058412294e-12,6.60772135299868e-12
gov_report:130,gov_report,disagreement_formal,64,32,physical_delete_median_aor_31,median_aor,31,1,2,0.037271242172156945,0.037233837158342345,0.9999485025966593,0.010203307836682976,1.0010045973412713,0.038140127170200995,0.03846631958238056,0.9978515804932998,0.06582029753388771,0.9915200514184628,0.03846631958238056,25.664256128861695,0.0014861185525384894,0.0015330248279497027,0.0031392627861350775,2.8062899112701416,0.25062480568885803,0.0031392627861350775,90.181396484375,90.9344711303711,3934.689697265625,3.994384288787842,4.054952621459961,0.6226597428321838,1004.0,-0.27971364316800174,0.06883811538479882,-0.2681032218028735,-0.2596928937277106,0.3857007009150676,-0.2547834354284863,31.0,0.33529522529854716,,,,
gov_report:130,gov_report,disagreement_formal,64,32,physical_delete_median_aor_31,median_aor,31,2,3,0.008049118691855062,0.012767440044429052,0.5910432931446551,0.8076013937868866,0.6304410801104342,0.00866426441991671,0.03998145898019291,0.43212083845852833,0.9271864305680377,0.21670705974509452,0.03998145898019291,29.76513930574927,0.00029108764890756515,0.00027130890521220863,0.00033867708407342434,2.0922257900238037,0.4565971791744232,0.00033867708407342434,23.429943084716797,26.31880760192871,56.09834671020508,5.161434173583984,5.986464023590088,1.4918733835220337,1004.0,-0.27971364316800174,0.06883811538479882,-0.2681032218028735,-0.2596928937277106,0.3857007009150676,-0.2547834354284863,31.0,0.33529522529854716,,,,
gov_report:130,gov_report,disagreement_formal,64,32,physical_delete_median_aor_31,median_aor,31,3,4,0.00489960102200338,0.012471971394245718,0.20318892763019536,0.9973390539322153,0.39284896245544176,0.004738925129286987,0.04417984055326962,0.21312767137317334,0.9827429078531332,0.10726442354569052,0.04417984055326962,41.56833671657267,0.00011400324149601226,7.728662603767589e-05,0.00020197723642922938,0.9944429993629456,0.76738041639328,0.00020197723642922938,18.74468994140625,20.71725845336914,8.17690372467041,6.478306770324707,6.390174388885498,1.3001468181610107,1004.0,-0.27971364316800174,0.06883811538479882,-0.2681032218028735,-0.2596928937277106,0.3857007009150676,-0.2547834354284863,31.0,0.33529522529854716,,,,
gov_report:130,gov_report,disagreement_formal,64,32,physical_delete_median_aor_31,median_aor,31,4,5,0.05206501876240803,0.05591941541233628,0.9625067728698703,0.2730729540241975,0.9310723007115354,0.058162454987083896,0.08685173182295414,0.8578823045817865,0.5472292461990855,0.6696752473013103,0.08685173182295414,41.195340502765426,0.0014118697473365822,0.0008832989260554314,0.0016463814536109567,1.5346194505691528,0.6245962977409363,0.0016463814536109567,15.648252487182617,17.671886444091797,4.831030368804932,7.521025657653809,7.285590171813965,2.67221736907959,1004.0,-0.27971364316800174,0.06883811538479882,-0.2681032218028735,-0.2596928937277106,0.3857007009150676,-0.2547834354284863,31.0,0.33529522529854716,8.736651698862836e-09,2.610681904982408e-08,8.731829653794864e-09,2.6084714112858805e-08
gov_report:130,gov_report,disagreement_formal,64,32,physical_delete_median_aor_31,median_aor,31,5,6,0.055238809754399446,0.05858259158242858,0.9265629277921802,0.37649536182922966,0.9429219203571035,0.05897866123356645,0.09744297808819334,0.6753261347425159,0.740839664560052,0.6052633282634923,0.09744297808819334,43.24790936990979,0.0013637343883864477,0.0006521843024529517,0.0011034248163923621,1.6196657419204712,0.5900495052337646,0.0011034248163923621,16.126747131347656,16.8780517578125,4.165049076080322,8.719964981079102,8.07693862915039,2.177886962890625,1004.0,-0.27971364316800174,0.06883811538479882,-0.2681032218028735,-0.2596928937277106,0.3857007009150676,-0.2547834354284863,31.0,0.33529522529854716,,,,
gov_report:130,gov_report,disagreement_formal,64,32,physical_delete_median_aor_31,median_aor,31,6,7,0.0015868775463818202,0.013977525421295236,0.0447940903590118,1.0013581797235742,0.11353064999360747,0.0018523633874297694,0.09447968143138293,0.10493430960038432,0.9981331176576497,0.01960594446727757,0.09447968143138293,44.94239942330027,4.1216388337054746e-05,3.961804759455845e-05,6.405817111954093e-05,1.1933268308639526,0.6643238067626953,6.405817111954093e-05,19.606447219848633,19.204689025878906,6.202404499053955,6.728114128112793,6.933459281921387,1.9290196895599365,1004.0,-0.27971364316800174,0.06883811538479882,-0.2681032218028735,-0.2596928937277106,0.3857007009150676,-0.2547834354284863,31.0,0.33529522529854716,,,,
gov_report:130,gov_report,disagreement_formal,64,32,physical_delete_median_aor_31,median_aor,31,7,8,0.012808332807145075,0.025898580972565286,0.3703466279546271,0.937161496900419,0.49455732036875355,0.015274346217806942,0.1078697375971139,0.24000493804959427,0.9757464718268368,0.14159992003369457,0.1078697375971139,52.78092143562379,0.0002893914278559321,0.00036235430161468685,0.000493602710776031,2.2703404426574707,0.3998625576496124,0.000493602710776031,33.70648956298828,33.8061637878418,195.13446044921875,7.083683967590332,6.677889347076416,2.5451812744140625,1004.0,-0.27971364316800174,0.06883811538479882,-0.2681032218028735,-0.2596928937277106,0.3857007009150676,-0.2547834354284863,31.0,0.33529522529854716,1.230025583859443e-10,2.35264621085671e-08,1.2300502512293684e-10,2.350803853056682e-08
gov_report:130,gov_report,disagreement_formal,64,32,physical_delete_median_aor_31,median_aor,31,8,9,0.019616315115568026,0.0282385853209381,0.5890811863379255,0.8149423202648799,0.6946635212998115,0.020486218602994394,0.11502911034224876,0.32548214592040775,0.9569660723571484,0.1780959492952808,0.11502911034224876,52.96624802877129,0.0003867787386387322,0.0003510123351588845,0.0007173503981903195,1.5567489862442017,0.596839964389801,0.0007173503981903195,18.523550033569336,19.38934898376465,6.6342549324035645,8.44379711151123,8.016640663146973,1.976571798324585,1004.0,-0.27971364316800174,0.06883811538479882,-0.2681032218028735,-0.2596928937277106,0.3857007009150676,-0.2547834354284863,31.0,0.33529522529854716,,,,
gov_report:130,gov_report,disagreement_formal,64,32,physical_delete_median_aor_31,median_aor,31,9,10,0.049381232733495255,0.0499063486572519,0.9475344746475104,0.32239366688776006,0.9894779734866389,0.04675435268350759,0.11738474569015817,0.41290969556268503,0.9108891394704107,0.39830007219947994,0.11738474569015817,51.46986398919358,0.0009083830626271707,0.0009094923734664917,0.0015880680875852704,1.8986908197402954,0.5455113053321838,0.0015880680875852704,19.318695068359375,19.090545654296875,5.524270534515381,7.296291351318359,7.6100969314575195,1.6230275630950928,1004.0,-0.27971364316800174,0.06883811538479882,-0.2681032218028735,-0.2596928937277106,0.3857007009150676,-0.2547834354284863,31.0,0.33529522529854716,,,,
gov_report:130,gov_report,disagreement_formal,64,32,physical_delete_median_aor_31,median_aor,31,10,11,0.0038359994777159992,0.039045028828628404,-0.045927661403138385,1.0092950799915836,0.09824552811966134,0.00404907930708112,0.10918977475736434,0.1710789432001711,0.9943273709045946,0.03708295319849104,0.10918977475736434,49.71031069973352,8.145351034997304e-05,7.995937630767003e-05,0.00011159614950884134,1.9682625532150269,0.5169860124588013,0.00011159614950884134,16.19696044921875,18.817415237426758,6.94002628326416,8.735462188720703,8.362430572509766,2.813798189163208,1004.0,-0.27971364316800174,0.06883811538479882,-0.2681032218028735,-0.2596928937277106,0.3857007009150676,-0.2547834354284863,31.0,0.33529522529854716,6.14044105086675e-11,2.1117636084514956e-08,6.140857298115811e-11,2.1100292118898697e-08
gov_report:130,gov_report,disagreement_formal,64,32,physical_delete_median_aor_31,median_aor,31,11,12,0.041906440728981566,0.058498424717383916,0.5166814979866414,0.879155964590964,0.71636870448117,0.04092745702482119,0.10487768991834587,0.3861036423665948,0.9224646799768746,0.3902398790122655,0.10487768991834587,54.0764844590008,0.0007568438931316103,0.001052103121764958,0.0012293198378756642,2.5323941707611084,0.32370302081108093,0.0012293198378756642,17.690074920654297,19.277196884155273,6.2491278648376465,7.468868255615234,7.8775200843811035,1.2752714157104492,1004.0,-0.27971364316800174,0.06883811538479882,-0.2681032218028735,-0.2596928937277106,0.3857007009150676,-0.2547834354284863,31.0,0.33529522529854716,,,,
gov_report:130,gov_report,disagreement_formal,64,32,physical_delete_median_aor_31,median_aor,31,12,13,0.0041164810774113715,0.023653686405080854,0.1453860596048659,0.989789594677651,0.17403126966827226,0.0037192142702297546,0.0986277916411388,0.057392083182232975,0.9985457170568284,0.0377095969436512,0.0986277916411388,58.47958159650706,6.359851026109086e-05,0.00012994756980333477,0.0001501799706602469,2.173368215560913,0.44042086601257324,0.0001501799706602469,17.00478744506836,17.72834587097168,4.669406414031982,8.63772201538086,8.850532531738281,1.6460896730422974,1004.0,-0.27971364316800174,0.06883811538479882,-0.2681032218028735,-0.2596928937277106,0.3857007009150676,-0.2547834354284863,31.0,0.33529522529854716,,,,
gov_report:130,gov_report,disagreement_formal,64,32,physical_delete_median_aor_31,median_aor,31,13,14,0.0016612079346886477,0.015480034840895782,0.13576937757007804,0.9911490530579398,0.10731293254586233,0.0014880170937106652,0.09427479853044761,-0.07986253474178061,1.0013841430864892,0.01578382682228788,0.09427479853044761,60.09120120582875,2.476264517685045e-05,5.497666643350385e-05,6.754924834240228e-05,2.170295476913452,0.3842003643512726,6.754924834240228e-05,18.533039093017578,18.99193572998047,3.4046876430511475,7.375010967254639,8.039009094238281,2.329005002975464,1004.0,-0.27971364316800174,0.06883811538479882,-0.2681032218028735,-0.2596928937277106,0.3857007009150676,-0.2547834354284863,31.0,0.33529522529854716,,,,
gov_report:130,gov_report,disagreement_formal,64,32,physical_delete_median_aor_31,median_aor,31,14,15,0.00016360195008174291,0.018070461432130366,-0.1377362144631475,1.001287157707908,0.009053556861079863,0.00018985235391132718,0.09131498507041401,0.10493027250661588,0.9997839781774572,0.0020790930838452187,0.09131498507041401,60.65540667049136,3.130015349541621e-06,3.1974770990927937e-06,4.486938451009337e-06,1.7799581289291382,0.46169421076774597,4.486938451009337e-06,16.494686126708984,19.257566452026367,9.881089210510254,8.11962604522705,9.510135650634766,2.584747076034546,1004.0,-0.27971364316800174,0.06883811538479882,-0.2681032218028735,-0.2596928937277106,0.3857007009150676,-0.2547834354284863,31.0,0.33529522529854716,4.392673541948842e-14,1.8967595629452657e-08,4.2910906993515164e-14,1.8953243547469567e-08
gov_report:130,gov_report,disagreement_formal,64,32,physical_delete_median_aor_31,median_aor,31,15,16,0.003351197533214048,0.02086377687588825,0.21237570212803464,0.9785575750214157,0.1606227651469444,0.0033589990637053375,0.08340372485198945,0.036185864631594344,0.9993534388801473,0.040273969414031684,0.08340372485198945,62.46905750595516,5.377060576566446e-05,8.654612611280754e-05,0.00010797686263686046,2.411240339279175,0.3845132291316986,0.00010797686263686046,54.307003021240234,55.540035247802734,1415.7886962890625,7.37929105758667,7.764710903167725,2.0429117679595947,1004.0,-0.27971364316800174,0.06883811538479882,-0.2681032218028735,-0.2596928937277106,0.3857007009150676,-0.2547834354284863,31.0,0.33529522529854716,,,,
gov_report:130,gov_report,disagreement_formal,64,32,physical_delete_median_aor_31,median_aor,31,16,17,0.07441856732303236,0.07579868282869875,0.979360032751834,0.20213817660210248,0.9817923550362294,0.07272672844262447,0.11013975879894772,0.688466451814295,0.725814407733747,0.6603131261198958,0.11013975879894772,68.64621993877991,0.00105944258121545,0.001004547462798655,0.0032421101350337267,2.6836535930633545,0.28933677077293396,0.0032421101350337267,14.427447319030762,18.181438446044922,7.473870277404785,7.896268844604492,8.729783058166504,3.4102656841278076,1004.0,-0.27971364316800174,0.06883811538479882,-0.2681032218028735,-0.2596928937277106,0.3857007009150676,-0.2547834354284863,31.0,0.33529522529854716,,,,
gov_report:130,gov_report,disagreement_formal,64,32,physical_delete_median_aor_31,median_aor,31,17,18,0.009636185782067264,0.027444290818541286,0.4336210336611649,0.9048643777071849,0.35111804658319257,0.008532308295216567,0.10719621603467436,0.10591336892327662,0.9947235808578703,0.0795952376943665,0.10719621603467436,69.10889112102677,0.00012346180291439467,0.0002317875187145546,0.0002776012406684458,2.3911991119384766,0.39145466685295105,0.0002776012406684458,15.058237075805664,16.210243225097656,7.178878307342529,7.665289878845215,9.507762908935547,4.206262111663818,1004.0,-0.27971364316800174,0.06883811538479882,-0.2681032218028735,-0.2596928937277106,0.3857007009150676,-0.2547834354284863,31.0,0.33529522529854716,,,,
gov_report:130,gov_report,disagreement_formal,64,32,physical_delete_median_aor_31,median_aor,31,18,19,0.008987505933066502,0.020448263659251675,0.5198108005154388,0.8580458473288017,0.4395241612116131,0.008611224665228918,0.10640735263761905,0.0705361844522574,0.9975633388979277,0.0809269702870563,0.10640735263761905,71.51283428397404,0.00012041509403800382,0.00018090543744619936,0.0003045429184567183,2.387955904006958,0.3747943639755249,0.0003045429184567183,20.111263275146484,21.790225982666016,7.016385078430176,7.627535343170166,9.353311538696289,3.4117751121520996,1004.0,-0.27971364316800174,0.06883811538479882,-0.2681032218028735,-0.2596928937277106,0.3857007009150676,-0.2547834354284863,31.0,0.33529522529854716,1.3021704272088245e-10,4.1521418295552585e-08,1.3022796852739024e-10,4.1475077463108594e-08
gov_report:130,gov_report,disagreement_formal,64,32,physical_delete_median_aor_31,median_aor,31,19,20,0.0004402763727560675,0.025700807401540196,-0.035202537561505376,1.0007495009071938,0.017130838182526618,0.00044106210138953337,0.10729367471303641,-0.007303920455299955,1.0000384734760561,0.004110793134536414,0.10729367471303641,79.8984552995625,5.520283211181787e-06,8.416416676482186e-06,1.2312217222643085e-05,1.584572196006775,0.508945882320404,1.2312217222643085e-05,16.72486686706543,18.311506271362305,4.329520225524902,8.730737686157227,10.131834030151367,3.4603898525238037,1004.0,-0.27971364316800174,0.06883811538479882,-0.2681032218028735,-0.2596928937277106,0.3857007009150676,-0.2547834354284863,31.0,0.33529522529854716,,,,
gov_report:130,gov_report,disagreement_formal,64,32,physical_delete_median_aor_31,median_aor,31,20,21,0.08050830023490685,0.08891988834128063,0.941401144120741,0.3392046274670451,0.9054026240553797,0.07958722295683623,0.1331735089288445,0.6155115378258948,0.7883309171741305,0.5976205297658728,0.1331735089288445,88.1974030539856,0.0009023760360395297,0.001034157001413405,0.0024149897508323193,2.1802031993865967,0.4936256408691406,0.0024149897508323193,15.090282440185547,18.284835815429688,6.203215599060059,10.806001663208008,11.151463508605957,6.75738000869751,1004.0,-0.27971364316800174,0.06883811538479882,-0.2681032218028735,-0.2596928937277106,0.3857007009150676,-0.2547834354284863,31.0,0.33529522529854716,,,,
gov_report:130,gov_report,disagreement_formal,64,32,physical_delete_median_aor_31,median_aor,31,21,22,0.053639577662450595,0.05799062447152725,0.8692923670211565,0.49742412462707297,0.9249698231614496,0.051596927709600046,0.15515355247661927,0.4988023229113165,0.8825161539939514,0.3325539562967815,0.15515355247661927,106.19527354051749,0.00048586840063003254,0.001068462966941297,0.0006613474688492715,3.0002174377441406,0.2650863230228424,0.0006613474688492715,14.558985710144043,16.945148468017578,4.938419342041016,11.657767295837402,11.547961235046387,7.524532318115234,1004.0,-0.27971364316800174,0.06883811538479882,-0.2681032218028735,-0.2596928937277106,0.3857007009150676,-0.2547834354284863,31.0,0.33529522529854716,,,,
gov_report:130,gov_report,disagreement_formal,64,32,physical_delete_median_aor_31,median_aor,31,22,23,0.057322306985995164,0.061014507678415826,0.9192417572493394,0.3942137006937229,0.9394865117673187,0.05713571005172726,0.17928597028827642,0.30750337547879364,0.9516126827038749,0.3186847802974095,0.17928597028827642,129.3747751198871,0.0004416294443702924,0.0005067232996225357,0.0009930439991876483,1.8203107118606567,0.5213472843170166,0.0009930439991876483,17.11126708984375,18.99125099182129,5.520862579345703,12.162424087524414,11.363727569580078,11.977947235107422,1004.0,-0.27971364316800174,0.06883811538479882,-0.2681032218028735,-0.2596928937277106,0.3857007009150676,-0.2547834354284863,31.0,0.33529522529854716,4.502746266265789e-09,4.447804974189377e-08,4.50483195811348e-09,4.4414770877880104e-08
gov_report:130,gov_report,disagreement_formal,64,32,physical_delete_median_aor_31,median_aor,31,23,24,0.05653929764221764,0.07267632537913653,0.8604709146369304,0.5161373873534253,0.7779603240431388,0.05432726143056589,0.2284226726012265,0.37731885092599926,0.9365285877861196,0.23783655454118954,0.2284226726012265,158.22172885968644,0.00034336157127156774,0.0004121120146010071,0.0006117754965089262,1.9871686697006226,0.49343833327293396,0.0006117754965089262,15.10732650756836,17.52782440185547,5.380462646484375,15.315703392028809,14.116327285766602,17.169279098510742,1004.0,-0.27971364316800174,0.06883811538479882,-0.2681032218028735,-0.2596928937277106,0.3857007009150676,-0.2547834354284863,31.0,0.33529522529854716,,,,
gov_report:130,gov_report,disagreement_formal,64,32,physical_delete_median_aor_31,median_aor,31,24,25,0.0384643362744823,0.04241018423594044,0.9356796519853695,0.3540175324150586,0.9069598957763019,0.04038776409162507,0.25123629486776144,0.13977841364211502,0.9904049969223324,0.16075608865702792,0.25123629486776144,199.42504181596203,0.00020252102606500453,0.00043394032400101423,0.0011435330379754305,1.7881156206130981,0.5488283038139343,0.0011435330379754305,15.679142951965332,17.584714889526367,5.082776069641113,19.515573501586914,16.684419631958008,84.35228729248047,1004.0,-0.27971364316800174,0.06883811538479882,-0.2681032218028735,-0.2596928937277106,0.3857007009150676,-0.2547834354284863,31.0,0.33529522529854716,,,,
gov_report:130,gov_report,disagreement_formal,64,32,physical_delete_median_aor_31,median_aor,31,25,26,0.08540088561539631,0.08339451229284903,0.9691425084493823,0.25254425211775167,1.0240588171497627,0.09022870415338508,0.2939318733120625,0.3656681280790313,0.9325942932543917,0.3069714867485323,0.2939318733120625,220.68165882636143,0.00040886363023208725,0.00045210510143078864,0.0005942863062955439,1.7358900308609009,0.6218350529670715,0.0005942863062955439,15.689220428466797,16.895856857299805,7.378584861755371,26.64444923400879,22.028104782104492,69.64823913574219,1004.0,-0.27971364316800174,0.06883811538479882,-0.2681032218028735,-0.2596928937277106,0.3857007009150676,-0.2547834354284863,31.0,0.33529522529854716,,,,
gov_report:130,gov_report,disagreement_formal,64,32,physical_delete_median_aor_31,median_aor,31,26,27,0.01582388157380972,0.05009239552760805,0.3851617759923119,0.9254449992545527,0.31589388782751476,0.01681263071331751,0.3267370015435856,0.026926227709416457,0.9999383459653942,0.05145615780854488,0.3267370015435856,260.17047902514895,6.462159264307749e-05,8.374942262889817e-05,7.6865624578204e-05,2.633300304412842,0.4032542407512665,7.6865624578204e-05,14.294720649719238,16.5146541595459,6.878902912139893,37.320350646972656,28.326496124267578,169.08694458007812,1004.0,-0.27971364316800174,0.06883811538479882,-0.2681032218028735,-0.2596928937277106,0.3857007009150676,-0.2547834354284863,31.0,0.33529522529854716,1.0506975875276352e-10,5.560549055334138e-08,1.0507695145853614e-10,5.550785217059199e-08
gov_report:130,gov_report,disagreement_formal,64,32,physical_delete_median_aor_31,median_aor,31,27,28,0.07374921968140208,0.10192584869285978,0.7393836556350446,0.6734703220476909,0.7235575727569923,0.07628855812495018,0.37304099376148725,0.25111011196035876,0.9690798706416799,0.20450448985702388,0.37304099376148725,269.5273052375916,0.0002830457495120982,0.00027111268718726933,0.0004236715903971344,3.2012269496917725,0.2136366218328476,0.0004236715903971344,14.12753677368164,15.784698486328125,4.553671836853027,36.30081558227539,28.14509391784668,158.363037109375,1004.0,-0.27971364316800174,0.06883811538479882,-0.2681032218028735,-0.2596928937277106,0.3857007009150676,-0.2547834354284863,31.0,0.33529522529854716,,,,
gov_report:131,gov_report,disagreement_formal,64,32,physical_delete_median_attention_46,median_attention,46,0,1,0.007585731026706342,0.00758541374501986,0.9999982540881465,0.0018691493611719637,1.0000418278682148,0.00976469226022746,0.009764328468405277,0.9999983392269917,0.00182292563463288,1.0000372572290412,0.009764328468405277,20.285669058781963,0.00048135914235474436,0.0003950750397052616,0.0012054207036271691,1.514845371246338,0.6000259518623352,0.0012054207036271691,779.04443359375,778.6587524414062,1826.9139404296875,3.7635650634765625,4.16528844833374,0.7679433822631836,916.0,-0.2657430605970885,-0.42849995522706763,-0.29488834687240334,-0.2816532874897162,0.5898732442207859,-0.8234925708385586,46.0,0.3233017492168051,2.1688982193222817e-08,2.1682255528661896e-08,2.1688834972697018e-08,2.16821045850983e-08
gov_report:131,gov_report,disagreement_formal,64,32,physical_delete_median_attention_46,median_attention,46,1,2,0.028780446044336324,0.028564514215195198,0.9970916905115663,0.07692681303565234,1.007559443423906,0.033005936997747023,0.03440351042039998,0.9594818765842199,0.28177036661650223,0.9593770110789553,0.03440351042039998,26.716143106254933,0.0012354304611439026,0.0015595221193507314,0.001830133842304349,2.9568145275115967,0.24426817893981934,0.001830133842304349,90.60023498535156,91.0027084350586,3927.056640625,4.428513526916504,4.063318729400635,0.6690556406974792,916.0,-0.2657430605970885,-0.42849995522706763,-0.29488834687240334,-0.2816532874897162,0.5898732442207859,-0.8234925708385586,46.0,0.3233017492168051,,,,
gov_report:131,gov_report,disagreement_formal,64,32,physical_delete_median_attention_46,median_attention,46,2,3,0.012967234341888003,0.014397298439919935,0.8506914733596559,0.5280359893538548,0.9006713583107551,0.01217326141691847,0.03754792823032083,0.42652459497384343,0.9102449542654988,0.32420594133042674,0.03754792823032083,38.586729827649876,0.00031547792392076573,0.00021677056793123484,0.00032192841172218323,1.9831174612045288,0.48607441782951355,0.00032192841172218323,27.251171112060547,26.181541442871094,54.453914642333984,7.06462287902832,5.791595935821533,1.2832520008087158,916.0,-0.2657430605970885,-0.42849995522706763,-0.29488834687240334,-0.2816532874897162,0.5898732442207859,-0.8234925708385586,46.0,0.3233017492168051,,,,
gov_report:131,gov_report,disagreement_formal,64,32,physical_delete_median_attention_46,median_attention,46,3,4,0.010916988744255778,0.012316471334056644,0.6694806631342396,0.7738462160975927,0.8863730891873945,0.0108492571676925,0.040697109541009455,0.45750569774004346,0.9094718678469706,0.26658544771490406,0.040697109541009455,41.91468490760117,0.000258841434490302,0.0003245555271860212,0.0004339969309512526,1.7507010698318481,0.5413070321083069,0.0004339969309512526,17.40851593017578,20.764278411865234,7.236764430999756,6.202117919921875,6.29989767074585,1.1889666318893433,916.0,-0.2657430605970885,-0.42849995522706763,-0.29488834687240334,-0.2816532874897162,0.5898732442207859,-0.8234925708385586,46.0,0.3233017492168051,,,,
gov_report:131,gov_report,disagreement_formal,64,32,physical_delete_median_attention_46,median_attention,46,4,5,0.02342282972003445,0.02406241365419636,0.9718344826345728,0.2356697935068664,0.9734197930700784,0.022534719504525545,0.05446231367161814,0.5541485171983325,0.8441719805090871,0.4137672086499885,0.05446231367161814,44.75709585486226,0.0005034893143558922,0.0003204431268386543,0.0005556138348765671,1.7371959686279297,0.5963899493217468,0.0005556138348765671,15.730171203613281,17.67570686340332,4.33928108215332,7.7356367111206055,6.963738918304443,2.199312448501587,916.0,-0.2657430605970885,-0.42849995522706763,-0.29488834687240334,-0.2816532874897162,0.5898732442207859,-0.8234925708385586,46.0,0.3233017492168051,3.1301449361905505e-08,5.84044384600304e-07,3.130183090414662e-08,5.841189491262947e-07
gov_report:131,gov_report,disagreement_formal,64,32,physical_delete_median_attention_46,median_attention,46,5,6,0.057852020804880507,0.05892063222188611,0.9659588770305686,0.2591841166759802,0.9818635446242095,0.04503964009152046,0.06867724414196873,0.7519547283543503,0.6661882082894494,0.6558160662127777,0.06867724414196873,43.052721033449615,0.0010461508357747496,0.0004053813172504306,0.0010901454370468855,1.6579357385635376,0.5890998840332031,0.0010901454370468855,16.100889205932617,16.84955596923828,4.393622398376465,7.653939247131348,7.807435512542725,1.7287839651107788,916.0,-0.2657430605970885,-0.42849995522706763,-0.29488834687240334,-0.2816532874897162,0.5898732442207859,-0.8234925708385586,46.0,0.3233017492168051,,,,
gov_report:131,gov_report,disagreement_formal,64,32,physical_delete_median_attention_46,median_attention,46,6,7,0.013532785703128186,0.017653118670597472,0.7456640019372572,0.6666507982143413,0.7665946145633749,0.012790717327519564,0.06437390040145337,0.22178496535201828,0.9753689635033138,0.19869414852530495,0.06437390040145337,47.152064700667474,0.0002712652650253617,0.0004062082152813673,0.0007489132112823427,1.2028690576553345,0.6844838261604309,0.0007489132112823427,19.562036514282227,19.175012588500977,5.569211006164551,6.368568420410156,6.587260723114014,1.0086441040039062,916.0,-0.2657430605970885,-0.42849995522706763,-0.29488834687240334,-0.2816532874897162,0.5898732442207859,-0.8234925708385586,46.0,0.3233017492168051,,,,
gov_report:131,gov_report,disagreement_formal,64,32,physical_delete_median_attention_46,median_attention,46,7,8,0.014630775812896764,0.01987287572030004,0.6760101311223148,0.739347910313448,0.7362183520300236,0.01518544986103363,0.06047530851398697,0.22421116304820954,0.9749115102151221,0.25110165180094085,0.06047530851398697,50.727766988796404,0.00029935182962789286,0.00040281983092427254,0.0006378994439728558,2.3530635833740234,0.36612746119499207,0.0006378994439728558,33.06001663208008,33.6827507019043,198.37554931640625,5.685397148132324,6.4008941650390625,1.6140589714050293,916.0,-0.2657430605970885,-0.42849995522706763,-0.29488834687240334,-0.2816532874897162,0.5898732442207859,-0.8234925708385586,46.0,0.3233017492168051,4.645728590466449e-08,2.743346964517051e-06,4.6459824324030254e-08,2.7435062826825067e-06
gov_report:131,gov_report,disagreement_formal,64,32,physical_delete_median_attention_46,median_attention,46,8,9,0.011265565898260919,0.014390846771496744,0.6829925520669271,0.7372166594000978,0.7828285629844994,0.00941023485272671,0.05688832928053198,0.2777898164162551,0.9671921796405281,0.16541591169468622,0.05688832928053198,52.331208326352474,0.00017982070649012684,0.0003319680690765381,0.0003034118562936783,1.535147786140442,0.6106821894645691,0.0003034118562936783,18.196739196777344,19.4312801361084,6.173434257507324,7.24722146987915,7.640507698059082,1.7006601095199585,916.0,-0.2657430605970885,-0.42849995522706763,-0.29488834687240334,-0.2816532874897162,0.5898732442207859,-0.8234925708385586,46.0,0.3233017492168051,,,,
gov_report:131,gov_report,disagreement_formal,64,32,physical_delete_median_attention_46,median_attention,46,9,10,0.009855652708577972,0.011274172372468862,0.8475276238740251,0.5314200413421872,0.8741797076515465,0.007119946574046069,0.05778858470729494,0.2514608878905596,0.9763280867770081,0.12320679958004374,0.05778858470729494,54.245254950383824,0.00013125473519404464,0.0003209788992535323,0.0003649615391623229,1.8813796043395996,0.5206446647644043,0.0003649615391623229,16.05714988708496,18.897748947143555,4.657114505767822,5.696567535400391,7.294088840484619,1.2655138969421387,916.0,-0.2657430605970885,-0.42849995522706763,-0.29488834687240334,-0.2816532874897162,0.5898732442207859,-0.8234925708385586,46.0,0.3233017492168051,,,,
gov_report:131,gov_report,disagreement_formal,64,32,physical_delete_median_attention_46,median_attention,46,10,11,0.00923961247161007,0.020264152446222126,0.3075640894866913,0.9630291951626235,0.45595849597611093,0.008536200516949732,0.05078725356147799,0.1834316336728774,0.9831523694817801,0.16807761629828355,0.05078725356147799,51.01528909252409,0.0001673263186153472,0.00022361935407388955,0.00020563375437632203,1.6292623281478882,0.6218962073326111,0.00020563375437632203,17.093460083007812,18.40196418762207,5.6428704261779785,9.160528182983398,8.100255012512207,2.3369486331939697,916.0,-0.2657430605970885,-0.42849995522706763,-0.29488834687240334,-0.2816532874897162,0.5898732442207859,-0.8234925708385586,46.0,0.3233017492168051,5.493443404037496e-09,3.402587773695823e-06,5.493473672883321e-09,3.4024617753252293e-06
gov_report:131,gov_report,disagreement_formal,64,32,physical_delete_median_attention_46,median_attention,46,11,12,0.030945518346420765,0.035208515079114,0.8770815618962674,0.4803449998578056,0.878921427867258,0.030800251884176986,0.0569164244780186,0.49546205427415,0.8698302287330886,0.5411487486546558,0.0569164244780186,52.7763489057935,0.0005835995199129037,0.0006697957869619131,0.0013448775280267,2.5473291873931885,0.3280871510505676,0.0013448775280267,16.952987670898438,19.001733779907227,6.601894855499268,6.299140453338623,7.655221462249756,1.2581614255905151,916.0,-0.2657430605970885,-0.42849995522706763,-0.29488834687240334,-0.2816532874897162,0.5898732442207859,-0.8234925708385586,46.0,0.3233017492168051,,,,
gov_report:131,gov_report,disagreement_formal,64,32,physical_delete_median_attention_46,median_attention,46,12,13,0.014500513168112801,0.018179707836048137,0.7819105387527511,0.6235885837632147,0.797620803309064,0.01226936470326253,0.05730889461534288,0.36366727516270725,0.943461146091788,0.21409180521827312,0.05730889461534288,56.77867799959394,0.00021609105980506055,0.00047724563046358526,0.0005796663463115692,2.194857597351074,0.4660629332065582,0.0005796663463115692,15.247507095336914,17.349411010742188,4.620758533477783,6.879777908325195,8.50001335144043,1.2804213762283325,916.0,-0.2657430605970885,-0.42849995522706763,-0.29488834687240334,-0.2816532874897162,0.5898732442207859,-0.8234925708385586,46.0,0.3233017492168051,,,,
gov_report:131,gov_report,disagreement_formal,64,32,physical_delete_median_attention_46,median_attention,46,13,14,0.019167096071030995,0.019986492443334992,0.9366387036157346,0.3510100823989889,0.9590024925770682,0.016539343673793998,0.05755789026626739,0.27734971281051785,0.9608210924547943,0.28735145776333487,0.05755789026626739,63.25660127745566,0.0002614643110724404,0.0006861088913865387,0.0009483169997110963,2.1239235401153564,0.4190864562988281,0.0009483169997110963,16.05802345275879,19.3211612701416,4.309299945831299,6.389599800109863,7.850312232971191,1.5309892892837524,916.0,-0.2657430605970885,-0.42849995522706763,-0.29488834687240334,-0.2816532874897162,0.5898732442207859,-0.8234925708385586,46.0,0.3233017492168051,,,,
gov_report:131,gov_report,disagreement_formal,64,32,physical_delete_median_attention_46,median_attention,46,14,15,0.013507499724135064,0.014913911259765938,0.8535857490528151,0.523552343686095,0.9056980083135517,0.010918375696226518,0.05628149694780215,0.2664417327841631,0.9665698173991478,0.1939958296836469,0.05628149694780215,60.980248862193285,0.00017904773922619598,0.00039998735883273184,0.0004601449763868004,1.1369067430496216,0.7003499865531921,0.0004601449763868004,18.094188690185547,18.922168731689453,8.839941024780273,9.707183837890625,9.223275184631348,1.5578269958496094,916.0,-0.2657430605970885,-0.42849995522706763,-0.29488834687240334,-0.2816532874897162,0.5898732442207859,-0.8234925708385586,46.0,0.3233017492168051,8.485127092674878e-09,4.895379043148526e-06,8.48496218167932e-09,4.894311792268598e-06
gov_report:131,gov_report,disagreement_formal,64,32,physical_delete_median_attention_46,median_attention,46,15,16,0.0302147158421055,0.03136440406028909,0.9311032817579536,0.3661777623872437,0.9633441714379892,0.030584353839516805,0.06192358447386612,0.515680562338948,0.8570576075695298,0.4939047714917804,0.06192358447386612,64.68855149400429,0.00047279391999296104,0.0005504463915713131,0.0012472542002797127,2.136922597885132,0.44593456387519836,0.0012472542002797127,53.752811431884766,55.36834716796875,1431.3194580078125,6.095892429351807,7.767117500305176,1.889943242073059,916.0,-0.2657430605970885,-0.42849995522706763,-0.29488834687240334,-0.2816532874897162,0.5898732442207859,-0.8234925708385586,46.0,0.3233017492168051,,,,
gov_report:131,gov_report,disagreement_formal,64,32,physical_delete_median_attention_46,median_attention,46,16,17,0.02893078849465644,0.03024242824289731,0.9412742281556187,0.33799201337709583,0.9566291523383569,0.025508971014314426,0.0703999140184276,0.5168142996390788,0.8699219050438436,0.3623437808125348,0.0703999140184276,65.42810032943842,0.000389877910039779,0.0005318822804838419,0.0008907130104489625,2.0074424743652344,0.4878666400909424,0.0008907130104489625,13.763589859008789,17.760334014892578,5.329480171203613,7.130455017089844,8.454568862915039,2.540112257003784,916.0,-0.2657430605970885,-0.42849995522706763,-0.29488834687240334,-0.2816532874897162,0.5898732442207859,-0.8234925708385586,46.0,0.3233017492168051,,,,
gov_report:131,gov_report,disagreement_formal,64,32,physical_delete_median_attention_46,median_attention,46,17,18,0.40576324931896984,0.4061929951589397,0.9992610912952496,0.038436613179480585,0.9989420156302752,0.4499793535713855,0.4662401682307858,0.989892640601983,0.14396551422250134,0.9651235226662168,0.4662401682307858,70.80882974614033,0.006354848049101011,0.002083543688058853,0.0038180318661034107,2.1453189849853516,0.4718698561191559,0.0038180318661034107,13.713854789733887,15.850010871887207,6.177615165710449,11.37473201751709,9.505053520202637,4.364998817443848,916.0,-0.2657430605970885,-0.42849995522706763,-0.29488834687240334,-0.2816532874897162,0.5898732442207859,-0.8234925708385586,46.0,0.3233017492168051,,,,
gov_report:131,gov_report,disagreement_formal,64,32,physical_delete_median_attention_46,median_attention,46,18,19,0.006782965286727992,0.04617071415956562,0.028138802371702725,1.00663545400208,0.14691055597030878,0.006229161285157958,0.4929588298385046,0.06246789711888074,0.9992902245131176,0.012636270836651121,0.4929588298385046,74.1645104552537,8.399113331862752e-05,0.0002376341726630926,0.0002446943544782698,2.112544059753418,0.4451501667499542,0.0002446943544782698,20.285686492919922,21.94112777709961,7.084661483764648,7.233807563781738,9.166994094848633,2.687100648880005,916.0,-0.2657430605970885,-0.42849995522706763,-0.29488834687240334,-0.2816532874897162,0.5898732442207859,-0.8234925708385586,46.0,0.3233017492168051,6.5357343226829065e-09,1.8163879989188854e-05,6.53598833863741e-09,1.8148000108445574e-05
gov_report:131,gov_report,disagreement_formal,64,32,physical_delete_median_attention_46,median_attention,46,19,20,0.011888771826649295,0.04572864047033507,0.19048996611668112,0.9841459072152339,0.25998524566593534,0.010808543127883766,0.49089199794927,0.39324933296634157,0.9915480517781015,0.02201816931837774,0.49089199794927,83.74399356824453,0.00012906648784399903,0.00018986444047186524,0.00027389824390411377,1.4328316450119019,0.6444604992866516,0.00027389824390411377,16.608016967773438,17.94789695739746,3.8626065254211426,10.130669593811035,9.882509231567383,3.3413825035095215,916.0,-0.2657430605970885,-0.42849995522706763,-0.29488834687240334,-0.2816532874897162,0.5898732442207859,-0.8234925708385586,46.0,0.3233017492168051,,,,
gov_report:131,gov_report,disagreement_formal,64,32,physical_delete_median_attention_46,median_attention,46,20,21,0.0508202771419885,0.06175161821526659,0.8493076972795108,0.5285542946085156,0.822978872631785,0.05148515781983748,0.5152390524881723,0.10373040012360522,0.9946127320238516,0.09992479718143912,0.5152390524881723,90.94931838550414,0.0005660862415879676,0.0005863478872925043,0.0012328880839049816,2.0041611194610596,0.48286715149879456,0.0012328880839049816,18.029903411865234,17.9879150390625,5.059463024139404,6.826128959655762,10.93634033203125,6.080747604370117,916.0,-0.2657430605970885,-0.42849995522706763,-0.29488834687240334,-0.2816532874897162,0.5898732442207859,-0.8234925708385586,46.0,0.3233017492168051,,,,
gov_report:131,gov_report,disagreement_formal,64,32,physical_delete_median_attention_46,median_attention,46,21,22,0.018446681777096432,0.045921807803081804,0.3347941649170612,0.9446634014258576,0.40169763908681483,0.016922764344990848,0.55641693048104,0.13015074844534158,0.9964979867432213,0.030413819957564165,0.55641693048104,112.42223965934058,0.00015052861779190523,0.0006400223355740309,0.0004290855140425265,2.3136980533599854,0.41885384917259216,0.0004290855140425265,14.424529075622559,16.917333602905273,4.5336408615112305,8.165329933166504,11.056122779846191,6.952138423919678,916.0,-0.2657430605970885,-0.42849995522706763,-0.29488834687240334,-0.2816532874897162,0.5898732442207859,-0.8234925708385586,46.0,0.3233017492168051,,,,
gov_report:131,gov_report,disagreement_formal,64,32,physical_delete_median_attention_46,median_attention,46,22,23,0.029200970554763256,0.045024050934611135,0.6781745783218379,0.7354971367787045,0.6485638219708864,0.028171616867729208,0.5921683450532809,0.08517111719347516,0.9970754482039282,0.047573662292256506,0.5921683450532809,137.47068734804895,0.00020492817349784665,0.00039608843508176506,0.000777196604758501,1.4149636030197144,0.6195999979972839,0.000777196604758501,17.211244583129883,18.80040740966797,4.351675510406494,9.11266803741455,10.79423713684082,9.78787612915039,916.0,-0.2657430605970885,-0.42849995522706763,-0.29488834687240334,-0.2816532874897162,0.5898732442207859,-0.8234925708385586,46.0,0.3233017492168051,1.1273272882105691e-07,1.900689177641499e-05,1.1274285976095591e-07,1.899340011285333e-05
gov_report:131,gov_report,disagreement_formal,64,32,physical_delete_median_attention_46,median_attention,46,23,24,0.030932382710165726,0.05672440238303885,0.7482962840571566,0.6937262507905269,0.5453099796678477,0.028427231191688315,0.6394253299645378,0.028041925774233287,0.9997415268097153,0.044457468072565835,0.6394253299645378,167.35033102062502,0.00016986659672746517,0.00042687662062235177,0.0007523481617681682,1.1193290948867798,0.7549765706062317,0.0007523481617681682,15.908638000488281,17.326467514038086,4.27182149887085,11.320844650268555,13.576377868652344,12.6051607131958,916.0,-0.2657430605970885,-0.42849995522706763,-0.29488834687240334,-0.2816532874897162,0.5898732442207859,-0.8234925708385586,46.0,0.3233017492168051,,,,
gov_report:131,gov_report,disagreement_formal,64,32,physical_delete_median_attention_46,median_attention,46,24,25,0.012809963760022773,0.06054575483524915,0.08924600258827639,1.0034936557727885,0.21157492866147135,0.01344221843040377,0.7154949145741704,0.06958222456060725,0.9988685790781627,0.018787301148609784,0.7154949145741704,213.06425238202488,6.308997534838378e-05,0.0002910565526690334,0.00032721756724640727,1.2726365327835083,0.7021692395210266,0.00032721756724640727,15.217544555664062,17.685781478881836,5.6164679527282715,9.25407886505127,15.73077392578125,64.88504028320312,916.0,-0.2657430605970885,-0.42849995522706763,-0.29488834687240334,-0.2816532874897162,0.5898732442207859,-0.8234925708385586,46.0,0.3233017492168051,,,,
gov_report:131,gov_report,disagreement_formal,64,32,physical_delete_median_attention_46,median_attention,46,25,26,0.14850984263846864,0.17247228937030068,0.8465402848796795,0.5325227806152827,0.8610649466107319,0.14780674320872844,0.8051817489225136,0.44854875290759455,0.9322113845016227,0.18356941573318322,0.8051817489225136,240.2722201092864,0.0006151636803518086,0.0015882238512858748,0.0018559717573225498,1.545971393585205,0.6422273516654968,0.0018559717573225498,13.899994850158691,16.39457893371582,6.610470771789551,12.534488677978516,20.58543586730957,52.52180099487305,916.0,-0.2657430605970885,-0.42849995522706763,-0.29488834687240334,-0.2816532874897162,0.5898732442207859,-0.8234925708385586,46.0,0.3233017492168051,,,,
gov_report:131,gov_report,disagreement_formal,64,32,physical_delete_median_attention_46,median_attention,46,26,27,0.03608907553104417,0.0637213282457368,0.48436929709885096,0.8786970522197264,0.5663578667392055,0.032737299314439666,0.959366924213089,0.02023715287646411,0.9998916432207894,0.03412385656436103,0.959366924213089,272.93826028004736,0.00011994397297341044,0.0009339835960417986,0.0002848664589691907,1.8826684951782227,0.6440292000770569,0.0002848664589691907,12.63625717163086,16.013355255126953,4.747500419616699,11.473134994506836,24.898548126220703,142.1385040283203,916.0,-0.2657430605970885,-0.42849995522706763,-0.29488834687240334,-0.2816532874897162,0.5898732442207859,-0.8234925708385586,46.0,0.3233017492168051,6.21076769291817e-08,1.988624171234352e-05,6.210995175040196e-08,1.987314754797166e-05
gov_report:131,gov_report,disagreement_formal,64,32,physical_delete_median_attention_46,median_attention,46,27,28,0.07819440936693879,0.10446540386629717,0.7199524727181214,0.6946110578191195,0.748519667496983,0.07420934768741487,1.5775810927049576,0.08544949225424817,0.9970825826515151,0.04703995758479444,1.5775810927049576,246.76775676280403,0.0003007254621143464,0.002779795788228512,0.0013019766192883253,3.5095386505126953,0.17716075479984283,0.0013019766192883253,14.257476806640625,15.11117935180664,3.356067180633545,12.031044006347656,24.53872299194336,126.91842651367188,916.0,-0.2657430605970885,-0.42849995522706763,-0.29488834687240334,-0.2816532874897162,0.5898732442207859,-0.8234925708385586,46.0,0.3233017492168051,,,,
gov_report:131,gov_report,disagreement_formal,64,32,physical_delete_median_aov_42,median_aov,42,0,1,0.016181951747818845,0.01618167692893664,0.9999996149620468,0.0008777114679940709,1.0000169833375994,0.020172302777741336,0.02017149508427712,0.9999996153661038,0.000878010195320179,1.0000400413286592,0.02017149508427712,20.285669058781963,0.00099441150889763,0.0008269026875495911,0.002650003181770444,1.514845371246338,0.6000259518623352,0.002650003181770444,778.4625244140625,778.6587524414062,1826.9139404296875,3.2317402362823486,4.16528844833374,0.7679433822631836,920.0,-0.19652188433151419,-0.9758654122491097,-0.2864265300978816,-0.25154216380665784,0.08354683865218271,0.10106073846498183,42.0,0.1348498733713861,1.0662030947872507e-07,1.0630022684079954e-07,1.066153971178164e-07,1.0629536312314322e-07
gov_report:131,gov_report,disagreement_formal,64,32,physical_delete_median_aov_42,median_aov,42,1,2,0.11683540511540211,0.11540584670291561,0.998124233565038,0.06286053889378665,1.0123872269328482,0.13541429738420843,0.14378700207822126,0.9802740341593448,0.20135881390846722,0.9417700864960101,0.14378700207822126,26.716143106254933,0.005068631982005834,0.005988549906760454,0.014256205409765244,2.9568145275115967,0.24426817893981934,0.014256205409765244,91.05662536621094,91.0027084350586,3927.056640625,3.5498874187469482,4.063318729400635,0.6690556406974792,920.0,-0.19652188433151419,-0.9758654122491097,-0.2864265300978816,-0.25154216380665784,0.08354683865218271,0.10106073846498183,42.0,0.1348498733713861,,,,
gov_report:131,gov_report,disagreement_formal,64,32,physical_delete_median_aov_42,median_aov,42,2,3,0.015351142341865107,0.04024106189590702,0.12196412471602987,1.0259010723672315,0.3814795539336027,0.01510517925693312,0.13859047759684542,0.30472321769330296,0.9723449384952105,0.10899146549500702,0.13859047759684542,38.586729827649876,0.00039146046644536556,0.00043782475404441357,0.0005269881803542376,1.9831174612045288,0.48607441782951355,0.0005269881803542376,24.785722732543945,26.181541442871094,54.453914642333984,5.591326713562012,5.791595935821533,1.2832520008087158,920.0,-0.19652188433151419,-0.9758654122491097,-0.2864265300978816,-0.25154216380665784,0.08354683865218271,0.10106073846498183,42.0,0.1348498733713861,,,,
gov_report:131,gov_report,disagreement_formal,64,32,physical_delete_median_aov_42,median_aov,42,3,4,0.020516684940612668,0.040274831022570706,0.3161533332343624,0.9681931252030429,0.5094170334101406,0.018073811775017826,0.132745198162922,0.1688807258973846,0.9861796632099892,0.13615416621575507,0.132745198162922,41.91468490760117,0.00043120476307672694,0.0003826400206889957,0.0008591942605562508,1.7507010698318481,0.5413070321083069,0.0008591942605562508,19.529420852661133,20.764278411865234,7.236764430999756,6.4387054443359375,6.29989767074585,1.1889666318893433,920.0,-0.19652188433151419,-0.9758654122491097,-0.2864265300978816,-0.25154216380665784,0.08354683865218271,0.10106073846498183,42.0,0.1348498733713861,,,,
gov_report:131,gov_report,disagreement_formal,64,32,physical_delete_median_aov_42,median_aov,42,4,5,0.0545002067967913,0.06377849552396958,0.8262097380131473,0.564073686098247,0.8545232424980727,0.0500626013942115,0.1461112495096814,0.40323508501570127,0.9171008802031863,0.3426334492532988,0.1461112495096814,44.75709585486226,0.0011185399865208832,0.0009926041821017861,0.0026383211370557547,1.7371959686279297,0.5963899493217468,0.0026383211370557547,16.66783905029297,17.67570686340332,4.33928108215332,5.779730796813965,6.963738918304443,2.199312448501587,920.0,-0.19652188433151419,-0.9758654122491097,-0.2864265300978816,-0.25154216380665784,0.08354683865218271,0.10106073846498183,42.0,0.1348498733713861,1.4764488147191142e-07,2.543410364927131e-06,1.4768656050726245e-07,2.542750283213905e-06
gov_report:131,gov_report,disagreement_formal,64,32,physical_delete_median_aov_42,median_aov,42,5,6,0.14975716742021555,0.16352743947359155,0.9557615952788767,0.2968456143713468,0.9157922847828863,0.12973720774192296,0.19043386686421732,0.7628454844852864,0.6517062575233458,0.6812717185143746,0.19043386686421732,43.052721033449615,0.0030134496642180695,0.0011519932886585593,0.003077156376093626,1.6579357385635376,0.5890998840332031,0.003077156376093626,15.584174156188965,16.84955596923828,4.393622398376465,6.836238861083984,7.807435512542725,1.7287839651107788,920.0,-0.19652188433151419,-0.9758654122491097,-0.2864265300978816,-0.25154216380665784,0.08354683865218271,0.10106073846498183,42.0,0.1348498733713861,,,,
gov_report:131,gov_report,disagreement_formal,64,32,physical_delete_median_aov_42,median_aov,42,6,7,0.13009347990509465,0.1337862489447627,0.9795409599104171,0.2013716212390594,0.9723979925530858,0.12144464235119717,0.24783168496383629,0.5385307330383493,0.8440006488363208,0.49002871593645675,0.24783168496383629,47.152064700667474,0.0025755954298535316,0.002880514832213521,0.006022400222718716,1.2028690576553345,0.6844838261604309,0.006022400222718716,16.223297119140625,19.175012588500977,5.569211006164551,6.541563034057617,6.587260723114014,1.0086441040039062,920.0,-0.19652188433151419,-0.9758654122491097,-0.2864265300978816,-0.25154216380665784,0.08354683865218271,0.10106073846498183,42.0,0.1348498733713861,,,,
gov_report:131,gov_report,disagreement_formal,64,32,physical_delete_median_aov_42,median_aov,42,7,8,0.019212367321354555,0.05803451411538232,-0.009770801267043043,1.0564392252073238,0.33105071377279316,0.017700279643523543,0.23449222535292055,0.10740184991173056,0.9947279163548504,0.0754834392350701,0.23449222535292055,50.727766988796404,0.00034892684409768677,0.0006665238179266453,0.0010046025272458792,2.3530635833740234,0.36612746119499207,0.0010046025272458792,34.104278564453125,33.6827507019043,198.37554931640625,5.249091148376465,6.4008941650390625,1.6140589714050293,920.0,-0.19652188433151419,-0.9758654122491097,-0.2864265300978816,-0.25154216380665784,0.08354683865218271,0.10106073846498183,42.0,0.1348498733713861,6.911033741030574e-08,1.3180724120383886e-05,6.910657455067302e-08,1.3175347537463802e-05
gov_report:131,gov_report,disagreement_formal,64,32,physical_delete_median_aov_42,median_aov,42,8,9,0.005179841011332047,0.028368797434118007,0.07854520637748827,1.0023252165409973,0.18258937564630293,0.005041246695748294,0.208946855214099,0.012010118472695848,1.0000012871187802,0.024126932614433185,0.208946855214099,52.331208326352474,9.633346633828192e-05,0.00019456719746813178,0.0001980512315640226,1.535147786140442,0.6106821894645691,0.0001980512315640226,19.266197204589844,19.4312801361084,6.173434257507324,5.833894729614258,7.640507698059082,1.7006601095199585,920.0,-0.19652188433151419,-0.9758654122491097,-0.2864265300978816,-0.25154216380665784,0.08354683865218271,0.10106073846498183,42.0,0.1348498733713861,,,,
gov_report:131,gov_report,disagreement_formal,64,32,physical_delete_median_aov_42,median_aov,42,9,10,0.011645574255741567,0.019133413372528527,0.6203352779412786,0.7844237767553838,0.6086511606163337,0.011423122051349788,0.19774359028301497,0.07140463776649532,0.9975406525451148,0.05776734424109912,0.19774359028301497,54.245254950383824,0.0002105828806924791,0.00040040715248323977,0.00040567171527072787,1.8813796043395996,0.5206446647644043,0.00040567171527072787,16.962223052978516,18.897748947143555,4.657114505767822,5.938405990600586,7.294088840484619,1.2655138969421387,920.0,-0.19652188433151419,-0.9758654122491097,-0.2864265300978816,-0.25154216380665784,0.08354683865218271,0.10106073846498183,42.0,0.1348498733713861,,,,
gov_report:131,gov_report,disagreement_formal,64,32,physical_delete_median_aov_42,median_aov,42,10,11,0.011323239517710108,0.03497055129626856,0.29166271434543234,0.9570607361627228,0.32379356624321576,0.011125447847794914,0.18843434243275534,0.08699062596014455,0.996601115871698,0.059041508592124814,0.18843434243275534,51.01528909252409,0.00021808065867503365,0.0001311064843321219,0.0003884274046868086,1.6292623281478882,0.6218962073326111,0.0003884274046868086,16.874675750732422,18.40196418762207,5.6428704261779785,7.64907169342041,8.100255012512207,2.3369486331939697,920.0,-0.19652188433151419,-0.9758654122491097,-0.2864265300978816,-0.25154216380665784,0.08354683865218271,0.10106073846498183,42.0,0.1348498733713861,1.45026974664284e-08,1.3007985705406396e-05,1.4502799809521977e-08,1.3001666016483524e-05
gov_report:131,gov_report,disagreement_formal,64,32,physical_delete_median_aov_42,median_aov,42,11,12,0.08620753702318051,0.09116931511375967,0.9397796727945932,0.3418300259562555,0.9455762272164936,0.07914057653010567,0.19792137479647925,0.3807491678403163,0.9248757992496,0.3998586641361258,0.19792137479647925,52.7763489057935,0.001499546258331979,0.0010473203146830201,0.002966636326164007,2.5473291873931885,0.3280871510505676,0.002966636326164007,15.440223693847656,19.001733779907227,6.601894855499268,7.714444160461426,7.655221462249756,1.2581614255905151,920.0,-0.19652188433151419,-0.9758654122491097,-0.2864265300978816,-0.25154216380665784,0.08354683865218271,0.10106073846498183,42.0,0.1348498733713861,,,,
gov_report:131,gov_report,disagreement_formal,64,32,physical_delete_median_aov_42,median_aov,42,12,13,0.031144246928125636,0.041195376960195665,0.7524254264355633,0.6586872167069712,0.7560131555105865,0.026032340919052932,0.18804946119499297,0.18902827777462244,0.9832741957267275,0.13843347783942533,0.18804946119499297,56.77867799959394,0.00045848797182701414,0.0006413069786503911,0.0018761629471555352,2.194857597351074,0.4660629332065582,0.0018761629471555352,15.205663681030273,17.349411010742188,4.620758533477783,7.3332061767578125,8.50001335144043,1.2804213762283325,920.0,-0.19652188433151419,-0.9758654122491097,-0.2864265300978816,-0.25154216380665784,0.08354683865218271,0.10106073846498183,42.0,0.1348498733713861,,,,
gov_report:131,gov_report,disagreement_formal,64,32,physical_delete_median_aov_42,median_aov,42,13,14,0.004186232974333294,0.022896941358383202,0.16657783387698302,0.986162226580801,0.18282935300441772,0.0042102803593352285,0.18438765605567095,0.06889756253535284,0.9986866332087223,0.022833851513704616,0.18438765605567095,63.25660127745566,6.655875077556137e-05,7.595513307023793e-05,0.00010731942893471569,2.1239235401153564,0.4190864562988281,0.00010731942893471569,17.083778381347656,19.3211612701416,4.309299945831299,7.03373384475708,7.850312232971191,1.5309892892837524,920.0,-0.19652188433151419,-0.9758654122491097,-0.2864265300978816,-0.25154216380665784,0.08354683865218271,0.10106073846498183,42.0,0.1348498733713861,,,,
gov_report:131,gov_report,disagreement_formal,64,32,physical_delete_median_aov_42,median_aov,42,14,15,0.020186236969489076,0.02885443108158926,0.49799165192649225,0.8903065353466243,0.6995888053522921,0.018221547292588205,0.17926665375037837,0.08933569699690107,0.9960776328037497,0.10164493457863602,0.17926665375037837,60.980248862193285,0.0002988106416844299,0.00023589229385834187,0.00048355330363847315,1.1369067430496216,0.7003499865531921,0.00048355330363847315,17.78205108642578,18.922168731689453,8.839941024780273,9.056468963623047,9.223275184631348,1.5578269958496094,920.0,-0.19652188433151419,-0.9758654122491097,-0.2864265300978816,-0.25154216380665784,0.08354683865218271,0.10106073846498183,42.0,0.1348498733713861,2.9536028942907895e-08,1.1861832028227186e-05,2.9536855230203364e-08,1.185014329584198e-05
gov_report:131,gov_report,disagreement_formal,64,32,physical_delete_median_aov_42,median_aov,42,15,16,0.17784433179620188,0.18084591215467613,0.9880314198278541,0.15432219489361715,0.9834025534627123,0.2035223100870974,0.2691595420161642,0.7691353108676341,0.6392180772869951,0.7561400519654435,0.2691595420161642,64.68855149400429,0.0031461874688284066,0.002108554821461439,0.00688650319352746,2.136922597885132,0.44593456387519836,0.00688650319352746,54.97994613647461,55.36834716796875,1431.3194580078125,7.870960235595703,7.767117500305176,1.889943242073059,920.0,-0.19652188433151419,-0.9758654122491097,-0.2864265300978816,-0.25154216380665784,0.08354683865218271,0.10106073846498183,42.0,0.1348498733713861,,,,
gov_report:131,gov_report,disagreement_formal,64,32,physical_delete_median_aov_42,median_aov,42,16,17,0.14308840364036388,0.15579160430263955,0.8409074072466843,0.5467075851193959,0.9184603000967977,0.12089780212862926,0.2911574336344423,0.39006845757167213,0.9211296261726932,0.4152317205832375,0.2911574336344423,65.42810032943842,0.0018477963064783198,0.001609817030839622,0.00532920379191637,2.0074424743652344,0.4878666400909424,0.00532920379191637,17.79906463623047,17.760334014892578,5.329480171203613,8.513327598571777,8.454568862915039,2.540112257003784,920.0,-0.19652188433151419,-0.9758654122491097,-0.2864265300978816,-0.25154216380665784,0.08354683865218271,0.10106073846498183,42.0,0.1348498733713861,,,,
gov_report:131,gov_report,disagreement_formal,64,32,physical_delete_median_aov_42,median_aov,42,17,18,0.12610058842414332,0.13807623394767318,0.8662816539646256,0.5017607006723909,0.9132678725285317,0.11181954188343944,0.31566107440347935,0.4473852714563222,0.8991788478461593,0.3542392488359563,0.31566107440347935,70.80882974614033,0.0015791751153680735,0.0016009352402761579,0.003431650111451745,2.1453189849853516,0.4718698561191559,0.003431650111451745,14.690877914428711,15.850010871887207,6.177615165710449,8.787002563476562,9.505053520202637,4.364998817443848,920.0,-0.19652188433151419,-0.9758654122491097,-0.2864265300978816,-0.25154216380665784,0.08354683865218271,0.10106073846498183,42.0,0.1348498733713861,,,,
gov_report:131,gov_report,disagreement_formal,64,32,physical_delete_median_aov_42,median_aov,42,18,19,0.004862568233867196,0.04056343599908482,0.1860933749308796,0.9847609065027686,0.11987564943898993,0.004382665219113427,0.3065909560904788,0.0029339002545029215,1.0000602296491867,0.014294828767943331,0.3065909560904788,74.1645104552537,5.909383332015192e-05,7.09746964275837e-05,0.0001253072841791436,2.112544059753418,0.4451501667499542,0.0001253072841791436,20.557289123535156,21.94112777709961,7.084661483764648,8.724205017089844,9.166994094848633,2.687100648880005,920.0,-0.19652188433151419,-0.9758654122491097,-0.2864265300978816,-0.25154216380665784,0.08354683865218271,0.10106073846498183,42.0,0.1348498733713861,3.780813624267129e-09,7.850826639077709e-05,3.780805357497445e-09,7.8252104206399e-05
gov_report:131,gov_report,disagreement_formal,64,32,physical_delete_median_aov_42,median_aov,42,19,20,0.00438363851614365,0.04954155885254642,-0.019857898467566987,1.0056558282668606,0.08848406504912254,0.004005907107387262,0.312873567783006,0.07093233005044039,0.9991734354691388,0.012803597107204547,0.312873567783006,83.74399356824453,4.7835157325316395e-05,6.294035847531632e-05,9.259048965759575e-05,1.4328316450119019,0.6444604992866516,9.259048965759575e-05,15.807090759277344,17.94789695739746,3.8626065254211426,11.278736114501953,9.882509231567383,3.3413825035095215,920.0,-0.19652188433151419,-0.9758654122491097,-0.2864265300978816,-0.25154216380665784,0.08354683865218271,0.10106073846498183,42.0,0.1348498733713861,,,,
gov_report:131,gov_report,disagreement_formal,64,32,physical_delete_median_aov_42,median_aov,42,20,21,0.0009124706896093211,0.0673030343622857,0.2909863260628863,0.9961393631274523,0.013557645628540015,0.0009030722012849497,0.3356625373228444,0.08554895411483215,0.9997734311434732,0.0026904170137293684,0.3356625373228444,90.94931838550414,9.929400432195926e-06,8.45794511405984e-06,1.524120852991473e-05,2.0041611194610596,0.48286715149879456,1.524120852991473e-05,17.107587814331055,17.9879150390625,5.059463024139404,9.003463745117188,10.93634033203125,6.080747604370117,920.0,-0.19652188433151419,-0.9758654122491097,-0.2864265300978816,-0.25154216380665784,0.08354683865218271,0.10106073846498183,42.0,0.1348498733713861,,,,
gov_report:131,gov_report,disagreement_formal,64,32,physical_delete_median_aov_42,median_aov,42,21,22,0.0025683956854960915,0.05160925012435397,-0.045768298281687686,1.0035098908801494,0.049766188799633175,0.0024622688391714356,0.35972293885266377,0.09248676069529477,0.9993901774496358,0.006844903600045194,0.35972293885266377,112.42223965934058,2.1901972835913507e-05,4.7490993893006817e-05,8.341869397554547e-05,2.3136980533599854,0.41885384917259216,8.341869397554547e-05,16.114871978759766,16.917333602905273,4.5336408615112305,9.241314888000488,11.056122779846191,6.952138423919678,920.0,-0.19652188433151419,-0.9758654122491097,-0.2864265300978816,-0.25154216380665784,0.08354683865218271,0.10106073846498183,42.0,0.1348498733713861,,,,
gov_report:131,gov_report,disagreement_formal,64,32,physical_delete_median_aov_42,median_aov,42,22,23,0.0025880849096620038,0.030815326982335987,0.06763147722217153,0.997844418903095,0.08398693647305934,0.002654846016269646,0.4111982842558488,-0.005419239012054488,1.0000558293455224,0.006456364527576173,0.4111982842558488,137.47068734804895,1.931208803479751e-05,4.887218528892845e-05,6.0322887293295935e-05,1.4149636030197144,0.6195999979972839,6.0322887293295935e-05,17.727394104003906,18.80040740966797,4.351675510406494,8.562156677246094,10.79423713684082,9.78787612915039,920.0,-0.19652188433151419,-0.9758654122491097,-0.2864265300978816,-0.25154216380665784,0.08354683865218271,0.10106073846498183,42.0,0.1348498733713861,1.25218305461178e-09,7.934278527896668e-05,1.2521918386338264e-09,7.908355680092929e-05
gov_report:131,gov_report,disagreement_formal,64,32,physical_delete_median_aov_42,median_aov,42,23,24,0.014643307806065643,0.03048845895489918,0.5062118328831811,0.8627986507370718,0.4802901920273217,0.01406981490075063,0.4615215957913831,0.0292596721040077,0.9995725960452206,0.030485712974329518,0.4615215957913831,167.35033102062502,8.407401894542175e-05,0.00018452941731084138,0.00030621548648923635,1.1193290948867798,0.7549765706062317,0.00030621548648923635,16.644466400146484,17.326467514038086,4.27182149887085,10.71156120300293,13.576377868652344,12.6051607131958,920.0,-0.19652188433151419,-0.9758654122491097,-0.2864265300978816,-0.25154216380665784,0.08354683865218271,0.10106073846498183,42.0,0.1348498733713861,,,,
gov_report:131,gov_report,disagreement_formal,64,32,physical_delete_median_aov_42,median_aov,42,24,25,0.003286315300679602,0.04540091685812416,-0.010605389039749636,1.0033816923177201,0.07238433776456961,0.0035047605599444684,0.5303401049945216,0.03574379807429821,0.9997855998246512,0.006608515039571961,0.5303401049945216,213.06425238202488,1.6449312922096483e-05,3.871373337460682e-05,4.533353785518557e-05,1.2726365327835083,0.7021692395210266,4.533353785518557e-05,16.730777740478516,17.685781478881836,5.6164679527282715,11.27938175201416,15.73077392578125,64.88504028320312,920.0,-0.19652188433151419,-0.9758654122491097,-0.2864265300978816,-0.25154216380665784,0.08354683865218271,0.10106073846498183,42.0,0.1348498733713861,,,,
gov_report:131,gov_report,disagreement_formal,64,32,physical_delete_median_aov_42,median_aov,42,25,26,0.07140039430554718,0.09328361704598477,0.7244533436613965,0.6905396147090569,0.7654119401303863,0.06559584390663045,0.5835931771741096,0.09222644812953136,0.9959423941379278,0.11239994995188324,0.5835931771741096,240.2722201092864,0.0002730063586909655,0.0005496478988789022,0.0008176196133717895,1.545971393585205,0.6422273516654968,0.0008176196133717895,15.427372932434082,16.39457893371582,6.610470771789551,14.854525566101074,20.58543586730957,52.52180099487305,920.0,-0.19652188433151419,-0.9758654122491097,-0.2864265300978816,-0.25154216380665784,0.08354683865218271,0.10106073846498183,42.0,0.1348498733713861,,,,
gov_report:131,gov_report,disagreement_formal,64,32,physical_delete_median_aov_42,median_aov,42,26,27,0.1474418418963745,0.1515644518843515,0.9255116463812944,0.38165998650232535,0.9727996246037779,0.07717107481044913,0.6411184036671369,0.10576905553022428,0.9944979027864633,0.12036945807363796,0.6411184036671369,272.93826028004736,0.000282741872580517,0.0013195566134527326,0.0007147733122110367,1.8826684951782227,0.6440292000770569,0.0007147733122110367,13.772653579711914,16.013355255126953,4.747500419616699,11.419251441955566,24.898548126220703,142.1385040283203,920.0,-0.19652188433151419,-0.9758654122491097,-0.2864265300978816,-0.25154216380665784,0.08354683865218271,0.10106073846498183,42.0,0.1348498733713861,5.180987311364637e-07,7.679618866770176e-05,5.181191364735196e-07,7.654083639372066e-05
gov_report:131,gov_report,disagreement_formal,64,32,physical_delete_median_aov_42,median_aov,42,27,28,0.19059860971584883,0.19196859718299936,0.8650399546780447,0.5177303649493612,0.9928634813857364,0.17927021861124345,0.8345547812154548,0.24651390098705142,0.9696577084141553,0.2148094081375369,0.8345547812154548,246.76775676280403,0.0007264734297664343,0.006890783552080393,0.0025667191948741674,3.5095386505126953,0.17716075479984283,0.0025667191948741674,14.720024108886719,15.11117935180664,3.356067180633545,10.762407302856445,24.53872299194336,126.91842651367188,920.0,-0.19652188433151419,-0.9758654122491097,-0.2864265300978816,-0.25154216380665784,0.08354683865218271,0.10106073846498183,42.0,0.1348498733713861,,,,
gov_report:131,gov_report,disagreement_formal,64,32,physical_delete_median_value_norm_53,median_value_norm,53,0,1,0.0023127920747575783,0.0023120403351395737,0.9999811998067691,0.006141524950114658,1.0003251412211887,0.0026968474568433236,0.0026951784000721866,0.9999783377415851,0.006613232811978187,1.000619275062123,0.0026951784000721866,20.285669058781963,0.00013294348088932365,8.294646977446973e-05,0.00025925925001502037,1.514845371246338,0.6000259518623352,0.00025925925001502037,778.599853515625,778.6587524414062,1826.9139404296875,4.172574996948242,4.16528844833374,0.7679433822631836,909.0,0.16740077149409302,0.004065718164411758,0.1813581581193877,0.17368731241367638,0.15057584176162075,-0.5857701295657589,53.0,0.5325505218273666,6.364037256125338e-10,6.471977015792244e-10,6.364022804228145e-10,6.471975335707501e-10
gov_report:131,gov_report,disagreement_formal,64,32,physical_delete_median_value_norm_53,median_value_norm,53,1,2,0.013142499089530945,0.013156317570701556,0.9986625300967803,0.0517033212642513,0.9989496695335643,0.016525712147874853,0.016297943780561354,0.9878970047724548,0.1572882211961299,1.0139752824270483,0.016297943780561354,26.716143106254933,0.0006185665379223755,0.0008654613047838211,0.0010364073095843196,2.9568145275115967,0.24426817893981934,0.0010364073095843196,89.74144744873047,91.0027084350586,3927.056640625,4.260968208312988,4.063318729400635,0.6690556406974792,909.0,0.16740077149409302,0.004065718164411758,0.1813581581193877,0.17368731241367638,0.15057584176162075,-0.5857701295657589,53.0,0.5325505218273666,,,,
gov_report:131,gov_report,disagreement_formal,64,32,physical_delete_median_value_norm_53,median_value_norm,53,2,3,0.003433112152030013,0.00449916656211296,0.7430663182862677,0.6695162428604702,0.7630551357977972,0.003292352626677861,0.016066258241617195,0.2655177723198911,0.966008275225713,0.20492342256453486,0.016066258241617195,38.586729827649876,8.532344257684875e-05,6.171695713419467e-05,0.0001272443332709372,1.9831174612045288,0.48607441782951355,0.0001272443332709372,26.418785095214844,26.181541442871094,54.453914642333984,6.222970962524414,5.791595935821533,1.2832520008087158,909.0,0.16740077149409302,0.004065718164411758,0.1813581581193877,0.17368731241367638,0.15057584176162075,-0.5857701295657589,53.0,0.5325505218273666,,,,
gov_report:131,gov_report,disagreement_formal,64,32,physical_delete_median_value_norm_53,median_value_norm,53,3,4,0.004290453729773536,0.005279021814719158,0.819213307564424,0.5735255057141879,0.812736503154948,0.003824713426264391,0.015706088414603137,0.3393076477762646,0.9455400567334351,0.24351788461271273,0.015706088414603137,41.91468490760117,9.124996250588023e-05,0.00013231761113274843,0.00023034164041746408,1.7507010698318481,0.5413070321083069,0.00023034164041746408,21.43844223022461,20.764278411865234,7.236764430999756,5.453234672546387,6.29989767074585,1.1889666318893433,909.0,0.16740077149409302,0.004065718164411758,0.1813581581193877,0.17368731241367638,0.15057584176162075,-0.5857701295657589,53.0,0.5325505218273666,,,,
gov_report:131,gov_report,disagreement_formal,64,32,physical_delete_median_value_norm_53,median_value_norm,53,4,5,0.015448573767396064,0.015473552377551469,0.9843342498699406,0.17687150254108067,0.99838572232504,0.014934304369130423,0.022213173294306558,0.7093752834753537,0.7058044977683683,0.672317465463533,0.022213173294306558,44.75709585486226,0.000333674562298662,0.00041136748041026294,0.000717720715329051,1.7371959686279297,0.5963899493217468,0.000717720715329051,17.36074447631836,17.67570686340332,4.33928108215332,6.442519187927246,6.963738918304443,2.199312448501587,909.0,0.16740077149409302,0.004065718164411758,0.1813581581193877,0.17368731241367638,0.15057584176162075,-0.5857701295657589,53.0,0.5325505218273666,3.859245985372091e-08,1.5798854161116376e-07,3.859385051405753e-08,1.580074592392969e-07
gov_report:131,gov_report,disagreement_formal,64,32,physical_delete_median_value_norm_53,median_value_norm,53,5,6,0.1162812310698832,0.11760775919071988,0.998761917817236,0.05074895768671653,0.9887207431723488,0.1135095750240133,0.11480148773805905,0.9887482471458521,0.14958911647871545,0.9887465507677611,0.11480148773805905,43.052721033449615,0.002636524993061938,0.0006236043991521001,0.0016481428174301982,1.6579357385635376,0.5890998840332031,0.0016481428174301982,15.596752166748047,16.84955596923828,4.393622398376465,8.187039375305176,7.807435512542725,1.7287839651107788,909.0,0.16740077149409302,0.004065718164411758,0.1813581581193877,0.17368731241367638,0.15057584176162075,-0.5857701295657589,53.0,0.5325505218273666,,,,
gov_report:131,gov_report,disagreement_formal,64,32,physical_delete_median_value_norm_53,median_value_norm,53,6,7,0.0011759786119173,0.023061922956334097,0.18193823657158817,0.9919905935796172,0.05099221839149846,0.0011510126108959641,0.1268051443929685,0.2739902285179597,0.9975511834721953,0.009077018258257581,0.1268051443929685,47.152064700667474,2.441065132996542e-05,3.75679082935676e-05,5.692899867426604e-05,1.2028690576553345,0.6844838261604309,5.692899867426604e-05,19.700517654418945,19.175012588500977,5.569211006164551,6.119971752166748,6.587260723114014,1.0086441040039062,909.0,0.16740077149409302,0.004065718164411758,0.1813581581193877,0.17368731241367638,0.15057584176162075,-0.5857701295657589,53.0,0.5325505218273666,,,,
gov_report:131,gov_report,disagreement_formal,64,32,physical_delete_median_value_norm_53,median_value_norm,53,7,8,0.008231136310860521,0.027089642205852183,0.3672381686303122,0.9322845211180796,0.3038480998867658,0.007271237852419516,0.1239963162260845,0.03318742526917793,0.9997732077334965,0.058640757029924585,0.1239963162260845,50.727766988796404,0.00014333841767616976,0.0002769141283351928,0.00040627512498758733,2.3530635833740234,0.36612746119499207,0.00040627512498758733,32.59021759033203,33.6827507019043,198.37554931640625,6.186506271362305,6.4008941650390625,1.6140589714050293,909.0,0.16740077149409302,0.004065718164411758,0.1813581581193877,0.17368731241367638,0.15057584176162075,-0.5857701295657589,53.0,0.5325505218273666,3.3401851599700186e-09,5.011008983756742e-06,3.3401290949560307e-09,5.006180127857192e-06
gov_report:131,gov_report,disagreement_formal,64,32,physical_delete_median_value_norm_53,median_value_norm,53,8,9,0.0061887527529599215,0.01749439214767359,0.34765377419645344,0.9376428397989818,0.35375637522695547,0.005034459246399009,0.11340773474804758,0.00803147127716593,1.0006286144074994,0.044392556271261575,0.11340773474804758,52.331208326352474,9.620376458733137e-05,0.0001666066818870604,0.00019542776863090694,1.535147786140442,0.6106821894645691,0.00019542776863090694,19.985551834106445,19.4312801361084,6.173434257507324,9.169244766235352,7.640507698059082,1.7006601095199585,909.0,0.16740077149409302,0.004065718164411758,0.1813581581193877,0.17368731241367638,0.15057584176162075,-0.5857701295657589,53.0,0.5325505218273666,,,,
gov_report:131,gov_report,disagreement_formal,64,32,physical_delete_median_value_norm_53,median_value_norm,53,9,10,0.004243897878110447,0.011638659622861229,0.24834200443670157,0.9756285223498633,0.36463802668258927,0.0039958623950670825,0.11462149060698741,-0.05226927466032426,1.00242689133477,0.03486137175416817,0.11462149060698741,54.245254950383824,7.366289270318581e-05,0.00012395584781188518,0.00018864469893742353,1.8813796043395996,0.5206446647644043,0.00018864469893742353,19.820533752441406,18.897748947143555,4.657114505767822,7.258275032043457,7.294088840484619,1.2655138969421387,909.0,0.16740077149409302,0.004065718164411758,0.1813581581193877,0.17368731241367638,0.15057584176162075,-0.5857701295657589,53.0,0.5325505218273666,,,,
gov_report:131,gov_report,disagreement_formal,64,32,physical_delete_median_value_norm_53,median_value_norm,53,10,11,0.010407553436122654,0.03494329550295919,-0.151938691131997,1.085917397488963,0.2978412106334185,0.009146701923523511,0.10641111097684913,0.022769205060242725,1.0017355779669395,0.08595626753218913,0.10641111097684913,51.01528909252409,0.00017929334688145267,0.0002733411092776805,0.0004032349097542465,1.6292623281478882,0.6218962073326111,0.0004032349097542465,18.378952026367188,18.40196418762207,5.6428704261779785,7.321223258972168,8.100255012512207,2.3369486331939697,909.0,0.16740077149409302,0.004065718164411758,0.1813581581193877,0.17368731241367638,0.15057584176162075,-0.5857701295657589,53.0,0.5325505218273666,1.2788389612558375e-08,4.677635150980987e-06,1.2788636973093323e-08,4.673511165641254e-06
gov_report:131,gov_report,disagreement_formal,64,32,physical_delete_median_value_norm_53,median_value_norm,53,11,12,0.010612270025291899,0.028915695858252124,0.11920181735197824,1.0233271516487694,0.36700725022542763,0.009583799047822297,0.10292696567481123,0.16823241221984567,0.9886055023304984,0.09311261616417872,0.10292696567481123,52.7763489057935,0.000181592687757342,0.00046130933333188295,0.0003998381143901497,2.5473291873931885,0.3280871510505676,0.0003998381143901497,19.23923110961914,19.001733779907227,6.601894855499268,7.5146918296813965,7.655221462249756,1.2581614255905151,909.0,0.16740077149409302,0.004065718164411758,0.1813581581193877,0.17368731241367638,0.15057584176162075,-0.5857701295657589,53.0,0.5325505218273666,,,,
gov_report:131,gov_report,disagreement_formal,64,32,physical_delete_median_value_norm_53,median_value_norm,53,12,13,0.02564669862880724,0.031196706324903154,0.7983990823160481,0.6025947777715672,0.822096357279052,0.023461612779681826,0.10414366085172305,0.23233403205128386,0.9726616263962391,0.22528123735813205,0.10414366085172305,56.77867799959394,0.0004132116774513421,0.00044932845048606396,0.0007319036521948874,2.194857597351074,0.4660629332065582,0.0007319036521948874,17.738449096679688,17.349411010742188,4.620758533477783,8.151216506958008,8.50001335144043,1.2804213762283325,909.0,0.16740077149409302,0.004065718164411758,0.1813581581193877,0.17368731241367638,0.15057584176162075,-0.5857701295657589,53.0,0.5325505218273666,,,,
gov_report:131,gov_report,disagreement_formal,64,32,physical_delete_median_value_norm_53,median_value_norm,53,13,14,0.004995083103539455,0.016953782558601783,0.2144598351642571,0.9800174188549013,0.2946294189083554,0.004223034339827804,0.10075553686065014,0.028593196597826404,0.9996798808241156,0.04191367017048868,0.10075553686065014,63.25660127745566,6.676037369293302e-05,0.00012957149010617286,0.00015626790991518646,2.1239235401153564,0.4190864562988281,0.00015626790991518646,19.299823760986328,19.3211612701416,4.309299945831299,7.8540544509887695,7.850312232971191,1.5309892892837524,909.0,0.16740077149409302,0.004065718164411758,0.1813581581193877,0.17368731241367638,0.15057584176162075,-0.5857701295657589,53.0,0.5325505218273666,,,,
gov_report:131,gov_report,disagreement_formal,64,32,physical_delete_median_value_norm_53,median_value_norm,53,14,15,0.04582752854693854,0.046944737259535324,0.95755113627794,0.28886616614437144,0.9762016196529067,0.0375644543047249,0.1082562370126366,0.34392219654745676,0.9390031786215292,0.3469957513888096,0.1082562370126366,60.980248862193285,0.000616010183717276,0.0005281544872559607,0.0009548849193379283,1.1369067430496216,0.7003499865531921,0.0009548849193379283,18.436376571655273,18.922168731689453,8.839941024780273,10.574331283569336,9.223275184631348,1.5578269958496094,909.0,0.16740077149409302,0.004065718164411758,0.1813581581193877,0.17368731241367638,0.15057584176162075,-0.5857701295657589,53.0,0.5325505218273666,4.109722427964497e-07,5.6664635338779035e-06,4.1091607098563916e-07,5.658128878695639e-06
gov_report:131,gov_report,disagreement_formal,64,32,physical_delete_median_value_norm_53,median_value_norm,53,15,16,0.0363595117440726,0.040896996153977655,0.869969196594211,0.4934751349909587,0.8890509123745574,0.034403282592873265,0.10738470506827386,0.31222020715790816,0.9500447509837597,0.32037414053519153,0.10738470506827386,64.68855149400429,0.0005318295401321819,0.0008231838583014905,0.0014150982024148107,2.136922597885132,0.44593456387519836,0.0014150982024148107,53.98937225341797,55.36834716796875,1431.3194580078125,7.345747470855713,7.767117500305176,1.889943242073059,909.0,0.16740077149409302,0.004065718164411758,0.1813581581193877,0.17368731241367638,0.15057584176162075,-0.5857701295657589,53.0,0.5325505218273666,,,,
gov_report:131,gov_report,disagreement_formal,64,32,physical_delete_median_value_norm_53,median_value_norm,53,16,17,0.024358667014535616,0.03457565046392605,0.7197334980065028,0.6944174857160421,0.7045035071704534,0.021611928751752524,0.11249674006937967,0.2896757644790343,0.962084568853177,0.1921116001976936,0.11249674006937967,65.42810032943842,0.0003303156998741189,0.000592700787819922,0.0007801400497555733,2.0074424743652344,0.4878666400909424,0.0007801400497555733,17.059814453125,17.760334014892578,5.329480171203613,9.71607780456543,8.454568862915039,2.540112257003784,909.0,0.16740077149409302,0.004065718164411758,0.1813581581193877,0.17368731241367638,0.15057584176162075,-0.5857701295657589,53.0,0.5325505218273666,,,,
gov_report:131,gov_report,disagreement_formal,64,32,physical_delete_median_value_norm_53,median_value_norm,53,17,18,0.23678006371702007,0.2429212689853676,0.996042579822362,0.09139944696365775,0.9747193595110133,0.227074600128755,0.26571867807604405,0.9150151014914283,0.4079230958596236,0.8545677021009799,0.26571867807604405,70.80882974614033,0.003206868422241259,0.001906075980514288,0.002621395979076624,2.1453189849853516,0.4718698561191559,0.002621395979076624,15.4690523147583,15.850010871887207,6.177615165710449,11.966254234313965,9.505053520202637,4.364998817443848,909.0,0.16740077149409302,0.004065718164411758,0.1813581581193877,0.17368731241367638,0.15057584176162075,-0.5857701295657589,53.0,0.5325505218273666,,,,
gov_report:131,gov_report,disagreement_formal,64,32,physical_delete_median_value_norm_53,median_value_norm,53,18,19,0.0630877701536009,0.07086938482257256,0.8215994541303709,0.5741777333217648,0.8901977957272582,0.053614894505257076,0.2679877447273662,0.1883569004184241,0.9821704288084775,0.20006472519779397,0.2679877447273662,74.1645104552537,0.0007229184710604272,0.001162761589512229,0.0019736443646252155,2.112544059753418,0.4451501667499542,0.0019736443646252155,21.943504333496094,21.94112777709961,7.084661483764648,9.531228065490723,9.166994094848633,2.687100648880005,909.0,0.16740077149409302,0.004065718164411758,0.1813581581193877,0.17368731241367638,0.15057584176162075,-0.5857701295657589,53.0,0.5325505218273666,2.5754302967261424e-07,2.3160596223119326e-05,2.5760893456654687e-07,2.3227637491860288e-05
gov_report:131,gov_report,disagreement_formal,64,32,physical_delete_median_value_norm_53,median_value_norm,53,19,20,0.03134719046948815,0.059958846117609786,0.5739505337181772,0.8204851966934756,0.5228117700597568,0.02632961642079087,0.2713056866048217,0.2219985313958951,0.9830205189327285,0.09704778676144026,0.2713056866048217,83.74399356824453,0.00031440602840768965,0.0004909075214527547,0.0007683321018703282,1.4328316450119019,0.6444604992866516,0.0007683321018703282,17.94696044921875,17.94789695739746,3.8626065254211426,10.461067199707031,9.882509231567383,3.3413825035095215,909.0,0.16740077149409302,0.004065718164411758,0.1813581581193877,0.17368731241367638,0.15057584176162075,-0.5857701295657589,53.0,0.5325505218273666,,,,
gov_report:131,gov_report,disagreement_formal,64,32,physical_delete_median_value_norm_53,median_value_norm,53,20,21,0.04840331062661384,0.06678224076904805,0.601096665711545,0.808692536508925,0.7247931496339908,0.045050718998633346,0.28943376952949745,0.14100710738619848,0.9901168848507924,0.15565121883278388,0.28943376952949745,90.94931838550414,0.0004953387204913205,0.001099042478017509,0.0010823046322911978,2.0041611194610596,0.48286715149879456,0.0010823046322911978,16.880817413330078,17.9879150390625,5.059463024139404,9.935543060302734,10.93634033203125,6.080747604370117,909.0,0.16740077149409302,0.004065718164411758,0.1813581581193877,0.17368731241367638,0.15057584176162075,-0.5857701295657589,53.0,0.5325505218273666,,,,
gov_report:131,gov_report,disagreement_formal,64,32,physical_delete_median_value_norm_53,median_value_norm,53,21,22,0.04531070020187831,0.06780377205585877,0.6735641206870839,0.7391478101998662,0.6682622342094773,0.04652600715064148,0.3276486754091912,0.12707894657528104,0.9920048233912251,0.1419996802750277,0.3276486754091912,112.42223965934058,0.00041385056276786134,0.0008904361166059971,0.001042226213030517,2.3136980533599854,0.41885384917259216,0.001042226213030517,16.59052276611328,16.917333602905273,4.5336408615112305,10.115882873535156,11.056122779846191,6.952138423919678,909.0,0.16740077149409302,0.004065718164411758,0.1813581581193877,0.17368731241367638,0.15057584176162075,-0.5857701295657589,53.0,0.5325505218273666,,,,
gov_report:131,gov_report,disagreement_formal,64,32,physical_delete_median_value_norm_53,median_value_norm,53,22,23,0.1166243218361606,0.11812173062106626,0.9812018509743154,0.193081325414147,0.9873231726539011,0.1125482600819845,0.38344929256719973,0.2943975654127809,0.9556834474615141,0.2935153676473672,0.38344929256719973,137.47068734804895,0.0008187073350192413,0.0015854203375056386,0.0029551591724157333,1.4149636030197144,0.6195999979972839,0.0029551591724157333,18.661781311035156,18.80040740966797,4.351675510406494,12.525938987731934,10.79423713684082,9.78787612915039,909.0,0.16740077149409302,0.004065718164411758,0.1813581581193877,0.17368731241367638,0.15057584176162075,-0.5857701295657589,53.0,0.5325505218273666,1.4851019158494206e-06,3.264030934186507e-05,1.4847017229968024e-06,3.272546022718452e-05
gov_report:131,gov_report,disagreement_formal,64,32,physical_delete_median_value_norm_53,median_value_norm,53,23,24,0.06288044950665132,0.058017229611514155,0.8771576166464355,0.5227861828847797,1.0838237180179318,0.05649209936677801,0.4452153764397732,0.19722997228978426,0.9828776394435528,0.12688712554926776,0.4452153764397732,167.35033102062502,0.0003375678973698335,0.0009435072424821556,0.0009248826536349952,1.1193290948867798,0.7549765706062317,0.0009248826536349952,17.681896209716797,17.326467514038086,4.27182149887085,12.34382438659668,13.576377868652344,12.6051607131958,909.0,0.16740077149409302,0.004065718164411758,0.1813581581193877,0.17368731241367638,0.15057584176162075,-0.5857701295657589,53.0,0.5325505218273666,,,,
gov_report:131,gov_report,disagreement_formal,64,32,physical_delete_median_value_norm_53,median_value_norm,53,24,25,0.02773787007007856,0.0573630782194303,0.4613167063838601,0.8875140448388987,0.48354919106630256,0.029089370716984916,0.5183772438659008,0.04614690146054356,0.9989844096727244,0.056116218567090606,0.5183772438659008,213.06425238202488,0.00013652863111371485,0.0003420563880354166,0.0004065452958457172,1.2726365327835083,0.7021692395210266,0.0004065452958457172,17.355485916137695,17.685781478881836,5.6164679527282715,14.649873733520508,15.73077392578125,64.88504028320312,909.0,0.16740077149409302,0.004065718164411758,0.1813581581193877,0.17368731241367638,0.15057584176162075,-0.5857701295657589,53.0,0.5325505218273666,,,,
gov_report:131,gov_report,disagreement_formal,64,32,physical_delete_median_value_norm_53,median_value_norm,53,25,26,0.16555646070195945,0.1810420959822498,0.8169567478203222,0.5848840196379467,0.9144638974915059,0.1746194066732868,0.6113552279865181,0.35100435376275596,0.9386533837122291,0.28562674968592494,0.6113552279865181,240.2722201092864,0.0007267565372054338,0.0017235665582120419,0.0021441830322146416,1.545971393585205,0.6422273516654968,0.0021441830322146416,14.855325698852539,16.39457893371582,6.610470771789551,18.19938087463379,20.58543586730957,52.52180099487305,909.0,0.16740077149409302,0.004065718164411758,0.1813581581193877,0.17368731241367638,0.15057584176162075,-0.5857701295657589,53.0,0.5325505218273666,,,,
gov_report:131,gov_report,disagreement_formal,64,32,physical_delete_median_value_norm_53,median_value_norm,53,26,27,0.21703901022326638,0.21312690003655532,0.822890602716944,0.6008807626606837,1.0183557785809303,0.21929593154770494,0.6986019589047165,0.30502507481922664,0.9523857356338028,0.31390683743790515,0.6986019589047165,272.93826028004736,0.0008034635060789832,0.0037965939845889807,0.0020498279482126236,1.8826684951782227,0.6440292000770569,0.0020498279482126236,15.375112533569336,16.013355255126953,4.747500419616699,17.13787841796875,24.898548126220703,142.1385040283203,909.0,0.16740077149409302,0.004065718164411758,0.1813581581193877,0.17368731241367638,0.15057584176162075,-0.5857701295657589,53.0,0.5325505218273666,1.730778344486572e-06,3.045455374783184e-05,1.730432968180583e-06,3.054363771827815e-05
gov_report:131,gov_report,disagreement_formal,64,32,physical_delete_median_value_norm_53,median_value_norm,53,27,28,0.32899859519110264,0.37197997906770197,0.9573812603294076,0.29789215688977355,0.884452426756074,0.32577160897068963,0.8541153508822027,0.3695690638408901,0.9292787585715554,0.38141406618462614,0.8541153508822027,246.76775676280403,0.0013201546800290648,0.008343043737113476,0.003991901408880949,3.5095386505126953,0.17716075479984283,0.003991901408880949,14.46070671081543,15.11117935180664,3.356067180633545,15.189825057983398,24.53872299194336,126.91842651367188,909.0,0.16740077149409302,0.004065718164411758,0.1813581581193877,0.17368731241367638,0.15057584176162075,-0.5857701295657589,53.0,0.5325505218273666,,,,
gov_report:131,gov_report,disagreement_formal,64,32,physical_delete_high_random_68,high_random,68,0,1,0.0006367445248932079,0.0006355455243022641,0.9997534590369651,0.022306306338267776,1.0018865691678973,0.0008037925787679574,0.0008023318439633843,0.9997559513540524,0.022187847007263083,1.0018206117774877,0.0008023318439633843,20.285669058781963,3.962366616742098e-05,6.017857594997622e-05,0.00013198643864598125,1.514845371246338,0.6000259518623352,0.00013198643864598125,780.2391967773438,778.6587524414062,1826.9139404296875,3.3373770713806152,4.16528844833374,0.7679433822631836,894.0,0.31621809108614574,-1.1535269447943868,0.02686141543956043,0.005403693644573035,-0.7145619479328497,-0.684160109866276,68.0,0.9972424117667669,1.2212451900716226e-10,1.1539582180094903e-10,1.2212248517216352e-10,1.1539428935106051e-10
gov_report:131,gov_report,disagreement_formal,64,32,physical_delete_high_random_68,high_random,68,1,2,0.016675439475381047,0.016708009739148117,0.9999282355185257,0.01212638667065828,0.9980506197760494,0.019252266981514263,0.019236703166979004,0.998926662650668,0.0463580208610666,1.0008090687058049,0.019236703166979004,26.716143106254933,0.0007206229920593147,0.0005820723599754274,0.0013749334029853344,2.9568145275115967,0.24426817893981934,0.0013749334029853344,91.5625,91.0027084350586,3927.056640625,3.2544102668762207,4.063318729400635,0.6690556406974792,894.0,0.31621809108614574,-1.1535269447943868,0.02686141543956043,0.005403693644573035,-0.7145619479328497,-0.684160109866276,68.0,0.9972424117667669,,,,
gov_report:131,gov_report,disagreement_formal,64,32,physical_delete_high_random_68,high_random,68,2,3,0.005845696538139685,0.006968979888860845,0.8003427255768115,0.6007759702221304,0.8388166749459837,0.006266002041881909,0.019482503848916494,0.18803197597406143,0.9912064735070395,0.3216220097002772,0.019482503848916494,38.586729827649876,0.0001623874857980817,0.00017135846428573132,0.00035716986167244613,1.9831174612045288,0.48607441782951355,0.00035716986167244613,26.600950241088867,26.181541442871094,54.453914642333984,5.261670112609863,5.791595935821533,1.2832520008087158,894.0,0.31621809108614574,-1.1535269447943868,0.02686141543956043,0.005403693644573035,-0.7145619479328497,-0.684160109866276,68.0,0.9972424117667669,,,,
gov_report:131,gov_report,disagreement_formal,64,32,physical_delete_high_random_68,high_random,68,3,4,0.005979884623420136,0.008522375760267641,0.7431336516778949,0.6704265172373578,0.7016687355301898,0.005504781215051814,0.019622231826265622,0.29586332336621696,0.9553532122397803,0.280537976708812,0.019622231826265622,41.91468490760117,0.00013133299766386958,0.00019920147315133363,0.000451001018518582,1.7507010698318481,0.5413070321083069,0.000451001018518582,19.688907623291016,20.764278411865234,7.236764430999756,5.575202941894531,6.29989767074585,1.1889666318893433,894.0,0.31621809108614574,-1.1535269447943868,0.02686141543956043,0.005403693644573035,-0.7145619479328497,-0.684160109866276,68.0,0.9972424117667669,,,,
gov_report:131,gov_report,disagreement_formal,64,32,physical_delete_high_random_68,high_random,68,4,5,0.017336801629744443,0.017705397484167024,0.9900238023524501,0.14131674154946772,0.9791817238357854,0.019633097307348114,0.029759333025474868,0.7498045595523369,0.6677624690275404,0.6597290769434114,0.029759333025474868,44.75709585486226,0.0004386588748075629,0.00037552439607679844,0.0007187952287495136,1.7371959686279297,0.5963899493217468,0.0007187952287495136,15.870676040649414,17.67570686340332,4.33928108215332,5.1473469734191895,6.963738918304443,2.199312448501587,894.0,0.31621809108614574,-1.1535269447943868,0.02686141543956043,0.005403693644573035,-0.7145619479328497,-0.684160109866276,68.0,0.9972424117667669,6.448789803987229e-08,1.559239843764793e-07,6.449273729318364e-08,1.5592769632869264e-07
gov_report:131,gov_report,disagreement_formal,64,32,physical_delete_high_random_68,high_random,68,5,6,0.020864412330147856,0.022808596150377582,0.9173740513795581,0.39803477024841644,0.9147609170063918,0.018606842306462593,0.029904905620700115,0.5733325175080919,0.8207788301306248,0.622200335371832,0.029904905620700115,43.052721033449615,0.0004321873707356637,0.0003394048835616559,0.0009580954210832715,1.6579357385635376,0.5890998840332031,0.0009580954210832715,16.841869354248047,16.84955596923828,4.393622398376465,6.439072608947754,7.807435512542725,1.7287839651107788,894.0,0.31621809108614574,-1.1535269447943868,0.02686141543956043,0.005403693644573035,-0.7145619479328497,-0.684160109866276,68.0,0.9972424117667669,,,,
gov_report:131,gov_report,disagreement_formal,64,32,physical_delete_high_random_68,high_random,68,6,7,0.011228725418844104,0.01285899298266752,0.9134326633894779,0.40897170498578017,0.8732196552233262,0.01010422444415798,0.030640051859754363,0.34536830964270876,0.9385968156926082,0.32977178010034164,0.030640051859754363,47.152064700667474,0.00021429018025619876,0.0003823530860245228,0.0005771747091785073,1.2028690576553345,0.6844838261604309,0.0005771747091785073,16.407495498657227,19.175012588500977,5.569211006164551,5.859286785125732,6.587260723114014,1.0086441040039062,894.0,0.31621809108614574,-1.1535269447943868,0.02686141543956043,0.005403693644573035,-0.7145619479328497,-0.684160109866276,68.0,0.9972424117667669,,,,
gov_report:131,gov_report,disagreement_formal,64,32,physical_delete_high_random_68,high_random,68,7,8,0.05088506486160016,0.05035855680167759,0.9771432936385145,0.2151758951323184,1.010455185639971,0.053596046522510175,0.0641604267392802,0.9162570088852311,0.4086807564988167,0.8353442962638166,0.0641604267392802,50.727766988796404,0.0010565425940066956,0.0012989734532311559,0.002156646689400077,2.3530635833740234,0.36612746119499207,0.002156646689400077,33.13005828857422,33.6827507019043,198.37554931640625,5.559784889221191,6.4008941650390625,1.6140589714050293,894.0,0.31621809108614574,-1.1535269447943868,0.02686141543956043,0.005403693644573035,-0.7145619479328497,-0.684160109866276,68.0,0.9972424117667669,5.037292636507745e-07,6.496197020925521e-07,5.037854890756009e-07,6.494445450106105e-07
gov_report:131,gov_report,disagreement_formal,64,32,physical_delete_high_random_68,high_random,68,8,9,0.00550473002704462,0.016653275012376147,0.11183584846391165,1.0175108646444924,0.33054939781836856,0.004494588380936471,0.05966277662519921,0.09399783538928379,0.9957473450858223,0.07533320832805715,0.05966277662519921,52.331208326352474,8.588734188797866e-05,0.0001802391925593838,0.00019531277939677238,1.535147786140442,0.6106821894645691,0.00019531277939677238,18.099159240722656,19.4312801361084,6.173434257507324,6.754295825958252,7.640507698059082,1.7006601095199585,894.0,0.31621809108614574,-1.1535269447943868,0.02686141543956043,0.005403693644573035,-0.7145619479328497,-0.684160109866276,68.0,0.9972424117667669,,,,
gov_report:131,gov_report,disagreement_formal,64,32,physical_delete_high_random_68,high_random,68,9,10,0.032610783631099635,0.03404968966990739,0.9232637625890041,0.38571064825630164,0.9577409940367405,0.03721725797872098,0.06368459810028612,0.4880127980973646,0.8781423219269179,0.5843996678775268,0.06368459810028612,54.245254950383824,0.0006860924151386562,0.0009127270895987749,0.0017654435941949487,1.8813796043395996,0.5206446647644043,0.0017654435941949487,17.52213478088379,18.897748947143555,4.657114505767822,6.094444751739502,7.294088840484619,1.2655138969421387,894.0,0.31621809108614574,-1.1535269447943868,0.02686141543956043,0.005403693644573035,-0.7145619479328497,-0.684160109866276,68.0,0.9972424117667669,,,,
gov_report:131,gov_report,disagreement_formal,64,32,physical_delete_high_random_68,high_random,68,10,11,0.04382905876537829,0.0434623917004414,0.898282267808322,0.4530153473813776,1.0084364217106159,0.04764093365172023,0.07875731308157141,0.6757473050894105,0.7405293903532214,0.6049080623456139,0.07875731308157141,51.01528909252409,0.0009338559968819554,0.0009972380939871073,0.0011931386543437839,1.6292623281478882,0.6218962073326111,0.0011931386543437839,17.095895767211914,18.40196418762207,5.6428704261779785,6.876628875732422,8.100255012512207,2.3369486331939697,894.0,0.31621809108614574,-1.1535269447943868,0.02686141543956043,0.005403693644573035,-0.7145619479328497,-0.684160109866276,68.0,0.9972424117667669,2.293358569786764e-07,5.228890450425876e-07,2.2931817390266076e-07,5.227810028722474e-07
gov_report:131,gov_report,disagreement_formal,64,32,physical_delete_high_random_68,high_random,68,11,12,0.057823667718105515,0.0598060422837465,0.9421161481035054,0.33619799051038796,0.9668532728476544,0.05073898530768509,0.0812029872196007,0.6269593591468988,0.7790548426657133,0.6248413641541227,0.0812029872196007,52.7763489057935,0.0009613962761663349,0.0016694542719051242,0.0020521481055766344,2.5473291873931885,0.3280871510505676,0.0020521481055766344,17.166919708251953,19.001733779907227,6.601894855499268,7.689735412597656,7.655221462249756,1.2581614255905151,894.0,0.31621809108614574,-1.1535269447943868,0.02686141543956043,0.005403693644573035,-0.7145619479328497,-0.684160109866276,68.0,0.9972424117667669,,,,
gov_report:131,gov_report,disagreement_formal,64,32,physical_delete_high_random_68,high_random,68,12,13,0.11431414754895901,0.11148090688128791,0.9852188826615256,0.17595296958472584,1.0254145821641738,0.10359354589151676,0.12983423913403422,0.8334342705704078,0.5537604666392653,0.7978908074053723,0.12983423913403422,56.77867799959394,0.0018245149330926237,0.0043998598121106625,0.005387772805988789,2.194857597351074,0.4660629332065582,0.005387772805988789,15.719457626342773,17.349411010742188,4.620758533477783,8.267477035522461,8.50001335144043,1.2804213762283325,894.0,0.31621809108614574,-1.1535269447943868,0.02686141543956043,0.005403693644573035,-0.7145619479328497,-0.684160109866276,68.0,0.9972424117667669,,,,
gov_report:131,gov_report,disagreement_formal,64,32,physical_delete_high_random_68,high_random,68,13,14,0.012500995593963539,0.0388563523530615,0.1894596344358388,0.9907566480453971,0.3217233434671225,0.011173334869882107,0.12553384849207308,0.15958840415238418,0.9897036623529964,0.08900655085538667,0.12553384849207308,63.25660127745566,0.00017663508067519633,0.00026250662631355226,0.0003750026226043701,2.1239235401153564,0.4190864562988281,0.0003750026226043701,19.704320907592773,19.3211612701416,4.309299945831299,6.965475082397461,7.850312232971191,1.5309892892837524,894.0,0.31621809108614574,-1.1535269447943868,0.02686141543956043,0.005403693644573035,-0.7145619479328497,-0.684160109866276,68.0,0.9972424117667669,,,,
gov_report:131,gov_report,disagreement_formal,64,32,physical_delete_high_random_68,high_random,68,14,15,0.018589423417622705,0.043617610548456,0.48638881240690246,0.8758137509721201,0.42619077899673585,0.01653045501006405,0.12652978192912717,0.1718077475922446,0.9859901054789523,0.13064477594155038,0.12652978192912717,60.980248862193285,0.0002710788381238085,0.00038148360908962786,0.0006563407951034606,1.1369067430496216,0.7003499865531921,0.0006563407951034606,20.49909019470215,18.922168731689453,8.839941024780273,8.786163330078125,9.223275184631348,1.5578269958496094,894.0,0.31621809108614574,-1.1535269447943868,0.02686141543956043,0.005403693644573035,-0.7145619479328497,-0.684160109866276,68.0,0.9972424117667669,1.1786923960444787e-07,1.5070931238292916e-05,1.1786359490121265e-07,1.508242143191989e-05
gov_report:131,gov_report,disagreement_formal,64,32,physical_delete_high_random_68,high_random,68,15,16,0.04790384755973247,0.06406505078041679,0.7388049597580554,0.6739785037870251,0.7477376038290064,0.04398477260570785,0.1260782707647704,0.36155660399972894,0.9324364873609389,0.34886878078913464,0.1260782707647704,64.68855149400429,0.0006799467848616863,0.0011651440290734172,0.002087581902742386,2.136922597885132,0.44593456387519836,0.002087581902742386,54.582923889160156,55.36834716796875,1431.3194580078125,6.861732006072998,7.767117500305176,1.889943242073059,894.0,0.31621809108614574,-1.1535269447943868,0.02686141543956043,0.005403693644573035,-0.7145619479328497,-0.684160109866276,68.0,0.9972424117667669,,,,
gov_report:131,gov_report,disagreement_formal,64,32,physical_delete_high_random_68,high_random,68,16,17,0.05615715839662795,0.06849219320587294,0.8225289344267207,0.5687293134269698,0.8199059742156526,0.05009154127792783,0.1373496795096108,0.4520178573883888,0.8962723475268511,0.36470082388814573,0.1373496795096108,65.42810032943842,0.0007655967546927214,0.0009999622125178576,0.0016912281280383468,2.0074424743652344,0.4878666400909424,0.0016912281280383468,20.258377075195312,17.760334014892578,5.329480171203613,9.230948448181152,8.454568862915039,2.540112257003784,894.0,0.31621809108614574,-1.1535269447943868,0.02686141543956043,0.005403693644573035,-0.7145619479328497,-0.684160109866276,68.0,0.9972424117667669,,,,
gov_report:131,gov_report,disagreement_formal,64,32,physical_delete_high_random_68,high_random,68,17,18,0.053298117854772814,0.06380711575719175,0.8574036808202039,0.5151188962000857,0.8353005338399979,0.04488913344429699,0.14852588923341448,0.33737094601724676,0.9420274189359106,0.30223103646093574,0.14852588923341448,70.80882974614033,0.0006339482463589765,0.0008828714489936829,0.0010818553855642676,2.1453189849853516,0.4718698561191559,0.0010818553855642676,15.899089813232422,15.850010871887207,6.177615165710449,9.836125373840332,9.505053520202637,4.364998817443848,894.0,0.31621809108614574,-1.1535269447943868,0.02686141543956043,0.005403693644573035,-0.7145619479328497,-0.684160109866276,68.0,0.9972424117667669,,,,
gov_report:131,gov_report,disagreement_formal,64,32,physical_delete_high_random_68,high_random,68,18,19,0.015601814477382382,0.033490095221744384,0.33973555988689924,0.9489404712305787,0.4658635448504926,0.01465329974028885,0.15060362265046182,0.11186352434653508,0.9938303335398444,0.09729712660563225,0.15060362265046182,74.1645104552537,0.00019757832486644333,0.00033328679273836315,0.0005896045477129519,2.112544059753418,0.4451501667499542,0.0005896045477129519,22.75933837890625,21.94112777709961,7.084661483764648,8.438005447387695,9.166994094848633,2.687100648880005,894.0,0.31621809108614574,-1.1535269447943868,0.02686141543956043,0.005403693644573035,-0.7145619479328497,-0.684160109866276,68.0,0.9972424117667669,8.648004012218234e-08,2.252453605258286e-05,8.648309648754622e-08,2.2549811562721252e-05
gov_report:131,gov_report,disagreement_formal,64,32,physical_delete_high_random_68,high_random,68,19,20,0.013075447581780992,0.02868514210560287,0.481334463758212,0.8769080857361436,0.45582648793038594,0.011279178863970668,0.16340759728712137,0.2316440166980402,0.9862991710949904,0.06902481311289443,0.16340759728712137,83.74399356824453,0.00013468642207490448,0.00026016923948191106,0.00041028513805940747,1.4328316450119019,0.6444604992866516,0.00041028513805940747,18.38572883605957,17.94789695739746,3.8626065254211426,8.721763610839844,9.882509231567383,3.3413825035095215,894.0,0.31621809108614574,-1.1535269447943868,0.02686141543956043,0.005403693644573035,-0.7145619479328497,-0.684160109866276,68.0,0.9972424117667669,,,,
gov_report:131,gov_report,disagreement_formal,64,32,physical_delete_high_random_68,high_random,68,20,21,0.0307586435961591,0.04017530185679026,0.4901618354897512,0.9141189681327995,0.7656107651860842,0.024875276271229065,0.17493389819918603,0.02709259735268901,1.006238181972665,0.1421981475706051,0.17493389819918603,90.94931838550414,0.00027350701151811804,0.0005604655598290265,0.0005220898310653865,2.0041611194610596,0.48286715149879456,0.0005220898310653865,19.056259155273438,17.9879150390625,5.059463024139404,8.615829467773438,10.93634033203125,6.080747604370117,894.0,0.31621809108614574,-1.1535269447943868,0.02686141543956043,0.005403693644573035,-0.7145619479328497,-0.684160109866276,68.0,0.9972424117667669,,,,
gov_report:131,gov_report,disagreement_formal,64,32,physical_delete_high_random_68,high_random,68,21,22,0.025271862905790903,0.036895553233754354,0.6138821998730616,0.7925908492784778,0.6849568766642216,0.027497014006329517,0.19221898455679326,0.2509282221950452,0.9739982746681369,0.14305045919231363,0.19221898455679326,112.42223965934058,0.0002445869615269218,0.0004894586745649576,0.00058116449508816,2.3136980533599854,0.41885384917259216,0.00058116449508816,18.292701721191406,16.917333602905273,4.5336408615112305,9.051067352294922,11.056122779846191,6.952138423919678,894.0,0.31621809108614574,-1.1535269447943868,0.02686141543956043,0.005403693644573035,-0.7145619479328497,-0.684160109866276,68.0,0.9972424117667669,,,,
gov_report:131,gov_report,disagreement_formal,64,32,physical_delete_high_random_68,high_random,68,22,23,0.03878305175437557,0.04293572976503504,0.8826167340878123,0.470547271350916,0.9032815318760173,0.035496678933476355,0.2245103494786487,0.1794526373263314,0.9839981621810419,0.15810709401996698,0.2245103494786487,137.47068734804895,0.00025821271151140525,0.001205568085424602,0.001607081270776689,1.4149636030197144,0.6195999979972839,0.001607081270776689,18.800628662109375,18.80040740966797,4.351675510406494,8.40404224395752,10.79423713684082,9.78787612915039,894.0,0.31621809108614574,-1.1535269447943868,0.02686141543956043,0.005403693644573035,-0.7145619479328497,-0.684160109866276,68.0,0.9972424117667669,1.3677429052339502e-07,2.361601275795524e-05,1.3679761208758546e-07,2.3645833222526194e-05
gov_report:131,gov_report,disagreement_formal,64,32,physical_delete_high_random_68,high_random,68,23,24,0.09451779708176945,0.0944443968548584,0.9620597766109527,0.2755721747483676,1.0007771792647884,0.10209097047081368,0.28510350903748516,0.5167747993834622,0.8707046657115447,0.35808387913384415,0.28510350903748516,167.35033102062502,0.000610043433127309,0.0010862859198823571,0.002259006490930915,1.1193290948867798,0.7549765706062317,0.002259006490930915,17.00739097595215,17.326467514038086,4.27182149887085,9.521503448486328,13.576377868652344,12.6051607131958,894.0,0.31621809108614574,-1.1535269447943868,0.02686141543956043,0.005403693644573035,-0.7145619479328497,-0.684160109866276,68.0,0.9972424117667669,,,,
gov_report:131,gov_report,disagreement_formal,64,32,physical_delete_high_random_68,high_random,68,24,25,0.036468527675328447,0.0556033140562504,0.7556598572053806,0.6625226487538315,0.6558696778115691,0.03863034376782544,0.3207374399727785,0.09976567656695445,0.9952257689046614,0.12044226508481225,0.3207374399727785,213.06425238202488,0.00018130842380147897,0.001037968904711306,0.0012474341783672571,1.2726365327835083,0.7021692395210266,0.0012474341783672571,16.79861068725586,17.685781478881836,5.6164679527282715,8.330709457397461,15.73077392578125,64.88504028320312,894.0,0.31621809108614574,-1.1535269447943868,0.02686141543956043,0.005403693644573035,-0.7145619479328497,-0.684160109866276,68.0,0.9972424117667669,,,,
gov_report:131,gov_report,disagreement_formal,64,32,physical_delete_high_random_68,high_random,68,25,26,0.05666846023567232,0.06910597424982035,0.7705771474040941,0.6392618493585653,0.8200225935722141,0.05922552267074113,0.3574623527194515,0.23158017521388125,0.9750451414268608,0.16568324529890655,0.3574623527194515,240.2722201092864,0.00024649342584757717,0.0011864652624353766,0.0009936124552041292,1.545971393585205,0.6422273516654968,0.0009936124552041292,15.160085678100586,16.39457893371582,6.610470771789551,10.707245826721191,20.58543586730957,52.52180099487305,894.0,0.31621809108614574,-1.1535269447943868,0.02686141543956043,0.005403693644573035,-0.7145619479328497,-0.684160109866276,68.0,0.9972424117667669,,,,
gov_report:131,gov_report,disagreement_formal,64,32,physical_delete_high_random_68,high_random,68,26,27,0.2983181520227922,0.2881081298011167,0.990638012716402,0.14367804643194865,1.0354381607652778,0.2969388507900506,0.47976245649943533,0.6066436199945116,0.7950688312924596,0.6189289027671137,0.47976245649943533,272.93826028004736,0.001087934137505594,0.008235332556068897,0.0035387638490647078,1.8826684951782227,0.6440292000770569,0.0035387638490647078,16.884584426879883,16.013355255126953,4.747500419616699,11.436481475830078,24.898548126220703,142.1385040283203,894.0,0.31621809108614574,-1.1535269447943868,0.02686141543956043,0.005403693644573035,-0.7145619479328497,-0.684160109866276,68.0,0.9972424117667669,6.160735146111692e-06,2.9513688781421764e-05,6.162859129957695e-06,2.9518931110449e-05
gov_report:131,gov_report,disagreement_formal,64,32,physical_delete_high_random_68,high_random,68,27,28,0.4643826918903802,0.3932961931872949,0.9205973690532465,0.4692307639197407,1.1807454532600383,0.4490857223923677,0.6183409972859039,0.5478418619259683,0.855399173028323,0.7262751853161094,0.6183409972859039,246.76775676280403,0.0018198719649748813,0.02365630865097046,0.010723510757088661,3.5095386505126953,0.17716075479984283,0.010723510757088661,16.77728843688965,15.11117935180664,3.356067180633545,11.392395973205566,24.53872299194336,126.91842651367188,894.0,0.31621809108614574,-1.1535269447943868,0.02686141543956043,0.005403693644573035,-0.7145619479328497,-0.684160109866276,68.0,0.9972424117667669,,,,
gov_report:131,gov_report,disagreement_formal,64,32,physical_delete_high_age_95,high_age,95,0,1,0.015565389062016452,0.015564881250192359,0.9999995821369217,0.0009147774846131787,1.0000326254865637,0.020613206242869147,0.020612637173210657,0.9999996259266646,0.0008654071391419443,1.0000276078045574,0.020612637173210657,20.285669058781963,0.001016146235213543,0.0006098152371123433,0.0019510488491505384,1.514845371246338,0.6000259518623352,0.0019510488491505384,778.9297485351562,778.6587524414062,1826.9139404296875,3.935695171356201,4.16528844833374,0.7679433822631836,867.0,0.06433915510804278,-0.23112005234935945,-0.05295026461608436,-0.05856986346595189,0.4036939116658882,-0.263900355182485,95.0,0.9901827431115233,2.8079692820336393e-08,2.8039308396680203e-08,2.8080427426071748e-08,2.804004600606336e-08
gov_report:131,gov_report,disagreement_formal,64,32,physical_delete_high_age_95,high_age,95,1,2,0.020256249318083924,0.020647900263999288,0.980700624796039,0.19551571364900316,0.9810319237836388,0.022975306366665345,0.0313129830753624,0.7664944670561726,0.6430860570591684,0.7337309994186634,0.0313129830753624,26.716143106254933,0.0008599784136238676,0.0008853154140524566,0.0014795701717957854,2.9568145275115967,0.24426817893981934,0.0014795701717957854,90.46491241455078,91.0027084350586,3927.056640625,4.382552623748779,4.063318729400635,0.6690556406974792,867.0,0.06433915510804278,-0.23112005234935945,-0.05295026461608436,-0.05856986346595189,0.4036939116658882,-0.263900355182485,95.0,0.9901827431115233,,,,
gov_report:131,gov_report,disagreement_formal,64,32,physical_delete_high_age_95,high_age,95,2,3,0.019277566808586142,0.02013583810536065,0.9638328817015913,0.2665855741169314,0.9573759337811713,0.019046242040509767,0.03754549683899971,0.5419443439048522,0.8411287921499081,0.5072843255259797,0.03754549683899971,38.586729827649876,0.0004935956512920643,0.0002725505328271538,0.0006021598819643259,1.9831174612045288,0.48607441782951355,0.0006021598819643259,26.468994140625,26.181541442871094,54.453914642333984,7.053983211517334,5.791595935821533,1.2832520008087158,867.0,0.06433915510804278,-0.23112005234935945,-0.05295026461608436,-0.05856986346595189,0.4036939116658882,-0.263900355182485,95.0,0.9901827431115233,,,,
gov_report:131,gov_report,disagreement_formal,64,32,physical_delete_high_age_95,high_age,95,3,4,0.005458108828629105,0.010220510599938403,0.5314427114891691,0.8470982018507144,0.5340348483824282,0.004883505974450148,0.035564309823727984,0.21485906990477638,0.9797186812453621,0.13731479673456068,0.035564309823727984,41.91468490760117,0.00011651062116333674,0.00012214759772177786,0.0002621305757202208,1.7507010698318481,0.5413070321083069,0.0002621305757202208,20.963449478149414,20.764278411865234,7.236764430999756,6.002708435058594,6.29989767074585,1.1889666318893433,867.0,0.06433915510804278,-0.23112005234935945,-0.05295026461608436,-0.05856986346595189,0.4036939116658882,-0.263900355182485,95.0,0.9901827431115233,,,,
gov_report:131,gov_report,disagreement_formal,64,32,physical_delete_high_age_95,high_age,95,4,5,0.005733229656687143,0.010570111372365224,0.6232804104679831,0.7861699254109165,0.5424001180986843,0.0054882157935786935,0.039072636502151536,0.28188428582111086,0.9698152131320201,0.1404618752378403,0.039072636502151536,44.75709585486226,0.00012262224991933815,0.00012329971650615335,0.00023487616272177547,1.7371959686279297,0.5963899493217468,0.00023487616272177547,18.461429595947266,17.67570686340332,4.33928108215332,7.45456600189209,6.963738918304443,2.199312448501587,867.0,0.06433915510804278,-0.23112005234935945,-0.05295026461608436,-0.05856986346595189,0.4036939116658882,-0.263900355182485,95.0,0.9901827431115233,9.865091624037338e-09,1.6804301887656295e-07,9.865214451831058e-09,1.6807977365221598e-07
gov_report:131,gov_report,disagreement_formal,64,32,physical_delete_high_age_95,high_age,95,5,6,0.052971703442309795,0.053637405932792356,0.9792923158409945,0.20262130299717088,0.9875888388167637,0.04481589872661444,0.056707194443391715,0.8094904650971274,0.5874464431017881,0.7903035790520755,0.056707194443391715,43.052721033449615,0.0010409539200041487,0.0002827458083629608,0.0008065898437052965,1.6579357385635376,0.5890998840332031,0.0008065898437052965,16.515356063842773,16.84955596923828,4.393622398376465,8.472759246826172,7.807435512542725,1.7287839651107788,867.0,0.06433915510804278,-0.23112005234935945,-0.05295026461608436,-0.05856986346595189,0.4036939116658882,-0.263900355182485,95.0,0.9901827431115233,,,,
gov_report:131,gov_report,disagreement_formal,64,32,physical_delete_high_age_95,high_age,95,6,7,0.0006011308936214828,0.009651549978934073,0.06978238772604928,0.9975904239146361,0.06228335292606258,0.0006748570233998732,0.05480540633685339,0.06504002200946538,0.9992746675281325,0.01231369436898184,0.05480540633685339,47.152064700667474,1.4312353609200917e-05,1.4457265933742747e-05,2.3559126930194907e-05,1.2028690576553345,0.6844838261604309,2.3559126930194907e-05,19.143892288208008,19.175012588500977,5.569211006164551,6.6363725662231445,6.587260723114014,1.0086441040039062,867.0,0.06433915510804278,-0.23112005234935945,-0.05295026461608436,-0.05856986346595189,0.4036939116658882,-0.263900355182485,95.0,0.9901827431115233,,,,
gov_report:131,gov_report,disagreement_formal,64,32,physical_delete_high_age_95,high_age,95,7,8,0.008387833300724557,0.012520812377107782,0.6653116603563051,0.7465799026145353,0.6699112683822587,0.007877948960701235,0.051723347859766726,0.2726402727348109,0.9696116826456695,0.15230933972139762,0.051723347859766726,50.727766988796404,0.00015529855596523964,0.00024369126185774803,0.00042048239265568554,2.3530635833740234,0.36612746119499207,0.00042048239265568554,33.64079284667969,33.6827507019043,198.37554931640625,6.1944050788879395,6.4008941650390625,1.6140589714050293,867.0,0.06433915510804278,-0.23112005234935945,-0.05295026461608436,-0.05856986346595189,0.4036939116658882,-0.263900355182485,95.0,0.9901827431115233,1.3158325211076857e-08,1.651710572279268e-06,1.3158100763681079e-08,1.6520997258636818e-06
gov_report:131,gov_report,disagreement_formal,64,32,physical_delete_high_age_95,high_age,95,8,9,0.003088853318156591,0.009268209243412559,0.4453786954526573,0.9023332404007797,0.3332740162671677,0.002204346084414655,0.04622452840008088,0.06042174412086662,0.9982541590996804,0.047687800410545635,0.04622452840008088,52.331208326352474,4.212297317248474e-05,5.564802631852217e-05,8.748475374886766e-05,1.535147786140442,0.6106821894645691,8.748475374886766e-05,19.767749786376953,19.4312801361084,6.173434257507324,7.2945146560668945,7.640507698059082,1.7006601095199585,867.0,0.06433915510804278,-0.23112005234935945,-0.05295026461608436,-0.05856986346595189,0.4036939116658882,-0.263900355182485,95.0,0.9901827431115233,,,,
gov_report:131,gov_report,disagreement_formal,64,32,physical_delete_high_age_95,high_age,95,9,10,0.006008653664869808,0.007866086719060122,0.7189647030488757,0.6964955718845858,0.7638682205613607,0.006456096594735047,0.045630855760347186,0.07805965684210141,0.9989642164447555,0.14148532801230826,0.045630855760347186,54.245254950383824,0.00011901679880830509,0.00010741256846813485,0.0002672199043445289,1.8813796043395996,0.5206446647644043,0.0002672199043445289,19.878637313842773,18.897748947143555,4.657114505767822,7.259407997131348,7.294088840484619,1.2655138969421387,867.0,0.06433915510804278,-0.23112005234935945,-0.05295026461608436,-0.05856986346595189,0.4036939116658882,-0.263900355182485,95.0,0.9901827431115233,,,,
gov_report:131,gov_report,disagreement_formal,64,32,physical_delete_high_age_95,high_age,95,10,11,0.008460064917309325,0.013265420736321799,0.5208238149016285,0.8616350978608421,0.637753229654072,0.007988915863282407,0.04173553735244221,0.1335109134589218,0.9927376384820115,0.19141758726666844,0.04173553735244221,51.01528909252409,0.0001565984630370961,0.00014764463412575424,0.00024201911583077163,1.6292623281478882,0.6218962073326111,0.00024201911583077163,20.52361297607422,18.40196418762207,5.6428704261779785,7.637259006500244,8.100255012512207,2.3369486331939697,867.0,0.06433915510804278,-0.23112005234935945,-0.05295026461608436,-0.05856986346595189,0.4036939116658882,-0.263900355182485,95.0,0.9901827431115233,1.0593407998179904e-08,1.508967249174418e-06,1.0593498612642138e-08,1.5093974583943758e-06
gov_report:131,gov_report,disagreement_formal,64,32,physical_delete_high_age_95,high_age,95,11,12,0.002083792191548953,0.009752931581893614,0.23000620269946834,0.9733264659537952,0.2136580344127019,0.001729893457628757,0.03965487838008996,0.06635477605147473,0.9980549806680853,0.04362372369542576,0.03965487838008996,52.7763489057935,3.2777816076603566e-05,7.328499486902729e-05,9.195005986839533e-05,2.5473291873931885,0.3280871510505676,9.195005986839533e-05,21.059154510498047,19.001733779907227,6.601894855499268,7.51120662689209,7.655221462249756,1.2581614255905151,867.0,0.06433915510804278,-0.23112005234935945,-0.05295026461608436,-0.05856986346595189,0.4036939116658882,-0.263900355182485,95.0,0.9901827431115233,,,,
gov_report:131,gov_report,disagreement_formal,64,32,physical_delete_high_age_95,high_age,95,12,13,0.04701284428586595,0.04806599274973016,0.9884872621907554,0.15166095512389904,0.9780895305887524,0.04006626101780057,0.05683049777678691,0.7250385750978978,0.6889993274851565,0.7050133745998282,0.05683049777678691,56.77867799959394,0.000705656813955533,0.001197216915898025,0.001507084583863616,2.194857597351074,0.4660629332065582,0.001507084583863616,17.20105743408203,17.349411010742188,4.620758533477783,7.981686592102051,8.50001335144043,1.2804213762283325,867.0,0.06433915510804278,-0.23112005234935945,-0.05295026461608436,-0.05856986346595189,0.4036939116658882,-0.263900355182485,95.0,0.9901827431115233,,,,
gov_report:131,gov_report,disagreement_formal,64,32,physical_delete_high_age_95,high_age,95,13,14,0.008240194059949383,0.016556497111937445,0.5764225482107775,0.8209348594865626,0.49770153700012415,0.006948399013568325,0.05558412435733341,0.1560135215588796,0.9882414642889505,0.12500689889255398,0.05558412435733341,63.25660127745566,0.00010984464661784952,0.00011956167145399377,0.00026434010942466557,2.1239235401153564,0.4190864562988281,0.00026434010942466557,21.02590560913086,19.3211612701416,4.309299945831299,7.332388877868652,7.850312232971191,1.5309892892837524,867.0,0.06433915510804278,-0.23112005234935945,-0.05295026461608436,-0.05856986346595189,0.4036939116658882,-0.263900355182485,95.0,0.9901827431115233,,,,
gov_report:131,gov_report,disagreement_formal,64,32,physical_delete_high_age_95,high_age,95,14,15,0.011248981721148845,0.016737260011845112,0.724506605874334,0.6912578745509291,0.6720921891150545,0.009727513545422442,0.05493760250471637,0.18791922769413014,0.98224446207412,0.17706476260203272,0.05493760250471637,60.980248862193285,0.00015951908571913576,0.00022005369828548282,0.0002780499926302582,1.1369067430496216,0.7003499865531921,0.0002780499926302582,18.00698471069336,18.922168731689453,8.839941024780273,9.506178855895996,9.223275184631348,1.5578269958496094,867.0,0.06433915510804278,-0.23112005234935945,-0.05295026461608436,-0.05856986346595189,0.4036939116658882,-0.263900355182485,95.0,0.9901827431115233,1.4964889285404227e-08,2.5738169043835113e-06,1.496511546382948e-08,2.5749427287597285e-06
gov_report:131,gov_report,disagreement_formal,64,32,physical_delete_high_age_95,high_age,95,15,16,0.030231926607109376,0.0336787375191273,0.8924066287487848,0.4512626360247845,0.897656172234474,0.027088008405638547,0.061186819469368575,0.49593087416883025,0.8699914046579423,0.44270986203490087,0.061186819469368575,64.68855149400429,0.00041874501407175926,0.0008827465935610235,0.001150161144323647,2.136922597885132,0.44593456387519836,0.001150161144323647,55.56367492675781,55.36834716796875,1431.3194580078125,6.8943986892700195,7.767117500305176,1.889943242073059,867.0,0.06433915510804278,-0.23112005234935945,-0.05295026461608436,-0.05856986346595189,0.4036939116658882,-0.263900355182485,95.0,0.9901827431115233,,,,
gov_report:131,gov_report,disagreement_formal,64,32,physical_delete_high_age_95,high_age,95,16,17,0.05790471012343,0.05097477939592466,0.9445528185528874,0.3800686440484706,1.135948223996814,0.04433318682042211,0.07661632983378798,0.6189073028836924,0.7864955796486361,0.5786388739397834,0.07661632983378798,65.42810032943842,0.00067758633671464,0.001855178619734943,0.0019477099413052201,2.0074424743652344,0.4878666400909424,0.0019477099413052201,19.36519432067871,17.760334014892578,5.329480171203613,8.865518569946289,8.454568862915039,2.540112257003784,867.0,0.06433915510804278,-0.23112005234935945,-0.05295026461608436,-0.05856986346595189,0.4036939116658882,-0.263900355182485,95.0,0.9901827431115233,,,,
gov_report:131,gov_report,disagreement_formal,64,32,physical_delete_high_age_95,high_age,95,17,18,0.07633706131560927,0.07654053098545102,0.9894725318314066,0.14493457887074723,0.997341674179391,0.07077412378665632,0.10425551379402449,0.713302160567981,0.7017027873778754,0.6788525729822148,0.10425551379402449,70.80882974614033,0.0009995098639589378,0.0007298444397747517,0.001133271143771708,2.1453189849853516,0.4718698561191559,0.001133271143771708,16.882225036621094,15.850010871887207,6.177615165710449,10.133716583251953,9.505053520202637,4.364998817443848,867.0,0.06433915510804278,-0.23112005234935945,-0.05295026461608436,-0.05856986346595189,0.4036939116658882,-0.263900355182485,95.0,0.9901827431115233,,,,
gov_report:131,gov_report,disagreement_formal,64,32,physical_delete_high_age_95,high_age,95,18,19,0.03372646269469082,0.040863241553188275,0.8194446198185528,0.5731887861776093,0.825349664215745,0.029857386501355263,0.10669743864031193,0.316845249144431,0.9491991617619578,0.2798322704072362,0.10669743864031193,74.1645104552537,0.0004025832074947676,0.0006801825948059559,0.0012861157301813364,2.112544059753418,0.4451501667499542,0.0012861157301813364,22.95410919189453,21.94112777709961,7.084661483764648,9.580528259277344,9.166994094848633,2.687100648880005,867.0,0.06433915510804278,-0.23112005234935945,-0.05295026461608436,-0.05856986346595189,0.4036939116658882,-0.263900355182485,95.0,0.9901827431115233,3.555506117822486e-07,7.238261678176538e-06,3.55682560421696e-07,7.239020724366473e-06
gov_report:131,gov_report,disagreement_formal,64,32,physical_delete_high_age_95,high_age,95,19,20,0.07138778978219656,0.07311386508535193,0.9719396077577968,0.23527265519277732,0.9763919565578926,0.058220564788327454,0.12352669549878578,0.5333918855809734,0.8481427078603607,0.47131969776443783,0.12352669549878578,83.74399356824453,0.0006952207830986999,0.0010743536986410618,0.0021289456635713577,1.4328316450119019,0.6444604992866516,0.0021289456635713577,18.665477752685547,17.94789695739746,3.8626065254211426,9.187986373901367,9.882509231567383,3.3413825035095215,867.0,0.06433915510804278,-0.23112005234935945,-0.05295026461608436,-0.05856986346595189,0.4036939116658882,-0.263900355182485,95.0,0.9901827431115233,,,,
gov_report:131,gov_report,disagreement_formal,64,32,physical_delete_high_age_95,high_age,95,20,21,0.13811289323574383,0.1363012172386554,0.9829068050212207,0.1865943594533694,1.0132917081284483,0.11763592453534016,0.17353471074652313,0.6845522393435604,0.7289943304788415,0.6778812378761928,0.17353471074652313,90.94931838550414,0.001293422827389649,0.0021657636389136314,0.0035457459744066,2.0041611194610596,0.48286715149879456,0.0035457459744066,19.042388916015625,17.9879150390625,5.059463024139404,9.52447509765625,10.93634033203125,6.080747604370117,867.0,0.06433915510804278,-0.23112005234935945,-0.05295026461608436,-0.05856986346595189,0.4036939116658882,-0.263900355182485,95.0,0.9901827431115233,,,,
gov_report:131,gov_report,disagreement_formal,64,32,physical_delete_high_age_95,high_age,95,21,22,0.18221085915681814,0.18295371933143004,0.9875129558734431,0.15776302096439393,0.9959396279161389,0.18239026658381355,0.2606906454433345,0.747846497924089,0.6656194382974102,0.6996425448010913,0.2606906454433345,112.42223965934058,0.001622368199890774,0.003033791668713093,0.004194921348243952,2.3136980533599854,0.41885384917259216,0.004194921348243952,18.214946746826172,16.917333602905273,4.5336408615112305,10.047697067260742,11.056122779846191,6.952138423919678,867.0,0.06433915510804278,-0.23112005234935945,-0.05295026461608436,-0.05856986346595189,0.4036939116658882,-0.263900355182485,95.0,0.9901827431115233,,,,
gov_report:131,gov_report,disagreement_formal,64,32,physical_delete_high_age_95,high_age,95,22,23,0.03216620198080002,0.0507070779789261,0.7297073871461183,0.6903763698806875,0.6343532947050966,0.02889639087916471,0.2948779800750866,0.14929886218137428,0.9901222134359957,0.09799440050357998,0.2948779800750866,137.47068734804895,0.00021020038116201958,0.0006538422894664109,0.0007241771672852337,1.4149636030197144,0.6195999979972839,0.0007241771672852337,17.985050201416016,18.80040740966797,4.351675510406494,9.890183448791504,10.79423713684082,9.78787612915039,867.0,0.06433915510804278,-0.23112005234935945,-0.05295026461608436,-0.05856986346595189,0.4036939116658882,-0.263900355182485,95.0,0.9901827431115233,6.132284159241305e-08,1.2614488605232647e-05,6.132416267767856e-08,1.2626761543845047e-05
gov_report:131,gov_report,disagreement_formal,64,32,physical_delete_high_age_95,high_age,95,23,24,0.09235792100670032,0.11210981863121608,0.9089047004525718,0.4255963385595169,0.8238165232477148,0.08945311254040644,0.3307894698517793,0.2976951203674105,0.9550504586805928,0.2704230959361818,0.3307894698517793,167.35033102062502,0.0005345260567747657,0.0010430582333356142,0.001950227888301015,1.1193290948867798,0.7549765706062317,0.001950227888301015,16.433696746826172,17.326467514038086,4.27182149887085,11.504143714904785,13.576377868652344,12.6051607131958,867.0,0.06433915510804278,-0.23112005234935945,-0.05295026461608436,-0.05856986346595189,0.4036939116658882,-0.263900355182485,95.0,0.9901827431115233,,,,
gov_report:131,gov_report,disagreement_formal,64,32,physical_delete_high_age_95,high_age,95,24,25,0.057883007994492336,0.07048516367588176,0.8547743754986463,0.5200840722135296,0.8212083930266653,0.0612273348404248,0.37507944198266246,0.2039871123294596,0.9798212708249664,0.1632383116408042,0.37507944198266246,213.06425238202488,0.0002873655911581263,0.00041675459942780435,0.00068712915526703,1.2726365327835083,0.7021692395210266,0.00068712915526703,17.226524353027344,17.685781478881836,5.6164679527282715,14.457103729248047,15.73077392578125,64.88504028320312,867.0,0.06433915510804278,-0.23112005234935945,-0.05295026461608436,-0.05856986346595189,0.4036939116658882,-0.263900355182485,95.0,0.9901827431115233,,,,
gov_report:131,gov_report,disagreement_formal,64,32,physical_delete_high_age_95,high_age,95,25,26,0.14169489209669306,0.14726052076765625,0.9734128429636638,0.22933172547087777,0.9622055616675124,0.144255859028281,0.43391011144802644,0.34407609295402913,0.9390136726587841,0.33245562899393255,0.43391011144802644,240.2722201092864,0.000600385092220262,0.0009861259022727609,0.00156547746155411,1.545971393585205,0.6422273516654968,0.00156547746155411,15.533498764038086,16.39457893371582,6.610470771789551,19.975669860839844,20.58543586730957,52.52180099487305,867.0,0.06433915510804278,-0.23112005234935945,-0.05295026461608436,-0.05856986346595189,0.4036939116658882,-0.263900355182485,95.0,0.9901827431115233,,,,
gov_report:131,gov_report,disagreement_formal,64,32,physical_delete_high_age_95,high_age,95,26,27,0.2750564288611465,0.2705913178811853,0.9598182898137263,0.2862897399769443,1.0165013091141446,0.27642734981322,0.568309765333234,0.516818694855208,0.8566350303500799,0.48640260413462033,0.568309765333234,272.93826028004736,0.0010127834387512863,0.005675552878528833,0.003717152401804924,1.8826684951782227,0.6440292000770569,0.003717152401804924,15.894796371459961,16.013355255126953,4.747500419616699,13.769510269165039,24.898548126220703,142.1385040283203,867.0,0.06433915510804278,-0.23112005234935945,-0.05295026461608436,-0.05856986346595189,0.4036939116658882,-0.263900355182485,95.0,0.9901827431115233,5.017383161145671e-06,3.0099794777230585e-05,5.0160404368974836e-06,3.0113595984383076e-05
gov_report:131,gov_report,disagreement_formal,64,32,physical_delete_high_age_95,high_age,95,27,28,0.412628686628317,0.40846422535151655,0.9342946044691318,0.364492146311171,1.0101954125192152,0.42931569334158626,0.6824406587735828,0.5214732132174871,0.8600271952852101,0.62908868019838,0.6824406587735828,246.76775676280403,0.001739756032042101,0.016464950516819954,0.009579860605299473,3.5095386505126953,0.17716075479984283,0.009579860605299473,15.021852493286133,15.11117935180664,3.356067180633545,13.085468292236328,24.53872299194336,126.91842651367188,867.0,0.06433915510804278,-0.23112005234935945,-0.05295026461608436,-0.05856986346595189,0.4036939116658882,-0.263900355182485,95.0,0.9901827431115233,,,,
gov_report:131,gov_report,disagreement_formal,64,32,physical_delete_low_v_ridge_88,low_v_ridge,88,0,1,0.0034099256755869994,0.003408640656576624,0.9999913208202251,0.0041841395694032935,1.0003769887001424,0.004274883031645827,0.004271259637445908,0.9999914576084918,0.00422124660386215,1.0008483198183862,0.004271259637445908,20.285669058781963,0.00021073414040515304,0.00015760614769533277,0.00046706252032890916,1.514845371246338,0.6000259518623352,0.00046706252032890916,778.6537475585938,778.6587524414062,1826.9139404296875,3.547891616821289,4.16528844833374,0.7679433822631836,874.0,0.2101712659873226,-0.5961516912114129,-0.013312849528077597,-0.04068826326061657,-2.3104235202101795,-0.26582856134709265,88.0,0.5211690040986765,5.621299796923187e-09,5.703353618905367e-09,5.621292962516885e-09,5.703346859146632e-09
gov_report:131,gov_report,disagreement_formal,64,32,physical_delete_low_v_ridge_88,low_v_ridge,88,1,2,0.013182096828184473,0.01331558834459997,0.9970696879916666,0.07682691461474488,0.9899747939812488,0.012639721315588052,0.013438639059189801,0.9395260886931306,0.34247887304822944,0.9405506956409085,0.013438639059189801,26.716143106254933,0.0004731117536433906,0.0004289889766369015,0.0011587276821956038,2.9568145275115967,0.24426817893981934,0.0011587276821956038,90.89413452148438,91.0027084350586,3927.056640625,4.045414924621582,4.063318729400635,0.6690556406974792,874.0,0.2101712659873226,-0.5961516912114129,-0.013312849528077597,-0.04068826326061657,-2.3104235202101795,-0.26582856134709265,88.0,0.5211690040986765,,,,
gov_report:131,gov_report,disagreement_formal,64,32,physical_delete_low_v_ridge_88,low_v_ridge,88,2,3,0.01054956499461784,0.010805688523961288,0.9677525251985611,0.25204774127554325,0.9762973429434412,0.010298736680535483,0.017244950484237524,0.6523819519732398,0.7598963759455372,0.5972030299506444,0.017244950484237524,38.586729827649876,0.00026689840591663137,0.00015189984696917236,0.00037758107646368444,1.9831174612045288,0.48607441782951355,0.00037758107646368444,27.284313201904297,26.181541442871094,54.453914642333984,6.784137725830078,5.791595935821533,1.2832520008087158,874.0,0.2101712659873226,-0.5961516912114129,-0.013312849528077597,-0.04068826326061657,-2.3104235202101795,-0.26582856134709265,88.0,0.5211690040986765,,,,
gov_report:131,gov_report,disagreement_formal,64,32,physical_delete_low_v_ridge_88,low_v_ridge,88,3,4,0.005954044723161727,0.008149415470465184,0.5531000207198127,0.8518158089020668,0.7306100351295329,0.005528763736563845,0.017042746075018905,0.2565550509147485,0.9689082591089889,0.3244056862800916,0.017042746075018905,41.91468490760117,0.00013190517234596248,0.00016934226732701063,0.0002362788945902139,1.7507010698318481,0.5413070321083069,0.0002362788945902139,20.706077575683594,20.764278411865234,7.236764430999756,7.078461170196533,6.29989767074585,1.1889666318893433,874.0,0.2101712659873226,-0.5961516912114129,-0.013312849528077597,-0.04068826326061657,-2.3104235202101795,-0.26582856134709265,88.0,0.5211690040986765,,,,
gov_report:131,gov_report,disagreement_formal,64,32,physical_delete_low_v_ridge_88,low_v_ridge,88,4,5,0.0037989440733092435,0.005297891080748986,0.6218002980243723,0.788948779952274,0.7170672283379917,0.0037731966844351977,0.01793393054935583,0.08371959499676777,1.0045085908914309,0.2103942955533932,0.01793393054935583,44.75709585486226,8.430387656676546e-05,0.0001334819826297462,0.00014107274182606488,1.7371959686279297,0.5963899493217468,0.00014107274182606488,17.384458541870117,17.67570686340332,4.33928108215332,6.854994773864746,6.963738918304443,2.199312448501587,874.0,0.2101712659873226,-0.5961516912114129,-0.013312849528077597,-0.04068826326061657,-2.3104235202101795,-0.26582856134709265,88.0,0.5211690040986765,1.3856353995092134e-09,1.0652666826263307e-07,1.3856503212688837e-09,1.0652458563357896e-07
gov_report:131,gov_report,disagreement_formal,64,32,physical_delete_low_v_ridge_88,low_v_ridge,88,5,6,0.056763813184645774,0.05710762423451734,0.9966203500996149,0.08218790274110573,0.9939795945903882,0.05232223557250864,0.05112842398278331,0.9560982470100022,0.3006640030319381,1.0233492741753065,0.05112842398278331,43.052721033449615,0.0012153061250613432,0.000358651828719303,0.0008065360598266125,1.6579357385635376,0.5890998840332031,0.0008065360598266125,17.433902740478516,16.84955596923828,4.393622398376465,8.255438804626465,7.807435512542725,1.7287839651107788,874.0,0.2101712659873226,-0.5961516912114129,-0.013312849528077597,-0.04068826326061657,-2.3104235202101795,-0.26582856134709265,88.0,0.5211690040986765,,,,
gov_report:131,gov_report,disagreement_formal,64,32,physical_delete_low_v_ridge_88,low_v_ridge,88,6,7,0.0008987472600296365,0.01013719948313947,0.10185684359502362,0.99488661864451,0.08865833818545872,0.001026746861379298,0.05166911254350389,0.06420461026574696,0.9989210107237408,0.01987157918601383,0.05166911254350389,47.152064700667474,2.1775225918468924e-05,2.5155350158456713e-05,3.613219814724289e-05,1.2028690576553345,0.6844838261604309,3.613219814724289e-05,20.207592010498047,19.175012588500977,5.569211006164551,5.882198333740234,6.587260723114014,1.0086441040039062,874.0,0.2101712659873226,-0.5961516912114129,-0.013312849528077597,-0.04068826326061657,-2.3104235202101795,-0.26582856134709265,88.0,0.5211690040986765,,,,
gov_report:131,gov_report,disagreement_formal,64,32,physical_delete_low_v_ridge_88,low_v_ridge,88,7,8,0.014490239409129408,0.022565470256200922,0.6004053416096158,0.8007842320417485,0.6421421421584393,0.015175823766570966,0.053072002565820627,0.3327709745340491,0.9441694157968532,0.28594782621495585,0.053072002565820627,50.727766988796404,0.0002991620697580214,0.00048388633877038956,0.0007156135397963226,2.3530635833740234,0.36612746119499207,0.0007156135397963226,33.76897430419922,33.6827507019043,198.37554931640625,6.315737724304199,6.4008941650390625,1.6140589714050293,874.0,0.2101712659873226,-0.5961516912114129,-0.013312849528077597,-0.04068826326061657,-2.3104235202101795,-0.26582856134709265,88.0,0.5211690040986765,4.3300517139787694e-08,6.645767042638717e-07,4.32973152575289e-08,6.644833791207834e-07
gov_report:131,gov_report,disagreement_formal,64,32,physical_delete_low_v_ridge_88,low_v_ridge,88,8,9,0.0041801484414023355,0.011399972643979985,0.23925587351150512,0.979282226782159,0.36668056774765667,0.0032634721296733935,0.0479157967485694,0.11559115883162288,0.9944311382391074,0.06810848094205654,0.0479157967485694,52.331208326352474,6.236187227555385e-05,0.00013457689783535898,0.00015280592197086662,1.535147786140442,0.6106821894645691,0.00015280592197086662,20.153976440429688,19.4312801361084,6.173434257507324,6.999425411224365,7.640507698059082,1.7006601095199585,874.0,0.2101712659873226,-0.5961516912114129,-0.013312849528077597,-0.04068826326061657,-2.3104235202101795,-0.26582856134709265,88.0,0.5211690040986765,,,,
gov_report:131,gov_report,disagreement_formal,64,32,physical_delete_low_v_ridge_88,low_v_ridge,88,9,10,0.01305475297525019,0.013224708137490866,0.9194960932156441,0.39887818309797574,0.987148664418622,0.01144129605427595,0.04943127777688186,0.16618082911016466,0.9882535726769087,0.23145863446861661,0.04943127777688186,54.245254950383824,0.00021091791465891146,0.00030399166280403733,0.00037669047014787793,1.8813796043395996,0.5206446647644043,0.00037669047014787793,19.039623260498047,18.897748947143555,4.657114505767822,7.6956706047058105,7.294088840484619,1.2655138969421387,874.0,0.2101712659873226,-0.5961516912114129,-0.013312849528077597,-0.04068826326061657,-2.3104235202101795,-0.26582856134709265,88.0,0.5211690040986765,,,,
gov_report:131,gov_report,disagreement_formal,64,32,physical_delete_low_v_ridge_88,low_v_ridge,88,10,11,0.02426350760917168,0.026497060920908793,0.8013354197688858,0.6090501521341433,0.9157056203929915,0.02114372393866381,0.04700271855901959,0.41482717811835096,0.9105736331070722,0.44984044725230965,0.04700271855901959,51.01528909252409,0.0004144585733958384,0.0005829447181895375,0.0010594235500320792,1.6292623281478882,0.6218962073326111,0.0010594235500320792,18.47323226928711,18.40196418762207,5.6428704261779785,8.021011352539062,8.100255012512207,2.3369486331939697,874.0,0.2101712659873226,-0.5961516912114129,-0.013312849528077597,-0.04068826326061657,-2.3104235202101795,-0.26582856134709265,88.0,0.5211690040986765,1.1704923418434696e-07,9.440628786094472e-07,1.170434870166251e-07,9.43886440923725e-07
gov_report:131,gov_report,disagreement_formal,64,32,physical_delete_low_v_ridge_88,low_v_ridge,88,11,12,0.009228124965929395,0.01355513968785943,0.6354552386493297,0.7734670999221656,0.6807842027769365,0.007387759514614848,0.04458786245319771,0.19319346711007115,0.9815460912164982,0.16568992340392,0.04458786245319771,52.7763489057935,0.00013998239112376074,0.00033167016226798296,0.00031549122650176287,2.5473291873931885,0.3280871510505676,0.00031549122650176287,20.8797607421875,19.001733779907227,6.601894855499268,7.916196823120117,7.655221462249756,1.2581614255905151,874.0,0.2101712659873226,-0.5961516912114129,-0.013312849528077597,-0.04068826326061657,-2.3104235202101795,-0.26582856134709265,88.0,0.5211690040986765,,,,
gov_report:131,gov_report,disagreement_formal,64,32,physical_delete_low_v_ridge_88,low_v_ridge,88,12,13,0.01632817071300822,0.015720218774577813,0.7607387938196115,0.7060623549485346,1.0386732492179795,0.014709717602597074,0.044625485535255825,0.2797232512550549,0.9613767112937114,0.329625939665706,0.044625485535255825,56.77867799959394,0.00025907115348304294,0.0005151864024810493,0.000595534744206816,2.194857597351074,0.4660629332065582,0.000595534744206816,17.649169921875,17.349411010742188,4.620758533477783,8.56280517578125,8.50001335144043,1.2804213762283325,874.0,0.2101712659873226,-0.5961516912114129,-0.013312849528077597,-0.04068826326061657,-2.3104235202101795,-0.26582856134709265,88.0,0.5211690040986765,,,,
gov_report:131,gov_report,disagreement_formal,64,32,physical_delete_low_v_ridge_88,low_v_ridge,88,13,14,0.014808889785006165,0.015486176154726049,0.9284979398255954,0.37237426187731737,0.9562650997281088,0.01301550778770264,0.04372329485225851,0.28213257180650836,0.9595013830824941,0.2976790251439692,0.04372329485225851,63.25660127745566,0.00020575730476909615,0.0005074394284747541,0.0005238730227574706,2.1239235401153564,0.4190864562988281,0.0005238730227574706,19.561016082763672,19.3211612701416,4.309299945831299,6.602455139160156,7.850312232971191,1.5309892892837524,874.0,0.2101712659873226,-0.5961516912114129,-0.013312849528077597,-0.04068826326061657,-2.3104235202101795,-0.26582856134709265,88.0,0.5211690040986765,,,,
gov_report:131,gov_report,disagreement_formal,64,32,physical_delete_low_v_ridge_88,low_v_ridge,88,14,15,0.006523929446763902,0.010294232274583844,0.6015142562322451,0.799512032814257,0.6337460893389099,0.005306866336520255,0.042487307469263436,0.17050147088165332,0.9864118357821251,0.12490474573752167,0.042487307469263436,60.980248862193285,8.702598686523927e-05,0.00013837394362781197,0.00017914835189003497,1.1369067430496216,0.7003499865531921,0.00017914835189003497,19.338356018066406,18.922168731689453,8.839941024780273,9.430755615234375,9.223275184631348,1.5578269958496094,874.0,0.2101712659873226,-0.5961516912114129,-0.013312849528077597,-0.04068826326061657,-2.3104235202101795,-0.26582856134709265,88.0,0.5211690040986765,3.765976862822595e-09,7.548232862043466e-07,3.765981351879888e-09,7.546103921298965e-07
gov_report:131,gov_report,disagreement_formal,64,32,physical_delete_low_v_ridge_88,low_v_ridge,88,15,16,0.06049289476967445,0.061955629786884375,0.9848770203610797,0.1734626012504709,0.9763906036910373,0.05636692408950243,0.07123479066713294,0.8235609559954651,0.5681453838743878,0.791283634886985,0.07123479066713294,64.68855149400429,0.0008713585756318388,0.0018540133023634553,0.0020823455415666103,2.136922597885132,0.44593456387519836,0.0020823455415666103,55.344512939453125,55.36834716796875,1431.3194580078125,7.726680278778076,7.767117500305176,1.889943242073059,874.0,0.2101712659873226,-0.5961516912114129,-0.013312849528077597,-0.04068826326061657,-2.3104235202101795,-0.26582856134709265,88.0,0.5211690040986765,,,,
gov_report:131,gov_report,disagreement_formal,64,32,physical_delete_low_v_ridge_88,low_v_ridge,88,16,17,0.04453935839708026,0.04315088935628528,0.9070489785157078,0.4392256697894483,1.0321770666029793,0.03511389764595618,0.07439095635217809,0.48463499310722774,0.8748074660981939,0.472018365777174,0.07439095635217809,65.42810032943842,0.00053667915573207,0.0020339691545814276,0.0016996684717014432,2.0074424743652344,0.4878666400909424,0.0016996684717014432,17.74889373779297,17.760334014892578,5.329480171203613,7.659917831420898,8.454568862915039,2.540112257003784,874.0,0.2101712659873226,-0.5961516912114129,-0.013312849528077597,-0.04068826326061657,-2.3104235202101795,-0.26582856134709265,88.0,0.5211690040986765,,,,
gov_report:131,gov_report,disagreement_formal,64,32,physical_delete_low_v_ridge_88,low_v_ridge,88,17,18,0.06055621438361571,0.05696824576889246,0.9751210203146572,0.238450268842102,1.0629819045030604,0.04996195473156649,0.08936165601239163,0.6241740600261912,0.783990810141495,0.5590983533769601,0.08936165601239163,70.80882974614033,0.0007055893298997761,0.0013525072718039155,0.0025708978064358234,2.1453189849853516,0.4718698561191559,0.0025708978064358234,16.447999954223633,15.850010871887207,6.177615165710449,8.368309020996094,9.505053520202637,4.364998817443848,874.0,0.2101712659873226,-0.5961516912114129,-0.013312849528077597,-0.04068826326061657,-2.3104235202101795,-0.26582856134709265,88.0,0.5211690040986765,,,,
gov_report:131,gov_report,disagreement_formal,64,32,physical_delete_low_v_ridge_88,low_v_ridge,88,18,19,0.03437449923011244,0.03649087378509104,0.8440819553169127,0.5450817480551851,0.9420026342081378,0.030608773624890354,0.09053461816176983,0.3448293558139538,0.9386895895429324,0.33808916684441886,0.09053461816176983,74.1645104552537,0.00041271456437857567,0.0010635576909407973,0.001674967585131526,2.112544059753418,0.4451501667499542,0.001674967585131526,22.50653648376465,21.94112777709961,7.084661483764648,8.026300430297852,9.166994094848633,2.687100648880005,874.0,0.2101712659873226,-0.5961516912114129,-0.013312849528077597,-0.04068826326061657,-2.3104235202101795,-0.26582856134709265,88.0,0.5211690040986765,9.428108298909464e-08,5.006189557675653e-06,9.427824715930542e-08,5.005592138398997e-06
gov_report:131,gov_report,disagreement_formal,64,32,physical_delete_low_v_ridge_88,low_v_ridge,88,19,20,0.012405514798534828,0.021815399553492303,0.5322757062865576,0.8473525170903182,0.5686586105432527,0.010854418253486342,0.09403756311513171,0.19565306502629767,0.9839492844798374,0.11542640934024526,0.09403756311513171,83.74399356824453,0.0001296142898253458,0.00032512133475393057,0.0004159608797635883,1.4328316450119019,0.6444604992866516,0.0004159608797635883,19.138980865478516,17.94789695739746,3.8626065254211426,8.789804458618164,9.882509231567383,3.3413825035095215,874.0,0.2101712659873226,-0.5961516912114129,-0.013312849528077597,-0.04068826326061657,-2.3104235202101795,-0.26582856134709265,88.0,0.5211690040986765,,,,
gov_report:131,gov_report,disagreement_formal,64,32,physical_delete_low_v_ridge_88,low_v_ridge,88,20,21,0.2317652571338167,0.23141856425899457,0.9925389474027995,0.12225671625538997,1.0014981204119568,0.19882565060464397,0.23100932444182637,0.9002118178001924,0.43724279422949397,0.8606823602685916,0.23100932444182637,90.94931838550414,0.0021861147959557833,0.005196467507630587,0.0068507748655974865,2.0041611194610596,0.48286715149879456,0.0068507748655974865,19.643115997314453,17.9879150390625,5.059463024139404,10.698978424072266,10.93634033203125,6.080747604370117,874.0,0.2101712659873226,-0.5961516912114129,-0.013312849528077597,-0.04068826326061657,-2.3104235202101795,-0.26582856134709265,88.0,0.5211690040986765,,,,
gov_report:131,gov_report,disagreement_formal,64,32,physical_delete_low_v_ridge_88,low_v_ridge,88,21,22,0.25674238649440734,0.2619107664191103,0.9898074947595347,0.1427310451954808,0.9802666381555597,0.2410188609234375,0.3474396961046261,0.7331625929947981,0.6811974172442068,0.693699838060123,0.3474396961046261,112.42223965934058,0.002143871725503491,0.00479095196351409,0.006278327666223049,2.3136980533599854,0.41885384917259216,0.006278327666223049,17.246688842773438,16.917333602905273,4.5336408615112305,8.824695587158203,11.056122779846191,6.952138423919678,874.0,0.2101712659873226,-0.5961516912114129,-0.013312849528077597,-0.04068826326061657,-2.3104235202101795,-0.26582856134709265,88.0,0.5211690040986765,,,,
gov_report:131,gov_report,disagreement_formal,64,32,physical_delete_low_v_ridge_88,low_v_ridge,88,22,23,0.04537270665960143,0.06334600558862082,0.726572310593979,0.6871672719007529,0.7162678410105147,0.04510897241273825,0.39906086297941157,0.08705631118850894,0.9965421405022146,0.11303782604977107,0.39906086297941157,137.47068734804895,0.0003281352067334263,0.001184743596240878,0.0015838599065318704,1.4149636030197144,0.6195999979972839,0.0015838599065318704,18.466541290283203,18.80040740966797,4.351675510406494,8.540239334106445,10.79423713684082,9.78787612915039,874.0,0.2101712659873226,-0.5961516912114129,-0.013312849528077597,-0.04068826326061657,-2.3104235202101795,-0.26582856134709265,88.0,0.5211690040986765,1.8302790998628781e-07,3.308980784308521e-05,1.8301236049640708e-07,3.3125304104666605e-05
gov_report:131,gov_report,disagreement_formal,64,32,physical_delete_low_v_ridge_88,low_v_ridge,88,23,24,0.0446947837389228,0.06044301493895755,0.8273219795726517,0.568558929255487,0.7394532483871104,0.044083679566673174,0.4231134235058713,0.031661157717482756,1.0021266536156208,0.1041887993091797,0.4231134235058713,167.35033102062502,0.000263421525955871,0.0008729911060072482,0.0010398877784609795,1.1193290948867798,0.7549765706062317,0.0010398877784609795,17.826316833496094,17.326467514038086,4.27182149887085,9.548518180847168,13.576377868652344,12.6051607131958,874.0,0.2101712659873226,-0.5961516912114129,-0.013312849528077597,-0.04068826326061657,-2.3104235202101795,-0.26582856134709265,88.0,0.5211690040986765,,,,
gov_report:131,gov_report,disagreement_formal,64,32,physical_delete_low_v_ridge_88,low_v_ridge,88,24,25,0.0780482129435988,0.10016737860132702,0.826552339628527,0.5648500353469789,0.7791779522776172,0.08088692643289933,0.49634376408787156,0.212362570635261,0.9784386571713403,0.1629655337395944,0.49634376408787156,213.06425238202488,0.0003796363093695737,0.0007621688419021666,0.0015942216850817204,1.2726365327835083,0.7021692395210266,0.0015942216850817204,18.374826431274414,17.685781478881836,5.6164679527282715,10.921177864074707,15.73077392578125,64.88504028320312,874.0,0.2101712659873226,-0.5961516912114129,-0.013312849528077597,-0.04068826326061657,-2.3104235202101795,-0.26582856134709265,88.0,0.5211690040986765,,,,
gov_report:131,gov_report,disagreement_formal,64,32,physical_delete_low_v_ridge_88,low_v_ridge,88,25,26,0.024320249821837996,0.054896686702494646,0.5813739547566116,0.8253160281915043,0.4430185368679604,0.023407357599958545,0.5469842291013441,0.05039083945586447,0.998758470902407,0.04279347804673483,0.5469842291013441,240.2722201092864,9.742015780813882e-05,0.0002942285209428519,0.00039229943649843335,1.545971393585205,0.6422273516654968,0.00039229943649843335,16.902982711791992,16.39457893371582,6.610470771789551,13.949039459228516,20.58543586730957,52.52180099487305,874.0,0.2101712659873226,-0.5961516912114129,-0.013312849528077597,-0.04068826326061657,-2.3104235202101795,-0.26582856134709265,88.0,0.5211690040986765,,,,
gov_report:131,gov_report,disagreement_formal,64,32,physical_delete_low_v_ridge_88,low_v_ridge,88,26,27,0.23869628049125613,0.2633275004870803,0.9336029296633661,0.3593358022858702,0.9064616496557956,0.24365942676123567,0.6572727912878114,0.40529305712770114,0.9148406052891078,0.37071278469298496,0.6572727912878114,272.93826028004736,0.0008927272655406749,0.0067331213504076,0.003723714267835021,1.8826684951782227,0.6440292000770569,0.003723714267835021,17.88323402404785,16.013355255126953,4.747500419616699,11.637475967407227,24.898548126220703,142.1385040283203,874.0,0.2101712659873226,-0.5961516912114129,-0.013312849528077597,-0.04068826326061657,-2.3104235202101795,-0.26582856134709265,88.0,0.5211690040986765,2.1138407833111256e-06,3.4927009227647536e-05,2.1134248013820716e-06,3.4971560055144873e-05
gov_report:131,gov_report,disagreement_formal,64,32,physical_delete_low_v_ridge_88,low_v_ridge,88,27,28,0.5253284674565797,0.5170125648287243,0.9479350410113416,0.3256739327635453,1.0160845271344814,0.5494456759759271,0.8941045986298405,0.625942118503375,0.7799531497721283,0.6145205793795472,0.8941045986298405,246.76775676280403,0.002226569966772687,0.02442181669175625,0.012628731317818165,3.5095386505126953,0.17716075479984283,0.012628731317818165,17.4658203125,15.11117935180664,3.356067180633545,11.505191802978516,24.53872299194336,126.91842651367188,874.0,0.2101712659873226,-0.5961516912114129,-0.013312849528077597,-0.04068826326061657,-2.3104235202101795,-0.26582856134709265,88.0,0.5211690040986765,,,,
gov_report:131,gov_report,disagreement_formal,64,32,physical_delete_median_key_query_93,median_key_query,93,0,1,0.006316016789827136,0.006315722721670028,0.9999974476202487,0.0022599037901785586,1.0000465612836515,0.0073512629464983015,0.007350410321302553,0.9999970804147635,0.002419360058340032,1.0001159969523439,0.007350410321302553,20.285669058781963,0.0003623870095285732,0.0003053734835702926,0.0008443118422292173,1.514845371246338,0.6000259518623352,0.0008443118422292173,778.5030517578125,778.6587524414062,1826.9139404296875,3.824488878250122,4.16528844833374,0.7679433822631836,869.0,0.2981027027449229,-0.8435459542506158,0.14835471733329622,0.13839585707433136,-0.6471418350295346,-0.08187080525992402,93.0,0.09148700606106408,5.255147139516286e-09,5.190017850799773e-09,5.255120556011298e-09,5.1899884181801975e-09
gov_report:131,gov_report,disagreement_formal,64,32,physical_delete_median_key_query_93,median_key_query,93,1,2,0.03142192010979689,0.03167437129797954,0.9990814361061128,0.04342821261241301,0.9920297963988713,0.03585690132684176,0.03713168547264137,0.9791474175480491,0.20359767741129944,0.9656685623188619,0.03713168547264137,26.716143106254933,0.0013421436314453167,0.0006836230750195682,0.0019785643089562654,2.9568145275115967,0.24426817893981934,0.0019785643089562654,92.0506362915039,91.0027084350586,3927.056640625,4.691153526306152,4.063318729400635,0.6690556406974792,869.0,0.2981027027449229,-0.8435459542506158,0.14835471733329622,0.13839585707433136,-0.6471418350295346,-0.08187080525992402,93.0,0.09148700606106408,,,,
gov_report:131,gov_report,disagreement_formal,64,32,physical_delete_median_key_query_93,median_key_query,93,2,3,0.04615796036796317,0.04692399855840455,0.962507984771243,0.272077963558575,0.9836749165890473,0.0502269491169218,0.06302043316122553,0.8244533892464285,0.5665956145337915,0.7969946666095726,0.06302043316122553,38.586729827649876,0.001301663793259074,0.0006570059340447187,0.0013687212485820055,1.9831174612045288,0.48607441782951355,0.0013687212485820055,26.11556053161621,26.181541442871094,54.453914642333984,5.80617618560791,5.791595935821533,1.2832520008087158,869.0,0.2981027027449229,-0.8435459542506158,0.14835471733329622,0.13839585707433136,-0.6471418350295346,-0.08187080525992402,93.0,0.09148700606106408,,,,
gov_report:131,gov_report,disagreement_formal,64,32,physical_delete_median_key_query_93,median_key_query,93,3,4,0.034721457951346624,0.03635500127924604,0.9369043679066552,0.35005725610234206,0.9550668884494866,0.031009796839807237,0.07115208116319278,0.6281530678577264,0.8015074095893774,0.43582417172990173,0.07115208116319278,41.91468490760117,0.0007398313242284127,0.000498407578561455,0.0014977450482547283,1.7507010698318481,0.5413070321083069,0.0014977450482547283,20.058002471923828,20.764278411865234,7.236764430999756,6.490618705749512,6.29989767074585,1.1889666318893433,869.0,0.2981027027449229,-0.8435459542506158,0.14835471733329622,0.13839585707433136,-0.6471418350295346,-0.08187080525992402,93.0,0.09148700606106408,,,,
gov_report:131,gov_report,disagreement_formal,64,32,physical_delete_median_key_query_93,median_key_query,93,4,5,0.018816017684901414,0.025721459094778857,0.691906434660233,0.7230736536769312,0.7315299499755377,0.01737631657388695,0.08308267428053161,0.44170555620139995,0.926812098648516,0.2091448875997323,0.08308267428053161,44.75709585486226,0.00038823601580930653,0.000291962584014982,0.0006479870062321424,1.7371959686279297,0.5963899493217468,0.0006479870062321424,17.483150482177734,17.67570686340332,4.33928108215332,6.644009590148926,6.963738918304443,2.199312448501587,869.0,0.2981027027449229,-0.8435459542506158,0.14835471733329622,0.13839585707433136,-0.6471418350295346,-0.08187080525992402,93.0,0.09148700606106408,1.3796345248859505e-08,6.934872211875368e-07,1.3796561361666257e-08,6.933784608364245e-07
gov_report:131,gov_report,disagreement_formal,64,32,physical_delete_median_key_query_93,median_key_query,93,5,6,0.09723927693921737,0.09822340473959233,0.9670931896592082,0.2554498024215477,0.989980719941606,0.08559467360468884,0.12493608617883802,0.8392649806050844,0.5651537508241404,0.6851076916413528,0.12493608617883802,43.052721033449615,0.001988136209513597,0.00039333346649073064,0.0011518982937559485,1.6579357385635376,0.5890998840332031,0.0011518982937559485,17.047473907470703,16.84955596923828,4.393622398376465,8.905950546264648,7.807435512542725,1.7287839651107788,869.0,0.2981027027449229,-0.8435459542506158,0.14835471733329622,0.13839585707433136,-0.6471418350295346,-0.08187080525992402,93.0,0.09148700606106408,,,,
gov_report:131,gov_report,disagreement_formal,64,32,physical_delete_median_key_query_93,median_key_query,93,6,7,0.006125538121324852,0.026123329637311423,0.15174422113154643,0.9918769005970227,0.2344853510777535,0.005602282677449656,0.12675511140321793,0.2289150716436959,0.99081703777472,0.04419768651086863,0.12675511140321793,47.152064700667474,0.00011881309361560899,0.00022566648840438575,0.00039505696622654796,1.2028690576553345,0.6844838261604309,0.00039505696622654796,17.241798400878906,19.175012588500977,5.569211006164551,5.44207763671875,6.587260723114014,1.0086441040039062,869.0,0.2981027027449229,-0.8435459542506158,0.14835471733329622,0.13839585707433136,-0.6471418350295346,-0.08187080525992402,93.0,0.09148700606106408,,,,
gov_report:131,gov_report,disagreement_formal,64,32,physical_delete_median_key_query_93,median_key_query,93,7,8,0.03163394623270441,0.03674180809292099,0.7591052786865067,0.658891150080614,0.860979572717307,0.028696526415234323,0.12201031577688108,0.33362491013861073,0.9478303466653157,0.23519754237593601,0.12201031577688108,50.727766988796404,0.0005656966217648051,0.0008381991065107286,0.0014096833765506744,2.3530635833740234,0.36612746119499207,0.0014096833765506744,33.04988098144531,33.6827507019043,198.37554931640625,5.283446311950684,6.4008941650390625,1.6140589714050293,869.0,0.2981027027449229,-0.8435459542506158,0.14835471733329622,0.13839585707433136,-0.6471418350295346,-0.08187080525992402,93.0,0.09148700606106408,7.827826969689848e-08,4.0910259679272564e-06,7.827547163824141e-08,4.092191880255854e-06
gov_report:131,gov_report,disagreement_formal,64,32,physical_delete_median_key_query_93,median_key_query,93,8,9,0.0017844364730275413,0.020447807673813805,0.1702314520109053,0.9888903932661561,0.08726786272118328,0.0014657794858254649,0.11251748157671818,0.048294786946888206,0.9994555625012546,0.01302712667654268,0.11251748157671818,52.331208326352474,2.8009662545616036e-05,6.332570046652108e-05,5.7112538343062624e-05,1.535147786140442,0.6106821894645691,5.7112538343062624e-05,19.888267517089844,19.4312801361084,6.173434257507324,7.483368396759033,7.640507698059082,1.7006601095199585,869.0,0.2981027027449229,-0.8435459542506158,0.14835471733329622,0.13839585707433136,-0.6471418350295346,-0.08187080525992402,93.0,0.09148700606106408,,,,
gov_report:131,gov_report,disagreement_formal,64,32,physical_delete_median_key_query_93,median_key_query,93,9,10,0.021965935955858853,0.025440464548719597,0.8116655947767463,0.5864111270203991,0.8634251121394867,0.024898312819823173,0.11415451432240728,0.10852709073939457,1.0001152044825088,0.2181106281044893,0.11415451432240728,54.245254950383824,0.00045899522165757654,0.00033717486076056957,0.0007895669550634921,1.8813796043395996,0.5206446647644043,0.0007895669550634921,18.61922836303711,18.897748947143555,4.657114505767822,7.003169536590576,7.294088840484619,1.2655138969421387,869.0,0.2981027027449229,-0.8435459542506158,0.14835471733329622,0.13839585707433136,-0.6471418350295346,-0.08187080525992402,93.0,0.09148700606106408,,,,
gov_report:131,gov_report,disagreement_formal,64,32,physical_delete_median_key_query_93,median_key_query,93,10,11,0.018822172273313887,0.03278994459251137,0.43295233062103655,0.9123886925737467,0.5740226922375627,0.01921297318561843,0.10517972439968093,0.19978783531248684,0.9799887287880416,0.1826680312700716,0.10517972439968093,51.01528909252409,0.0003766120613522888,0.0003919665759894997,0.00044013027218170464,1.6292623281478882,0.6218962073326111,0.00044013027218170464,17.924301147460938,18.40196418762207,5.6428704261779785,8.15124797821045,8.100255012512207,2.3369486331939697,869.0,0.2981027027449229,-0.8435459542506158,0.14835471733329622,0.13839585707433136,-0.6471418350295346,-0.08187080525992402,93.0,0.09148700606106408,4.5215822591993036e-08,4.6970943567815155e-06,4.521596840376012e-08,4.698537811738238e-06
gov_report:131,gov_report,disagreement_formal,64,32,physical_delete_median_key_query_93,median_key_query,93,11,12,0.14830594081861537,0.14939966589401263,0.9898058881010389,0.14245195611760947,0.9926791999911622,0.1292573204660643,0.16316779082593014,0.7921550562198358,0.6103198892984836,0.7921742386275118,0.16316779082593014,52.7763489057935,0.0024491523787822152,0.0030712259467691183,0.004730233922600746,2.5473291873931885,0.3280871510505676,0.004730233922600746,17.617168426513672,19.001733779907227,6.601894855499268,7.677638530731201,7.655221462249756,1.2581614255905151,869.0,0.2981027027449229,-0.8435459542506158,0.14835471733329622,0.13839585707433136,-0.6471418350295346,-0.08187080525992402,93.0,0.09148700606106408,,,,
gov_report:131,gov_report,disagreement_formal,64,32,physical_delete_median_key_query_93,median_key_query,93,12,13,0.05235692504073955,0.059934294302836456,0.8796541381863263,0.47565280281529077,0.8735720617012704,0.04720661530142927,0.16654841602052356,0.3844301116817596,0.9286615807104875,0.2834407941508856,0.16654841602052356,56.77867799959394,0.0008314144845317969,0.0020214945543557405,0.002004659501835704,2.194857597351074,0.4660629332065582,0.002004659501835704,16.941181182861328,17.349411010742188,4.620758533477783,8.330446243286133,8.50001335144043,1.2804213762283325,869.0,0.2981027027449229,-0.8435459542506158,0.14835471733329622,0.13839585707433136,-0.6471418350295346,-0.08187080525992402,93.0,0.09148700606106408,,,,
gov_report:131,gov_report,disagreement_formal,64,32,physical_delete_median_key_query_93,median_key_query,93,13,14,0.009315329612394315,0.036732493455381855,0.2064678078542225,0.9795878771207338,0.2535991634684272,0.008164743367298681,0.15781104096258386,0.01579709729644997,1.0005209452180608,0.051737466006795414,0.15781104096258386,63.25660127745566,0.00012907338052334716,0.0001426089438609779,0.00025169539730995893,2.1239235401153564,0.4190864562988281,0.00025169539730995893,20.331687927246094,19.3211612701416,4.309299945831299,7.790369033813477,7.850312232971191,1.5309892892837524,869.0,0.2981027027449229,-0.8435459542506158,0.14835471733329622,0.13839585707433136,-0.6471418350295346,-0.08187080525992402,93.0,0.09148700606106408,,,,
gov_report:131,gov_report,disagreement_formal,64,32,physical_delete_median_key_query_93,median_key_query,93,14,15,0.15369988069085777,0.15455015913708817,0.9863009765897889,0.16515925879995827,0.9944983657669599,0.13858005867595344,0.21188781895786463,0.7100317315044767,0.7063933936743166,0.654025603536516,0.21188781895786463,60.980248862193285,0.002272540064392402,0.002689993241801858,0.004144968930631876,1.1369067430496216,0.7003499865531921,0.004144968930631876,18.21875762939453,18.922168731689453,8.839941024780273,8.81320858001709,9.223275184631348,1.5578269958496094,869.0,0.2981027027449229,-0.8435459542506158,0.14835471733329622,0.13839585707433136,-0.6471418350295346,-0.08187080525992402,93.0,0.09148700606106408,4.668461330651106e-06,3.315833146205565e-05,4.669186303003247e-06,3.320236936074346e-05
gov_report:131,gov_report,disagreement_formal,64,32,physical_delete_median_key_query_93,median_key_query,93,15,16,0.126225048339118,0.15061164701384844,0.7943824065101153,0.6089879528956808,0.8380829161738856,0.14050918386900688,0.25296697740160207,0.621592378710434,0.7861287561457525,0.5554447671876915,0.25296697740160207,64.68855149400429,0.0021720873419468992,0.0028970520943403244,0.005509166046977043,2.136922597885132,0.44593456387519836,0.005509166046977043,54.426727294921875,55.36834716796875,1431.3194580078125,7.587043285369873,7.767117500305176,1.889943242073059,869.0,0.2981027027449229,-0.8435459542506158,0.14835471733329622,0.13839585707433136,-0.6471418350295346,-0.08187080525992402,93.0,0.09148700606106408,,,,
gov_report:131,gov_report,disagreement_formal,64,32,physical_delete_median_key_query_93,median_key_query,93,16,17,0.23091123701722077,0.21617970027260586,0.8865515490746665,0.49699344427110326,1.0681448661740127,0.1736100891908479,0.32395779365229477,0.6136394323330381,0.7934037653513323,0.535903418879264,0.32395779365229477,65.42810032943842,0.0026534484161499423,0.0062766908667981625,0.006341457366943359,2.0074424743652344,0.4878666400909424,0.006341457366943359,19.51168441772461,17.760334014892578,5.329480171203613,9.222728729248047,8.454568862915039,2.540112257003784,869.0,0.2981027027449229,-0.8435459542506158,0.14835471733329622,0.13839585707433136,-0.6471418350295346,-0.08187080525992402,93.0,0.09148700606106408,,,,
gov_report:131,gov_report,disagreement_formal,64,32,physical_delete_median_key_query_93,median_key_query,93,17,18,0.12683015910238918,0.14902799706064254,0.9152683083357709,0.40793138688062897,0.851049209570866,0.12100355228102332,0.36966475961816436,0.5249629769839078,0.87376850350107,0.3273332097060342,0.36966475961816436,70.80882974614033,0.0017088766007691155,0.0014763809740543365,0.0019276528619229794,2.1453189849853516,0.4718698561191559,0.0019276528619229794,15.705375671386719,15.850010871887207,6.177615165710449,9.607942581176758,9.505053520202637,4.364998817443848,869.0,0.2981027027449229,-0.8435459542506158,0.14835471733329622,0.13839585707433136,-0.6471418350295346,-0.08187080525992402,93.0,0.09148700606106408,,,,
gov_report:131,gov_report,disagreement_formal,64,32,physical_delete_median_key_query_93,median_key_query,93,18,19,0.027742480082427485,0.09392264857739101,0.291033409107799,0.9567227453050803,0.29537582790340555,0.023716804283459056,0.36397940601126005,0.14005995606852756,0.9929719284726636,0.06515974225949847,0.36397940601126005,74.1645104552537,0.00031978643340157035,0.0007362710312008858,0.0013214880600571632,2.112544059753418,0.4451501667499542,0.0013214880600571632,22.835020065307617,21.94112777709961,7.084661483764648,8.338438987731934,9.166994094848633,2.687100648880005,869.0,0.2981027027449229,-0.8435459542506158,0.14835471733329622,0.13839585707433136,-0.6471418350295346,-0.08187080525992402,93.0,0.09148700606106408,1.4694513242912897e-07,0.00014373492603588943,1.469386045773795e-07,0.0001442552490289551
gov_report:131,gov_report,disagreement_formal,64,32,physical_delete_median_key_query_93,median_key_query,93,19,20,0.1416743040959317,0.1502227726361855,0.9398455131572656,0.3416152349654853,0.9430947226559534,0.11480041131137374,0.38918547106935475,0.3379365295905832,0.9421488739718564,0.29497609711878414,0.38918547106935475,83.74399356824453,0.001370849495227628,0.002371963346377015,0.004963134415447712,1.4328316450119019,0.6444604992866516,0.004963134415447712,18.606021881103516,17.94789695739746,3.8626065254211426,7.826545715332031,9.882509231567383,3.3413825035095215,869.0,0.2981027027449229,-0.8435459542506158,0.14835471733329622,0.13839585707433136,-0.6471418350295346,-0.08187080525992402,93.0,0.09148700606106408,,,,
gov_report:131,gov_report,disagreement_formal,64,32,physical_delete_median_key_query_93,median_key_query,93,20,21,0.05539432557822235,0.07826258581740597,0.5380657703379876,0.859822788478489,0.7078008603940402,0.037176262394731485,0.4096775603753156,0.1818483847448249,0.9875378269088458,0.09074517618361476,0.4096775603753156,90.94931838550414,0.00040875801000677737,0.0010032805148512125,0.0009195193997584283,2.0041611194610596,0.48286715149879456,0.0009195193997584283,18.716869354248047,17.9879150390625,5.059463024139404,9.76284408569336,10.93634033203125,6.080747604370117,869.0,0.2981027027449229,-0.8435459542506158,0.14835471733329622,0.13839585707433136,-0.6471418350295346,-0.08187080525992402,93.0,0.09148700606106408,,,,
gov_report:131,gov_report,disagreement_formal,64,32,physical_delete_median_key_query_93,median_key_query,93,21,22,0.07264552934282989,0.12616417467614285,0.7153500439267276,0.7125644478677992,0.5758015659303233,0.05964624307721443,0.4499976141370008,0.19733461594915025,0.9824746137525603,0.13254790959637236,0.4499976141370008,112.42223965934058,0.0005305555489550216,0.0017206799238920212,0.0017524248687550426,2.3136980533599854,0.41885384917259216,0.0017524248687550426,17.717493057250977,16.917333602905273,4.5336408615112305,9.861532211303711,11.056122779846191,6.952138423919678,869.0,0.2981027027449229,-0.8435459542506158,0.14835471733329622,0.13839585707433136,-0.6471418350295346,-0.08187080525992402,93.0,0.09148700606106408,,,,
gov_report:131,gov_report,disagreement_formal,64,32,physical_delete_median_key_query_93,median_key_query,93,22,23,0.019327152548028508,0.042089468640543436,0.4517667819042968,0.892166974556295,0.4591921250678675,0.018386934585684876,0.516264138241856,0.11740982246069764,0.9964463192869122,0.03561536280304461,0.516264138241856,137.47068734804895,0.0001337516741960615,0.00048753226292319596,0.0006008587079122663,1.4149636030197144,0.6195999979972839,0.0006008587079122663,18.578216552734375,18.80040740966797,4.351675510406494,7.4323883056640625,10.79423713684082,9.78787612915039,869.0,0.2981027027449229,-0.8435459542506158,0.14835471733329622,0.13839585707433136,-0.6471418350295346,-0.08187080525992402,93.0,0.09148700606106408,2.678756137069167e-08,0.00016134417590315305,2.678948881979055e-08,0.00016190252800105638
gov_report:131,gov_report,disagreement_formal,64,32,physical_delete_median_key_query_93,median_key_query,93,23,24,0.07490186539978683,0.07480861949651828,0.9032036613360124,0.44026757363191044,1.0012464593504882,0.08077854674429868,0.5933509578821744,0.2315080088102137,0.9774963837175527,0.13613957417818714,0.5933509578821744,167.35033102062502,0.0004826912875024022,0.0009270517621189356,0.0017083848360925913,1.1193290948867798,0.7549765706062317,0.0017083848360925913,17.402738571166992,17.326467514038086,4.27182149887085,11.891023635864258,13.576377868652344,12.6051607131958,869.0,0.2981027027449229,-0.8435459542506158,0.14835471733329622,0.13839585707433136,-0.6471418350295346,-0.08187080525992402,93.0,0.09148700606106408,,,,
gov_report:131,gov_report,disagreement_formal,64,32,physical_delete_median_key_query_93,median_key_query,93,24,25,0.04201793635379404,0.0780982833293494,0.5532940088119243,0.8331261798627361,0.5380135716504753,0.044666577352525605,0.6949198739344842,0.0352036340568049,0.9998029300187807,0.0642758669422321,0.6949198739344842,213.06425238202488,0.00020963900256922634,0.0006039314321242273,0.0007421014015562832,1.2726365327835083,0.7021692395210266,0.0007421014015562832,17.43539810180664,17.685781478881836,5.6164679527282715,11.234109878540039,15.73077392578125,64.88504028320312,869.0,0.2981027027449229,-0.8435459542506158,0.14835471733329622,0.13839585707433136,-0.6471418350295346,-0.08187080525992402,93.0,0.09148700606106408,,,,
gov_report:131,gov_report,disagreement_formal,64,32,physical_delete_median_key_query_93,median_key_query,93,25,26,0.10734179413351722,0.12312482604651723,0.850585171427942,0.52626559507976,0.8718127576721441,0.12413891342819888,0.7810697840532211,0.21312773035000607,0.9785261773950888,0.15893447162173183,0.7810697840532211,240.2722201092864,0.0005166594513994795,0.0012360563268885016,0.0012093810364603996,1.545971393585205,0.6422273516654968,0.0012093810364603996,16.76910400390625,16.39457893371582,6.610470771789551,14.734869956970215,20.58543586730957,52.52180099487305,869.0,0.2981027027449229,-0.8435459542506158,0.14835471733329622,0.13839585707433136,-0.6471418350295346,-0.08187080525992402,93.0,0.09148700606106408,,,,
gov_report:131,gov_report,disagreement_formal,64,32,physical_delete_median_key_query_93,median_key_query,93,26,27,0.18963920992266017,0.17826182687760622,0.9357470360438729,0.37520820024079743,1.0638240011579463,0.1652520913895219,0.8743429668502278,0.14605237116306102,0.9902087297793942,0.18900145326819912,0.8743429668502278,272.93826028004736,0.0006054559416476296,0.004345656838268042,0.0020997924730181694,1.8826684951782227,0.6440292000770569,0.0020997924730181694,16.502777099609375,16.013355255126953,4.747500419616699,11.70113754272461,24.898548126220703,142.1385040283203,869.0,0.2981027027449229,-0.8435459542506158,0.14835471733329622,0.13839585707433136,-0.6471418350295346,-0.08187080525992402,93.0,0.09148700606106408,1.2265337313558696e-06,0.00015559755561636362,1.2268583403865068e-06,0.0001560689865238141
gov_report:131,gov_report,disagreement_formal,64,32,physical_delete_median_key_query_93,median_key_query,93,27,28,0.30326353733650624,0.3177032076503199,0.9045463935452269,0.4292972907497821,0.954549812636117,0.32116147944213375,1.0055931320932394,0.27154789073185737,0.9636125735298215,0.3193751719182937,1.0055931320932394,246.76775676280403,0.0013014726220931603,0.016364766284823418,0.009008880704641342,3.5095386505126953,0.17716075479984283,0.009008880704641342,15.568144798278809,15.11117935180664,3.356067180633545,11.046229362487793,24.53872299194336,126.91842651367188,869.0,0.2981027027449229,-0.8435459542506158,0.14835471733329622,0.13839585707433136,-0.6471418350295346,-0.08187080525992402,93.0,0.09148700606106408,,,,
gov_report:131,gov_report,disagreement_formal,64,32,physical_delete_low_value_norm_84,low_value_norm,84,0,1,0.0005466818211176484,0.0005464537014829709,0.9996650914503705,0.025889592231169982,1.0004174546426503,0.0006808581785227929,0.0006818811822029556,0.9996620925803527,0.02602021785333125,0.9984997332279245,0.0006818811822029556,20.285669058781963,3.356350616535566e-05,7.117325003491715e-05,0.00019534313469193876,1.514845371246338,0.6000259518623352,0.00019534313469193876,779.73486328125,778.6587524414062,1826.9139404296875,3.1908457279205322,4.16528844833374,0.7679433822631836,878.0,0.6876322395335199,-1.534381789074384,0.30173105394717775,0.33492047235369615,-2.0391195004191998,-0.5434008571619483,84.0,0.8953680974887633,5.1765158348204344e-11,5.6585778542460536e-11,5.176436646923902e-11,5.658439416705529e-11
gov_report:131,gov_report,disagreement_formal,64,32,physical_delete_low_value_norm_84,low_value_norm,84,1,2,0.04617403018621986,0.04616877675764927,0.9999942090422557,0.003405316572204072,1.0001137874758554,0.053585253649843026,0.05350029518747181,0.9999201221525215,0.012748769768203567,1.001587999880627,0.05350029518747181,26.716143106254933,0.0020057256557102867,0.0017477822257205844,0.0053502582013607025,2.9568145275115967,0.24426817893981934,0.0053502582013607025,91.04993438720703,91.0027084350586,3927.056640625,3.514401912689209,4.063318729400635,0.6690556406974792,878.0,0.6876322395335199,-1.534381789074384,0.30173105394717775,0.33492047235369615,-2.0391195004191998,-0.5434008571619483,84.0,0.8953680974887633,,,,
gov_report:131,gov_report,disagreement_formal,64,32,physical_delete_low_value_norm_84,low_value_norm,84,2,3,0.008839915396180974,0.014114423244023405,0.5587894427440149,0.8320532029906209,0.6263036925666897,0.008876421961854175,0.05483421900023179,0.006360718667612426,1.0120004871565937,0.16187742113764134,0.05483421900023179,38.586729827649876,0.00023003820229133923,0.000492453167680651,0.00046091037802398205,1.9831174612045288,0.48607441782951355,0.00046091037802398205,24.670886993408203,26.181541442871094,54.453914642333984,4.483388900756836,5.791595935821533,1.2832520008087158,878.0,0.6876322395335199,-1.534381789074384,0.30173105394717775,0.33492047235369615,-2.0391195004191998,-0.5434008571619483,84.0,0.8953680974887633,,,,
gov_report:131,gov_report,disagreement_formal,64,32,physical_delete_low_value_norm_84,low_value_norm,84,3,4,0.060150136344443605,0.05928019078360001,0.9761932243515569,0.2202899161598894,1.014675147791263,0.05350087949268846,0.07624222239557696,0.7517506777366727,0.6613423784759472,0.7017224552440671,0.07624222239557696,41.91468490760117,0.0012764232776800895,0.0014657826395705342,0.004459968768060207,1.7507010698318481,0.5413070321083069,0.004459968768060207,18.191150665283203,20.764278411865234,7.236764430999756,5.656033515930176,6.29989767074585,1.1889666318893433,878.0,0.6876322395335199,-1.534381789074384,0.30173105394717775,0.33492047235369615,-2.0391195004191998,-0.5434008571619483,84.0,0.8953680974887633,,,,
gov_report:131,gov_report,disagreement_formal,64,32,physical_delete_low_value_norm_84,low_value_norm,84,4,5,0.022389868702578537,0.026717130176555505,0.8614347580323489,0.5084070652192144,0.8380341958368652,0.022342418953311096,0.08561559705217978,0.3292739005238354,0.9467022825412338,0.26096201769981414,0.08561559705217978,44.75709585486226,0.0004991927766216737,0.0007058025221340358,0.0014304975047707558,1.7371959686279297,0.5963899493217468,0.0014304975047707558,15.691466331481934,17.67570686340332,4.33928108215332,4.78800630569458,6.963738918304443,2.199312448501587,878.0,0.6876322395335199,-1.534381789074384,0.30173105394717775,0.33492047235369615,-2.0391195004191998,-0.5434008571619483,84.0,0.8953680974887633,1.2434037284797669e-08,1.0172623830784471e-06,1.2433651411245547e-08,1.017304854609295e-06
gov_report:131,gov_report,disagreement_formal,64,32,physical_delete_low_value_norm_84,low_value_norm,84,5,6,0.0734893697724331,0.07709209372891254,0.9530087350551529,0.3029429282046339,0.9532672705822715,0.05496207247958171,0.09125403998791022,0.5983332690732802,0.8012571457282176,0.6022974159485251,0.09125403998791022,43.052721033449615,0.0012766225028350514,0.0008192218956537545,0.002046683570370078,1.6579357385635376,0.5890998840332031,0.002046683570370078,15.755216598510742,16.84955596923828,4.393622398376465,5.743280410766602,7.807435512542725,1.7287839651107788,878.0,0.6876322395335199,-1.534381789074384,0.30173105394717775,0.33492047235369615,-2.0391195004191998,-0.5434008571619483,84.0,0.8953680974887633,,,,
gov_report:131,gov_report,disagreement_formal,64,32,physical_delete_low_value_norm_84,low_value_norm,84,6,7,0.04310487752959659,0.04272373338181942,0.9738220504532357,0.23000556452494733,1.008921133936749,0.038667197449326535,0.0992458377378166,0.3551862744288741,0.9354291645004148,0.38961026810490407,0.0992458377378166,47.152064700667474,0.0008200531131519925,0.0013502202928066254,0.002133043948560953,1.2028690576553345,0.6844838261604309,0.002133043948560953,15.666801452636719,19.175012588500977,5.569211006164551,6.409046173095703,6.587260723114014,1.0086441040039062,878.0,0.6876322395335199,-1.534381789074384,0.30173105394717775,0.33492047235369615,-2.0391195004191998,-0.5434008571619483,84.0,0.8953680974887633,,,,
gov_report:131,gov_report,disagreement_formal,64,32,physical_delete_low_value_norm_84,low_value_norm,84,7,8,0.021208825054520073,0.03131633103083415,0.5020381411267806,0.8824143632543857,0.6772448864982875,0.020307968123882792,0.09234955769583349,0.30473362999561676,0.9562079311842562,0.21990325271259012,0.09234955769583349,50.727766988796404,0.0004003323885391595,0.0007444694638252258,0.001092609716579318,2.3530635833740234,0.36612746119499207,0.001092609716579318,32.988739013671875,33.6827507019043,198.37554931640625,5.088613510131836,6.4008941650390625,1.6140589714050293,878.0,0.6876322395335199,-1.534381789074384,0.30173105394717775,0.33492047235369615,-2.0391195004191998,-0.5434008571619483,84.0,0.8953680974887633,9.304749381148299e-08,4.4087534793054405e-06,9.305081429577482e-08,4.407588003100698e-06
gov_report:131,gov_report,disagreement_formal,64,32,physical_delete_low_value_norm_84,low_value_norm,84,8,9,0.00934288604045706,0.018858925828526114,0.34590986158984693,0.9501033789366318,0.49540923621031263,0.007746213349315774,0.08113988696385725,0.06575868104723015,0.9982777185430417,0.0954673914293993,0.08113988696385725,52.331208326352474,0.00014802282609276205,0.0003480383602436632,0.0003606762329582125,1.535147786140442,0.6106821894645691,0.0003606762329582125,18.30929183959961,19.4312801361084,6.173434257507324,6.148468971252441,7.640507698059082,1.7006601095199585,878.0,0.6876322395335199,-1.534381789074384,0.30173105394717775,0.33492047235369615,-2.0391195004191998,-0.5434008571619483,84.0,0.8953680974887633,,,,
gov_report:131,gov_report,disagreement_formal,64,32,physical_delete_low_value_norm_84,low_value_norm,84,9,10,0.10107615505493754,0.10117040806156527,0.9914295993135911,0.13086519965204887,0.9990683737623123,0.10651276565749049,0.1310438583099804,0.7876924686969715,0.6165801526184382,0.8128024237926335,0.1310438583099804,54.245254950383824,0.001963540695954215,0.0026189545169472694,0.003933944273740053,1.8813796043395996,0.5206446647644043,0.003933944273740053,16.68012237548828,18.897748947143555,4.657114505767822,6.68757438659668,7.294088840484619,1.2655138969421387,878.0,0.6876322395335199,-1.534381789074384,0.30173105394717775,0.33492047235369615,-2.0391195004191998,-0.5434008571619483,84.0,0.8953680974887633,,,,
gov_report:131,gov_report,disagreement_formal,64,32,physical_delete_low_value_norm_84,low_value_norm,84,10,11,0.02104711818216476,0.04804461099130908,0.35593747975656087,0.9381124655475233,0.43807448427404333,0.020928102426758438,0.10818473044825636,0.28319344884248177,0.9632526900238989,0.1934478400051857,0.10818473044825636,51.01528909252409,0.0004102319676911386,0.0006991050322540104,0.0006689304718747735,1.6292623281478882,0.6218962073326111,0.0006689304718747735,15.829952239990234,18.40196418762207,5.6428704261779785,7.263614654541016,8.100255012512207,2.3369486331939697,878.0,0.6876322395335199,-1.534381789074384,0.30173105394717775,0.33492047235369615,-2.0391195004191998,-0.5434008571619483,84.0,0.8953680974887633,4.922883646630888e-08,4.578518655829747e-06,4.922723780735417e-08,4.578733445353626e-06
gov_report:131,gov_report,disagreement_formal,64,32,physical_delete_low_value_norm_84,low_value_norm,84,11,12,0.4895393661555918,0.48673658851540663,0.9983003126873575,0.058754636709518665,1.0057583048127405,0.4667743263975327,0.4794466389293741,0.9791991663312694,0.20297953788768447,0.9735688781547426,0.4794466389293741,52.7763489057935,0.008844384578985015,0.009102902375161648,0.023409299552440643,2.5473291873931885,0.3280871510505676,0.023409299552440643,15.345222473144531,19.001733779907227,6.601894855499268,6.44227409362793,7.655221462249756,1.2581614255905151,878.0,0.6876322395335199,-1.534381789074384,0.30173105394717775,0.33492047235369615,-2.0391195004191998,-0.5434008571619483,84.0,0.8953680974887633,,,,
gov_report:131,gov_report,disagreement_formal,64,32,physical_delete_low_value_norm_84,low_value_norm,84,12,13,0.053938137699689664,0.1191809462313534,0.2752998655007127,0.9775663275410088,0.4525734977383486,0.048548819694431686,0.4609389708162334,0.1763184590344663,0.9868899341138705,0.10532591680946646,0.4609389708162334,56.77867799959394,0.0008550537174320771,0.0015660296194255352,0.0021802964620292187,2.194857597351074,0.4660629332065582,0.0021802964620292187,14.445301055908203,17.349411010742188,4.620758533477783,7.360997200012207,8.50001335144043,1.2804213762283325,878.0,0.6876322395335199,-1.534381789074384,0.30173105394717775,0.33492047235369615,-2.0391195004191998,-0.5434008571619483,84.0,0.8953680974887633,,,,
gov_report:131,gov_report,disagreement_formal,64,32,physical_delete_low_value_norm_84,low_value_norm,84,13,14,0.013283707453205408,0.13348718331595621,-0.05317083911294738,1.0101906803175682,0.09951298037178344,0.012978306850447128,0.4534538376068365,-0.1160212674568671,1.0037232955075814,0.028621010065637296,0.4534538376068365,63.25660127745566,0.00020516920903672597,0.0004428507818374783,0.00046391808427870274,2.1239235401153564,0.4190864562988281,0.00046391808427870274,17.55337905883789,19.3211612701416,4.309299945831299,6.8591766357421875,7.850312232971191,1.5309892892837524,878.0,0.6876322395335199,-1.534381789074384,0.30173105394717775,0.33492047235369615,-2.0391195004191998,-0.5434008571619483,84.0,0.8953680974887633,,,,
gov_report:131,gov_report,disagreement_formal,64,32,physical_delete_low_value_norm_84,low_value_norm,84,14,15,0.13713184416614846,0.15822522540866843,0.7957606708120203,0.6097504301178717,0.8666876208389692,0.11383272782328308,0.43195307057971943,0.29339960645839014,0.9564564002771667,0.2635303128428036,0.43195307057971943,60.980248862193285,0.0018667147141450489,0.0030507638584822416,0.005443714093416929,1.1369067430496216,0.7003499865531921,0.005443714093416929,17.081363677978516,18.922168731689453,8.839941024780273,7.994475364685059,9.223275184631348,1.5578269958496094,878.0,0.6876322395335199,-1.534381789074384,0.30173105394717775,0.33492047235369615,-2.0391195004191998,-0.5434008571619483,84.0,0.8953680974887633,2.2092193516369573e-06,5.752703279765276e-05,2.2101594621609055e-06,5.7770537586677374e-05
gov_report:131,gov_report,disagreement_formal,64,32,physical_delete_low_value_norm_84,low_value_norm,84,15,16,0.262922417158383,0.2829553448056052,0.8724437177349145,0.4919993492186235,0.9292010982828929,0.30371221788496955,0.5390564642980679,0.6819843007527079,0.740915795324268,0.5634144806712378,0.5390564642980679,64.68855149400429,0.004694991785573053,0.004587914794683456,0.013005848042666912,2.136922597885132,0.44593456387519836,0.013005848042666912,53.90605163574219,55.36834716796875,1431.3194580078125,7.193914413452148,7.767117500305176,1.889943242073059,878.0,0.6876322395335199,-1.534381789074384,0.30173105394717775,0.33492047235369615,-2.0391195004191998,-0.5434008571619483,84.0,0.8953680974887633,,,,
gov_report:131,gov_report,disagreement_formal,64,32,physical_delete_low_value_norm_84,low_value_norm,84,16,17,0.16953608915866578,0.20080636819709458,0.8542040612049031,0.5200326712226492,0.8442764573694369,0.13531869862048454,0.5530710189807837,0.4342505103134394,0.9205259791822402,0.24466785272866765,0.5530710189807837,65.42810032943842,0.0020682046084043166,0.002453963505104184,0.006628123577684164,2.0074424743652344,0.4878666400909424,0.006628123577684164,18.519367218017578,17.760334014892578,5.329480171203613,8.078790664672852,8.454568862915039,2.540112257003784,878.0,0.6876322395335199,-1.534381789074384,0.30173105394717775,0.33492047235369615,-2.0391195004191998,-0.5434008571619483,84.0,0.8953680974887633,,,,
gov_report:131,gov_report,disagreement_formal,64,32,physical_delete_low_value_norm_84,low_value_norm,84,17,18,0.0868427805690012,0.15198007645589856,0.5941453927650688,0.804678940131555,0.5714089806646542,0.07213362414933326,0.5770266116188807,-0.02170668595748336,1.0104723476720123,0.1250091810271251,0.5770266116188807,70.80882974614033,0.0010187094520265694,0.0019161939853802323,0.002736609196290374,2.1453189849853516,0.4718698561191559,0.002736609196290374,14.8615140914917,15.850010871887207,6.177615165710449,7.822648048400879,9.505053520202637,4.364998817443848,878.0,0.6876322395335199,-1.534381789074384,0.30173105394717775,0.33492047235369615,-2.0391195004191998,-0.5434008571619483,84.0,0.8953680974887633,,,,
gov_report:131,gov_report,disagreement_formal,64,32,physical_delete_low_value_norm_84,low_value_norm,84,18,19,0.03718630701604947,0.09835390573071594,0.19934863438850958,0.9960960949129237,0.378086734225504,0.03245619592470021,0.5745871185625344,0.07629868755193146,0.9972818298656362,0.056486118251131465,0.5745871185625344,74.1645104552537,0.0004376243532852857,0.0007722551818005741,0.0013485390227288008,2.112544059753418,0.4451501667499542,0.0013485390227288008,21.059696197509766,21.94112777709961,7.084661483764648,8.041679382324219,9.166994094848633,2.687100648880005,878.0,0.6876322395335199,-1.534381789074384,0.30173105394717775,0.33492047235369615,-2.0391195004191998,-0.5434008571619483,84.0,0.8953680974887633,9.255692981875148e-08,0.00017551864021765097,9.255175678839456e-08,0.00017660505015679902
gov_report:131,gov_report,disagreement_formal,64,32,physical_delete_low_value_norm_84,low_value_norm,84,19,20,0.01682689157700219,0.11169014310515193,0.226164368168007,0.9770112871214025,0.15065690766606257,0.015030257888453583,0.5591349440399317,0.08867165653174777,0.9979756455380436,0.026881270878645298,0.5591349440399317,83.74399356824453,0.00017947863778678224,0.0004093534080311656,0.00048711756244301796,1.4328316450119019,0.6444604992866516,0.00048711756244301796,17.0355224609375,17.94789695739746,3.8626065254211426,7.208940029144287,9.882509231567383,3.3413825035095215,878.0,0.6876322395335199,-1.534381789074384,0.30173105394717775,0.33492047235369615,-2.0391195004191998,-0.5434008571619483,84.0,0.8953680974887633,,,,
gov_report:131,gov_report,disagreement_formal,64,32,physical_delete_low_value_norm_84,low_value_norm,84,20,21,0.009796401733716818,0.10524122342435398,-0.16967366142388263,1.0199279753402655,0.09308521333143133,0.007967069896541461,0.5987635297758757,0.04735314144298948,0.9994583016136641,0.013305870348388838,0.5987635297758757,90.94931838550414,8.759900610548482e-05,0.0002240671165054664,0.0002247053780592978,2.0041611194610596,0.48286715149879456,0.0002247053780592978,17.26767921447754,17.9879150390625,5.059463024139404,7.311458587646484,10.93634033203125,6.080747604370117,878.0,0.6876322395335199,-1.534381789074384,0.30173105394717775,0.33492047235369615,-2.0391195004191998,-0.5434008571619483,84.0,0.8953680974887633,,,,
gov_report:131,gov_report,disagreement_formal,64,32,physical_delete_low_value_norm_84,low_value_norm,84,21,22,0.035620732012339444,0.11645959051516945,0.3599447681055019,0.9345397546389287,0.3058634488990382,0.0357790023079531,0.6616446832319531,0.18013352981834896,0.991686668600595,0.05407585553802453,0.6616446832319531,112.42223965934058,0.0003182555552742042,0.0008650540839880705,0.0015826920280233026,2.3136980533599854,0.41885384917259216,0.0015826920280233026,16.302051544189453,16.917333602905273,4.5336408615112305,7.767728328704834,11.056122779846191,6.952138423919678,878.0,0.6876322395335199,-1.534381789074384,0.30173105394717775,0.33492047235369615,-2.0391195004191998,-0.5434008571619483,84.0,0.8953680974887633,,,,
gov_report:131,gov_report,disagreement_formal,64,32,physical_delete_low_value_norm_84,low_value_norm,84,22,23,0.0586257992435558,0.0711479618108738,0.7970853613216279,0.6044660724805583,0.8239982952624204,0.06014218792582641,0.751434936097632,0.10700412323337619,0.9946242369752061,0.08003645430455776,0.751434936097632,137.47068734804895,0.00043749099597907825,0.0011527040041983128,0.0025070952251553535,1.4149636030197144,0.6195999979972839,0.0025070952251553535,16.979103088378906,18.80040740966797,4.351675510406494,6.526210784912109,10.79423713684082,9.78787612915039,878.0,0.6876322395335199,-1.534381789074384,0.30173105394717775,0.33492047235369615,-2.0391195004191998,-0.5434008571619483,84.0,0.8953680974887633,3.084605330725242e-07,0.0001792066042341485,3.0848751801686557e-07,0.00018034431326414914
gov_report:131,gov_report,disagreement_formal,64,32,physical_delete_low_value_norm_84,low_value_norm,84,23,24,0.06620806040676747,0.082224237041157,0.7465296325381381,0.6679350990159946,0.8052134357127242,0.07669561523026977,0.8508187511170985,0.14824825939483613,0.9906556612508722,0.09014330623246235,0.8508187511170985,167.35033102062502,0.00045829377666912086,0.000801960239186883,0.001866620033979416,1.1193290948867798,0.7549765706062317,0.001866620033979416,16.034284591674805,17.326467514038086,4.27182149887085,9.039995193481445,13.576377868652344,12.6051607131958,878.0,0.6876322395335199,-1.534381789074384,0.30173105394717775,0.33492047235369615,-2.0391195004191998,-0.5434008571619483,84.0,0.8953680974887633,,,,
gov_report:131,gov_report,disagreement_formal,64,32,physical_delete_low_value_norm_84,low_value_norm,84,24,25,0.0136291663669316,0.10877098048863004,0.3906593634565217,0.958018820581252,0.12530149407227484,0.01455787400345753,0.9681641519344927,0.009917822772248305,0.9999639185629032,0.01503657615743093,0.9681641519344927,213.06425238202488,6.832621540546001e-05,0.00028617680072784424,0.00032873215968720615,1.2726365327835083,0.7021692395210266,0.00032873215968720615,16.75428009033203,17.685781478881836,5.6164679527282715,8.731241226196289,15.73077392578125,64.88504028320312,878.0,0.6876322395335199,-1.534381789074384,0.30173105394717775,0.33492047235369615,-2.0391195004191998,-0.5434008571619483,84.0,0.8953680974887633,,,,
gov_report:131,gov_report,disagreement_formal,64,32,physical_delete_low_value_norm_84,low_value_norm,84,25,26,0.04462739688658427,0.15900704669530571,0.23161930569546477,0.9740419818982455,0.2806630134581437,0.04205818952222744,1.0686869431173238,0.07856253153927908,0.9976798875771858,0.03935501391974072,1.0686869431173238,240.2722201092864,0.00017504391270492078,0.0007065192330628633,0.0006114650750532746,1.545971393585205,0.6422273516654968,0.0006114650750532746,15.253705024719238,16.39457893371582,6.610470771789551,11.276747703552246,20.58543586730957,52.52180099487305,878.0,0.6876322395335199,-1.534381789074384,0.30173105394717775,0.33492047235369615,-2.0391195004191998,-0.5434008571619483,84.0,0.8953680974887633,,,,
gov_report:131,gov_report,disagreement_formal,64,32,physical_delete_low_value_norm_84,low_value_norm,84,26,27,0.3307814824010153,0.34104707256605765,0.774319324652222,0.6623302046493157,0.9698997851299427,0.2727798189033736,1.2277406586580093,0.27918474868919774,0.9619279496860784,0.22218032528265175,1.2277406586580093,272.93826028004736,0.0009994194973745668,0.008348514325916767,0.003002431709319353,1.8826684951782227,0.6440292000770569,0.003002431709319353,15.606578826904297,16.013355255126953,4.747500419616699,10.789127349853516,24.898548126220703,142.1385040283203,878.0,0.6876322395335199,-1.534381789074384,0.30173105394717775,0.33492047235369615,-2.0391195004191998,-0.5434008571619483,84.0,0.8953680974887633,2.4794077874052984e-06,0.00019551113024824816,2.481475115339392e-06,0.00019697505748018755
gov_report:131,gov_report,disagreement_formal,64,32,physical_delete_low_value_norm_84,low_value_norm,84,27,28,0.4513041378819179,0.39668765333864986,0.7750348321509529,0.7285832093078416,1.1376813321100325,0.4468262310914315,1.384676347758884,0.23669747377917075,0.9753817939931266,0.32269362570872634,1.384676347758884,246.76775676280403,0.0018107156176036642,0.02293218858540058,0.010023741982877254,3.5095386505126953,0.17716075479984283,0.010023741982877254,15.516199111938477,15.11117935180664,3.356067180633545,10.95145320892334,24.53872299194336,126.91842651367188,878.0,0.6876322395335199,-1.534381789074384,0.30173105394717775,0.33492047235369615,-2.0391195004191998,-0.5434008571619483,84.0,0.8953680974887633,,,,
synthetic_niah_130,niah_single_1,disagreement_formal,64,32,physical_delete_median_value_norm_57,median_value_norm,57,0,1,0.010680453780936345,0.010680128190782422,0.9999953198667703,0.0030596537690775337,1.0000304856035533,0.013007381686196369,0.013007129048769366,0.9999943819453697,0.003352119441842705,1.0000194229968855,0.013007129048769366,13.786631552856852,0.0009434778637789151,0.0017444061813876033,0.005202556494623423,1.9365166425704956,0.47815075516700745,0.005202556494623423,779.23828125,778.8672485351562,1845.4766845703125,3.605106830596924,4.127031326293945,0.9016585946083069,1268.0,-0.059007816150364614,-0.02004309641691121,-0.038272932417315025,-0.05763505091668137,-0.7708221840301419,1.1130143644515438,57.0,0.3986561354175121,1.8095985259117573e-09,1.7841108423402656e-09,1.809592244144324e-09,1.7841034870205146e-09
synthetic_niah_130,niah_single_1,disagreement_formal,64,32,physical_delete_median_value_norm_57,median_value_norm,57,1,2,0.01040269010871169,0.010679352109649131,0.9704664108203089,0.24126355513226988,0.9740937466901697,0.011370758347744574,0.015885510240089606,0.6143097548041178,0.7955643572751455,0.7157943418807323,0.015885510240089606,17.203840002050825,0.0006609430421573961,0.0005781043437309563,0.0010138904908671975,2.899526596069336,0.2542766034603119,0.0010138904908671975,91.83448028564453,91.14949035644531,3905.5478515625,3.8812415599823,3.9634017944335938,0.5728805065155029,1268.0,-0.059007816150364614,-0.02004309641691121,-0.038272932417315025,-0.05763505091668137,-0.7708221840301419,1.1130143644515438,57.0,0.3986561354175121,,,,
synthetic_niah_130,niah_single_1,disagreement_formal,64,32,physical_delete_median_value_norm_57,median_value_norm,57,2,3,0.00016699790926813274,0.003918455500396949,0.03471718026277036,0.9994284091802049,0.04261829928940508,0.00018284897256516097,0.014967329775245064,0.06623372464817423,0.9992652050537372,0.012216539310009766,0.014967329775245064,26.111316392313665,7.0026715550421595e-06,3.671015292638913e-06,5.3327912610257044e-06,2.231785535812378,0.3579128682613373,5.3327912610257044e-06,31.031875610351562,27.496713638305664,47.875885009765625,6.417501449584961,5.921280384063721,1.3718152046203613,1268.0,-0.059007816150364614,-0.02004309641691121,-0.038272932417315025,-0.05763505091668137,-0.7708221840301419,1.1130143644515438,57.0,0.3986561354175121,,,,
synthetic_niah_130,niah_single_1,disagreement_formal,64,32,physical_delete_median_value_norm_57,median_value_norm,57,3,4,4.917433328060285e-05,0.00392857208480387,-0.026645210671506558,1.0004117749196737,0.012517100926011857,3.994604023330761e-05,0.014482125918983119,0.07760624903845215,0.9997897207237744,0.0027582994690680384,0.014482125918983119,29.22089673737226,1.367036767979073e-06,1.4255797395890113e-06,2.0300187770772027e-06,1.9438047409057617,0.470935583114624,2.0300187770772027e-06,26.132373809814453,22.06824493408203,9.07297420501709,6.211735725402832,6.515218257904053,1.376548409461975,1268.0,-0.059007816150364614,-0.02004309641691121,-0.038272932417315025,-0.05763505091668137,-0.7708221840301419,1.1130143644515438,57.0,0.3986561354175121,,,,
synthetic_niah_130,niah_single_1,disagreement_formal,64,32,physical_delete_median_value_norm_57,median_value_norm,57,4,5,0.0005597571369174417,0.003543322538956471,0.13972861359465852,0.9903579418447561,0.1579752141565677,0.0005174395969087973,0.01314150039960637,0.07969456557556408,0.997634445288029,0.03937446875733431,0.01314150039960637,35.22983335365749,1.4687540293320116e-05,1.5269117284333333e-05,1.792292096070014e-05,1.3461217880249023,0.6554030179977417,1.792292096070014e-05,20.77778434753418,19.0601863861084,6.8170928955078125,7.1716766357421875,6.818458557128906,2.077946186065674,1268.0,-0.059007816150364614,-0.02004309641691121,-0.038272932417315025,-0.05763505091668137,-0.7708221840301419,1.1130143644515438,57.0,0.3986561354175121,2.7600973149334018e-12,4.106175240452904e-09,2.760699403252467e-12,4.106114919239825e-09
synthetic_niah_130,niah_single_1,disagreement_formal,64,32,physical_delete_median_value_norm_57,median_value_norm,57,5,6,0.0018350197395185929,0.005144589214663292,0.2761407259050539,0.9644865817901439,0.35668926379745813,0.0016581494964239784,0.011143054544141386,0.05960759053081691,1.002199196425716,0.14880565197410553,0.011143054544141386,35.73016928057488,4.640754661426837e-05,2.5630559321143664e-05,4.889135743724182e-05,1.8171354532241821,0.5051525235176086,4.889135743724182e-05,19.37409019470215,17.851011276245117,5.236225605010986,8.492012023925781,7.713115692138672,1.483107328414917,1268.0,-0.059007816150364614,-0.02004309641691121,-0.038272932417315025,-0.05763505091668137,-0.7708221840301419,1.1130143644515438,57.0,0.3986561354175121,,,,
synthetic_niah_130,niah_single_1,disagreement_formal,64,32,physical_delete_median_value_norm_57,median_value_norm,57,6,7,0.00034476617506162035,0.0019301636815894825,0.076349825986036,1.0023122908604576,0.17862017524736903,0.0003051373533245887,0.00982163303427811,0.01793118727655282,0.9999255198848744,0.031067883748012205,0.00982163303427811,38.023889848112375,8.024885264066076e-06,9.573451279720757e-06,1.4427771930058952e-05,1.3156437873840332,0.6591126322746277,1.4427771930058952e-05,20.017086029052734,19.587114334106445,6.14393424987793,7.720167636871338,6.7747483253479,1.1367292404174805,1268.0,-0.059007816150364614,-0.02004309641691121,-0.038272932417315025,-0.05763505091668137,-0.7708221840301419,1.1130143644515438,57.0,0.3986561354175121,,,,
synthetic_niah_130,niah_single_1,disagreement_formal,64,32,physical_delete_median_value_norm_57,median_value_norm,57,7,8,0.00043477223552320103,0.0018902638911913539,0.26962295392353314,0.9637805545951413,0.23000610525823587,0.00039957255516040105,0.00885170518859141,0.034347758923732964,0.9994682185928364,0.04514074369257048,0.00885170518859141,39.091948019853035,1.0221351848658864e-05,1.5546444046776742e-05,2.2902499040355906e-05,2.3187923431396484,0.3572040796279907,2.2902499040355906e-05,33.02581024169922,33.44627380371094,195.11293029785156,6.458679676055908,6.095694065093994,1.270862340927124,1268.0,-0.059007816150364614,-0.02004309641691121,-0.038272932417315025,-0.05763505091668137,-0.7708221840301419,1.1130143644515438,57.0,0.3986561354175121,2.439281913376644e-12,3.4304863330598013e-09,2.440392861432035e-12,3.4304377923491395e-09
synthetic_niah_130,niah_single_1,disagreement_formal,64,32,physical_delete_median_value_norm_57,median_value_norm,57,8,9,0.0015026032124350677,0.0020665122641363273,0.7104634168278366,0.7039312382964721,0.72712039435346,0.0011949940392287823,0.008224475985355853,0.1602694492897256,0.9871868461941373,0.14529728597378572,0.008224475985355853,36.72219012502195,3.2541469753312216e-05,2.0032051907037385e-05,6.288242002483457e-05,1.7994579076766968,0.497150182723999,6.288242002483457e-05,23.60718536376953,21.02998161315918,13.26000690460205,8.661630630493164,8.19028377532959,3.324925661087036,1268.0,-0.059007816150364614,-0.02004309641691121,-0.038272932417315025,-0.05763505091668137,-0.7708221840301419,1.1130143644515438,57.0,0.3986561354175121,,,,
synthetic_niah_130,niah_single_1,disagreement_formal,64,32,physical_delete_median_value_norm_57,median_value_norm,57,9,10,0.002680787564333935,0.0031844997606745285,0.8835917954437558,0.470117121316219,0.8418237606543582,0.002255244590611995,0.008404547877089129,0.29417043001522786,0.9561020680971081,0.26833621791361456,0.008404547877089129,40.2095121520871,5.6087340281121396e-05,5.74515615880955e-05,9.526766370981932e-05,2.1318185329437256,0.4251767098903656,9.526766370981932e-05,21.159469604492188,19.83012580871582,6.7164435386657715,8.031878471374512,7.4843244552612305,2.8637545108795166,1268.0,-0.059007816150364614,-0.02004309641691121,-0.038272932417315025,-0.05763505091668137,-0.7708221840301419,1.1130143644515438,57.0,0.3986561354175121,,,,
synthetic_niah_130,niah_single_1,disagreement_formal,64,32,physical_delete_median_value_norm_57,median_value_norm,57,10,11,0.0013228249130494384,0.0024128222522128975,0.3929509088994172,0.9325806999056874,0.5482479746845097,0.0014501846533059122,0.00811921224128476,0.1885013887345961,0.9821227196244903,0.17861149705287654,0.00811921224128476,44.02230493346032,3.294204280075442e-05,1.838278149079997e-05,4.96026077598799e-05,2.5131232738494873,0.3253451883792877,4.96026077598799e-05,23.060497283935547,20.092790603637695,10.937453269958496,8.173799514770508,8.572632789611816,3.747281551361084,1268.0,-0.059007816150364614,-0.02004309641691121,-0.038272932417315025,-0.05763505091668137,-0.7708221840301419,1.1130143644515438,57.0,0.3986561354175121,1.8967236707044126e-11,4.29600299849494e-09,1.8968180464479032e-11,4.296004742682551e-09
synthetic_niah_130,niah_single_1,disagreement_formal,64,32,physical_delete_median_value_norm_57,median_value_norm,57,11,12,5.498866663268492e-05,0.0011821152839327912,0.20440928128923003,0.9915375747409698,0.04651717762225574,5.558607896179039e-05,0.007581092486620227,-0.06112105931515533,1.0004749195686975,0.00733219902802842,0.007581092486620227,42.98859344740154,1.2930425144009987e-06,1.6330621974702808e-06,1.483957134951197e-06,2.2579433917999268,0.40971025824546814,1.483957134951197e-06,21.624256134033203,19.78777313232422,7.8014397621154785,7.509904384613037,7.392591953277588,1.1690560579299927,1268.0,-0.059007816150364614,-0.02004309641691121,-0.038272932417315025,-0.05763505091668137,-0.7708221840301419,1.1130143644515438,57.0,0.3986561354175121,,,,
synthetic_niah_130,niah_single_1,disagreement_formal,64,32,physical_delete_median_value_norm_57,median_value_norm,57,12,13,9.011048368457838e-05,0.0006970315833987671,-0.0645831951427911,1.0165682321714435,0.12927747584290852,7.077230282898072e-05,0.007474560133478509,-0.0027093950024895657,1.0000704767408877,0.009468423768776974,0.007474560133478509,43.736678931641634,1.6181453315098406e-06,1.609049263606721e-06,1.9018214061361505e-06,2.2441043853759766,0.3681849539279938,1.9018214061361505e-06,20.173583984375,18.472909927368164,6.647178649902344,9.788957595825195,8.65902328491211,1.3194266557693481,1268.0,-0.059007816150364614,-0.02004309641691121,-0.038272932417315025,-0.05763505091668137,-0.7708221840301419,1.1130143644515438,57.0,0.3986561354175121,,,,
synthetic_niah_130,niah_single_1,disagreement_formal,64,32,physical_delete_median_value_norm_57,median_value_norm,57,13,14,0.00011649950810425715,0.0006678847859735172,0.17078558299443458,0.9853149599995851,0.1744305463320983,0.0001184566587032636,0.007417309475575701,0.024548528570261824,0.999735442878613,0.015970300159825743,0.007417309475575701,47.81979811573097,2.477146775412581e-06,2.4973696781671606e-06,2.94932647193491e-06,2.6095831394195557,0.2472907155752182,2.94932647193491e-06,22.60129737854004,20.014053344726562,6.25601863861084,7.295169830322266,7.874978065490723,2.355684280395508,1268.0,-0.059007816150364614,-0.02004309641691121,-0.038272932417315025,-0.05763505091668137,-0.7708221840301419,1.1130143644515438,57.0,0.3986561354175121,,,,
synthetic_niah_130,niah_single_1,disagreement_formal,64,32,physical_delete_median_value_norm_57,median_value_norm,57,14,15,2.9281030365023053e-05,0.0006648519780656121,0.05814269872688268,0.9984078687728545,0.04404142776293794,2.5331773216862393e-05,0.007398684599359051,-0.008849771966218351,1.0000361606589367,0.0034238212045228805,0.007398684599359051,46.97622237264702,5.392467068959635e-07,5.855148970113078e-07,7.979236329447303e-07,1.6496590375900269,0.569452166557312,7.979236329447303e-07,24.471343994140625,20.16472816467285,11.610563278198242,11.266498565673828,9.863748550415039,2.7859721183776855,1268.0,-0.059007816150364614,-0.02004309641691121,-0.038272932417315025,-0.05763505091668137,-0.7708221840301419,1.1130143644515438,57.0,0.3986561354175121,1.3846363069700988e-12,4.0678117147483275e-09,1.3855160049825164e-12,4.067808322410251e-09
synthetic_niah_130,niah_single_1,disagreement_formal,64,32,physical_delete_median_value_norm_57,median_value_norm,57,15,16,0.0009463130874054386,0.0015229853577087362,0.5754453195891789,0.8191277639779861,0.621354028530599,0.0008682513027612423,0.007318627368599424,0.12073060217867825,0.992687518729952,0.11863581229541419,0.007318627368599424,46.62627047956036,1.8621504440117275e-05,9.457545274926815e-06,1.7992329958360642e-05,2.4365973472595215,0.34834858775138855,1.7992329958360642e-05,57.328880310058594,56.094947814941406,1380.76416015625,9.68234634399414,8.468728065490723,3.659188747406006,1268.0,-0.059007816150364614,-0.02004309641691121,-0.038272932417315025,-0.05763505091668137,-0.7708221840301419,1.1130143644515438,57.0,0.3986561354175121,,,,
synthetic_niah_130,niah_single_1,disagreement_formal,64,32,physical_delete_median_value_norm_57,median_value_norm,57,16,17,0.0015543241835541896,0.0017000121147919107,0.8876541756621533,0.46128100089333396,0.9143018276340025,0.0016149586503115417,0.007599542625459208,0.2295611145245095,0.9734436427686088,0.21250734812661923,0.007599542625459208,52.521031347131824,3.0748799269337555e-05,2.6631532819010317e-05,3.872924571624026e-05,2.960784673690796,0.23593218624591827,3.872924571624026e-05,19.626277923583984,18.777385711669922,6.539159774780273,10.145313262939453,9.167755126953125,3.542029857635498,1268.0,-0.059007816150364614,-0.02004309641691121,-0.038272932417315025,-0.05763505091668137,-0.7708221840301419,1.1130143644515438,57.0,0.3986561354175121,,,,
synthetic_niah_130,niah_single_1,disagreement_formal,64,32,physical_delete_median_value_norm_57,median_value_norm,57,17,18,9.11390089540401e-05,0.0005368153040115967,0.1381206110541401,0.9909212065408284,0.16977721811014398,8.644916553210906e-05,0.007624795741222744,0.01860216516775944,0.9998533537530023,0.011337899199676883,0.007624795741222744,59.53812847245942,1.4519966910296464e-06,1.5672645758968429e-06,2.008876663239789e-06,2.4492130279541016,0.3674129545688629,2.008876663239789e-06,19.757984161376953,17.142072677612305,7.61442232131958,9.2443208694458,9.711997985839844,4.88991641998291,1268.0,-0.059007816150364614,-0.02004309641691121,-0.038272932417315025,-0.05763505091668137,-0.7708221840301419,1.1130143644515438,57.0,0.3986561354175121,,,,
synthetic_niah_130,niah_single_1,disagreement_formal,64,32,physical_delete_median_value_norm_57,median_value_norm,57,18,19,0.00035013120252730764,0.0011474816429721296,0.3666274183597802,0.9323981203141423,0.3051301122520979,0.00031824001861839905,0.007664237393234675,0.0482990183236189,0.9988559070183644,0.04152272460914556,0.007664237393234675,69.15023421272963,4.602153879036542e-06,5.384379164752318e-06,9.925199265126139e-06,2.3504838943481445,0.37325775623321533,9.925199265126139e-06,25.93419647216797,22.93179702758789,7.042550086975098,10.52329158782959,9.520225524902344,3.645106077194214,1268.0,-0.059007816150364614,-0.02004309641691121,-0.038272932417315025,-0.05763505091668137,-0.7708221840301419,1.1130143644515438,57.0,0.3986561354175121,1.9003525250218747e-11,4.476474288713422e-09,1.9005868329677296e-11,4.476476407690876e-09
synthetic_niah_130,niah_single_1,disagreement_formal,64,32,physical_delete_median_value_norm_57,median_value_norm,57,19,20,0.0006088416693590715,0.0013828613087474915,0.41251480087405284,0.9113738334749407,0.44027674034102654,0.0005432539042538399,0.007428163538583789,0.08900767454657188,0.9961574154406794,0.07313434894534021,0.007428163538583789,69.2051093406682,7.849910352422466e-06,3.930740149371559e-06,1.221450565935811e-05,1.4234862327575684,0.6187826991081238,1.221450565935811e-05,22.69340705871582,19.56041145324707,8.776413917541504,11.37039852142334,10.130725860595703,2.7748873233795166,1268.0,-0.059007816150364614,-0.02004309641691121,-0.038272932417315025,-0.05763505091668137,-0.7708221840301419,1.1130143644515438,57.0,0.3986561354175121,,,,
synthetic_niah_130,niah_single_1,disagreement_formal,64,32,physical_delete_median_value_norm_57,median_value_norm,57,20,21,0.0002374725354840361,0.0009499577189525767,0.08586343495456995,1.0097338484761467,0.24998221578311222,0.0002339993782078333,0.007457320249023252,0.017451360072124177,0.9999447058291581,0.03137848052569315,0.007457320249023252,81.80326177484241,2.8605140324587514e-06,2.8608508273464395e-06,3.8793091334810015e-06,2.6783902645111084,0.30297908186912537,3.8793091334810015e-06,20.34054946899414,19.403165817260742,7.126279354095459,10.595624923706055,11.063460350036621,5.552474021911621,1268.0,-0.059007816150364614,-0.02004309641691121,-0.038272932417315025,-0.05763505091668137,-0.7708221840301419,1.1130143644515438,57.0,0.3986561354175121,,,,
synthetic_niah_130,niah_single_1,disagreement_formal,64,32,physical_delete_median_value_norm_57,median_value_norm,57,21,22,0.001624117371419374,0.0016451658743511584,0.9518673267665193,0.30854076438704425,0.9872058475926716,0.0015569150466834196,0.007669591810796153,0.2248900738775541,0.9746300318718076,0.202998423526506,0.007669591810796153,101.8361749229977,1.528842818242794e-05,2.2904905563336797e-05,6.0239315644139424e-05,2.6851234436035156,0.30079352855682373,6.0239315644139424e-05,17.265178680419922,17.827194213867188,5.880270957946777,11.101638793945312,11.12395191192627,7.87544584274292,1268.0,-0.059007816150364614,-0.02004309641691121,-0.038272932417315025,-0.05763505091668137,-0.7708221840301419,1.1130143644515438,57.0,0.3986561354175121,,,,
synthetic_niah_130,niah_single_1,disagreement_formal,64,32,physical_delete_median_value_norm_57,median_value_norm,57,22,23,0.00013283223019417833,0.0007947529319972239,0.12576635770151245,0.99292210804759,0.16713650852519574,0.00013524033730402416,0.008109804394440033,0.009441348459266358,0.9999816014973466,0.01667615280545398,0.008109804394440033,119.15654954866115,1.1349803079753893e-06,2.4492235297657317e-06,3.3160563361889217e-06,1.8754531145095825,0.520779550075531,3.3160563361889217e-06,22.64908218383789,19.99636459350586,6.623878479003906,11.275629043579102,10.878079414367676,10.915962219238281,1268.0,-0.059007816150364614,-0.02004309641691121,-0.038272932417315025,-0.05763505091668137,-0.7708221840301419,1.1130143644515438,57.0,0.3986561354175121,2.4035506834176627e-12,3.2937087046349322e-09,2.4033687303416777e-12,3.293664841615773e-09
synthetic_niah_130,niah_single_1,disagreement_formal,64,32,physical_delete_median_value_norm_57,median_value_norm,57,23,24,0.00016743719632307427,0.0007138070944286297,0.25743678151632854,0.9665656870702608,0.234569252155024,0.00017287388675875368,0.00843446837726274,-0.051118786683571824,1.0012569923301677,0.020496121275975058,0.00843446837726274,140.77575251748425,1.22800896935204e-06,1.5085506674950011e-06,2.964409532069112e-06,1.7404893636703491,0.5608623027801514,2.964409532069112e-06,21.90583038330078,18.781579971313477,8.392389297485352,11.975183486938477,13.596617698669434,12.50644588470459,1268.0,-0.059007816150364614,-0.02004309641691121,-0.038272932417315025,-0.05763505091668137,-0.7708221840301419,1.1130143644515438,57.0,0.3986561354175121,,,,
synthetic_niah_130,niah_single_1,disagreement_formal,64,32,physical_delete_median_value_norm_57,median_value_norm,57,24,25,0.0004177112725487266,0.0012102367872208054,0.3347603682831708,0.9423605502766673,0.34514838497676237,0.0004584322104514145,0.009218737058146551,0.044184476310885984,0.9990387710897679,0.04972830958946814,0.009218737058146551,164.47524950758245,2.787241313352015e-06,5.102457635075552e-06,9.266963388654403e-06,1.9463196992874146,0.4994601309299469,9.266963388654403e-06,20.726425170898438,18.667274475097656,6.914287567138672,11.950020790100098,15.562912940979004,69.6032943725586,1268.0,-0.059007816150364614,-0.02004309641691121,-0.038272932417315025,-0.05763505091668137,-0.7708221840301419,1.1130143644515438,57.0,0.3986561354175121,,,,
synthetic_niah_130,niah_single_1,disagreement_formal,64,32,physical_delete_median_value_norm_57,median_value_norm,57,25,26,0.00011158620204220892,0.003329181626062217,-0.05090515603867608,1.0022653680745701,0.03351760720072037,0.0001134196858432559,0.008179624251911237,0.09644004172058736,0.9987581139627746,0.013866124206959074,0.008179624251911237,199.4741718489731,5.685933411425756e-07,1.6350304576917551e-06,1.8590255876915762e-06,1.7337719202041626,0.5529518723487854,1.8590255876915762e-06,19.77155876159668,17.90315055847168,8.225096702575684,14.089385986328125,20.682029724121094,66.231689453125,1268.0,-0.059007816150364614,-0.02004309641691121,-0.038272932417315025,-0.05763505091668137,-0.7708221840301419,1.1130143644515438,57.0,0.3986561354175121,,,,
synthetic_niah_130,niah_single_1,disagreement_formal,64,32,physical_delete_median_value_norm_57,median_value_norm,57,26,27,0.00018159866272710742,0.0012040130490443873,-0.005203661451985565,1.0120863327439535,0.15082781940880158,0.00018366224088560757,0.008742566418426601,0.034663621240628675,0.9994923283021723,0.021007817624182402,0.008742566418426601,245.80156942056078,7.471971855939037e-07,2.08512278732087e-06,2.294709474881529e-06,2.7173407077789307,0.33114194869995117,2.294709474881529e-06,21.274490356445312,17.77208709716797,8.451151847839355,15.353642463684082,25.434343338012695,170.11541748046875,1268.0,-0.059007816150364614,-0.02004309641691121,-0.038272932417315025,-0.05763505091668137,-0.7708221840301419,1.1130143644515438,57.0,0.3986561354175121,1.4114028275183282e-12,3.5509164476574316e-09,1.4128995341038209e-12,3.5508671835710686e-09
synthetic_niah_130,niah_single_1,disagreement_formal,64,32,physical_delete_median_value_norm_57,median_value_norm,57,27,28,0.002096707175273357,0.0022060922676045867,0.7984127777526014,0.6210010161857749,0.9504168098780376,0.0015564950919882956,0.009982026236681346,0.10497021885210076,0.995780161171508,0.15592977368348138,0.009982026236681346,180.89621929686285,8.604353910979105e-06,1.0434792784508318e-05,1.9876471924362704e-05,3.234063148498535,0.1435249298810959,1.9876471924362704e-05,18.345252990722656,16.20535659790039,4.431628704071045,15.454809188842773,25.19927978515625,147.54147338867188,1268.0,-0.059007816150364614,-0.02004309641691121,-0.038272932417315025,-0.05763505091668137,-0.7708221840301419,1.1130143644515438,57.0,0.3986561354175121,,,,
synthetic_niah_130,niah_single_1,disagreement_formal,64,32,physical_delete_high_random_62,high_random,62,0,1,0.009286189746264382,0.009285594352854134,0.9999938047829825,0.0035207016207548444,1.0000641201185,0.010939709491983517,0.010940090312728402,0.9999920774246581,0.003980679694650723,0.9999651903472458,0.010940090312728402,13.786631552856852,0.0007935012588130421,0.0013484092196449637,0.0037640954833477736,1.9365166425704956,0.47815075516700745,0.0037640954833477736,779.23828125,778.8672485351562,1845.4766845703125,3.605106830596924,4.127031326293945,0.9016585946083069,1263.0,-0.13691165725817078,-0.27346169356498784,-0.11755663459726916,-0.13414102082526108,-1.1935749221975933,0.4449530606521408,62.0,0.9801861160639237,1.6151959628082403e-09,1.6217488980808952e-09,1.6151711066887192e-09,1.6217280124763206e-09
synthetic_niah_130,niah_single_1,disagreement_formal,64,32,physical_delete_high_random_62,high_random,62,1,2,0.010838248412069984,0.010999904304713858,0.9820655700368721,0.1885675020037659,0.9853038819097182,0.012328766086536316,0.015213503957165229,0.7191204850824292,0.7008527576258802,0.8103830729100205,0.015213503957165229,17.203840002050825,0.0007166287343445786,0.0005546779138967395,0.0010076106991618872,2.899526596069336,0.2542766034603119,0.0010076106991618872,91.80992889404297,91.14949035644531,3905.5478515625,4.040032386779785,3.9634017944335938,0.5728805065155029,1263.0,-0.13691165725817078,-0.27346169356498784,-0.11755663459726916,-0.13414102082526108,-1.1935749221975933,0.4449530606521408,62.0,0.9801861160639237,,,,
synthetic_niah_130,niah_single_1,disagreement_formal,64,32,physical_delete_high_random_62,high_random,62,2,3,0.00021831624975826464,0.003796975404537655,0.002574628479699161,1.0015038108589467,0.057497409516364326,0.0002351810576543186,0.014212878370896418,0.052518349159463046,0.9992676108686316,0.01654703934819401,0.014212878370896418,26.111316392313665,9.006863312473528e-06,4.342719421401853e-06,7.30283545635757e-06,2.231785535812378,0.3579128682613373,7.30283545635757e-06,30.911766052246094,27.496713638305664,47.875885009765625,6.578718185424805,5.921280384063721,1.3718152046203613,1263.0,-0.13691165725817078,-0.27346169356498784,-0.11755663459726916,-0.13414102082526108,-1.1935749221975933,0.4449530606521408,62.0,0.9801861160639237,,,,
synthetic_niah_130,niah_single_1,disagreement_formal,64,32,physical_delete_high_random_62,high_random,62,3,4,0.00010403331414737979,0.0034371134675244713,0.024411609341679682,0.9997191437739286,0.03026764031223799,9.291491539700067e-05,0.013634712282673173,0.046270731760985215,0.9997078607493234,0.006814585703805119,0.013634712282673173,29.22089673737226,3.1797420945732484e-06,3.365095835761167e-06,3.4418312679918017e-06,1.9438047409057617,0.470935583114624,3.4418312679918017e-06,26.366430282592773,22.06824493408203,9.07297420501709,6.303455352783203,6.515218257904053,1.376548409461975,1263.0,-0.13691165725817078,-0.27346169356498784,-0.11755663459726916,-0.13414102082526108,-1.1935749221975933,0.4449530606521408,62.0,0.9801861160639237,,,,
synthetic_niah_130,niah_single_1,disagreement_formal,64,32,physical_delete_high_random_62,high_random,62,4,5,0.00030897614667131,0.002832203396810149,0.11386625656306087,0.9935075494901319,0.10909391148224146,0.0003183265060847092,0.01245685446006361,0.04936622835634848,0.9990645535920885,0.025554324898412892,0.01245685446006361,35.22983335365749,9.035708539667594e-06,6.103035047999583e-06,1.1534519217093475e-05,1.3461217880249023,0.6554030179977417,1.1534519217093475e-05,21.60030174255371,19.0601863861084,6.8170928955078125,6.368405342102051,6.818458557128906,2.077946186065674,1263.0,-0.13691165725817078,-0.27346169356498784,-0.11755663459726916,-0.13414102082526108,-1.1935749221975933,0.4449530606521408,62.0,0.9801861160639237,1.1513348400262399e-11,4.996007319719759e-09,1.1513306823536271e-11,4.995941137239569e-09
synthetic_niah_130,niah_single_1,disagreement_formal,64,32,physical_delete_high_random_62,high_random,62,5,6,0.00024717568775962023,0.004762622307229982,-0.04128181304099392,1.0034831785484624,0.05189907404254813,0.00018287693644545818,0.01073983803162352,0.04381383060492724,0.9993987362832388,0.017027904509078807,0.01073983803162352,35.73016928057488,5.118277918287987e-06,5.270154815661954e-06,8.219396477215923e-06,1.8171354532241821,0.5051525235176086,8.219396477215923e-06,20.60620880126953,17.851011276245117,5.236225605010986,7.643893241882324,7.713115692138672,1.483107328414917,1263.0,-0.13691165725817078,-0.27346169356498784,-0.11755663459726916,-0.13414102082526108,-1.1935749221975933,0.4449530606521408,62.0,0.9801861160639237,,,,
synthetic_niah_130,niah_single_1,disagreement_formal,64,32,physical_delete_high_random_62,high_random,62,6,7,0.00011584065051237119,0.0017305454343299832,-0.11230940000922698,1.009711106776453,0.06693880912593393,0.00010330123525135791,0.009373820373145056,-0.0005971148508617652,1.000067300290897,0.01102018506214439,0.009373820373145056,38.023889848112375,2.716745595045587e-06,3.942109742638422e-06,4.382223778520711e-06,1.3156437873840332,0.6591126322746277,4.382223778520711e-06,20.97716522216797,19.587114334106445,6.14393424987793,7.234407901763916,6.7747483253479,1.1367292404174805,1263.0,-0.13691165725817078,-0.27346169356498784,-0.11755663459726916,-0.13414102082526108,-1.1935749221975933,0.4449530606521408,62.0,0.9801861160639237,,,,
synthetic_niah_130,niah_single_1,disagreement_formal,64,32,physical_delete_high_random_62,high_random,62,7,8,0.0006084078050740349,0.0016481874156741897,0.29306862405158324,0.9591127449889714,0.36913751390655186,0.0005505505181163617,0.008707348732661801,0.08626012270782306,0.9965388391252299,0.06322826098043056,0.008707348732661801,39.091948019853035,1.4083476163346015e-05,2.019330713665113e-05,3.22784180752933e-05,2.3187923431396484,0.3572040796279907,3.22784180752933e-05,32.910003662109375,33.44627380371094,195.11293029785156,5.897830963134766,6.095694065093994,1.270862340927124,1263.0,-0.13691165725817078,-0.27346169356498784,-0.11755663459726916,-0.13414102082526108,-1.1935749221975933,0.4449530606521408,62.0,0.9801861160639237,9.927663247561237e-12,4.68814202131358e-09,9.929478988477369e-12,4.688078006961536e-09
synthetic_niah_130,niah_single_1,disagreement_formal,64,32,physical_delete_high_random_62,high_random,62,8,9,0.0013681599353846565,0.002016927931267823,0.6353865976146754,0.7733878330962324,0.6783385336553118,0.0010795371189451061,0.008106678829695489,0.16817763007971434,0.9863782600914363,0.13316638559685692,0.008106678829695489,36.72219012502195,2.9397405635932528e-05,1.78582631633617e-05,5.240192331257276e-05,1.7994579076766968,0.497150182723999,5.240192331257276e-05,23.06153106689453,21.02998161315918,13.26000690460205,9.250308990478516,8.19028377532959,3.324925661087036,1263.0,-0.13691165725817078,-0.27346169356498784,-0.11755663459726916,-0.13414102082526108,-1.1935749221975933,0.4449530606521408,62.0,0.9801861160639237,,,,
synthetic_niah_130,niah_single_1,disagreement_formal,64,32,physical_delete_high_random_62,high_random,62,9,10,0.0003712450632171213,0.0015997344701805924,0.3404439595969326,0.9464901191614988,0.23206667740003867,0.000289751054038126,0.007918741857213809,0.050784959299386936,0.9988104772179269,0.03659054168739809,0.007918741857213809,40.2095121520871,7.206032566179401e-06,8.229369086620864e-06,1.4130904673947953e-05,2.1318185329437256,0.4251767098903656,1.4130904673947953e-05,22.89984893798828,19.83012580871582,6.7164435386657715,7.849951267242432,7.4843244552612305,2.8637545108795166,1263.0,-0.13691165725817078,-0.27346169356498784,-0.11755663459726916,-0.13414102082526108,-1.1935749221975933,0.4449530606521408,62.0,0.9801861160639237,,,,
synthetic_niah_130,niah_single_1,disagreement_formal,64,32,physical_delete_high_random_62,high_random,62,10,11,0.00029927758613320727,0.0017957611303953628,0.027365762365285397,1.0092835997643625,0.16665779265826797,0.0002723794485790563,0.007616445891257511,0.018841839431470258,0.9999656381156189,0.03576201452329692,0.007616445891257511,44.02230493346032,6.187305480500342e-06,3.0663716188428225e-06,6.091989234846551e-06,2.5131232738494873,0.3253451883792877,6.091989234846551e-06,23.64157485961914,20.092790603637695,10.937453269958496,9.128288269042969,8.572632789611816,3.747281551361084,1263.0,-0.13691165725817078,-0.27346169356498784,-0.11755663459726916,-0.13414102082526108,-1.1935749221975933,0.4449530606521408,62.0,0.9801861160639237,3.662411999097998e-12,5.224424220910478e-09,3.663773983413062e-12,5.224369158812596e-09
synthetic_niah_130,niah_single_1,disagreement_formal,64,32,physical_delete_high_random_62,high_random,62,11,12,3.325853650992016e-05,0.0008835314729926112,-0.07513431734345402,1.0035305160882289,0.03764272980256165,3.760490270380187e-05,0.007250277581023815,-0.06740069498477248,1.0003629711175421,0.005186684548771672,0.007250277581023815,42.98859344740154,8.74764668674567e-07,9.800686484595644e-07,9.264534241992806e-07,2.2579433917999268,0.40971025824546814,9.264534241992806e-07,23.01610565185547,19.78777313232422,7.8014397621154785,8.011849403381348,7.392591953277588,1.1690560579299927,1263.0,-0.13691165725817078,-0.27346169356498784,-0.11755663459726916,-0.13414102082526108,-1.1935749221975933,0.4449530606521408,62.0,0.9801861160639237,,,,
synthetic_niah_130,niah_single_1,disagreement_formal,64,32,physical_delete_high_random_62,high_random,62,12,13,9.324728134783772e-05,0.0006535787371492558,-0.0066824525657983355,1.0110697551050225,0.1426718405108444,7.839936461979168e-05,0.007240926938316781,0.027853514661593103,0.999757008091771,0.010827255306903611,0.007240926938316781,43.736678931641634,1.7925312697456107e-06,1.410624918207759e-06,1.924357320604031e-06,2.2441043853759766,0.3681849539279938,1.924357320604031e-06,20.207212448120117,18.472909927368164,6.647178649902344,8.478466033935547,8.65902328491211,1.3194266557693481,1263.0,-0.13691165725817078,-0.27346169356498784,-0.11755663459726916,-0.13414102082526108,-1.1935749221975933,0.4449530606521408,62.0,0.9801861160639237,,,,
synthetic_niah_130,niah_single_1,disagreement_formal,64,32,physical_delete_high_random_62,high_random,62,13,14,0.00011684329262052114,0.0006181884053432553,0.0975852086098003,0.9994175665253807,0.18900919462512847,0.0001436119619078721,0.007188031673779929,0.00943121065639009,1.0000111573420385,0.01997931679012089,0.007188031673779929,47.81979811573097,3.003190468523308e-06,2.1166595161048463e-06,2.772409516182961e-06,2.6095831394195557,0.2472907155752182,2.772409516182961e-06,21.342723846435547,20.014053344726562,6.25601863861084,7.6536736488342285,7.874978065490723,2.355684280395508,1263.0,-0.13691165725817078,-0.27346169356498784,-0.11755663459726916,-0.13414102082526108,-1.1935749221975933,0.4449530606521408,62.0,0.9801861160639237,,,,
synthetic_niah_130,niah_single_1,disagreement_formal,64,32,physical_delete_high_random_62,high_random,62,14,15,2.1535440194291438e-05,0.000603413978537836,0.003203409156455947,1.0005224001382622,0.03568932931662454,1.9010456555657496e-05,0.007197909636554928,-0.01977360561979252,1.0000557104013754,0.002641107976559192,0.007197909636554928,46.97622237264702,4.0468253076745416e-07,4.6273638076854695e-07,7.12015435055946e-07,1.6496590375900269,0.569452166557312,7.12015435055946e-07,21.274322509765625,20.16472816467285,11.610563278198242,10.354846954345703,9.863748550415039,2.7859721183776855,1263.0,-0.13691165725817078,-0.27346169356498784,-0.11755663459726916,-0.13414102082526108,-1.1935749221975933,0.4449530606521408,62.0,0.9801861160639237,6.636141693720608e-13,5.4235979022357024e-09,6.638877236852504e-13,5.423551101940247e-09
synthetic_niah_130,niah_single_1,disagreement_formal,64,32,physical_delete_high_random_62,high_random,62,15,16,0.0006841926424118276,0.0013906133616838248,0.49061784616292287,0.8713759584940717,0.4920078155896422,0.0006457973343331461,0.007139791131060551,0.08332807746511008,0.9965476203993833,0.09045045190799843,0.007139791131060551,46.62627047956036,1.3850503754449873e-05,8.832968887872994e-06,1.3921017853135709e-05,2.4365973472595215,0.34834858775138855,1.3921017853135709e-05,56.12712860107422,56.094947814941406,1380.76416015625,8.72300910949707,8.468728065490723,3.659188747406006,1263.0,-0.13691165725817078,-0.27346169356498784,-0.11755663459726916,-0.13414102082526108,-1.1935749221975933,0.4449530606521408,62.0,0.9801861160639237,,,,
synthetic_niah_130,niah_single_1,disagreement_formal,64,32,physical_delete_high_random_62,high_random,62,16,17,0.00130874071212162,0.001527926218673816,0.8345865013580249,0.5513144637440576,0.8565470610600288,0.001449583836985307,0.007427969825151573,0.2200778858006529,0.9758007068403323,0.195152090154826,0.007427969825151573,52.521031347131824,2.760006419912904e-05,1.7989375919569284e-05,2.7088728529633954e-05,2.960784673690796,0.23593218624591827,2.7088728529633954e-05,20.097774505615234,18.777385711669922,6.539159774780273,9.862031936645508,9.167755126953125,3.542029857635498,1263.0,-0.13691165725817078,-0.27346169356498784,-0.11755663459726916,-0.13414102082526108,-1.1935749221975933,0.4449530606521408,62.0,0.9801861160639237,,,,
synthetic_niah_130,niah_single_1,disagreement_formal,64,32,physical_delete_high_random_62,high_random,62,17,18,6.025795156473527e-05,0.0004932905872821656,-0.03579172807458813,1.0117638788997392,0.12215508083527916,6.009855436152059e-05,0.007451265363433232,0.08552197226882721,0.9993425286601936,0.008065550135477887,0.007451265363433232,59.53812847245942,1.0094128905869186e-06,1.380854314447788e-06,1.1300222695354023e-06,2.4492130279541016,0.3674129545688629,1.1300222695354023e-06,19.365131378173828,17.142072677612305,7.61442232131958,8.942768096923828,9.711997985839844,4.88991641998291,1263.0,-0.13691165725817078,-0.27346169356498784,-0.11755663459726916,-0.13414102082526108,-1.1935749221975933,0.4449530606521408,62.0,0.9801861160639237,,,,
synthetic_niah_130,niah_single_1,disagreement_formal,64,32,physical_delete_high_random_62,high_random,62,18,19,0.0005344053528932843,0.0011156617117409815,0.46062684942525345,0.8877840897500541,0.4790030412169912,0.0004757352207228666,0.007544777169024901,0.07461768780624325,0.9972792480406734,0.06305490673415759,0.007544777169024901,69.15023421272963,6.8797340477451365e-06,1.1491106306493748e-05,1.4393659512279555e-05,2.3504838943481445,0.37325775623321533,1.4393659512279555e-05,25.056825637817383,22.93179702758789,7.042550086975098,9.944204330444336,9.520225524902344,3.645106077194214,1263.0,-0.13691165725817078,-0.27346169356498784,-0.11755663459726916,-0.13414102082526108,-1.1935749221975933,0.4449530606521408,62.0,0.9801861160639237,2.747789314884943e-11,6.98910696784544e-09,2.747869577301845e-11,6.989077191301272e-09
synthetic_niah_130,niah_single_1,disagreement_formal,64,32,physical_delete_high_random_62,high_random,62,19,20,0.0006754146798002084,0.0013837561415469513,0.4543778524100619,0.8914472007200742,0.48810238995227706,0.0006036299302007428,0.007385082595426445,0.10230675304485674,0.9949655614427271,0.08173638173993729,0.007385082595426445,69.2051093406682,8.722331861789592e-06,4.779363734996878e-06,1.4412757082027383e-05,1.4234862327575684,0.6187826991081238,1.4412757082027383e-05,22.568344116210938,19.56041145324707,8.776413917541504,10.979965209960938,10.130725860595703,2.7748873233795166,1263.0,-0.13691165725817078,-0.27346169356498784,-0.11755663459726916,-0.13414102082526108,-1.1935749221975933,0.4449530606521408,62.0,0.9801861160639237,,,,
synthetic_niah_130,niah_single_1,disagreement_formal,64,32,physical_delete_high_random_62,high_random,62,20,21,0.0017894734719568802,0.0017724320496981432,0.9065755267880521,0.43443974006855557,1.0096147111883016,0.001928540415612963,0.007720949160735822,0.27335808977342035,0.9622012629802742,0.24978022461543695,0.007720949160735822,81.80326177484241,2.3575348632443675e-05,1.4714051758346613e-05,2.896145815611817e-05,2.6783902645111084,0.30297908186912537,2.896145815611817e-05,20.896629333496094,19.403165817260742,7.126279354095459,10.512033462524414,11.063460350036621,5.552474021911621,1263.0,-0.13691165725817078,-0.27346169356498784,-0.11755663459726916,-0.13414102082526108,-1.1935749221975933,0.4449530606521408,62.0,0.9801861160639237,,,,
synthetic_niah_130,niah_single_1,disagreement_formal,64,32,physical_delete_high_random_62,high_random,62,21,22,0.003185231961697383,0.0030779682095121294,0.9780450728319638,0.21599654694308687,1.0348488824068314,0.0036340519536086154,0.008648899062392022,0.4637626265829516,0.8870310588771145,0.4201750913489731,0.008648899062392022,101.8361749229977,3.568527545694311e-05,3.335544533911161e-05,5.597228664555587e-05,2.6851234436035156,0.30079352855682373,5.597228664555587e-05,18.3277587890625,17.827194213867188,5.880270957946777,11.3243408203125,11.12395191192627,7.87544584274292,1263.0,-0.13691165725817078,-0.27346169356498784,-0.11755663459726916,-0.13414102082526108,-1.1935749221975933,0.4449530606521408,62.0,0.9801861160639237,,,,
synthetic_niah_130,niah_single_1,disagreement_formal,64,32,physical_delete_high_random_62,high_random,62,22,23,0.0008066537113577642,0.0014230526473935118,0.6192416638367367,0.7869465797101085,0.5668474127329339,0.0008167490361093947,0.009652789854164593,0.1336459446266731,0.9922414102705656,0.0846127439267744,0.009652789854164593,119.15654954866115,6.854419997919215e-06,1.845765655161813e-05,2.021486943704076e-05,1.8754531145095825,0.520779550075531,2.021486943704076e-05,22.36150360107422,19.99636459350586,6.623878479003906,10.513650894165039,10.878079414367676,10.915962219238281,1263.0,-0.13691165725817078,-0.27346169356498784,-0.11755663459726916,-0.13414102082526108,-1.1935749221975933,0.4449530606521408,62.0,0.9801861160639237,6.493100390414237e-11,4.492542351917591e-09,6.493204770355338e-11,4.492493321935434e-09
synthetic_niah_130,niah_single_1,disagreement_formal,64,32,physical_delete_high_random_62,high_random,62,23,24,0.0003458546789354729,0.001232485804928542,0.13315127859088768,1.0020062113651713,0.2806155474995715,0.00033019306375569614,0.009904233644958462,-0.00913291725159091,1.0008598391947636,0.03333857778322646,0.009904233644958462,140.77575251748425,2.3455251195669255e-06,6.261869657464558e-06,5.561075340665411e-06,1.7404893636703491,0.5608623027801514,5.561075340665411e-06,21.9720458984375,18.781579971313477,8.392389297485352,11.880730628967285,13.596617698669434,12.50644588470459,1263.0,-0.13691165725817078,-0.27346169356498784,-0.11755663459726916,-0.13414102082526108,-1.1935749221975933,0.4449530606521408,62.0,0.9801861160639237,,,,
synthetic_niah_130,niah_single_1,disagreement_formal,64,32,physical_delete_high_random_62,high_random,62,24,25,0.002140284490654986,0.002843592347791445,0.6636465800876812,0.7533247975983071,0.7526692397794984,0.0022945115996943705,0.011001100635065616,0.15249730491531302,0.9898933487336928,0.20857109445764876,0.011001100635065616,164.47524950758245,1.3950497759169483e-05,3.535811629262753e-05,3.683345494209789e-05,1.9463196992874146,0.4994601309299469,3.683345494209789e-05,19.39379119873047,18.667274475097656,6.914287567138672,11.85950756072998,15.562912940979004,69.6032943725586,1263.0,-0.13691165725817078,-0.27346169356498784,-0.11755663459726916,-0.13414102082526108,-1.1935749221975933,0.4449530606521408,62.0,0.9801861160639237,,,,
synthetic_niah_130,niah_single_1,disagreement_formal,64,32,physical_delete_high_random_62,high_random,62,25,26,0.0003910656124626256,0.003570728209655063,0.5999250903261507,0.9383960716208278,0.10951984847382239,0.0003496442235753998,0.010169187795689242,-0.024766605832585577,1.001441589243769,0.034382708884933305,0.010169187795689242,199.4741718489731,1.7528295534928914e-06,4.254856776242377e-06,4.14252872360521e-06,1.7337719202041626,0.5529518723487854,4.14252872360521e-06,20.085460662841797,17.90315055847168,8.225096702575684,14.629475593566895,20.682029724121094,66.231689453125,1263.0,-0.13691165725817078,-0.27346169356498784,-0.11755663459726916,-0.13414102082526108,-1.1935749221975933,0.4449530606521408,62.0,0.9801861160639237,,,,
synthetic_niah_130,niah_single_1,disagreement_formal,64,32,physical_delete_high_random_62,high_random,62,26,27,0.001512814832305407,0.0034150146007243722,0.31557036228299773,0.9574188869227825,0.4429892721350351,0.0015893157401819073,0.011577844847245226,0.07452139854115061,0.9991917828407008,0.13727215739637944,0.011577844847245226,245.80156942056078,6.465848627120134e-06,2.6471576347830705e-05,1.4189839930622838e-05,2.7173407077789307,0.33114194869995117,1.4189839930622838e-05,20.318275451660156,17.77208709716797,8.451151847839355,16.904327392578125,25.434343338012695,170.11541748046875,1263.0,-0.13691165725817078,-0.27346169356498784,-0.11755663459726916,-0.13414102082526108,-1.1935749221975933,0.4449530606521408,62.0,0.9801861160639237,1.3649247505952037e-11,5.080749006315167e-09,1.3649600609767783e-11,5.080666732092529e-09
synthetic_niah_130,niah_single_1,disagreement_formal,64,32,physical_delete_high_random_62,high_random,62,27,28,0.0038781865440368065,0.004431259579011296,0.707908354250354,0.725843194293651,0.875188301404385,0.0036439290838793377,0.0134445804680055,0.2528278422656157,0.9676825518025177,0.27103330539401455,0.0134445804680055,180.89621929686285,2.014375478958687e-05,6.319452222669497e-05,2.385248262726236e-05,3.234063148498535,0.1435249298810959,2.385248262726236e-05,18.212139129638672,16.20535659790039,4.431628704071045,15.622909545898438,25.19927978515625,147.54147338867188,1263.0,-0.13691165725817078,-0.27346169356498784,-0.11755663459726916,-0.13414102082526108,-1.1935749221975933,0.4449530606521408,62.0,0.9801861160639237,,,,
synthetic_niah_130,niah_single_1,disagreement_formal,64,32,physical_delete_median_aor_44,median_aor,44,0,1,0.0077095705457947816,0.007708914476452922,0.9999910170737076,0.004239649099115934,1.000085105282185,0.009229892669159342,0.00922989436688847,0.9999886744074545,0.004759325683172692,0.9999998160619115,0.00922989436688847,13.786631552856852,0.0006694813474758259,0.0012021030997857451,0.0034569010604172945,1.9365166425704956,0.47815075516700745,0.0034569010604172945,779.23828125,778.8672485351562,1845.4766845703125,3.605106830596924,4.127031326293945,0.9016585946083069,1281.0,-0.15029282595282695,-0.228632872804317,-0.13156955222269118,-0.14591030104944552,0.15425904863151857,0.09811361900273664,44.0,0.666138225343838,1.02556214573694e-09,1.0214889272432514e-09,1.0255550441495153e-09,1.02148303981779e-09
synthetic_niah_130,niah_single_1,disagreement_formal,64,32,physical_delete_median_aor_44,median_aor,44,1,2,0.008557462081894687,0.00872203285304001,0.9787063959661795,0.20527949758353892,0.9811316038453166,0.009686718362203202,0.012291943524375935,0.6904944119405269,0.7298872443813647,0.7880542522013417,0.012291943524375935,17.203840002050825,0.0005630555946258785,0.00047003061627037823,0.0008065158035606146,2.899526596069336,0.2542766034603119,0.0008065158035606146,91.84303283691406,91.14949035644531,3905.5478515625,4.020276069641113,3.9634017944335938,0.5728805065155029,1281.0,-0.15029282595282695,-0.228632872804317,-0.13156955222269118,-0.14591030104944552,0.15425904863151857,0.09811361900273664,44.0,0.666138225343838,,,,
synthetic_niah_130,niah_single_1,disagreement_formal,64,32,physical_delete_median_aor_44,median_aor,44,2,3,0.0004748962528548016,0.0031544419918630748,0.1591476456367329,0.9872922432578449,0.1505484184143512,0.0005324563848438008,0.011539435193085597,0.06564634360054687,0.9980335486645108,0.04614232637337808,0.011539435193085597,26.111316392313665,2.0391786336767718e-05,1.6821322788018733e-05,1.7865719200926833e-05,2.231785535812378,0.3579128682613373,1.7865719200926833e-05,30.31964111328125,27.496713638305664,47.875885009765625,6.615964889526367,5.921280384063721,1.3718152046203613,1281.0,-0.15029282595282695,-0.228632872804317,-0.13156955222269118,-0.14591030104944552,0.15425904863151857,0.09811361900273664,44.0,0.666138225343838,,,,
synthetic_niah_130,niah_single_1,disagreement_formal,64,32,physical_delete_median_aor_44,median_aor,44,3,4,0.00025195632898433555,0.002841949782234073,0.023620334996539254,1.001834186447978,0.08865615098457906,0.0002118934822340684,0.011108700193504498,0.07936148131979189,0.9986672464338614,0.019074552246712645,0.011108700193504498,29.22089673737226,7.251436673504473e-06,5.715493443858577e-06,1.0417375051474664e-05,1.9438047409057617,0.470935583114624,1.0417375051474664e-05,25.27942657470703,22.06824493408203,9.07297420501709,6.281822204589844,6.515218257904053,1.376548409461975,1281.0,-0.15029282595282695,-0.228632872804317,-0.13156955222269118,-0.14591030104944552,0.15425904863151857,0.09811361900273664,44.0,0.666138225343838,,,,
synthetic_niah_130,niah_single_1,disagreement_formal,64,32,physical_delete_median_aor_44,median_aor,44,4,5,0.0012779121116417234,0.0026629386773676777,0.4709853766410438,0.8821859386356915,0.4798879232566268,0.0012945900854600383,0.010247464577941167,0.15884937486970202,0.9878381491265845,0.1263327211929857,0.010247464577941167,35.22983335365749,3.674698294664617e-05,2.0076307919225655e-05,5.099849295220338e-05,1.3461217880249023,0.6554030179977417,5.099849295220338e-05,20.649417877197266,19.0601863861084,6.8170928955078125,6.450824737548828,6.818458557128906,2.077946186065674,1281.0,-0.15029282595282695,-0.228632872804317,-0.13156955222269118,-0.14591030104944552,0.15425904863151857,0.09811361900273664,44.0,0.666138225343838,3.338559867979479e-11,3.628557370384208e-09,3.3388549170173744e-11,3.6285199771990677e-09
synthetic_niah_130,niah_single_1,disagreement_formal,64,32,physical_delete_median_aor_44,median_aor,44,5,6,0.0007968602918518918,0.0039574004562407915,0.17597500998762736,0.9847218742692294,0.20135952897949685,0.0005711130188073494,0.00873655609669121,0.06936312622168411,0.9975994676244382,0.06537049753777081,0.00873655609669121,35.73016928057488,1.5984055779938375e-05,1.3811513781547546e-05,2.703069731069263e-05,1.8171354532241821,0.5051525235176086,2.703069731069263e-05,19.69123077392578,17.851011276245117,5.236225605010986,7.693242073059082,7.713115692138672,1.483107328414917,1281.0,-0.15029282595282695,-0.228632872804317,-0.13156955222269118,-0.14591030104944552,0.15425904863151857,0.09811361900273664,44.0,0.666138225343838,,,,
synthetic_niah_130,niah_single_1,disagreement_formal,64,32,physical_delete_median_aor_44,median_aor,44,6,7,0.00032040855684280835,0.0014478046104769266,0.10067272664538855,1.0022063195867392,0.22130649020192122,0.00028380703505466426,0.007643665767081559,0.02329592075223946,0.999824321363779,0.03712970238402053,0.007643665767081559,38.023889848112375,7.463913770746244e-06,1.0849586942640599e-05,1.1512343917274848e-05,1.3156437873840332,0.6591126322746277,1.1512343917274848e-05,20.7579402923584,19.587114334106445,6.14393424987793,6.777551651000977,6.7747483253479,1.1367292404174805,1281.0,-0.15029282595282695,-0.228632872804317,-0.13156955222269118,-0.14591030104944552,0.15425904863151857,0.09811361900273664,44.0,0.666138225343838,,,,
synthetic_niah_130,niah_single_1,disagreement_formal,64,32,physical_delete_median_aor_44,median_aor,44,7,8,0.0004133441458018472,0.0013604919870402004,0.24321866531354372,0.9718627245755346,0.303819610655034,0.0003563568697263439,0.00708344081335163,0.09193380625404238,0.9966347607000486,0.05030844177516726,0.00708344081335163,39.091948019853035,9.115863695136562e-06,1.2835134839406237e-05,1.7878677681437694e-05,2.3187923431396484,0.3572040796279907,1.7878677681437694e-05,32.83740234375,33.44627380371094,195.11293029785156,5.999306678771973,6.095694065093994,1.270862340927124,1281.0,-0.15029282595282695,-0.228632872804317,-0.13156955222269118,-0.14591030104944552,0.15425904863151857,0.09811361900273664,44.0,0.666138225343838,1.6706831273831446e-12,3.4383586236613154e-09,1.6709586252328859e-12,3.4383176689839537e-09
synthetic_niah_130,niah_single_1,disagreement_formal,64,32,physical_delete_median_aor_44,median_aor,44,8,9,0.0002020247396487398,0.0012824369651627569,0.06796731540952257,1.0016996855105074,0.15753190615735285,0.00016223542344115225,0.006511306097645344,0.08571378707422965,0.9981730926217588,0.024915957107256987,0.006511306097645344,36.72219012502195,4.417912517984799e-06,4.281886958779069e-06,6.462892088165972e-06,1.7994579076766968,0.497150182723999,6.462892088165972e-06,22.464847564697266,21.02998161315918,13.26000690460205,9.039113998413086,8.19028377532959,3.324925661087036,1281.0,-0.15029282595282695,-0.228632872804317,-0.13156955222269118,-0.14591030104944552,0.15425904863151857,0.09811361900273664,44.0,0.666138225343838,,,,
synthetic_niah_130,niah_single_1,disagreement_formal,64,32,physical_delete_median_aor_44,median_aor,44,9,10,0.000965000074415019,0.0015895338262541133,0.6742549632156765,0.7415460425208277,0.6070962809826658,0.0007255571066066253,0.00637081101217359,0.1400059558708795,0.9904950756290795,0.11388771464421138,0.00637081101217359,40.2095121520871,1.8044414561964905e-05,2.616761594254058e-05,3.214585012756288e-05,2.1318185329437256,0.4251767098903656,3.214585012756288e-05,22.473186492919922,19.83012580871582,6.7164435386657715,7.7147040367126465,7.4843244552612305,2.8637545108795166,1281.0,-0.15029282595282695,-0.228632872804317,-0.13156955222269118,-0.14591030104944552,0.15425904863151857,0.09811361900273664,44.0,0.666138225343838,,,,
synthetic_niah_130,niah_single_1,disagreement_formal,64,32,physical_delete_median_aor_44,median_aor,44,10,11,0.0003427305904237787,0.0014638329839407108,0.060366672463058886,1.0131882154118343,0.23413230483516703,0.0003162098410243962,0.006104975962141552,0.03229037934630207,0.9996688343210172,0.051795427694603664,0.006104975962141552,44.02230493346032,7.182946042974059e-06,3.1696492897026474e-06,6.31754528512829e-06,2.5131232738494873,0.3253451883792877,6.31754528512829e-06,22.2279052734375,20.092790603637695,10.937453269958496,9.254405975341797,8.572632789611816,3.747281551361084,1281.0,-0.15029282595282695,-0.228632872804317,-0.13156955222269118,-0.14591030104944552,0.15425904863151857,0.09811361900273664,44.0,0.666138225343838,2.8245543053754124e-12,3.6951030280844204e-09,2.825361247123612e-12,3.6950737685954277e-09
synthetic_niah_130,niah_single_1,disagreement_formal,64,32,physical_delete_median_aor_44,median_aor,44,11,12,9.542326033025996e-05,0.0007199694858522412,-0.021037033853785327,1.0115051708229041,0.13253792307226142,0.00010413134005949153,0.005843088159016174,-0.04422009217200207,1.000946410126192,0.01782128511937848,0.005843088159016174,42.98859344740154,2.4223016318712748e-06,2.4818107249302557e-06,2.684037781364168e-06,2.2579433917999268,0.40971025824546814,2.684037781364168e-06,22.318130493164062,19.78777313232422,7.8014397621154785,7.926952838897705,7.392591953277588,1.1690560579299927,1281.0,-0.15029282595282695,-0.228632872804317,-0.13156955222269118,-0.14591030104944552,0.15425904863151857,0.09811361900273664,44.0,0.666138225343838,,,,
synthetic_niah_130,niah_single_1,disagreement_formal,64,32,physical_delete_median_aor_44,median_aor,44,12,13,0.0006512343842676225,0.0008049816051528215,0.7492788191735325,0.6649424813812357,0.8090052991260454,0.0005385484428272665,0.005866647769084941,0.1264025758821042,0.9925824111574929,0.0917983257261868,0.005866647769084941,43.736678931641634,1.2313427904962613e-05,1.3158059118723031e-05,1.8657283362699673e-05,2.2441043853759766,0.3681849539279938,1.8657283362699673e-05,19.212448120117188,18.472909927368164,6.647178649902344,8.538128852844238,8.65902328491211,1.3194266557693481,1281.0,-0.15029282595282695,-0.228632872804317,-0.13156955222269118,-0.14591030104944552,0.15425904863151857,0.09811361900273664,44.0,0.666138225343838,,,,
synthetic_niah_130,niah_single_1,disagreement_formal,64,32,physical_delete_median_aor_44,median_aor,44,13,14,0.0005918891406569386,0.0008240873547393168,0.7321751011762592,0.6812590710930697,0.7182359215354914,0.0005646327690789326,0.005831530552808011,0.08326738987098449,0.9966194491915518,0.096824112291935,0.005831530552808011,47.81979811573097,1.1807510515047304e-05,1.0077857041324023e-05,1.601563417352736e-05,2.6095831394195557,0.2472907155752182,1.601563417352736e-05,20.29822540283203,20.014053344726562,6.25601863861084,7.525979042053223,7.874978065490723,2.355684280395508,1281.0,-0.15029282595282695,-0.228632872804317,-0.13156955222269118,-0.14591030104944552,0.15425904863151857,0.09811361900273664,44.0,0.666138225343838,,,,
synthetic_niah_130,niah_single_1,disagreement_formal,64,32,physical_delete_median_aor_44,median_aor,44,14,15,0.001393578249618425,0.0015068945850005898,0.9267931913293557,0.3755773524387098,0.9248014184203068,0.0011828230206115382,0.005932553492580842,0.21098504609415752,0.9775581949779689,0.1993783995526982,0.005932553492580842,46.97622237264702,2.517918557240703e-05,1.47064010889153e-05,4.381158942123875e-05,1.6496590375900269,0.569452166557312,4.381158942123875e-05,20.912384033203125,20.16472816467285,11.610563278198242,9.962215423583984,9.863748550415039,2.7859721183776855,1281.0,-0.15029282595282695,-0.228632872804317,-0.13156955222269118,-0.14591030104944552,0.15425904863151857,0.09811361900273664,44.0,0.666138225343838,9.665894679157199e-11,2.9721857150262682e-09,9.665997250964936e-11,2.972134929996541e-09
synthetic_niah_130,niah_single_1,disagreement_formal,64,32,physical_delete_median_aor_44,median_aor,44,15,16,0.004268473243038703,0.0044554219478800654,0.9654530431043996,0.26068251208343574,0.9580401795770849,0.003863087590070307,0.0069565003134390135,0.5545244206556225,0.8321678320631923,0.5553205514283305,0.0069565003134390135,46.62627047956036,8.285216789457299e-05,3.3564327168278396e-05,7.558323704870418e-05,2.4365973472595215,0.34834858775138855,7.558323704870418e-05,56.17076873779297,56.094947814941406,1380.76416015625,9.784905433654785,8.468728065490723,3.659188747406006,1281.0,-0.15029282595282695,-0.228632872804317,-0.13156955222269118,-0.14591030104944552,0.15425904863151857,0.09811361900273664,44.0,0.666138225343838,,,,
synthetic_niah_130,niah_single_1,disagreement_formal,64,32,physical_delete_median_aor_44,median_aor,44,16,17,0.0033734471189826626,0.003438111119956965,0.927993073989163,0.37637611526143816,0.9811919979552284,0.0035686065205442694,0.007898771506347236,0.5008227971981134,0.8669374175702008,0.4517926006185437,0.007898771506347236,52.521031347131824,6.794623846889006e-05,6.26660548732616e-05,8.866796997608617e-05,2.960784673690796,0.23593218624591827,8.866796997608617e-05,20.469608306884766,18.777385711669922,6.539159774780273,10.403251647949219,9.167755126953125,3.542029857635498,1281.0,-0.15029282595282695,-0.228632872804317,-0.13156955222269118,-0.14591030104944552,0.15425904863151857,0.09811361900273664,44.0,0.666138225343838,,,,
synthetic_niah_130,niah_single_1,disagreement_formal,64,32,physical_delete_median_aor_44,median_aor,44,17,18,0.0001686187712057387,0.0009381039658712771,0.121547109616501,0.9942903019206001,0.1797442259495531,0.00017247959266123184,0.007886234311222737,0.20520799411992338,0.9957420065590492,0.021870969825963666,0.007886234311222737,59.53812847245942,2.8969602687631642e-06,3.985683633800363e-06,3.7116531075298553e-06,2.4492130279541016,0.3674129545688629,3.7116531075298553e-06,19.034160614013672,17.142072677612305,7.61442232131958,9.573728561401367,9.711997985839844,4.88991641998291,1281.0,-0.15029282595282695,-0.228632872804317,-0.13156955222269118,-0.14591030104944552,0.15425904863151857,0.09811361900273664,44.0,0.666138225343838,,,,
synthetic_niah_130,niah_single_1,disagreement_formal,64,32,physical_delete_median_aor_44,median_aor,44,18,19,0.0007022268139364805,0.0016619020502395086,0.3213248455146717,0.9523632027258163,0.4225440445393744,0.0006583688504383391,0.007805286527003535,0.19986464545112198,0.9866093279626394,0.0843490944452347,0.007805286527003535,69.15023421272963,9.520847730073808e-06,1.1986930076091085e-05,1.6474979929625988e-05,2.3504838943481445,0.37325775623321533,1.6474979929625988e-05,24.651485443115234,22.93179702758789,7.042550086975098,10.57056999206543,9.520225524902344,3.645106077194214,1281.0,-0.15029282595282695,-0.228632872804317,-0.13156955222269118,-0.14591030104944552,0.15425904863151857,0.09811361900273664,44.0,0.666138225343838,4.6013034225153766e-11,4.45984357979134e-09,4.601461182207542e-11,4.459702213323488e-09
synthetic_niah_130,niah_single_1,disagreement_formal,64,32,physical_delete_median_aor_44,median_aor,44,19,20,0.0006051956032004188,0.0018333073726863416,0.2689133564039132,0.965106627925974,0.33011136714823053,0.0005305116812475896,0.007718522374958706,0.12314237287925534,0.9938794764166503,0.06873228520639325,0.007718522374958706,69.2051093406682,7.665787776392339e-06,5.3197295528661925e-06,1.3193803169997409e-05,1.4234862327575684,0.6187826991081238,1.3193803169997409e-05,22.594640731811523,19.56041145324707,8.776413917541504,11.365062713623047,10.130725860595703,2.7748873233795166,1281.0,-0.15029282595282695,-0.228632872804317,-0.13156955222269118,-0.14591030104944552,0.15425904863151857,0.09811361900273664,44.0,0.666138225343838,,,,
synthetic_niah_130,niah_single_1,disagreement_formal,64,32,physical_delete_median_aor_44,median_aor,44,20,21,0.0004820233677508356,0.0012044519741098972,0.30289364654529444,0.957979247167662,0.4002014012281859,0.0005187236972221174,0.0077003035001631855,0.1752385409398784,0.9904182741051174,0.06736405872977923,0.0077003035001631855,81.80326177484241,6.341112639858629e-06,5.9416597650852054e-06,8.565718417230528e-06,2.6783902645111084,0.30297908186912537,8.565718417230528e-06,21.244258880615234,19.403165817260742,7.126279354095459,11.003122329711914,11.063460350036621,5.552474021911621,1281.0,-0.15029282595282695,-0.228632872804317,-0.13156955222269118,-0.14591030104944552,0.15425904863151857,0.09811361900273664,44.0,0.666138225343838,,,,
synthetic_niah_130,niah_single_1,disagreement_formal,64,32,physical_delete_median_aor_44,median_aor,44,21,22,0.0063059086039384165,0.006152223963870457,0.9896016105453779,0.14812260742809097,1.0249803389750582,0.007125403453744726,0.011079499854997293,0.7373472955775185,0.6820546207947874,0.6431159842049086,0.011079499854997293,101.8361749229977,6.996927623344574e-05,4.902062573819421e-05,9.587378008291125e-05,2.6851234436035156,0.30079352855682373,9.587378008291125e-05,18.262754440307617,17.827194213867188,5.880270957946777,11.432884216308594,11.12395191192627,7.87544584274292,1281.0,-0.15029282595282695,-0.228632872804317,-0.13156955222269118,-0.14591030104944552,0.15425904863151857,0.09811361900273664,44.0,0.666138225343838,,,,
synthetic_niah_130,niah_single_1,disagreement_formal,64,32,physical_delete_median_aor_44,median_aor,44,22,23,0.0007655281478080715,0.002126400521864651,0.4698036042691335,0.8895723301422546,0.36001126783809106,0.0007811026817306844,0.013707385219278502,0.25803164445794874,0.9868332155043127,0.056984076046255466,0.013707385219278502,119.15654954866115,6.555264353401721e-06,1.682584115769714e-05,2.148304702132009e-05,1.8754531145095825,0.520779550075531,2.148304702132009e-05,21.396404266357422,19.99636459350586,6.623878479003906,10.336341857910156,10.878079414367676,10.915962219238281,1281.0,-0.15029282595282695,-0.228632872804317,-0.13156955222269118,-0.14591030104944552,0.15425904863151857,0.09811361900273664,44.0,0.666138225343838,4.793201524894191e-11,3.6568590370076725e-09,4.793401744392258e-11,3.6565111780779856e-09
synthetic_niah_130,niah_single_1,disagreement_formal,64,32,physical_delete_median_aor_44,median_aor,44,23,24,0.000735150195863296,0.002462666131385108,0.05774758456471827,1.0269545339659767,0.29851801122948657,0.0007144089945280514,0.014355103489325526,0.02764761260090909,0.9998624267248644,0.049766899629757944,0.014355103489325526,140.77575251748425,5.0748014608504565e-06,1.1733343853848055e-05,1.2801870980183594e-05,1.7404893636703491,0.5608623027801514,1.2801870980183594e-05,21.340618133544922,18.781579971313477,8.392389297485352,11.753314971923828,13.596617698669434,12.50644588470459,1281.0,-0.15029282595282695,-0.228632872804317,-0.13156955222269118,-0.14591030104944552,0.15425904863151857,0.09811361900273664,44.0,0.666138225343838,,,,
synthetic_niah_130,niah_single_1,disagreement_formal,64,32,physical_delete_median_aor_44,median_aor,44,24,25,0.0038401583976893617,0.00491116177956004,0.6374392159280519,0.7839306622718433,0.7819246382132778,0.004102256157346912,0.015967549634764693,0.19972648914451632,0.9815189858963537,0.25691206548157164,0.015967549634764693,164.47524950758245,2.4941480068451237e-05,5.9571506426436827e-05,6.699745426885784e-05,1.9463196992874146,0.4994601309299469,6.699745426885784e-05,18.785167694091797,18.667274475097656,6.914287567138672,11.979341506958008,15.562912940979004,69.6032943725586,1281.0,-0.15029282595282695,-0.228632872804317,-0.13156955222269118,-0.14591030104944552,0.15425904863151857,0.09811361900273664,44.0,0.666138225343838,,,,
synthetic_niah_130,niah_single_1,disagreement_formal,64,32,physical_delete_median_aor_44,median_aor,44,25,26,0.00020409803732612995,0.0032720228944010093,0.024436906468027837,1.0004210446716766,0.062376714318037506,0.00021453946638017255,0.015920600180434282,0.05488394745055491,0.9993509916205073,0.013475589107741812,0.015920600180434282,199.4741718489731,1.0755250386130478e-06,4.366654593468411e-06,1.9929711925215088e-06,1.7337719202041626,0.5529518723487854,1.9929711925215088e-06,19.188074111938477,17.90315055847168,8.225096702575684,14.259490013122559,20.682029724121094,66.231689453125,1281.0,-0.15029282595282695,-0.228632872804317,-0.13156955222269118,-0.14591030104944552,0.15425904863151857,0.09811361900273664,44.0,0.666138225343838,,,,
synthetic_niah_130,niah_single_1,disagreement_formal,64,32,physical_delete_median_aor_44,median_aor,44,26,27,0.0023041879792206005,0.0070666516896498565,0.23929568969913476,0.9748161318503169,0.3260650277408494,0.002399112586558633,0.018577390125333368,0.07067582421376856,0.9992112722741273,0.12914153012736934,0.018577390125333368,245.80156942056078,9.760363175117922e-06,4.547512435237877e-05,2.479601971572265e-05,2.7173407077789307,0.33114194869995117,2.479601971572265e-05,19.35934829711914,17.77208709716797,8.451151847839355,16.258121490478516,25.434343338012695,170.11541748046875,1281.0,-0.15029282595282695,-0.228632872804317,-0.13156955222269118,-0.14591030104944552,0.15425904863151857,0.09811361900273664,44.0,0.666138225343838,3.855193306288453e-11,4.4928495386040255e-09,3.855188920658927e-11,4.492412862533396e-09
synthetic_niah_130,niah_single_1,disagreement_formal,64,32,physical_delete_median_aor_44,median_aor,44,27,28,0.006385702750620014,0.007144701375244748,0.6712792362223,0.7738767785376833,0.8937676209597026,0.005986619695075865,0.020302922124417127,0.3017463534034728,0.9534130753280904,0.2948649292150961,0.020302922124417127,180.89621929686285,3.309422230240987e-05,0.0001046820470946841,4.62655552837532e-05,3.234063148498535,0.1435249298810959,4.62655552837532e-05,17.979812622070312,16.20535659790039,4.431628704071045,14.926647186279297,25.19927978515625,147.54147338867188,1281.0,-0.15029282595282695,-0.228632872804317,-0.13156955222269118,-0.14591030104944552,0.15425904863151857,0.09811361900273664,44.0,0.666138225343838,,,,
synthetic_niah_130,niah_single_1,disagreement_formal,64,32,physical_delete_low_aov_58,low_aov,58,0,1,0.0011816668211377924,0.0011814474595267831,0.9996173788314066,0.027666204930512705,1.0001856719139226,0.0015616063507257446,0.0015620383345301215,0.9996166799740783,0.027685817978741752,0.9997234486537061,0.0015620383345301215,13.786631552856852,0.00011326960793422742,4.0790695493342355e-05,8.456780051346868e-05,1.9365166425704956,0.47815075516700745,8.456780051346868e-05,778.4901123046875,778.8672485351562,1845.4766845703125,4.63233757019043,4.127031326293945,0.9016585946083069,1267.0,-0.38870837662560304,0.40035101270084794,-0.36625918043181566,-0.36902994418831353,-0.4822045503906782,0.30073809593473255,58.0,0.3144845024768981,9.993622113763151e-12,1.2052790316299799e-11,9.995655225226624e-12,1.2053948272524678e-11
synthetic_niah_130,niah_single_1,disagreement_formal,64,32,physical_delete_low_aov_58,low_aov,58,1,2,0.003478081562640342,0.0035171862950389246,0.9958501110859043,0.09127493313242219,0.9888818137231625,0.003983197774522007,0.004270760020960104,0.9426661235510889,0.3338870438587371,0.9326671962304616,0.004270760020960104,17.203840002050825,0.0002315295756091187,0.00018875725800171494,0.0002740170748438686,2.899526596069336,0.2542766034603119,0.0002740170748438686,90.86080932617188,91.14949035644531,3905.5478515625,3.9685795307159424,3.9634017944335938,0.5728805065155029,1267.0,-0.38870837662560304,0.40035101270084794,-0.36625918043181566,-0.36902994418831353,-0.4822045503906782,0.30073809593473255,58.0,0.3144845024768981,,,,
synthetic_niah_130,niah_single_1,disagreement_formal,64,32,physical_delete_low_aov_58,low_aov,58,2,3,0.0004351421059411262,0.001432361813757863,0.285295636988512,0.9586180510495519,0.3037934282815821,0.00047136825011587593,0.004616375381891227,0.2292200703238489,0.9816392775511428,0.10210786842961778,0.004616375381891227,26.111316392313665,1.80522591444157e-05,9.194354788633063e-06,1.5847816030145623e-05,2.231785535812378,0.3579128682613373,1.5847816030145623e-05,27.4923095703125,27.496713638305664,47.875885009765625,5.563989162445068,5.921280384063721,1.3718152046203613,1267.0,-0.38870837662560304,0.40035101270084794,-0.36625918043181566,-0.36902994418831353,-0.4822045503906782,0.30073809593473255,58.0,0.3144845024768981,,,,
synthetic_niah_130,niah_single_1,disagreement_formal,64,32,physical_delete_low_aov_58,low_aov,58,3,4,0.0001834549095967845,0.0016564998281018075,0.2402132537778838,0.9793154288482963,0.11074852317190187,0.00015752939365981362,0.004681303409779419,0.0384964307745597,0.9992704866012461,0.03365075490102368,0.004681303409779419,29.22089673737226,5.390984235550183e-06,4.166744020039914e-06,5.641481493512401e-06,1.9438047409057617,0.470935583114624,5.641481493512401e-06,22.661922454833984,22.06824493408203,9.07297420501709,7.463796615600586,6.515218257904053,1.376548409461975,1267.0,-0.38870837662560304,0.40035101270084794,-0.36625918043181566,-0.36902994418831353,-0.4822045503906782,0.30073809593473255,58.0,0.3144845024768981,,,,
synthetic_niah_130,niah_single_1,disagreement_formal,64,32,physical_delete_low_aov_58,low_aov,58,4,5,0.00011152912541593668,0.001241715628330261,0.08365336559930717,0.9965139859541892,0.08981857268391656,0.00011983761557703161,0.004321671396383465,0.14679590370927723,0.9963070714350167,0.027729460337339893,0.004321671396383465,35.22983335365749,3.4015947329081054e-06,2.7441362817626214e-06,3.205793973393156e-06,1.3461217880249023,0.6554030179977417,3.205793973393156e-06,21.06572723388672,19.0601863861084,6.8170928955078125,7.5664753913879395,6.818458557128906,2.077946186065674,1267.0,-0.38870837662560304,0.40035101270084794,-0.36625918043181566,-0.36902994418831353,-0.4822045503906782,0.30073809593473255,58.0,0.3144845024768981,1.4683936847455836e-12,1.7844045193543285e-10,1.4709066499947725e-12,1.7844628634160688e-10
synthetic_niah_130,niah_single_1,disagreement_formal,64,32,physical_delete_low_aov_58,low_aov,58,5,6,0.0003381525665827912,0.0017472864652380718,0.21887446224014503,0.9760821201370129,0.19353012417269375,0.0002902749985700455,0.0036005290516343846,0.18788383837980477,0.9880309578443012,0.08062009621566064,0.0036005290516343846,35.73016928057488,8.12408685474258e-06,6.2949166022008285e-06,1.0080054380523507e-05,1.8171354532241821,0.5051525235176086,1.0080054380523507e-05,19.657182693481445,17.851011276245117,5.236225605010986,7.776556015014648,7.713115692138672,1.483107328414917,1267.0,-0.38870837662560304,0.40035101270084794,-0.36625918043181566,-0.36902994418831353,-0.4822045503906782,0.30073809593473255,58.0,0.3144845024768981,,,,
synthetic_niah_130,niah_single_1,disagreement_formal,64,32,physical_delete_low_aov_58,low_aov,58,6,7,5.198341239501548e-05,0.000982724092424302,0.1674987668864485,0.9925107900366988,0.05289726057979971,4.583326876743393e-05,0.0029231989521439124,0.05786290434346723,0.9992153689805889,0.01567914791903548,0.0029231989521439124,38.023889848112375,1.2053808526827834e-06,1.6789227856861544e-06,1.7454391354476684e-06,1.3156437873840332,0.6591126322746277,1.7454391354476684e-06,21.921245574951172,19.587114334106445,6.14393424987793,7.407696723937988,6.7747483253479,1.1367292404174805,1267.0,-0.38870837662560304,0.40035101270084794,-0.36625918043181566,-0.36902994418831353,-0.4822045503906782,0.30073809593473255,58.0,0.3144845024768981,,,,
synthetic_niah_130,niah_single_1,disagreement_formal,64,32,physical_delete_low_aov_58,low_aov,58,7,8,0.00045993004241267287,0.0007937180146844142,0.5461399001391779,0.8383565013678291,0.5794627738108515,0.0004311082771812339,0.0024713789968350735,0.145947183477225,0.9897026227897228,0.17444037427417036,0.0024713789968350735,39.091948019853035,1.1028058181247285e-05,1.1109433216915932e-05,1.904199416458141e-05,2.3187923431396484,0.3572040796279907,1.904199416458141e-05,34.05171203613281,33.44627380371094,195.11293029785156,6.6832075119018555,6.095694065093994,1.270862340927124,1267.0,-0.38870837662560304,0.40035101270084794,-0.36625918043181566,-0.36902994418831353,-0.4822045503906782,0.30073809593473255,58.0,0.3144845024768981,6.540241874923656e-12,1.6964588282434118e-10,6.540675772124907e-12,1.6964803644682211e-10
synthetic_niah_130,niah_single_1,disagreement_formal,64,32,physical_delete_low_aov_58,low_aov,58,8,9,0.0014937601755723889,0.0015540809646726434,0.9681222663123767,0.2505741315954982,0.9611855556618566,0.0011848846524912836,0.0025156449162290822,0.4859468005160773,0.8741160821362032,0.47100631923340347,0.0025156449162290822,36.72219012502195,3.226617607657123e-05,2.031550138781313e-05,6.51882728561759e-05,1.7994579076766968,0.497150182723999,6.51882728561759e-05,24.809803009033203,21.02998161315918,13.26000690460205,8.869614601135254,8.19028377532959,3.324925661087036,1267.0,-0.38870837662560304,0.40035101270084794,-0.36625918043181566,-0.36902994418831353,-0.4822045503906782,0.30073809593473255,58.0,0.3144845024768981,,,,
synthetic_niah_130,niah_single_1,disagreement_formal,64,32,physical_delete_low_aov_58,low_aov,58,9,10,0.0012722284226836956,0.0013541077906870575,0.944541961769896,0.3284289513601515,0.9395326069560406,0.0010682956045585165,0.002620996487431319,0.40655498263503365,0.9136269042871246,0.40759139116797855,0.002620996487431319,40.2095121520871,2.6568230932965097e-05,2.818933171511162e-05,4.408687891555019e-05,2.1318185329437256,0.4251767098903656,4.408687891555019e-05,20.589088439941406,19.83012580871582,6.7164435386657715,8.491279602050781,7.4843244552612305,2.8637545108795166,1267.0,-0.38870837662560304,0.40035101270084794,-0.36625918043181566,-0.36902994418831353,-0.4822045503906782,0.30073809593473255,58.0,0.3144845024768981,,,,
synthetic_niah_130,niah_single_1,disagreement_formal,64,32,physical_delete_low_aov_58,low_aov,58,10,11,0.0015164403714009792,0.0016061111393995396,0.8612918403833777,0.5148252049495954,0.9441690143360286,0.001670548723781568,0.0029253193740722805,0.556951702902964,0.8306647925103984,0.5710654154852259,0.0029253193740722805,44.02230493346032,3.794777957007479e-05,1.9543167582014576e-05,4.593220728565939e-05,2.5131232738494873,0.3253451883792877,4.593220728565939e-05,22.19409942626953,20.092790603637695,10.937453269958496,8.842794418334961,8.572632789611816,3.747281551361084,1267.0,-0.38870837662560304,0.40035101270084794,-0.36625918043181566,-0.36902994418831353,-0.4822045503906782,0.30073809593473255,58.0,0.3144845024768981,3.632263023437921e-11,1.9459383194494993e-10,3.6324418018183434e-11,1.9459812085067053e-10
synthetic_niah_130,niah_single_1,disagreement_formal,64,32,physical_delete_low_aov_58,low_aov,58,11,12,6.742913943917912e-05,0.0007984756766813379,0.1730673175495826,0.9888888742848596,0.084447330593001,5.7686531261036475e-05,0.002555925120143732,0.07897149434559106,0.9984711625689096,0.022569726634946365,0.002555925120143732,42.98859344740154,1.341903203500215e-06,2.9352395358728245e-06,2.2683523184241494e-06,2.2579433917999268,0.40971025824546814,2.2683523184241494e-06,19.346637725830078,19.78777313232422,7.8014397621154785,6.794382095336914,7.392591953277588,1.1690560579299927,1267.0,-0.38870837662560304,0.40035101270084794,-0.36625918043181566,-0.36902994418831353,-0.4822045503906782,0.30073809593473255,58.0,0.3144845024768981,,,,
synthetic_niah_130,niah_single_1,disagreement_formal,64,32,physical_delete_low_aov_58,low_aov,58,12,13,0.0005296140884453117,0.0005935716005808783,0.8517373566693802,0.525532802041093,0.892249709937307,0.0004067477899797831,0.0024076103563731386,0.18469747806359957,0.9829216957206841,0.16894253212654983,0.0024076103563731386,43.736678931641634,9.299923997784803e-06,6.488263807113981e-06,1.3696994756173808e-05,2.2441043853759766,0.3681849539279938,1.3696994756173808e-05,20.196090698242188,18.472909927368164,6.647178649902344,9.529050827026367,8.65902328491211,1.3194266557693481,1267.0,-0.38870837662560304,0.40035101270084794,-0.36625918043181566,-0.36902994418831353,-0.4822045503906782,0.30073809593473255,58.0,0.3144845024768981,,,,
synthetic_niah_130,niah_single_1,disagreement_formal,64,32,physical_delete_low_aov_58,low_aov,58,13,14,0.0006969823954290243,0.0007948018984208473,0.8821603183062122,0.47097831330878753,0.8769259318753821,0.0006636068301808283,0.002421171578864223,0.27669999241912197,0.960959911932727,0.27408500742938996,0.002421171578864223,47.81979811573097,1.3877240313202534e-05,1.0070566531794611e-05,1.5642626749468036e-05,2.6095831394195557,0.2472907155752182,1.5642626749468036e-05,21.01683807373047,20.014053344726562,6.25601863861084,8.703299522399902,7.874978065490723,2.355684280395508,1267.0,-0.38870837662560304,0.40035101270084794,-0.36625918043181566,-0.36902994418831353,-0.4822045503906782,0.30073809593473255,58.0,0.3144845024768981,,,,
synthetic_niah_130,niah_single_1,disagreement_formal,64,32,physical_delete_low_aov_58,low_aov,58,14,15,7.430958690088288e-05,0.00033453496407249284,0.22952734056176854,0.9733303395973484,0.22212801315673597,6.067806544165073e-05,0.0023320824162101875,0.03202837397448197,0.9995050264157395,0.026018834077166635,0.0023320824162101875,46.97622237264702,1.2916761369254315e-06,1.3338017197384033e-06,1.8197072222392308e-06,1.6496590375900269,0.569452166557312,1.8197072222392308e-06,20.63368034362793,20.16472816467285,11.610563278198242,11.359899520874023,9.863748550415039,2.7859721183776855,1267.0,-0.38870837662560304,0.40035101270084794,-0.36625918043181566,-0.36902994418831353,-0.4822045503906782,0.30073809593473255,58.0,0.3144845024768981,1.0205249244170172e-12,2.372886137147208e-10,1.023255779545525e-12,2.3729323607700043e-10
synthetic_niah_130,niah_single_1,disagreement_formal,64,32,physical_delete_low_aov_58,low_aov,58,15,16,0.0034055727808173088,0.003416977668580101,0.9872288548371818,0.15958752406101775,0.9966622878845061,0.003161051692967609,0.0039242624615139126,0.8270917594435764,0.5624809191675351,0.8055148512538913,0.0039242624615139126,46.62627047956036,6.779550799271678e-05,3.0115754270809703e-05,5.220343518885784e-05,2.4365973472595215,0.34834858775138855,5.220343518885784e-05,55.55038070678711,56.094947814941406,1380.76416015625,10.702789306640625,8.468728065490723,3.659188747406006,1267.0,-0.38870837662560304,0.40035101270084794,-0.36625918043181566,-0.36902994418831353,-0.4822045503906782,0.30073809593473255,58.0,0.3144845024768981,,,,
synthetic_niah_130,niah_single_1,disagreement_formal,64,32,physical_delete_low_aov_58,low_aov,58,16,17,0.006146607755923305,0.0060922017796037455,0.9838027190908006,0.18100721455795854,1.00893042914332,0.005983614975140123,0.007355620123698414,0.8491035885020494,0.5294265519916855,0.8134752576281162,0.007355620123698414,52.521031347131824,0.00011392797935729967,9.333621710538864e-05,0.00010330458462703973,2.960784673690796,0.23593218624591827,0.00010330458462703973,19.848941802978516,18.777385711669922,6.539159774780273,12.047100067138672,9.167755126953125,3.542029857635498,1267.0,-0.38870837662560304,0.40035101270084794,-0.36625918043181566,-0.36902994418831353,-0.4822045503906782,0.30073809593473255,58.0,0.3144845024768981,,,,
synthetic_niah_130,niah_single_1,disagreement_formal,64,32,physical_delete_low_aov_58,low_aov,58,17,18,0.0004199313916977578,0.001158323783899361,0.3640324670677491,0.9313874646264809,0.362533686638211,0.0003946000447130135,0.007208263362154085,0.16271299174624151,0.9925633777490053,0.054742734121619695,0.007208263362154085,59.53812847245942,6.627686405956543e-06,7.7101904025767e-06,8.961505045590457e-06,2.4492130279541016,0.3674129545688629,8.961505045590457e-06,18.143993377685547,17.142072677612305,7.61442232131958,10.608020782470703,9.711997985839844,4.88991641998291,1267.0,-0.38870837662560304,0.40035101270084794,-0.36625918043181566,-0.36902994418831353,-0.4822045503906782,0.30073809593473255,58.0,0.3144845024768981,,,,
synthetic_niah_130,niah_single_1,disagreement_formal,64,32,physical_delete_low_aov_58,low_aov,58,18,19,0.0009311257919376899,0.002123685313623461,0.4152854861670498,0.909985973344835,0.4384481005563815,0.0008209142039315296,0.006831270099870537,0.1252947550045798,0.992132796942011,0.12017006968397974,0.006831270099870537,69.15023421272963,1.1871459486400558e-05,1.8324173652217723e-05,2.66567112703342e-05,2.3504838943481445,0.37325775623321533,2.66567112703342e-05,23.481483459472656,22.93179702758789,7.042550086975098,9.292049407958984,9.520225524902344,3.645106077194214,1267.0,-0.38870837662560304,0.40035101270084794,-0.36625918043181566,-0.36902994418831353,-0.4822045503906782,0.30073809593473255,58.0,0.3144845024768981,5.264457821659205e-11,1.7471218185409406e-09,5.264607722196594e-11,1.7470738283936415e-09
synthetic_niah_130,niah_single_1,disagreement_formal,64,32,physical_delete_low_aov_58,low_aov,58,19,20,0.00012580201584990057,0.0016299040526915568,0.08456166941245995,0.9964455622790318,0.07718369412123141,0.00010632502199805398,0.006665031976899691,0.00036246031063434366,1.0001214541760275,0.015952664948430176,0.006665031976899691,69.2051093406682,1.536375319843218e-06,1.40005397497589e-06,2.9041636935289716e-06,1.4234862327575684,0.6187826991081238,2.9041636935289716e-06,22.157306671142578,19.56041145324707,8.776413917541504,10.20832633972168,10.130725860595703,2.7748873233795166,1267.0,-0.38870837662560304,0.40035101270084794,-0.36625918043181566,-0.36902994418831353,-0.4822045503906782,0.30073809593473255,58.0,0.3144845024768981,,,,
synthetic_niah_130,niah_single_1,disagreement_formal,64,32,physical_delete_low_aov_58,low_aov,58,20,21,0.0030095969529057567,0.0029940087699759942,0.9011056674802548,0.445921014039571,1.0052064586737626,0.0031851113017839954,0.007249759533256486,0.4418870062868808,0.8970743333452645,0.4393402687596853,0.007249759533256486,81.80326177484241,3.893623839292356e-05,1.7091120753320865e-05,3.7406083720270544e-05,2.6783902645111084,0.30297908186912537,3.7406083720270544e-05,19.878360748291016,19.403165817260742,7.126279354095459,12.714489936828613,11.063460350036621,5.552474021911621,1267.0,-0.38870837662560304,0.40035101270084794,-0.36625918043181566,-0.36902994418831353,-0.4822045503906782,0.30073809593473255,58.0,0.3144845024768981,,,,
synthetic_niah_130,niah_single_1,disagreement_formal,64,32,physical_delete_low_aov_58,low_aov,58,21,22,0.004371236408658579,0.004556565501885638,0.9667332471142117,0.25589388642580435,0.9593270209436549,0.004322245014035174,0.00870731969709855,0.48643705654502445,0.873772335111174,0.4963921349385426,0.00870731969709855,101.8361749229977,4.244312021050861e-05,5.286677333060652e-05,0.00013219332322478294,2.6851234436035156,0.30079352855682373,0.00013219332322478294,18.334396362304688,17.827194213867188,5.880270957946777,10.720232009887695,11.12395191192627,7.87544584274292,1267.0,-0.38870837662560304,0.40035101270084794,-0.36625918043181566,-0.36902994418831353,-0.4822045503906782,0.30073809593473255,58.0,0.3144845024768981,,,,
synthetic_niah_130,niah_single_1,disagreement_formal,64,32,physical_delete_low_aov_58,low_aov,58,22,23,0.0007345163799308363,0.0015074236365350843,0.5179272108605765,0.8559740126122231,0.4872660625245151,0.0006995841967998407,0.00989995029879773,0.10693160526942821,0.994927569029609,0.07066542514711407,0.00989995029879773,119.15654954866115,5.87113506936641e-06,1.125424478232162e-05,1.2563445125124417e-05,1.8754531145095825,0.520779550075531,1.2563445125124417e-05,20.49018669128418,19.99636459350586,6.623878479003906,11.440366744995117,10.878079414367676,10.915962219238281,1267.0,-0.38870837662560304,0.40035101270084794,-0.36625918043181566,-0.36902994418831353,-0.4822045503906782,0.30073809593473255,58.0,0.3144845024768981,2.9978342076115786e-11,7.062859781929525e-09,2.9979013789049436e-11,7.062603977238876e-09
synthetic_niah_130,niah_single_1,disagreement_formal,64,32,physical_delete_low_aov_58,low_aov,58,23,24,0.00233189086316381,0.002651835093945052,0.8562462422868967,0.5170842779445605,0.8793498768035115,0.0022101922413786867,0.010695671537850341,0.15598900895956958,0.9890567821369602,0.20664361592978575,0.010695671537850341,140.77575251748425,1.5700091825857457e-05,2.237475746369455e-05,3.248404391342774e-05,1.7404893636703491,0.5608623027801514,3.248404391342774e-05,19.386138916015625,18.781579971313477,8.392389297485352,15.354290008544922,13.596617698669434,12.50644588470459,1267.0,-0.38870837662560304,0.40035101270084794,-0.36625918043181566,-0.36902994418831353,-0.4822045503906782,0.30073809593473255,58.0,0.3144845024768981,,,,
synthetic_niah_130,niah_single_1,disagreement_formal,64,32,physical_delete_low_aov_58,low_aov,58,24,25,0.002085991878224749,0.003356084307789346,0.5510384626024313,0.8374540181075808,0.6215552670662177,0.002211323503081017,0.012013339982267023,0.12777632841903586,0.9933994412575996,0.18407233178659452,0.012013339982267023,164.47524950758245,1.344471894526035e-05,2.6027977582998574e-05,3.533843482728116e-05,1.9463196992874146,0.4994601309299469,3.533843482728116e-05,19.86314582824707,18.667274475097656,6.914287567138672,18.121564865112305,15.562912940979004,69.6032943725586,1267.0,-0.38870837662560304,0.40035101270084794,-0.36625918043181566,-0.36902994418831353,-0.4822045503906782,0.30073809593473255,58.0,0.3144845024768981,,,,
synthetic_niah_130,niah_single_1,disagreement_formal,64,32,physical_delete_low_aov_58,low_aov,58,25,26,0.0007858211232519952,0.0020652178781409695,0.22113016272285818,0.9881806915130473,0.3805027699834564,0.0008309035262945363,0.01276858689413631,0.1255104259018998,0.9939314311392506,0.0650740393736217,0.01276858689413631,199.4741718489731,4.165469236406377e-06,8.370431714865845e-06,1.1035571333195549e-05,1.7337719202041626,0.5529518723487854,1.1035571333195549e-05,17.605684280395508,17.90315055847168,8.225096702575684,24.029464721679688,20.682029724121094,66.231689453125,1267.0,-0.38870837662560304,0.40035101270084794,-0.36625918043181566,-0.36902994418831353,-0.4822045503906782,0.30073809593473255,58.0,0.3144845024768981,,,,
synthetic_niah_130,niah_single_1,disagreement_formal,64,32,physical_delete_low_aov_58,low_aov,58,26,27,0.011096457438548417,0.010954207045436636,0.9722393507595484,0.23750984667803315,1.0129859142265383,0.011937100605865157,0.018186069430645158,0.6500162472885153,0.7599470149208198,0.6563870577635689,0.018186069430645158,245.80156942056078,4.8563972288724714e-05,3.9296970498980954e-05,6.625699461437762e-05,2.7173407077789307,0.33114194869995117,6.625699461437762e-05,18.41262435913086,17.77208709716797,8.451151847839355,34.20457458496094,25.434343338012695,170.11541748046875,1267.0,-0.38870837662560304,0.40035101270084794,-0.36625918043181566,-0.36902994418831353,-0.4822045503906782,0.30073809593473255,58.0,0.3144845024768981,6.911393338122871e-10,1.1201660643171262e-08,6.911642021265484e-10,1.120130504270747e-08
synthetic_niah_130,niah_single_1,disagreement_formal,64,32,physical_delete_low_aov_58,low_aov,58,27,28,0.00445400135217832,0.005095816142043941,0.7431931888976399,0.6817532956057384,0.8740506384109479,0.0045545870312636025,0.021517755477464373,0.3278236202077256,0.9518530143658098,0.21166645545506077,0.021517755477464373,180.89621929686285,2.5177900615983682e-05,3.146366361761466e-05,2.9911872843513265e-05,3.234063148498535,0.1435249298810959,2.9911872843513265e-05,17.497802734375,16.20535659790039,4.431628704071045,34.72911071777344,25.19927978515625,147.54147338867188,1267.0,-0.38870837662560304,0.40035101270084794,-0.36625918043181566,-0.36902994418831353,-0.4822045503906782,0.30073809593473255,58.0,0.3144845024768981,,,,
synthetic_niah_130,niah_single_1,disagreement_formal,64,32,physical_delete_median_key_query_35,median_key_query,35,0,1,0.0035454682716769747,0.003545014905909597,0.9999574819335441,0.009222980182257373,1.0001278882541853,0.004404866390188334,0.0044038721580387415,0.9999509166227833,0.009911603597865366,1.0002257631724794,0.0044038721580387415,13.786631552856852,0.0003195027279361479,0.0006251606973819435,0.001919688074849546,1.9365166425704956,0.47815075516700745,0.001919688074849546,779.2382202148438,778.8672485351562,1845.4766845703125,3.605106830596924,4.127031326293945,0.9016585946083069,1290.0,-0.22520264989555683,-0.32200591761756747,-0.2147605214484721,-0.22239832997402645,0.6649060783756799,-0.06952938129606485,35.0,0.19215490921448897,1.6707915197054806e-10,1.772678899523495e-10,1.6708203874336871e-10,1.7727035399049452e-10
synthetic_niah_130,niah_single_1,disagreement_formal,64,32,physical_delete_median_key_query_35,median_key_query,35,1,2,0.008265059185107093,0.008321440514639409,0.9946076346903207,0.10371868626697599,0.9932245709822564,0.00914690026699325,0.009619444347618314,0.8970716316386189,0.445148755567317,0.9508761562987719,0.009619444347618314,17.203840002050825,0.000531677826921366,0.000479807989904657,0.0007913476438261569,2.899526596069336,0.2542766034603119,0.0007913476438261569,91.91012573242188,91.14949035644531,3905.5478515625,4.046538352966309,3.9634017944335938,0.5728805065155029,1290.0,-0.22520264989555683,-0.32200591761756747,-0.2147605214484721,-0.22239832997402645,0.6649060783756799,-0.06952938129606485,35.0,0.19215490921448897,,,,
synthetic_niah_130,niah_single_1,disagreement_formal,64,32,physical_delete_median_key_query_35,median_key_query,35,2,3,0.0005460834516750037,0.0030461756826716136,0.1795433918046054,0.9837500932684161,0.17926853489818007,0.0006420579852666549,0.009179442395562143,0.16308005172938783,0.9909989890505858,0.06994520555813517,0.009179442395562143,26.111316392313665,2.458926143821903e-05,1.7177508198074065e-05,1.9482838979456574e-05,2.231785535812378,0.3579128682613373,1.9482838979456574e-05,29.209369659423828,27.496713638305664,47.875885009765625,6.420711994171143,5.921280384063721,1.3718152046203613,1290.0,-0.22520264989555683,-0.32200591761756747,-0.2147605214484721,-0.22239832997402645,0.6649060783756799,-0.06952938129606485,35.0,0.19215490921448897,,,,
synthetic_niah_130,niah_single_1,disagreement_formal,64,32,physical_delete_median_key_query_35,median_key_query,35,3,4,0.00042625226659107345,0.002511142833034395,0.12945173779115404,0.9924040209784484,0.16974433352960736,0.00036473569621673534,0.008833945597379754,0.1445302196365914,0.9948718396666066,0.04128797174446263,0.008833945597379754,29.22089673737226,1.248201584964551e-05,9.732701983011793e-06,1.7599792045075446e-05,1.9438047409057617,0.470935583114624,1.7599792045075446e-05,23.95743179321289,22.06824493408203,9.07297420501709,6.098037242889404,6.515218257904053,1.376548409461975,1290.0,-0.22520264989555683,-0.32200591761756747,-0.2147605214484721,-0.22239832997402645,0.6649060783756799,-0.06952938129606485,35.0,0.19215490921448897,,,,
synthetic_niah_130,niah_single_1,disagreement_formal,64,32,physical_delete_median_key_query_35,median_key_query,35,4,5,0.004442265525069777,0.004941410768294115,0.8821191862490873,0.47132820254546914,0.8989873000587129,0.004421851699285513,0.009608249066207842,0.5133638699510376,0.8598153493889359,0.46021410028151133,0.009608249066207842,35.22983335365749,0.0001255144086234074,6.574108556378633e-05,0.00018721389642450958,1.3461217880249023,0.6554030179977417,0.00018721389642450958,19.90674591064453,19.0601863861084,6.8170928955078125,6.547115325927734,6.818458557128906,2.077946186065674,1290.0,-0.22520264989555683,-0.32200591761756747,-0.2147605214484721,-0.22239832997402645,0.6649060783756799,-0.06952938129606485,35.0,0.19215490921448897,2.195001253765702e-10,3.6327296081619135e-09,2.1950381844334628e-10,3.6327442929617296e-09
synthetic_niah_130,niah_single_1,disagreement_formal,64,32,physical_delete_median_key_query_35,median_key_query,35,5,6,0.0016663746785732987,0.0041727372886043255,0.44255987527239843,0.897779491261975,0.39934809294707807,0.0012424980748999674,0.007645806685551455,0.19838342816059723,0.9807808748369486,0.16250712658586555,0.007645806685551455,35.73016928057488,3.4774480499745796e-05,2.694477552722674e-05,5.3564432164421305e-05,1.8171354532241821,0.5051525235176086,5.3564432164421305e-05,18.923542022705078,17.851011276245117,5.236225605010986,7.611141204833984,7.713115692138672,1.483107328414917,1290.0,-0.22520264989555683,-0.32200591761756747,-0.2147605214484721,-0.22239832997402645,0.6649060783756799,-0.06952938129606485,35.0,0.19215490921448897,,,,
synthetic_niah_130,niah_single_1,disagreement_formal,64,32,physical_delete_median_key_query_35,median_key_query,35,6,7,0.0002124609352200761,0.0014665726593595413,0.11715645659496045,0.9935000505887229,0.14486901406770988,0.00017427449431367008,0.006387312220684793,0.0751936998103045,0.9983191878477784,0.027284480277838342,0.006387312220684793,38.023889848112375,4.583289479582837e-06,6.291862973739626e-06,5.958797373750713e-06,1.3156437873840332,0.6591126322746277,5.958797373750713e-06,20.42760467529297,19.587114334106445,6.14393424987793,6.451684951782227,6.7747483253479,1.1367292404174805,1290.0,-0.22520264989555683,-0.32200591761756747,-0.2147605214484721,-0.22239832997402645,0.6649060783756799,-0.06952938129606485,35.0,0.19215490921448897,,,,
synthetic_niah_130,niah_single_1,disagreement_formal,64,32,physical_delete_median_key_query_35,median_key_query,35,7,8,0.0006354267722554726,0.0014516375986109021,0.4037645524201523,0.915493258039845,0.4377309962648555,0.0005600325601999277,0.005671626672552392,0.1546709429063188,0.9895478014842373,0.09874284619440532,0.005671626672552392,39.091948019853035,1.432603358409032e-05,1.2950024938618299e-05,2.5741370336618274e-05,2.3187923431396484,0.3572040796279907,2.5741370336618274e-05,33.000770568847656,33.44627380371094,195.11293029785156,6.14414644241333,6.095694065093994,1.270862340927124,1290.0,-0.22520264989555683,-0.32200591761756747,-0.2147605214484721,-0.22239832997402645,0.6649060783756799,-0.06952938129606485,35.0,0.19215490921448897,8.441043124797295e-12,3.5327419486998993e-09,8.442845386502816e-12,3.532755197702639e-09
synthetic_niah_130,niah_single_1,disagreement_formal,64,32,physical_delete_median_key_query_35,median_key_query,35,8,9,0.00027622684167611115,0.0011136086163469673,0.15070972552157696,0.9933584688469944,0.24804660957296967,0.00022291316259872974,0.00509501150762785,0.10333161603121838,0.9964298250255744,0.043751257924540835,0.00509501150762785,36.72219012502195,6.0702578424602196e-06,4.808870016859146e-06,8.777095899858978e-06,1.7994579076766968,0.497150182723999,8.777095899858978e-06,21.546852111816406,21.02998161315918,13.26000690460205,8.723686218261719,8.19028377532959,3.324925661087036,1290.0,-0.22520264989555683,-0.32200591761756747,-0.2147605214484721,-0.22239832997402645,0.6649060783756799,-0.06952938129606485,35.0,0.19215490921448897,,,,
synthetic_niah_130,niah_single_1,disagreement_formal,64,32,physical_delete_median_key_query_35,median_key_query,35,9,10,0.0018375559759620415,0.00205012220161914,0.9007443462974192,0.43437223520803686,0.8963153389153006,0.0016329601966144536,0.0051843756238443145,0.34143445204173845,0.940277884638149,0.31497721521257793,0.0051843756238443145,40.2095121520871,4.061129094125788e-05,4.162524055573158e-05,6.77017742418684e-05,2.1318185329437256,0.4251767098903656,6.77017742418684e-05,21.31671142578125,19.83012580871582,6.7164435386657715,7.471280097961426,7.4843244552612305,2.8637545108795166,1290.0,-0.22520264989555683,-0.32200591761756747,-0.2147605214484721,-0.22239832997402645,0.6649060783756799,-0.06952938129606485,35.0,0.19215490921448897,,,,
synthetic_niah_130,niah_single_1,disagreement_formal,64,32,physical_delete_median_key_query_35,median_key_query,35,10,11,0.000674119619350048,0.0014427974443049223,0.32648489289950283,0.9556239150741479,0.46723094916127317,0.0006293764655550175,0.004891917354937817,0.17701192696993998,0.9853958772519307,0.12865639786815608,0.004891917354937817,44.02230493346032,1.429676311829468e-05,5.145318482391303e-06,1.1738851753761992e-05,2.5131232738494873,0.3253451883792877,1.1738851753761992e-05,20.48537826538086,20.092790603637695,10.937453269958496,9.711921691894531,8.572632789611816,3.747281551361084,1290.0,-0.22520264989555683,-0.32200591761756747,-0.2147605214484721,-0.22239832997402645,0.6649060783756799,-0.06952938129606485,35.0,0.19215490921448897,1.3508074351577351e-11,3.017755726471299e-09,1.3511002859089202e-11,3.0177541550568888e-09
synthetic_niah_130,niah_single_1,disagreement_formal,64,32,physical_delete_median_key_query_35,median_key_query,35,11,12,0.00031259465938157925,0.0010907613720750218,0.15811884836916593,0.9957417847850434,0.2865839104541366,0.00028246273214601355,0.004725318034535583,0.063664642645533,0.9979789232880745,0.05977644892504569,0.004725318034535583,42.98859344740154,6.570643733473608e-06,8.000090019777417e-06,1.2244650861248374e-05,2.2579433917999268,0.40971025824546814,1.2244650861248374e-05,20.545061111450195,19.78777313232422,7.8014397621154785,7.6190290451049805,7.392591953277588,1.1690560579299927,1290.0,-0.22520264989555683,-0.32200591761756747,-0.2147605214484721,-0.22239832997402645,0.6649060783756799,-0.06952938129606485,35.0,0.19215490921448897,,,,
synthetic_niah_130,niah_single_1,disagreement_formal,64,32,physical_delete_median_key_query_35,median_key_query,35,12,13,0.003626743944888975,0.0036230594746499045,0.9920903194530121,0.12584308793129223,1.0010169499741448,0.003145801723911967,0.00577577144146383,0.6023284909357896,0.800329083529593,0.5446548146501249,0.00577577144146383,43.736678931641634,7.192593952615165e-05,7.158824155339971e-05,0.00011386034748284146,2.2441043853759766,0.3681849539279938,0.00011386034748284146,17.12738800048828,18.472909927368164,6.647178649902344,8.126495361328125,8.65902328491211,1.3194266557693481,1290.0,-0.22520264989555683,-0.32200591761756747,-0.2147605214484721,-0.22239832997402645,0.6649060783756799,-0.06952938129606485,35.0,0.19215490921448897,,,,
synthetic_niah_130,niah_single_1,disagreement_formal,64,32,physical_delete_median_key_query_35,median_key_query,35,13,14,0.0018007958992457493,0.0020302391198419984,0.887719867530562,0.4603845932988764,0.8869870950895157,0.0016440277968223433,0.005680226628110662,0.16782045582556648,0.9932900721550983,0.28942996546762334,0.005680226628110662,47.81979811573097,3.437964737625101e-05,3.142891000607051e-05,5.419115404947661e-05,2.6095831394195557,0.2472907155752182,5.419115404947661e-05,17.903472900390625,20.014053344726562,6.25601863861084,7.130817413330078,7.874978065490723,2.355684280395508,1290.0,-0.22520264989555683,-0.32200591761756747,-0.2147605214484721,-0.22239832997402645,0.6649060783756799,-0.06952938129606485,35.0,0.19215490921448897,,,,
synthetic_niah_130,niah_single_1,disagreement_formal,64,32,physical_delete_median_key_query_35,median_key_query,35,14,15,0.0006064880816903626,0.0012159217274941023,0.45122557288430476,0.8936765289733707,0.49878875257889843,0.0005418126128220231,0.005389748343776368,0.1899531461685368,0.9858574566262559,0.10052651408996917,0.005389748343776368,46.97622237264702,1.1533762943388692e-05,1.0564431249804329e-05,1.9261540728621185e-05,1.6496590375900269,0.569452166557312,1.9261540728621185e-05,20.179283142089844,20.16472816467285,11.610563278198242,9.784076690673828,9.863748550415039,2.7859721183776855,1290.0,-0.22520264989555683,-0.32200591761756747,-0.2147605214484721,-0.22239832997402645,0.6649060783756799,-0.06952938129606485,35.0,0.19215490921448897,2.0609863134734305e-11,1.6992111767259255e-09,2.060992713897267e-11,1.6991890981215544e-09
synthetic_niah_130,niah_single_1,disagreement_formal,64,32,physical_delete_median_key_query_35,median_key_query,35,15,16,0.00761350976702379,0.007674935255900062,0.9797089013579892,0.20080203290669274,0.991996611459484,0.007053658790841221,0.00881261975920175,0.8167042907907507,0.5772865761049149,0.8004043046877292,0.00881261975920175,46.62627047956036,0.00015128078480849857,9.926585335051641e-05,0.00019487655663397163,2.4365973472595215,0.34834858775138855,0.00019487655663397163,54.88533401489258,56.094947814941406,1380.76416015625,7.813610076904297,8.468728065490723,3.659188747406006,1290.0,-0.22520264989555683,-0.32200591761756747,-0.2147605214484721,-0.22239832997402645,0.6649060783756799,-0.06952938129606485,35.0,0.19215490921448897,,,,
synthetic_niah_130,niah_single_1,disagreement_formal,64,32,physical_delete_median_key_query_35,median_key_query,35,16,17,0.0049202862805270715,0.00582508250395743,0.7056083110178689,0.7221189137975278,0.8446723762597936,0.004401227370910588,0.00978434918215357,0.3514173218175687,0.94137643110385,0.44982321143426957,0.00978434918215357,52.521031347131824,8.37993325344503e-05,0.00015594928117934614,0.00019608238653745502,2.960784673690796,0.23593218624591827,0.00019608238653745502,17.61853790283203,18.777385711669922,6.539159774780273,7.694568157196045,9.167755126953125,3.542029857635498,1290.0,-0.22520264989555683,-0.32200591761756747,-0.2147605214484721,-0.22239832997402645,0.6649060783756799,-0.06952938129606485,35.0,0.19215490921448897,,,,
synthetic_niah_130,niah_single_1,disagreement_formal,64,32,physical_delete_median_key_query_35,median_key_query,35,17,18,0.0014068182435439077,0.0019032952404289566,0.6882271765345983,0.7272801091861867,0.7391487214704772,0.0012691613831856325,0.009456969052147686,0.06149511150193011,1.000752170978591,0.134203821138381,0.009456969052147686,59.53812847245942,2.1316783307569185e-05,2.070951995847281e-05,2.5708273824420758e-05,2.4492130279541016,0.3674129545688629,2.5708273824420758e-05,16.31787109375,17.142072677612305,7.61442232131958,9.437177658081055,9.711997985839844,4.88991641998291,1290.0,-0.22520264989555683,-0.32200591761756747,-0.2147605214484721,-0.22239832997402645,0.6649060783756799,-0.06952938129606485,35.0,0.19215490921448897,,,,
synthetic_niah_130,niah_single_1,disagreement_formal,64,32,physical_delete_median_key_query_35,median_key_query,35,18,19,0.0013638298614394567,0.002575865955077589,0.47485055920114533,0.881759400795583,0.5294646092709339,0.0013081639275000813,0.009301616372643245,0.21340067219625197,0.9796706127280798,0.1406383444653222,0.009301616372643245,69.15023421272963,1.8917707834158947e-05,2.186653728131205e-05,2.9944007110316306e-05,2.3504838943481445,0.37325775623321533,2.9944007110316306e-05,22.695720672607422,22.93179702758789,7.042550086975098,9.689250946044922,9.520225524902344,3.645106077194214,1290.0,-0.22520264989555683,-0.32200591761756747,-0.2147605214484721,-0.22239832997402645,0.6649060783756799,-0.06952938129606485,35.0,0.19215490921448897,2.385681882048323e-10,1.0896982084289555e-08,2.3856725075995703e-10,1.0895131670034016e-08
synthetic_niah_130,niah_single_1,disagreement_formal,64,32,physical_delete_median_key_query_35,median_key_query,35,19,20,0.001258845318498427,0.002397274207000544,0.47812831005467404,0.87954595931615,0.5251152808562052,0.001070841970291133,0.00894127726015196,0.1964394210747404,0.9835093766361218,0.11976387032124464,0.00894127726015196,69.2051093406682,1.547345247328228e-05,1.9734365196200088e-05,3.084138734266162e-05,1.4234862327575684,0.6187826991081238,3.084138734266162e-05,19.96165657043457,19.56041145324707,8.776413917541504,9.831539154052734,10.130725860595703,2.7748873233795166,1290.0,-0.22520264989555683,-0.32200591761756747,-0.2147605214484721,-0.22239832997402645,0.6649060783756799,-0.06952938129606485,35.0,0.19215490921448897,,,,
synthetic_niah_130,niah_single_1,disagreement_formal,64,32,physical_delete_median_key_query_35,median_key_query,35,20,21,0.00040691928629875445,0.0017216087410824156,0.25322169148891394,0.9675552152978767,0.23635990953607428,0.0003964790470661614,0.00891091512734334,0.0034071786406084555,1.0008378931755284,0.04449363969919955,0.00891091512734334,81.80326177484241,4.846738852020857e-06,7.162683232309064e-06,9.051201232068706e-06,2.6783902645111084,0.30297908186912537,9.051201232068706e-06,19.992591857910156,19.403165817260742,7.126279354095459,9.70704460144043,11.063460350036621,5.552474021911621,1290.0,-0.22520264989555683,-0.32200591761756747,-0.2147605214484721,-0.22239832997402645,0.6649060783756799,-0.06952938129606485,35.0,0.19215490921448897,,,,
synthetic_niah_130,niah_single_1,disagreement_formal,64,32,physical_delete_median_key_query_35,median_key_query,35,21,22,0.006169407772054941,0.006192047905518631,0.9622974622826075,0.274121758990182,0.9963436759842391,0.006897777280421703,0.011910297094756443,0.6188023817180391,0.7865471368095845,0.5791440150941725,0.011910297094756443,101.8361749229977,6.773405703461841e-05,6.542089249705896e-05,0.00011226612696191296,2.6851234436035156,0.30079352855682373,0.00011226612696191296,17.635364532470703,17.827194213867188,5.880270957946777,10.573254585266113,11.12395191192627,7.87544584274292,1290.0,-0.22520264989555683,-0.32200591761756747,-0.2147605214484721,-0.22239832997402645,0.6649060783756799,-0.06952938129606485,35.0,0.19215490921448897,,,,
synthetic_niah_130,niah_single_1,disagreement_formal,64,32,physical_delete_median_key_query_35,median_key_query,35,22,23,0.0023570790435479202,0.0032631292514282654,0.8003938269174338,0.6045350177571863,0.7223370151569176,0.002447308554443162,0.01494750423365933,0.3485438975000128,0.9553399779652112,0.16372690157412528,0.01494750423365933,119.15654954866115,2.0538598706600934e-05,5.2332256018416956e-05,7.761154847685248e-05,1.8754531145095825,0.520779550075531,7.761154847685248e-05,19.845691680908203,19.99636459350586,6.623878479003906,9.286859512329102,10.878079414367676,10.915962219238281,1290.0,-0.22520264989555683,-0.32200591761756747,-0.2147605214484721,-0.22239832997402645,0.6649060783756799,-0.06952938129606485,35.0,0.19215490921448897,3.02575723325843e-10,1.2557232536012156e-08,3.025643558521385e-10,1.2556355103698036e-08
synthetic_niah_130,niah_single_1,disagreement_formal,64,32,physical_delete_median_key_query_35,median_key_query,35,23,24,0.0010165385093126803,0.0025787889459367285,0.24984625384419942,0.9789854973414543,0.3941922082900155,0.0009827090171346826,0.016009218847510432,0.08938912311020362,0.9963904227976663,0.06138394549384913,0.016009218847510432,140.77575251748425,6.980669607947085e-06,2.240872709080577e-05,1.7983285943046212e-05,1.7404893636703491,0.5608623027801514,1.7983285943046212e-05,18.803955078125,18.781579971313477,8.392389297485352,10.702600479125977,13.596617698669434,12.50644588470459,1290.0,-0.22520264989555683,-0.32200591761756747,-0.2147605214484721,-0.22239832997402645,0.6649060783756799,-0.06952938129606485,35.0,0.19215490921448897,,,,
synthetic_niah_130,niah_single_1,disagreement_formal,64,32,physical_delete_median_key_query_35,median_key_query,35,24,25,0.0038991165394224882,0.00463417658363448,0.6834922671317458,0.7468385005448771,0.841382815059779,0.004160792788094291,0.017869235192056014,0.1888129671875546,0.9829998142081462,0.232846719144646,0.017869235192056014,164.47524950758245,2.529737939629923e-05,7.325913611566648e-05,7.746829942334443e-05,1.9463196992874146,0.4994601309299469,7.746829942334443e-05,17.72467803955078,18.667274475097656,6.914287567138672,11.256229400634766,15.562912940979004,69.6032943725586,1290.0,-0.22520264989555683,-0.32200591761756747,-0.2147605214484721,-0.22239832997402645,0.6649060783756799,-0.06952938129606485,35.0,0.19215490921448897,,,,
synthetic_niah_130,niah_single_1,disagreement_formal,64,32,physical_delete_median_key_query_35,median_key_query,35,25,26,0.0010777679514495488,0.0026688253198718314,0.3335582092979426,0.9453453865721623,0.4038360785266036,0.0011034659303632444,0.01811775551063377,0.07729991502369139,0.9971426723797658,0.060905222488270815,0.01811775551063377,199.4741718489731,5.531873726482776e-06,1.963538488780614e-05,1.1921889381483197e-05,1.7337719202041626,0.5529518723487854,1.1921889381483197e-05,17.52820587158203,17.90315055847168,8.225096702575684,13.203062057495117,20.682029724121094,66.231689453125,1290.0,-0.22520264989555683,-0.32200591761756747,-0.2147605214484721,-0.22239832997402645,0.6649060783756799,-0.06952938129606485,35.0,0.19215490921448897,,,,
synthetic_niah_130,niah_single_1,disagreement_formal,64,32,physical_delete_median_key_query_35,median_key_query,35,26,27,0.0033271347335254884,0.007385902920821613,0.31900085918005794,0.9568295760612936,0.4504709538147268,0.0034797107721694226,0.02091861924475391,0.10199158411806292,0.9968646335860459,0.1663451459895989,0.02091861924475391,245.80156942056078,1.4156584843507317e-05,6.812872743466869e-05,3.326943624415435e-05,2.7173407077789307,0.33114194869995117,3.326943624415435e-05,17.8082275390625,17.77208709716797,8.451151847839355,15.936634063720703,25.434343338012695,170.11541748046875,1290.0,-0.22520264989555683,-0.32200591761756747,-0.2147605214484721,-0.22239832997402645,0.6649060783756799,-0.06952938129606485,35.0,0.19215490921448897,8.47045093083136e-11,1.2177380518757036e-08,8.470429992400573e-11,1.2176328738962936e-08
synthetic_niah_130,niah_single_1,disagreement_formal,64,32,physical_delete_median_key_query_35,median_key_query,35,27,28,0.005897589587862342,0.006472565872534822,0.5950540215954957,0.8636192678226382,0.9111671791379847,0.005404185170876326,0.022422112981419464,0.1910024484820006,0.9828630899546152,0.24102033449544263,0.022422112981419464,180.89621929686285,2.9874505901130496e-05,0.00010725376341724768,4.389426248962991e-05,3.234063148498535,0.1435249298810959,4.389426248962991e-05,16.705867767333984,16.20535659790039,4.431628704071045,14.91356086730957,25.19927978515625,147.54147338867188,1290.0,-0.22520264989555683,-0.32200591761756747,-0.2147605214484721,-0.22239832997402645,0.6649060783756799,-0.06952938129606485,35.0,0.19215490921448897,,,,
synthetic_niah_130,niah_single_1,disagreement_formal,64,32,physical_delete_low_random_40,low_random,40,0,1,0.0009192636581844755,0.0009189801770136207,0.9993670270564963,0.035586957638330106,1.000308473651495,0.0012200309159270015,0.0012211201579052724,0.9993649113853054,0.03563481298502896,0.9991079977091367,0.0012211201579052724,13.786631552856852,8.849376377757684e-05,3.142857531202026e-05,6.691931776003912e-05,1.9365166425704956,0.47815075516700745,6.691931776003912e-05,778.4901123046875,778.8672485351562,1845.4766845703125,4.63233757019043,4.127031326293945,0.9016585946083069,1285.0,-0.37789295369747944,0.38729868634591225,-0.3551223305016145,-0.3573706922993406,0.5229482782171775,-0.22807934146578307,40.0,0.006308015776335885,9.97317878839859e-12,1.0313293902044745e-11,9.974587874722948e-12,1.0313996448308895e-11
synthetic_niah_130,niah_single_1,disagreement_formal,64,32,physical_delete_low_random_40,low_random,40,1,2,0.0021596141635394908,0.0021788444819515326,0.9928008132248558,0.11978811100421284,0.9911740748037153,0.0022873649052669153,0.0025948128672588886,0.903859055432752,0.42841345868465036,0.8815143990261018,0.0025948128672588886,17.203840002050825,0.000132956648340966,0.00013135428889654577,0.00017397406918462366,2.899526596069336,0.2542766034603119,0.00017397406918462366,90.75891876220703,91.14949035644531,3905.5478515625,3.9604573249816895,3.9634017944335938,0.5728805065155029,1285.0,-0.37789295369747944,0.38729868634591225,-0.3551223305016145,-0.3573706922993406,0.5229482782171775,-0.22807934146578307,40.0,0.006308015776335885,,,,
synthetic_niah_130,niah_single_1,disagreement_formal,64,32,physical_delete_low_random_40,low_random,40,2,3,0.0010122902559921005,0.0012882939586156812,0.8123366227669153,0.5837940663362154,0.7857603066615659,0.001038280041275299,0.0029393905562545624,0.43195478081896405,0.9053246411333834,0.35322969894762773,0.0029393905562545624,26.111316392313665,3.976360385954863e-05,4.143095065956004e-05,4.745761543745175e-05,2.231785535812378,0.3579128682613373,4.745761543745175e-05,26.5653133392334,27.496713638305664,47.875885009765625,5.450394153594971,5.921280384063721,1.3718152046203613,1285.0,-0.37789295369747944,0.38729868634591225,-0.3551223305016145,-0.3573706922993406,0.5229482782171775,-0.22807934146578307,40.0,0.006308015776335885,,,,
synthetic_niah_130,niah_single_1,disagreement_formal,64,32,physical_delete_low_random_40,low_random,40,3,4,0.0009023512205354286,0.00127651696594897,0.7473886037604158,0.6656206003172462,0.7068854113228457,0.0007908858788635681,0.0030121089343537882,0.27679646018555676,0.9610338940256059,0.2625688167659989,0.0030121089343537882,29.22089673737226,2.7065763449075106e-05,1.9820947272819467e-05,2.7528791179065593e-05,1.9438047409057617,0.470935583114624,2.7528791179065593e-05,21.26642417907715,22.06824493408203,9.07297420501709,7.468061447143555,6.515218257904053,1.376548409461975,1285.0,-0.37789295369747944,0.38729868634591225,-0.3551223305016145,-0.3573706922993406,0.5229482782171775,-0.22807934146578307,40.0,0.006308015776335885,,,,
synthetic_niah_130,niah_single_1,disagreement_formal,64,32,physical_delete_low_random_40,low_random,40,4,5,0.0006622009731400345,0.0010900664754048622,0.5912828172463561,0.8066270504008918,0.6074867800095275,0.0007249147600384011,0.003001896557692026,0.3354010826185577,0.946745073192544,0.2414855895620013,0.003001896557692026,35.22983335365749,2.0576729749507656e-05,1.2274574146431405e-05,2.207839315815363e-05,1.3461217880249023,0.6554030179977417,2.207839315815363e-05,19.5686092376709,19.0601863861084,6.8170928955078125,7.813619136810303,6.818458557128906,2.077946186065674,1285.0,-0.37789295369747944,0.38729868634591225,-0.3551223305016145,-0.3573706922993406,0.5229482782171775,-0.22807934146578307,40.0,0.006308015776335885,2.481773807901963e-12,9.324765021295262e-11,2.4825717220873377e-12,9.324970830438291e-11
synthetic_niah_130,niah_single_1,disagreement_formal,64,32,physical_delete_low_random_40,low_random,40,5,6,0.0010842600029195644,0.0016274914420886155,0.7150685331504067,0.7007593117910856,0.6662154865331251,0.0008776073588713353,0.002657771416172517,0.3824411063269868,0.9254552888395676,0.33020422807285144,0.002657771416172517,35.73016928057488,2.4562082311444766e-05,1.4808379091846291e-05,2.4783304979791865e-05,1.8171354532241821,0.5051525235176086,2.4783304979791865e-05,18.3493709564209,17.851011276245117,5.236225605010986,7.8424458503723145,7.713115692138672,1.483107328414917,1285.0,-0.37789295369747944,0.38729868634591225,-0.3551223305016145,-0.3573706922993406,0.5229482782171775,-0.22807934146578307,40.0,0.006308015776335885,,,,
synthetic_niah_130,niah_single_1,disagreement_formal,64,32,physical_delete_low_random_40,low_random,40,6,7,0.0001995345332667841,0.0007872710639037525,0.42275989386646873,0.9219216989025142,0.25345086643649095,0.00017678864148862718,0.002156752343562805,0.15938123578243757,0.9902475175910118,0.08196983859379266,0.002156752343562805,38.023889848112375,4.649409678883854e-06,5.21472929904121e-06,6.013825441186782e-06,1.3156437873840332,0.6591126322746277,6.013825441186782e-06,21.039459228515625,19.587114334106445,6.14393424987793,7.373394012451172,6.7747483253479,1.1367292404174805,1285.0,-0.37789295369747944,0.38729868634591225,-0.3551223305016145,-0.3573706922993406,0.5229482782171775,-0.22807934146578307,40.0,0.006308015776335885,,,,
synthetic_niah_130,niah_single_1,disagreement_formal,64,32,physical_delete_low_random_40,low_random,40,7,8,0.0005837803222664712,0.0007041182327650464,0.7336368777449124,0.6862135428496738,0.8290941706962869,0.0005413517396408854,0.0018725160950910135,0.2667148739657105,0.9640355000200926,0.2891039180170961,0.0018725160950910135,39.091948019853035,1.3848164828367142e-05,1.4729121176060289e-05,2.053600655926857e-05,2.3187923431396484,0.3572040796279907,2.053600655926857e-05,33.98382568359375,33.44627380371094,195.11293029785156,6.878250598907471,6.095694065093994,1.270862340927124,1285.0,-0.37789295369747944,0.38729868634591225,-0.3551223305016145,-0.3573706922993406,0.5229482782171775,-0.22807934146578307,40.0,0.006308015776335885,1.4378441469400523e-11,8.923718888838143e-11,1.4378681432463984e-11,8.924012093125277e-11
synthetic_niah_130,niah_single_1,disagreement_formal,64,32,physical_delete_low_random_40,low_random,40,8,9,0.0011285317653718884,0.001157647145137538,0.9638366273762031,0.26672127692134295,0.9748495213865962,0.00092224102786994,0.0019138895030379253,0.5311598886160686,0.8487042586185146,0.4818674361325786,0.0019138895030379253,36.72219012502195,2.5113998504177963e-05,1.7008262148010544e-05,4.9803336878539994e-05,1.7994579076766968,0.497150182723999,4.9803336878539994e-05,22.645366668701172,21.02998161315918,13.26000690460205,8.452071189880371,8.19028377532959,3.324925661087036,1285.0,-0.37789295369747944,0.38729868634591225,-0.3551223305016145,-0.3573706922993406,0.5229482782171775,-0.22807934146578307,40.0,0.006308015776335885,,,,
synthetic_niah_130,niah_single_1,disagreement_formal,64,32,physical_delete_low_random_40,low_random,40,9,10,0.002194811432742522,0.0021404401821760663,0.9868366949721786,0.16625466191068608,1.0254019014496258,0.0019010761961692961,0.0026486057023796176,0.721639261121921,0.6922801365874317,0.7177648958700383,0.0026486057023796176,40.2095121520871,4.7279265388217837e-05,5.147253614268266e-05,8.360844367416576e-05,2.1318185329437256,0.4251767098903656,8.360844367416576e-05,19.58001708984375,19.83012580871582,6.7164435386657715,7.70956563949585,7.4843244552612305,2.8637545108795166,1285.0,-0.37789295369747944,0.38729868634591225,-0.3551223305016145,-0.3573706922993406,0.5229482782171775,-0.22807934146578307,40.0,0.006308015776335885,,,,
synthetic_niah_130,niah_single_1,disagreement_formal,64,32,physical_delete_low_random_40,low_random,40,10,11,0.0028752239910645174,0.002816361080705663,0.9446459838654948,0.3368362990126252,1.0209003422047382,0.0029411806498038503,0.003725907286764135,0.7842658095499364,0.6204460981582629,0.789386429515319,0.003725907286764135,44.02230493346032,6.681114617350098e-05,3.5205212043365464e-05,7.508884300477803e-05,2.5131232738494873,0.3253451883792877,7.508884300477803e-05,20.684955596923828,20.092790603637695,10.937453269958496,9.060308456420898,8.572632789611816,3.747281551361084,1285.0,-0.37789295369747944,0.38729868634591225,-0.3551223305016145,-0.3573706922993406,0.5229482782171775,-0.22807934146578307,40.0,0.006308015776335885,2.0269011891858746e-10,4.133874214467414e-10,2.026856304656791e-10,4.1338613047670427e-10
synthetic_niah_130,niah_single_1,disagreement_formal,64,32,physical_delete_low_random_40,low_random,40,11,12,0.0005983363918053281,0.0015635914652357605,0.5576072318836119,0.8483383262872349,0.382667982723422,0.0006424539446944341,0.0029718273858742555,0.1196374299448169,0.997500693030922,0.21618144706121156,0.0029718273858742555,42.98859344740154,1.4944753786385337e-05,1.9666336811496876e-05,2.1218691472313367e-05,2.2579433917999268,0.40971025824546814,2.1218691472313367e-05,18.54543685913086,19.78777313232422,7.8014397621154785,6.598024368286133,7.392591953277588,1.1690560579299927,1285.0,-0.37789295369747944,0.38729868634591225,-0.3551223305016145,-0.3573706922993406,0.5229482782171775,-0.22807934146578307,40.0,0.006308015776335885,,,,
synthetic_niah_130,niah_single_1,disagreement_formal,64,32,physical_delete_low_random_40,low_random,40,12,13,0.0016540475890222902,0.0016024267582218613,0.962407980588498,0.28043498619294294,1.032214159265357,0.0012746353193135492,0.0030435905785181562,0.45960856964157853,0.8890589685518469,0.41879329247172775,0.0030435905785181562,43.736678931641634,2.9143395210819368e-05,2.1990164896124043e-05,4.207344682072289e-05,2.2441043853759766,0.3681849539279938,4.207344682072289e-05,18.657760620117188,18.472909927368164,6.647178649902344,9.110099792480469,8.65902328491211,1.3194266557693481,1285.0,-0.37789295369747944,0.38729868634591225,-0.3551223305016145,-0.3573706922993406,0.5229482782171775,-0.22807934146578307,40.0,0.006308015776335885,,,,
synthetic_niah_130,niah_single_1,disagreement_formal,64,32,physical_delete_low_random_40,low_random,40,13,14,0.0016692091161972578,0.001668421794380945,0.9449561245637359,0.3318733546761009,1.0004718961469843,0.001455000137498197,0.00306993655243091,0.4047954148841319,0.9170186452901747,0.47395120799681156,0.00306993655243091,47.81979811573097,3.0426731078556247e-05,2.4154003767762333e-05,4.3529904360184446e-05,2.6095831394195557,0.2472907155752182,4.3529904360184446e-05,20.46290397644043,20.014053344726562,6.25601863861084,9.28239631652832,7.874978065490723,2.355684280395508,1285.0,-0.37789295369747944,0.38729868634591225,-0.3551223305016145,-0.3573706922993406,0.5229482782171775,-0.22807934146578307,40.0,0.006308015776335885,,,,
synthetic_niah_130,niah_single_1,disagreement_formal,64,32,physical_delete_low_random_40,low_random,40,14,15,0.0003302276711253999,0.0006386628053167163,0.5612905107655921,0.8287998590021194,0.5170610663034279,0.0002785016684102621,0.002809570991760075,0.12071428601803912,0.9929220076021915,0.0991260477941484,0.002809570991760075,46.97622237264702,5.928566716178227e-06,4.09863741879235e-06,8.094396434898954e-06,1.6496590375900269,0.569452166557312,8.094396434898954e-06,19.681272506713867,20.16472816467285,11.610563278198242,10.138490676879883,9.863748550415039,2.7859721183776855,1285.0,-0.37789295369747944,0.38729868634591225,-0.3551223305016145,-0.3573706922993406,0.5229482782171775,-0.22807934146578307,40.0,0.006308015776335885,5.821390475669875e-12,7.5906692365768e-10,5.823161438147552e-12,7.590545507115558e-10
synthetic_niah_130,niah_single_1,disagreement_formal,64,32,physical_delete_low_random_40,low_random,40,15,16,0.0036434582467064925,0.0036999939145255295,0.9765817112235661,0.21530070622295558,0.9847200646473802,0.003198421389217584,0.004164151597425218,0.8079622646343104,0.5905820807747969,0.7680847621386393,0.004164151597425218,46.62627047956036,6.859698097920316e-05,4.34586254414171e-05,6.915605627000332e-05,2.4365973472595215,0.34834858775138855,6.915605627000332e-05,54.721839904785156,56.094947814941406,1380.76416015625,9.293582916259766,8.468728065490723,3.659188747406006,1285.0,-0.37789295369747944,0.38729868634591225,-0.3551223305016145,-0.3573706922993406,0.5229482782171775,-0.22807934146578307,40.0,0.006308015776335885,,,,
synthetic_niah_130,niah_single_1,disagreement_formal,64,32,physical_delete_low_random_40,low_random,40,16,17,0.0045415600344716565,0.004541398589276022,0.9824382500261651,0.1874159807489308,1.0000355496643734,0.003983729834216984,0.005700668657136971,0.7321398499923106,0.6819689040962912,0.6988179937856133,0.005700668657136971,52.521031347131824,7.585018290838524e-05,8.330849959747866e-05,0.00011702746996888891,2.960784673690796,0.23593218624591827,0.00011702746996888891,19.108047485351562,18.777385711669922,6.539159774780273,9.979599952697754,9.167755126953125,3.542029857635498,1285.0,-0.37789295369747944,0.38729868634591225,-0.3551223305016145,-0.3573706922993406,0.5229482782171775,-0.22807934146578307,40.0,0.006308015776335885,,,,
synthetic_niah_130,niah_single_1,disagreement_formal,64,32,physical_delete_low_random_40,low_random,40,17,18,0.00344532576785612,0.003749183229797792,0.9449872423952043,0.3281415205368688,0.9189536911595381,0.003019826988332673,0.0065441224558715275,0.504441130588069,0.8645153760803725,0.4614563692375926,0.0065441224558715275,59.53812847245942,5.072089207052512e-05,3.5595516237663105e-05,3.344293145346455e-05,2.4492130279541016,0.3674129545688629,3.344293145346455e-05,16.52227020263672,17.142072677612305,7.61442232131958,13.251569747924805,9.711997985839844,4.88991641998291,1285.0,-0.37789295369747944,0.38729868634591225,-0.3551223305016145,-0.3573706922993406,0.5229482782171775,-0.22807934146578307,40.0,0.006308015776335885,,,,
synthetic_niah_130,niah_single_1,disagreement_formal,64,32,physical_delete_low_random_40,low_random,40,18,19,0.001136988944600435,0.0016186619734528764,0.578046953028736,0.8254281713028536,0.702425190217478,0.001089979930214308,0.0065499027305874116,0.28494627544679396,0.9658447517249523,0.16641162091220182,0.0065499027305874116,69.15023421272963,1.5762490794480306e-05,1.962386886589229e-05,2.425795901217498e-05,2.3504838943481445,0.37325775623321533,2.425795901217498e-05,21.717510223388672,22.93179702758789,7.042550086975098,10.123703002929688,9.520225524902344,3.645106077194214,1285.0,-0.37789295369747944,0.38729868634591225,-0.3551223305016145,-0.3573706922993406,0.5229482782171775,-0.22807934146578307,40.0,0.006308015776335885,2.0071338602505577e-10,8.123681342318844e-09,2.0071283832135302e-10,8.123460327325239e-09
synthetic_niah_130,niah_single_1,disagreement_formal,64,32,physical_delete_low_random_40,low_random,40,19,20,0.00035379428373595926,0.0014129546200053516,0.2286347582261385,0.9737553998887736,0.25039323890997944,0.00030883972865616166,0.006076946595279765,0.0865323495108446,0.9968888679587232,0.05082153081550054,0.006076946595279765,69.2051093406682,4.46267236044482e-06,5.055145720689325e-06,8.572509614168666e-06,1.4234862327575684,0.6187826991081238,8.572509614168666e-06,19.698780059814453,19.56041145324707,8.776413917541504,9.816003799438477,10.130725860595703,2.7748873233795166,1285.0,-0.37789295369747944,0.38729868634591225,-0.3551223305016145,-0.3573706922993406,0.5229482782171775,-0.22807934146578307,40.0,0.006308015776335885,,,,
synthetic_niah_130,niah_single_1,disagreement_formal,64,32,physical_delete_low_random_40,low_random,40,20,21,0.0011987036125918082,0.0018054165040930308,0.8437015918816004,0.5661084625416964,0.6639485181808444,0.0013077521464049005,0.00605441913894045,0.20136088604388075,0.9796265031547009,0.2159996056423941,0.00605441913894045,81.80326177484241,1.5986552590095907e-05,1.4483627637673635e-05,1.8982567780767567e-05,2.6783902645111084,0.30297908186912537,1.8982567780767567e-05,18.577388763427734,19.403165817260742,7.126279354095459,11.981023788452148,11.063460350036621,5.552474021911621,1285.0,-0.37789295369747944,0.38729868634591225,-0.3551223305016145,-0.3573706922993406,0.5229482782171775,-0.22807934146578307,40.0,0.006308015776335885,,,,
synthetic_niah_130,niah_single_1,disagreement_formal,64,32,physical_delete_low_random_40,low_random,40,21,22,0.00728745327103919,0.0072589402540110684,0.9945279631395428,0.10489275936283236,1.0039279861839843,0.007178731265678607,0.00965095181961745,0.7590969640400335,0.651156415656815,0.7438366080210275,0.00965095181961745,101.8361749229977,7.049293898859345e-05,8.72167875058949e-05,0.00022313844237942249,2.6851234436035156,0.30079352855682373,0.00022313844237942249,17.34663963317871,17.827194213867188,5.880270957946777,10.762707710266113,11.12395191192627,7.87544584274292,1285.0,-0.37789295369747944,0.38729868634591225,-0.3551223305016145,-0.3573706922993406,0.5229482782171775,-0.22807934146578307,40.0,0.006308015776335885,,,,
synthetic_niah_130,niah_single_1,disagreement_formal,64,32,physical_delete_low_random_40,low_random,40,22,23,0.0013379285115092527,0.0018645551762348342,0.7270622049626002,0.6866373565061364,0.7175590878522466,0.0012672693758063562,0.01034420388018189,0.1549629987639568,0.9884531653694978,0.12251009265529604,0.01034420388018189,119.15654954866115,1.0635331256288424e-05,1.6941517969826236e-05,2.31185167649528e-05,1.8754531145095825,0.520779550075531,2.31185167649528e-05,19.56536865234375,19.99636459350586,6.623878479003906,10.813093185424805,10.878079414367676,10.915962219238281,1285.0,-0.37789295369747944,0.38729868634591225,-0.3551223305016145,-0.3573706922993406,0.5229482782171775,-0.22807934146578307,40.0,0.006308015776335885,9.543239846564023e-11,9.652297323007708e-09,9.54339870362133e-11,9.652167237045838e-09
synthetic_niah_130,niah_single_1,disagreement_formal,64,32,physical_delete_low_random_40,low_random,40,23,24,0.001718893076473326,0.002106406863202517,0.7716957382414223,0.6375353273728659,0.8160308943638613,0.0016152735147206118,0.010816667885517047,0.16533011686466162,0.9863680325086834,0.14933189516555082,0.010816667885517047,140.77575251748425,1.1474089009184987e-05,2.1621837731800042e-05,2.1565771021414548e-05,1.7404893636703491,0.5608623027801514,2.1565771021414548e-05,19.12033462524414,18.781579971313477,8.392389297485352,14.758941650390625,13.596617698669434,12.50644588470459,1285.0,-0.37789295369747944,0.38729868634591225,-0.3551223305016145,-0.3573706922993406,0.5229482782171775,-0.22807934146578307,40.0,0.006308015776335885,,,,
synthetic_niah_130,niah_single_1,disagreement_formal,64,32,physical_delete_low_random_40,low_random,40,24,25,0.005581985639623914,0.005852699239818963,0.9689089966902511,0.24788159949186991,0.9537455131209813,0.006134393828759284,0.013701087907127584,0.514286685397411,0.8601970366294395,0.4477304189522095,0.013701087907127584,164.47524950758245,3.7296759525368485e-05,5.6796357966959476e-05,0.00011102823191322386,1.9463196992874146,0.4994601309299469,0.00011102823191322386,19.204727172851562,18.667274475097656,6.914287567138672,17.348247528076172,15.562912940979004,69.6032943725586,1285.0,-0.37789295369747944,0.38729868634591225,-0.3551223305016145,-0.3573706922993406,0.5229482782171775,-0.22807934146578307,40.0,0.006308015776335885,,,,
synthetic_niah_130,niah_single_1,disagreement_formal,64,32,physical_delete_low_random_40,low_random,40,25,26,0.0016030648372214924,0.0021953885900548595,0.5883499233492546,0.8209535855457114,0.7301963964299524,0.0016443398909256348,0.014949252338670088,0.1513277452757358,0.9893474246163442,0.1099947912894698,0.014949252338670088,199.4741718489731,8.24337244107275e-06,2.026319816650357e-05,2.482768104528077e-05,1.7337719202041626,0.5529518723487854,2.482768104528077e-05,17.284683227539062,17.90315055847168,8.225096702575684,23.32009506225586,20.682029724121094,66.231689453125,1285.0,-0.37789295369747944,0.38729868634591225,-0.3551223305016145,-0.3573706922993406,0.5229482782171775,-0.22807934146578307,40.0,0.006308015776335885,,,,
synthetic_niah_130,niah_single_1,disagreement_formal,64,32,physical_delete_low_random_40,low_random,40,26,27,0.018861944910882247,0.01842128007639487,0.994401784307352,0.10971100932854157,1.0239215099417573,0.02018820938089976,0.02703617061899755,0.7780613976359397,0.6289700319552837,0.7467111250849289,0.02703617061899755,245.80156942056078,8.213214190816739e-05,5.847024658578448e-05,0.00011205636110389605,2.7173407077789307,0.33114194869995117,0.00011205636110389605,18.377212524414062,17.77208709716797,8.451151847839355,34.03184127807617,25.434343338012695,170.11541748046875,1285.0,-0.37789295369747944,0.38729868634591225,-0.3551223305016145,-0.3573706922993406,0.5229482782171775,-0.22807934146578307,40.0,0.006308015776335885,2.022111691335158e-09,1.6525201610345696e-08,2.0224096619958218e-09,1.6524985906334487e-08
synthetic_niah_130,niah_single_1,disagreement_formal,64,32,physical_delete_low_random_40,low_random,40,27,28,0.007710621373863371,0.007897998338893937,0.9603385350794632,0.27929174933448053,0.9762753856115893,0.008016359809198527,0.032137888532535394,0.3788187810556408,0.9344710412293715,0.24943641835968827,0.032137888532535394,180.89621929686285,4.431468960687974e-05,5.5372071074089035e-05,5.4865442507434636e-05,3.234063148498535,0.1435249298810959,5.4865442507434636e-05,17.08368682861328,16.20535659790039,4.431628704071045,33.99589538574219,25.19927978515625,147.54147338867188,1285.0,-0.37789295369747944,0.38729868634591225,-0.3551223305016145,-0.3573706922993406,0.5229482782171775,-0.22807934146578307,40.0,0.006308015776335885,,,,
synthetic_niah_130,niah_single_1,disagreement_formal,64,32,physical_delete_median_aov_26,median_aov,26,0,1,0.003676190317173185,0.003675561572357467,0.9999604986283879,0.008890754711041834,1.0001710608850758,0.004512882596912478,0.004512226939973781,0.9999522926446527,0.00976983567618099,1.000145306729342,0.004512226939973781,13.786631552856852,0.00032733757913312213,0.0006298490916378796,0.0018990135286003351,1.9365166425704956,0.47815075516700745,0.0018990135286003351,779.23828125,778.8672485351562,1845.4766845703125,3.605106830596924,4.127031326293945,0.9016585946083069,1299.0,-0.13169079687485444,-0.28952175713171496,-0.14343806123622382,-0.147055085406068,0.8289378498454956,-0.20939976273572394,26.0,0.6783580439609929,1.8277270736292097e-10,2.0601254910246125e-10,1.827734660566705e-10,2.0601290051233374e-10
synthetic_niah_130,niah_single_1,disagreement_formal,64,32,physical_delete_median_aov_26,median_aov,26,1,2,0.014055749445207853,0.014098809329267391,0.9979751718108395,0.06361301716887027,0.9969458496065939,0.01474319323826734,0.014950086656517574,0.9564474966372507,0.29341281799136326,0.9861610555842472,0.014950086656517574,17.203840002050825,0.0008569710736969097,0.0007571231108158827,0.0013176637003198266,2.899526596069336,0.2542766034603119,0.0013176637003198266,92.16751098632812,91.14949035644531,3905.5478515625,4.123164176940918,3.9634017944335938,0.5728805065155029,1299.0,-0.13169079687485444,-0.28952175713171496,-0.14343806123622382,-0.147055085406068,0.8289378498454956,-0.20939976273572394,26.0,0.6783580439609929,,,,
synthetic_niah_130,niah_single_1,disagreement_formal,64,32,physical_delete_median_aov_26,median_aov,26,2,3,0.002033243202168217,0.004922170131929689,0.35768626917405716,0.9354832143865689,0.41307861119605466,0.0021147154853310506,0.014400728800230952,0.24568365032744569,0.9743757321044328,0.14684780990369986,0.014400728800230952,26.111316392313665,8.098846697570388e-05,2.9790577173116617e-05,6.949308590264991e-05,2.231785535812378,0.3579128682613373,6.949308590264991e-05,27.14120864868164,27.496713638305664,47.875885009765625,6.426727294921875,5.921280384063721,1.3718152046203613,1299.0,-0.13169079687485444,-0.28952175713171496,-0.14343806123622382,-0.147055085406068,0.8289378498454956,-0.20939976273572394,26.0,0.6783580439609929,,,,
synthetic_niah_130,niah_single_1,disagreement_formal,64,32,physical_delete_median_aov_26,median_aov,26,3,4,0.007375555195387728,0.008425926919657534,0.8352550966087413,0.5513218336192146,0.8753405133601019,0.006139248964054007,0.01606956699992067,0.5140719566531763,0.8678490317461917,0.38204196566617593,0.01606956699992067,29.22089673737226,0.00021009789737910998,0.00014371745055541396,0.00025622494285926223,1.9438047409057617,0.470935583114624,0.00025622494285926223,21.712020874023438,22.06824493408203,9.07297420501709,6.064625263214111,6.515218257904053,1.376548409461975,1299.0,-0.13169079687485444,-0.28952175713171496,-0.14343806123622382,-0.147055085406068,0.8289378498454956,-0.20939976273572394,26.0,0.6783580439609929,,,,
synthetic_niah_130,niah_single_1,disagreement_formal,64,32,physical_delete_median_aov_26,median_aov,26,4,5,0.008711375120481415,0.009472179866377535,0.9257932750051453,0.37807959893401843,0.9196800782260615,0.00870990343895664,0.017971680146551566,0.5567973929349345,0.8337760384936238,0.4846460301947845,0.017971680146551566,35.22983335365749,0.00024723090091064527,0.00017444550758227706,0.00042684320942498744,1.3461217880249023,0.6554030179977417,0.00042684320942498744,17.63873291015625,19.0601863861084,6.8170928955078125,6.04868745803833,6.818458557128906,2.077946186065674,1299.0,-0.13169079687485444,-0.28952175713171496,-0.14343806123622382,-0.147055085406068,0.8289378498454956,-0.20939976273572394,26.0,0.6783580439609929,8.135948789034415e-10,1.0962735891138385e-08,8.135939920414424e-10,1.096283251252268e-08
synthetic_niah_130,niah_single_1,disagreement_formal,64,32,physical_delete_median_aov_26,median_aov,26,5,6,0.01150159640767976,0.013650690644672945,0.8402411414650462,0.5422178762013304,0.8425651644349695,0.009137839085579713,0.016502857656420157,0.5771360697040465,0.8169838549205761,0.5537125312369638,0.016502857656420157,35.73016928057488,0.0002557457540663712,0.00015283440006896853,0.00026820218772627413,1.8171354532241821,0.5051525235176086,0.00026820218772627413,17.038057327270508,17.851011276245117,5.236225605010986,8.238326072692871,7.713115692138672,1.483107328414917,1299.0,-0.13169079687485444,-0.28952175713171496,-0.14343806123622382,-0.147055085406068,0.8289378498454956,-0.20939976273572394,26.0,0.6783580439609929,,,,
synthetic_niah_130,niah_single_1,disagreement_formal,64,32,physical_delete_median_aov_26,median_aov,26,6,7,0.0007455280019792438,0.0032762268066256323,0.1815524464633096,0.9844567631642857,0.22755689577764746,0.0006332413243376653,0.013222540688826664,0.09949061433105306,0.9963754979705702,0.04789104751046583,0.013222540688826664,38.023889848112375,1.665377547818405e-05,2.199492337240372e-05,2.206674253102392e-05,1.3156437873840332,0.6591126322746277,2.206674253102392e-05,19.200122833251953,19.587114334106445,6.14393424987793,6.700799465179443,6.7747483253479,1.1367292404174805,1299.0,-0.13169079687485444,-0.28952175713171496,-0.14343806123622382,-0.147055085406068,0.8289378498454956,-0.20939976273572394,26.0,0.6783580439609929,,,,
synthetic_niah_130,niah_single_1,disagreement_formal,64,32,physical_delete_median_aov_26,median_aov,26,7,8,0.0008451665360397959,0.0031603557980709514,0.15523620192554252,0.9942276617910066,0.2674276537330629,0.0007437663691773365,0.011552461514807148,0.09999031719454672,0.9956253887191088,0.06438163574265346,0.011552461514807148,39.091948019853035,1.9026075876280486e-05,2.0499637685134076e-05,2.719864460232202e-05,2.3187923431396484,0.3572040796279907,2.719864460232202e-05,33.64067077636719,33.44627380371094,195.11293029785156,7.7113776206970215,6.095694065093994,1.270862340927124,1299.0,-0.13169079687485444,-0.28952175713171496,-0.14343806123622382,-0.147055085406068,0.8289378498454956,-0.20939976273572394,26.0,0.6783580439609929,7.016801916981201e-12,1.7348993431914785e-08,7.019360890153148e-12,1.7349375995464882e-08
synthetic_niah_130,niah_single_1,disagreement_formal,64,32,physical_delete_median_aov_26,median_aov,26,8,9,0.000773693026646094,0.002067705313158137,0.2841709015135112,0.962989332266174,0.37417954179572316,0.0006303170500637383,0.010202917033653544,0.17027598428639248,0.9913515397496565,0.06177812168663977,0.010202917033653544,36.72219012502195,1.716447324949308e-05,1.5061653357406612e-05,2.3911088646855205e-05,1.7994579076766968,0.497150182723999,2.3911088646855205e-05,19.118633270263672,21.02998161315918,13.26000690460205,8.782362937927246,8.19028377532959,3.324925661087036,1299.0,-0.13169079687485444,-0.28952175713171496,-0.14343806123622382,-0.147055085406068,0.8289378498454956,-0.20939976273572394,26.0,0.6783580439609929,,,,
synthetic_niah_130,niah_single_1,disagreement_formal,64,32,physical_delete_median_aov_26,median_aov,26,9,10,0.0012772369884484966,0.0023732859449011306,0.503550796427796,0.8646590372640057,0.538172398143834,0.00119518685432316,0.00974189577522706,0.1357295411230248,0.9908317946905629,0.12268524339609896,0.00974189577522706,40.2095121520871,2.9723982967078176e-05,2.4800996470730752e-05,3.9800506783649325e-05,2.1318185329437256,0.4251767098903656,3.9800506783649325e-05,20.554710388183594,19.83012580871582,6.7164435386657715,7.864645004272461,7.4843244552612305,2.8637545108795166,1299.0,-0.13169079687485444,-0.28952175713171496,-0.14343806123622382,-0.147055085406068,0.8289378498454956,-0.20939976273572394,26.0,0.6783580439609929,,,,
synthetic_niah_130,niah_single_1,disagreement_formal,64,32,physical_delete_median_aov_26,median_aov,26,10,11,0.0005118443652927529,0.0023903049031489443,0.058268694393395944,1.0103952683111725,0.21413350431505973,0.0004856246386279184,0.00894616101070569,0.04245070162019166,0.9991686252551782,0.05428302017443921,0.00894616101070569,44.02230493346032,1.1031331488933613e-05,5.261994829197647e-06,9.886620318866335e-06,2.5131232738494873,0.3253451883792877,9.886620318866335e-06,18.989349365234375,20.092790603637695,10.937453269958496,9.829419136047363,8.572632789611816,3.747281551361084,1299.0,-0.13169079687485444,-0.28952175713171496,-0.14343806123622382,-0.147055085406068,0.8289378498454956,-0.20939976273572394,26.0,0.6783580439609929,6.245444168508877e-11,1.4839095243689994e-08,6.245453669303884e-11,1.4839410410629569e-08
synthetic_niah_130,niah_single_1,disagreement_formal,64,32,physical_delete_median_aov_26,median_aov,26,11,12,0.0014377263808803501,0.0021569924286156963,0.6347713364283387,0.7733529177147367,0.6665421546254786,0.001306323211747895,0.00856343798094278,0.18693009554738368,0.982974753104721,0.15254658405362528,0.00856343798094278,42.98859344740154,3.0387670472313535e-05,3.951613325625658e-05,4.662292485591024e-05,2.2579433917999268,0.40971025824546814,4.662292485591024e-05,19.38869857788086,19.78777313232422,7.8014397621154785,7.489788055419922,7.392591953277588,1.1690560579299927,1299.0,-0.13169079687485444,-0.28952175713171496,-0.14343806123622382,-0.147055085406068,0.8289378498454956,-0.20939976273572394,26.0,0.6783580439609929,,,,
synthetic_niah_130,niah_single_1,disagreement_formal,64,32,physical_delete_median_aov_26,median_aov,26,12,13,0.0008404736610145443,0.001119265467811138,0.7102974732617676,0.7050725596198486,0.750915386193585,0.0007467450386187852,0.008326042184599269,0.14521317392208952,0.9909572103951828,0.08968787595143873,0.008326042184599269,43.736678931641634,1.707365663922294e-05,1.837062336562667e-05,2.2069008991820738e-05,2.2441043853759766,0.3681849539279938,2.2069008991820738e-05,17.068647384643555,18.472909927368164,6.647178649902344,7.8522491455078125,8.65902328491211,1.3194266557693481,1299.0,-0.13169079687485444,-0.28952175713171496,-0.14343806123622382,-0.147055085406068,0.8289378498454956,-0.20939976273572394,26.0,0.6783580439609929,,,,
synthetic_niah_130,niah_single_1,disagreement_formal,64,32,physical_delete_median_aov_26,median_aov,26,13,14,0.0014297850189235223,0.0015517159362210097,0.8724685217389018,0.49111618798005036,0.9214218824133279,0.001374940181387017,0.008228736986979096,0.061769467534875507,1.003631885057981,0.16709006297839885,0.008228736986979096,47.81979811573097,2.8752530030751255e-05,1.9883624190697446e-05,3.802899664151482e-05,2.6095831394195557,0.2472907155752182,3.802899664151482e-05,18.25882339477539,20.014053344726562,6.25601863861084,7.183048248291016,7.874978065490723,2.355684280395508,1299.0,-0.13169079687485444,-0.28952175713171496,-0.14343806123622382,-0.147055085406068,0.8289378498454956,-0.20939976273572394,26.0,0.6783580439609929,,,,
synthetic_niah_130,niah_single_1,disagreement_formal,64,32,physical_delete_median_aov_26,median_aov,26,14,15,0.00031162452704304455,0.0007954566484396219,0.3845832852374301,0.9231181601295745,0.3917555125780032,0.0002666658612186826,0.00806525417342349,0.09321523482943628,0.9974613507692769,0.03306354089836327,0.00806525417342349,46.97622237264702,5.6766135663976865e-06,7.492185886803782e-06,1.0863032002816908e-05,1.6496590375900269,0.569452166557312,1.0863032002816908e-05,18.279815673828125,20.16472816467285,11.610563278198242,8.370171546936035,9.863748550415039,2.7859721183776855,1299.0,-0.13169079687485444,-0.28952175713171496,-0.14343806123622382,-0.147055085406068,0.8289378498454956,-0.20939976273572394,26.0,0.6783580439609929,3.96334006570507e-12,9.415288506070681e-09,3.965701087072224e-12,9.415491038673904e-09
synthetic_niah_130,niah_single_1,disagreement_formal,64,32,physical_delete_median_aov_26,median_aov,26,15,16,0.001763833034914096,0.0021969652753382253,0.7116151005104207,0.7084685674469255,0.8028497558490322,0.001697967467257862,0.007858057841184454,0.1524709510060929,0.990352812466106,0.2160797873437294,0.007858057841184454,46.62627047956036,3.6416540499463774e-05,4.196190639049746e-05,5.75573394598905e-05,2.4365973472595215,0.34834858775138855,5.75573394598905e-05,54.084022521972656,56.094947814941406,1380.76416015625,6.9339070320129395,8.468728065490723,3.659188747406006,1299.0,-0.13169079687485444,-0.28952175713171496,-0.14343806123622382,-0.147055085406068,0.8289378498454956,-0.20939976273572394,26.0,0.6783580439609929,,,,
synthetic_niah_130,niah_single_1,disagreement_formal,64,32,physical_delete_median_aov_26,median_aov,26,16,17,0.0030410921264796254,0.0031860351990590234,0.9157286707052462,0.4036641446151979,0.9545067572943933,0.0030634561135379273,0.008381901937886155,0.3723439645367661,0.928120155419061,0.36548460435824487,0.008381901937886155,52.521031347131824,5.832817892113276e-05,6.92169924150221e-05,9.557639714330435e-05,2.960784673690796,0.23593218624591827,9.557639714330435e-05,16.778345108032227,18.777385711669922,6.539159774780273,7.623884201049805,9.167755126953125,3.542029857635498,1299.0,-0.13169079687485444,-0.28952175713171496,-0.14343806123622382,-0.147055085406068,0.8289378498454956,-0.20939976273572394,26.0,0.6783580439609929,,,,
synthetic_niah_130,niah_single_1,disagreement_formal,64,32,physical_delete_median_aov_26,median_aov,26,17,18,0.00375360244833462,0.003912770011872644,0.9713827393589147,0.23782569075690488,0.9593210019870688,0.003620789017003548,0.009158208072751634,0.45385229273897915,0.8929946507695863,0.39535998617201784,0.009158208072751634,59.53812847245942,6.081462602033952e-05,5.102232171338983e-05,8.464173879474401e-05,2.4492130279541016,0.3674129545688629,8.464173879474401e-05,15.650242805480957,17.142072677612305,7.61442232131958,7.645349025726318,9.711997985839844,4.88991641998291,1299.0,-0.13169079687485444,-0.28952175713171496,-0.14343806123622382,-0.147055085406068,0.8289378498454956,-0.20939976273572394,26.0,0.6783580439609929,,,,
synthetic_niah_130,niah_single_1,disagreement_formal,64,32,physical_delete_median_aov_26,median_aov,26,18,19,0.0013661594936986432,0.002034318151799159,0.6715832289711019,0.7409291243306618,0.6715564586052611,0.0013093330917342905,0.009424721826941254,0.18743128047875626,0.9834746245659167,0.13892538323958448,0.009424721826941254,69.15023421272963,1.8934615430315635e-05,2.5078012185986154e-05,3.2352269045077264e-05,2.3504838943481445,0.37325775623321533,3.2352269045077264e-05,21.99109649658203,22.93179702758789,7.042550086975098,8.497243881225586,9.520225524902344,3.645106077194214,1299.0,-0.13169079687485444,-0.28952175713171496,-0.14343806123622382,-0.147055085406068,0.8289378498454956,-0.20939976273572394,26.0,0.6783580439609929,2.0607529940129446e-10,1.2794415173888107e-08,2.0607710320427532e-10,1.2794475115736098e-08
synthetic_niah_130,niah_single_1,disagreement_formal,64,32,physical_delete_median_aov_26,median_aov,26,19,20,0.0032548599253561,0.003610859138272261,0.8738504099198074,0.4869752783374797,0.901408723164288,0.002835884525088414,0.009637645239771796,0.32697325462570526,0.9455999427939117,0.2942507692009177,0.009637645239771796,69.2051093406682,4.097796466339681e-05,3.9576319977641106e-05,7.453571743099019e-05,1.4234862327575684,0.6187826991081238,7.453571743099019e-05,17.60883331298828,19.56041145324707,8.776413917541504,9.381616592407227,10.130725860595703,2.7748873233795166,1299.0,-0.13169079687485444,-0.28952175713171496,-0.14343806123622382,-0.147055085406068,0.8289378498454956,-0.20939976273572394,26.0,0.6783580439609929,,,,
synthetic_niah_130,niah_single_1,disagreement_formal,64,32,physical_delete_median_aov_26,median_aov,26,20,21,0.0029683921970941386,0.0031220752280092193,0.8501983317564277,0.5359837079382928,0.9507753594351804,0.0028485918707371097,0.009791467558840953,0.2080316824320898,0.9816283800333363,0.2909259366503285,0.009791467558840953,81.80326177484241,3.482247295441169e-05,3.6817207728745416e-05,6.382133869919926e-05,2.6783902645111084,0.30297908186912537,6.382133869919926e-05,17.58367919921875,19.403165817260742,7.126279354095459,11.614864349365234,11.063460350036621,5.552474021911621,1299.0,-0.13169079687485444,-0.28952175713171496,-0.14343806123622382,-0.147055085406068,0.8289378498454956,-0.20939976273572394,26.0,0.6783580439609929,,,,
synthetic_niah_130,niah_single_1,disagreement_formal,64,32,physical_delete_median_aov_26,median_aov,26,21,22,0.03349868615013565,0.03315214521113968,0.9982340978254735,0.06064642332915202,1.0104530472097328,0.033055773075169784,0.03457512107837031,0.9572544111518684,0.2892497658703341,0.956056610770598,0.03457512107837031,101.8361749229977,0.0003245975519029907,0.000317733793053776,0.000761741423048079,2.6851234436035156,0.30079352855682373,0.000761741423048079,16.46913719177246,17.827194213867188,5.880270957946777,13.260148048400879,11.12395191192627,7.87544584274292,1299.0,-0.13169079687485444,-0.28952175713171496,-0.14343806123622382,-0.147055085406068,0.8289378498454956,-0.20939976273572394,26.0,0.6783580439609929,,,,
synthetic_niah_130,niah_single_1,disagreement_formal,64,32,physical_delete_median_aov_26,median_aov,26,22,23,0.010012974297026684,0.011008026288594631,0.9124117138484346,0.409283193670236,0.9096066846607265,0.010003221555590488,0.03891560278598339,0.308081929170792,0.9527275960390751,0.25704912270287245,0.03891560278598339,119.15654954866115,8.395024523184412e-05,0.00017950280744116753,0.00027324529946781695,1.8754531145095825,0.520779550075531,0.00027324529946781695,19.372955322265625,19.99636459350586,6.623878479003906,10.481054306030273,10.878079414367676,10.915962219238281,1299.0,-0.13169079687485444,-0.28952175713171496,-0.14343806123622382,-0.147055085406068,0.8289378498454956,-0.20939976273572394,26.0,0.6783580439609929,6.0935312363410066e-09,3.150678068921807e-08,6.0921067926015835e-09,3.1504955177901124e-08
synthetic_niah_130,niah_single_1,disagreement_formal,64,32,physical_delete_median_aov_26,median_aov,26,23,24,0.0045607522530360465,0.005461144106559493,0.7607092907246467,0.6533448262574257,0.8351276150281463,0.004476990473534651,0.04099051581145414,0.29161450315601667,0.9737703425032648,0.10922015458716497,0.04099051581145414,140.77575251748425,3.180228408282607e-05,5.672474799212068e-05,7.042629295028746e-05,1.7404893636703491,0.5608623027801514,7.042629295028746e-05,18.09119415283203,18.781579971313477,8.392389297485352,12.31991958618164,13.596617698669434,12.50644588470459,1299.0,-0.13169079687485444,-0.28952175713171496,-0.14343806123622382,-0.147055085406068,0.8289378498454956,-0.20939976273572394,26.0,0.6783580439609929,,,,
synthetic_niah_130,niah_single_1,disagreement_formal,64,32,physical_delete_median_aov_26,median_aov,26,24,25,0.012230210403172377,0.01103444221148234,0.9034399524045512,0.4751750228992036,1.1083668905751967,0.013141925464302803,0.046396229081492026,0.33974956443371845,0.942211209233021,0.28325417225653937,0.046396229081492026,164.47524950758245,7.990214639374631e-05,0.0001530143927084282,0.0001734016987029463,1.9463196992874146,0.4994601309299469,0.0001734016987029463,17.141963958740234,18.667274475097656,6.914287567138672,13.951414108276367,15.562912940979004,69.6032943725586,1299.0,-0.13169079687485444,-0.28952175713171496,-0.14343806123622382,-0.147055085406068,0.8289378498454956,-0.20939976273572394,26.0,0.6783580439609929,,,,
synthetic_niah_130,niah_single_1,disagreement_formal,64,32,physical_delete_median_aov_26,median_aov,26,25,26,0.002050650216702034,0.005457222902066676,0.350979827986912,0.9367110644109329,0.375768088183725,0.0021327904473102868,0.049434983800464245,-0.00724974319892713,1.0012426800379797,0.04314334269672113,0.049434983800464245,199.4741718489731,1.0692063175602884e-05,2.9183653168729506e-05,2.124637467204593e-05,1.7337719202041626,0.5529518723487854,2.124637467204593e-05,17.678598403930664,17.90315055847168,8.225096702575684,17.636066436767578,20.682029724121094,66.231689453125,1299.0,-0.13169079687485444,-0.28952175713171496,-0.14343806123622382,-0.147055085406068,0.8289378498454956,-0.20939976273572394,26.0,0.6783580439609929,,,,
synthetic_niah_130,niah_single_1,disagreement_formal,64,32,physical_delete_median_aov_26,median_aov,26,26,27,0.009168565076227281,0.011862465885163063,0.5368877309214134,0.8760456322122503,0.7729054957869115,0.010062888063185253,0.05720542265223024,0.28599953965110364,0.9645332672354207,0.17590794013289116,0.05720542265223024,245.80156942056078,4.093907165404581e-05,0.00011636512499535456,7.455625745933503e-05,2.7173407077789307,0.33114194869995117,7.455625745933503e-05,17.11373519897461,17.77208709716797,8.451151847839355,23.11585235595703,25.434343338012695,170.11541748046875,1299.0,-0.13169079687485444,-0.28952175713171496,-0.14343806123622382,-0.147055085406068,0.8289378498454956,-0.20939976273572394,26.0,0.6783580439609929,5.96691771364112e-10,2.8338807506139523e-08,5.966769346154951e-10,2.833644098017948e-08
synthetic_niah_130,niah_single_1,disagreement_formal,64,32,physical_delete_median_aov_26,median_aov,26,27,28,0.013464494310217782,0.013617615024103219,0.8015973938597197,0.6264741376718738,0.98875568786352,0.012388719260870247,0.0666324781230578,0.23140045212316965,0.9739208099669505,0.18592613707073277,0.0666324781230578,180.89621929686285,6.848523042120369e-05,0.00020445010159164667,0.0001042511357809417,3.234063148498535,0.1435249298810959,0.0001042511357809417,16.075353622436523,16.20535659790039,4.431628704071045,19.799293518066406,25.19927978515625,147.54147338867188,1299.0,-0.13169079687485444,-0.28952175713171496,-0.14343806123622382,-0.147055085406068,0.8289378498454956,-0.20939976273572394,26.0,0.6783580439609929,,,,
synthetic_niah_130,niah_single_1,disagreement_formal,64,32,physical_delete_median_v_ridge_43,median_v_ridge,43,0,1,0.004333370326628528,0.004333588585024775,0.9999716131209039,0.007534814887475338,0.9999496356444629,0.005634433526330061,0.005638318379597963,0.9999704682409468,0.007713465919040801,0.9993109907943546,0.005638318379597963,13.786631552856852,0.0004086881922337657,0.00012633080768864602,0.0003074905544053763,1.9365166425704956,0.47815075516700745,0.0003074905544053763,778.5771484375,778.8672485351562,1845.4766845703125,4.936966896057129,4.127031326293945,0.9016585946083069,1282.0,-0.3458369831598047,0.6381945037877093,-0.3138153267962222,-0.309835431251018,0.05189628585871721,-0.3138625192218695,43.0,0.8751948756540356,4.0022574453168957e-10,4.0648533292772553e-10,4.002234814052111e-10,4.064844289322533e-10
synthetic_niah_130,niah_single_1,disagreement_formal,64,32,physical_delete_median_v_ridge_43,median_v_ridge,43,1,2,0.004909830815651201,0.004925293860775148,0.9821741123289135,0.18854628754377806,0.9968604827323919,0.006321266759808885,0.008067365940506171,0.7619998436413192,0.6479360205058218,0.7835601863639111,0.008067365940506171,17.203840002050825,0.0003674334775872912,0.00021068060596007854,0.00040117884054780006,2.899526596069336,0.2542766034603119,0.00040117884054780006,91.35060119628906,91.14949035644531,3905.5478515625,4.397514343261719,3.9634017944335938,0.5728805065155029,1282.0,-0.3458369831598047,0.6381945037877093,-0.3138153267962222,-0.309835431251018,0.05189628585871721,-0.3138625192218695,43.0,0.8751948756540356,,,,
synthetic_niah_130,niah_single_1,disagreement_formal,64,32,physical_delete_median_v_ridge_43,median_v_ridge,43,2,3,0.0006171464475353149,0.0026027348516775234,0.3155307173921708,0.9521499109850075,0.23711460548413127,0.0006371384138636619,0.008752002037417769,0.19256513587085045,0.9885659092604853,0.07279916196770518,0.008752002037417769,26.111316392313665,2.4400853801887023e-05,2.0028008293593302e-05,2.5261751943617128e-05,2.231785535812378,0.3579128682613373,2.5261751943617128e-05,26.533315658569336,27.496713638305664,47.875885009765625,5.413815975189209,5.921280384063721,1.3718152046203613,1282.0,-0.3458369831598047,0.6381945037877093,-0.3138153267962222,-0.309835431251018,0.05189628585871721,-0.3138625192218695,43.0,0.8751948756540356,,,,
synthetic_niah_130,niah_single_1,disagreement_formal,64,32,physical_delete_median_v_ridge_43,median_v_ridge,43,3,4,0.0011894057783646168,0.002706619981328509,0.514263668603276,0.8608896444232271,0.43944321203925074,0.0010617286815313755,0.00887205120218657,0.1755204270616121,0.9860586798112313,0.11967116254578265,0.00887205120218657,29.22089673737226,3.6334568753103e-05,2.4938626665971242e-05,2.852978832379449e-05,1.9438047409057617,0.470935583114624,2.852978832379449e-05,20.96460723876953,22.06824493408203,9.07297420501709,8.336517333984375,6.515218257904053,1.376548409461975,1282.0,-0.3458369831598047,0.6381945037877093,-0.3138153267962222,-0.309835431251018,0.05189628585871721,-0.3138625192218695,43.0,0.8751948756540356,,,,
synthetic_niah_130,niah_single_1,disagreement_formal,64,32,physical_delete_median_v_ridge_43,median_v_ridge,43,4,5,0.0010834799565228323,0.0024861228425011347,0.5081970367530462,0.8642774405090142,0.43581111037651304,0.001297062928110353,0.008307250725610345,0.2285587260253156,0.9762202234271644,0.1561362442223695,0.008307250725610345,35.22983335365749,3.6817174668119585e-05,1.6868179955054075e-05,3.880912117892876e-05,1.3461217880249023,0.6554030179977417,3.880912117892876e-05,20.64034080505371,19.0601863861084,6.8170928955078125,7.957252502441406,6.818458557128906,2.077946186065674,1282.0,-0.3458369831598047,0.6381945037877093,-0.3138153267962222,-0.309835431251018,0.05189628585871721,-0.3138625192218695,43.0,0.8751948756540356,9.019346215187788e-12,2.9703235096476937e-10,9.020023888530617e-12,2.970346761757312e-10
synthetic_niah_130,niah_single_1,disagreement_formal,64,32,physical_delete_median_v_ridge_43,median_v_ridge,43,5,6,0.0018033348770642563,0.004238887553477257,0.6282789755324646,0.8039991770305805,0.42542644840506305,0.0014536045259520528,0.00682151088920639,0.28257814127858677,0.9617577746847646,0.21309128572265082,0.00682151088920639,35.73016928057488,4.0682833449163696e-05,2.072117968054954e-05,3.6536632251227275e-05,1.8171354532241821,0.5051525235176086,3.6536632251227275e-05,18.911930084228516,17.851011276245117,5.236225605010986,8.189901351928711,7.713115692138672,1.483107328414917,1282.0,-0.3458369831598047,0.6381945037877093,-0.3138153267962222,-0.309835431251018,0.05189628585871721,-0.3138625192218695,43.0,0.8751948756540356,,,,
synthetic_niah_130,niah_single_1,disagreement_formal,64,32,physical_delete_median_v_ridge_43,median_v_ridge,43,6,7,0.00039818359716483606,0.002051242885136931,0.28681164643300655,0.9624609875863667,0.1941182100130747,0.0003368203876415978,0.005608886918902127,0.08766915516367106,0.996532423308423,0.06005119955378355,0.005608886918902127,38.023889848112375,8.858125483401026e-06,8.668254849908408e-06,1.0798948096635286e-05,1.3156437873840332,0.6591126322746277,1.0798948096635286e-05,21.631254196166992,19.587114334106445,6.14393424987793,8.137248039245605,6.7747483253479,1.1367292404174805,1282.0,-0.3458369831598047,0.6381945037877093,-0.3138153267962222,-0.309835431251018,0.05189628585871721,-0.3138625192218695,43.0,0.8751948756540356,,,,
synthetic_niah_130,niah_single_1,disagreement_formal,64,32,physical_delete_median_v_ridge_43,median_v_ridge,43,7,8,0.0030086272149382736,0.00321658628190462,0.9253475797109048,0.37925171466063545,0.9353478971988873,0.0029126927134289415,0.00550185753668393,0.5187209193229001,0.8550103431283079,0.5294016964285984,0.00550185753668393,39.091948019853035,7.450876359371286e-05,6.567893433384597e-05,0.00012008685007458553,2.3187923431396484,0.3572040796279907,0.00012008685007458553,34.526588439941406,33.44627380371094,195.11293029785156,7.124953269958496,6.095694065093994,1.270862340927124,1282.0,-0.3458369831598047,0.6381945037877093,-0.3138153267962222,-0.309835431251018,0.05189628585871721,-0.3138625192218695,43.0,0.8751948756540356,2.5900169347990905e-10,4.59939354438696e-10,2.5900231737823945e-10,4.59949246581572e-10
synthetic_niah_130,niah_single_1,disagreement_formal,64,32,physical_delete_median_v_ridge_43,median_v_ridge,43,8,9,0.0006791790125205881,0.0015307998434787619,0.44578148174739074,0.8951442922604199,0.44367590930578177,0.0005565653926869549,0.004632300976446431,0.17685726568265078,0.9858688340349966,0.12014879765302121,0.004632300976446431,36.72219012502195,1.515610563509717e-05,1.0961215593852103e-05,2.8575173928402364e-05,1.7994579076766968,0.497150182723999,2.8575173928402364e-05,20.258270263671875,21.02998161315918,13.26000690460205,8.789854049682617,8.19028377532959,3.324925661087036,1282.0,-0.3458369831598047,0.6381945037877093,-0.3138153267962222,-0.309835431251018,0.05189628585871721,-0.3138625192218695,43.0,0.8751948756540356,,,,
synthetic_niah_130,niah_single_1,disagreement_formal,64,32,physical_delete_median_v_ridge_43,median_v_ridge,43,9,10,0.0003791799053224126,0.0009940823631812044,0.3929736034914846,0.919622116743427,0.3814371116181794,0.0003555910160887938,0.004567276946538409,0.07856937513832045,0.9969089034862854,0.0778562413120799,0.004567276946538409,40.2095121520871,8.843455119371216e-06,1.273904854315333e-05,1.1880458259838633e-05,2.1318185329437256,0.4251767098903656,1.1880458259838633e-05,21.721559524536133,19.83012580871582,6.7164435386657715,7.517180919647217,7.4843244552612305,2.8637545108795166,1282.0,-0.3458369831598047,0.6381945037877093,-0.3138153267962222,-0.309835431251018,0.05189628585871721,-0.3138625192218695,43.0,0.8751948756540356,,,,
synthetic_niah_130,niah_single_1,disagreement_formal,64,32,physical_delete_median_v_ridge_43,median_v_ridge,43,10,11,0.00017324338087690581,0.0013118857442587105,0.07764945499985543,0.998464179114903,0.13205675999993285,0.00015757702395385173,0.004440128252794465,0.1355029167951555,0.9958120726169147,0.03548929557489204,0.004440128252794465,44.02230493346032,3.579481451324034e-06,1.4979538036641316e-06,3.870646196446614e-06,2.5131232738494873,0.3253451883792877,3.870646196446614e-06,21.791648864746094,20.092790603637695,10.937453269958496,8.587150573730469,8.572632789611816,3.747281551361084,1282.0,-0.3458369831598047,0.6381945037877093,-0.3138153267962222,-0.309835431251018,0.05189628585871721,-0.3138625192218695,43.0,0.8751948756540356,6.656883628745202e-13,5.429267131825806e-10,6.663945718572064e-13,5.429397229031742e-10
synthetic_niah_130,niah_single_1,disagreement_formal,64,32,physical_delete_median_v_ridge_43,median_v_ridge,43,11,12,0.00011522095719703107,0.0009246140453019907,0.1905927313552522,0.983883858183767,0.12461519244973013,0.0001327857103485229,0.004304385484680543,0.05915356032718395,0.9986500929179662,0.0308489355382114,0.004304385484680543,42.98859344740154,3.088859153091206e-06,2.797470187942963e-06,3.151184500893578e-06,2.2579433917999268,0.40971025824546814,3.151184500893578e-06,21.289199829101562,19.78777313232422,7.8014397621154785,7.000701427459717,7.392591953277588,1.1690560579299927,1282.0,-0.3458369831598047,0.6381945037877093,-0.3138153267962222,-0.309835431251018,0.05189628585871721,-0.3138625192218695,43.0,0.8751948756540356,,,,
synthetic_niah_130,niah_single_1,disagreement_formal,64,32,physical_delete_median_v_ridge_43,median_v_ridge,43,12,13,9.313361754025043e-05,0.0006966172285376676,0.22025677828149107,0.979275266647134,0.1336941059235007,7.946818176939369e-05,0.004127497121685936,0.0809001870689172,0.9986268027674208,0.019253358494635067,0.004127497121685936,43.736678931641634,1.8169688168047398e-06,2.4649732495163335e-06,2.407135980320163e-06,2.2441043853759766,0.3681849539279938,2.407135980320163e-06,20.161195755004883,18.472909927368164,6.647178649902344,8.935403823852539,8.65902328491211,1.3194266557693481,1282.0,-0.3458369831598047,0.6381945037877093,-0.3138153267962222,-0.309835431251018,0.05189628585871721,-0.3138625192218695,43.0,0.8751948756540356,,,,
synthetic_niah_130,niah_single_1,disagreement_formal,64,32,physical_delete_median_v_ridge_43,median_v_ridge,43,13,14,0.00038928882195893213,0.0006256424586896835,0.6409612487717489,0.7678019392048844,0.622222511519184,0.00037504382667192913,0.004082433209171926,0.13536685146489194,0.9917499634759082,0.09186771894499711,0.004082433209171926,47.81979811573097,7.842856754942121e-06,4.332677690399578e-06,8.703406820131931e-06,2.6095831394195557,0.2472907155752182,8.703406820131931e-06,21.895614624023438,20.014053344726562,6.25601863861084,8.892217636108398,7.874978065490723,2.355684280395508,1282.0,-0.3458369831598047,0.6381945037877093,-0.3138153267962222,-0.309835431251018,0.05189628585871721,-0.3138625192218695,43.0,0.8751948756540356,,,,
synthetic_niah_130,niah_single_1,disagreement_formal,64,32,physical_delete_median_v_ridge_43,median_v_ridge,43,14,15,0.000737854773936052,0.0008571412138500802,0.8061270548702187,0.5942657877528774,0.8608322199579914,0.0006233482052676829,0.0040251524616308765,0.15436515128856176,0.9880139918914513,0.154863253307707,0.0040251524616308765,46.97622237264702,1.3269440874212176e-05,1.5020788850961253e-05,2.1836192900082096e-05,1.6496590375900269,0.569452166557312,2.1836192900082096e-05,19.823030471801758,20.16472816467285,11.610563278198242,9.578289031982422,9.863748550415039,2.7859721183776855,1282.0,-0.3458369831598047,0.6381945037877093,-0.3138153267962222,-0.309835431251018,0.05189628585871721,-0.3138625192218695,43.0,0.8751948756540356,1.5723614232472446e-11,6.420907239485207e-10,1.5726560917071992e-11,6.421048858905018e-10
synthetic_niah_130,niah_single_1,disagreement_formal,64,32,physical_delete_median_v_ridge_43,median_v_ridge,43,15,16,0.0003906938823419774,0.0009436130252987629,0.38818444258177337,0.9219443406803148,0.4140403659840086,0.00034520137041648135,0.003920670489071169,0.10153617310204878,0.9949233017903732,0.08804651433440448,0.003920670489071169,46.62627047956036,7.403581004142458e-06,3.410377985346713e-06,7.1753815973352175e-06,2.4365973472595215,0.34834858775138855,7.1753815973352175e-06,57.334320068359375,56.094947814941406,1380.76416015625,8.945145606994629,8.468728065490723,3.659188747406006,1282.0,-0.3458369831598047,0.6381945037877093,-0.3138153267962222,-0.309835431251018,0.05189628585871721,-0.3138625192218695,43.0,0.8751948756540356,,,,
synthetic_niah_130,niah_single_1,disagreement_formal,64,32,physical_delete_median_v_ridge_43,median_v_ridge,43,16,17,0.0004970618619748097,0.0007257903509224759,0.6370383831258462,0.7723138099144592,0.6848559798887469,0.0005109451843645134,0.003940887203390876,0.09775172391829562,0.9957219736220092,0.12965232395509277,0.003940887203390876,52.521031347131824,9.7283920604582e-06,1.2808956853405107e-05,1.3578856851381715e-05,2.960784673690796,0.23593218624591827,1.3578856851381715e-05,20.874530792236328,18.777385711669922,6.539159774780273,8.394195556640625,9.167755126953125,3.542029857635498,1282.0,-0.3458369831598047,0.6381945037877093,-0.3138153267962222,-0.309835431251018,0.05189628585871721,-0.3138625192218695,43.0,0.8751948756540356,,,,
synthetic_niah_130,niah_single_1,disagreement_formal,64,32,physical_delete_median_v_ridge_43,median_v_ridge,43,17,18,0.00011769060088978233,0.00034439976871647384,0.27116675092030346,0.9651151752153954,0.34172671290807627,0.00010829796092721159,0.0039392733202198394,0.035155633104210354,0.999411234096923,0.027491862616216688,0.0039392733202198394,59.53812847245942,1.8189681756171935e-06,2.9921502573415637e-06,2.520244606785127e-06,2.4492130279541016,0.3674129545688629,2.520244606785127e-06,19.973737716674805,17.142072677612305,7.61442232131958,10.540718078613281,9.711997985839844,4.88991641998291,1282.0,-0.3458369831598047,0.6381945037877093,-0.3138153267962222,-0.309835431251018,0.05189628585871721,-0.3138625192218695,43.0,0.8751948756540356,,,,
synthetic_niah_130,niah_single_1,disagreement_formal,64,32,physical_delete_median_v_ridge_43,median_v_ridge,43,18,19,0.0013705908257728655,0.0014605706720044944,0.9232805035645556,0.3844236347740963,0.9383940483289727,0.0012947039175934753,0.004216762817075007,0.351839437375909,0.9371319183078387,0.307037406123676,0.004216762817075007,69.15023421272963,1.8723059037089098e-05,1.4344274859467987e-05,2.8671898689935915e-05,2.3504838943481445,0.37325775623321533,2.8671898689935915e-05,25.039352416992188,22.93179702758789,7.042550086975098,10.993611335754395,9.520225524902344,3.645106077194214,1282.0,-0.3458369831598047,0.6381945037877093,-0.3138153267962222,-0.309835431251018,0.05189628585871721,-0.3138625192218695,43.0,0.8751948756540356,7.456581893785964e-11,5.283427546567381e-10,7.456783282608927e-11,5.283580394779876e-10
synthetic_niah_130,niah_single_1,disagreement_formal,64,32,physical_delete_median_v_ridge_43,median_v_ridge,43,19,20,0.0013034342108107417,0.001593143134621506,0.8246281259989791,0.5657122821207845,0.8181526081901032,0.0011246207114044293,0.004111111397669679,0.28027225035077924,0.9599440445826037,0.27355637019271806,0.004111111397669679,69.2051093406682,1.6250544535207444e-05,2.6932117179967463e-05,3.876944174407981e-05,1.4234862327575684,0.6187826991081238,3.876944174407981e-05,21.141830444335938,19.56041145324707,8.776413917541504,10.312484741210938,10.130725860595703,2.7748873233795166,1282.0,-0.3458369831598047,0.6381945037877093,-0.3138153267962222,-0.309835431251018,0.05189628585871721,-0.3138625192218695,43.0,0.8751948756540356,,,,
synthetic_niah_130,niah_single_1,disagreement_formal,64,32,physical_delete_median_v_ridge_43,median_v_ridge,43,20,21,0.00038305339182248587,0.0006784597135609053,0.5412172625538009,0.8412076349637476,0.5645926857057212,0.0004167692824086732,0.0041310886776337805,0.08205163037633469,0.9968060322321329,0.10088606537669188,0.0041310886776337805,81.80326177484241,5.094775848373878e-06,2.276395207445603e-06,4.775939942192053e-06,2.6783902645111084,0.30297908186912537,4.775939942192053e-06,21.86420249938965,19.403165817260742,7.126279354095459,12.499754905700684,11.063460350036621,5.552474021911621,1282.0,-0.3458369831598047,0.6381945037877093,-0.3138153267962222,-0.309835431251018,0.05189628585871721,-0.3138625192218695,43.0,0.8751948756540356,,,,
synthetic_niah_130,niah_single_1,disagreement_formal,64,32,physical_delete_median_v_ridge_43,median_v_ridge,43,21,22,0.006817524832275206,0.006727756588981684,0.997430477369264,0.07338698920394272,1.0133429683589532,0.007402796313281844,0.008719183601012459,0.8754602853390121,0.48401256689443334,0.8490240201413172,0.008719183601012459,101.8361749229977,7.269318902521021e-05,3.778210884775035e-05,9.11308525246568e-05,2.6851234436035156,0.30079352855682373,9.11308525246568e-05,19.578697204589844,17.827194213867188,5.880270957946777,13.188791275024414,11.12395191192627,7.87544584274292,1282.0,-0.3458369831598047,0.6381945037877093,-0.3138153267962222,-0.309835431251018,0.05189628585871721,-0.3138625192218695,43.0,0.8751948756540356,,,,
synthetic_niah_130,niah_single_1,disagreement_formal,64,32,physical_delete_median_v_ridge_43,median_v_ridge,43,22,23,0.0012100111992180778,0.0022241447677031605,0.5555865227230206,0.8315389756247681,0.544034370778678,0.0011937993556847774,0.011106063856396257,0.2886117285315898,0.9744270479468553,0.10749077000824543,0.011106063856396257,119.15654954866115,1.0018747271607203e-05,1.2471517948142719e-05,1.787620385584887e-05,1.8754531145095825,0.520779550075531,1.787620385584887e-05,21.380332946777344,19.99636459350586,6.623878479003906,13.051065444946289,10.878079414367676,10.915962219238281,1282.0,-0.3458369831598047,0.6381945037877093,-0.3138153267962222,-0.309835431251018,0.05189628585871721,-0.3138625192218695,43.0,0.8751948756540356,7.832063461183291e-11,5.520924192034521e-09,7.832299098084715e-11,5.520794276930013e-09
synthetic_niah_130,niah_single_1,disagreement_formal,64,32,physical_delete_median_v_ridge_43,median_v_ridge,43,23,24,0.0076163954840981285,0.006978851022960484,0.9736048560286008,0.2568236647356125,1.0913537857507085,0.007760377374399277,0.016608358250341813,0.7632691993357432,0.7106638779923217,0.4672573446107813,0.016608358250341813,140.77575251748425,5.5125809918405114e-05,6.226031837286428e-05,0.00010393989941803738,1.7404893636703491,0.5608623027801514,0.00010393989941803738,19.909156799316406,18.781579971313477,8.392389297485352,15.380556106567383,13.596617698669434,12.50644588470459,1282.0,-0.3458369831598047,0.6381945037877093,-0.3138153267962222,-0.309835431251018,0.05189628585871721,-0.3138625192218695,43.0,0.8751948756540356,,,,
synthetic_niah_130,niah_single_1,disagreement_formal,64,32,physical_delete_median_v_ridge_43,median_v_ridge,43,24,25,0.021125009184912398,0.01914939706699196,0.9761425499590903,0.2515577102664866,1.10316837188184,0.021538278079465442,0.026216123180187356,0.7523050517151525,0.6624456219039528,0.8215661000457474,0.026216123180187356,164.47524950758245,0.00013095148445707333,0.00012821842392440885,0.00018926030315924436,1.9463196992874146,0.4994601309299469,0.00018926030315924436,18.98691177368164,18.667274475097656,6.914287567138672,20.6771240234375,15.562912940979004,69.6032943725586,1282.0,-0.3458369831598047,0.6381945037877093,-0.3138153267962222,-0.309835431251018,0.05189628585871721,-0.3138625192218695,43.0,0.8751948756540356,,,,
synthetic_niah_130,niah_single_1,disagreement_formal,64,32,physical_delete_median_v_ridge_43,median_v_ridge,43,25,26,0.0014601715060665135,0.0031585889521290765,0.3308227256480897,0.9528058150387844,0.4622860170147405,0.001548678332988759,0.027469550027875936,0.1121745897242642,0.9952537971172932,0.05637800151138877,0.027469550027875936,199.4741718489731,7.763803797923785e-06,1.5065696970850695e-05,2.158547613362316e-05,1.7337719202041626,0.5529518723487854,2.158547613362316e-05,20.47598648071289,17.90315055847168,8.225096702575684,27.350051879882812,20.682029724121094,66.231689453125,1282.0,-0.3458369831598047,0.6381945037877093,-0.3138153267962222,-0.309835431251018,0.05189628585871721,-0.3138625192218695,43.0,0.8751948756540356,,,,
synthetic_niah_130,niah_single_1,disagreement_formal,64,32,physical_delete_median_v_ridge_43,median_v_ridge,43,26,27,0.06764972105990191,0.06270657004835788,0.9922248023960398,0.15162578911808083,1.0788298739307858,0.07483592420224762,0.07887936047271392,0.92531815179274,0.37991427095873986,0.9487389825901921,0.07887936047271392,245.80156942056078,0.00030445665737066586,0.0001967580319615081,0.0004040791536681354,2.7173407077789307,0.33114194869995117,0.0004040791536681354,19.495769500732422,17.77208709716797,8.451151847839355,38.13288879394531,25.434343338012695,170.11541748046875,1282.0,-0.3458369831598047,0.6381945037877093,-0.3138153267962222,-0.309835431251018,0.05189628585871721,-0.3138625192218695,43.0,0.8751948756540356,2.7258531517379754e-08,3.1011029062639236e-08,2.7260455995349214e-08,3.1005129241295265e-08
synthetic_niah_130,niah_single_1,disagreement_formal,64,32,physical_delete_median_v_ridge_43,median_v_ridge,43,27,28,0.030769054441021976,0.030090418670455088,0.9367642337594019,0.360322799942082,1.022553217952837,0.03345935521653941,0.09737201019170146,0.430444667683788,0.9067828980909829,0.3436239546730749,0.09737201019170146,180.89621929686285,0.0001849643698834322,0.0002183959586545825,0.0001397887390339747,3.234063148498535,0.1435249298810959,0.0001397887390339747,17.471494674682617,16.20535659790039,4.431628704071045,35.81280517578125,25.19927978515625,147.54147338867188,1282.0,-0.3458369831598047,0.6381945037877093,-0.3138153267962222,-0.309835431251018,0.05189628585871721,-0.3138625192218695,43.0,0.8751948756540356,,,,
synthetic_niah_131,niah_single_1,disagreement_formal,64,32,physical_delete_median_v_ridge_43,median_v_ridge,43,0,1,0.005375184947635864,0.005377083014181544,0.9999943815377748,0.0033700980941864934,0.9996470081379301,0.006756234476445174,0.006758628022484859,0.9999922789994236,0.003944864044244715,0.9996458532661182,0.006758628022484859,17.891048340473336,0.0003776321179101139,0.00012707400310318917,0.00038508098805323243,1.550085186958313,0.5415025353431702,0.00038508098805323243,778.5771484375,778.9778442382812,1848.7174072265625,4.936966896057129,4.117948532104492,0.927196741104126,1284.0,-0.2647133973158772,0.6458382887870715,-0.2692922187607481,-0.2736997871231442,0.05338909345115664,-0.11569007825333863,43.0,0.7088412462066018,2.5826567641054176e-09,2.5834172221166768e-09,2.5826662462699293e-09,2.583428367279316e-09
synthetic_niah_131,niah_single_1,disagreement_formal,64,32,physical_delete_median_v_ridge_43,median_v_ridge,43,1,2,0.00347775163865129,0.003717913285136027,0.9473180425858516,0.3205159375810201,0.9354041829203259,0.004105796913207747,0.007655323519494688,0.5169959095332175,0.8562062390087362,0.536332253333529,0.007655323519494688,21.51507656358175,0.00019083347907567145,0.00013677195238415152,0.0003021000593435019,2.793450117111206,0.22785113751888275,0.0003021000593435019,91.35060119628906,91.1332015991211,3904.553466796875,4.397514343261719,3.9803307056427,0.5969142317771912,1284.0,-0.2647133973158772,0.6458382887870715,-0.2692922187607481,-0.2736997871231442,0.05338909345115664,-0.11569007825333863,43.0,0.7088412462066018,,,,
synthetic_niah_131,niah_single_1,disagreement_formal,64,32,physical_delete_median_v_ridge_43,median_v_ridge,43,2,3,0.0008022346684542729,0.0024924587819376586,0.44161765438857115,0.9051599864380016,0.32186476834357475,0.0010129453041961935,0.0078005302176894255,0.11492988218329485,0.9934857371113007,0.12985595541942985,0.0078005302176894255,28.983056668999108,3.4949567803166234e-05,2.662950282683596e-05,3.424769965931773e-05,2.0022547245025635,0.3832941949367523,3.424769965931773e-05,26.533315658569336,27.46445083618164,48.658573150634766,5.413815975189209,5.93316125869751,1.3561681509017944,1284.0,-0.2647133973158772,0.6458382887870715,-0.2692922187607481,-0.2736997871231442,0.05338909345115664,-0.11569007825333863,43.0,0.7088412462066018,,,,
synthetic_niah_131,niah_single_1,disagreement_formal,64,32,physical_delete_median_v_ridge_43,median_v_ridge,43,3,4,0.0009911231608248027,0.0018720020119834331,0.515757155504969,0.8568441684865155,0.529445563883066,0.0009154908492336639,0.008023850721598714,0.0032858864482213706,1.006115365045689,0.1140961965767051,0.008023850721598714,33.545277175657304,2.72911994269645e-05,1.884619086922612e-05,2.7687363399309106e-05,1.9695796966552734,0.44378897547721863,2.7687363399309106e-05,20.96460723876953,21.982481002807617,9.549149513244629,8.336517333984375,6.460625171661377,1.3596605062484741,1284.0,-0.2647133973158772,0.6458382887870715,-0.2692922187607481,-0.2736997871231442,0.05338909345115664,-0.11569007825333863,43.0,0.7088412462066018,,,,
synthetic_niah_131,niah_single_1,disagreement_formal,64,32,physical_delete_median_v_ridge_43,median_v_ridge,43,4,5,0.0003019709418269559,0.0019230561261611837,0.37652732295828506,0.9520544878093814,0.1570265878977501,0.00028255985644362434,0.007442011100191402,0.03890081758400898,0.9992435119349781,0.03796821217269578,0.007442011100191402,34.32740154122034,8.23132086197455e-06,5.978178251098143e-06,7.573860330012394e-06,1.2037004232406616,0.6974661946296692,7.573860330012394e-06,20.64034080505371,19.115318298339844,6.76999044418335,7.957252502441406,6.810142517089844,2.0488202571868896,1284.0,-0.2647133973158772,0.6458382887870715,-0.2692922187607481,-0.2736997871231442,0.05338909345115664,-0.11569007825333863,43.0,0.7088412462066018,3.398516292142465e-12,2.0218078246070663e-09,3.3999268049885266e-12,2.021817821930845e-09
synthetic_niah_131,niah_single_1,disagreement_formal,64,32,physical_delete_median_v_ridge_43,median_v_ridge,43,5,6,0.001121036056457343,0.0027108199216945845,0.45127162548051936,0.8931839092661037,0.4135413228616685,0.0008858948693359806,0.0060984656097848354,0.18367592398006163,0.9837370269168109,0.14526520702430207,0.0060984656097848354,35.614560684244616,2.4874513466282574e-05,2.292507815582212e-05,2.8440672394935973e-05,1.6369131803512573,0.5548150539398193,2.8440672394935973e-05,18.911930084228516,17.88959503173828,5.4835309982299805,8.189901351928711,7.75647497177124,1.5511971712112427,1284.0,-0.2647133973158772,0.6458382887870715,-0.2692922187607481,-0.2736997871231442,0.05338909345115664,-0.11569007825333863,43.0,0.7088412462066018,,,,
synthetic_niah_131,niah_single_1,disagreement_formal,64,32,physical_delete_median_v_ridge_43,median_v_ridge,43,6,7,0.00021524977817323837,0.0013756654184564818,0.20519912063190618,0.9799325945581226,0.15646957122375876,0.0002150072765850653,0.005527311571299099,0.07062958539134442,0.9980071579455149,0.03889906943214558,0.005527311571299099,40.74478180716377,5.276927916871618e-06,3.78659319721919e-06,6.052972366887843e-06,1.3039953708648682,0.63423091173172,6.052972366887843e-06,21.631254196166992,19.71771240234375,6.640367031097412,8.137248039245605,6.750306129455566,1.1526930332183838,1284.0,-0.2647133973158772,0.6458382887870715,-0.2692922187607481,-0.2736997871231442,0.05338909345115664,-0.11569007825333863,43.0,0.7088412462066018,,,,
synthetic_niah_131,niah_single_1,disagreement_formal,64,32,physical_delete_median_v_ridge_43,median_v_ridge,43,7,8,0.0018363584223636436,0.0022024967282013573,0.8415048954045441,0.5403049703749663,0.833762156760743,0.0018981176546938548,0.0055932534652858535,0.36660147687637756,0.9307768483038558,0.3393584192946722,0.0055932534652858535,43.36372754430981,4.3772013205145365e-05,4.584093767334707e-05,5.5885102483443916e-05,2.1567556858062744,0.4092113673686981,5.5885102483443916e-05,34.526588439941406,33.407508850097656,197.54917907714844,7.124953269958496,6.090106964111328,1.2835561037063599,1284.0,-0.2647133973158772,0.6458382887870715,-0.2692922187607481,-0.2736997871231442,0.05338909345115664,-0.11569007825333863,43.0,0.7088412462066018,8.531087962897535e-11,2.0081481438122793e-09,8.531103505718709e-11,2.0081678630021847e-09
synthetic_niah_131,niah_single_1,disagreement_formal,64,32,physical_delete_median_v_ridge_43,median_v_ridge,43,8,9,0.000857885132848005,0.0013214358149634974,0.5818221209915514,0.8161027607616538,0.649206812115731,0.0007450390352278033,0.005049812332200564,0.12191510103076422,0.9928712098251666,0.14753796502040237,0.005049812332200564,43.39402433786127,1.716916203546849e-05,1.558967232995201e-05,3.513236151775345e-05,1.5148624181747437,0.5787993669509888,3.513236151775345e-05,20.258270263671875,21.196823120117188,12.902982711791992,8.789854049682617,8.2647705078125,3.1884195804595947,1284.0,-0.2647133973158772,0.6458382887870715,-0.2692922187607481,-0.2736997871231442,0.05338909345115664,-0.11569007825333863,43.0,0.7088412462066018,,,,
synthetic_niah_131,niah_single_1,disagreement_formal,64,32,physical_delete_median_v_ridge_43,median_v_ridge,43,9,10,0.0003082699774742262,0.000710800558805446,0.46040996891863767,0.8881083270156197,0.4336940561671718,0.00025997544082784473,0.004645996554159258,0.015421659079245342,1.0007023913373572,0.0559568733633919,0.004645996554159258,43.234455333439506,6.0131540648036756e-06,1.1163702765770722e-05,1.0681640560505912e-05,2.077303647994995,0.4336170256137848,1.0681640560505912e-05,21.721559524536133,19.8815975189209,6.634504318237305,7.517180919647217,7.467833042144775,2.914693593978882,1284.0,-0.2647133973158772,0.6458382887870715,-0.2692922187607481,-0.2736997871231442,0.05338909345115664,-0.11569007825333863,43.0,0.7088412462066018,,,,
synthetic_niah_131,niah_single_1,disagreement_formal,64,32,physical_delete_median_v_ridge_43,median_v_ridge,43,10,11,0.000338786474841342,0.0009304100246986707,0.35916018387295845,0.9332891414712327,0.3641259937531991,0.0002990539079536996,0.004382547482091664,0.15511728801608968,0.9917089953694023,0.06823745987367369,0.004382547482091664,49.095172410729916,6.091309863459006e-06,3.419771246626624e-06,7.6264964263828006e-06,2.297013282775879,0.38224270939826965,7.6264964263828006e-06,21.791648864746094,20.02025604248047,11.102385520935059,8.587150573730469,8.533916473388672,3.806143283843994,1284.0,-0.2647133973158772,0.6458382887870715,-0.2692922187607481,-0.2736997871231442,0.05338909345115664,-0.11569007825333863,43.0,0.7088412462066018,1.3714878330653335e-11,2.0724781384973584e-09,1.3714449872153351e-11,2.072500363326989e-09
synthetic_niah_131,niah_single_1,disagreement_formal,64,32,physical_delete_median_v_ridge_43,median_v_ridge,43,11,12,0.0003231838276216528,0.0010792690894113018,0.4716399471554664,0.898446543499498,0.29944694126090154,0.00033644832160548794,0.0042727921832198855,0.020235195158169524,1.0015056596758214,0.07874202797102751,0.0042727921832198855,48.29283157689421,6.966837740085264e-06,6.545435553562129e-06,1.1225852176721673e-05,2.1835100650787354,0.45166826248168945,1.1225852176721673e-05,21.289199829101562,19.675668716430664,7.97908878326416,7.000701427459717,7.327751159667969,1.192598581314087,1284.0,-0.2647133973158772,0.6458382887870715,-0.2692922187607481,-0.2736997871231442,0.05338909345115664,-0.11569007825333863,43.0,0.7088412462066018,,,,
synthetic_niah_131,niah_single_1,disagreement_formal,64,32,physical_delete_median_v_ridge_43,median_v_ridge,43,12,13,0.00026378107260304243,0.000632869133116283,0.5574186001226052,0.84205555263101,0.416801924442372,0.00024198672571326414,0.004120261533802742,0.08701868136977416,0.9966082213571255,0.05873091397912444,0.004120261533802742,51.70261602448504,4.680357481305499e-06,7.609476597281173e-06,7.5107909651705995e-06,1.7368677854537964,0.5286809802055359,7.5107909651705995e-06,20.161195755004883,18.443992614746094,6.829078674316406,8.935403823852539,8.657596588134766,1.346874475479126,1284.0,-0.2647133973158772,0.6458382887870715,-0.2692922187607481,-0.2736997871231442,0.05338909345115664,-0.11569007825333863,43.0,0.7088412462066018,,,,
synthetic_niah_131,niah_single_1,disagreement_formal,64,32,physical_delete_median_v_ridge_43,median_v_ridge,43,13,14,0.0004490167564953209,0.0006127078995456228,0.7227737498780343,0.6911580373351657,0.7328398357982763,0.00040971818496614033,0.004118438669197148,0.10146653055518007,0.9948409290690535,0.09948386218071598,0.004118438669197148,54.283339398289556,7.547770448681172e-06,5.465633876156062e-06,1.078677178156795e-05,2.39921498298645,0.2953784763813019,1.078677178156795e-05,21.895614624023438,19.9183349609375,6.092207431793213,8.892217636108398,7.884169101715088,2.3084053993225098,1284.0,-0.2647133973158772,0.6458382887870715,-0.2692922187607481,-0.2736997871231442,0.05338909345115664,-0.11569007825333863,43.0,0.7088412462066018,,,,
synthetic_niah_131,niah_single_1,disagreement_formal,64,32,physical_delete_median_v_ridge_43,median_v_ridge,43,14,15,0.0008201802764679937,0.0009417125155091015,0.8818002859863386,0.47174790093976826,0.8709454987168712,0.0006744688246788762,0.004135602437597844,0.1930234396871732,0.9816506801056885,0.16308840969506733,0.004135602437597844,53.19246499218874,1.2679781333275704e-05,1.6579084331169724e-05,2.3486090867663734e-05,1.5507253408432007,0.5856848359107971,2.3486090867663734e-05,19.823030471801758,20.090377807617188,12.507719039916992,9.578289031982422,9.954849243164062,2.728849172592163,1284.0,-0.2647133973158772,0.6458382887870715,-0.2692922187607481,-0.2736997871231442,0.05338909345115664,-0.11569007825333863,43.0,0.7088412462066018,4.5502005226556535e-11,2.705662899659517e-09,4.5502913981920145e-11,2.705694315938344e-09
synthetic_niah_131,niah_single_1,disagreement_formal,64,32,physical_delete_median_v_ridge_43,median_v_ridge,43,15,16,0.00036672312799626854,0.0007852443366605372,0.4995600547716772,0.8668902734815924,0.4670178578502805,0.0003063023528441173,0.004014103130735199,0.05173984367703819,0.9989627177892763,0.07630654790576265,0.004014103130735199,52.81827064974745,5.799174207639112e-06,4.947180514136562e-06,7.162837391661014e-06,2.3267366886138916,0.37423357367515564,7.162837391661014e-06,57.334320068359375,55.84490966796875,1393.3857421875,8.945145606994629,8.428606033325195,3.6271986961364746,1284.0,-0.2647133973158772,0.6458382887870715,-0.2692922187607481,-0.2736997871231442,0.05338909345115664,-0.11569007825333863,43.0,0.7088412462066018,,,,
synthetic_niah_131,niah_single_1,disagreement_formal,64,32,physical_delete_median_v_ridge_43,median_v_ridge,43,16,17,0.0012932778719211458,0.0012919904081036204,0.9786187119449117,0.20689654871297064,1.0009964964209102,0.0014362863897891427,0.0043935077121364605,0.3834126248385609,0.9253038326355635,0.326911088791673,0.0043935077121364605,57.93380512973075,2.4791853160221e-05,2.1648986148647964e-05,2.9022385206189938e-05,2.6151504516601562,0.3488902747631073,2.9022385206189938e-05,20.874530792236328,18.63571548461914,6.561486721038818,8.394195556640625,9.160888671875,3.3897416591644287,1284.0,-0.2647133973158772,0.6458382887870715,-0.2692922187607481,-0.2736997871231442,0.05338909345115664,-0.11569007825333863,43.0,0.7088412462066018,,,,
synthetic_niah_131,niah_single_1,disagreement_formal,64,32,physical_delete_median_v_ridge_43,median_v_ridge,43,17,18,0.00024008616048069525,0.0004770622649175227,0.3902192623790665,0.9276351886584295,0.5032595913286135,0.0002209964252741014,0.00427020571097779,0.12276315532143403,0.9949731826799775,0.05175310985744004,0.00427020571097779,64.89011883755114,3.4057022738293e-06,5.970696747681359e-06,5.0999219638470095e-06,2.226168394088745,0.4190472662448883,5.0999219638470095e-06,19.973737716674805,17.113874435424805,7.832027435302734,10.540718078613281,9.679800033569336,4.714171409606934,1284.0,-0.2647133973158772,0.6458382887870715,-0.2692922187607481,-0.2736997871231442,0.05338909345115664,-0.11569007825333863,43.0,0.7088412462066018,,,,
synthetic_niah_131,niah_single_1,disagreement_formal,64,32,physical_delete_median_v_ridge_43,median_v_ridge,43,18,19,0.002877564988574841,0.0029149795307357954,0.9751459579017627,0.22188918795121862,0.9871647324564539,0.003099274277970513,0.005597273530286033,0.6502758473304614,0.7658106886740551,0.5537114206051912,0.005597273530286033,74.71806204953081,4.147958596565306e-05,3.1878127629170194e-05,6.513524567708373e-05,2.161086082458496,0.40347155928611755,6.513524567708373e-05,25.039352416992188,22.86034393310547,7.336312770843506,10.993611335754395,9.501727104187012,3.641465187072754,1284.0,-0.2647133973158772,0.6458382887870715,-0.2692922187607481,-0.2736997871231442,0.05338909345115664,-0.11569007825333863,43.0,0.7088412462066018,4.4480759525879915e-10,4.0218001462755725e-09,4.448006302023733e-10,4.021868759413097e-09
synthetic_niah_131,niah_single_1,disagreement_formal,64,32,physical_delete_median_v_ridge_43,median_v_ridge,43,19,20,0.0008276590307435591,0.0016267528679229897,0.5401145625236091,0.8421746407137903,0.5087798196417505,0.0007580705218446097,0.005747337587261611,-0.012051718152696733,1.0102359564203902,0.13189942479188901,0.005747337587261611,80.1085872188228,9.463036962240783e-06,1.2926614544994663e-05,2.0739451429108158e-05,1.3746329545974731,0.6230390071868896,2.0739451429108158e-05,21.141830444335938,19.585952758789062,8.670860290527344,10.312484741210938,10.096911430358887,2.753114938735962,1284.0,-0.2647133973158772,0.6458382887870715,-0.2692922187607481,-0.2736997871231442,0.05338909345115664,-0.11569007825333863,43.0,0.7088412462066018,,,,
synthetic_niah_131,niah_single_1,disagreement_formal,64,32,physical_delete_median_v_ridge_43,median_v_ridge,43,20,21,0.0019007536014225685,0.0024016032396145157,0.8433309308900901,0.5398929228839912,0.7914519642835178,0.00213866598962716,0.00641053519715021,0.394380817474485,0.9209538346306523,0.333617385109733,0.00641053519715021,94.75077390253429,2.2571488353510504e-05,1.4146547073323745e-05,2.5787672711885534e-05,2.3716952800750732,0.3617476224899292,2.5787672711885534e-05,21.86420249938965,19.349475860595703,7.154960632324219,12.499754905700684,11.109130859375,5.4695963859558105,1284.0,-0.2647133973158772,0.6458382887870715,-0.2692922187607481,-0.2736997871231442,0.05338909345115664,-0.11569007825333863,43.0,0.7088412462066018,,,,
synthetic_niah_131,niah_single_1,disagreement_formal,64,32,physical_delete_median_v_ridge_43,median_v_ridge,43,21,22,0.005037832880046478,0.004801656041162754,0.9849506531648622,0.18438671256952244,1.0491865383232515,0.005275572792070424,0.009006601865301805,0.6951007048238393,0.7271820001413877,0.5857450868784065,0.009006601865301805,126.03219542781528,4.1858929570833344e-05,4.9518566811457276e-05,6.859761197119951e-05,2.3658554553985596,0.4101838171482086,6.859761197119951e-05,19.578697204589844,17.66085433959961,5.151668071746826,13.188791275024414,11.166555404663086,8.024304389953613,1284.0,-0.2647133973158772,0.6458382887870715,-0.2692922187607481,-0.2736997871231442,0.05338909345115664,-0.11569007825333863,43.0,0.7088412462066018,,,,
synthetic_niah_131,niah_single_1,disagreement_formal,64,32,physical_delete_median_v_ridge_43,median_v_ridge,43,22,23,0.0015686169364082885,0.0017063037566774147,0.9017076800959897,0.43270428084334783,0.9193069699751258,0.0016405546254649875,0.010764836010952817,0.4830923676475501,0.9359378176377725,0.1523994070876495,0.010764836010952817,139.77477427377184,1.173712949270583e-05,2.351048169657588e-05,2.4228545953519642e-05,1.5654034614562988,0.5973843932151794,2.4228545953519642e-05,21.380332946777344,19.962722778320312,7.40228796005249,13.051065444946289,10.806314468383789,10.319510459899902,1284.0,-0.2647133973158772,0.6458382887870715,-0.2692922187607481,-0.2736997871231442,0.05338909345115664,-0.11569007825333863,43.0,0.7088412462066018,8.431760918734083e-11,4.4866985298940134e-09,8.431832397931393e-11,4.486534228872423e-09
synthetic_niah_131,niah_single_1,disagreement_formal,64,32,physical_delete_median_v_ridge_43,median_v_ridge,43,23,24,0.009023428844468221,0.009001252582852896,0.9910098861150923,0.1342780516619988,1.0024636861826954,0.008726164792187394,0.015398340802427657,0.6715858758359502,0.7483144254035624,0.5666951332062772,0.015398340802427657,163.4207217757407,5.339692970003004e-05,7.438906322931871e-05,9.462075104238465e-05,1.5230046510696411,0.6250420808792114,9.462075104238465e-05,19.909156799316406,18.799367904663086,8.882219314575195,15.380556106567383,13.401596069335938,10.575352668762207,1284.0,-0.2647133973158772,0.6458382887870715,-0.2692922187607481,-0.2736997871231442,0.05338909345115664,-0.11569007825333863,43.0,0.7088412462066018,,,,
synthetic_niah_131,niah_single_1,disagreement_formal,64,32,physical_delete_median_v_ridge_43,median_v_ridge,43,24,25,0.017572917552218487,0.017084573475967656,0.9980087111434445,0.07009604739026755,1.0285839196944406,0.01816875476204753,0.02635820161699179,0.808338069036465,0.6006323409893425,0.6893017598869515,0.02635820161699179,183.48881375103431,9.901832373661588e-05,0.00010376939462730661,0.00016698399849701673,1.7150181531906128,0.5688129663467407,0.00016698399849701673,18.98691177368164,18.487974166870117,6.178897857666016,20.6771240234375,15.311174392700195,58.58753204345703,1284.0,-0.2647133973158772,0.6458382887870715,-0.2692922187607481,-0.2736997871231442,0.05338909345115664,-0.11569007825333863,43.0,0.7088412462066018,,,,
synthetic_niah_131,niah_single_1,disagreement_formal,64,32,physical_delete_median_v_ridge_43,median_v_ridge,43,25,26,0.0006474546707126756,0.0027702558925518823,0.1482516345543148,0.9926357367700188,0.23371655754019838,0.000697621040780732,0.028723122722019667,0.3442166870708556,0.9919018976009016,0.024287785403149187,0.028723122722019667,218.08180976081204,3.1988960544021046e-06,5.377569777920144e-06,8.910665201256052e-06,1.559352993965149,0.6184529066085815,8.910665201256052e-06,20.47598648071289,17.698436737060547,8.066576957702637,27.350051879882812,19.90163230895996,54.59262466430664,1284.0,-0.2647133973158772,0.6458382887870715,-0.2692922187607481,-0.2736997871231442,0.05338909345115664,-0.11569007825333863,43.0,0.7088412462066018,,,,
synthetic_niah_131,niah_single_1,disagreement_formal,64,32,physical_delete_median_v_ridge_43,median_v_ridge,43,26,27,0.013615666684750744,0.01326344001728917,0.9745207507065907,0.23025419697198635,1.0265562076657668,0.015044059150418423,0.038166589989867404,0.5580418572688018,0.8458391305003317,0.39416828054097497,0.038166589989867404,272.23599231556153,5.5261095428484517e-05,5.010155655327253e-05,7.749800715828314e-05,1.7982374429702759,0.6087456345558167,7.749800715828314e-05,19.495769500732422,17.569852828979492,8.10425090789795,38.13288879394531,24.722946166992188,147.1423797607422,1284.0,-0.2647133973158772,0.6458382887870715,-0.2692922187607481,-0.2736997871231442,0.05338909345115664,-0.11569007825333863,43.0,0.7088412462066018,1.7665010334536274e-09,8.228811572232367e-09,1.7665238584349532e-09,8.228691700951984e-09
synthetic_niah_131,niah_single_1,disagreement_formal,64,32,physical_delete_median_v_ridge_43,median_v_ridge,43,27,28,0.018622617589776947,0.018417173846009334,0.9808013112263216,0.19735788526851927,1.0111550092042014,0.021627538153756506,0.05272476540377146,0.5419568891590276,0.8506723287390546,0.4101969537110442,0.05272476540377146,221.94005608802607,9.744765561913066e-05,9.482839232077822e-05,7.029331027297303e-05,3.204117774963379,0.14852751791477203,7.029331027297303e-05,17.471494674682617,16.107072830200195,4.4015212059021,35.81280517578125,24.387832641601562,130.0479736328125,1284.0,-0.2647133973158772,0.6458382887870715,-0.2692922187607481,-0.2736997871231442,0.05338909345115664,-0.11569007825333863,43.0,0.7088412462066018,,,,
synthetic_niah_131,niah_single_1,disagreement_formal,64,32,physical_delete_low_random_89,low_random,89,0,1,0.0018521254323147869,0.0018534493621979466,0.9999521594016191,0.00980423806767183,0.999285694063101,0.002788699666501953,0.0027932980488407587,0.9999557529053326,0.009542460260833678,0.998353780277506,0.0027932980488407587,17.891048340473336,0.00015587122752294645,0.0003482851025182754,0.0007074099266901612,1.550085186958313,0.5415025353431702,0.0007074099266901612,779.23828125,778.9778442382812,1848.7174072265625,3.605106830596924,4.117948532104492,0.927196741104126,1238.0,-0.23922951538912496,-0.31987119106609285,-0.2562348117980936,-0.26443255390410264,-0.6019327488522548,0.7825369191293416,89.0,0.02481839700199362,4.154078161326706e-10,4.276298220285212e-10,4.1541299780627994e-10,4.276339068476487e-10
synthetic_niah_131,niah_single_1,disagreement_formal,64,32,physical_delete_low_random_89,low_random,89,1,2,0.016539094960805186,0.016807928910757483,0.9993733242235062,0.03858922121750377,0.9840055279041408,0.018272187974709402,0.01880326683654243,0.9894080779746537,0.14623012670519384,0.9717560322655782,0.01880326683654243,21.51507656358175,0.0008492736672682105,0.0007147546857595444,0.0012494816910475492,2.793450117111206,0.22785113751888275,0.0012494816910475492,91.81949615478516,91.1332015991211,3904.553466796875,4.031357288360596,3.9803307056427,0.5969142317771912,1238.0,-0.23922951538912496,-0.31987119106609285,-0.2562348117980936,-0.26443255390410264,-0.6019327488522548,0.7825369191293416,89.0,0.02481839700199362,,,,
synthetic_niah_131,niah_single_1,disagreement_formal,64,32,physical_delete_low_random_89,low_random,89,2,3,9.759672518533259e-05,0.0062865654914268645,-0.006332250919260441,1.0002187894105308,0.015524649400125953,0.00010495934445508189,0.02027637238485247,-0.13577447482999022,1.0007159693216126,0.005176436024300486,0.02027637238485247,28.983056668999108,3.6214035549724685e-06,2.4500902782165213e-06,3.602086962928297e-06,2.0022547245025635,0.3832941949367523,3.602086962928297e-06,31.284643173217773,27.46445083618164,48.658573150634766,6.598900318145752,5.93316125869751,1.3561681509017944,1238.0,-0.23922951538912496,-0.31987119106609285,-0.2562348117980936,-0.26443255390410264,-0.6019327488522548,0.7825369191293416,89.0,0.02481839700199362,,,,
synthetic_niah_131,niah_single_1,disagreement_formal,64,32,physical_delete_low_random_89,low_random,89,3,4,6.0480274240415116e-05,0.0034739092801846423,-0.051193526510178,1.0010422805680559,0.017409860005670765,7.083859387390737e-05,0.018958646215062776,0.13594980857617325,0.9994988814002475,0.003736479549770047,0.018958646215062776,33.545277175657304,2.111730766240697e-06,1.4776802572669112e-06,1.590945771567931e-06,1.9695796966552734,0.44378897547721863,1.590945771567931e-06,27.158641815185547,21.982481002807617,9.549149513244629,6.418147087097168,6.460625171661377,1.3596605062484741,1238.0,-0.23922951538912496,-0.31987119106609285,-0.2562348117980936,-0.26443255390410264,-0.6019327488522548,0.7825369191293416,89.0,0.02481839700199362,,,,
synthetic_niah_131,niah_single_1,disagreement_formal,64,32,physical_delete_low_random_89,low_random,89,4,5,0.0013468265282723776,0.0034796569890800976,0.38774680904943754,0.921766178343857,0.38705726814424674,0.0011867458352307796,0.017711581445213006,0.0835513661330043,0.996640851235716,0.06700394535077087,0.017711581445213006,34.32740154122034,3.457138559718059e-05,1.9093171431450173e-05,5.290056287776679e-05,1.2037004232406616,0.6974661946296692,5.290056287776679e-05,22.473602294921875,19.115318298339844,6.76999044418335,6.360345363616943,6.810142517089844,2.0488202571868896,1238.0,-0.23922951538912496,-0.31987119106609285,-0.2562348117980936,-0.26443255390410264,-0.6019327488522548,0.7825369191293416,89.0,0.02481839700199362,1.8187232727098532e-10,1.462608488250923e-08,1.8187377417629223e-10,1.4626625433846228e-08
synthetic_niah_131,niah_single_1,disagreement_formal,64,32,physical_delete_low_random_89,low_random,89,5,6,0.00038588840098282033,0.004873385282460478,0.18492153008966133,0.9884253649250824,0.07918282233330683,0.0004969334629092121,0.01506236170982555,-0.19103000291716712,1.006823359655374,0.0329917361223008,0.01506236170982555,35.614560684244616,1.3953098209324496e-05,5.633921318803914e-06,1.101075849874178e-05,1.6369131803512573,0.5548150539398193,1.101075849874178e-05,21.283885955810547,17.88959503173828,5.4835309982299805,7.57337760925293,7.75647497177124,1.5511971712112427,1238.0,-0.23922951538912496,-0.31987119106609285,-0.2562348117980936,-0.26443255390410264,-0.6019327488522548,0.7825369191293416,89.0,0.02481839700199362,,,,
synthetic_niah_131,niah_single_1,disagreement_formal,64,32,physical_delete_low_random_89,low_random,89,6,7,0.00043681275116250483,0.0038937911560832815,0.2873594859518104,0.9737102879984669,0.11218186432009096,0.0004439519886661326,0.013146233297735134,-0.07198893904062337,1.0029968121668276,0.03377028070410235,0.013146233297735134,40.74478180716377,1.0895922593652882e-05,8.557228284189478e-06,1.6977599443634972e-05,1.3039953708648682,0.63423091173172,1.6977599443634972e-05,21.1131591796875,19.71771240234375,6.640367031097412,7.451554775238037,6.750306129455566,1.1526930332183838,1238.0,-0.23922951538912496,-0.31987119106609285,-0.2562348117980936,-0.26443255390410264,-0.6019327488522548,0.7825369191293416,89.0,0.02481839700199362,,,,
synthetic_niah_131,niah_single_1,disagreement_formal,64,32,physical_delete_low_random_89,low_random,89,7,8,0.0009318195839610368,0.0025343377561795606,0.25289376499944216,0.9742792746579246,0.36767774211979043,0.0010218410808183172,0.011606644392161447,0.05773660469971534,0.9987916394512946,0.08803932009051799,0.011606644392161447,43.36372754430981,2.3564419820094622e-05,3.777552046813071e-05,4.5302120270207524e-05,2.1567556858062744,0.4092113673686981,4.5302120270207524e-05,33.013519287109375,33.407508850097656,197.54917907714844,5.854135513305664,6.090106964111328,1.2835561037063599,1238.0,-0.23922951538912496,-0.31987119106609285,-0.2562348117980936,-0.26443255390410264,-0.6019327488522548,0.7825369191293416,89.0,0.02481839700199362,1.9416718870129051e-10,1.4860015775408652e-08,1.9416875049509792e-10,1.4860484388887367e-08
synthetic_niah_131,niah_single_1,disagreement_formal,64,32,physical_delete_low_random_89,low_random,89,8,9,0.001557125129807234,0.002369710023779113,0.22043385450817618,1.0686823962458407,0.6570952201670638,0.001430323137069138,0.010259899779227,0.13284119385616663,0.9911590963496391,0.1394090749273285,0.010259899779227,43.39402433786127,3.2961292687048194e-05,2.9329443350434303e-05,5.458911618916318e-05,1.5148624181747437,0.5787993669509888,5.458911618916318e-05,23.598543167114258,21.196823120117188,12.902982711791992,9.247196197509766,8.2647705078125,3.1884195804595947,1238.0,-0.23922951538912496,-0.31987119106609285,-0.2562348117980936,-0.26443255390410264,-0.6019327488522548,0.7825369191293416,89.0,0.02481839700199362,,,,
synthetic_niah_131,niah_single_1,disagreement_formal,64,32,physical_delete_low_random_89,low_random,89,9,10,0.00013862108142218877,0.001316096992354781,0.07722104356766335,0.997410085172683,0.10532740537167083,0.00010922654791631602,0.010129369948682883,0.004961716563642262,1.0000046352358496,0.01078315319409562,0.010129369948682883,43.234455333439506,2.526377332012674e-06,3.065051487283199e-06,4.965420885127969e-06,2.077303647994995,0.4336170256137848,4.965420885127969e-06,23.393009185791016,19.8815975189209,6.634504318237305,8.065986633300781,7.467833042144775,2.914693593978882,1238.0,-0.23922951538912496,-0.31987119106609285,-0.2562348117980936,-0.26443255390410264,-0.6019327488522548,0.7825369191293416,89.0,0.02481839700199362,,,,
synthetic_niah_131,niah_single_1,disagreement_formal,64,32,physical_delete_low_random_89,low_random,89,10,11,3.008212947911323e-05,0.0019001902604021547,0.013005049872930035,0.9999194244131709,0.01583111444469075,3.0803587470549423e-05,0.009596166481780778,-0.030441654147911612,1.0001028640943028,0.0032099888563868625,0.009596166481780778,49.095172410729916,6.274259964472026e-07,7.976892106853484e-07,1.0512962944631e-06,2.297013282775879,0.38224270939826965,1.0512962944631e-06,24.751184463500977,20.02025604248047,11.102385520935059,9.039358139038086,8.533916473388672,3.806143283843994,1238.0,-0.23922951538912496,-0.31987119106609285,-0.2562348117980936,-0.26443255390410264,-0.6019327488522548,0.7825369191293416,89.0,0.02481839700199362,1.5691061111794996e-12,1.3544868488884207e-08,1.5687722883000316e-12,1.3545310565451931e-08
synthetic_niah_131,niah_single_1,disagreement_formal,64,32,physical_delete_low_random_89,low_random,89,11,12,3.056666796842964e-05,0.002721591071563542,-0.30237814725829426,1.0034531696163238,0.01123117586907324,2.6193402094934258e-05,0.009156048193076232,-0.018992893663056412,1.0000584247253161,0.0028607759092772805,0.009156048193076232,48.29283157689421,5.423869597132204e-07,1.121520313063229e-06,8.42723636651499e-07,2.1835100650787354,0.45166826248168945,8.42723636651499e-07,23.712669372558594,19.675668716430664,7.97908878326416,7.919950485229492,7.327751159667969,1.192598581314087,1238.0,-0.23922951538912496,-0.31987119106609285,-0.2562348117980936,-0.26443255390410264,-0.6019327488522548,0.7825369191293416,89.0,0.02481839700199362,,,,
synthetic_niah_131,niah_single_1,disagreement_formal,64,32,physical_delete_low_random_89,low_random,89,12,13,5.935625331817097e-05,0.001228009233570244,0.07381541579994876,0.9975973728209273,0.0483353477282919,4.1705455918897695e-05,0.009100255170973147,0.055225057323172275,0.9997573817151746,0.004582888626235947,0.009100255170973147,51.70261602448504,8.066411165567919e-07,9.31715646856901e-07,1.795962589312694e-06,1.7368677854537964,0.5286809802055359,1.795962589312694e-06,20.821178436279297,18.443992614746094,6.829078674316406,8.587642669677734,8.657596588134766,1.346874475479126,1238.0,-0.23922951538912496,-0.31987119106609285,-0.2562348117980936,-0.26443255390410264,-0.6019327488522548,0.7825369191293416,89.0,0.02481839700199362,,,,
synthetic_niah_131,niah_single_1,disagreement_formal,64,32,physical_delete_low_random_89,low_random,89,13,14,0.00026526796096029335,0.0010938143306707486,0.15190855748265356,0.992538955966909,0.2425164431678508,0.00024814621216978633,0.008932846392694859,0.013176252301462126,1.0000198142104257,0.027779075253405946,0.008932846392694859,54.283339398289556,4.571314420232689e-06,6.0113961808383465e-06,7.053071840346092e-06,2.39921498298645,0.2953784763813019,7.053071840346092e-06,21.645803451538086,19.9183349609375,6.092207431793213,7.589242935180664,7.884169101715088,2.3084053993225098,1238.0,-0.23922951538912496,-0.31987119106609285,-0.2562348117980936,-0.26443255390410264,-0.6019327488522548,0.7825369191293416,89.0,0.02481839700199362,,,,
synthetic_niah_131,niah_single_1,disagreement_formal,64,32,physical_delete_low_random_89,low_random,89,14,15,2.6808588008149802e-05,0.0009130495578894044,-0.1661375435219915,1.0052950951691833,0.02936159135777936,2.4266337124603012e-05,0.008798262755369714,0.057065819744182913,0.9998463994582123,0.0027580827942189946,0.008798262755369714,53.19246499218874,4.5619877041168327e-07,6.626823960687034e-07,9.797407756195753e-07,1.5507253408432007,0.5856848359107971,9.797407756195753e-07,22.06199073791504,20.090377807617188,12.507719039916992,10.268848419189453,9.954849243164062,2.728849172592163,1238.0,-0.23922951538912496,-0.31987119106609285,-0.2562348117980936,-0.26443255390410264,-0.6019327488522548,0.7825369191293416,89.0,0.02481839700199362,1.3136426939233042e-12,1.3319591566896243e-08,1.3145753909663165e-12,1.3320033923933623e-08
synthetic_niah_131,niah_single_1,disagreement_formal,64,32,physical_delete_low_random_89,low_random,89,15,16,0.0003537135157248645,0.0013320512689644006,0.18217743100582795,0.9867931796299803,0.2655404667718669,0.0003146681271056054,0.008563217931157672,0.02318703916897736,0.9998230941941649,0.036746481245171936,0.008563217931157672,52.81827064974745,5.9575620942279e-06,9.835367563937325e-06,1.0548642421781551e-05,2.3267366886138916,0.37423357367515564,1.0548642421781551e-05,56.16080856323242,55.84490966796875,1393.3857421875,8.849037170410156,8.428606033325195,3.6271986961364746,1238.0,-0.23922951538912496,-0.31987119106609285,-0.2562348117980936,-0.26443255390410264,-0.6019327488522548,0.7825369191293416,89.0,0.02481839700199362,,,,
synthetic_niah_131,niah_single_1,disagreement_formal,64,32,physical_delete_low_random_89,low_random,89,16,17,0.0015291311107246959,0.001778429937224142,0.8369135189985111,0.5478142995299716,0.8598208333758913,0.0015494293101836558,0.008584766550407536,0.1602586891709295,0.9872822760337375,0.1804858991896642,0.008584766550407536,57.93380512973075,2.6744822072605623e-05,2.5989225832745433e-05,4.149411688558757e-05,2.6151504516601562,0.3488902747631073,4.149411688558757e-05,20.224491119384766,18.63571548461914,6.561486721038818,9.552337646484375,9.160888671875,3.3897416591644287,1238.0,-0.23922951538912496,-0.31987119106609285,-0.2562348117980936,-0.26443255390410264,-0.6019327488522548,0.7825369191293416,89.0,0.02481839700199362,,,,
synthetic_niah_131,niah_single_1,disagreement_formal,64,32,physical_delete_low_random_89,low_random,89,17,18,0.00019243422194177112,0.0008754727214914539,0.24672188940693757,0.9694600406401962,0.21980607415607478,0.00019063385654926576,0.008501540087633784,0.01478303174914418,0.9999199157726616,0.02242344970254966,0.008501540087633784,64.89011883755114,2.9377948440271343e-06,3.468784370852518e-06,2.9237162380013615e-06,2.226168394088745,0.4190472662448883,2.9237162380013615e-06,19.377559661865234,17.113874435424805,7.832027435302734,9.197626113891602,9.679800033569336,4.714171409606934,1238.0,-0.23922951538912496,-0.31987119106609285,-0.2562348117980936,-0.26443255390410264,-0.6019327488522548,0.7825369191293416,89.0,0.02481839700199362,,,,
synthetic_niah_131,niah_single_1,disagreement_formal,64,32,physical_delete_low_random_89,low_random,89,18,19,0.0011152275005344332,0.0013345072697774271,0.7895346185986338,0.6154388104484857,0.8356848447295713,0.0012460214189791183,0.008724459489048726,0.20250725493706803,0.981098089197269,0.14281932543135445,0.008724459489048726,74.71806204953081,1.6676308041195275e-05,1.893968328658957e-05,2.494696127541829e-05,2.161086082458496,0.40347155928611755,2.494696127541829e-05,24.508663177490234,22.86034393310547,7.336312770843506,9.581958770751953,9.501727104187012,3.641465187072754,1238.0,-0.23922951538912496,-0.31987119106609285,-0.2562348117980936,-0.26443255390410264,-0.6019327488522548,0.7825369191293416,89.0,0.02481839700199362,1.504573896995052e-10,1.087096936525523e-08,1.5045512198559308e-10,1.087121307682881e-08
synthetic_niah_131,niah_single_1,disagreement_formal,64,32,physical_delete_low_random_89,low_random,89,19,20,8.691825821771264e-05,0.0010638182807904406,0.06311598077174294,0.9981792870804916,0.08170404644027215,8.584500927682168e-05,0.00909980459433017,0.013318308558773237,0.9999188530499985,0.009433720074638665,0.00909980459433017,80.1085872188228,1.071608079197919e-06,1.713596589070221e-06,1.7107109897551709e-06,1.3746329545974731,0.6230390071868896,1.7107109897551709e-06,22.554920196533203,19.585952758789062,8.670860290527344,11.111992835998535,10.096911430358887,2.753114938735962,1238.0,-0.23922951538912496,-0.31987119106609285,-0.2562348117980936,-0.26443255390410264,-0.6019327488522548,0.7825369191293416,89.0,0.02481839700199362,,,,
synthetic_niah_131,niah_single_1,disagreement_formal,64,32,physical_delete_low_random_89,low_random,89,20,21,0.006281058620725303,0.0062985929846225315,0.9706022360672815,0.24215614701642105,0.99721614590115,0.006859577335628725,0.011641679314441749,0.5971703596948622,0.802153774643332,0.5892257594760641,0.011641679314441749,94.75077390253429,7.23960032525418e-05,9.364318248117343e-05,0.00011850198643514886,2.3716952800750732,0.3617476224899292,0.00011850198643514886,20.78172492980957,19.349475860595703,7.154960632324219,10.724771499633789,11.109130859375,5.4695963859558105,1238.0,-0.23922951538912496,-0.31987119106609285,-0.2562348117980936,-0.26443255390410264,-0.6019327488522548,0.7825369191293416,89.0,0.02481839700199362,,,,
synthetic_niah_131,niah_single_1,disagreement_formal,64,32,physical_delete_low_random_89,low_random,89,21,22,0.0015536404236484987,0.0020616518006410186,0.7125424135604621,0.7028287294315311,0.7535901179653293,0.001597480879617891,0.012055684071097132,0.1121567007862848,0.9938989239862615,0.13250852213751746,0.012055684071097132,126.03219542781528,1.2675180926550195e-05,3.009524334629532e-05,2.5287434255005792e-05,2.3658554553985596,0.4101838171482086,2.5287434255005792e-05,18.514249801635742,17.66085433959961,5.151668071746826,11.686717987060547,11.166555404663086,8.024304389953613,1238.0,-0.23922951538912496,-0.31987119106609285,-0.2562348117980936,-0.26443255390410264,-0.6019327488522548,0.7825369191293416,89.0,0.02481839700199362,,,,
synthetic_niah_131,niah_single_1,disagreement_formal,64,32,physical_delete_low_random_89,low_random,89,22,23,0.014570258138978115,0.01449834638782281,0.9986402470112079,0.05251282020919214,1.0049599967631966,0.014987505643308578,0.0193692141499137,0.753750093129155,0.657466336918368,0.7737797479705885,0.0193692141499137,139.77477427377184,0.00010722611230230348,0.00011132884537801147,0.00022075245215091854,1.5654034614562988,0.5973843932151794,0.00022075245215091854,22.441200256347656,19.962722778320312,7.40228796005249,10.751169204711914,10.806314468383789,10.319510459899902,1238.0,-0.23922951538912496,-0.31987119106609285,-0.2562348117980936,-0.26443255390410264,-0.6019327488522548,0.7825369191293416,89.0,0.02481839700199362,3.870546106575978e-09,2.0476406261753742e-08,3.87048508097964e-09,2.0475649672868397e-08
synthetic_niah_131,niah_single_1,disagreement_formal,64,32,physical_delete_low_random_89,low_random,89,23,24,0.0018940121284065038,0.002820941517478037,0.7215990699156736,0.6941279351713315,0.6714113414516223,0.0018827387185333406,0.019656643239890404,0.10763572115945905,0.9942610718427121,0.09578129366018029,0.019656643239890404,163.4207217757407,1.152080775360293e-05,3.1478524761041626e-05,3.673839455586858e-05,1.5230046510696411,0.6250420808792114,3.673839455586858e-05,22.16027069091797,18.799367904663086,8.882219314575195,11.575798034667969,13.401596069335938,10.575352668762207,1238.0,-0.23922951538912496,-0.31987119106609285,-0.2562348117980936,-0.26443255390410264,-0.6019327488522548,0.7825369191293416,89.0,0.02481839700199362,,,,
synthetic_niah_131,niah_single_1,disagreement_formal,64,32,physical_delete_low_random_89,low_random,89,24,25,0.001696116650583838,0.002452649047382926,0.6887800123301416,0.7249756813613417,0.6915447819139318,0.0017267611210993478,0.020818470316006234,0.05970091814915115,0.9984868690414431,0.08294370791362761,0.020818470316006234,183.48881375103431,9.41071603112707e-06,3.208129055565223e-05,2.2924181394046172e-05,1.7150181531906128,0.5688129663467407,2.2924181394046172e-05,19.600784301757812,18.487974166870117,6.178897857666016,11.860669136047363,15.311174392700195,58.58753204345703,1238.0,-0.23922951538912496,-0.31987119106609285,-0.2562348117980936,-0.26443255390410264,-0.6019327488522548,0.7825369191293416,89.0,0.02481839700199362,,,,
synthetic_niah_131,niah_single_1,disagreement_formal,64,32,physical_delete_low_random_89,low_random,89,25,26,0.0009977287884226228,0.005690439810455322,0.5603348077265848,0.9133730677185581,0.17533421346263028,0.0010379806093766698,0.020033310579841083,0.1394496838676712,0.9940996029076491,0.051812734856771916,0.020033310579841083,218.08180976081204,4.759592790041072e-06,1.2046220945194364e-05,1.5511834135395475e-05,1.559352993965149,0.6184529066085815,1.5511834135395475e-05,20.67321014404297,17.698436737060547,8.066576957702637,14.969863891601562,19.90163230895996,54.59262466430664,1238.0,-0.23922951538912496,-0.31987119106609285,-0.2562348117980936,-0.26443255390410264,-0.6019327488522548,0.7825369191293416,89.0,0.02481839700199362,,,,
synthetic_niah_131,niah_single_1,disagreement_formal,64,32,physical_delete_low_random_89,low_random,89,26,27,0.0035988747829595173,0.004664118766299727,0.9216266550642076,0.4160645201160796,0.7716087353870451,0.003392465283422103,0.02155525736665345,0.09424135721749194,0.9975498153410727,0.15738458723625987,0.02155525736665345,272.23599231556153,1.2461487015610108e-05,5.070817132946104e-05,3.960847243433818e-05,1.7982374429702759,0.6087456345558167,3.960847243433818e-05,20.80245018005371,17.569852828979492,8.10425090789795,16.982112884521484,24.722946166992188,147.1423797607422,1238.0,-0.23922951538912496,-0.31987119106609285,-0.2562348117980936,-0.26443255390410264,-0.6019327488522548,0.7825369191293416,89.0,0.02481839700199362,1.414433129599268e-10,2.6589141565857167e-08,1.4144416476118642e-10,2.6588556858424754e-08
synthetic_niah_131,niah_single_1,disagreement_formal,64,32,physical_delete_low_random_89,low_random,89,27,28,0.009529447390136385,0.009510945158393649,0.9909560845577924,0.13463581506280553,1.0019453620470524,0.009296552318555223,0.025313051371052084,0.3949014799520815,0.919139105629252,0.367263202775574,0.025313051371052084,221.94005608802607,4.1887672204912915e-05,0.00020330319239292294,6.301886605797336e-05,3.204117774963379,0.14852751791477203,6.301886605797336e-05,18.16290855407715,16.107072830200195,4.4015212059021,15.642929077148438,24.387832641601562,130.0479736328125,1238.0,-0.23922951538912496,-0.31987119106609285,-0.2562348117980936,-0.26443255390410264,-0.6019327488522548,0.7825369191293416,89.0,0.02481839700199362,,,,
synthetic_niah_131,niah_single_1,disagreement_formal,64,32,physical_delete_median_aor_34,median_aor,34,0,1,0.005809514788369347,0.005811334919049842,0.9999951959766413,0.003114985377700624,0.9996867964579828,0.007283420477577758,0.007285122156091786,0.9999942778563351,0.0033906009822351453,0.9997664172984931,0.007285122156091786,17.891048340473336,0.00040709858578276376,0.00013049916015006602,0.00041973229963332415,1.550085186958313,0.5415025353431702,0.00041973229963332415,778.5772094726562,778.9778442382812,1848.7174072265625,4.936966896057129,4.117948532104492,0.927196741104126,1293.0,-0.2258111597448351,0.6903015615899459,-0.22323057884519062,-0.2259555351151989,0.6651729787417987,-0.3305693240213029,34.0,0.10627473104641705,2.821644574559762e-09,2.8722673077718466e-09,2.8216598113585678e-09,2.872284000045605e-09
synthetic_niah_131,niah_single_1,disagreement_formal,64,32,physical_delete_median_aor_34,median_aor,34,1,2,0.002901822239789397,0.003234498056742125,0.9181079170949452,0.3968843490746236,0.8971476219442197,0.003333121080943687,0.007765321084568416,0.41712666236817125,0.9089289723104322,0.42923158548683976,0.007765321084568416,21.51507656358175,0.00015492025190305905,0.00011514462676132098,0.00025058939354494214,2.793450117111206,0.22785113751888275,0.00025058939354494214,91.31464385986328,91.1332015991211,3904.553466796875,4.375242233276367,3.9803307056427,0.5969142317771912,1293.0,-0.2258111597448351,0.6903015615899459,-0.22323057884519062,-0.2259555351151989,0.6651729787417987,-0.3305693240213029,34.0,0.10627473104641705,,,,
synthetic_niah_131,niah_single_1,disagreement_formal,64,32,physical_delete_median_aor_34,median_aor,34,2,3,0.0005103326034779178,0.0022544597190148024,0.220130450011228,0.9754903714076482,0.22636581136208225,0.0004950922825537817,0.007946958295043634,0.09815543322705375,0.9958168265646925,0.06229959491074231,0.007946958295043634,28.983056668999108,1.708212795523886e-05,1.5115263522602618e-05,2.0842053345404565e-05,2.0022547245025635,0.3832941949367523,2.0842053345404565e-05,25.629945755004883,27.46445083618164,48.658573150634766,5.261449813842773,5.93316125869751,1.3561681509017944,1293.0,-0.2258111597448351,0.6903015615899459,-0.22323057884519062,-0.2259555351151989,0.6651729787417987,-0.3305693240213029,34.0,0.10627473104641705,,,,
synthetic_niah_131,niah_single_1,disagreement_formal,64,32,physical_delete_median_aor_34,median_aor,34,3,4,0.0013166835025955309,0.0020297816443029743,0.6302381713690213,0.7766209079280866,0.6486823379702397,0.0011772074229840016,0.008044462349166507,0.07051139092664448,1.0003888043139073,0.1463376136139133,0.008044462349166507,33.545277175657304,3.509308976103086e-05,1.993650039366912e-05,3.200652281520888e-05,1.9695796966552734,0.44378897547721863,3.200652281520888e-05,19.91121482849121,21.982481002807617,9.549149513244629,8.399144172668457,6.460625171661377,1.3596605062484741,1293.0,-0.2258111597448351,0.6903015615899459,-0.22323057884519062,-0.2259555351151989,0.6651729787417987,-0.3305693240213029,34.0,0.10627473104641705,,,,
synthetic_niah_131,niah_single_1,disagreement_formal,64,32,physical_delete_median_aor_34,median_aor,34,4,5,0.0005846875422987791,0.0017680911900958328,0.4201932955662689,0.9118380836335008,0.3306885671813614,0.0005292885029623749,0.007461871698060933,0.06217169238353117,0.9981039178092237,0.07093240468070734,0.007461871698060933,34.32740154122034,1.5418833911060973e-05,1.0184011443925556e-05,1.4825154721620493e-05,1.2037004232406616,0.6974661946296692,1.4825154721620493e-05,19.569377899169922,19.115318298339844,6.76999044418335,8.085247993469238,6.810142517089844,2.0488202571868896,1293.0,-0.2258111597448351,0.6903015615899459,-0.22323057884519062,-0.2259555351151989,0.6651729787417987,-0.3305693240213029,34.0,0.10627473104641705,9.806855918106932e-12,2.5789013941381923e-09,9.805665264907038e-12,2.578916813806586e-09
synthetic_niah_131,niah_single_1,disagreement_formal,64,32,physical_delete_median_aor_34,median_aor,34,5,6,0.002862125847272784,0.0037008719130158267,0.7532754997248444,0.658011869824113,0.7733652810860046,0.0022027696876492967,0.006486339441647333,0.34592833695724773,0.9382822690125404,0.3396013587426224,0.006486339441647333,35.614560684244616,6.185025577540736e-05,4.3749500036938116e-05,6.461399607360363e-05,1.6369131803512573,0.5548150539398193,6.461399607360363e-05,17.907962799072266,17.88959503173828,5.4835309982299805,8.293046951293945,7.75647497177124,1.5511971712112427,1293.0,-0.2258111597448351,0.6903015615899459,-0.22323057884519062,-0.2259555351151989,0.6651729787417987,-0.3305693240213029,34.0,0.10627473104641705,,,,
synthetic_niah_131,niah_single_1,disagreement_formal,64,32,physical_delete_median_aor_34,median_aor,34,6,7,0.00014001596923119097,0.0017502698212756365,0.0791023486329189,0.996866901079604,0.07999679108284238,0.0001361137122557785,0.005783234545594876,0.06960185536010637,0.9986378986711527,0.0235359142332308,0.005783234545594876,40.74478180716377,3.3406415795763792e-06,2.9312834612937877e-06,4.625581368600251e-06,1.3039953708648682,0.63423091173172,4.625581368600251e-06,21.15827178955078,19.71771240234375,6.640367031097412,8.07056999206543,6.750306129455566,1.1526930332183838,1293.0,-0.2258111597448351,0.6903015615899459,-0.22323057884519062,-0.2259555351151989,0.6651729787417987,-0.3305693240213029,34.0,0.10627473104641705,,,,
synthetic_niah_131,niah_single_1,disagreement_formal,64,32,physical_delete_median_aor_34,median_aor,34,7,8,0.0017837005262233757,0.002097275789998948,0.8312309144100837,0.5562606107039753,0.8504844878909655,0.0018879087016184573,0.005716948933390046,0.3444738338420823,0.9389039681112623,0.33023011463196017,0.005716948933390046,43.36372754430981,4.3536587109338317e-05,3.960994217777625e-05,5.1213864935562015e-05,2.1567556858062744,0.4092113673686981,5.1213864935562015e-05,34.50734329223633,33.407508850097656,197.54917907714844,7.318876266479492,6.090106964111328,1.2835561037063599,1293.0,-0.2258111597448351,0.6903015615899459,-0.22323057884519062,-0.2259555351151989,0.6651729787417987,-0.3305693240213029,34.0,0.10627473104641705,5.920125886208505e-11,3.361163902085518e-09,5.920073902640864e-11,3.3611924035871394e-09
synthetic_niah_131,niah_single_1,disagreement_formal,64,32,physical_delete_median_aor_34,median_aor,34,8,9,0.0008608747242413655,0.0013410457161048275,0.5647476560218712,0.8288662043710707,0.6419428613827154,0.0007892937204559409,0.005123517161937205,0.14564532933201746,0.9893725934717073,0.1540531036608275,0.005123517161937205,43.39402433786127,1.8188995662411577e-05,1.6763082385296002e-05,3.422732334001921e-05,1.5148624181747437,0.5787993669509888,3.422732334001921e-05,19.210966110229492,21.196823120117188,12.902982711791992,8.528581619262695,8.2647705078125,3.1884195804595947,1293.0,-0.2258111597448351,0.6903015615899459,-0.22323057884519062,-0.2259555351151989,0.6651729787417987,-0.3305693240213029,34.0,0.10627473104641705,,,,
synthetic_niah_131,niah_single_1,disagreement_formal,64,32,physical_delete_median_aor_34,median_aor,34,9,10,0.0009811790562437076,0.00125941449281995,0.8257374302258632,0.565981471506,0.7790755639525424,0.0009118215428937094,0.004853857391798481,0.14488777306066575,0.9903805928461815,0.1878550334903547,0.004853857391798481,43.234455333439506,2.1090159130291273e-05,2.254517858091276e-05,3.791815470322035e-05,2.077303647994995,0.4336170256137848,3.791815470322035e-05,20.54230308532715,19.8815975189209,6.634504318237305,7.713146209716797,7.467833042144775,2.914693593978882,1293.0,-0.2258111597448351,0.6903015615899459,-0.22323057884519062,-0.2259555351151989,0.6651729787417987,-0.3305693240213029,34.0,0.10627473104641705,,,,
synthetic_niah_131,niah_single_1,disagreement_formal,64,32,physical_delete_median_aor_34,median_aor,34,10,11,0.000870993959672488,0.0013394161228455586,0.6400789838941232,0.7683768160196085,0.6502788377834974,0.0007369033272327043,0.0045809320783642225,0.20531895528950572,0.9797042625485353,0.16086318561960444,0.0045809320783642225,49.095172410729916,1.5009690180284438e-05,9.50642061070539e-06,1.811890433600638e-05,2.297013282775879,0.38224270939826965,1.811890433600638e-05,19.508800506591797,20.02025604248047,11.102385520935059,9.2738037109375,8.533916473388672,3.806143283843994,1293.0,-0.2258111597448351,0.6903015615899459,-0.22323057884519062,-0.2259555351151989,0.6651729787417987,-0.3305693240213029,34.0,0.10627473104641705,2.942009320514442e-11,3.278402840718145e-09,2.941918735964304e-11,3.2784331035717125e-09
synthetic_niah_131,niah_single_1,disagreement_formal,64,32,physical_delete_median_aor_34,median_aor,34,11,12,0.0006413315544535647,0.0013546113967404941,0.6560440428502519,0.776498088628539,0.47344320001792073,0.0005965911782790872,0.004473215022133377,0.14986112083247882,0.9888445846831404,0.13336966260892136,0.004473215022133377,48.29283157689421,1.2353617686077602e-05,1.6930631318246014e-05,2.459541974531021e-05,2.1835100650787354,0.45166826248168945,2.459541974531021e-05,19.70362091064453,19.675668716430664,7.97908878326416,7.181458473205566,7.327751159667969,1.192598581314087,1293.0,-0.2258111597448351,0.6903015615899459,-0.22323057884519062,-0.2259555351151989,0.6651729787417987,-0.3305693240213029,34.0,0.10627473104641705,,,,
synthetic_niah_131,niah_single_1,disagreement_formal,64,32,physical_delete_median_aor_34,median_aor,34,12,13,0.0005896742017313904,0.0007237542428265376,0.8192148295375336,0.573504188444582,0.8147436890020661,0.0005023420778303105,0.0043158090074464864,0.13765133628482926,0.990708790255494,0.11639580828613376,0.0043158090074464864,51.70261602448504,9.715989566029194e-06,1.3059823686489835e-05,1.2971346222911961e-05,1.7368677854537964,0.5286809802055359,1.2971346222911961e-05,18.48004913330078,18.443992614746094,6.829078674316406,9.107260704040527,8.657596588134766,1.346874475479126,1293.0,-0.2258111597448351,0.6903015615899459,-0.22323057884519062,-0.2259555351151989,0.6651729787417987,-0.3305693240213029,34.0,0.10627473104641705,,,,
synthetic_niah_131,niah_single_1,disagreement_formal,64,32,physical_delete_median_aor_34,median_aor,34,13,14,0.001565876264817722,0.0016032083354636992,0.9619582190239868,0.27359481412761905,0.9767141488600234,0.0014496994909929623,0.004517598235880838,0.3320746153013744,0.9433193048652726,0.32090049076936145,0.004517598235880838,54.283339398289556,2.6706158962627154e-05,2.2625559722655453e-05,4.58089416497387e-05,2.39921498298645,0.2953784763813019,4.58089416497387e-05,19.17184829711914,19.9183349609375,6.092207431793213,8.379800796508789,7.884169101715088,2.3084053993225098,1293.0,-0.2258111597448351,0.6903015615899459,-0.22323057884519062,-0.2259555351151989,0.6651729787417987,-0.3305693240213029,34.0,0.10627473104641705,,,,
synthetic_niah_131,niah_single_1,disagreement_formal,64,32,physical_delete_median_aor_34,median_aor,34,14,15,0.0013824872143134114,0.0014396955616869805,0.9335972866161644,0.3593149003741337,0.9602635800956874,0.0011126741360985863,0.0044365996326172705,0.23836487520003297,0.9712552075530247,0.25079435338685035,0.0044365996326172705,53.19246499218874,2.0917890085785296e-05,3.6891047784592956e-05,5.851705645909533e-05,1.5507253408432007,0.5856848359107971,5.851705645909533e-05,18.975479125976562,20.090377807617188,12.507719039916992,9.011869430541992,9.954849243164062,2.728849172592163,1293.0,-0.2258111597448351,0.6903015615899459,-0.22323057884519062,-0.2259555351151989,0.6651729787417987,-0.3305693240213029,34.0,0.10627473104641705,1.0737367287256275e-10,4.5212540580530304e-09,1.0737353038777107e-10,4.52131499650215e-09
synthetic_niah_131,niah_single_1,disagreement_formal,64,32,physical_delete_median_aor_34,median_aor,34,15,16,0.0017484010353618444,0.0019750379353471125,0.8833129888836475,0.46878770583075874,0.8852493433522649,0.0015068658636298719,0.004405453380372225,0.32160368004228307,0.9470950027963906,0.34204558158383097,0.004405453380372225,52.81827064974745,2.8529254083730154e-05,2.562822737672832e-05,3.6123536119703203e-05,2.3267366886138916,0.37423357367515564,3.6123536119703203e-05,55.68730163574219,55.84490966796875,1393.3857421875,8.447860717773438,8.428606033325195,3.6271986961364746,1293.0,-0.2258111597448351,0.6903015615899459,-0.22323057884519062,-0.2259555351151989,0.6651729787417987,-0.3305693240213029,34.0,0.10627473104641705,,,,
synthetic_niah_131,niah_single_1,disagreement_formal,64,32,physical_delete_median_aor_34,median_aor,34,16,17,0.0026991570166879095,0.0026314924550545154,0.9773053802129585,0.21729594591077425,1.025713378544341,0.003154961641901921,0.005365877690537994,0.5778637485519649,0.8161957937393776,0.5879674908478203,0.005365877690537994,57.93380512973075,5.445804284453676e-05,4.496025576372631e-05,5.495487494044937e-05,2.6151504516601562,0.3488902747631073,5.495487494044937e-05,18.785968780517578,18.63571548461914,6.561486721038818,8.240997314453125,9.160888671875,3.3897416591644287,1293.0,-0.2258111597448351,0.6903015615899459,-0.22323057884519062,-0.2259555351151989,0.6651729787417987,-0.3305693240213029,34.0,0.10627473104641705,,,,
synthetic_niah_131,niah_single_1,disagreement_formal,64,32,physical_delete_median_aor_34,median_aor,34,17,18,0.0018389805085546663,0.0019824533952052586,0.8934296740060732,0.45050303612621767,0.927628620679006,0.0017958520146848043,0.005507356045590712,0.2822926117920139,0.9603272510287504,0.32608242500003165,0.005507356045590712,64.89011883755114,2.7675277019920727e-05,3.4342527214903384e-05,2.7709684218280017e-05,2.226168394088745,0.4190472662448883,2.7709684218280017e-05,17.000244140625,17.113874435424805,7.832027435302734,11.137155532836914,9.679800033569336,4.714171409606934,1293.0,-0.2258111597448351,0.6903015615899459,-0.22323057884519062,-0.2259555351151989,0.6651729787417987,-0.3305693240213029,34.0,0.10627473104641705,,,,
synthetic_niah_131,niah_single_1,disagreement_formal,64,32,physical_delete_median_aor_34,median_aor,34,18,19,0.008497939540644582,0.008425275034029941,0.9924062096740239,0.12406833085643733,1.0086245857044602,0.009152843867692394,0.011572214977524708,0.883818796369602,0.4769613736565629,0.7909327544872644,0.011572214977524708,74.71806204953081,0.00012249841091468552,0.00011581324361031875,0.0001985267153941095,2.161086082458496,0.40347155928611755,0.0001985267153941095,22.125261306762695,22.86034393310547,7.336312770843506,10.911870956420898,9.501727104187012,3.641465187072754,1293.0,-0.2258111597448351,0.6903015615899459,-0.22323057884519062,-0.2259555351151989,0.6651729787417987,-0.3305693240213029,34.0,0.10627473104641705,5.864742862945755e-09,1.3658441278755883e-08,5.8645076934492144e-09,1.3657770314865518e-08
synthetic_niah_131,niah_single_1,disagreement_formal,64,32,physical_delete_median_aor_34,median_aor,34,19,20,0.0016008582640326943,0.004031522327702754,0.43221720314079587,0.9024536219298647,0.39708530274837817,0.001494412791809863,0.011649989947380823,-0.11541710641401139,1.0227732722811747,0.12827588680845517,0.011649989947380823,80.1085872188228,1.8654838934155196e-05,2.55304421443725e-05,4.6434346586465836e-05,1.3746329545974731,0.6230390071868896,4.6434346586465836e-05,18.978057861328125,19.585952758789062,8.670860290527344,9.726688385009766,10.096911430358887,2.753114938735962,1293.0,-0.2258111597448351,0.6903015615899459,-0.22323057884519062,-0.2259555351151989,0.6651729787417987,-0.3305693240213029,34.0,0.10627473104641705,,,,
synthetic_niah_131,niah_single_1,disagreement_formal,64,32,physical_delete_median_aor_34,median_aor,34,20,21,0.0061931560758264545,0.006663392427097728,0.8875793617993326,0.46255198954678495,0.9294298877912422,0.00642192518063689,0.014308972922449125,0.5527478008119312,0.8398060308134154,0.4488040626984227,0.014308972922449125,94.75077390253429,6.777702087418121e-05,4.7477737098233774e-05,7.410085527226329e-05,2.3716952800750732,0.3617476224899292,7.410085527226329e-05,19.586238861083984,19.349475860595703,7.154960632324219,12.886897087097168,11.109130859375,5.4695963859558105,1293.0,-0.2258111597448351,0.6903015615899459,-0.22323057884519062,-0.2259555351151989,0.6651729787417987,-0.3305693240213029,34.0,0.10627473104641705,,,,
synthetic_niah_131,niah_single_1,disagreement_formal,64,32,physical_delete_median_aor_34,median_aor,34,21,22,0.012842649813276704,0.012268350416191029,0.978140207040643,0.21899195505630092,1.046811460188466,0.013258958416595416,0.02060729091190563,0.6954053246374802,0.7204962459351795,0.6434110370585006,0.02060729091190563,126.03219542781528,0.00010520294732300732,0.00014093956269789487,0.00018621876370161772,2.3658554553985596,0.4101838171482086,0.00018621876370161772,18.585458755493164,17.66085433959961,5.151668071746826,13.58607006072998,11.166555404663086,8.024304389953613,1293.0,-0.2258111597448351,0.6903015615899459,-0.22323057884519062,-0.2259555351151989,0.6651729787417987,-0.3305693240213029,34.0,0.10627473104641705,,,,
synthetic_niah_131,niah_single_1,disagreement_formal,64,32,physical_delete_median_aor_34,median_aor,34,22,23,0.0017734760965075799,0.002364119327676417,0.7257801949370783,0.6883586678395985,0.750163528441962,0.0017753042144268542,0.02344026854081605,0.2994578502441029,0.979987678839211,0.0757373667172607,0.02344026854081605,139.77477427377184,1.2701177473909774e-05,3.9994698454393074e-05,3.9743379602441564e-05,1.5654034614562988,0.5973843932151794,3.9743379602441564e-05,19.856372833251953,19.962722778320312,7.40228796005249,12.312090873718262,10.806314468383789,10.319510459899902,1293.0,-0.2258111597448351,0.6903015615899459,-0.22323057884519062,-0.2259555351151989,0.6651729787417987,-0.3305693240213029,34.0,0.10627473104641705,7.185630447169316e-11,2.4821562647351953e-08,7.18558134945201e-11,2.4819505040328963e-08
synthetic_niah_131,niah_single_1,disagreement_formal,64,32,physical_delete_median_aor_34,median_aor,34,23,24,0.0054592712451883765,0.00545359117909923,0.9019448206588212,0.44307527331852875,1.0010415276654612,0.005150412967381712,0.026077939495971352,0.2849758842434637,0.9625178658631046,0.19750076374620676,0.026077939495971352,163.4207217757407,3.1516278421836436e-05,5.794997559860349e-05,4.6032557293074206e-05,1.5230046510696411,0.6250420808792114,4.6032557293074206e-05,18.72606658935547,18.799367904663086,8.882219314575195,15.352117538452148,13.401596069335938,10.575352668762207,1293.0,-0.2258111597448351,0.6903015615899459,-0.22323057884519062,-0.2259555351151989,0.6651729787417987,-0.3305693240213029,34.0,0.10627473104641705,,,,
synthetic_niah_131,niah_single_1,disagreement_formal,64,32,physical_delete_median_aor_34,median_aor,34,24,25,0.018662636252895753,0.017851079107139678,0.9905259787346503,0.14790646359489132,1.0454626379103036,0.019528654433334815,0.03428920138011305,0.6151743091185935,0.7897114476266633,0.5695278293842383,0.03428920138011305,183.48881375103431,0.00010642967292726713,0.00013049760309513658,0.00023416458861902356,1.7150181531906128,0.5688129663467407,0.00023416458861902356,18.117164611816406,18.487974166870117,6.178897857666016,20.951265335083008,15.311174392700195,58.58753204345703,1293.0,-0.2258111597448351,0.6903015615899459,-0.22323057884519062,-0.2259555351151989,0.6651729787417987,-0.3305693240213029,34.0,0.10627473104641705,,,,
synthetic_niah_131,niah_single_1,disagreement_formal,64,32,physical_delete_median_aor_34,median_aor,34,25,26,0.001296528394625419,0.004675057978149305,0.17078866279490665,0.9910509782552059,0.27732883756420706,0.0014045968157118097,0.03662126154440012,0.29590777120726186,0.9893291591046383,0.038354681310168885,0.03662126154440012,218.08180976081204,6.440687635765425e-06,8.456697287329007e-06,1.4529176041833125e-05,1.559352993965149,0.6184529066085815,1.4529176041833125e-05,19.583084106445312,17.698436737060547,8.066576957702637,29.383941650390625,19.90163230895996,54.59262466430664,1293.0,-0.2258111597448351,0.6903015615899459,-0.22323057884519062,-0.2259555351151989,0.6651729787417987,-0.3305693240213029,34.0,0.10627473104641705,,,,
synthetic_niah_131,niah_single_1,disagreement_formal,64,32,physical_delete_median_aor_34,median_aor,34,26,27,0.015379152011770718,0.014903853191097608,0.9692549917026717,0.2539055551163723,1.0318910025869696,0.01714671804905504,0.04551833350968105,0.5097221791313389,0.870562130706497,0.37669916112830004,0.04551833350968105,272.23599231556153,6.298475783165171e-05,5.109305857331492e-05,7.863246719352901e-05,1.7982374429702759,0.6087456345558167,7.863246719352901e-05,18.596046447753906,17.569852828979492,8.10425090789795,41.545867919921875,24.722946166992188,147.1423797607422,1293.0,-0.2258111597448351,0.6903015615899459,-0.22323057884519062,-0.2259555351151989,0.6651729787417987,-0.3305693240213029,34.0,0.10627473104641705,2.0082848212621006e-09,2.5505761336335657e-08,2.008324984887669e-09,2.55020886340578e-08
synthetic_niah_131,niah_single_1,disagreement_formal,64,32,physical_delete_median_aor_34,median_aor,34,27,28,0.013233652432994587,0.01288784108852088,0.9092655481006013,0.43250216309819267,1.0268323718533214,0.014765578924545403,0.05465409806850742,0.3728102951112947,0.9335677325720608,0.27016416785502806,0.05465409806850742,221.94005608802607,6.652958093643568e-05,9.111564577324316e-05,4.7156128857750446e-05,3.204117774963379,0.14852751791477203,4.7156128857750446e-05,17.20208168029785,16.107072830200195,4.4015212059021,38.08662414550781,24.387832641601562,130.0479736328125,1293.0,-0.2258111597448351,0.6903015615899459,-0.22323057884519062,-0.2259555351151989,0.6651729787417987,-0.3305693240213029,34.0,0.10627473104641705,,,,
synthetic_niah_131,niah_single_1,disagreement_formal,64,32,physical_delete_median_key_query_22,median_key_query,22,0,1,0.0007960249317350331,0.0007962198834667653,0.9997414988785667,0.022736217945903678,0.9997551533994814,0.0011114443726522713,0.0011121485395732109,0.9997112231796642,0.02403307819952529,0.9993668409426588,0.0011121485395732109,17.891048340473336,6.212293161926956e-05,2.7513351597008295e-05,7.490735879400745e-05,1.550085186958313,0.5415025353431702,7.490735879400745e-05,778.3533935546875,778.9778442382812,1848.7174072265625,4.2228803634643555,4.117948532104492,0.927196741104126,1305.0,-0.26242154121306027,0.3651275705063375,-0.26894869019426154,-0.2738150251320265,1.2225405378230638,-0.11578558706226363,22.0,0.8286381409726902,3.3651148824526033e-11,3.419945267491389e-11,3.3650076682633915e-11,3.419793577395798e-11
synthetic_niah_131,niah_single_1,disagreement_formal,64,32,physical_delete_median_key_query_22,median_key_query,22,1,2,0.0025341474356249507,0.0025480536632834848,0.9951091953230747,0.09878264334917532,0.994542411779266,0.002616411232460771,0.0028528667652399395,0.9268900607099653,0.3754601676677593,0.9171165174412618,0.0028528667652399395,21.51507656358175,0.00012160826965819546,9.050103108165786e-05,0.00016582071839366108,2.793450117111206,0.22785113751888275,0.00016582071839366108,91.32377624511719,91.1332015991211,3904.553466796875,4.720152854919434,3.9803307056427,0.5969142317771912,1305.0,-0.26242154121306027,0.3651275705063375,-0.26894869019426154,-0.2738150251320265,1.2225405378230638,-0.11578558706226363,22.0,0.8286381409726902,,,,
synthetic_niah_131,niah_single_1,disagreement_formal,64,32,physical_delete_median_key_query_22,median_key_query,22,2,3,0.0003438795238125511,0.0008462904043108718,0.3648412615161434,0.9319939867698631,0.40633749604259045,0.0003565828546697365,0.003018681499394213,0.33696862983650355,0.9666149786568761,0.11812536524349962,0.003018681499394213,28.983056668999108,1.2303148654818905e-05,4.343054115452105e-06,1.0489178748684935e-05,2.0022547245025635,0.3832941949367523,1.0489178748684935e-05,28.460372924804688,27.46445083618164,48.658573150634766,7.0680742263793945,5.93316125869751,1.3561681509017944,1305.0,-0.26242154121306027,0.3651275705063375,-0.26894869019426154,-0.2738150251320265,1.2225405378230638,-0.11578558706226363,22.0,0.8286381409726902,,,,
synthetic_niah_131,niah_single_1,disagreement_formal,64,32,physical_delete_median_key_query_22,median_key_query,22,3,4,0.0008800042613188127,0.00128596519249604,0.6062090453951842,0.7991314102273976,0.6843142150766438,0.0008126317533396155,0.003372195111546538,0.33616542264443955,0.946600794106324,0.24098005200147823,0.003372195111546538,33.545277175657304,2.4224922902986635e-05,1.3491146091837436e-05,2.4304155886056833e-05,1.9695796966552734,0.44378897547721863,2.4304155886056833e-05,21.076740264892578,21.982481002807617,9.549149513244629,7.564949035644531,6.460625171661377,1.3596605062484741,1305.0,-0.26242154121306027,0.3651275705063375,-0.26894869019426154,-0.2738150251320265,1.2225405378230638,-0.11578558706226363,22.0,0.8286381409726902,,,,
synthetic_niah_131,niah_single_1,disagreement_formal,64,32,physical_delete_median_key_query_22,median_key_query,22,4,5,0.00029223420801525627,0.0008329796129245707,0.4407787972912257,0.902111325936286,0.3508299644804382,0.0002707071190364,0.0031535048536829014,0.1374857511044756,0.991849089187073,0.0858432542826905,0.0031535048536829014,34.32740154122034,7.8860358454844e-06,7.912892215244938e-06,9.054263500729576e-06,1.2037004232406616,0.6974661946296692,9.054263500729576e-06,18.55060577392578,19.115318298339844,6.76999044418335,6.882534503936768,6.810142517089844,2.0488202571868896,1305.0,-0.26242154121306027,0.3651275705063375,-0.26894869019426154,-0.2738150251320265,1.2225405378230638,-0.11578558706226363,22.0,0.8286381409726902,4.37859472787783e-12,7.389247250165871e-10,4.379077704978242e-12,7.389454139184135e-10
synthetic_niah_131,niah_single_1,disagreement_formal,64,32,physical_delete_median_key_query_22,median_key_query,22,5,6,0.004254059328547404,0.004525815454422154,0.9704814354637421,0.24310017358208844,0.9399542185023875,0.004396948970389779,0.00491628320352185,0.8594096414155422,0.5124811289734676,0.8943644595657064,0.00491628320352185,35.614560684244616,0.00012345930669685132,7.653789361938834e-05,0.00013173649495001882,1.6369131803512573,0.5548150539398193,0.00013173649495001882,17.933589935302734,17.88959503173828,5.4835309982299805,9.07262897491455,7.75647497177124,1.5511971712112427,1305.0,-0.26242154121306027,0.3651275705063375,-0.26894869019426154,-0.2738150251320265,1.2225405378230638,-0.11578558706226363,22.0,0.8286381409726902,,,,
synthetic_niah_131,niah_single_1,disagreement_formal,64,32,physical_delete_median_key_query_22,median_key_query,22,6,7,0.0022687873453033393,0.0029370787954597828,0.7491035258446366,0.6628647031763659,0.7724639014828247,0.0022800764219124657,0.004811681475665431,0.43963361649215094,0.8988291907068588,0.47386270962525484,0.004811681475665431,40.74478180716377,5.595996151614147e-05,4.330759111326188e-05,8.059855463216081e-05,1.3039953708648682,0.63423091173172,8.059855463216081e-05,21.020477294921875,19.71771240234375,6.640367031097412,7.761638641357422,6.750306129455566,1.1526930332183838,1305.0,-0.26242154121306027,0.3651275705063375,-0.26894869019426154,-0.2738150251320265,1.2225405378230638,-0.11578558706226363,22.0,0.8286381409726902,,,,
synthetic_niah_131,niah_single_1,disagreement_formal,64,32,physical_delete_median_key_query_22,median_key_query,22,7,8,0.000864816687244913,0.001483679568960199,0.6241860058754465,0.7823665924840423,0.5828864300200608,0.0007851708766817858,0.0041759282404978185,0.1900287588326088,0.9817805730287001,0.18802307689755332,0.0041759282404978185,43.36372754430981,1.8106627846498772e-05,2.1434550944832154e-05,3.1935687729856e-05,2.1567556858062744,0.4092113673686981,3.1935687729856e-05,34.85817337036133,33.407508850097656,197.54917907714844,6.982377052307129,6.090106964111328,1.2835561037063599,1305.0,-0.26242154121306027,0.3651275705063375,-0.26894869019426154,-0.2738150251320265,1.2225405378230638,-0.11578558706226363,22.0,0.8286381409726902,2.829095263224133e-11,1.700190747881358e-09,2.829130510617031e-11,1.7002012675536845e-09
synthetic_niah_131,niah_single_1,disagreement_formal,64,32,physical_delete_median_key_query_22,median_key_query,22,8,9,0.000401695798202424,0.0008705316234488551,0.46775554528226165,0.8838804611224421,0.46143734171424294,0.0002999304670488479,0.003577192571919235,0.10856135879103032,0.9943969626483711,0.08384521129873901,0.003577192571919235,43.39402433786127,6.911791925856453e-06,9.345076250610873e-06,1.4474591807811521e-05,1.5148624181747437,0.5787993669509888,1.4474591807811521e-05,20.445594787597656,21.196823120117188,12.902982711791992,9.005279541015625,8.2647705078125,3.1884195804595947,1305.0,-0.26242154121306027,0.3651275705063375,-0.26894869019426154,-0.2738150251320265,1.2225405378230638,-0.11578558706226363,22.0,0.8286381409726902,,,,
synthetic_niah_131,niah_single_1,disagreement_formal,64,32,physical_delete_median_key_query_22,median_key_query,22,9,10,0.009923708022535482,0.009959583587998371,0.9988507845805524,0.047990903921284904,0.9963978849973084,0.008537637156781878,0.009098946848844842,0.928577505636911,0.3712661400588739,0.9383104768730213,0.009098946848844842,43.234455333439506,0.0001974729897933623,0.0001982816174859181,0.0004261826106812805,2.077303647994995,0.4336170256137848,0.0004261826106812805,19.596691131591797,19.8815975189209,6.634504318237305,8.058574676513672,7.467833042144775,2.914693593978882,1305.0,-0.26242154121306027,0.3651275705063375,-0.26894869019426154,-0.2738150251320265,1.2225405378230638,-0.11578558706226363,22.0,0.8286381409726902,,,,
synthetic_niah_131,niah_single_1,disagreement_formal,64,32,physical_delete_median_key_query_22,median_key_query,22,10,11,0.001224303918795807,0.0033816018287226505,0.29506367951233864,0.957822735767943,0.3620485145225597,0.0011022187901027663,0.007805517041932196,0.1934277105421382,0.9825031231301237,0.14121022146021994,0.007805517041932196,49.095172410729916,2.245065524735529e-05,2.9564014766947366e-05,2.9940107197035104e-05,2.297013282775879,0.38224270939826965,2.9940107197035104e-05,20.047637939453125,20.02025604248047,11.102385520935059,8.699039459228516,8.533916473388672,3.806143283843994,1305.0,-0.26242154121306027,0.3651275705063375,-0.26894869019426154,-0.2738150251320265,1.2225405378230638,-0.11578558706226363,22.0,0.8286381409726902,3.0542391132645464e-11,6.118580657964065e-09,3.0544391055115445e-11,6.118536890666207e-09
synthetic_niah_131,niah_single_1,disagreement_formal,64,32,physical_delete_median_key_query_22,median_key_query,22,11,12,0.03876277918268564,0.0382045449415974,0.9976978696056321,0.06989305711295557,1.014611723341859,0.035295078998708845,0.03543203372791513,0.9808791750984481,0.19521469081567056,0.9961347200598766,0.03543203372791513,48.29283157689421,0.0007308554467863475,0.0006925531779415905,0.001327125821262598,2.1835100650787354,0.45166826248168945,0.001327125821262598,18.853458404541016,19.675668716430664,7.97908878326416,8.050750732421875,7.327751159667969,1.192598581314087,1305.0,-0.26242154121306027,0.3651275705063375,-0.26894869019426154,-0.2738150251320265,1.2225405378230638,-0.11578558706226363,22.0,0.8286381409726902,,,,
synthetic_niah_131,niah_single_1,disagreement_formal,64,32,physical_delete_median_key_query_22,median_key_query,22,12,13,0.003780669531888328,0.007664587210399979,0.5523388299413274,0.8357102259615233,0.4932645983541536,0.00316789465604136,0.03257422993263203,0.09606034600954831,0.99537622480838,0.09725155936435029,0.03257422993263203,51.70261602448504,6.127145780285326e-05,6.939107697689906e-05,0.00015592992713209242,1.7368677854537964,0.5286809802055359,0.00015592992713209242,19.06340789794922,18.443992614746094,6.829078674316406,9.325103759765625,8.657596588134766,1.346874475479126,1305.0,-0.26242154121306027,0.3651275705063375,-0.26894869019426154,-0.2738150251320265,1.2225405378230638,-0.11578558706226363,22.0,0.8286381409726902,,,,
synthetic_niah_131,niah_single_1,disagreement_formal,64,32,physical_delete_median_key_query_22,median_key_query,22,13,14,0.0015105523522471842,0.004949058118203912,0.37327498571043033,0.9302135470967818,0.3052201683974943,0.001416531981106527,0.031165152189481446,0.09156041481692272,0.996866408531005,0.04545243265600419,0.031165152189481446,54.283339398289556,2.609515178705386e-05,2.1581610781140625e-05,3.784093860303983e-05,2.39921498298645,0.2953784763813019,3.784093860303983e-05,21.32840347290039,19.9183349609375,6.092207431793213,9.312055587768555,7.884169101715088,2.3084053993225098,1305.0,-0.26242154121306027,0.3651275705063375,-0.26894869019426154,-0.2738150251320265,1.2225405378230638,-0.11578558706226363,22.0,0.8286381409726902,,,,
synthetic_niah_131,niah_single_1,disagreement_formal,64,32,physical_delete_median_key_query_22,median_key_query,22,14,15,0.0013670709706770027,0.0048362263610495565,0.31039445814793526,0.9510119639130349,0.28267307371864236,0.0011140817328011623,0.029248089058034464,0.022451842731806965,0.9998702367151792,0.038090752889550696,0.029248089058034464,53.19246499218874,2.0944352418425505e-05,1.5673178495489992e-05,4.0064471249934286e-05,1.5507253408432007,0.5856848359107971,4.0064471249934286e-05,19.68105697631836,20.090377807617188,12.507719039916992,10.90955638885498,9.954849243164062,2.728849172592163,1305.0,-0.26242154121306027,0.3651275705063375,-0.26894869019426154,-0.2738150251320265,1.2225405378230638,-0.11578558706226363,22.0,0.8286381409726902,5.911249827022491e-11,1.1102589675479339e-07,5.911248083233979e-11,1.1098527685014755e-07
synthetic_niah_131,niah_single_1,disagreement_formal,64,32,physical_delete_median_key_query_22,median_key_query,22,15,16,0.008005510330706723,0.012407933720944574,0.6304503562457953,0.7763695575769831,0.6451928669794096,0.00741395715473049,0.026192877354676156,0.3499115246385839,0.9391656220561581,0.28305241361376793,0.026192877354676156,52.81827064974745,0.00014036728320573934,0.00012892633094452322,0.0002168220526073128,2.3267366886138916,0.37423357367515564,0.0002168220526073128,56.81373596191406,55.84490966796875,1393.3857421875,8.538305282592773,8.428606033325195,3.6271986961364746,1305.0,-0.26242154121306027,0.3651275705063375,-0.26894869019426154,-0.2738150251320265,1.2225405378230638,-0.11578558706226363,22.0,0.8286381409726902,,,,
synthetic_niah_131,niah_single_1,disagreement_formal,64,32,physical_delete_median_key_query_22,median_key_query,22,16,17,0.008835472239564367,0.009899458568447242,0.8986880708455077,0.43863172149284946,0.8925207554002861,0.009347073560639255,0.026640680373146704,0.31995095544275104,0.9479380675095557,0.35085716392066796,0.026640680373146704,57.93380512973075,0.0001613405772278969,0.00016548315761610866,0.0002738028997555375,2.6151504516601562,0.3488902747631073,0.0002738028997555375,19.409278869628906,18.63571548461914,6.561486721038818,8.031317710876465,9.160888671875,3.3897416591644287,1305.0,-0.26242154121306027,0.3651275705063375,-0.26894869019426154,-0.2738150251320265,1.2225405378230638,-0.11578558706226363,22.0,0.8286381409726902,,,,
synthetic_niah_131,niah_single_1,disagreement_formal,64,32,physical_delete_median_key_query_22,median_key_query,22,17,18,0.004924081010531001,0.007605380501823829,0.6744749418443806,0.7387922988873433,0.6474470290276954,0.004933563990237289,0.02615900810968404,0.1480095399361249,0.989818510708624,0.18859904662864063,0.02615900810968404,64.89011883755114,7.602951078866408e-05,5.79403385927435e-05,9.257709461962804e-05,2.226168394088745,0.4190472662448883,9.257709461962804e-05,17.342395782470703,17.113874435424805,7.832027435302734,10.164650917053223,9.679800033569336,4.714171409606934,1305.0,-0.26242154121306027,0.3651275705063375,-0.26894869019426154,-0.2738150251320265,1.2225405378230638,-0.11578558706226363,22.0,0.8286381409726902,,,,
synthetic_niah_131,niah_single_1,disagreement_formal,64,32,physical_delete_median_key_query_22,median_key_query,22,18,19,0.0019499874045554235,0.006029913430595094,0.32947775725492046,0.9441829914724124,0.3233856384506964,0.0020482840621149656,0.025710847661373045,0.037288408392593946,1.0002027029436276,0.07966614283169769,0.025710847661373045,74.71806204953081,2.741350626515383e-05,3.538942473824136e-05,7.143679249566048e-05,2.161086082458496,0.40347155928611755,7.143679249566048e-05,23.656131744384766,22.86034393310547,7.336312770843506,10.571054458618164,9.501727104187012,3.641465187072754,1305.0,-0.26242154121306027,0.3651275705063375,-0.26894869019426154,-0.2738150251320265,1.2225405378230638,-0.11578558706226363,22.0,0.8286381409726902,8.502509322707376e-10,7.284056611237623e-08,8.502602187686408e-10,7.282862244297551e-08
synthetic_niah_131,niah_single_1,disagreement_formal,64,32,physical_delete_median_key_query_22,median_key_query,22,19,20,0.0002548185314657903,0.004992460860217705,-0.053551460955407346,1.004027765664773,0.051040666837532,0.00024925213886824876,0.025921000479353095,0.049929291935786074,0.9995660260247552,0.009615837902043406,0.025921000479353095,80.1085872188228,3.1114284688031917e-06,4.712026111519663e-06,5.037240953242872e-06,1.3746329545974731,0.6230390071868896,5.037240953242872e-06,18.953418731689453,19.585952758789062,8.670860290527344,11.523584365844727,10.096911430358887,2.753114938735962,1305.0,-0.26242154121306027,0.3651275705063375,-0.26894869019426154,-0.2738150251320265,1.2225405378230638,-0.11578558706226363,22.0,0.8286381409726902,,,,
synthetic_niah_131,niah_single_1,disagreement_formal,64,32,physical_delete_median_key_query_22,median_key_query,22,20,21,0.002384200090332037,0.007788190098845147,0.24533693824159336,0.9713421672165454,0.30613018686916393,0.002467508108263227,0.026505465809878833,0.09880732130474212,0.9951229832186461,0.09309431216800439,0.026505465809878833,94.75077390253429,2.6042089226642495e-05,1.5631520000169985e-05,3.441099761403166e-05,2.3716952800750732,0.3617476224899292,3.441099761403166e-05,21.075149536132812,19.349475860595703,7.154960632324219,11.469789505004883,11.109130859375,5.4695963859558105,1305.0,-0.26242154121306027,0.3651275705063375,-0.26894869019426154,-0.2738150251320265,1.2225405378230638,-0.11578558706226363,22.0,0.8286381409726902,,,,
synthetic_niah_131,niah_single_1,disagreement_formal,64,32,physical_delete_median_key_query_22,median_key_query,22,21,22,0.004237727645599071,0.005287538736049684,0.8337854032972245,0.5530344618727098,0.8014556218201956,0.0041554738514182205,0.028058719970888563,0.24869379062318522,0.9737919033834673,0.1480991953920065,0.028058719970888563,126.03219542781528,3.2971526341443926e-05,4.938551501254551e-05,8.164046448655427e-05,2.3658554553985596,0.4101838171482086,8.164046448655427e-05,18.15799331665039,17.66085433959961,5.151668071746826,12.051054000854492,11.166555404663086,8.024304389953613,1305.0,-0.26242154121306027,0.3651275705063375,-0.26894869019426154,-0.2738150251320265,1.2225405378230638,-0.11578558706226363,22.0,0.8286381409726902,,,,
synthetic_niah_131,niah_single_1,disagreement_formal,64,32,physical_delete_median_key_query_22,median_key_query,22,22,23,0.0022501450571576855,0.00290349105157912,0.793493152610173,0.6088607268260815,0.7749791603228466,0.002142361804071076,0.03032871567093062,0.04427166584965949,0.9993674032273504,0.07063806549924172,0.03032871567093062,139.77477427377184,1.5327242095021443e-05,3.87861073249951e-05,3.759504033951089e-05,1.5654034614562988,0.5973843932151794,3.759504033951089e-05,20.460262298583984,19.962722778320312,7.40228796005249,12.627809524536133,10.806314468383789,10.319510459899902,1305.0,-0.26242154121306027,0.3651275705063375,-0.26894869019426154,-0.2738150251320265,1.2225405378230638,-0.11578558706226363,22.0,0.8286381409726902,2.177745663862717e-10,6.386450778345088e-08,2.1777378112034376e-10,6.385337737902903e-08
synthetic_niah_131,niah_single_1,disagreement_formal,64,32,physical_delete_median_key_query_22,median_key_query,22,23,24,0.003882879347914768,0.0045614785494914566,0.7363094218162742,0.686335032901252,0.8512326224459954,0.003716228906959804,0.03259468843188479,0.11076377036499291,0.9938520749085828,0.11401332811405288,0.03259468843188479,163.4207217757407,2.274025513153416e-05,5.384350151871331e-05,7.192666089395061e-05,1.5230046510696411,0.6250420808792114,7.192666089395061e-05,18.101221084594727,18.799367904663086,8.882219314575195,15.552007675170898,13.401596069335938,10.575352668762207,1305.0,-0.26242154121306027,0.3651275705063375,-0.26894869019426154,-0.2738150251320265,1.2225405378230638,-0.11578558706226363,22.0,0.8286381409726902,,,,
synthetic_niah_131,niah_single_1,disagreement_formal,64,32,physical_delete_median_key_query_22,median_key_query,22,24,25,0.007471381751550487,0.008615206292911123,0.8967671496648366,0.44348732795218127,0.8672319033959973,0.007417488613319809,0.0382666133251061,0.33025467285459686,0.9536989097825731,0.19383708065049268,0.0382666133251061,183.48881375103431,4.042474558358737e-05,9.063646575668827e-05,0.00015495710249524564,1.7150181531906128,0.5688129663467407,0.00015495710249524564,18.3109188079834,18.487974166870117,6.178897857666016,17.204364776611328,15.311174392700195,58.58753204345703,1305.0,-0.26242154121306027,0.3651275705063375,-0.26894869019426154,-0.2738150251320265,1.2225405378230638,-0.11578558706226363,22.0,0.8286381409726902,,,,
synthetic_niah_131,niah_single_1,disagreement_formal,64,32,physical_delete_median_key_query_22,median_key_query,22,25,26,0.0025495319846260554,0.01106501606970636,-0.15264277825296035,1.05992098557047,0.23041376248934037,0.0023915059430547466,0.04195740774993826,0.10238061485339373,0.9957799723457511,0.056998419857296014,0.04195740774993826,218.08180976081204,1.096609545600206e-05,2.0995001250412315e-05,2.3881961169536225e-05,1.559352993965149,0.6184529066085815,2.3881961169536225e-05,18.616361618041992,17.698436737060547,8.066576957702637,26.82750701904297,19.90163230895996,54.59262466430664,1305.0,-0.26242154121306027,0.3651275705063375,-0.26894869019426154,-0.2738150251320265,1.2225405378230638,-0.11578558706226363,22.0,0.8286381409726902,,,,
synthetic_niah_131,niah_single_1,disagreement_formal,64,32,physical_delete_median_key_query_22,median_key_query,22,26,27,0.014379192726936944,0.015100791420072451,0.9666005571599857,0.25669110075082896,0.9522145116065681,0.01574206717085426,0.04981847507943797,0.3264072376835634,0.9452866572969532,0.31598853930700954,0.04981847507943797,272.23599231556153,5.7825076827486094e-05,6.60266014165245e-05,9.955973655451089e-05,1.7982374429702759,0.6087456345558167,9.955973655451089e-05,16.38519859313965,17.569852828979492,8.10425090789795,26.07683753967285,24.722946166992188,147.1423797607422,1305.0,-0.26242154121306027,0.3651275705063375,-0.26894869019426154,-0.2738150251320265,1.2225405378230638,-0.11578558706226363,22.0,0.8286381409726902,1.556894738220373e-09,8.40036544682291e-08,1.5569516249187973e-09,8.398587649713658e-08
synthetic_niah_131,niah_single_1,disagreement_formal,64,32,physical_delete_median_key_query_22,median_key_query,22,27,28,0.018095991443466904,0.01889832653641848,0.9863159585683312,0.1673577549670483,0.9575446486541855,0.015308751818252874,0.06164984807891889,0.30558002977034526,0.9538866880376857,0.24831775414362597,0.06164984807891889,221.94005608802607,6.897696652009993e-05,0.00022088289551902562,0.00011082019773311913,3.204117774963379,0.14852751791477203,0.00011082019773311913,13.8710355758667,16.107072830200195,4.4015212059021,23.88890838623047,24.387832641601562,130.0479736328125,1305.0,-0.26242154121306027,0.3651275705063375,-0.26894869019426154,-0.2738150251320265,1.2225405378230638,-0.11578558706226363,22.0,0.8286381409726902,,,,
synthetic_niah_131,niah_single_1,disagreement_formal,64,32,physical_delete_low_v_ridge_74,low_v_ridge,74,0,1,0.002918931839032998,0.0029179124622542517,0.9999807628885885,0.006213671237070662,1.0003493513914254,0.003999840657479022,0.003998120503811586,0.9999774463858055,0.006731399728249463,1.0004302405757395,0.003998120503811586,17.891048340473336,0.0002235665893557806,7.926152466097847e-05,0.0002055126242339611,1.550085186958313,0.5415025353431702,0.0002055126242339611,778.4987182617188,778.9778442382812,1848.7174072265625,4.92659854888916,4.117948532104492,0.927196741104126,1253.0,-0.28840783167734124,0.7022287926885706,-0.2993676786384416,-0.3054390293609596,-1.4756603175906282,0.9474393540703291,74.0,0.007805034810899891,2.2996093531634243e-10,2.2874209110706108e-10,2.2996379144749998e-10,2.2874385350960338e-10
synthetic_niah_131,niah_single_1,disagreement_formal,64,32,physical_delete_low_v_ridge_74,low_v_ridge,74,1,2,0.0009725113134291577,0.0012593029695271564,0.8400113918577261,0.5467823124542346,0.7722615899129633,0.001052327732055658,0.004061145837584797,0.21009503014784722,0.978909400015864,0.25912089201935373,0.004061145837584797,21.51507656358175,4.8911177654692504e-05,4.100147634744644e-05,7.968426507432014e-05,2.793450117111206,0.22785113751888275,7.968426507432014e-05,91.7200927734375,91.1332015991211,3904.553466796875,3.9812302589416504,3.9803307056427,0.5969142317771912,1253.0,-0.28840783167734124,0.7022287926885706,-0.2993676786384416,-0.3054390293609596,-1.4756603175906282,0.9474393540703291,74.0,0.007805034810899891,,,,
synthetic_niah_131,niah_single_1,disagreement_formal,64,32,physical_delete_low_v_ridge_74,low_v_ridge,74,2,3,0.0311515496975165,0.03135530095275762,0.999413552839355,0.034749079965659485,0.9935018561758311,0.03157043805865869,0.031717178330539775,0.991906711929245,0.12701611427723905,0.9953734764690656,0.031717178330539775,28.983056668999108,0.001089272205454682,0.0005237276782281697,0.0017130500636994839,2.0022547245025635,0.3832941949367523,0.0017130500636994839,26.21214485168457,27.46445083618164,48.658573150634766,5.869656562805176,5.93316125869751,1.3561681509017944,1253.0,-0.28840783167734124,0.7022287926885706,-0.2993676786384416,-0.3054390293609596,-1.4756603175906282,0.9474393540703291,74.0,0.007805034810899891,,,,
synthetic_niah_131,niah_single_1,disagreement_formal,64,32,physical_delete_low_v_ridge_74,low_v_ridge,74,3,4,0.00012126917289175,0.009045590934670862,0.006624178952002249,1.0000010596590776,0.01340644008418921,0.0001207749384545586,0.0289455706640666,0.03322000410447891,0.9998700864289752,0.004172484275961784,0.0289455706640666,33.545277175657304,3.6003559553891827e-06,3.3543863082741154e-06,3.687238631755463e-06,1.9695796966552734,0.44378897547721863,3.687238631755463e-06,23.401123046875,21.982481002807617,9.549149513244629,6.738663673400879,6.460625171661377,1.3596605062484741,1253.0,-0.28840783167734124,0.7022287926885706,-0.2993676786384416,-0.3054390293609596,-1.4756603175906282,0.9474393540703291,74.0,0.007805034810899891,,,,
synthetic_niah_131,niah_single_1,disagreement_formal,64,32,physical_delete_low_v_ridge_74,low_v_ridge,74,4,5,5.334640665692927e-05,0.007253318115196902,-0.14700184083763423,1.0011075959668254,0.007354758995770462,4.9759930749717284e-05,0.026915591130927775,0.09922851072075221,0.9998182446824835,0.0018487400298089634,0.026915591130927775,34.32740154122034,1.449568814288654e-06,1.3526769180316478e-06,1.6192880138987675e-06,1.2037004232406616,0.6974661946296692,1.6192880138987675e-06,21.978317260742188,19.115318298339844,6.76999044418335,7.088335990905762,6.810142517089844,2.0488202571868896,1253.0,-0.28840783167734124,0.7022287926885706,-0.2993676786384416,-0.3054390293609596,-1.4756603175906282,0.9474393540703291,74.0,0.007805034810899891,1.08904179994409e-12,8.759852540088657e-08,1.0886265622390092e-12,8.759388277665124e-08
synthetic_niah_131,niah_single_1,disagreement_formal,64,32,physical_delete_low_v_ridge_74,low_v_ridge,74,5,6,0.000289481521321221,0.009586101202630237,-0.011219465836996843,1.0007944513438511,0.030198045608134515,0.00021929137109805654,0.021750023346949993,0.04992025295263866,0.9995474109674835,0.010082351066938408,0.021750023346949993,35.614560684244616,6.1573515687101535e-06,6.462498276960105e-06,1.137597155320691e-05,1.6369131803512573,0.5548150539398193,1.137597155320691e-05,19.33382225036621,17.88959503173828,5.4835309982299805,7.651729583740234,7.75647497177124,1.5511971712112427,1253.0,-0.28840783167734124,0.7022287926885706,-0.2993676786384416,-0.3054390293609596,-1.4756603175906282,0.9474393540703291,74.0,0.007805034810899891,,,,
synthetic_niah_131,niah_single_1,disagreement_formal,64,32,physical_delete_low_v_ridge_74,low_v_ridge,74,6,7,4.943134151580455e-05,0.0044148134829741165,-0.01004144789452468,1.000175098792362,0.011196699862052668,4.128693284831792e-05,0.018694678420855346,0.0011018590605796745,1.000000005264736,0.0022084858545766252,0.018694678420855346,40.74478180716377,1.0133060239154068e-06,1.0051084018414258e-06,1.6629268202450476e-06,1.3039953708648682,0.63423091173172,1.6629268202450476e-06,21.66643524169922,19.71771240234375,6.640367031097412,7.403369426727295,6.750306129455566,1.1526930332183838,1253.0,-0.28840783167734124,0.7022287926885706,-0.2993676786384416,-0.3054390293609596,-1.4756603175906282,0.9474393540703291,74.0,0.007805034810899891,,,,
synthetic_niah_131,niah_single_1,disagreement_formal,64,32,physical_delete_low_v_ridge_74,low_v_ridge,74,7,8,0.0005027153335026627,0.0036606133436053742,0.05416618109663152,1.001989219343548,0.1373309023147289,0.0004900681742479844,0.016414639065435523,-0.02037222492071378,1.0010533464397735,0.029855555903140513,0.016414639065435523,43.36372754430981,1.130133874555005e-05,1.4729780559719075e-05,1.6920223060878925e-05,2.1567556858062744,0.4092113673686981,1.6920223060878925e-05,33.85591125488281,33.407508850097656,197.54917907714844,6.326544284820557,6.090106964111328,1.2835561037063599,1253.0,-0.28840783167734124,0.7022287926885706,-0.2993676786384416,-0.3054390293609596,-1.4756603175906282,0.9474393540703291,74.0,0.007805034810899891,4.406937578434966e-12,8.588444669620264e-08,4.407991559984404e-12,8.587994699579908e-08
synthetic_niah_131,niah_single_1,disagreement_formal,64,32,physical_delete_low_v_ridge_74,low_v_ridge,74,8,9,0.0008784449832294001,0.002959876794343773,0.3114433834080573,0.9503777709165622,0.29678430700496705,0.0007486255254653009,0.014617080175297935,0.0696313287564197,0.9977427572160283,0.05121580483155842,0.014617080175297935,43.39402433786127,1.7251811439210662e-05,1.1464598173915874e-05,3.5349912650417536e-05,1.5148624181747437,0.5787993669509888,3.5349912650417536e-05,23.66204833984375,21.196823120117188,12.902982711791992,8.928069114685059,8.2647705078125,3.1884195804595947,1253.0,-0.28840783167734124,0.7022287926885706,-0.2993676786384416,-0.3054390293609596,-1.4756603175906282,0.9474393540703291,74.0,0.007805034810899891,,,,
synthetic_niah_131,niah_single_1,disagreement_formal,64,32,physical_delete_low_v_ridge_74,low_v_ridge,74,9,10,9.587200746449382e-05,0.0021143300478996476,0.1808223209127582,0.9928029442063282,0.04534391759684446,7.484661292911944e-05,0.014263019803188977,0.05728760881770153,0.9997131050782203,0.005247599313602928,0.014263019803188977,43.234455333439506,1.731179735048718e-06,2.1400894638645696e-06,3.670045771286823e-06,2.077303647994995,0.4336170256137848,3.670045771286823e-06,22.39633560180664,19.8815975189209,6.634504318237305,8.087658882141113,7.467833042144775,2.914693593978882,1253.0,-0.28840783167734124,0.7022287926885706,-0.2993676786384416,-0.3054390293609596,-1.4756603175906282,0.9474393540703291,74.0,0.007805034810899891,,,,
synthetic_niah_131,niah_single_1,disagreement_formal,64,32,physical_delete_low_v_ridge_74,low_v_ridge,74,10,11,3.801715863571879e-05,0.003245066762607447,0.09709521806901963,0.9989305466549571,0.011715370257951668,3.6155605374068815e-05,0.013633715524938817,-0.014177269068230108,1.000041112579944,0.002651926051114453,0.013633715524938817,49.095172410729916,7.364391160823561e-07,4.657109400341142e-07,6.478547902588616e-07,2.297013282775879,0.38224270939826965,6.478547902588616e-07,24.42937469482422,20.02025604248047,11.102385520935059,9.123833656311035,8.533916473388672,3.806143283843994,1253.0,-0.28840783167734124,0.7022287926885706,-0.2993676786384416,-0.3054390293609596,-1.4756603175906282,0.9474393540703291,74.0,0.007805034810899891,1.9588216829539407e-12,8.422482144953745e-08,1.9583902955049635e-12,8.422056923171592e-08
synthetic_niah_131,niah_single_1,disagreement_formal,64,32,physical_delete_low_v_ridge_74,low_v_ridge,74,11,12,5.172194748934116e-05,0.002675163852109378,0.04949067846906066,0.9992297486416915,0.019334123197185915,5.849494279455079e-05,0.013174441447270624,-0.060737310383465276,1.0002794934913413,0.004440032090064001,0.013174441447270624,48.29283157689421,1.2112551880792552e-06,1.0031802730736672e-06,1.671553718551877e-06,2.1835100650787354,0.45166826248168945,1.671553718551877e-06,21.67263412475586,19.675668716430664,7.97908878326416,6.732100486755371,7.327751159667969,1.192598581314087,1253.0,-0.28840783167734124,0.7022287926885706,-0.2993676786384416,-0.3054390293609596,-1.4756603175906282,0.9474393540703291,74.0,0.007805034810899891,,,,
synthetic_niah_131,niah_single_1,disagreement_formal,64,32,physical_delete_low_v_ridge_74,low_v_ridge,74,12,13,0.00010506218700728075,0.001558308895837379,0.17707606268565645,0.9902870185934518,0.06742064252339657,9.19808410436578e-05,0.012920030689496438,-0.01900900933214907,1.0001606586675298,0.007119243232017646,0.012920030689496438,51.70261602448504,1.779036499818462e-06,1.3880461438020575e-06,1.933335624926258e-06,1.7368677854537964,0.5286809802055359,1.933335624926258e-06,22.25798225402832,18.443992614746094,6.829078674316406,9.656124114990234,8.657596588134766,1.346874475479126,1253.0,-0.28840783167734124,0.7022287926885706,-0.2993676786384416,-0.3054390293609596,-1.4756603175906282,0.9474393540703291,74.0,0.007805034810899891,,,,
synthetic_niah_131,niah_single_1,disagreement_formal,64,32,physical_delete_low_v_ridge_74,low_v_ridge,74,13,14,0.0001537762467917749,0.0009819497270254498,0.17133091527546968,0.9853236167617466,0.1566029732067835,0.00014962631791135298,0.012722008042502581,0.04205622934215822,0.9995744400733714,0.011761218622993385,0.012722008042502581,54.283339398289556,2.756394863873604e-06,1.7729954606693354e-06,3.2262521472148364e-06,2.39921498298645,0.2953784763813019,3.2262521472148364e-06,23.54071807861328,19.9183349609375,6.092207431793213,8.245441436767578,7.884169101715088,2.3084053993225098,1253.0,-0.28840783167734124,0.7022287926885706,-0.2993676786384416,-0.3054390293609596,-1.4756603175906282,0.9474393540703291,74.0,0.007805034810899891,,,,
synthetic_niah_131,niah_single_1,disagreement_formal,64,32,physical_delete_low_v_ridge_74,low_v_ridge,74,14,15,0.00010521891163363912,0.0010100118567403752,0.077516860255099,0.9973474027124819,0.10417591727409373,8.703851077022637e-05,0.012473335455142297,-0.0019532128570259252,1.0000379747366566,0.00697796600462177,0.012473335455142297,53.19246499218874,1.636293989816187e-06,1.8259138414578047e-06,2.30656519306649e-06,1.5507253408432007,0.5856848359107971,2.30656519306649e-06,22.090229034423828,20.090377807617188,12.507719039916992,11.328709602355957,9.954849243164062,2.728849172592163,1253.0,-0.28840783167734124,0.7022287926885706,-0.2993676786384416,-0.3054390293609596,-1.4756603175906282,0.9474393540703291,74.0,0.007805034810899891,2.8769677376869157e-12,8.358160117057718e-08,2.878745771551701e-12,8.35774156340848e-08
synthetic_niah_131,niah_single_1,disagreement_formal,64,32,physical_delete_low_v_ridge_74,low_v_ridge,74,15,16,7.278823997735526e-05,0.0015521609755359488,0.037999631211728786,0.9993173427964875,0.04689477517125571,6.266571359048105e-05,0.012194579387455457,-0.011354581165967666,1.0000715502774171,0.005138817141569078,0.012194579387455457,52.81827064974745,1.1864400863488077e-06,9.81924131338019e-07,1.2788747199010686e-06,2.3267366886138916,0.37423357367515564,1.2788747199010686e-06,57.81089782714844,55.84490966796875,1393.3857421875,9.748143196105957,8.428606033325195,3.6271986961364746,1253.0,-0.28840783167734124,0.7022287926885706,-0.2993676786384416,-0.3054390293609596,-1.4756603175906282,0.9474393540703291,74.0,0.007805034810899891,,,,
synthetic_niah_131,niah_single_1,disagreement_formal,64,32,physical_delete_low_v_ridge_74,low_v_ridge,74,16,17,0.00035688398833804585,0.0008359758085551652,0.49762434935697236,0.8702706128711727,0.42690707636008757,0.0003925509344124629,0.012322671087529704,0.006505720409165866,1.0003001109495173,0.03185599385264097,0.012322671087529704,57.93380512973075,6.775852777724964e-06,5.870871973456815e-06,7.011419256741647e-06,2.6151504516601562,0.3488902747631073,7.011419256741647e-06,21.211530685424805,18.63571548461914,6.561486721038818,9.69486141204834,9.160888671875,3.3897416591644287,1253.0,-0.28840783167734124,0.7022287926885706,-0.2993676786384416,-0.3054390293609596,-1.4756603175906282,0.9474393540703291,74.0,0.007805034810899891,,,,
synthetic_niah_131,niah_single_1,disagreement_formal,64,32,physical_delete_low_v_ridge_74,low_v_ridge,74,17,18,0.0002140358625600484,0.0009420780685042688,0.2206231453320661,0.9753812706310242,0.22719546257973264,0.0001990109416289309,0.012302476647530486,0.010960269868408878,0.9999535396608488,0.01617649415891222,0.012302476647530486,64.89011883755114,3.0668913109427937e-06,3.084654281337862e-06,4.237613666191464e-06,2.226168394088745,0.4190472662448883,4.237613666191464e-06,20.56659698486328,17.113874435424805,7.832027435302734,10.50409984588623,9.679800033569336,4.714171409606934,1253.0,-0.28840783167734124,0.7022287926885706,-0.2993676786384416,-0.3054390293609596,-1.4756603175906282,0.9474393540703291,74.0,0.007805034810899891,,,,
synthetic_niah_131,niah_single_1,disagreement_formal,64,32,physical_delete_low_v_ridge_74,low_v_ridge,74,18,19,0.0019332756945954117,0.002081487102728494,0.8493177217413908,0.5338315395095992,0.9287954232631078,0.002168547511932869,0.012764403096595413,0.14756354828494658,0.9893045438098768,0.1698902405010443,0.012764403096595413,74.71806204953081,2.9023069555729818e-05,2.1509678845177405e-05,3.879283394780941e-05,2.161086082458496,0.40347155928611755,3.879283394780941e-05,25.277250289916992,22.86034393310547,7.336312770843506,10.548992156982422,9.501727104187012,3.641465187072754,1253.0,-0.28840783167734124,0.7022287926885706,-0.2993676786384416,-0.3054390293609596,-1.4756603175906282,0.9474393540703291,74.0,0.007805034810899891,2.7452610544654456e-10,8.268099145687289e-08,2.7451856246044046e-10,8.26770188909145e-08
synthetic_niah_131,niah_single_1,disagreement_formal,64,32,physical_delete_low_v_ridge_74,low_v_ridge,74,19,20,0.0016283434761427621,0.002327118259814942,0.768747883118187,0.6432657397457253,0.6997252800862178,0.0014667238082062737,0.013350984408399191,0.024162107961996818,1.003374368978936,0.10985885110340989,0.013350984408399191,80.1085872188228,1.83091957944509e-05,2.5462699341005646e-05,4.5442444388754666e-05,1.3746329545974731,0.6230390071868896,4.5442444388754666e-05,22.578372955322266,19.585952758789062,8.670860290527344,10.070697784423828,10.096911430358887,2.753114938735962,1253.0,-0.28840783167734124,0.7022287926885706,-0.2993676786384416,-0.3054390293609596,-1.4756603175906282,0.9474393540703291,74.0,0.007805034810899891,,,,
synthetic_niah_131,niah_single_1,disagreement_formal,64,32,physical_delete_low_v_ridge_74,low_v_ridge,74,20,21,0.0010228672960516413,0.0025137048889901574,0.39257408598146554,0.9198322041951751,0.4069162217616415,0.0010452278675801981,0.013779180351400844,0.13453801785744615,0.9926445229715406,0.07585559089325196,0.013779180351400844,94.75077390253429,1.1031338579412294e-05,1.1694165550579783e-05,1.7597447367734276e-05,2.3716952800750732,0.3617476224899292,1.7597447367734276e-05,21.29021453857422,19.349475860595703,7.154960632324219,11.517093658447266,11.109130859375,5.4695963859558105,1253.0,-0.28840783167734124,0.7022287926885706,-0.2993676786384416,-0.3054390293609596,-1.4756603175906282,0.9474393540703291,74.0,0.007805034810899891,,,,
synthetic_niah_131,niah_single_1,disagreement_formal,64,32,physical_delete_low_v_ridge_74,low_v_ridge,74,21,22,0.0030791427052934096,0.0033562891881640704,0.9196534802774468,0.3927371175956533,0.9174247309057826,0.003166406641273539,0.01487778108254348,0.21538398885373658,0.976532780313142,0.21282788231027094,0.01487778108254348,126.03219542781528,2.512379182577275e-05,3.688937067636289e-05,6.72507012495771e-05,2.3658554553985596,0.4101838171482086,6.72507012495771e-05,19.15145492553711,17.66085433959961,5.151668071746826,11.160444259643555,11.166555404663086,8.024304389953613,1253.0,-0.28840783167734124,0.7022287926885706,-0.2993676786384416,-0.3054390293609596,-1.4756603175906282,0.9474393540703291,74.0,0.007805034810899891,,,,
synthetic_niah_131,niah_single_1,disagreement_formal,64,32,physical_delete_low_v_ridge_74,low_v_ridge,74,22,23,0.0007699478443654685,0.0011818030392954854,0.6589983793937378,0.7521817077697875,0.6515026774888493,0.0008254563217536616,0.01617656589437433,0.12579118323185404,0.9948699038031651,0.0510279083424454,0.01617656589437433,139.77477427377184,5.9056172763825745e-06,7.855670446588192e-06,8.779352356214076e-06,1.5654034614562988,0.5973843932151794,8.779352356214076e-06,22.331607818603516,19.962722778320312,7.40228796005249,13.781806945800781,10.806314468383789,10.319510459899902,1253.0,-0.28840783167734124,0.7022287926885706,-0.2993676786384416,-0.3054390293609596,-1.4756603175906282,0.9474393540703291,74.0,0.007805034810899891,3.808795803575606e-11,8.328135300543385e-08,3.808982783020274e-11,8.327800663566676e-08
synthetic_niah_131,niah_single_1,disagreement_formal,64,32,physical_delete_low_v_ridge_74,low_v_ridge,74,23,24,0.0020383823483728766,0.002228713604925071,0.8848295226921412,0.46686509908436474,0.9146003972284301,0.0019440694963486248,0.01747436130821624,0.14021564265775224,0.990544510287661,0.11125267825580246,0.01747436130821624,163.4207217757407,1.1896101517752664e-05,2.2895010260981508e-05,1.8529628505348228e-05,1.5230046510696411,0.6250420808792114,1.8529628505348228e-05,21.184925079345703,18.799367904663086,8.882219314575195,16.062259674072266,13.401596069335938,10.575352668762207,1253.0,-0.28840783167734124,0.7022287926885706,-0.2993676786384416,-0.3054390293609596,-1.4756603175906282,0.9474393540703291,74.0,0.007805034810899891,,,,
synthetic_niah_131,niah_single_1,disagreement_formal,64,32,physical_delete_low_v_ridge_74,low_v_ridge,74,24,25,0.0027069609054790242,0.0031249698977838703,0.8518074548427585,0.5240536594643709,0.8662358339511415,0.0028437192644924694,0.02001410291406035,0.22357004841587202,0.9780879923328502,0.14208577205300035,0.02001410291406035,183.48881375103431,1.5498052477198707e-05,1.312270342168631e-05,1.9403079932089895e-05,1.7150181531906128,0.5688129663467407,1.9403079932089895e-05,20.279834747314453,18.487974166870117,6.178897857666016,20.035823822021484,15.311174392700195,58.58753204345703,1253.0,-0.28840783167734124,0.7022287926885706,-0.2993676786384416,-0.3054390293609596,-1.4756603175906282,0.9474393540703291,74.0,0.007805034810899891,,,,
synthetic_niah_131,niah_single_1,disagreement_formal,64,32,physical_delete_low_v_ridge_74,low_v_ridge,74,25,26,0.00041055996787416163,0.007463211731556482,0.060196291181892236,0.9982000260805407,0.05501116444790154,0.00044300163813434403,0.019194451052295967,0.16890942632341593,0.9963613415272621,0.0230796721889764,0.019194451052295967,218.08180976081204,2.0313552910268847e-06,3.710128339662333e-06,5.653778316627722e-06,1.559352993965149,0.6184529066085815,5.653778316627722e-06,19.349803924560547,17.698436737060547,8.066576957702637,26.25484848022461,19.90163230895996,54.59262466430664,1253.0,-0.28840783167734124,0.7022287926885706,-0.2993676786384416,-0.3054390293609596,-1.4756603175906282,0.9474393540703291,74.0,0.007805034810899891,,,,
synthetic_niah_131,niah_single_1,disagreement_formal,64,32,physical_delete_low_v_ridge_74,low_v_ridge,74,26,27,0.014254747374707518,0.014337780185382438,0.9932183143982364,0.11626848681076492,0.9942088098993473,0.015222358144105705,0.02706917754212888,0.6085091206636434,0.7948882270509032,0.5623502273171957,0.02706917754212888,272.23599231556153,5.591603819402673e-05,4.382898623589426e-05,8.719541074242443e-05,1.7982374429702759,0.6087456345558167,8.719541074242443e-05,19.948440551757812,17.569852828979492,8.10425090789795,36.90471649169922,24.722946166992188,147.1423797607422,1253.0,-0.28840783167734124,0.7022287926885706,-0.2993676786384416,-0.3054390293609596,-1.4756603175906282,0.9474393540703291,74.0,0.007805034810899891,1.2299055947183937e-09,9.226617459965301e-08,1.2298517600442161e-09,9.22626993116469e-08
synthetic_niah_131,niah_single_1,disagreement_formal,64,32,physical_delete_low_v_ridge_74,low_v_ridge,74,27,28,0.0141215208295384,0.014709432902463545,0.9875416539537901,0.15974443084097692,0.9600316288993928,0.01581821759869468,0.03796345064785441,0.5394753844923976,0.8509098416219573,0.41666964748339286,0.03796345064785441,221.94005608802607,7.127247725133873e-05,0.00010259004193358123,6.53430906822905e-05,3.204117774963379,0.14852751791477203,6.53430906822905e-05,17.38764190673828,16.107072830200195,4.4015212059021,37.25457000732422,24.387832641601562,130.0479736328125,1253.0,-0.28840783167734124,0.7022287926885706,-0.2993676786384416,-0.3054390293609596,-1.4756603175906282,0.9474393540703291,74.0,0.007805034810899891,,,,
synthetic_niah_131,niah_single_1,disagreement_formal,64,32,physical_delete_low_attention_92,low_attention,92,0,1,0.0028827749732970452,0.00288186998131316,0.9999802719523779,0.006290238477471393,1.0003140294287227,0.00394554836847653,0.003943886582020787,0.9999788112861954,0.006524785502885761,1.0004213575672583,0.003943886582020787,17.891048340473336,0.00022053198300017246,8.162327139871195e-05,0.0002031828771578148,1.550085186958313,0.5415025353431702,0.0002031828771578148,778.4987182617188,778.9778442382812,1848.7174072265625,4.92659854888916,4.117948532104492,0.927196741104126,1235.0,-0.289906399504366,0.5857460615815002,-0.30227565948445934,-0.3086313250695981,-0.5914340336798072,0.7609389332102463,92.0,0.7107559683012462,2.3516843787791964e-10,2.366419314661961e-10,2.3517303167729096e-10,2.366450674369508e-10
synthetic_niah_131,niah_single_1,disagreement_formal,64,32,physical_delete_low_attention_92,low_attention,92,1,2,0.0019519207385394152,0.0021451480009487727,0.9479746472727834,0.3206118404043088,0.9099235752852971,0.0021477539123053195,0.004329237922046208,0.4285219341926893,0.9060553732700022,0.49610438395360507,0.004329237922046208,21.51507656358175,9.98255295981977e-05,6.0469294112408534e-05,0.00016189123562071472,2.793450117111206,0.22785113751888275,0.00016189123562071472,91.79291534423828,91.1332015991211,3904.553466796875,4.005347728729248,3.9803307056427,0.5969142317771912,1235.0,-0.289906399504366,0.5857460615815002,-0.30227565948445934,-0.3086313250695981,-0.5914340336798072,0.7609389332102463,92.0,0.7107559683012462,,,,
synthetic_niah_131,niah_single_1,disagreement_formal,64,32,physical_delete_low_attention_92,low_attention,92,2,3,0.03404615396547182,0.03426167626799373,0.9993143455209986,0.03744666709679529,0.9937095225336876,0.03460171892897288,0.034652769280969394,0.9924275019328981,0.12298314877272629,0.9985268031082137,0.034652769280969394,28.983056668999108,0.0011938602378673059,0.0005732900463044643,0.0018645606469362974,2.0022547245025635,0.3832941949367523,0.0018645606469362974,26.35110855102539,27.46445083618164,48.658573150634766,5.874171257019043,5.93316125869751,1.3561681509017944,1235.0,-0.289906399504366,0.5857460615815002,-0.30227565948445934,-0.3086313250695981,-0.5914340336798072,0.7609389332102463,92.0,0.7107559683012462,,,,
synthetic_niah_131,niah_single_1,disagreement_formal,64,32,physical_delete_low_attention_92,low_attention,92,3,4,1.8766081761735284e-05,0.009800357117144028,0.08710254960965604,0.9998350325489523,0.0019148365245698316,1.8758058153057913e-05,0.031721943375709695,0.002532355927253685,0.9999986773814904,0.0005913275214853778,0.031721943375709695,33.545277175657304,5.591862620431712e-07,5.389479724726698e-07,6.261111025196442e-07,1.9695796966552734,0.44378897547721863,6.261111025196442e-07,23.824748992919922,21.982481002807617,9.549149513244629,6.707765579223633,6.460625171661377,1.3596605062484741,1235.0,-0.289906399504366,0.5857460615815002,-0.30227565948445934,-0.3086313250695981,-0.5914340336798072,0.7609389332102463,92.0,0.7107559683012462,,,,
synthetic_niah_131,niah_single_1,disagreement_formal,64,32,physical_delete_low_attention_92,low_attention,92,4,5,7.183037898536961e-05,0.007745449387258576,-0.1962165173262488,1.0018609595626904,0.009273881397189435,6.803579801660975e-05,0.029459754649699528,0.044609916314983754,0.9998996374185574,0.0023094489015815234,0.029459754649699528,34.32740154122034,1.981967610770433e-06,1.308890205109492e-06,2.2596607323066564e-06,1.2037004232406616,0.6974661946296692,2.2596607323066564e-06,22.526039123535156,19.115318298339844,6.76999044418335,7.054308891296387,6.810142517089844,2.0488202571868896,1235.0,-0.289906399504366,0.5857460615815002,-0.30227565948445934,-0.3086313250695981,-0.5914340336798072,0.7609389332102463,92.0,0.7107559683012462,1.09749593552311e-12,1.0755098982882642e-07,1.0981415037888433e-12,1.0754475721506649e-07
synthetic_niah_131,niah_single_1,disagreement_formal,64,32,physical_delete_low_attention_92,low_attention,92,5,6,0.0001785715945900313,0.010466689258709746,-0.0024318436736400226,1.0001870099586692,0.01706094354921589,0.0001372109254866474,0.023813463870814185,0.05655723130552131,0.9996906745205691,0.005761905375505381,0.023813463870814185,35.614560684244616,3.852663709743515e-06,3.932829258701531e-06,7.152064426918514e-06,1.6369131803512573,0.5548150539398193,7.152064426918514e-06,19.704242706298828,17.88959503173828,5.4835309982299805,7.607356071472168,7.75647497177124,1.5511971712112427,1235.0,-0.289906399504366,0.5857460615815002,-0.30227565948445934,-0.3086313250695981,-0.5914340336798072,0.7609389332102463,92.0,0.7107559683012462,,,,
synthetic_niah_131,niah_single_1,disagreement_formal,64,32,physical_delete_low_attention_92,low_attention,92,6,7,0.00014410170402023,0.004834354016128537,-0.07783675051365477,1.002760589820307,0.029807850964052897,0.0001440349318183633,0.0204848126993611,-0.06896515443701397,1.0005095047360313,0.007031303333462044,0.0204848126993611,40.74478180716377,3.535052230738391e-06,2.277714202136849e-06,4.959590569342254e-06,1.3039953708648682,0.63423091173172,4.959590569342254e-06,21.822521209716797,19.71771240234375,6.640367031097412,7.3519487380981445,6.750306129455566,1.1526930332183838,1235.0,-0.289906399504366,0.5857460615815002,-0.30227565948445934,-0.3086313250695981,-0.5914340336798072,0.7609389332102463,92.0,0.7107559683012462,,,,
synthetic_niah_131,niah_single_1,disagreement_formal,64,32,physical_delete_low_attention_92,low_attention,92,7,8,0.00040519794091893374,0.003998862426497108,-0.00011565863388776428,1.0051322618634102,0.10132830232768868,0.0004140047196407112,0.01799427706560148,-0.05626597766256527,1.0015580044441341,0.0230075772497767,0.01799427706560148,43.36372754430981,9.54725857498468e-06,1.0625743016134948e-05,1.4028852092451416e-05,2.1567556858062744,0.4092113673686981,1.4028852092451416e-05,33.86698913574219,33.407508850097656,197.54917907714844,6.234117031097412,6.090106964111328,1.2835561037063599,1235.0,-0.289906399504366,0.5857460615815002,-0.30227565948445934,-0.3086313250695981,-0.5914340336798072,0.7609389332102463,92.0,0.7107559683012462,3.670523496509085e-12,1.0570178054670619e-07,3.6699390473399995e-12,1.0569572952886164e-07
synthetic_niah_131,niah_single_1,disagreement_formal,64,32,physical_delete_low_attention_92,low_attention,92,8,9,0.000951504387874308,0.003210807797138601,0.2820996994173617,0.9594908370845132,0.2963442373356222,0.0008770809516048314,0.015988440808046074,0.06479507162680312,0.9979480748835212,0.05485719102537168,0.015988440808046074,43.39402433786127,2.0212021470421187e-05,1.575342503201682e-05,3.568793908925727e-05,1.5148624181747437,0.5787993669509888,3.568793908925727e-05,24.3831787109375,21.196823120117188,12.902982711791992,8.951784133911133,8.2647705078125,3.1884195804595947,1235.0,-0.289906399504366,0.5857460615815002,-0.30227565948445934,-0.3086313250695981,-0.5914340336798072,0.7609389332102463,92.0,0.7107559683012462,,,,
synthetic_niah_131,niah_single_1,disagreement_formal,64,32,physical_delete_low_attention_92,low_attention,92,9,10,6.910311502393029e-05,0.0024079286644588826,0.18982065286870187,0.9949515457534496,0.02869815706914198,5.41203373901401e-05,0.015597995156911744,0.03318299570557003,0.9998908784653924,0.0034696983071031686,0.015597995156911744,43.234455333439506,1.2517871908584206e-06,1.5310878325180965e-06,2.5647950678830966e-06,2.077303647994995,0.4336170256137848,2.5647950678830966e-06,22.623167037963867,19.8815975189209,6.634504318237305,8.046857833862305,7.467833042144775,2.914693593978882,1235.0,-0.289906399504366,0.5857460615815002,-0.30227565948445934,-0.3086313250695981,-0.5914340336798072,0.7609389332102463,92.0,0.7107559683012462,,,,
synthetic_niah_131,niah_single_1,disagreement_formal,64,32,physical_delete_low_attention_92,low_attention,92,10,11,3.425795857793102e-05,0.003451850241870861,0.09466204965330598,0.9991093759934624,0.009924520525943682,3.273900145918973e-05,0.014960482283220007,-0.0161180557747342,1.0000376659573604,0.002188365377492575,0.014960482283220007,49.095172410729916,6.66847672624417e-07,4.6703439693374094e-07,6.516739290418627e-07,2.297013282775879,0.38224270939826965,6.516739290418627e-07,24.698101043701172,20.02025604248047,11.102385520935059,8.747024536132812,8.533916473388672,3.806143283843994,1235.0,-0.289906399504366,0.5857460615815002,-0.30227565948445934,-0.3086313250695981,-0.5914340336798072,0.7609389332102463,92.0,0.7107559683012462,4.374156125415265e-13,1.0610347251271881e-07,4.373562782978185e-13,1.0609746815185536e-07
synthetic_niah_131,niah_single_1,disagreement_formal,64,32,physical_delete_low_attention_92,low_attention,92,11,12,3.276038886998625e-05,0.002866925474978936,0.07379428404704522,0.9992217373497742,0.011427010976009743,3.663895313161241e-05,0.014456529391034935,-0.06795997719527065,1.0001754355540742,0.0025344224841637075,0.014456529391034935,48.29283157689421,7.586830578214093e-07,8.431093760918884e-07,9.875902833300643e-07,2.1835100650787354,0.45166826248168945,9.875902833300643e-07,22.109851837158203,19.675668716430664,7.97908878326416,6.755428314208984,7.327751159667969,1.192598581314087,1235.0,-0.289906399504366,0.5857460615815002,-0.30227565948445934,-0.3086313250695981,-0.5914340336798072,0.7609389332102463,92.0,0.7107559683012462,,,,
synthetic_niah_131,niah_single_1,disagreement_formal,64,32,physical_delete_low_attention_92,low_attention,92,12,13,6.0596227789863585e-05,0.0017166846365345302,0.137755530136194,0.9957514130640673,0.035298403970218516,5.383590247310472e-05,0.01415188462519782,-0.019645319232269434,1.0000819661780662,0.0038041507473321546,0.01415188462519782,51.70261602448504,1.0412607061818576e-06,5.908522666686622e-07,1.1476736290205736e-06,1.7368677854537964,0.5286809802055359,1.1476736290205736e-06,22.868289947509766,18.443992614746094,6.829078674316406,9.671835899353027,8.657596588134766,1.346874475479126,1235.0,-0.289906399504366,0.5857460615815002,-0.30227565948445934,-0.3086313250695981,-0.5914340336798072,0.7609389332102463,92.0,0.7107559683012462,,,,
synthetic_niah_131,niah_single_1,disagreement_formal,64,32,physical_delete_low_attention_92,low_attention,92,13,14,0.00012192477508466279,0.0010605057102794347,0.12096534627604402,0.9926748444935991,0.11496852294414954,0.0001192257613832353,0.013948665131021151,0.04748798987754427,0.9996305593083759,0.00854746746468829,0.013948665131021151,54.283339398289556,2.1963601116808236e-06,1.2385735317366198e-06,2.63295009972353e-06,2.39921498298645,0.2953784763813019,2.63295009972353e-06,23.53005599975586,19.9183349609375,6.092207431793213,8.08367919921875,7.884169101715088,2.3084053993225098,1235.0,-0.289906399504366,0.5857460615815002,-0.30227565948445934,-0.3086313250695981,-0.5914340336798072,0.7609389332102463,92.0,0.7107559683012462,,,,
synthetic_niah_131,niah_single_1,disagreement_formal,64,32,physical_delete_low_attention_92,low_attention,92,14,15,9.418517428193333e-05,0.001110278897110678,0.07616999507926653,0.9971324540379218,0.08483019404136662,7.831807426770106e-05,0.01366405987966132,-0.003959442715582086,1.0000391196106522,0.005731684064432119,0.01366405987966132,53.19246499218874,1.472352790554113e-06,1.5901719052635599e-06,2.2480401185021037e-06,1.5507253408432007,0.5856848359107971,2.2480401185021037e-06,22.28860855102539,20.090377807617188,12.507719039916992,10.992715835571289,9.954849243164062,2.728849172592163,1235.0,-0.289906399504366,0.5857460615815002,-0.30227565948445934,-0.3086313250695981,-0.5914340336798072,0.7609389332102463,92.0,0.7107559683012462,9.068290597064636e-13,1.0576447816677825e-07,9.073360736589722e-13,1.0575851069810717e-07
synthetic_niah_131,niah_single_1,disagreement_formal,64,32,physical_delete_low_attention_92,low_attention,92,15,16,6.108446863734466e-05,0.0016802460518180085,0.03348557395186267,0.9994433185275196,0.036354478304681574,5.4789768804489126e-05,0.013344459716080084,-0.0024938190358893583,1.000018667787357,0.004105806452281272,0.013344459716080084,52.81827064974745,1.0373260640776224e-06,9.586540272721322e-07,1.1910290140804136e-06,2.3267366886138916,0.37423357367515564,1.1910290140804136e-06,57.90019607543945,55.84490966796875,1393.3857421875,9.784093856811523,8.428606033325195,3.6271986961364746,1235.0,-0.289906399504366,0.5857460615815002,-0.30227565948445934,-0.3086313250695981,-0.5914340336798072,0.7609389332102463,92.0,0.7107559683012462,,,,
synthetic_niah_131,niah_single_1,disagreement_formal,64,32,physical_delete_low_attention_92,low_attention,92,16,17,0.0003235643240691204,0.0008703898240675688,0.443905133278192,0.8989744761354648,0.3717464463876843,0.0003463410808185377,0.013481634856158003,0.010950229239590123,1.0000486731599572,0.025689842850204442,0.013481634856158003,57.93380512973075,5.97822083398421e-06,5.753065579483518e-06,6.163582838780712e-06,2.6151504516601562,0.3488902747631073,6.163582838780712e-06,21.2124080657959,18.63571548461914,6.561486721038818,9.697002410888672,9.160888671875,3.3897416591644287,1235.0,-0.289906399504366,0.5857460615815002,-0.30227565948445934,-0.3086313250695981,-0.5914340336798072,0.7609389332102463,92.0,0.7107559683012462,,,,
synthetic_niah_131,niah_single_1,disagreement_formal,64,32,physical_delete_low_attention_92,low_attention,92,17,18,0.00018654274111754287,0.000992697511065122,0.18978715108076882,0.9818270429553008,0.1879149882398622,0.00017190952559377034,0.013463958261150388,-0.003614326958695552,1.0001276525674374,0.012768126746932002,0.013463958261150388,64.89011883755114,2.6492404186242348e-06,3.2678624393156497e-06,4.159762738709105e-06,2.226168394088745,0.4190472662448883,4.159762738709105e-06,20.414867401123047,17.113874435424805,7.832027435302734,10.455056190490723,9.679800033569336,4.714171409606934,1235.0,-0.289906399504366,0.5857460615815002,-0.30227565948445934,-0.3086313250695981,-0.5914340336798072,0.7609389332102463,92.0,0.7107559683012462,,,,
synthetic_niah_131,niah_single_1,disagreement_formal,64,32,physical_delete_low_attention_92,low_attention,92,18,19,0.0016819565289966176,0.0019241458420011584,0.7906235718217108,0.6179708286311295,0.8741315197019276,0.001874059501949567,0.013899513822293083,0.11160686389678044,0.9940237331480074,0.1348291404943826,0.013899513822293083,74.71806204953081,2.508174664256211e-05,1.8748663933365606e-05,3.405316601856612e-05,2.161086082458496,0.40347155928611755,3.405316601856612e-05,24.88976287841797,22.86034393310547,7.336312770843506,10.609380722045898,9.501727104187012,3.641465187072754,1235.0,-0.289906399504366,0.5857460615815002,-0.30227565948445934,-0.3086313250695981,-0.5914340336798072,0.7609389332102463,92.0,0.7107559683012462,2.1650301665992538e-10,1.0412875213860052e-07,2.1649882853378766e-10,1.0412311409274676e-07
synthetic_niah_131,niah_single_1,disagreement_formal,64,32,physical_delete_low_attention_92,low_attention,92,19,20,0.0017387784297790332,0.002487689675074015,0.7966491023962955,0.6122864648185681,0.6989531078579165,0.0015379864454676876,0.01458472972645128,0.05388943563296336,0.9998772971123686,0.10545183039479653,0.01458472972645128,80.1085872188228,1.9198771303587698e-05,2.937465615104884e-05,4.980318044545129e-05,1.3746329545974731,0.6230390071868896,4.980318044545129e-05,22.44933319091797,19.585952758789062,8.670860290527344,10.104187965393066,10.096911430358887,2.753114938735962,1235.0,-0.289906399504366,0.5857460615815002,-0.30227565948445934,-0.3086313250695981,-0.5914340336798072,0.7609389332102463,92.0,0.7107559683012462,,,,
synthetic_niah_131,niah_single_1,disagreement_formal,64,32,physical_delete_low_attention_92,low_attention,92,20,21,0.0006428368185196024,0.0024834002483111457,0.1295137656020191,0.99997747401275,0.2588534888634115,0.0006566413685210571,0.01496964021087311,0.088895693222837,0.9970583385567018,0.043864873121273115,0.01496964021087311,94.75077390253429,6.9301953058084095e-06,1.060939030139707e-05,1.0368061339249834e-05,2.3716952800750732,0.3617476224899292,1.0368061339249834e-05,20.85026741027832,19.349475860595703,7.154960632324219,11.384988784790039,11.109130859375,5.4695963859558105,1235.0,-0.289906399504366,0.5857460615815002,-0.30227565948445934,-0.3086313250695981,-0.5914340336798072,0.7609389332102463,92.0,0.7107559683012462,,,,
synthetic_niah_131,niah_single_1,disagreement_formal,64,32,physical_delete_low_attention_92,low_attention,92,21,22,0.002946715485917338,0.0032627651141755687,0.9146039008622016,0.40451360109416606,0.903134422124012,0.0030452871443850706,0.016074244572207692,0.18080214048254895,0.9835575197301286,0.1894513381767477,0.016074244572207692,126.03219542781528,2.416277153665274e-05,4.007786264992319e-05,5.817070632474497e-05,2.3658554553985596,0.4101838171482086,5.817070632474497e-05,19.043142318725586,17.66085433959961,5.151668071746826,11.136014938354492,11.166555404663086,8.024304389953613,1235.0,-0.289906399504366,0.5857460615815002,-0.30227565948445934,-0.3086313250695981,-0.5914340336798072,0.7609389332102463,92.0,0.7107559683012462,,,,
synthetic_niah_131,niah_single_1,disagreement_formal,64,32,physical_delete_low_attention_92,low_attention,92,22,23,0.0008281485392029077,0.0012708644141669727,0.6495360758279809,0.7603336904401992,0.6516419296748845,0.0008623725679603196,0.017482663177401728,0.10514334228949218,0.9960222428092183,0.04932729980607482,0.017482663177401728,139.77477427377184,6.169729641424578e-06,1.0269578524457756e-05,8.853134204400703e-06,1.5654034614562988,0.5973843932151794,8.853134204400703e-06,22.339244842529297,19.962722778320312,7.40228796005249,13.71265697479248,10.806314468383789,10.319510459899902,1235.0,-0.289906399504366,0.5857460615815002,-0.30227565948445934,-0.3086313250695981,-0.5914340336798072,0.7609389332102463,92.0,0.7107559683012462,4.8820162657495285e-11,1.0294012752054397e-07,4.8820497389667896e-11,1.0293535799709483e-07
synthetic_niah_131,niah_single_1,disagreement_formal,64,32,physical_delete_low_attention_92,low_attention,92,23,24,0.0019159192148035962,0.0021452697620815784,0.8598231712241956,0.5116745094870191,0.8930901132660161,0.0018509158724929584,0.018921854096990615,0.13175162451523464,0.99186336555766,0.09781894855575138,0.018921854096990615,163.4207217757407,1.1326078188743633e-05,1.814916504372377e-05,1.780634374881629e-05,1.5230046510696411,0.6250420808792114,1.780634374881629e-05,21.15224838256836,18.799367904663086,8.882219314575195,15.972860336303711,13.401596069335938,10.575352668762207,1235.0,-0.289906399504366,0.5857460615815002,-0.30227565948445934,-0.3086313250695981,-0.5914340336798072,0.7609389332102463,92.0,0.7107559683012462,,,,
synthetic_niah_131,niah_single_1,disagreement_formal,64,32,physical_delete_low_attention_92,low_attention,92,24,25,0.0015996073078148668,0.002375497950163209,0.641808460332117,0.7675145054808116,0.6733776839104263,0.0016828304490659463,0.021431615785869357,0.1554326830184753,0.9908360603403403,0.0785209321536782,0.021431615785869357,183.48881375103431,9.171297228774309e-06,1.3315133401192725e-05,1.4399068277270999e-05,1.7150181531906128,0.5688129663467407,1.4399068277270999e-05,20.320009231567383,18.487974166870117,6.178897857666016,19.818716049194336,15.311174392700195,58.58753204345703,1235.0,-0.289906399504366,0.5857460615815002,-0.30227565948445934,-0.3086313250695981,-0.5914340336798072,0.7609389332102463,92.0,0.7107559683012462,,,,
synthetic_niah_131,niah_single_1,disagreement_formal,64,32,physical_delete_low_attention_92,low_attention,92,25,26,0.0003218645115839198,0.008080094659796838,0.005103887524988595,1.0005899002175467,0.0398342501091457,0.00034572072757274456,0.02044910312787161,0.09216522913011402,0.9985837279990589,0.016906400511107793,0.02044910312787161,218.08180976081204,1.5852799825529898e-06,3.267337206125376e-06,4.860283297603019e-06,1.559352993965149,0.6184529066085815,4.860283297603019e-06,19.47542953491211,17.698436737060547,8.066576957702637,26.049135208129883,19.90163230895996,54.59262466430664,1235.0,-0.289906399504366,0.5857460615815002,-0.30227565948445934,-0.3086313250695981,-0.5914340336798072,0.7609389332102463,92.0,0.7107559683012462,,,,
synthetic_niah_131,niah_single_1,disagreement_formal,64,32,physical_delete_low_attention_92,low_attention,92,26,27,0.01028959438948636,0.010460400024513206,0.9842107487145318,0.17700139325059203,0.9836712138516143,0.01101265683692884,0.025897276313001302,0.45983623810304497,0.8886772581596645,0.4252438250195491,0.025897276313001302,272.23599231556153,4.045261151274792e-05,3.457195634837262e-05,6.469326035585254e-05,1.7982374429702759,0.6087456345558167,6.469326035585254e-05,19.967411041259766,17.569852828979492,8.10425090789795,36.11612319946289,24.722946166992188,147.1423797607422,1235.0,-0.289906399504366,0.5857460615815002,-0.30227565948445934,-0.3086313250695981,-0.5914340336798072,0.7609389332102463,92.0,0.7107559683012462,6.463970270814454e-10,1.1098203306117676e-07,6.46376467546477e-10,1.1097711340544266e-07
synthetic_niah_131,niah_single_1,disagreement_formal,64,32,physical_delete_low_attention_92,low_attention,92,27,28,0.012106517509129637,0.012628277319348574,0.9839236213993611,0.18036459001914606,0.9586832156893231,0.013767280622490401,0.035326896860822875,0.4992622790872207,0.8733491039932587,0.3897110090571855,0.035326896860822875,221.94005608802607,6.203152718421415e-05,8.86203270056285e-05,5.822963430546224e-05,3.204117774963379,0.14852751791477203,5.822963430546224e-05,17.30301284790039,16.107072830200195,4.4015212059021,36.76362609863281,24.387832641601562,130.0479736328125,1235.0,-0.289906399504366,0.5857460615815002,-0.30227565948445934,-0.3086313250695981,-0.5914340336798072,0.7609389332102463,92.0,0.7107559683012462,,,,
synthetic_niah_131,niah_single_1,disagreement_formal,64,32,physical_delete_median_aov_64,median_aov,64,0,1,0.0024447650615365764,0.0024459098259123862,0.9999724819374479,0.0074316499178701855,0.9995319678740067,0.0038318824494271045,0.003834015233713084,0.9999751363881237,0.007071704777290282,0.9994437204455461,0.003834015233713084,17.891048340473336,0.00021417875445334166,0.00041381153278052807,0.0008792724693194032,1.550085186958313,0.5415025353431702,0.0008792724693194032,779.7246704101562,778.9778442382812,1848.7174072265625,3.5141372680664062,4.117948532104492,0.927196741104126,1263.0,-0.20640898507794486,-0.08114342476612252,-0.22280600737274522,-0.2292036321664005,-1.0991904082885582,-0.18397549790310908,64.0,0.7556077183073883,1.0401469527361094e-10,1.0367548080938292e-10,1.0401587170115055e-10,1.0367435441585901e-10
synthetic_niah_131,niah_single_1,disagreement_formal,64,32,physical_delete_median_aov_64,median_aov,64,1,2,0.045283935683688104,0.045376412369738196,0.9998666541733732,0.016440849811696818,0.9979620097486648,0.04521832788204798,0.04529110100415646,0.9963405742695572,0.08549662796101265,0.9983932136668128,0.04529110100415646,21.51507656358175,0.0021017042513615017,0.002755961148068309,0.004227656405419111,2.793450117111206,0.22785113751888275,0.004227656405419111,90.92680358886719,91.1332015991211,3904.553466796875,4.1307373046875,3.9803307056427,0.5969142317771912,1263.0,-0.20640898507794486,-0.08114342476612252,-0.22280600737274522,-0.2292036321664005,-1.0991904082885582,-0.18397549790310908,64.0,0.7556077183073883,,,,
synthetic_niah_131,niah_single_1,disagreement_formal,64,32,physical_delete_median_aov_64,median_aov,64,2,3,0.0005411587490298826,0.014957499755561614,0.12772565010575984,0.996025505862573,0.0361797598444663,0.0005356466795844683,0.04754324271259729,-0.0765975904623081,1.000926026361043,0.01126651547145186,0.04754324271259729,28.983056668999108,1.848137295185319e-05,8.121035534713883e-06,2.2118050765129738e-05,2.0022547245025635,0.3832941949367523,2.2118050765129738e-05,32.179595947265625,27.46445083618164,48.658573150634766,7.400428771972656,5.93316125869751,1.3561681509017944,1263.0,-0.20640898507794486,-0.08114342476612252,-0.22280600737274522,-0.2292036321664005,-1.0991904082885582,-0.18397549790310908,64.0,0.7556077183073883,,,,
synthetic_niah_131,niah_single_1,disagreement_formal,64,32,physical_delete_median_aov_64,median_aov,64,3,4,0.000252324630520646,0.016481350981867794,0.11281213087463923,0.9983887750133379,0.01530970554527021,0.00024088433737040976,0.04879992113623392,-0.08161646335941686,1.0004149688704156,0.0049361624314501855,0.04879992113623392,33.545277175657304,7.180871873827041e-06,9.408035111846402e-06,6.993827355472604e-06,1.9695796966552734,0.44378897547721863,6.993827355472604e-06,25.077199935913086,21.982481002807617,9.549149513244629,6.592885494232178,6.460625171661377,1.3596605062484741,1263.0,-0.20640898507794486,-0.08114342476612252,-0.22280600737274522,-0.2292036321664005,-1.0991904082885582,-0.18397549790310908,64.0,0.7556077183073883,,,,
synthetic_niah_131,niah_single_1,disagreement_formal,64,32,physical_delete_median_aov_64,median_aov,64,4,5,0.0010300624391350163,0.010183681370897132,-0.026407621460103982,1.0077564984488905,0.10114833738599903,0.0008977636310149523,0.045421880389897584,0.029804749544154935,0.9996061591459561,0.01976500363500201,0.045421880389897584,34.32740154122034,2.6152973738397236e-05,2.880587453546468e-05,3.3313146559521556e-05,1.2037004232406616,0.6974661946296692,3.3313146559521556e-05,20.37991714477539,19.115318298339844,6.76999044418335,6.561784744262695,6.810142517089844,2.0488202571868896,1263.0,-0.20640898507794486,-0.08114342476612252,-0.22280600737274522,-0.2292036321664005,-1.0991904082885582,-0.18397549790310908,64.0,0.7556077183073883,3.9202150704640724e-11,1.0600666372302865e-07,3.9202491778090585e-11,1.0595906014356508e-07
synthetic_niah_131,niah_single_1,disagreement_formal,64,32,physical_delete_median_aov_64,median_aov,64,5,6,0.0005771407650785457,0.014722131904088127,0.03138673884628016,0.9995378706748088,0.03920225473039553,0.0005059756016604153,0.03724541472273221,-0.013494084826268807,1.0002755528492404,0.013584909858759075,0.03724541472273221,35.614560684244616,1.4206987028321027e-05,1.7044001651811413e-05,1.8776390788843855e-05,1.6369131803512573,0.5548150539398193,1.8776390788843855e-05,19.178268432617188,17.88959503173828,5.4835309982299805,8.367913246154785,7.75647497177124,1.5511971712112427,1263.0,-0.20640898507794486,-0.08114342476612252,-0.22280600737274522,-0.2292036321664005,-1.0991904082885582,-0.18397549790310908,64.0,0.7556077183073883,,,,
synthetic_niah_131,niah_single_1,disagreement_formal,64,32,physical_delete_median_aov_64,median_aov,64,6,7,0.0008186036773795471,0.00744728989375641,0.2917610131324866,0.9736230193610721,0.1099196740099832,0.0007198929380355265,0.03384453278982595,-0.03836995674680595,1.00104182748785,0.021270582829612424,0.03384453278982595,40.74478180716377,1.7668346868136977e-05,2.6289861125405878e-05,3.1114203011384234e-05,1.3039953708648682,0.63423091173172,3.1114203011384234e-05,19.296770095825195,19.71771240234375,6.640367031097412,6.329038619995117,6.750306129455566,1.1526930332183838,1263.0,-0.20640898507794486,-0.08114342476612252,-0.22280600737274522,-0.2292036321664005,-1.0991904082885582,-0.18397549790310908,64.0,0.7556077183073883,,,,
synthetic_niah_131,niah_single_1,disagreement_formal,64,32,physical_delete_median_aov_64,median_aov,64,7,8,0.003822702541198785,0.008593922773733756,0.4022010000250381,0.9165425667502518,0.44481462561921015,0.0033797901616351538,0.02963693646765676,0.09799410400058355,0.9953163415635298,0.11403979508217964,0.02963693646765676,43.36372754430981,7.794048973722624e-05,0.0001427858223905787,0.00016824454360175878,2.1567556858062744,0.4092113673686981,0.00016824454360175878,32.4959831237793,33.407508850097656,197.54917907714844,6.0701751708984375,6.090106964111328,1.2835561037063599,1263.0,-0.20640898507794486,-0.08114342476612252,-0.22280600737274522,-0.2292036321664005,-1.0991904082885582,-0.18397549790310908,64.0,0.7556077183073883,8.96181711163653e-11,1.0643253905298438e-07,8.96208393616524e-11,1.0638445011842582e-07
synthetic_niah_131,niah_single_1,disagreement_formal,64,32,physical_delete_median_aov_64,median_aov,64,8,9,0.004888531438706071,0.006530207130082827,0.6916324717533855,0.7244930255022406,0.7486028147845392,0.004088486027735768,0.02727468348817039,0.14356165574247948,0.989661674871022,0.1499004023093075,0.02727468348817039,43.39402433786127,9.421771983864069e-05,6.960135215194896e-05,0.00017073900380637497,1.5148624181747437,0.5787993669509888,0.00017073900380637497,23.44687271118164,21.196823120117188,12.902982711791992,9.855752944946289,8.2647705078125,3.1884195804595947,1263.0,-0.20640898507794486,-0.08114342476612252,-0.22280600737274522,-0.2292036321664005,-1.0991904082885582,-0.18397549790310908,64.0,0.7556077183073883,,,,
synthetic_niah_131,niah_single_1,disagreement_formal,64,32,physical_delete_median_aov_64,median_aov,64,9,10,0.0012474513322090464,0.00441152731705735,0.4480257923478822,0.9091655983038537,0.2827708506724474,0.0011340261483017327,0.026501410325406583,0.043186286209448664,0.9990671152662379,0.04279116222031985,0.026501410325406583,43.234455333439506,2.6229685086945573e-05,2.2227473891689442e-05,3.395236126380041e-05,2.077303647994995,0.4336170256137848,3.395236126380041e-05,20.414653778076172,19.8815975189209,6.634504318237305,9.182418823242188,7.467833042144775,2.914693593978882,1263.0,-0.20640898507794486,-0.08114342476612252,-0.22280600737274522,-0.2292036321664005,-1.0991904082885582,-0.18397549790310908,64.0,0.7556077183073883,,,,
synthetic_niah_131,niah_single_1,disagreement_formal,64,32,physical_delete_median_aov_64,median_aov,64,10,11,0.0008120136196419045,0.004955432822099701,0.1682268970066338,0.9857579581337463,0.16386330897688178,0.0008557145855057283,0.02574657701299103,0.09122954995128806,0.9975171251469255,0.0332360525080269,0.02574657701299103,49.095172410729916,1.7429709347933953e-05,2.2201349565875717e-05,2.0895251509500667e-05,2.297013282775879,0.38224270939826965,2.0895251509500667e-05,20.42057991027832,20.02025604248047,11.102385520935059,9.601119041442871,8.533916473388672,3.806143283843994,1263.0,-0.20640898507794486,-0.08114342476612252,-0.22280600737274522,-0.2292036321664005,-1.0991904082885582,-0.18397549790310908,64.0,0.7556077183073883,3.435540915005651e-11,1.0585382207260058e-07,3.4356916156012327e-11,1.0580705661977629e-07
synthetic_niah_131,niah_single_1,disagreement_formal,64,32,physical_delete_median_aov_64,median_aov,64,11,12,0.0006252560358734271,0.004124403378045089,0.009698014308494953,1.0099712273658206,0.1515991474553078,0.0006275840715457717,0.024464251424567752,-0.010120544319537163,1.0005884912124097,0.0256531074936359,0.024464251424567752,48.29283157689421,1.299538774293037e-05,1.2250328836671542e-05,1.8915756299975328e-05,2.1835100650787354,0.45166826248168945,1.8915756299975328e-05,19.67050552368164,19.675668716430664,7.97908878326416,7.893925666809082,7.327751159667969,1.192598581314087,1263.0,-0.20640898507794486,-0.08114342476612252,-0.22280600737274522,-0.2292036321664005,-1.0991904082885582,-0.18397549790310908,64.0,0.7556077183073883,,,,
synthetic_niah_131,niah_single_1,disagreement_formal,64,32,physical_delete_median_aov_64,median_aov,64,12,13,0.001125427208148061,0.0033148392029401317,0.43682702093278997,0.9047941175899373,0.33951185540156864,0.000814579537006339,0.02362598375059709,0.02769927922109055,0.9996392862590616,0.03447812144481613,0.02362598375059709,51.70261602448504,1.5755093255253757e-05,1.8912585801444948e-05,3.351289706188254e-05,1.7368677854537964,0.5286809802055359,3.351289706188254e-05,18.778667449951172,18.443992614746094,6.829078674316406,8.758441925048828,8.657596588134766,1.346874475479126,1263.0,-0.20640898507794486,-0.08114342476612252,-0.22280600737274522,-0.2292036321664005,-1.0991904082885582,-0.18397549790310908,64.0,0.7556077183073883,,,,
synthetic_niah_131,niah_single_1,disagreement_formal,64,32,physical_delete_median_aov_64,median_aov,64,13,14,0.0005781133797354944,0.0020445374690896074,0.26182896715791315,0.9653412346811535,0.2827599828693367,0.0005202691247435061,0.023427769042393704,0.016590718354572032,0.9998781399926073,0.022207369545177495,0.023427769042393704,54.283339398289556,9.58432422379489e-06,1.4321194612421095e-05,2.0254670744179748e-05,2.39921498298645,0.2953784763813019,2.0254670744179748e-05,20.057323455810547,19.9183349609375,6.092207431793213,7.220695495605469,7.884169101715088,2.3084053993225098,1263.0,-0.20640898507794486,-0.08114342476612252,-0.22280600737274522,-0.2292036321664005,-1.0991904082885582,-0.18397549790310908,64.0,0.7556077183073883,,,,
synthetic_niah_131,niah_single_1,disagreement_formal,64,32,physical_delete_median_aov_64,median_aov,64,14,15,6.778342385360935e-05,0.0018080706249710614,-0.04720744364375247,1.0024694544259536,0.037489367349626754,5.729705011564774e-05,0.0232449823129887,0.04316424827978972,0.9998966361048136,0.0024649212180140752,0.0232449823129887,53.19246499218874,1.077164784975875e-06,1.6758361880420125e-06,1.8431770740789943e-06,1.5507253408432007,0.5856848359107971,1.8431770740789943e-06,21.74239730834961,20.090377807617188,12.507719039916992,10.965679168701172,9.954849243164062,2.728849172592163,1263.0,-0.20640898507794486,-0.08114342476612252,-0.22280600737274522,-0.2292036321664005,-1.0991904082885582,-0.18397549790310908,64.0,0.7556077183073883,1.0718373855536106e-12,1.0405243106766386e-07,1.073376281805515e-12,1.040071909287551e-07
synthetic_niah_131,niah_single_1,disagreement_formal,64,32,physical_delete_median_aov_64,median_aov,64,15,16,0.000530135277749429,0.003297756280866808,0.13634131401164296,0.9909627340600363,0.1607563545023661,0.00045035886725044793,0.02283202774438824,-0.0006544178796942223,1.0002074221225785,0.019724873861067343,0.02283202774438824,52.81827064974745,8.526573507809486e-06,9.723310540721286e-06,1.000985321297776e-05,2.3267366886138916,0.37423357367515564,1.000985321297776e-05,56.31616973876953,55.84490966796875,1393.3857421875,10.611305236816406,8.428606033325195,3.6271986961364746,1263.0,-0.20640898507794486,-0.08114342476612252,-0.22280600737274522,-0.2292036321664005,-1.0991904082885582,-0.18397549790310908,64.0,0.7556077183073883,,,,
synthetic_niah_131,niah_single_1,disagreement_formal,64,32,physical_delete_median_aov_64,median_aov,64,16,17,0.005418465501449964,0.005613596716851231,0.967584349121458,0.25255895445308707,0.9652395379925475,0.005311155507799006,0.0233472284389429,0.19940712902184965,0.9803189229961834,0.22748548170026303,0.0233472284389429,57.93380512973075,9.167627598266286e-05,7.809729868313298e-05,0.00014091408229433,2.6151504516601562,0.3488902747631073,0.00014091408229433,20.073902130126953,18.63571548461914,6.561486721038818,10.321478843688965,9.160888671875,3.3897416591644287,1263.0,-0.20640898507794486,-0.08114342476612252,-0.22280600737274522,-0.2292036321664005,-1.0991904082885582,-0.18397549790310908,64.0,0.7556077183073883,,,,
synthetic_niah_131,niah_single_1,disagreement_formal,64,32,physical_delete_median_aov_64,median_aov,64,17,18,0.0005913595020830877,0.0022280304785084353,0.4003017814431437,0.9262570405282458,0.2654180487149242,0.0005617939798877696,0.023328087460371086,0.09073710649953126,0.9981030211617495,0.024082299110123148,0.023328087460371086,64.89011883755114,8.657619834141313e-06,9.317155672761146e-06,8.102111678454094e-06,2.226168394088745,0.4190472662448883,8.102111678454094e-06,19.0081844329834,17.113874435424805,7.832027435302734,10.34172248840332,9.679800033569336,4.714171409606934,1263.0,-0.20640898507794486,-0.08114342476612252,-0.22280600737274522,-0.2292036321664005,-1.0991904082885582,-0.18397549790310908,64.0,0.7556077183073883,,,,
synthetic_niah_131,niah_single_1,disagreement_formal,64,32,physical_delete_median_aov_64,median_aov,64,18,19,0.0024651207967102714,0.0033817807921592102,0.749369695310268,0.6624668789291817,0.7289416281580845,0.0025776511366891156,0.023626780186037272,0.11581645920148399,0.9932933484076953,0.10909870563795362,0.023626780186037272,74.71806204953081,3.4498367141540464e-05,4.753682515001856e-05,7.327768253162503e-05,2.161086082458496,0.40347155928611755,7.327768253162503e-05,23.876815795898438,22.86034393310547,7.336312770843506,10.085914611816406,9.501727104187012,3.641465187072754,1263.0,-0.20640898507794486,-0.08114342476612252,-0.22280600737274522,-0.2292036321664005,-1.0991904082885582,-0.18397549790310908,64.0,0.7556077183073883,9.313320935293881e-10,1.227924622722998e-07,9.313305184495018e-10,1.2273973038822858e-07
synthetic_niah_131,niah_single_1,disagreement_formal,64,32,physical_delete_median_aov_64,median_aov,64,19,20,0.000919676108124648,0.003790211625692177,0.2135642975941981,0.9773617453330722,0.24264505493323074,0.0008021965910769499,0.025161553682354544,0.09002784701645565,0.9976351763381268,0.03188183850663878,0.025161553682354544,80.1085872188228,1.0013865166360852e-05,1.317622354690684e-05,2.201762436015997e-05,1.3746329545974731,0.6230390071868896,2.201762436015997e-05,22.175628662109375,19.585952758789062,8.670860290527344,11.133110046386719,10.096911430358887,2.753114938735962,1263.0,-0.20640898507794486,-0.08114342476612252,-0.22280600737274522,-0.2292036321664005,-1.0991904082885582,-0.18397549790310908,64.0,0.7556077183073883,,,,
synthetic_niah_131,niah_single_1,disagreement_formal,64,32,physical_delete_median_aov_64,median_aov,64,20,21,0.010229242274865186,0.010504943589333836,0.9331397961539916,0.3618006672308866,0.9737550885329281,0.010694794665330529,0.028318158754747923,0.37354165272172574,0.927622574485659,0.3776656087690518,0.028318158754747923,94.75077390253429,0.00011287290039796157,0.00013786404451821,0.00018321233801543713,2.3716952800750732,0.3617476224899292,0.00018321233801543713,21.27375030517578,19.349475860595703,7.154960632324219,11.180789947509766,11.109130859375,5.4695963859558105,1263.0,-0.20640898507794486,-0.08114342476612252,-0.22280600737274522,-0.2292036321664005,-1.0991904082885582,-0.18397549790310908,64.0,0.7556077183073883,,,,
synthetic_niah_131,niah_single_1,disagreement_formal,64,32,physical_delete_median_aov_64,median_aov,64,21,22,0.01828760916876349,0.018062381732310305,0.9925749908025898,0.12325046033876608,1.012469420688319,0.02051833332872268,0.03648785250163896,0.5947909002690408,0.8045354453775898,0.5623332677033004,0.03648785250163896,126.03219542781528,0.0001628023161786031,0.00023832001897972077,0.000300861953292042,2.3658554553985596,0.4101838171482086,0.000300861953292042,18.009952545166016,17.66085433959961,5.151668071746826,10.769804000854492,11.166555404663086,8.024304389953613,1263.0,-0.20640898507794486,-0.08114342476612252,-0.22280600737274522,-0.2292036321664005,-1.0991904082885582,-0.18397549790310908,64.0,0.7556077183073883,,,,
synthetic_niah_131,niah_single_1,disagreement_formal,64,32,physical_delete_median_aov_64,median_aov,64,22,23,0.003295302525488135,0.0045127237339020335,0.736125556654796,0.6768707294972692,0.7302247422619806,0.0032426393086727647,0.040116283626630056,0.13253392263004235,0.9925260458016615,0.08083099967216881,0.040116283626630056,139.77477427377184,2.319903090897878e-05,7.080204522935674e-05,7.626992737641558e-05,1.5654034614562988,0.5973843932151794,7.626992737641558e-05,21.877931594848633,19.962722778320312,7.40228796005249,11.148004531860352,10.806314468383789,10.319510459899902,1263.0,-0.20640898507794486,-0.08114342476612252,-0.22280600737274522,-0.2292036321664005,-1.0991904082885582,-0.18397549790310908,64.0,0.7556077183073883,2.7302629542815817e-10,1.279704338368119e-07,2.7303030433513616e-10,1.2791183452705823e-07
synthetic_niah_131,niah_single_1,disagreement_formal,64,32,physical_delete_median_aov_64,median_aov,64,23,24,0.0012824063166351153,0.0038244801391615173,0.23774669076875035,0.9762152040967497,0.3353151983987741,0.0012669018841922903,0.04298576263508709,0.14684062335804585,0.9960989337896836,0.02947259293611282,0.04298576263508709,163.4207217757407,7.75239437463039e-06,2.644878077262547e-05,2.0678680812125094e-05,1.5230046510696411,0.6250420808792114,2.0678680812125094e-05,20.962692260742188,18.799367904663086,8.882219314575195,10.263181686401367,13.401596069335938,10.575352668762207,1263.0,-0.20640898507794486,-0.08114342476612252,-0.22280600737274522,-0.2292036321664005,-1.0991904082885582,-0.18397549790310908,64.0,0.7556077183073883,,,,
synthetic_niah_131,niah_single_1,disagreement_formal,64,32,physical_delete_median_aov_64,median_aov,64,24,25,0.0024852397494542424,0.004307860730688629,0.5439004958546977,0.8397986380938163,0.5769081000575816,0.0025724049266764694,0.04589715033344519,0.042582475560340234,0.9991836820631482,0.05604715996500465,0.04589715033344519,183.48881375103431,1.4019410088763348e-05,4.2176714487141e-05,3.4945824154419824e-05,1.7150181531906128,0.5688129663467407,3.4945824154419824e-05,19.43150520324707,18.487974166870117,6.178897857666016,10.985212326049805,15.311174392700195,58.58753204345703,1263.0,-0.20640898507794486,-0.08114342476612252,-0.22280600737274522,-0.2292036321664005,-1.0991904082885582,-0.18397549790310908,64.0,0.7556077183073883,,,,
synthetic_niah_131,niah_single_1,disagreement_formal,64,32,physical_delete_median_aov_64,median_aov,64,25,26,0.004793092466125434,0.013267023700864598,0.4003878653709216,0.9171799647138612,0.361278654067157,0.005086883035854266,0.04715444693114538,0.11743983334679044,0.9931260404419598,0.10787705862147212,0.04715444693114538,218.08180976081204,2.3325572368614613e-05,5.736123785027303e-05,9.106360812438652e-05,1.559352993965149,0.6184529066085815,9.106360812438652e-05,17.919166564941406,17.698436737060547,8.066576957702637,14.944236755371094,19.90163230895996,54.59262466430664,1263.0,-0.20640898507794486,-0.08114342476612252,-0.22280600737274522,-0.2292036321664005,-1.0991904082885582,-0.18397549790310908,64.0,0.7556077183073883,,,,
synthetic_niah_131,niah_single_1,disagreement_formal,64,32,physical_delete_median_aov_64,median_aov,64,26,27,0.005894823602326964,0.007362032782156513,0.8163008587153072,0.5778374413317917,0.8007059703149313,0.0051349490603654156,0.05114157426128911,0.14931935217111283,0.9899980773877094,0.10040655053225928,0.05114157426128911,272.23599231556153,1.8862124058942417e-05,0.00014806048420723528,6.82598547427915e-05,1.7982374429702759,0.6087456345558167,6.82598547427915e-05,19.84998321533203,17.569852828979492,8.10425090789795,12.361202239990234,24.722946166992188,147.1423797607422,1263.0,-0.20640898507794486,-0.08114342476612252,-0.22280600737274522,-0.2292036321664005,-1.0991904082885582,-0.18397549790310908,64.0,0.7556077183073883,3.196486720621314e-10,1.296939493115461e-07,3.196483397539163e-10,1.2963304078900922e-07
synthetic_niah_131,niah_single_1,disagreement_formal,64,32,physical_delete_median_aov_64,median_aov,64,27,28,0.015620731233200413,0.015815173007163202,0.9125202450437498,0.41588412412784653,0.9877053653554899,0.01713394533607628,0.06040474224553313,0.32430854245050755,0.9468246393276727,0.2836523209788767,0.06040474224553313,221.94005608802607,7.720077951715304e-05,0.00046111209667287767,0.00019767560297623277,3.204117774963379,0.14852751791477203,0.00019767560297623277,17.66365623474121,16.107072830200195,4.4015212059021,12.153059005737305,24.387832641601562,130.0479736328125,1263.0,-0.20640898507794486,-0.08114342476612252,-0.22280600737274522,-0.2292036321664005,-1.0991904082885582,-0.18397549790310908,64.0,0.7556077183073883,,,,
synthetic_niah_131,niah_single_1,disagreement_formal,64,32,physical_delete_high_random_56,high_random,56,0,1,0.004333665612968034,0.004332484941029577,0.9999912623526633,0.0041897878232958225,1.000272516109006,0.00595386013543553,0.0059517793306754375,0.9999900622679802,0.00447265471927989,1.0003496105356877,0.0059517793306754375,17.891048340473336,0.0003327843076677982,0.00011347091640345752,0.00030513739329762757,1.550085186958313,0.5415025353431702,0.00030513739329762757,778.4986572265625,778.9778442382812,1848.7174072265625,4.92659854888916,4.117948532104492,0.927196741104126,1271.0,-0.27838187020462946,0.834692539307465,-0.28306043516370766,-0.28820807234924356,-0.9045004310699302,0.5535066482562465,56.0,0.9859443432540662,5.465289323165058e-10,5.337505593348878e-10,5.465352728848803e-10,5.337595846862964e-10
synthetic_niah_131,niah_single_1,disagreement_formal,64,32,physical_delete_high_random_56,high_random,56,1,2,0.0024569727252491784,0.0027773968642127466,0.9276947308756027,0.3758150197281169,0.884631489618106,0.0027280661670842123,0.006412801406223957,0.38446772667761164,0.9240458808467639,0.4254094262823237,0.006412801406223957,21.51507656358175,0.0001267978832899888,9.811197378439829e-05,0.00019793733372353017,2.793450117111206,0.22785113751888275,0.00019793733372353017,91.64095306396484,91.1332015991211,3904.553466796875,3.9698257446289062,3.9803307056427,0.5969142317771912,1271.0,-0.27838187020462946,0.834692539307465,-0.28306043516370766,-0.28820807234924356,-0.9045004310699302,0.5535066482562465,56.0,0.9859443432540662,,,,
synthetic_niah_131,niah_single_1,disagreement_formal,64,32,physical_delete_high_random_56,high_random,56,2,3,0.039456907054137375,0.0397681434902224,0.9989063010685079,0.0472390650750143,0.9921737247764268,0.04012350331479414,0.0405728290972949,0.9874553297595232,0.1579054558464489,0.9889254510346502,0.0405728290972949,28.983056668999108,0.0013843779064791012,0.0006925453781150281,0.0021955538541078568,2.0022547245025635,0.3832941949367523,0.0021955538541078568,25.930830001831055,27.46445083618164,48.658573150634766,5.853658676147461,5.93316125869751,1.3561681509017944,1271.0,-0.27838187020462946,0.834692539307465,-0.28306043516370766,-0.28820807234924356,-0.9045004310699302,0.5535066482562465,56.0,0.9859443432540662,,,,
synthetic_niah_131,niah_single_1,disagreement_formal,64,32,physical_delete_high_random_56,high_random,56,3,4,0.0001056465877065784,0.011422734851672061,0.018078335037516796,0.9998755595047544,0.009248799790806126,0.00010309978326204145,0.036531395030300035,-0.002830117792648744,1.0000119696294087,0.002822224094550125,0.036531395030300035,33.545277175657304,3.0734515241047862e-06,2.7653325105347903e-06,3.606093514463282e-06,1.9695796966552734,0.44378897547721863,3.606093514463282e-06,22.95713996887207,21.982481002807617,9.549149513244629,6.769996643066406,6.460625171661377,1.3596605062484741,1271.0,-0.27838187020462946,0.834692539307465,-0.28306043516370766,-0.28820807234924356,-0.9045004310699302,0.5535066482562465,56.0,0.9859443432540662,,,,
synthetic_niah_131,niah_single_1,disagreement_formal,64,32,physical_delete_high_random_56,high_random,56,4,5,0.00015961247532112697,0.009145542739166283,-0.15733817937641403,1.0028940496025336,0.017452488045086475,0.00014977988414783297,0.03410648522672433,0.05996752687595438,0.9997462610062889,0.004391536775254464,0.03410648522672433,34.32740154122034,4.363274743297342e-06,3.817251126747578e-06,4.580000677378848e-06,1.2037004232406616,0.6974661946296692,4.580000677378848e-06,21.372602462768555,19.115318298339844,6.76999044418335,7.194135665893555,6.810142517089844,2.0488202571868896,1271.0,-0.27838187020462946,0.834692539307465,-0.28306043516370766,-0.28820807234924356,-0.9045004310699302,0.5535066482562465,56.0,0.9859443432540662,2.258918708278165e-12,1.3757123145681895e-07,2.2595695839164658e-12,1.375614140760089e-07
synthetic_niah_131,niah_single_1,disagreement_formal,64,32,physical_delete_high_random_56,high_random,56,5,6,0.0034968760005527474,0.012695381146167693,0.24535411648004862,0.9699004089838599,0.27544474327250396,0.0028167257852204867,0.027779329682944724,0.0899779226317936,0.9960092150738037,0.10139646339090146,0.027779329682944724,35.614560684244616,7.908916272176753e-05,7.259214908117428e-05,0.00012764889106620103,1.6369131803512573,0.5548150539398193,0.00012764889106620103,18.71236801147461,17.88959503173828,5.4835309982299805,7.679743766784668,7.75647497177124,1.5511971712112427,1271.0,-0.27838187020462946,0.834692539307465,-0.28306043516370766,-0.28820807234924356,-0.9045004310699302,0.5535066482562465,56.0,0.9859443432540662,,,,
synthetic_niah_131,niah_single_1,disagreement_formal,64,32,physical_delete_high_random_56,high_random,56,6,7,0.00014256189909913797,0.005593557917081021,-0.06625519849527223,1.0020113987354229,0.02548680128327578,0.00012789396000129533,0.023968171460549255,0.008737685897663904,0.9999676116603462,0.0053359915340978,0.023968171460549255,40.74478180716377,3.1389040345482706e-06,3.9696092244412284e-06,4.100619662494864e-06,1.3039953708648682,0.63423091173172,4.100619662494864e-06,21.368000030517578,19.71771240234375,6.640367031097412,7.427497863769531,6.750306129455566,1.1526930332183838,1271.0,-0.27838187020462946,0.834692539307465,-0.28306043516370766,-0.28820807234924356,-0.9045004310699302,0.5535066482562465,56.0,0.9859443432540662,,,,
synthetic_niah_131,niah_single_1,disagreement_formal,64,32,physical_delete_high_random_56,high_random,56,7,8,0.0007747345095391121,0.004675343535484922,0.08118074056443124,1.000277101795626,0.1657064349729666,0.0007723738563122425,0.02116718444013251,-0.015104618966100625,1.0012161473737011,0.0364892108582868,0.02116718444013251,43.36372754430981,1.7811518982610928e-05,2.1929541617282666e-05,2.6024967155535705e-05,2.1567556858062744,0.4092113673686981,2.6024967155535705e-05,33.806922912597656,33.407508850097656,197.54917907714844,6.546187400817871,6.090106964111328,1.2835561037063599,1271.0,-0.27838187020462946,0.834692539307465,-0.28306043516370766,-0.28820807234924356,-0.9045004310699302,0.5535066482562465,56.0,0.9859443432540662,1.9310670847084538e-11,1.4669110499226663e-07,1.9311669730318922e-11,1.4668044195321647e-07
synthetic_niah_131,niah_single_1,disagreement_formal,64,32,physical_delete_high_random_56,high_random,56,8,9,0.001615392825801653,0.0040523685507643445,0.41238866398564367,0.9111119086046684,0.3986292968088904,0.0013762003656874347,0.01883469977123691,0.09460143274696826,0.995748104926723,0.07306728444851962,0.01883469977123691,43.39402433786127,3.1714052491939555e-05,2.304516965523362e-05,6.338912498904392e-05,1.5148624181747437,0.5787993669509888,6.338912498904392e-05,22.540369033813477,21.196823120117188,12.902982711791992,8.854381561279297,8.2647705078125,3.1884195804595947,1271.0,-0.27838187020462946,0.834692539307465,-0.28306043516370766,-0.28820807234924356,-0.9045004310699302,0.5535066482562465,56.0,0.9859443432540662,,,,
synthetic_niah_131,niah_single_1,disagreement_formal,64,32,physical_delete_high_random_56,high_random,56,9,10,0.00021200884381892385,0.0028228569527896058,0.20120223858397623,0.9876326928811155,0.07510435256360133,0.0001787534522094295,0.018309841551750774,-0.006444330548574255,1.0001105630758405,0.009762697929646322,0.018309841551750774,43.234455333439506,4.1345137999500454e-06,5.229547696217196e-06,7.625485068274429e-06,2.077303647994995,0.4336170256137848,7.625485068274429e-06,22.025005340576172,19.8815975189209,6.634504318237305,7.934089660644531,7.467833042144775,2.914693593978882,1271.0,-0.27838187020462946,0.834692539307465,-0.28306043516370766,-0.28820807234924356,-0.9045004310699302,0.5535066482562465,56.0,0.9859443432540662,,,,
synthetic_niah_131,niah_single_1,disagreement_formal,64,32,physical_delete_high_random_56,high_random,56,10,11,0.00019608475109167352,0.004073196347784271,0.14228263083800755,0.9942929337121611,0.048140264880267625,0.0001842585903975705,0.017561799483894452,-0.004392890215175695,1.000101126284094,0.010492010831039842,0.017561799483894452,49.095172410729916,3.75308979172258e-06,1.672148300713161e-06,3.249711426178692e-06,2.297013282775879,0.38224270939826965,3.249711426178692e-06,23.838563919067383,20.02025604248047,11.102385520935059,9.53541088104248,8.533916473388672,3.806143283843994,1271.0,-0.27838187020462946,0.834692539307465,-0.28306043516370766,-0.28820807234924356,-0.9045004310699302,0.5535066482562465,56.0,0.9859443432540662,2.2618921982422935e-12,1.415492106611048e-07,2.2620744989139252e-12,1.415395135840378e-07
synthetic_niah_131,niah_single_1,disagreement_formal,64,32,physical_delete_high_random_56,high_random,56,11,12,9.45111524392829e-05,0.0034550332162769587,0.053057960561415714,0.9989221761804647,0.027354629180996792,0.00010536458743503546,0.016959752344011075,-0.05972454511504736,1.000390268425508,0.006212625355478284,0.016959752344011075,48.29283157689421,2.1817852462692896e-06,2.0079257865290856e-06,2.949735289803357e-06,2.1835100650787354,0.45166826248168945,2.949735289803357e-06,21.029905319213867,19.675668716430664,7.97908878326416,6.682971954345703,7.327751159667969,1.192598581314087,1271.0,-0.27838187020462946,0.834692539307465,-0.28306043516370766,-0.28820807234924356,-0.9045004310699302,0.5535066482562465,56.0,0.9859443432540662,,,,
synthetic_niah_131,niah_single_1,disagreement_formal,64,32,physical_delete_high_random_56,high_random,56,12,13,0.00025422150495259716,0.001972510679074471,0.32066756614577224,0.966412924586311,0.12888219447910992,0.00021265010931435799,0.016655905684823346,-0.020917045481283245,1.000348493756116,0.012767249847489358,0.016655905684823346,51.70261602448504,4.112946803574742e-06,5.434216745925369e-06,5.6118697102647275e-06,1.7368677854537964,0.5286809802055359,5.6118697102647275e-06,21.46862030029297,18.443992614746094,6.829078674316406,9.645975112915039,8.657596588134766,1.346874475479126,1271.0,-0.27838187020462946,0.834692539307465,-0.28306043516370766,-0.28820807234924356,-0.9045004310699302,0.5535066482562465,56.0,0.9859443432540662,,,,
synthetic_niah_131,niah_single_1,disagreement_formal,64,32,physical_delete_high_random_56,high_random,56,13,14,0.0007371132377126897,0.001497874316566073,0.5863920191754135,0.8154963001642,0.4921061998062337,0.0007667414158271409,0.01642943205018485,0.06856029827953283,0.9978871301052192,0.04666877184099095,0.01642943205018485,54.283339398289556,1.4124801906555155e-05,9.9916624094476e-06,1.4290627404989209e-05,2.39921498298645,0.2953784763813019,1.4290627404989209e-05,23.638647079467773,19.9183349609375,6.092207431793213,8.621910095214844,7.884169101715088,2.3084053993225098,1271.0,-0.27838187020462946,0.834692539307465,-0.28306043516370766,-0.28820807234924356,-0.9045004310699302,0.5535066482562465,56.0,0.9859443432540662,,,,
synthetic_niah_131,niah_single_1,disagreement_formal,64,32,physical_delete_high_random_56,high_random,56,14,15,0.00018461462189911214,0.0013436920559687382,0.10324681679124144,0.9952417265280977,0.13739355016578836,0.00015487136727485617,0.016114636279929227,0.00048785838728315306,1.000041492368375,0.009610602720692392,0.016114636279929227,53.19246499218874,2.9115283019427448e-06,4.022829671157524e-06,4.1304742808279116e-06,1.5507253408432007,0.5856848359107971,4.1304742808279116e-06,21.427337646484375,20.090377807617188,12.507719039916992,11.573505401611328,9.954849243164062,2.728849172592163,1271.0,-0.27838187020462946,0.834692539307465,-0.28306043516370766,-0.28820807234924356,-0.9045004310699302,0.5535066482562465,56.0,0.9859443432540662,2.0390518232605794e-12,1.4017696717041873e-07,2.0381769888294262e-12,1.4016734020073572e-07
synthetic_niah_131,niah_single_1,disagreement_formal,64,32,physical_delete_high_random_56,high_random,56,15,16,0.00016472411914542664,0.002046111569153692,0.08384364280108719,0.9964845126113472,0.08050593214404211,0.00013902794203448767,0.01578501731976816,-0.009527852581339412,1.000122696691006,0.008807588817807495,0.01578501731976816,52.81827064974745,2.632194131391018e-06,2.3871807570685633e-06,3.1326499083661474e-06,2.3267366886138916,0.37423357367515564,3.1326499083661474e-06,57.78171920776367,55.84490966796875,1393.3857421875,9.509081840515137,8.428606033325195,3.6271986961364746,1271.0,-0.27838187020462946,0.834692539307465,-0.28306043516370766,-0.28820807234924356,-0.9045004310699302,0.5535066482562465,56.0,0.9859443432540662,,,,
synthetic_niah_131,niah_single_1,disagreement_formal,64,32,physical_delete_high_random_56,high_random,56,16,17,0.0006854630495524373,0.0012246300163599574,0.637180603671265,0.7745962572060227,0.5597307271545418,0.0007780942502623287,0.01596065722231198,0.022348243867449234,1.0000988196777103,0.04875076504835919,0.01596065722231198,57.93380512973075,1.3430746496280503e-05,1.0349061085435096e-05,1.3024135114392266e-05,2.6151504516601562,0.3488902747631073,1.3024135114392266e-05,21.01578140258789,18.63571548461914,6.561486721038818,9.22852897644043,9.160888671875,3.3897416591644287,1271.0,-0.27838187020462946,0.834692539307465,-0.28306043516370766,-0.28820807234924356,-0.9045004310699302,0.5535066482562465,56.0,0.9859443432540662,,,,
synthetic_niah_131,niah_single_1,disagreement_formal,64,32,physical_delete_high_random_56,high_random,56,17,18,0.0002387110715864919,0.0012008637596979982,0.1882649766315812,0.9821745890498669,0.19878280917272803,0.00021948789137847652,0.015942397781325675,-0.008293467279742497,1.0002089317994738,0.0137675583302517,0.015942397781325675,64.89011883755114,3.3824547606077347e-06,4.604694368026685e-06,5.674772182828747e-06,2.226168394088745,0.4190472662448883,5.674772182828747e-06,20.415969848632812,17.113874435424805,7.832027435302734,10.59176254272461,9.679800033569336,4.714171409606934,1271.0,-0.27838187020462946,0.834692539307465,-0.28306043516370766,-0.28820807234924356,-0.9045004310699302,0.5535066482562465,56.0,0.9859443432540662,,,,
synthetic_niah_131,niah_single_1,disagreement_formal,64,32,physical_delete_high_random_56,high_random,56,18,19,0.00271719576728096,0.0028677202586697304,0.8654575188976038,0.5076573799187407,0.9475107479770027,0.003066120056526515,0.016622167585241748,0.17139967258915326,0.9852881388551525,0.18445970062585687,0.016622167585241748,74.71806204953081,4.103586164338651e-05,2.8178654247312807e-05,5.179998333915137e-05,2.161086082458496,0.40347155928611755,5.179998333915137e-05,25.155479431152344,22.86034393310547,7.336312770843506,10.474996566772461,9.501727104187012,3.641465187072754,1271.0,-0.27838187020462946,0.834692539307465,-0.28306043516370766,-0.28820807234924356,-0.9045004310699302,0.5535066482562465,56.0,0.9859443432540662,5.700619127717772e-10,1.3497233048999054e-07,5.700471395788356e-10,1.3496377665912705e-07
synthetic_niah_131,niah_single_1,disagreement_formal,64,32,physical_delete_high_random_56,high_random,56,19,20,0.002492522123945643,0.003379756648321212,0.7969741598334488,0.6069358022102154,0.7374856782022235,0.0023258133144577146,0.017418626693852062,0.03948952663967679,1.0036349696783615,0.13352449394179938,0.017418626693852062,80.1085872188228,2.903325842090531e-05,3.9977236156119034e-05,6.422011210815981e-05,1.3746329545974731,0.6230390071868896,6.422011210815981e-05,22.38011932373047,19.585952758789062,8.670860290527344,9.98827838897705,10.096911430358887,2.753114938735962,1271.0,-0.27838187020462946,0.834692539307465,-0.28306043516370766,-0.28820807234924356,-0.9045004310699302,0.5535066482562465,56.0,0.9859443432540662,,,,
synthetic_niah_131,niah_single_1,disagreement_formal,64,32,physical_delete_high_random_56,high_random,56,20,21,0.0004445297659233267,0.003065640051059996,0.04762439519477993,1.00360085945497,0.14500390082313255,0.00044078876582923825,0.01787196048191089,0.062262134115982574,0.9987677750645563,0.024663705264757203,0.01787196048191089,94.75077390253429,4.652086180136715e-06,7.534242740803165e-06,7.712538717896678e-06,2.3716952800750732,0.3617476224899292,7.712538717896678e-06,20.825885772705078,19.349475860595703,7.154960632324219,11.633219718933105,11.109130859375,5.4695963859558105,1271.0,-0.27838187020462946,0.834692539307465,-0.28306043516370766,-0.28820807234924356,-0.9045004310699302,0.5535066482562465,56.0,0.9859443432540662,,,,
synthetic_niah_131,niah_single_1,disagreement_formal,64,32,physical_delete_high_random_56,high_random,56,21,22,0.0031998002337576977,0.003533792554971696,0.8903863425263902,0.4554559971986843,0.9054861551666058,0.0033195584024748636,0.01911848384122264,0.1808996126743594,0.9835284262263736,0.1736308396650859,0.01911848384122264,126.03219542781528,2.6338971492217914e-05,4.156080831307918e-05,6.329880125122145e-05,2.3658554553985596,0.4101838171482086,6.329880125122145e-05,18.684295654296875,17.66085433959961,5.151668071746826,11.205883979797363,11.166555404663086,8.024304389953613,1271.0,-0.27838187020462946,0.834692539307465,-0.28306043516370766,-0.28820807234924356,-0.9045004310699302,0.5535066482562465,56.0,0.9859443432540662,,,,
synthetic_niah_131,niah_single_1,disagreement_formal,64,32,physical_delete_high_random_56,high_random,56,22,23,0.0010276817364137452,0.0015912136070974844,0.6517229250845663,0.7584798919804789,0.645847755342118,0.0010678447614271159,0.020732296370157416,0.13243423517699676,0.9944900688980046,0.051506342682048394,0.020732296370157416,139.77477427377184,7.639753074010097e-06,1.1965577868977562e-05,1.1819331120932475e-05,1.5654034614562988,0.5973843932151794,1.1819331120932475e-05,21.767898559570312,19.962722778320312,7.40228796005249,13.749488830566406,10.806314468383789,10.319510459899902,1271.0,-0.27838187020462946,0.834692539307465,-0.28306043516370766,-0.28820807234924356,-0.9045004310699302,0.5535066482562465,56.0,0.9859443432540662,6.3985359401074e-11,1.3039289642943481e-07,6.398374323301938e-11,1.3038621940812476e-07
synthetic_niah_131,niah_single_1,disagreement_formal,64,32,physical_delete_high_random_56,high_random,56,23,24,0.00386869848308894,0.003975150945772582,0.9438995487284167,0.33153184078150133,0.9732205231610512,0.003732490620999863,0.022811578702044904,0.21081023106865449,0.978665272541001,0.16362263523064585,0.022811578702044904,163.4207217757407,2.2839763406025656e-05,3.320378527860157e-05,3.2580006518401206e-05,1.5230046510696411,0.6250420808792114,3.2580006518401206e-05,20.372676849365234,18.799367904663086,8.882219314575195,16.506275177001953,13.401596069335938,10.575352668762207,1271.0,-0.27838187020462946,0.834692539307465,-0.28306043516370766,-0.28820807234924356,-0.9045004310699302,0.5535066482562465,56.0,0.9859443432540662,,,,
synthetic_niah_131,niah_single_1,disagreement_formal,64,32,physical_delete_high_random_56,high_random,56,24,25,0.006359058566912108,0.0066368996770376125,0.9392860334551738,0.34365259057213315,0.958136912768656,0.006726108048942427,0.027230629561906076,0.3669101620938676,0.9379520907484455,0.24700523480925413,0.027230629561906076,183.48881375103431,3.665677439099206e-05,3.673541868920438e-05,5.53313730051741e-05,1.7150181531906128,0.5688129663467407,5.53313730051741e-05,19.654096603393555,18.487974166870117,6.178897857666016,20.662025451660156,15.311174392700195,58.58753204345703,1271.0,-0.27838187020462946,0.834692539307465,-0.28306043516370766,-0.28820807234924356,-0.9045004310699302,0.5535066482562465,56.0,0.9859443432540662,,,,
synthetic_niah_131,niah_single_1,disagreement_formal,64,32,physical_delete_high_random_56,high_random,56,25,26,0.0006358211015432832,0.009522837372952987,0.10339535544418098,0.9953145037442973,0.06676803106489658,0.0006783288800358117,0.026633833076017785,0.22624919455674522,0.9945471895996637,0.02546869157359882,0.026633833076017785,218.08180976081204,3.110433102053719e-06,6.08324216955225e-06,9.843746738624759e-06,1.559352993965149,0.6184529066085815,9.843746738624759e-06,18.670120239257812,17.698436737060547,8.066576957702637,27.108699798583984,19.90163230895996,54.59262466430664,1271.0,-0.27838187020462946,0.834692539307465,-0.28306043516370766,-0.28820807234924356,-0.9045004310699302,0.5535066482562465,56.0,0.9859443432540662,,,,
synthetic_niah_131,niah_single_1,disagreement_formal,64,32,physical_delete_high_random_56,high_random,56,26,27,0.02360183088051803,0.023615588124210253,0.9964122695701504,0.0846854188384832,0.9994174507270425,0.025267747301011473,0.04134618729658905,0.686896509667289,0.7306943902501073,0.6111264170444077,0.04134618729658905,272.23599231556153,9.281560122190764e-05,7.330800144700333e-05,0.00013882582425139844,1.7982374429702759,0.6087456345558167,0.00013882582425139844,19.115385055541992,17.569852828979492,8.10425090789795,38.04063415527344,24.722946166992188,147.1423797607422,1271.0,-0.27838187020462946,0.834692539307465,-0.28306043516370766,-0.28820807234924356,-0.9045004310699302,0.5535066482562465,56.0,0.9859443432540662,3.2961585651957267e-09,1.519151298977968e-07,3.2959407648404043e-09,1.51907130097733e-07
synthetic_niah_131,niah_single_1,disagreement_formal,64,32,physical_delete_high_random_56,high_random,56,27,28,0.02669043945588004,0.02711425907936018,0.9918207830201438,0.12785562792677496,0.9843691239270204,0.03055011352253746,0.0628893937644266,0.624771583280363,0.7930828696574969,0.48577529045633994,0.0628893937644266,221.94005608802607,0.00013765029197983371,0.00017735718574840575,0.00013412206317298114,3.204117774963379,0.14852751791477203,0.00013412206317298114,16.81787109375,16.107072830200195,4.4015212059021,38.409446716308594,24.387832641601562,130.0479736328125,1271.0,-0.27838187020462946,0.834692539307465,-0.28306043516370766,-0.28820807234924356,-0.9045004310699302,0.5535066482562465,56.0,0.9859443432540662,,,,
