run_id,model,task,sample_id,seed,config_hash,git_commit,base_anchor,refresh_lag,refresh_anchor,strategy,same_reference_token_verified,reference_token_id,reference_token_position,stale_delta_nll,refreshed_delta_nll,refresh_benefit_delta_nll,stale_approx_kl,refreshed_approx_kl,refresh_benefit_approx_kl,stale_attention_output_error,refreshed_attention_output_error,new_token_online_leverage_mean,new_token_online_leverage_max,exited_recent_online_leverage_max,mean_old_token_score_spearman,mean_selected_core_turnover,mean_new_token_selected_fraction,sample_cluster,rank_instability,bin,record_type,x_median,y_median,y_q25,y_q75,n_rows,n_samples
mechanism_targeted_4bit_seed42_v1,mlx-community/Qwen2.5-1.5B-Instruct-4bit,gov_report,gov_report:0,42.0,cbda0763d81c77dc16cd819183d4ef66a431cae7d0d8f50510af026d1c16d64d,1d64abc8839e31ee1a0615e19a3b3b1809ca5618,0.0,1.0,1.0,v_ridge_leverage,True,1895.0,921.0,0.06865694035533565,0.07498474825862544,-0.006327807903289795,0.03795875957780024,0.041399551596550226,-0.0034407920187499857,0.3733227451642354,0.3687770366668701,0.15685542513936263,0.27235747934002247,,0.9999173892321259,0.003571428571428551,0.0,gov_report::gov_report:0,8.261076787408062e-05,"(0.161, 0.515]",raw,,,,,,
mechanism_targeted_4bit_seed42_v1,mlx-community/Qwen2.5-1.5B-Instruct-4bit,gov_report,gov_report:0,42.0,cbda0763d81c77dc16cd819183d4ef66a431cae7d0d8f50510af026d1c16d64d,1d64abc8839e31ee1a0615e19a3b3b1809ca5618,0.0,8.0,8.0,v_ridge_leverage,True,7992.0,928.0,4.648956435306246,3.6922165328099084,0.9567399024963379,4.536518993719507,3.5936680344616128,0.942850959257894,0.529668616441389,0.5256216553971171,0.19190690181140477,0.44039283231140547,,0.9995497342992365,0.015746753246753228,0.0,gov_report::gov_report:0,0.0004502657007634525,"(0.161, 0.515]",raw,,,,,,
mechanism_targeted_4bit_seed42_v1,mlx-community/Qwen2.5-1.5B-Instruct-4bit,gov_report,gov_report:0,42.0,cbda0763d81c77dc16cd819183d4ef66a431cae7d0d8f50510af026d1c16d64d,1d64abc8839e31ee1a0615e19a3b3b1809ca5618,0.0,16.0,16.0,v_ridge_leverage,True,9954.0,936.0,0.9356791257156232,1.7242888092292645,-0.7886096835136414,0.925389411957043,1.7124163603229174,-0.7870269483658744,0.5117888674139977,0.39433542390664417,0.22466676494880064,0.7959856353057091,,0.999059678297904,0.025974025974025965,0.0,gov_report::gov_report:0,0.0009403217020960142,"(0.515, 2.806]",raw,,,,,,
mechanism_targeted_4bit_seed42_v1,mlx-community/Qwen2.5-1.5B-Instruct-4bit,gov_report,gov_report:0,42.0,cbda0763d81c77dc16cd819183d4ef66a431cae7d0d8f50510af026d1c16d64d,1d64abc8839e31ee1a0615e19a3b3b1809ca5618,0.0,24.0,24.0,v_ridge_leverage,True,66755.0,944.0,0.2724067313549341,0.00341481351752293,0.26899191783741117,0.2698564896275839,0.002736059001537138,0.2671204306260468,0.41258110230167705,0.36277660354971886,0.20375824179752572,0.7959856353057091,,0.9980126936103415,0.03928571428571429,0.0,gov_report::gov_report:0,0.001987306389658494,"(0.515, 2.806]",raw,,,,,,
mechanism_targeted_4bit_seed42_v1,mlx-community/Qwen2.5-1.5B-Instruct-4bit,gov_report,gov_report:0,42.0,cbda0763d81c77dc16cd819183d4ef66a431cae7d0d8f50510af026d1c16d64d,1d64abc8839e31ee1a0615e19a3b3b1809ca5618,0.0,32.0,32.0,v_ridge_leverage,True,553.0,952.0,0.08650990216795407,0.011412900078930477,0.07509700208902359,0.06312278719472916,0.00639722293588425,0.05672556425884491,0.43877464160323143,0.36317821219563484,0.20543272115851333,0.7959856353057091,,0.9972493993972508,0.052922077922077926,0.0,gov_report::gov_report:0,0.0027506006027492313,"(0.515, 2.806]",raw,,,,,,
mechanism_targeted_4bit_seed42_v1,mlx-community/Qwen2.5-1.5B-Instruct-4bit,gov_report,gov_report:0,42.0,cbda0763d81c77dc16cd819183d4ef66a431cae7d0d8f50510af026d1c16d64d,1d64abc8839e31ee1a0615e19a3b3b1809ca5618,0.0,40.0,40.0,v_ridge_leverage,True,8.0,960.0,1.0942718511511345,0.48811091241135784,0.6061609387397766,0.4621166278536227,0.13297778459818962,0.3291388432554331,0.384607270359993,0.30717304969827336,0.19838969425537106,0.7959856353057091,0.44039283231140547,0.9964479373403624,0.06250000000000001,0.007467532467532468,gov_report::gov_report:0,0.0035520626596375893,"(0.515, 2.806]",raw,,,,,,
mechanism_targeted_4bit_seed42_v1,mlx-community/Qwen2.5-1.5B-Instruct-4bit,gov_report,gov_report:0,42.0,cbda0763d81c77dc16cd819183d4ef66a431cae7d0d8f50510af026d1c16d64d,1d64abc8839e31ee1a0615e19a3b3b1809ca5618,0.0,48.0,48.0,v_ridge_leverage,True,9954.0,968.0,0.02256304001923226,0.0036349047396662115,0.01892813527956605,0.020498578826653888,0.002824970526729795,0.017673608299924093,0.42809003839890164,0.3446033795674642,0.18980163573115696,0.7959856353057091,0.7959856353057091,0.9960189555386206,0.06931818181818183,0.014123376623376621,gov_report::gov_report:0,0.003981044461379368,"(0.515, 2.806]",raw,,,,,,
mechanism_targeted_4bit_seed42_v1,mlx-community/Qwen2.5-1.5B-Instruct-4bit,gov_report,gov_report:0,42.0,cbda0763d81c77dc16cd819183d4ef66a431cae7d0d8f50510af026d1c16d64d,1d64abc8839e31ee1a0615e19a3b3b1809ca5618,0.0,64.0,64.0,v_ridge_leverage,True,3266.0,984.0,0.07815999527745987,0.06399144967370773,0.014168545603752136,0.05355054356286094,0.037167162057790144,0.016383381505070793,0.49532838724553585,0.5897190732260545,0.18897322084126433,0.7959856353057091,0.7959856353057091,0.9953396167254155,0.07451298701298703,0.018344155844155847,gov_report::gov_report:0,0.004660383274584512,"(0.515, 2.806]",raw,,,,,,
mechanism_targeted_4bit_seed42_v1,mlx-community/Qwen2.5-1.5B-Instruct-4bit,gov_report,gov_report:0,42.0,cbda0763d81c77dc16cd819183d4ef66a431cae7d0d8f50510af026d1c16d64d,1d64abc8839e31ee1a0615e19a3b3b1809ca5618,16.0,1.0,17.0,v_ridge_leverage,True,8.0,937.0,0.002083003085861179,0.003935336864376637,-0.001852333778515458,0.0015075383175016147,0.0033083267474452653,-0.0018007884299436506,0.4470060629149278,0.5911369944612185,0.13769621803553905,0.22296000997381668,,0.9999369449469826,0.0051948051948051644,0.0,gov_report::gov_report:0,6.305505301740233e-05,"(0.161, 0.515]",raw,,,,,,
mechanism_targeted_4bit_seed42_v1,mlx-community/Qwen2.5-1.5B-Instruct-4bit,gov_report,gov_report:0,42.0,cbda0763d81c77dc16cd819183d4ef66a431cae7d0d8f50510af026d1c16d64d,1d64abc8839e31ee1a0615e19a3b3b1809ca5618,16.0,8.0,24.0,v_ridge_leverage,True,66755.0,944.0,0.23504367898677003,0.00341481351752293,0.2316288654692471,0.23261907709729412,0.002736059001537138,0.22988301809575698,0.3747121716539065,0.36277660354971886,0.15915662099978725,0.41635672082384606,,0.9989602913809016,0.0185064935064935,0.0,gov_report::gov_report:0,0.0010397086190984117,"(0.161, 0.515]",raw,,,,,,
mechanism_targeted_4bit_seed42_v1,mlx-community/Qwen2.5-1.5B-Instruct-4bit,gov_report,gov_report:0,42.0,cbda0763d81c77dc16cd819183d4ef66a431cae7d0d8f50510af026d1c16d64d,1d64abc8839e31ee1a0615e19a3b3b1809ca5618,16.0,16.0,32.0,v_ridge_leverage,True,553.0,952.0,0.04393376423779927,0.011412900078930477,0.03252086415886879,0.030051194546098524,0.00639722293588425,0.023653971610214274,0.3515623304992914,0.36317821219563484,0.18314733503547212,0.503954498950971,,0.9982263983083225,0.033928571428571426,0.0,gov_report::gov_report:0,0.0017736016916775066,"(0.161, 0.515]",raw,,,,,,
mechanism_targeted_4bit_seed42_v1,mlx-community/Qwen2.5-1.5B-Instruct-4bit,gov_report,gov_report:0,42.0,cbda0763d81c77dc16cd819183d4ef66a431cae7d0d8f50510af026d1c16d64d,1d64abc8839e31ee1a0615e19a3b3b1809ca5618,16.0,24.0,40.0,v_ridge_leverage,True,8.0,960.0,1.1955075984884758,0.48811091241135784,0.7073966860771179,0.5108219265603361,0.13297778459818962,0.37784414196214644,0.277994221697251,0.30717304969827336,0.1776930926620151,0.503954498950971,,0.9974097605856065,0.04383116883116883,0.0,gov_report::gov_report:0,0.0025902394143935137,"(0.161, 0.515]",raw,,,,,,
mechanism_targeted_4bit_seed42_v1,mlx-community/Qwen2.5-1.5B-Instruct-4bit,gov_report,gov_report:0,42.0,cbda0763d81c77dc16cd819183d4ef66a431cae7d0d8f50510af026d1c16d64d,1d64abc8839e31ee1a0615e19a3b3b1809ca5618,16.0,32.0,48.0,v_ridge_leverage,True,9954.0,968.0,0.04074939316626214,0.0036349047396662115,0.037114488426595926,0.038409235172791385,0.002824970526729795,0.03558426464606159,0.4623636156320572,0.3446033795674642,0.16934538748530323,0.503954498950971,,0.9970223602279772,0.05129870129870131,0.0,gov_report::gov_report:0,0.002977639772022811,"(0.161, 0.515]",raw,,,,,,
mechanism_targeted_4bit_seed42_v1,mlx-community/Qwen2.5-1.5B-Instruct-4bit,gov_report,gov_report:0,42.0,cbda0763d81c77dc16cd819183d4ef66a431cae7d0d8f50510af026d1c16d64d,1d64abc8839e31ee1a0615e19a3b3b1809ca5618,16.0,40.0,56.0,v_ridge_leverage,True,10288.0,976.0,0.9182797818246691,-0.380790338033119,1.299070119857788,1.1030645893902309,1.9530403200693132,-0.8499757306790823,0.6016714709500471,0.7042091352244219,0.16851857481388616,0.503954498950971,0.41635672082384606,0.9966030341211211,0.05373376623376623,0.001461038961038961,gov_report::gov_report:0,0.0033969658788789436,"(0.161, 0.515]",raw,,,,,,
mechanism_targeted_4bit_seed42_v1,mlx-community/Qwen2.5-1.5B-Instruct-4bit,gov_report,gov_report:0,42.0,cbda0763d81c77dc16cd819183d4ef66a431cae7d0d8f50510af026d1c16d64d,1d64abc8839e31ee1a0615e19a3b3b1809ca5618,16.0,48.0,64.0,v_ridge_leverage,True,3266.0,984.0,0.1154461054997995,0.06399144967370773,0.051454655826091766,0.08275172952423282,0.037167162057790144,0.045584567466442676,0.5186164857198795,0.5897190732260545,0.17403634163834925,0.503954498950971,0.503954498950971,0.9962147655872318,0.05714285714285714,0.006818181818181819,gov_report::gov_report:0,0.0037852344127682347,"(0.161, 0.515]",raw,,,,,,
mechanism_targeted_4bit_seed42_v1,mlx-community/Qwen2.5-1.5B-Instruct-4bit,gov_report,gov_report:0,42.0,cbda0763d81c77dc16cd819183d4ef66a431cae7d0d8f50510af026d1c16d64d,1d64abc8839e31ee1a0615e19a3b3b1809ca5618,16.0,64.0,80.0,v_ridge_leverage,True,9954.0,1000.0,0.0023291816955364197,0.0390265628715909,-0.03669738117605448,0.0021778917498136824,0.0388513657667898,-0.03667347401697611,0.4195447154343128,0.41834279894828796,0.16697241822054446,0.503954498950971,0.503954498950971,0.9950853287002275,0.06428571428571431,0.009902597402597402,gov_report::gov_report:0,0.004914671299772522,"(0.161, 0.515]",raw,,,,,,
mechanism_targeted_4bit_seed42_v1,mlx-community/Qwen2.5-1.5B-Instruct-4bit,gov_report,gov_report:0,42.0,cbda0763d81c77dc16cd819183d4ef66a431cae7d0d8f50510af026d1c16d64d,1d64abc8839e31ee1a0615e19a3b3b1809ca5618,48.0,1.0,49.0,v_ridge_leverage,True,323.0,969.0,2.5282775247351275,3.1270302617804155,-0.5987527370452881,1.109257848429022,1.4309393430881847,-0.3216814946591626,0.5100024305284023,0.5610358429451784,0.08707204190378232,0.162254889414654,,0.9999612142969446,0.001623376623376614,0.0,gov_report::gov_report:0,3.878570305537732e-05,"(0.161, 0.515]",raw,,,,,,
mechanism_targeted_4bit_seed42_v1,mlx-community/Qwen2.5-1.5B-Instruct-4bit,gov_report,gov_report:0,42.0,cbda0763d81c77dc16cd819183d4ef66a431cae7d0d8f50510af026d1c16d64d,1d64abc8839e31ee1a0615e19a3b3b1809ca5618,48.0,8.0,56.0,v_ridge_leverage,True,10288.0,976.0,0.5945331006112902,-0.380790338033119,0.9753234386444092,1.5207468006815368,1.9530403200693132,-0.4322935193877764,0.6948808990418911,0.7042091352244219,0.149676241531404,0.38512842979348916,,0.9994836157898186,0.007792207792207771,0.0,gov_report::gov_report:0,0.0005163842101814087,"(0.161, 0.515]",raw,,,,,,
mechanism_targeted_4bit_seed42_v1,mlx-community/Qwen2.5-1.5B-Instruct-4bit,gov_report,gov_report:0,42.0,cbda0763d81c77dc16cd819183d4ef66a431cae7d0d8f50510af026d1c16d64d,1d64abc8839e31ee1a0615e19a3b3b1809ca5618,48.0,16.0,64.0,v_ridge_leverage,True,3266.0,984.0,0.1711590885119989,0.06399144967370773,0.10716763883829117,0.1299817845068494,0.037167162057790144,0.09281462244905928,0.4994679391384125,0.5897190732260545,0.16614541592403684,0.38512842979348916,,0.9989458670627265,0.014285714285714275,0.0,gov_report::gov_report:0,0.001054132937273522,"(0.161, 0.515]",raw,,,,,,
mechanism_targeted_4bit_seed42_v1,mlx-community/Qwen2.5-1.5B-Instruct-4bit,gov_report,gov_report:0,42.0,cbda0763d81c77dc16cd819183d4ef66a431cae7d0d8f50510af026d1c16d64d,1d64abc8839e31ee1a0615e19a3b3b1809ca5618,48.0,24.0,72.0,v_ridge_leverage,True,13.0,992.0,0.3342433013998729,-0.005925174704863423,0.34016847610473633,0.1394115240017155,0.004084192272211876,0.13532733172950362,0.3803056310862303,0.43452558542291325,0.16039432898556766,0.3881383587815363,,0.9980651686660469,0.020616883116883117,0.0,gov_report::gov_report:0,0.0019348313339531131,"(0.161, 0.515]",raw,,,,,,
mechanism_targeted_4bit_seed42_v1,mlx-community/Qwen2.5-1.5B-Instruct-4bit,gov_report,gov_report:0,42.0,cbda0763d81c77dc16cd819183d4ef66a431cae7d0d8f50510af026d1c16d64d,1d64abc8839e31ee1a0615e19a3b3b1809ca5618,48.0,32.0,80.0,v_ridge_leverage,True,9954.0,1000.0,0.003959997372881219,0.0390265628715909,-0.03506656549870968,0.0037921748920751275,0.0388513657667898,-0.03505919087471467,0.42510787149270374,0.41834279894828796,0.1488283529828234,0.3881383587815363,,0.9977047276737114,0.023701298701298695,0.0,gov_report::gov_report:0,0.0022952723262885666,"(0.161, 0.515]",raw,,,,,,
mechanism_targeted_4bit_seed42_v1,mlx-community/Qwen2.5-1.5B-Instruct-4bit,gov_report,gov_report:0,42.0,cbda0763d81c77dc16cd819183d4ef66a431cae7d0d8f50510af026d1c16d64d,1d64abc8839e31ee1a0615e19a3b3b1809ca5618,48.0,40.0,88.0,v_ridge_leverage,True,11.0,1008.0,0.021658605995877878,0.007241209137543336,0.014417396858334541,0.016929113059310625,0.004030020634812258,0.012899092424498368,0.3779911355425914,0.38053106019894284,0.1522256413460065,0.3881383587815363,0.38512842979348916,0.997117429555721,0.030681818181818168,0.005194805194805195,gov_report::gov_report:0,0.0028825704442789757,"(0.161, 0.515]",raw,,,,,,
mechanism_targeted_4bit_seed42_v1,mlx-community/Qwen2.5-1.5B-Instruct-4bit,gov_report,gov_report:0,42.0,cbda0763d81c77dc16cd819183d4ef66a431cae7d0d8f50510af026d1c16d64d,1d64abc8839e31ee1a0615e19a3b3b1809ca5618,48.0,48.0,96.0,v_ridge_leverage,True,5023.0,1016.0,0.1020555671412815,0.02361092978309287,0.07844463735818863,0.0800233573580768,0.024226252211519375,0.05579710514655742,0.4930480569601059,0.4785238355398178,0.15169170325009163,0.3881383587815363,0.38512842979348916,0.9961946856498738,0.03831168831168831,0.008116883116883118,gov_report::gov_report:0,0.00380531435012621,"(0.161, 0.515]",raw,,,,,,
mechanism_targeted_4bit_seed42_v1,mlx-community/Qwen2.5-1.5B-Instruct-4bit,gov_report,gov_report:0,42.0,cbda0763d81c77dc16cd819183d4ef66a431cae7d0d8f50510af026d1c16d64d,1d64abc8839e31ee1a0615e19a3b3b1809ca5618,48.0,64.0,112.0,v_ridge_leverage,True,11.0,1032.0,0.20176124895619907,0.5042136939864115,-0.3024524450302124,0.3969301747518397,0.1526300319121887,0.244300142839651,0.46816761046648026,0.4460573655863603,0.15321375880175134,0.3881383587815363,0.3881383587815363,0.9956269613028306,0.046753246753246755,0.016233766233766232,gov_report::gov_report:0,0.004373038697169429,"(0.161, 0.515]",raw,,,,,,
mechanism_targeted_4bit_seed42_v1,mlx-community/Qwen2.5-1.5B-Instruct-4bit,gov_report,gov_report:1,42.0,cbda0763d81c77dc16cd819183d4ef66a431cae7d0d8f50510af026d1c16d64d,1d64abc8839e31ee1a0615e19a3b3b1809ca5618,0.0,1.0,1.0,v_ridge_leverage,True,1895.0,962.0,0.046517074566111205,0.05283052520059073,-0.006313450634479523,0.02347879352266934,0.026680607111907586,-0.0032018135892382463,0.23527606949210167,0.237357617666324,0.20806709849751537,0.38938970692183106,,0.9999784400387108,0.0014610389610389526,0.0,gov_report::gov_report:1,2.155996128916371e-05,"(0.161, 0.515]",raw,,,,,,
mechanism_targeted_4bit_seed42_v1,mlx-community/Qwen2.5-1.5B-Instruct-4bit,gov_report,gov_report:1,42.0,cbda0763d81c77dc16cd819183d4ef66a431cae7d0d8f50510af026d1c16d64d,1d64abc8839e31ee1a0615e19a3b3b1809ca5618,0.0,8.0,8.0,v_ridge_leverage,True,28380.0,969.0,2.943643240412829,3.6330458206740595,-0.6894025802612305,2.9426214766049674,3.6320667159858733,-0.6894452393809058,0.5867698738972346,0.5854941705862681,0.20550833924167233,0.7613116264122943,,0.9997217564337652,0.012987012987012976,0.0,gov_report::gov_report:1,0.00027824356623484814,"(0.515, 2.806]",raw,,,,,,
mechanism_targeted_4bit_seed42_v1,mlx-community/Qwen2.5-1.5B-Instruct-4bit,gov_report,gov_report:1,42.0,cbda0763d81c77dc16cd819183d4ef66a431cae7d0d8f50510af026d1c16d64d,1d64abc8839e31ee1a0615e19a3b3b1809ca5618,0.0,16.0,16.0,v_ridge_leverage,True,279.0,977.0,0.06420567475274197,0.09562846861794583,-0.03142279386520386,0.08757387474603837,0.11385829229619063,-0.02628441755015226,0.3154938978453477,0.3089364307622115,0.18163433192418377,0.7613116264122943,,0.9994779506941559,0.026785714285714274,0.0,gov_report::gov_report:1,0.0005220493058440967,"(0.515, 2.806]",raw,,,,,,
mechanism_targeted_4bit_seed42_v1,mlx-community/Qwen2.5-1.5B-Instruct-4bit,gov_report,gov_report:1,42.0,cbda0763d81c77dc16cd819183d4ef66a431cae7d0d8f50510af026d1c16d64d,1d64abc8839e31ee1a0615e19a3b3b1809ca5618,0.0,24.0,24.0,v_ridge_leverage,True,438.0,985.0,0.0005995406769514489,6.105323848970556e-05,0.0005384874384617433,0.00047638682977840736,5.201101663717804e-05,0.0004243758131412293,0.2922738045454025,0.21981780727704367,0.17068678574935245,0.7613116264122943,,0.9988112153078422,0.043344155844155845,0.0,gov_report::gov_report:1,0.0011887846921577738,"(0.515, 2.806]",raw,,,,,,
mechanism_targeted_4bit_seed42_v1,mlx-community/Qwen2.5-1.5B-Instruct-4bit,gov_report,gov_report:1,42.0,cbda0763d81c77dc16cd819183d4ef66a431cae7d0d8f50510af026d1c16d64d,1d64abc8839e31ee1a0615e19a3b3b1809ca5618,0.0,32.0,32.0,v_ridge_leverage,True,323.0,993.0,0.7322576898831201,0.4754454750317407,0.2568122148513794,0.3854507172576206,0.19983741955775564,0.18561329769986495,0.47509862544635934,0.4674261889110009,0.16166740485523398,0.7613116264122943,,0.998265113857158,0.06282467532467534,0.0,gov_report::gov_report:1,0.001734886142842007,"(0.515, 2.806]",raw,,,,,,
mechanism_targeted_4bit_seed42_v1,mlx-community/Qwen2.5-1.5B-Instruct-4bit,gov_report,gov_report:1,42.0,cbda0763d81c77dc16cd819183d4ef66a431cae7d0d8f50510af026d1c16d64d,1d64abc8839e31ee1a0615e19a3b3b1809ca5618,0.0,40.0,40.0,v_ridge_leverage,True,2783.0,1001.0,0.5397128244853633,0.41702012028461866,0.12269270420074463,0.7034612081157323,0.32520212803532716,0.37825908008040515,0.24452522955834866,0.2753916435564558,0.16827054243789036,0.7613116264122943,0.7613116264122943,0.9978493446604534,0.06818181818181819,0.006655844155844156,gov_report::gov_report:1,0.0021506553395466144,"(0.515, 2.806]",raw,,,,,,
mechanism_targeted_4bit_seed42_v1,mlx-community/Qwen2.5-1.5B-Instruct-4bit,gov_report,gov_report:1,42.0,cbda0763d81c77dc16cd819183d4ef66a431cae7d0d8f50510af026d1c16d64d,1d64abc8839e31ee1a0615e19a3b3b1809ca5618,0.0,48.0,48.0,v_ridge_leverage,True,17.0,1009.0,0.8977196607807585,0.0013777007184856416,0.8963419600622728,0.8962476025525724,0.0010129375567491038,0.8952346649958233,0.3674938213080168,0.3119593703498443,0.18026611204441478,0.7613116264122943,0.7613116264122943,0.9976114643071271,0.0728896103896104,0.010714285714285714,gov_report::gov_report:1,0.002388535692872895,"(0.515, 2.806]",raw,,,,,,
mechanism_targeted_4bit_seed42_v1,mlx-community/Qwen2.5-1.5B-Instruct-4bit,gov_report,gov_report:1,42.0,cbda0763d81c77dc16cd819183d4ef66a431cae7d0d8f50510af026d1c16d64d,1d64abc8839e31ee1a0615e19a3b3b1809ca5618,0.0,64.0,64.0,v_ridge_leverage,True,13879.0,1025.0,6.355377385671169,9.015515515859157,-2.6601381301879883,4.462224386238425,6.119057117549471,-1.656832731311046,0.4862911120677988,0.45897876378148794,0.1806870469848306,0.7613116264122943,0.7613116264122943,0.9972326878581085,0.08051948051948053,0.018344155844155847,gov_report::gov_report:1,0.0027673121418915203,"(0.515, 2.806]",raw,,,,,,
mechanism_targeted_4bit_seed42_v1,mlx-community/Qwen2.5-1.5B-Instruct-4bit,gov_report,gov_report:1,42.0,cbda0763d81c77dc16cd819183d4ef66a431cae7d0d8f50510af026d1c16d64d,1d64abc8839e31ee1a0615e19a3b3b1809ca5618,16.0,1.0,17.0,v_ridge_leverage,True,6553.0,978.0,5.612634258109896,3.990479545432894,1.622154712677002,2.5468114361573875,1.6806190771618648,0.8661923589955227,0.3781409139434497,0.3815479048838218,0.10071228529018626,0.2408571135431099,,0.9999565720067978,0.0055194805194804875,0.0,gov_report::gov_report:1,4.3427993202227455e-05,"(0.161, 0.515]",raw,,,,,,
mechanism_targeted_4bit_seed42_v1,mlx-community/Qwen2.5-1.5B-Instruct-4bit,gov_report,gov_report:1,42.0,cbda0763d81c77dc16cd819183d4ef66a431cae7d0d8f50510af026d1c16d64d,1d64abc8839e31ee1a0615e19a3b3b1809ca5618,16.0,8.0,24.0,v_ridge_leverage,True,438.0,985.0,0.00019823479818370515,6.105323848970556e-05,0.0001371815596939996,0.00014350080648263135,5.201101663717804e-05,9.14897898454533e-05,0.26895023075242835,0.21981780727704367,0.1459922772540264,0.33881457456546693,,0.9993272890019645,0.018831168831168837,0.0,gov_report::gov_report:1,0.0006727109980354529,"(0.161, 0.515]",raw,,,,,,
mechanism_targeted_4bit_seed42_v1,mlx-community/Qwen2.5-1.5B-Instruct-4bit,gov_report,gov_report:1,42.0,cbda0763d81c77dc16cd819183d4ef66a431cae7d0d8f50510af026d1c16d64d,1d64abc8839e31ee1a0615e19a3b3b1809ca5618,16.0,16.0,32.0,v_ridge_leverage,True,323.0,993.0,0.7808437008160425,0.4754454750317407,0.30539822578430176,0.3513656165049267,0.19983741955775564,0.15152819694717107,0.4622704032808542,0.4674261889110009,0.1386728532445132,0.33881457456546693,,0.9987854383495121,0.03961038961038961,0.0,gov_report::gov_report:1,0.0012145616504879442,"(0.161, 0.515]",raw,,,,,,
mechanism_targeted_4bit_seed42_v1,mlx-community/Qwen2.5-1.5B-Instruct-4bit,gov_report,gov_report:1,42.0,cbda0763d81c77dc16cd819183d4ef66a431cae7d0d8f50510af026d1c16d64d,1d64abc8839e31ee1a0615e19a3b3b1809ca5618,16.0,24.0,40.0,v_ridge_leverage,True,2783.0,1001.0,0.28753963913685254,0.41702012028461866,-0.1294804811477661,0.34721346954247334,0.32520212803532716,0.022011341507146176,0.2247930864493052,0.2753916435564558,0.15600297565707427,0.7459130053689023,,0.9983662919566915,0.04545454545454546,0.0,gov_report::gov_report:1,0.001633708043308535,"(0.515, 2.806]",raw,,,,,,
mechanism_targeted_4bit_seed42_v1,mlx-community/Qwen2.5-1.5B-Instruct-4bit,gov_report,gov_report:1,42.0,cbda0763d81c77dc16cd819183d4ef66a431cae7d0d8f50510af026d1c16d64d,1d64abc8839e31ee1a0615e19a3b3b1809ca5618,16.0,32.0,48.0,v_ridge_leverage,True,17.0,1009.0,0.3515678141334959,0.0013777007184856416,0.3501901134150103,0.3502841353214406,0.0010129375567491038,0.3492711977646915,0.3803702959169944,0.3119593703498443,0.17552307920729118,0.7459130053689023,,0.9981637066264769,0.049675324675324664,0.0,gov_report::gov_report:1,0.0018362933735230902,"(0.515, 2.806]",raw,,,,,,
mechanism_targeted_4bit_seed42_v1,mlx-community/Qwen2.5-1.5B-Instruct-4bit,gov_report,gov_report:1,42.0,cbda0763d81c77dc16cd819183d4ef66a431cae7d0d8f50510af026d1c16d64d,1d64abc8839e31ee1a0615e19a3b3b1809ca5618,16.0,40.0,56.0,v_ridge_leverage,True,19036.0,1017.0,0.4153875648055134,0.9618938504729329,-0.5465062856674194,0.25183716413004675,0.6623675617986077,-0.4105303976685609,0.37118312033514184,0.385883250584205,0.17563228188050276,0.7459130053689023,0.33881457456546693,0.9979402432643738,0.056980519480519486,0.007792207792207792,gov_report::gov_report:1,0.0020597567356261948,"(0.515, 2.806]",raw,,,,,,
mechanism_targeted_4bit_seed42_v1,mlx-community/Qwen2.5-1.5B-Instruct-4bit,gov_report,gov_report:1,42.0,cbda0763d81c77dc16cd819183d4ef66a431cae7d0d8f50510af026d1c16d64d,1d64abc8839e31ee1a0615e19a3b3b1809ca5618,16.0,48.0,64.0,v_ridge_leverage,True,13879.0,1025.0,6.487594792897731,9.015515515859157,-2.527920722961426,4.556181510774851,6.119057117549471,-1.56287560677462,0.4357193196192384,0.45897876378148794,0.1760598664255273,0.7459130053689023,0.33881457456546693,0.9977846510134268,0.058441558441558454,0.008603896103896103,gov_report::gov_report:1,0.0022153489865731624,"(0.515, 2.806]",raw,,,,,,
mechanism_targeted_4bit_seed42_v1,mlx-community/Qwen2.5-1.5B-Instruct-4bit,gov_report,gov_report:1,42.0,cbda0763d81c77dc16cd819183d4ef66a431cae7d0d8f50510af026d1c16d64d,1d64abc8839e31ee1a0615e19a3b3b1809ca5618,16.0,64.0,80.0,v_ridge_leverage,True,13.0,1041.0,0.0018720749100822331,-0.12216936319263993,0.12404143810272217,0.15485225166528946,0.2570837415099169,-0.10223148984462746,0.4201253453890483,0.45285813758770627,0.1727554868622725,0.7459130053689023,0.7459130053689023,0.9972789116743395,0.07597402597402599,0.029870129870129873,gov_report::gov_report:1,0.0027210883256605367,"(0.515, 2.806]",raw,,,,,,
mechanism_targeted_4bit_seed42_v1,mlx-community/Qwen2.5-1.5B-Instruct-4bit,gov_report,gov_report:1,42.0,cbda0763d81c77dc16cd819183d4ef66a431cae7d0d8f50510af026d1c16d64d,1d64abc8839e31ee1a0615e19a3b3b1809ca5618,48.0,1.0,49.0,v_ridge_leverage,True,15.0,1010.0,0.0017386811394857205,0.0015385287423299587,0.00020015239715576172,0.0011530958081975844,0.0008286816200932253,0.0003244141881043591,0.44865696256359416,0.42621510351697606,0.2004593715901857,0.2988344983561343,,0.9999805901738704,0.0009740259740259684,0.0,gov_report::gov_report:1,1.940982612957942e-05,"(0.161, 0.515]",raw,,,,,,
mechanism_targeted_4bit_seed42_v1,mlx-community/Qwen2.5-1.5B-Instruct-4bit,gov_report,gov_report:1,42.0,cbda0763d81c77dc16cd819183d4ef66a431cae7d0d8f50510af026d1c16d64d,1d64abc8839e31ee1a0615e19a3b3b1809ca5618,48.0,8.0,56.0,v_ridge_leverage,True,19036.0,1017.0,0.07538888743258099,0.9618938504729329,-0.8865049630403519,0.0877800448569056,0.6623675617986077,-0.5745875169417021,0.334045110270381,0.385883250584205,0.15827070587848646,0.449611946068079,,0.9996338729195865,0.010876623376623354,0.0,gov_report::gov_report:1,0.00036612708041350306,"(0.161, 0.515]",raw,,,,,,
mechanism_targeted_4bit_seed42_v1,mlx-community/Qwen2.5-1.5B-Instruct-4bit,gov_report,gov_report:1,42.0,cbda0763d81c77dc16cd819183d4ef66a431cae7d0d8f50510af026d1c16d64d,1d64abc8839e31ee1a0615e19a3b3b1809ca5618,48.0,16.0,64.0,v_ridge_leverage,True,13879.0,1025.0,8.77183837657693,9.015515515859157,-0.24367713928222656,5.842502474498924,6.119057117549471,-0.276554643050547,0.4275396236528953,0.45897876378148794,0.15618231296686344,0.449611946068079,,0.9993119824382038,0.013474025974025956,0.0,gov_report::gov_report:1,0.0006880175617961504,"(0.161, 0.515]",raw,,,,,,
mechanism_targeted_4bit_seed42_v1,mlx-community/Qwen2.5-1.5B-Instruct-4bit,gov_report,gov_report:1,42.0,cbda0763d81c77dc16cd819183d4ef66a431cae7d0d8f50510af026d1c16d64d,1d64abc8839e31ee1a0615e19a3b3b1809ca5618,48.0,24.0,72.0,v_ridge_leverage,True,16849.0,1033.0,0.8774987405515695,0.19763533234367614,0.6798634082078934,0.829383384494884,0.2109036912935139,0.6184796932013701,0.3927301975588004,0.43821179028600454,0.13972346164905625,0.449611946068079,,0.9989438826474999,0.02061688311688311,0.0,gov_report::gov_report:1,0.0010561173525001077,"(0.161, 0.515]",raw,,,,,,
mechanism_targeted_4bit_seed42_v1,mlx-community/Qwen2.5-1.5B-Instruct-4bit,gov_report,gov_report:1,42.0,cbda0763d81c77dc16cd819183d4ef66a431cae7d0d8f50510af026d1c16d64d,1d64abc8839e31ee1a0615e19a3b3b1809ca5618,48.0,32.0,80.0,v_ridge_leverage,True,13.0,1041.0,0.046122294970430744,-0.12216936319263993,0.16829165816307068,0.1536601082096518,0.2570837415099169,-0.1034236333002651,0.4311538580805063,0.45285813758770627,0.15040722462627007,0.449611946068079,,0.9985516975001157,0.03344155844155843,0.0,gov_report::gov_report:1,0.0014483024998842575,"(0.161, 0.515]",raw,,,,,,
mechanism_targeted_4bit_seed42_v1,mlx-community/Qwen2.5-1.5B-Instruct-4bit,gov_report,gov_report:1,42.0,cbda0763d81c77dc16cd819183d4ef66a431cae7d0d8f50510af026d1c16d64d,1d64abc8839e31ee1a0615e19a3b3b1809ca5618,48.0,40.0,88.0,v_ridge_leverage,True,2069.0,1049.0,0.003980970488935753,0.004765593459904238,-0.0007846229709684849,0.003886188849651587,0.004651538051342258,-0.0007653492016906709,0.6705278716981411,0.5883703045547009,0.14927609389587015,0.449611946068079,0.449611946068079,0.998104832894907,0.041883116883116876,0.010064935064935065,gov_report::gov_report:1,0.0018951671050929653,"(0.161, 0.515]",raw,,,,,,
mechanism_targeted_4bit_seed42_v1,mlx-community/Qwen2.5-1.5B-Instruct-4bit,gov_report,gov_report:1,42.0,cbda0763d81c77dc16cd819183d4ef66a431cae7d0d8f50510af026d1c16d64d,1d64abc8839e31ee1a0615e19a3b3b1809ca5618,48.0,48.0,96.0,v_ridge_leverage,True,11.0,1057.0,0.8416070073651554,0.26244128046505466,0.5791657269001007,0.7327278364242559,0.2986003461776509,0.43412749024660496,0.4442940428853035,0.37542659292618435,0.14307776376317763,0.449611946068079,0.449611946068079,0.9978039648574027,0.050487012987013004,0.02077922077922078,gov_report::gov_report:1,0.0021960351425972524,"(0.161, 0.515]",raw,,,,,,
mechanism_targeted_4bit_seed42_v1,mlx-community/Qwen2.5-1.5B-Instruct-4bit,gov_report,gov_report:1,42.0,cbda0763d81c77dc16cd819183d4ef66a431cae7d0d8f50510af026d1c16d64d,1d64abc8839e31ee1a0615e19a3b3b1809ca5618,48.0,64.0,112.0,v_ridge_leverage,True,12386.0,1073.0,0.3057800056012354,0.17250004127342322,0.1332799643278122,0.30056701340724806,0.16550881203046225,0.1350582013767858,0.5047568716108799,0.3968697985013326,0.14322788971340858,0.449611946068079,0.449611946068079,0.997190867555059,0.05762987012987015,0.02613636363636363,gov_report::gov_report:1,0.002809132444940965,"(0.161, 0.515]",raw,,,,,,
mechanism_targeted_4bit_seed42_v1,mlx-community/Qwen2.5-1.5B-Instruct-4bit,gov_report,gov_report:2,42.0,cbda0763d81c77dc16cd819183d4ef66a431cae7d0d8f50510af026d1c16d64d,1d64abc8839e31ee1a0615e19a3b3b1809ca5618,0.0,1.0,1.0,v_ridge_leverage,True,1895.0,1023.0,-0.20225629702676073,-0.23703927293885485,0.034782975912094116,1.2932337625344954,1.278841358140979,0.014392404393516411,0.29674668858448666,0.29126476248105365,0.13142212016478663,0.24052904121581428,,0.9999433375740076,0.002110389610389598,0.0,gov_report::gov_report:2,5.666242599244864e-05,"(0.161, 0.515]",raw,,,,,,
mechanism_targeted_4bit_seed42_v1,mlx-community/Qwen2.5-1.5B-Instruct-4bit,gov_report,gov_report:2,42.0,cbda0763d81c77dc16cd819183d4ef66a431cae7d0d8f50510af026d1c16d64d,1d64abc8839e31ee1a0615e19a3b3b1809ca5618,0.0,8.0,8.0,v_ridge_leverage,True,6993.0,1030.0,0.10797759265011919,0.32188245028561724,-0.21390485763549805,0.06786870895089923,0.09581340933956912,-0.02794470038866989,0.44178057834506035,0.4084024516244729,0.200787195874513,0.5978183369044798,,0.9995284490492216,0.00811688311688309,0.0,gov_report::gov_report:2,0.0004715509507784432,"(0.515, 2.806]",raw,,,,,,
mechanism_targeted_4bit_seed42_v1,mlx-community/Qwen2.5-1.5B-Instruct-4bit,gov_report,gov_report:2,42.0,cbda0763d81c77dc16cd819183d4ef66a431cae7d0d8f50510af026d1c16d64d,1d64abc8839e31ee1a0615e19a3b3b1809ca5618,0.0,16.0,16.0,v_ridge_leverage,True,5837.0,1038.0,0.1271783748948252,-0.18576675259235742,0.3129451274871826,0.18687983040363484,0.17384533786514286,0.013034492538491982,0.4171001085390647,0.38678769022226334,0.19734503954942062,0.5978183369044798,,0.9991662102155281,0.024188311688311676,0.0,gov_report::gov_report:2,0.0008337897844719055,"(0.515, 2.806]",raw,,,,,,
mechanism_targeted_4bit_seed42_v1,mlx-community/Qwen2.5-1.5B-Instruct-4bit,gov_report,gov_report:2,42.0,cbda0763d81c77dc16cd819183d4ef66a431cae7d0d8f50510af026d1c16d64d,1d64abc8839e31ee1a0615e19a3b3b1809ca5618,0.0,24.0,24.0,v_ridge_leverage,True,1008.0,1046.0,0.9943406722287556,0.5586980721692463,0.4356426000595093,0.7921322288064114,0.471489157632504,0.32064307117390745,0.3987612649798393,0.28594174577544135,0.19321464165488644,0.5978183369044798,,0.9985021574175201,0.03944805194805195,0.0,gov_report::gov_report:2,0.0014978425824798691,"(0.515, 2.806]",raw,,,,,,
mechanism_targeted_4bit_seed42_v1,mlx-community/Qwen2.5-1.5B-Instruct-4bit,gov_report,gov_report:2,42.0,cbda0763d81c77dc16cd819183d4ef66a431cae7d0d8f50510af026d1c16d64d,1d64abc8839e31ee1a0615e19a3b3b1809ca5618,0.0,32.0,32.0,v_ridge_leverage,True,315.0,1054.0,-0.0036903071453693315,0.1268914331445572,-0.13058174028992653,0.054936082924661706,0.0761603414536646,-0.021224258529002893,0.46731768548488617,0.505572070988516,0.19153950666488798,0.5978183369044798,,0.9979419657337731,0.0586038961038961,0.0,gov_report::gov_report:2,0.0020580342662268603,"(0.515, 2.806]",raw,,,,,,
mechanism_targeted_4bit_seed42_v1,mlx-community/Qwen2.5-1.5B-Instruct-4bit,gov_report,gov_report:2,42.0,cbda0763d81c77dc16cd819183d4ef66a431cae7d0d8f50510af026d1c16d64d,1d64abc8839e31ee1a0615e19a3b3b1809ca5618,0.0,40.0,40.0,v_ridge_leverage,True,525.0,1062.0,0.03396562559593619,-0.006112641859164825,0.04007826745510101,0.025073361705477384,0.005608878911565368,0.019464482793912018,0.3600204947094123,0.3505698920538028,0.18437625031059846,0.5978183369044798,0.5978183369044798,0.9975976488074962,0.06996753246753248,0.010876623376623373,gov_report::gov_report:2,0.00240235119250376,"(0.515, 2.806]",raw,,,,,,
mechanism_targeted_4bit_seed42_v1,mlx-community/Qwen2.5-1.5B-Instruct-4bit,gov_report,gov_report:2,42.0,cbda0763d81c77dc16cd819183d4ef66a431cae7d0d8f50510af026d1c16d64d,1d64abc8839e31ee1a0615e19a3b3b1809ca5618,0.0,48.0,48.0,v_ridge_leverage,True,15.0,1070.0,0.0002732051133662594,0.000374380621828152,-0.0001011755084618926,0.0002617008882993226,0.00036548373535447224,-0.00010378284705514962,0.39595761771003407,0.4751158195237319,0.18290581998148037,0.5978183369044798,0.5978183369044798,0.9973463391840955,0.07727272727272728,0.018993506493506496,gov_report::gov_report:2,0.0026536608159044572,"(0.515, 2.806]",raw,,,,,,
mechanism_targeted_4bit_seed42_v1,mlx-community/Qwen2.5-1.5B-Instruct-4bit,gov_report,gov_report:2,42.0,cbda0763d81c77dc16cd819183d4ef66a431cae7d0d8f50510af026d1c16d64d,1d64abc8839e31ee1a0615e19a3b3b1809ca5618,0.0,64.0,64.0,v_ridge_leverage,True,29305.0,1086.0,0.41744799542510336,0.13087677586161917,0.2865712195634842,0.4121708738175431,0.1269652779276732,0.2852055958898699,0.41634320467710495,0.3972937259823084,0.17856393592854705,0.5978183369044798,0.5978183369044798,0.9965137264909754,0.09139610389610386,0.030194805194805194,gov_report::gov_report:2,0.00348627350902464,"(0.515, 2.806]",raw,,,,,,
mechanism_targeted_4bit_seed42_v1,mlx-community/Qwen2.5-1.5B-Instruct-4bit,gov_report,gov_report:2,42.0,cbda0763d81c77dc16cd819183d4ef66a431cae7d0d8f50510af026d1c16d64d,1d64abc8839e31ee1a0615e19a3b3b1809ca5618,16.0,1.0,17.0,v_ridge_leverage,True,323.0,1039.0,0.013101119215424006,-0.1142315085578609,0.1273326277732849,0.05313814354308989,0.06135824052260151,-0.00822009697951162,0.28891120105981827,0.2885310960312684,0.26311612799903633,0.41504547720690943,,0.99996377047722,0.0055194805194804875,0.0,gov_report::gov_report:2,3.622952278004021e-05,"(0.161, 0.515]",raw,,,,,,
mechanism_targeted_4bit_seed42_v1,mlx-community/Qwen2.5-1.5B-Instruct-4bit,gov_report,gov_report:2,42.0,cbda0763d81c77dc16cd819183d4ef66a431cae7d0d8f50510af026d1c16d64d,1d64abc8839e31ee1a0615e19a3b3b1809ca5618,16.0,8.0,24.0,v_ridge_leverage,True,1008.0,1046.0,0.5948064467648884,0.5586980721692463,0.03610837459564209,0.7021052150755858,0.471489157632504,0.23061605744308178,0.3843815109382073,0.28594174577544135,0.18123306353209265,0.5200187144585483,,0.999348122198573,0.018506493506493506,0.0,gov_report::gov_report:2,0.0006518778014269477,"(0.515, 2.806]",raw,,,,,,
mechanism_targeted_4bit_seed42_v1,mlx-community/Qwen2.5-1.5B-Instruct-4bit,gov_report,gov_report:2,42.0,cbda0763d81c77dc16cd819183d4ef66a431cae7d0d8f50510af026d1c16d64d,1d64abc8839e31ee1a0615e19a3b3b1809ca5618,16.0,16.0,32.0,v_ridge_leverage,True,315.0,1054.0,0.014906710828292091,0.1268914331445572,-0.1119847223162651,0.013760583825524886,0.0761603414536646,-0.062399757628139714,0.4878156501799822,0.505572070988516,0.18251773748208602,0.5200187144585483,,0.9988081425966344,0.03831168831168831,0.0,gov_report::gov_report:2,0.0011918574033655815,"(0.515, 2.806]",raw,,,,,,
mechanism_targeted_4bit_seed42_v1,mlx-community/Qwen2.5-1.5B-Instruct-4bit,gov_report,gov_report:2,42.0,cbda0763d81c77dc16cd819183d4ef66a431cae7d0d8f50510af026d1c16d64d,1d64abc8839e31ee1a0615e19a3b3b1809ca5618,16.0,24.0,40.0,v_ridge_leverage,True,525.0,1062.0,0.017067738604435334,-0.006112641859164825,0.02318038046360016,0.013041018688056648,0.005608878911565368,0.00743213977649128,0.3490772172808647,0.3505698920538028,0.17281790243263295,0.5200187144585483,,0.9984651060872695,0.05048701298701298,0.0,gov_report::gov_report:2,0.0015348939127305394,"(0.515, 2.806]",raw,,,,,,
mechanism_targeted_4bit_seed42_v1,mlx-community/Qwen2.5-1.5B-Instruct-4bit,gov_report,gov_report:2,42.0,cbda0763d81c77dc16cd819183d4ef66a431cae7d0d8f50510af026d1c16d64d,1d64abc8839e31ee1a0615e19a3b3b1809ca5618,16.0,32.0,48.0,v_ridge_leverage,True,15.0,1070.0,0.00019800205237885393,0.000374380621828152,-0.00017637856944929808,0.00018897053408399646,0.00036548373535447224,-0.00017651320127047579,0.4185627078016599,0.4751158195237319,0.17290279152303198,0.5200187144585483,,0.9981863098629987,0.05730519480519482,0.0,gov_report::gov_report:2,0.0018136901370012781,"(0.515, 2.806]",raw,,,,,,
mechanism_targeted_4bit_seed42_v1,mlx-community/Qwen2.5-1.5B-Instruct-4bit,gov_report,gov_report:2,42.0,cbda0763d81c77dc16cd819183d4ef66a431cae7d0d8f50510af026d1c16d64d,1d64abc8839e31ee1a0615e19a3b3b1809ca5618,16.0,40.0,56.0,v_ridge_leverage,True,46416.0,1078.0,0.08154041466976736,0.002573793360248544,0.07896662130951881,0.05098088014474888,0.00027612096604874315,0.05070475917870013,0.5221098878731331,0.4943318711593747,0.17005771890594862,0.5200187144585483,0.5200187144585483,0.9978565129004446,0.06347402597402597,0.006168831168831169,gov_report::gov_report:2,0.0021434870995553634,"(0.515, 2.806]",raw,,,,,,
mechanism_targeted_4bit_seed42_v1,mlx-community/Qwen2.5-1.5B-Instruct-4bit,gov_report,gov_report:2,42.0,cbda0763d81c77dc16cd819183d4ef66a431cae7d0d8f50510af026d1c16d64d,1d64abc8839e31ee1a0615e19a3b3b1809ca5618,16.0,48.0,64.0,v_ridge_leverage,True,29305.0,1086.0,0.3966291062840206,0.13087677586161917,0.26575233042240143,0.39142123381435856,0.1269652779276732,0.26445595588668536,0.40674894613524276,0.3972937259823084,0.16951301309108008,0.5200187144585483,0.5200187144585483,0.9973365034329429,0.07305194805194805,0.013149350649350649,gov_report::gov_report:2,0.002663496567057111,"(0.515, 2.806]",raw,,,,,,
mechanism_targeted_4bit_seed42_v1,mlx-community/Qwen2.5-1.5B-Instruct-4bit,gov_report,gov_report:2,42.0,cbda0763d81c77dc16cd819183d4ef66a431cae7d0d8f50510af026d1c16d64d,1d64abc8839e31ee1a0615e19a3b3b1809ca5618,16.0,64.0,80.0,v_ridge_leverage,True,572.0,1102.0,-0.14809533515993678,-0.8028825775725039,0.6547872424125671,1.0008475901646028,0.35596468780026974,0.644882902364333,0.5143584857384363,0.4851603501786788,0.17208153211813762,0.5200187144585483,0.5200187144585483,0.9961012419917568,0.08165584415584418,0.021266233766233766,gov_report::gov_report:2,0.0038987580082432416,"(0.515, 2.806]",raw,,,,,,
mechanism_targeted_4bit_seed42_v1,mlx-community/Qwen2.5-1.5B-Instruct-4bit,gov_report,gov_report:2,42.0,cbda0763d81c77dc16cd819183d4ef66a431cae7d0d8f50510af026d1c16d64d,1d64abc8839e31ee1a0615e19a3b3b1809ca5618,48.0,1.0,49.0,v_ridge_leverage,True,16.0,1071.0,0.45375643169474955,0.5027975538928544,-0.04904112219810486,0.45277173239905943,0.5018021557860873,-0.0490304233870279,0.7352461119492849,0.7164701310296854,0.09041545585477624,0.2192918496285054,,0.999977874447285,0.0027597402597402437,0.0,gov_report::gov_report:2,2.2125552714968855e-05,"(0.161, 0.515]",raw,,,,,,
mechanism_targeted_4bit_seed42_v1,mlx-community/Qwen2.5-1.5B-Instruct-4bit,gov_report,gov_report:2,42.0,cbda0763d81c77dc16cd819183d4ef66a431cae7d0d8f50510af026d1c16d64d,1d64abc8839e31ee1a0615e19a3b3b1809ca5618,48.0,8.0,56.0,v_ridge_leverage,True,46416.0,1078.0,0.020216201969638803,0.002573793360248544,0.01764240860939026,0.006710878036578598,0.00027612096604874315,0.006434757070529855,0.49207501361767453,0.4943318711593747,0.13407742273276693,0.32326847392980584,,0.9995774275644844,0.01217532467532466,0.0,gov_report::gov_report:2,0.000422572435515578,"(0.161, 0.515]",raw,,,,,,
mechanism_targeted_4bit_seed42_v1,mlx-community/Qwen2.5-1.5B-Instruct-4bit,gov_report,gov_report:2,42.0,cbda0763d81c77dc16cd819183d4ef66a431cae7d0d8f50510af026d1c16d64d,1d64abc8839e31ee1a0615e19a3b3b1809ca5618,48.0,16.0,64.0,v_ridge_leverage,True,29305.0,1086.0,0.2293361090430004,0.13087677586161917,0.09845933318138123,0.22466564748486642,0.1269652779276732,0.09770036955719322,0.35906426049768925,0.3972937259823084,0.13738866963543314,0.3542236418720592,,0.9990202240894801,0.02386363636363636,0.0,gov_report::gov_report:2,0.0009797759105198978,"(0.161, 0.515]",raw,,,,,,
mechanism_targeted_4bit_seed42_v1,mlx-community/Qwen2.5-1.5B-Instruct-4bit,gov_report,gov_report:2,42.0,cbda0763d81c77dc16cd819183d4ef66a431cae7d0d8f50510af026d1c16d64d,1d64abc8839e31ee1a0615e19a3b3b1809ca5618,48.0,24.0,72.0,v_ridge_leverage,True,400.0,1094.0,0.008790230037071467,4.983580637230034e-05,0.008740394230699167,0.00848286349682387,1.769220631739825e-05,0.008465171290506472,0.45281525577108067,0.3201444720228513,0.144093173862411,0.38377733592130925,,0.9983941251209185,0.028896103896103875,0.0,gov_report::gov_report:2,0.0016058748790814814,"(0.161, 0.515]",raw,,,,,,
mechanism_targeted_4bit_seed42_v1,mlx-community/Qwen2.5-1.5B-Instruct-4bit,gov_report,gov_report:2,42.0,cbda0763d81c77dc16cd819183d4ef66a431cae7d0d8f50510af026d1c16d64d,1d64abc8839e31ee1a0615e19a3b3b1809ca5618,48.0,32.0,80.0,v_ridge_leverage,True,572.0,1102.0,0.4188536747353879,-0.8028825775725039,1.2217362523078918,0.8486362658630922,0.35596468780026974,0.4926715780628224,0.4693360049277544,0.4851603501786788,0.14919252753009113,0.38377733592130925,,0.997724677942923,0.03457792207792207,0.0,gov_report::gov_report:2,0.002275322057077034,"(0.161, 0.515]",raw,,,,,,
mechanism_targeted_4bit_seed42_v1,mlx-community/Qwen2.5-1.5B-Instruct-4bit,gov_report,gov_report:2,42.0,cbda0763d81c77dc16cd819183d4ef66a431cae7d0d8f50510af026d1c16d64d,1d64abc8839e31ee1a0615e19a3b3b1809ca5618,48.0,40.0,88.0,v_ridge_leverage,True,382.0,1110.0,5.573689908055435,0.970882863072525,4.60280704498291,2.3447281004746987,0.36863467762619406,1.9760934228485048,0.626980746164918,0.7009156538794438,0.15693444508556306,0.38377733592130925,0.32326847392980584,0.9971094117591132,0.03685064935064934,0.0034090909090909094,gov_report::gov_report:2,0.0028905882408868377,"(0.161, 0.515]",raw,,,,,,
mechanism_targeted_4bit_seed42_v1,mlx-community/Qwen2.5-1.5B-Instruct-4bit,gov_report,gov_report:2,42.0,cbda0763d81c77dc16cd819183d4ef66a431cae7d0d8f50510af026d1c16d64d,1d64abc8839e31ee1a0615e19a3b3b1809ca5618,48.0,48.0,96.0,v_ridge_leverage,True,13.0,1118.0,0.044832144175771305,0.011620633547309467,0.03321151062846184,0.03438102480477399,0.006413081950178664,0.02796794285459532,0.822457209850351,0.7634746730327606,0.15595960113071203,0.45320459869290175,0.3542236418720592,0.9964406230446547,0.042045454545454546,0.004058441558441559,gov_report::gov_report:2,0.0035593769553452503,"(0.161, 0.515]",raw,,,,,,
mechanism_targeted_4bit_seed42_v1,mlx-community/Qwen2.5-1.5B-Instruct-4bit,gov_report,gov_report:2,42.0,cbda0763d81c77dc16cd819183d4ef66a431cae7d0d8f50510af026d1c16d64d,1d64abc8839e31ee1a0615e19a3b3b1809ca5618,48.0,64.0,112.0,v_ridge_leverage,True,55569.0,1134.0,4.016912353569481,1.2888023977818222,2.7281099557876587,4.010554473116254,1.28409723421342,2.7264572389028334,0.5765758020182451,0.4633581377565861,0.15531866493410476,0.45320459869290175,0.38377733592130925,0.9951125447741417,0.05551948051948051,0.017857142857142853,gov_report::gov_report:2,0.004887455225858317,"(0.161, 0.515]",raw,,,,,,
mechanism_targeted_4bit_seed42_v1,mlx-community/Qwen2.5-1.5B-Instruct-4bit,gov_report,gov_report:3,42.0,cbda0763d81c77dc16cd819183d4ef66a431cae7d0d8f50510af026d1c16d64d,1d64abc8839e31ee1a0615e19a3b3b1809ca5618,0.0,1.0,1.0,v_ridge_leverage,True,1895.0,896.0,0.04732614570601612,0.03604079597933918,0.011285349726676941,0.18635973413129994,0.17835200925074365,0.008007724880556288,0.2971670354406039,0.29196017732222873,0.1568061158782105,0.27668892131547596,,0.9999482831114296,0.005681818181818153,0.0,gov_report::gov_report:3,5.1716888570418895e-05,"(0.161, 0.515]",raw,,,,,,
mechanism_targeted_4bit_seed42_v1,mlx-community/Qwen2.5-1.5B-Instruct-4bit,gov_report,gov_report:3,42.0,cbda0763d81c77dc16cd819183d4ef66a431cae7d0d8f50510af026d1c16d64d,1d64abc8839e31ee1a0615e19a3b3b1809ca5618,0.0,8.0,8.0,v_ridge_leverage,True,27019.0,903.0,0.014977046108803904,0.010199287726543105,0.004777758382260799,0.014830444259944748,0.01005468614898678,0.004775758110957968,0.5006089359521866,0.4861103184521198,0.22409792631537537,0.6062088974676152,,0.9994693713739851,0.016720779220779216,0.0,gov_report::gov_report:3,0.0005306286260149395,"(0.515, 2.806]",raw,,,,,,
mechanism_targeted_4bit_seed42_v1,mlx-community/Qwen2.5-1.5B-Instruct-4bit,gov_report,gov_report:3,42.0,cbda0763d81c77dc16cd819183d4ef66a431cae7d0d8f50510af026d1c16d64d,1d64abc8839e31ee1a0615e19a3b3b1809ca5618,0.0,16.0,16.0,v_ridge_leverage,True,35654.0,911.0,4.616108420256612,3.3428492573537802,1.273259162902832,4.275138049777893,3.044073477586826,1.231064572191067,0.37335381532708806,0.38191928528249264,0.18437924797985236,0.6062088974676152,,0.99909141340766,0.028896103896103902,0.0,gov_report::gov_report:3,0.0009085865923400549,"(0.515, 2.806]",raw,,,,,,
mechanism_targeted_4bit_seed42_v1,mlx-community/Qwen2.5-1.5B-Instruct-4bit,gov_report,gov_report:3,42.0,cbda0763d81c77dc16cd819183d4ef66a431cae7d0d8f50510af026d1c16d64d,1d64abc8839e31ee1a0615e19a3b3b1809ca5618,0.0,24.0,24.0,v_ridge_leverage,True,5089.0,919.0,1.7330613310717808,1.3444867308520543,0.38857460021972656,1.1268072036485628,0.6531997741553066,0.4736074294932562,0.3867533051719268,0.36510891808817786,0.19079602992344183,0.6062088974676152,,0.9979608360469606,0.04480519480519481,0.0,gov_report::gov_report:3,0.00203916395303938,"(0.515, 2.806]",raw,,,,,,
mechanism_targeted_4bit_seed42_v1,mlx-community/Qwen2.5-1.5B-Instruct-4bit,gov_report,gov_report:3,42.0,cbda0763d81c77dc16cd819183d4ef66a431cae7d0d8f50510af026d1c16d64d,1d64abc8839e31ee1a0615e19a3b3b1809ca5618,0.0,32.0,32.0,v_ridge_leverage,True,429.0,927.0,0.1405000150783522,0.9627473116500838,-0.8222472965717316,0.14536365880990332,0.5388709577344557,-0.3935072989245524,0.5432968369374672,0.43353921733796597,0.19979262015472518,0.6062088974676152,,0.9970293887505947,0.06201298701298701,0.0,gov_report::gov_report:3,0.0029706112494053416,"(0.515, 2.806]",raw,,,,,,
mechanism_targeted_4bit_seed42_v1,mlx-community/Qwen2.5-1.5B-Instruct-4bit,gov_report,gov_report:3,42.0,cbda0763d81c77dc16cd819183d4ef66a431cae7d0d8f50510af026d1c16d64d,1d64abc8839e31ee1a0615e19a3b3b1809ca5618,0.0,40.0,40.0,v_ridge_leverage,True,315.0,935.0,0.0040271122298563,0.00013694720390589055,0.0038901650259504095,0.003912746649227437,0.00018523477318486715,0.0037275118760425703,0.35587186242143315,0.4255292937159538,0.20321041313413207,0.6180979239084249,0.6062088974676152,0.9966144291444349,0.0728896103896104,0.0099025974025974,gov_report::gov_report:3,0.003385570855565123,"(0.515, 2.806]",raw,,,,,,
mechanism_targeted_4bit_seed42_v1,mlx-community/Qwen2.5-1.5B-Instruct-4bit,gov_report,gov_report:3,42.0,cbda0763d81c77dc16cd819183d4ef66a431cae7d0d8f50510af026d1c16d64d,1d64abc8839e31ee1a0615e19a3b3b1809ca5618,0.0,48.0,48.0,v_ridge_leverage,True,553.0,943.0,0.008281856035637247,0.0012764117734604952,0.007005444262176752,0.006160160288848747,0.000455197062665618,0.005704963226183128,0.3778911766906579,0.39770105356971425,0.20481430969985268,0.6180979239084249,0.6062088974676152,0.9964455736918223,0.07159090909090908,0.00909090909090909,gov_report::gov_report:3,0.003554426308177705,"(0.515, 2.806]",raw,,,,,,
mechanism_targeted_4bit_seed42_v1,mlx-community/Qwen2.5-1.5B-Instruct-4bit,gov_report,gov_report:3,42.0,cbda0763d81c77dc16cd819183d4ef66a431cae7d0d8f50510af026d1c16d64d,1d64abc8839e31ee1a0615e19a3b3b1809ca5618,0.0,64.0,64.0,v_ridge_leverage,True,17040.0,959.0,1.6283086387440306,0.748289331607495,0.8800193071365356,1.7707467115141937,0.6203514084782468,1.150395303035947,0.5826921742409468,0.5534002265582482,0.2062564711809408,0.653294718229911,0.6062088974676152,0.9955880080628442,0.0823051948051948,0.017857142857142856,gov_report::gov_report:3,0.004411991937155801,"(0.515, 2.806]",raw,,,,,,
mechanism_targeted_4bit_seed42_v1,mlx-community/Qwen2.5-1.5B-Instruct-4bit,gov_report,gov_report:3,42.0,cbda0763d81c77dc16cd819183d4ef66a431cae7d0d8f50510af026d1c16d64d,1d64abc8839e31ee1a0615e19a3b3b1809ca5618,16.0,1.0,17.0,v_ridge_leverage,True,11.0,912.0,-0.00018317066415107774,-0.00010631842005892622,-7.685224409215152e-05,7.627535492723254e-05,4.984672693320644e-05,2.6428627994026096e-05,0.49639194024105865,0.49659123333791894,0.25854124310728926,0.36565720366152377,,0.9999321459717263,0.005844155844155814,0.0,gov_report::gov_report:3,6.785402827369502e-05,"(0.161, 0.515]",raw,,,,,,
mechanism_targeted_4bit_seed42_v1,mlx-community/Qwen2.5-1.5B-Instruct-4bit,gov_report,gov_report:3,42.0,cbda0763d81c77dc16cd819183d4ef66a431cae7d0d8f50510af026d1c16d64d,1d64abc8839e31ee1a0615e19a3b3b1809ca5618,16.0,8.0,24.0,v_ridge_leverage,True,5089.0,919.0,1.828758018770145,1.3444867308520543,0.4842712879180908,1.0918144306941917,0.6531997741553066,0.4386146565388851,0.41618262231349945,0.36510891808817786,0.19735578886095165,0.5272492662541206,,0.9988850578450387,0.02142857142857141,0.0,gov_report::gov_report:3,0.0011149421549613292,"(0.515, 2.806]",raw,,,,,,
mechanism_targeted_4bit_seed42_v1,mlx-community/Qwen2.5-1.5B-Instruct-4bit,gov_report,gov_report:3,42.0,cbda0763d81c77dc16cd819183d4ef66a431cae7d0d8f50510af026d1c16d64d,1d64abc8839e31ee1a0615e19a3b3b1809ca5618,16.0,16.0,32.0,v_ridge_leverage,True,429.0,927.0,0.18046522742347548,0.9627473116500838,-0.7822820842266083,0.1419967985376942,0.5388709577344557,-0.3968741591967615,0.506154011314114,0.43353921733796597,0.20913110943305643,0.5272492662541206,,0.9980013894389489,0.03977272727272726,0.0,gov_report::gov_report:3,0.0019986105610511062,"(0.515, 2.806]",raw,,,,,,
mechanism_targeted_4bit_seed42_v1,mlx-community/Qwen2.5-1.5B-Instruct-4bit,gov_report,gov_report:3,42.0,cbda0763d81c77dc16cd819183d4ef66a431cae7d0d8f50510af026d1c16d64d,1d64abc8839e31ee1a0615e19a3b3b1809ca5618,16.0,24.0,40.0,v_ridge_leverage,True,315.0,935.0,0.0037392855911875245,0.00013694720390589055,0.003602338387281634,0.0036414319956097896,0.00018523477318486715,0.0034561972224249225,0.36199074362715083,0.4255292937159538,0.2102915358794185,0.6032482131871972,,0.99757178933019,0.05048701298701297,0.0,gov_report::gov_report:3,0.002428210669810027,"(0.515, 2.806]",raw,,,,,,
mechanism_targeted_4bit_seed42_v1,mlx-community/Qwen2.5-1.5B-Instruct-4bit,gov_report,gov_report:3,42.0,cbda0763d81c77dc16cd819183d4ef66a431cae7d0d8f50510af026d1c16d64d,1d64abc8839e31ee1a0615e19a3b3b1809ca5618,16.0,32.0,48.0,v_ridge_leverage,True,553.0,943.0,0.010422493522810328,0.0012764117734604952,0.009146081749349833,0.008084453780829323,0.000455197062665618,0.007629256718163705,0.3837646258374055,0.39770105356971425,0.20999351398124108,0.6032482131871972,,0.9973434272717253,0.050649350649350645,0.0,gov_report::gov_report:3,0.0026565727282746865,"(0.515, 2.806]",raw,,,,,,
mechanism_targeted_4bit_seed42_v1,mlx-community/Qwen2.5-1.5B-Instruct-4bit,gov_report,gov_report:3,42.0,cbda0763d81c77dc16cd819183d4ef66a431cae7d0d8f50510af026d1c16d64d,1d64abc8839e31ee1a0615e19a3b3b1809ca5618,16.0,40.0,56.0,v_ridge_leverage,True,17.0,951.0,0.002608898582909802,0.00016193948212972487,0.0024469591007800773,0.0024556224003182046,0.00010188259916665229,0.0023537398011515523,0.6021786828835806,0.5681571258852879,0.21199166581386863,0.6032482131871972,0.5272492662541206,0.9969918291231801,0.05568181818181818,0.005194805194805195,gov_report::gov_report:3,0.0030081708768199267,"(0.515, 2.806]",raw,,,,,,
mechanism_targeted_4bit_seed42_v1,mlx-community/Qwen2.5-1.5B-Instruct-4bit,gov_report,gov_report:3,42.0,cbda0763d81c77dc16cd819183d4ef66a431cae7d0d8f50510af026d1c16d64d,1d64abc8839e31ee1a0615e19a3b3b1809ca5618,16.0,48.0,64.0,v_ridge_leverage,True,17040.0,959.0,1.5482939330860717,0.748289331607495,0.8000046014785767,1.733748825847746,0.6203514084782468,1.1133974173694994,0.5597970156619946,0.5534002265582482,0.20826695670499842,0.642642414951669,0.5272492662541206,0.9965052339029937,0.062987012987013,0.011363636363636359,gov_report::gov_report:3,0.0034947660970062744,"(0.515, 2.806]",raw,,,,,,
mechanism_targeted_4bit_seed42_v1,mlx-community/Qwen2.5-1.5B-Instruct-4bit,gov_report,gov_report:3,42.0,cbda0763d81c77dc16cd819183d4ef66a431cae7d0d8f50510af026d1c16d64d,1d64abc8839e31ee1a0615e19a3b3b1809ca5618,16.0,64.0,80.0,v_ridge_leverage,True,808.0,975.0,0.08823586295166663,0.010400692399532119,0.07783517055213451,0.05882411920240849,0.002789956961933394,0.05603416224047509,0.6453001486758391,0.6011809899161259,0.20671485325380598,0.642642414951669,0.6032482131871972,0.994937565896408,0.07418831168831166,0.020292207792207795,gov_report::gov_report:3,0.005062434103591973,"(0.515, 2.806]",raw,,,,,,
mechanism_targeted_4bit_seed42_v1,mlx-community/Qwen2.5-1.5B-Instruct-4bit,gov_report,gov_report:3,42.0,cbda0763d81c77dc16cd819183d4ef66a431cae7d0d8f50510af026d1c16d64d,1d64abc8839e31ee1a0615e19a3b3b1809ca5618,48.0,1.0,49.0,v_ridge_leverage,True,400.0,944.0,0.008293756585892709,0.06943182025509742,-0.06113806366920471,0.004286669122497858,0.010686607398186443,-0.006399938275688585,0.366841958835721,0.37017997292180854,0.15989899448284026,0.281304681974548,,0.9999243946836754,0.0029220779220779053,0.0,gov_report::gov_report:3,7.560531632455625e-05,"(0.161, 0.515]",raw,,,,,,
mechanism_targeted_4bit_seed42_v1,mlx-community/Qwen2.5-1.5B-Instruct-4bit,gov_report,gov_report:3,42.0,cbda0763d81c77dc16cd819183d4ef66a431cae7d0d8f50510af026d1c16d64d,1d64abc8839e31ee1a0615e19a3b3b1809ca5618,48.0,8.0,56.0,v_ridge_leverage,True,17.0,951.0,0.0001750496809087565,0.00016193948212972487,1.3110198779031634e-05,0.00011753124050153898,0.00010188259916665229,1.5648641334886697e-05,0.5792390257120132,0.5681571258852879,0.19150164008782367,0.4181549949014346,,0.9993834763093241,0.011850649350649334,0.0,gov_report::gov_report:3,0.0006165236906758853,"(0.161, 0.515]",raw,,,,,,
mechanism_targeted_4bit_seed42_v1,mlx-community/Qwen2.5-1.5B-Instruct-4bit,gov_report,gov_report:3,42.0,cbda0763d81c77dc16cd819183d4ef66a431cae7d0d8f50510af026d1c16d64d,1d64abc8839e31ee1a0615e19a3b3b1809ca5618,48.0,16.0,64.0,v_ridge_leverage,True,17040.0,959.0,1.0582114307209594,0.748289331607495,0.30992209911346436,0.97215756066054,0.6203514084782468,0.3518061521822933,0.5527984307458004,0.5534002265582482,0.17560108695630283,0.4536366844749,,0.9986569861864357,0.020616883116883113,0.0,gov_report::gov_report:3,0.0013430138135642755,"(0.161, 0.515]",raw,,,,,,
mechanism_targeted_4bit_seed42_v1,mlx-community/Qwen2.5-1.5B-Instruct-4bit,gov_report,gov_report:3,42.0,cbda0763d81c77dc16cd819183d4ef66a431cae7d0d8f50510af026d1c16d64d,1d64abc8839e31ee1a0615e19a3b3b1809ca5618,48.0,24.0,72.0,v_ridge_leverage,True,311.0,967.0,-0.03401803847413376,-0.054731080941966326,0.020713042467832565,0.23427611890507527,0.2594651984086633,-0.025189079503588008,0.3779436858991782,0.47640861322482425,0.17735785027940176,0.5010249371715308,,0.9980358739286305,0.028896103896103892,0.0,gov_report::gov_report:3,0.001964126071369532,"(0.161, 0.515]",raw,,,,,,
mechanism_targeted_4bit_seed42_v1,mlx-community/Qwen2.5-1.5B-Instruct-4bit,gov_report,gov_report:3,42.0,cbda0763d81c77dc16cd819183d4ef66a431cae7d0d8f50510af026d1c16d64d,1d64abc8839e31ee1a0615e19a3b3b1809ca5618,48.0,32.0,80.0,v_ridge_leverage,True,808.0,975.0,0.013827745269924918,0.010400692399532119,0.0034270528703927994,0.004741347169747743,0.002789956961933394,0.0019513902078143485,0.562184939160943,0.6011809899161259,0.1764781967571831,0.5152513885251199,,0.997009237711893,0.0349025974025974,0.0,gov_report::gov_report:3,0.0029907622881070184,"(0.161, 0.515]",raw,,,,,,
mechanism_targeted_4bit_seed42_v1,mlx-community/Qwen2.5-1.5B-Instruct-4bit,gov_report,gov_report:3,42.0,cbda0763d81c77dc16cd819183d4ef66a431cae7d0d8f50510af026d1c16d64d,1d64abc8839e31ee1a0615e19a3b3b1809ca5618,48.0,40.0,88.0,v_ridge_leverage,True,2621.0,983.0,0.754957642726751,0.2771451737211663,0.4778124690055847,0.41488558303294715,0.11731645667103081,0.29756912636191635,0.4902552825709184,0.478829987347126,0.16898718180422956,0.5152513885251199,0.4181549949014346,0.9958132204685094,0.048214285714285716,0.010389610389610388,gov_report::gov_report:3,0.004186779531490603,"(0.161, 0.515]",raw,,,,,,
mechanism_targeted_4bit_seed42_v1,mlx-community/Qwen2.5-1.5B-Instruct-4bit,gov_report,gov_report:3,42.0,cbda0763d81c77dc16cd819183d4ef66a431cae7d0d8f50510af026d1c16d64d,1d64abc8839e31ee1a0615e19a3b3b1809ca5618,48.0,48.0,96.0,v_ridge_leverage,True,311.0,991.0,2.0663978092676167,0.8435703747278218,1.222827434539795,1.7375430056835488,0.6357099052992848,1.101833100384264,0.4568519927561283,0.4891582789520423,0.17267077345570153,0.5152513885251199,0.4536366844749,0.9950469029267465,0.05454545454545455,0.015584415584415581,gov_report::gov_report:3,0.004953097073253532,"(0.161, 0.515]",raw,,,,,,
mechanism_targeted_4bit_seed42_v1,mlx-community/Qwen2.5-1.5B-Instruct-4bit,gov_report,gov_report:3,42.0,cbda0763d81c77dc16cd819183d4ef66a431cae7d0d8f50510af026d1c16d64d,1d64abc8839e31ee1a0615e19a3b3b1809ca5618,48.0,64.0,112.0,v_ridge_leverage,True,323.0,1007.0,1.4692528405064245,1.9979173102253576,-0.5286644697189331,1.0570914859466631,1.4931279731950302,-0.4360364872483671,0.5141423779229323,0.4832057437549035,0.16742878195977315,0.5152513885251199,0.5152513885251199,0.9946441843646803,0.06087662337662338,0.024025974025974027,gov_report::gov_report:3,0.005355815635319727,"(0.161, 0.515]",raw,,,,,,
mechanism_targeted_4bit_seed42_v1,mlx-community/Qwen2.5-1.5B-Instruct-4bit,gov_report,gov_report:4,42.0,cbda0763d81c77dc16cd819183d4ef66a431cae7d0d8f50510af026d1c16d64d,1d64abc8839e31ee1a0615e19a3b3b1809ca5618,0.0,1.0,1.0,v_ridge_leverage,True,6775.0,982.0,6.3072496273594965,6.1982198574620355,0.10902976989746094,4.495067142876405,4.389051921261147,0.10601522161525789,0.3718273962537448,0.36161209642887115,0.1046005935530626,0.1920549673063162,,0.9999926068187578,0.0006493506493506456,0.0,gov_report::gov_report:4,7.393181242210112e-06,"(0.161, 0.515]",raw,,,,,,
mechanism_targeted_4bit_seed42_v1,mlx-community/Qwen2.5-1.5B-Instruct-4bit,gov_report,gov_report:4,42.0,cbda0763d81c77dc16cd819183d4ef66a431cae7d0d8f50510af026d1c16d64d,1d64abc8839e31ee1a0615e19a3b3b1809ca5618,0.0,8.0,8.0,v_ridge_leverage,True,7468.0,989.0,0.5029427084239906,1.0635453733715003,-0.5606026649475098,0.37193042862071507,0.6790274481042364,-0.30709701948352136,0.5862482786178589,0.539441188176473,0.15376519270596486,0.3884392164138099,,0.9997775385385815,0.013636363636363632,0.0,gov_report::gov_report:4,0.00022246146141846612,"(0.161, 0.515]",raw,,,,,,
mechanism_targeted_4bit_seed42_v1,mlx-community/Qwen2.5-1.5B-Instruct-4bit,gov_report,gov_report:4,42.0,cbda0763d81c77dc16cd819183d4ef66a431cae7d0d8f50510af026d1c16d64d,1d64abc8839e31ee1a0615e19a3b3b1809ca5618,0.0,16.0,16.0,v_ridge_leverage,True,320.0,997.0,0.24491464492732362,0.0943872198169835,0.15052742511034012,0.2145977671358636,0.07252595641723654,0.14207181071862707,0.4286535494029522,0.5073873400688171,0.15723600648182323,0.49759118784835926,,0.9995749193823501,0.026623376623376615,0.0,gov_report::gov_report:4,0.0004250806176498978,"(0.161, 0.515]",raw,,,,,,
mechanism_targeted_4bit_seed42_v1,mlx-community/Qwen2.5-1.5B-Instruct-4bit,gov_report,gov_report:4,42.0,cbda0763d81c77dc16cd819183d4ef66a431cae7d0d8f50510af026d1c16d64d,1d64abc8839e31ee1a0615e19a3b3b1809ca5618,0.0,24.0,24.0,v_ridge_leverage,True,311.0,1005.0,-0.0844257391120351,0.47208666139589184,-0.5565124005079269,0.21890026991912898,0.24160184467772317,-0.02270157475859419,0.48097584148248035,0.45738614723086357,0.1452578921851003,0.49759118784835926,,0.9985814430721005,0.0405844155844156,0.0,gov_report::gov_report:4,0.0014185569278994947,"(0.161, 0.515]",raw,,,,,,
mechanism_targeted_4bit_seed42_v1,mlx-community/Qwen2.5-1.5B-Instruct-4bit,gov_report,gov_report:4,42.0,cbda0763d81c77dc16cd819183d4ef66a431cae7d0d8f50510af026d1c16d64d,1d64abc8839e31ee1a0615e19a3b3b1809ca5618,0.0,32.0,32.0,v_ridge_leverage,True,389.0,1013.0,0.022659073210515857,0.10101860258654582,-0.07835952937602997,0.03038644100466073,0.05889117244035569,-0.028504731435694958,0.40920219632486504,0.35589162446558475,0.14572287126181394,0.5044525622218885,,0.9978049705232553,0.05568181818181818,0.0,gov_report::gov_report:4,0.0021950294767446588,"(0.161, 0.515]",raw,,,,,,
mechanism_targeted_4bit_seed42_v1,mlx-community/Qwen2.5-1.5B-Instruct-4bit,gov_report,gov_report:4,42.0,cbda0763d81c77dc16cd819183d4ef66a431cae7d0d8f50510af026d1c16d64d,1d64abc8839e31ee1a0615e19a3b3b1809ca5618,0.0,40.0,40.0,v_ridge_leverage,True,7992.0,1021.0,6.835475295506704,4.139077990971792,2.696397304534912,3.88482240535756,2.356105806193676,1.528716599163884,0.4703035739560922,0.4115871898829937,0.14467212600972743,0.5044525622218885,0.3884392164138099,0.9974925536199212,0.05844155844155845,0.001461038961038961,gov_report::gov_report:4,0.002507446380078826,"(0.161, 0.515]",raw,,,,,,
mechanism_targeted_4bit_seed42_v1,mlx-community/Qwen2.5-1.5B-Instruct-4bit,gov_report,gov_report:4,42.0,cbda0763d81c77dc16cd819183d4ef66a431cae7d0d8f50510af026d1c16d64d,1d64abc8839e31ee1a0615e19a3b3b1809ca5618,0.0,48.0,48.0,v_ridge_leverage,True,23148.0,1029.0,5.2062924256082646,4.320879255747425,0.8854131698608398,5.190363457713399,4.3333922178594895,0.8569712398539098,0.8277551134427389,0.6845678562919298,0.1479398661153226,0.5044525622218885,0.49759118784835926,0.9971654299806348,0.06055194805194806,0.0025974025974025974,gov_report::gov_report:4,0.002834570019365157,"(0.161, 0.515]",raw,,,,,,
mechanism_targeted_4bit_seed42_v1,mlx-community/Qwen2.5-1.5B-Instruct-4bit,gov_report,gov_report:4,42.0,cbda0763d81c77dc16cd819183d4ef66a431cae7d0d8f50510af026d1c16d64d,1d64abc8839e31ee1a0615e19a3b3b1809ca5618,0.0,64.0,64.0,v_ridge_leverage,True,369.0,1045.0,0.47525960579719495,0.24816641584243726,0.2270931899547577,0.32548196416841496,0.1407825608724465,0.18469940329596846,0.42461317668979365,0.43878413798908394,0.15166446870665432,0.5044525622218885,0.5044525622218885,0.9962913767429425,0.06590909090909092,0.006493506493506494,gov_report::gov_report:4,0.003708623257057453,"(0.161, 0.515]",raw,,,,,,
mechanism_targeted_4bit_seed42_v1,mlx-community/Qwen2.5-1.5B-Instruct-4bit,gov_report,gov_report:4,42.0,cbda0763d81c77dc16cd819183d4ef66a431cae7d0d8f50510af026d1c16d64d,1d64abc8839e31ee1a0615e19a3b3b1809ca5618,16.0,1.0,17.0,v_ridge_leverage,True,32.0,998.0,0.015532025609637401,0.005094036933506629,0.010437988676130772,0.015225371461877402,0.004847126187637372,0.010378245274240031,0.42581656699379283,0.43417581853767234,0.1044190227735,0.23449130297987425,,0.9999479666884833,0.0055194805194804875,0.0,gov_report::gov_report:4,5.20333115167082e-05,"(0.161, 0.515]",raw,,,,,,
mechanism_targeted_4bit_seed42_v1,mlx-community/Qwen2.5-1.5B-Instruct-4bit,gov_report,gov_report:4,42.0,cbda0763d81c77dc16cd819183d4ef66a431cae7d0d8f50510af026d1c16d64d,1d64abc8839e31ee1a0615e19a3b3b1809ca5618,16.0,8.0,24.0,v_ridge_leverage,True,311.0,1005.0,0.11332347327218883,0.47208666139589184,-0.358763188123703,0.19178418322587412,0.24160184467772317,-0.049817661451849043,0.4441927646597226,0.45738614723086357,0.11888640344804748,0.2570766444745223,,0.9990290202313942,0.018506493506493506,0.0,gov_report::gov_report:4,0.0009709797686058286,"(0.161, 0.515]",raw,,,,,,
mechanism_targeted_4bit_seed42_v1,mlx-community/Qwen2.5-1.5B-Instruct-4bit,gov_report,gov_report:4,42.0,cbda0763d81c77dc16cd819183d4ef66a431cae7d0d8f50510af026d1c16d64d,1d64abc8839e31ee1a0615e19a3b3b1809ca5618,16.0,16.0,32.0,v_ridge_leverage,True,389.0,1013.0,0.031217123008527636,0.10101860258654582,-0.06980147957801819,0.043509431268239335,0.05889117244035569,-0.015381741172116353,0.32280969992280006,0.35589162446558475,0.13191281972530175,0.4979749882808966,,0.9982867003017474,0.034415584415584406,0.0,gov_report::gov_report:4,0.0017132996982526238,"(0.161, 0.515]",raw,,,,,,
mechanism_targeted_4bit_seed42_v1,mlx-community/Qwen2.5-1.5B-Instruct-4bit,gov_report,gov_report:4,42.0,cbda0763d81c77dc16cd819183d4ef66a431cae7d0d8f50510af026d1c16d64d,1d64abc8839e31ee1a0615e19a3b3b1809ca5618,16.0,24.0,40.0,v_ridge_leverage,True,7992.0,1021.0,7.221987575017202,4.139077990971792,3.08290958404541,4.041144194891765,2.356105806193676,1.6850383886980889,0.4326220328609149,0.4115871898829937,0.13421542505590886,0.4979749882808966,,0.9979954046884373,0.03782467532467532,0.0,gov_report::gov_report:4,0.002004595311562718,"(0.161, 0.515]",raw,,,,,,
mechanism_targeted_4bit_seed42_v1,mlx-community/Qwen2.5-1.5B-Instruct-4bit,gov_report,gov_report:4,42.0,cbda0763d81c77dc16cd819183d4ef66a431cae7d0d8f50510af026d1c16d64d,1d64abc8839e31ee1a0615e19a3b3b1809ca5618,16.0,32.0,48.0,v_ridge_leverage,True,23148.0,1029.0,5.990635668253528,4.320879255747425,1.6697564125061035,5.966435691662341,4.3333922178594895,1.6330434738028519,0.8336102652053038,0.6845678562919298,0.14111312246832333,0.4979749882808966,,0.9977142951701762,0.04090909090909091,0.0,gov_report::gov_report:4,0.0022857048298238203,"(0.161, 0.515]",raw,,,,,,
mechanism_targeted_4bit_seed42_v1,mlx-community/Qwen2.5-1.5B-Instruct-4bit,gov_report,gov_report:4,42.0,cbda0763d81c77dc16cd819183d4ef66a431cae7d0d8f50510af026d1c16d64d,1d64abc8839e31ee1a0615e19a3b3b1809ca5618,16.0,40.0,56.0,v_ridge_leverage,True,1817.0,1037.0,2.4025348537965208,2.4287699574036985,-0.026235103607177734,1.9642317305215475,1.8160267976446731,0.14820493287687442,0.48707762733101845,0.40939416612188023,0.14536349723820388,0.4979749882808966,0.2570766444745223,0.9973686967328171,0.0422077922077922,0.0006493506493506494,gov_report::gov_report:4,0.0026313032671828607,"(0.161, 0.515]",raw,,,,,,
mechanism_targeted_4bit_seed42_v1,mlx-community/Qwen2.5-1.5B-Instruct-4bit,gov_report,gov_report:4,42.0,cbda0763d81c77dc16cd819183d4ef66a431cae7d0d8f50510af026d1c16d64d,1d64abc8839e31ee1a0615e19a3b3b1809ca5618,16.0,48.0,64.0,v_ridge_leverage,True,369.0,1045.0,0.32858240977134656,0.24816641584243726,0.0804159939289093,0.2086855636545364,0.1407825608724465,0.06790300278208988,0.46129179435471696,0.43878413798908394,0.14759656341813734,0.4979749882808966,0.4979749882808966,0.996923496724151,0.04675324675324676,0.0042207792207792205,gov_report::gov_report:4,0.003076503275848963,"(0.161, 0.515]",raw,,,,,,
mechanism_targeted_4bit_seed42_v1,mlx-community/Qwen2.5-1.5B-Instruct-4bit,gov_report,gov_report:4,42.0,cbda0763d81c77dc16cd819183d4ef66a431cae7d0d8f50510af026d1c16d64d,1d64abc8839e31ee1a0615e19a3b3b1809ca5618,16.0,64.0,80.0,v_ridge_leverage,True,2734.0,1061.0,0.6916244858241392,0.3082114690280271,0.38341301679611206,1.14058844620904,0.6465415281120654,0.49404691809697465,0.5572656728327274,0.44850954102973145,0.1567663342586153,0.4979749882808966,0.4979749882808966,0.9958555332374422,0.05275974025974027,0.006006493506493507,gov_report::gov_report:4,0.0041444667625577525,"(0.161, 0.515]",raw,,,,,,
mechanism_targeted_4bit_seed42_v1,mlx-community/Qwen2.5-1.5B-Instruct-4bit,gov_report,gov_report:4,42.0,cbda0763d81c77dc16cd819183d4ef66a431cae7d0d8f50510af026d1c16d64d,1d64abc8839e31ee1a0615e19a3b3b1809ca5618,48.0,1.0,49.0,v_ridge_leverage,True,12481.0,1030.0,0.1833480220964674,0.09441447227509059,0.0889335498213768,0.18311600739918216,0.09418626558681531,0.08892974181236685,0.4898263681679964,0.5493427285303673,0.1637496942284874,0.25032567769050773,,0.9999415993502264,0.0006493506493506456,0.0,gov_report::gov_report:4,5.840064977358228e-05,"(0.161, 0.515]",raw,,,,,,
mechanism_targeted_4bit_seed42_v1,mlx-community/Qwen2.5-1.5B-Instruct-4bit,gov_report,gov_report:4,42.0,cbda0763d81c77dc16cd819183d4ef66a431cae7d0d8f50510af026d1c16d64d,1d64abc8839e31ee1a0615e19a3b3b1809ca5618,48.0,8.0,56.0,v_ridge_leverage,True,1817.0,1037.0,1.5605760925813108,2.4287699574036985,-0.8681938648223877,1.1545218440314517,1.8160267976446731,-0.6615049536132214,0.4812403830389182,0.40939416612188023,0.1480896531125093,0.2814385477011184,,0.9996065591758247,0.005032467532467512,0.0,gov_report::gov_report:4,0.0003934408241752507,"(0.161, 0.515]",raw,,,,,,
mechanism_targeted_4bit_seed42_v1,mlx-community/Qwen2.5-1.5B-Instruct-4bit,gov_report,gov_report:4,42.0,cbda0763d81c77dc16cd819183d4ef66a431cae7d0d8f50510af026d1c16d64d,1d64abc8839e31ee1a0615e19a3b3b1809ca5618,48.0,16.0,64.0,v_ridge_leverage,True,369.0,1045.0,0.24319476261939954,0.24816641584243726,-0.00497165322303772,0.13504400529848865,0.1407825608724465,-0.00573855557395786,0.40446246570597094,0.43878413798908394,0.14710511493096468,0.28262879219480563,,0.9991291167451513,0.010227272727272708,0.0,gov_report::gov_report:4,0.0008708832548487422,"(0.161, 0.515]",raw,,,,,,
mechanism_targeted_4bit_seed42_v1,mlx-community/Qwen2.5-1.5B-Instruct-4bit,gov_report,gov_report:4,42.0,cbda0763d81c77dc16cd819183d4ef66a431cae7d0d8f50510af026d1c16d64d,1d64abc8839e31ee1a0615e19a3b3b1809ca5618,48.0,24.0,72.0,v_ridge_leverage,True,2329.0,1053.0,3.4411619041853676,2.783283982127262,0.6578779220581055,3.1792942723516466,2.532566322027079,0.6467279503245678,0.49471987783908844,0.5103765428066254,0.1517615438788019,0.45428518535086404,,0.9985022894640148,0.013961038961038948,0.0,gov_report::gov_report:4,0.0014977105359852416,"(0.161, 0.515]",raw,,,,,,
mechanism_targeted_4bit_seed42_v1,mlx-community/Qwen2.5-1.5B-Instruct-4bit,gov_report,gov_report:4,42.0,cbda0763d81c77dc16cd819183d4ef66a431cae7d0d8f50510af026d1c16d64d,1d64abc8839e31ee1a0615e19a3b3b1809ca5618,48.0,32.0,80.0,v_ridge_leverage,True,2734.0,1061.0,0.7245522373652769,0.3082114690280271,0.41634076833724976,1.238702778409258,0.6465415281120654,0.5921612502971925,0.500862275560697,0.44850954102973145,0.15918758459812588,0.45428518535086404,,0.9979410828584597,0.019480519480519477,0.0,gov_report::gov_report:4,0.002058917141540273,"(0.161, 0.515]",raw,,,,,,
mechanism_targeted_4bit_seed42_v1,mlx-community/Qwen2.5-1.5B-Instruct-4bit,gov_report,gov_report:4,42.0,cbda0763d81c77dc16cd819183d4ef66a431cae7d0d8f50510af026d1c16d64d,1d64abc8839e31ee1a0615e19a3b3b1809ca5618,48.0,40.0,88.0,v_ridge_leverage,True,369.0,1069.0,3.8272078372042557,3.7178228236239335,0.10938501358032227,2.539962317543411,2.2511575755924507,0.2888047419509605,0.487819114079078,0.5003687813878059,0.15652187963490086,0.45428518535086404,0.2814385477011184,0.9971110891825061,0.024837662337662332,0.0021103896103896102,gov_report::gov_report:4,0.0028889108174938727,"(0.161, 0.515]",raw,,,,,,
mechanism_targeted_4bit_seed42_v1,mlx-community/Qwen2.5-1.5B-Instruct-4bit,gov_report,gov_report:4,42.0,cbda0763d81c77dc16cd819183d4ef66a431cae7d0d8f50510af026d1c16d64d,1d64abc8839e31ee1a0615e19a3b3b1809ca5618,48.0,48.0,96.0,v_ridge_leverage,True,4038.0,1077.0,2.9493759130064454,0.04777936683334971,2.9015965461730957,2.0529496392967896,0.06830586618671078,1.9846437731100788,0.654962190737327,0.4564065082619588,0.15101394436930493,0.45428518535086404,0.28262879219480563,0.9964170541608348,0.03295454545454545,0.005357142857142857,gov_report::gov_report:4,0.003582945839165186,"(0.161, 0.515]",raw,,,,,,
mechanism_targeted_4bit_seed42_v1,mlx-community/Qwen2.5-1.5B-Instruct-4bit,gov_report,gov_report:4,42.0,cbda0763d81c77dc16cd819183d4ef66a431cae7d0d8f50510af026d1c16d64d,1d64abc8839e31ee1a0615e19a3b3b1809ca5618,48.0,64.0,112.0,v_ridge_leverage,True,3033.0,1093.0,-0.3749830985496878,-0.26266671736344094,-0.11231638118624687,0.6076095392594906,0.161915279464463,0.4456942597950276,0.556690651923418,0.6033570989966393,0.14800625377103702,0.45428518535086404,0.45428518535086404,0.9954405675878117,0.043993506493506494,0.014285714285714282,gov_report::gov_report:4,0.004559432412188258,"(0.161, 0.515]",raw,,,,,,
mechanism_targeted_4bit_seed42_v1,mlx-community/Qwen2.5-1.5B-Instruct-4bit,reasoning_long_generation,reasoning_long_generation_0,42.0,cbda0763d81c77dc16cd819183d4ef66a431cae7d0d8f50510af026d1c16d64d,1d64abc8839e31ee1a0615e19a3b3b1809ca5618,0.0,1.0,1.0,v_ridge_leverage,True,11625.0,489.0,-0.012908843952395443,-0.016746548610903744,0.0038377046585083008,0.0017880031779950439,0.002509162879360979,-0.0007211597013659352,0.16057816644509634,0.1603926084935665,4.0417614707813,17.049391844355963,,0.9998597346182381,0.004870129870129842,0.0,reasoning_long_generation::reasoning_long_generation_0,0.00014026538176192815,"(16.063, 53.945]",raw,,,,,,
mechanism_targeted_4bit_seed42_v1,mlx-community/Qwen2.5-1.5B-Instruct-4bit,reasoning_long_generation,reasoning_long_generation_0,42.0,cbda0763d81c77dc16cd819183d4ef66a431cae7d0d8f50510af026d1c16d64d,1d64abc8839e31ee1a0615e19a3b3b1809ca5618,0.0,8.0,8.0,v_ridge_leverage,True,1795.0,496.0,0.2914114050927914,0.09009266424806484,0.20131874084472656,0.07809329895236325,0.007220105137040094,0.07087319381532316,0.14268714096397161,0.10616035185133417,2.529216681625076,17.396231807607318,,0.9988730548018994,0.03457792207792209,0.0,reasoning_long_generation::reasoning_long_generation_0,0.0011269451981006373,"(16.063, 53.945]",raw,,,,,,
mechanism_targeted_4bit_seed42_v1,mlx-community/Qwen2.5-1.5B-Instruct-4bit,reasoning_long_generation,reasoning_long_generation_0,42.0,cbda0763d81c77dc16cd819183d4ef66a431cae7d0d8f50510af026d1c16d64d,1d64abc8839e31ee1a0615e19a3b3b1809ca5618,0.0,16.0,16.0,v_ridge_leverage,True,24308.0,504.0,-8.691216882894537e-05,-0.00019179911416600248,0.00010488694533705711,2.213879779195087e-05,2.0755734571662687e-05,1.383063220288183e-06,0.18250431368748346,0.08753903458515803,2.9215856825450928,17.396231807607318,,0.9977012733239693,0.06931818181818185,0.0,reasoning_long_generation::reasoning_long_generation_0,0.0022987266760307046,"(16.063, 53.945]",raw,,,,,,
mechanism_targeted_4bit_seed42_v1,mlx-community/Qwen2.5-1.5B-Instruct-4bit,reasoning_long_generation,reasoning_long_generation_0,42.0,cbda0763d81c77dc16cd819183d4ef66a431cae7d0d8f50510af026d1c16d64d,1d64abc8839e31ee1a0615e19a3b3b1809ca5618,0.0,24.0,24.0,v_ridge_leverage,True,5302.0,512.0,0.1462641571999619,0.05006978561888431,0.09619437158107758,0.061969401579220956,0.011066048988886804,0.050903352590334155,0.12986702720324197,0.09879983651141326,2.7172748915336595,20.822276366419473,,0.9962653037184481,0.10422077922077923,0.0,reasoning_long_generation::reasoning_long_generation_0,0.0037346962815518747,"(16.063, 53.945]",raw,,,,,,
mechanism_targeted_4bit_seed42_v1,mlx-community/Qwen2.5-1.5B-Instruct-4bit,reasoning_long_generation,reasoning_long_generation_0,42.0,cbda0763d81c77dc16cd819183d4ef66a431cae7d0d8f50510af026d1c16d64d,1d64abc8839e31ee1a0615e19a3b3b1809ca5618,0.0,32.0,32.0,v_ridge_leverage,True,81720.0,520.0,0.0002649318134970713,5.2795768631597184e-05,0.0002121360448654741,0.00013827075206034568,1.5250107055940139e-05,0.00012302064500440554,0.1855541386952003,0.30910345042745274,2.4552302641349524,22.62100382618191,,0.9946930488539285,0.13652597402597405,0.0,reasoning_long_generation::reasoning_long_generation_0,0.005306951146071492,"(16.063, 53.945]",raw,,,,,,
mechanism_targeted_4bit_seed42_v1,mlx-community/Qwen2.5-1.5B-Instruct-4bit,reasoning_long_generation,reasoning_long_generation_0,42.0,cbda0763d81c77dc16cd819183d4ef66a431cae7d0d8f50510af026d1c16d64d,1d64abc8839e31ee1a0615e19a3b3b1809ca5618,0.0,40.0,40.0,v_ridge_leverage,True,1558.0,528.0,0.01729297316001066,-0.006856444717186605,0.024149417877197266,0.0674875897666108,0.002421488405419646,0.06506610136119116,0.2695504976436496,0.14287354424595833,2.4294769086121155,22.62100382618191,17.396231807607318,0.9929722327895132,0.16444805194805195,0.029545454545454545,reasoning_long_generation::reasoning_long_generation_0,0.007027767210486813,"(16.063, 53.945]",raw,,,,,,
mechanism_targeted_4bit_seed42_v1,mlx-community/Qwen2.5-1.5B-Instruct-4bit,reasoning_long_generation,reasoning_long_generation_0,42.0,cbda0763d81c77dc16cd819183d4ef66a431cae7d0d8f50510af026d1c16d64d,1d64abc8839e31ee1a0615e19a3b3b1809ca5618,0.0,48.0,48.0,v_ridge_leverage,True,13.0,536.0,0.07398242615336414,1.6473803682970356e-05,0.07396595234968117,0.07393691298417526,5.699776419898224e-06,0.07393121320775536,0.7511794505019983,0.20621867012232542,2.67384876854795,39.49992472660007,17.396231807607318,0.9912515929688164,0.19383116883116883,0.060389610389610396,reasoning_long_generation::reasoning_long_generation_0,0.008748407031183625,"(16.063, 53.945]",raw,,,,,,
mechanism_targeted_4bit_seed42_v1,mlx-community/Qwen2.5-1.5B-Instruct-4bit,reasoning_long_generation,reasoning_long_generation_0,42.0,cbda0763d81c77dc16cd819183d4ef66a431cae7d0d8f50510af026d1c16d64d,1d64abc8839e31ee1a0615e19a3b3b1809ca5618,0.0,64.0,64.0,v_ridge_leverage,True,23316.0,552.0,0.003047100864716157,3.6485740348979334e-05,0.0030106151243671775,0.0016181975392526185,6.440208112524144e-05,0.0015537954581273771,0.26351905272652704,0.3600556204716365,2.3714868552844233,39.49992472660007,22.62100382618191,0.9865287604036431,0.2368506493506494,0.10357142857142856,reasoning_long_generation::reasoning_long_generation_0,0.013471239596356877,"(16.063, 53.945]",raw,,,,,,
mechanism_targeted_4bit_seed42_v1,mlx-community/Qwen2.5-1.5B-Instruct-4bit,reasoning_long_generation,reasoning_long_generation_0,42.0,cbda0763d81c77dc16cd819183d4ef66a431cae7d0d8f50510af026d1c16d64d,1d64abc8839e31ee1a0615e19a3b3b1809ca5618,16.0,1.0,17.0,v_ridge_leverage,True,279.0,505.0,-0.0007637380715195263,-0.0006502070557061757,-0.00011353101581335068,0.0001676503274714667,0.0001750425388921633,-7.392211420696596e-06,0.1269721028705438,0.12667816877365112,4.652092341967735,14.990695071338058,,0.9998955361241487,0.006655844155844125,0.0,reasoning_long_generation::reasoning_long_generation_0,0.00010446387585127948,"(2.806, 16.063]",raw,,,,,,
mechanism_targeted_4bit_seed42_v1,mlx-community/Qwen2.5-1.5B-Instruct-4bit,reasoning_long_generation,reasoning_long_generation_0,42.0,cbda0763d81c77dc16cd819183d4ef66a431cae7d0d8f50510af026d1c16d64d,1d64abc8839e31ee1a0615e19a3b3b1809ca5618,16.0,8.0,24.0,v_ridge_leverage,True,5302.0,512.0,0.1242064600230286,0.05006978561888431,0.07413667440414429,0.04931057776819593,0.011066048988886804,0.03824452877930913,0.10452209863190849,0.09879983651141326,1.559069434993983,14.990695071338058,,0.9990400548657474,0.0375,0.0,reasoning_long_generation::reasoning_long_generation_0,0.0009599451342525711,"(2.806, 16.063]",raw,,,,,,
mechanism_targeted_4bit_seed42_v1,mlx-community/Qwen2.5-1.5B-Instruct-4bit,reasoning_long_generation,reasoning_long_generation_0,42.0,cbda0763d81c77dc16cd819183d4ef66a431cae7d0d8f50510af026d1c16d64d,1d64abc8839e31ee1a0615e19a3b3b1809ca5618,16.0,16.0,32.0,v_ridge_leverage,True,81720.0,520.0,0.00030914102672596755,5.2795768631597184e-05,0.00025634525809437037,0.00017397033604672448,1.5250107055940139e-05,0.00015872022899078434,0.19477752409875393,0.30910345042745274,1.173790447125229,14.990695071338058,,0.9978467120651501,0.06980519480519483,0.0,reasoning_long_generation::reasoning_long_generation_0,0.0021532879348499234,"(2.806, 16.063]",raw,,,,,,
mechanism_targeted_4bit_seed42_v1,mlx-community/Qwen2.5-1.5B-Instruct-4bit,reasoning_long_generation,reasoning_long_generation_0,42.0,cbda0763d81c77dc16cd819183d4ef66a431cae7d0d8f50510af026d1c16d64d,1d64abc8839e31ee1a0615e19a3b3b1809ca5618,16.0,24.0,40.0,v_ridge_leverage,True,1558.0,528.0,0.1417391864054025,-0.006856444717186605,0.1485956311225891,0.03704151537411977,0.002421488405419646,0.03462002696870012,0.21814640673498312,0.14287354424595833,1.2946721786858477,14.990695071338058,,0.9966969140823084,0.09821428571428573,0.0,reasoning_long_generation::reasoning_long_generation_0,0.0033030859176915728,"(2.806, 16.063]",raw,,,,,,
mechanism_targeted_4bit_seed42_v1,mlx-community/Qwen2.5-1.5B-Instruct-4bit,reasoning_long_generation,reasoning_long_generation_0,42.0,cbda0763d81c77dc16cd819183d4ef66a431cae7d0d8f50510af026d1c16d64d,1d64abc8839e31ee1a0615e19a3b3b1809ca5618,16.0,32.0,48.0,v_ridge_leverage,True,13.0,536.0,0.09098003171557423,1.6473803682970356e-05,0.09096355791189126,0.09092882638832658,5.699776419898224e-06,0.09092312661190668,0.7491056006401777,0.20621867012232542,1.6044484806177897,19.354421417446197,,0.9954257947226386,0.12824675324675328,0.0,reasoning_long_generation::reasoning_long_generation_0,0.0045742052773614095,"(16.063, 53.945]",raw,,,,,,
mechanism_targeted_4bit_seed42_v1,mlx-community/Qwen2.5-1.5B-Instruct-4bit,reasoning_long_generation,reasoning_long_generation_0,42.0,cbda0763d81c77dc16cd819183d4ef66a431cae7d0d8f50510af026d1c16d64d,1d64abc8839e31ee1a0615e19a3b3b1809ca5618,16.0,40.0,56.0,v_ridge_leverage,True,279.0,544.0,-0.2001575059881482,-0.05598781776335571,-0.14416968822479248,0.24904186797720845,0.04198006571063827,0.20706180226657017,0.4287713871647914,0.21181220250825086,1.5642877349672497,19.354421417446197,14.990695071338058,0.9940779459474492,0.15243506493506492,0.026623376623376625,reasoning_long_generation::reasoning_long_generation_0,0.0059220540525507515,"(16.063, 53.945]",raw,,,,,,
mechanism_targeted_4bit_seed42_v1,mlx-community/Qwen2.5-1.5B-Instruct-4bit,reasoning_long_generation,reasoning_long_generation_0,42.0,cbda0763d81c77dc16cd819183d4ef66a431cae7d0d8f50510af026d1c16d64d,1d64abc8839e31ee1a0615e19a3b3b1809ca5618,16.0,48.0,64.0,v_ridge_leverage,True,23316.0,552.0,0.003480873667069062,3.6485740348979334e-05,0.0034443879267200828,0.0019586966167245918,6.440208112524144e-05,0.0018942945355993504,0.255484481031696,0.3600556204716365,1.431450747295472,19.354421417446197,14.990695071338058,0.991503578016907,0.1712662337662338,0.045454545454545456,reasoning_long_generation::reasoning_long_generation_0,0.008496421983092972,"(16.063, 53.945]",raw,,,,,,
mechanism_targeted_4bit_seed42_v1,mlx-community/Qwen2.5-1.5B-Instruct-4bit,reasoning_long_generation,reasoning_long_generation_0,42.0,cbda0763d81c77dc16cd819183d4ef66a431cae7d0d8f50510af026d1c16d64d,1d64abc8839e31ee1a0615e19a3b3b1809ca5618,16.0,64.0,80.0,v_ridge_leverage,True,16588.0,568.0,0.04093518928472406,-0.03862240835245245,0.07955759763717651,0.07140153079618725,0.0059895744739195825,0.06541195632226766,0.3732500138382117,0.14904084025571743,1.2879279554525533,19.354421417446197,19.354421417446197,0.9880859466443807,0.22045454545454543,0.09577922077922077,reasoning_long_generation::reasoning_long_generation_0,0.011914053355619347,"(16.063, 53.945]",raw,,,,,,
mechanism_targeted_4bit_seed42_v1,mlx-community/Qwen2.5-1.5B-Instruct-4bit,reasoning_long_generation,reasoning_long_generation_0,42.0,cbda0763d81c77dc16cd819183d4ef66a431cae7d0d8f50510af026d1c16d64d,1d64abc8839e31ee1a0615e19a3b3b1809ca5618,48.0,1.0,49.0,v_ridge_leverage,True,3070.0,537.0,4.34746612469894e-05,2.2495397892896563e-05,2.0979263354092836e-05,1.6841517501935022e-05,8.647859497960985e-06,8.193658003974037e-06,0.26238496725757915,0.2439697116302947,0.39392577944918306,1.03705813860138,,0.9998876809310867,0.005844155844155818,0.0,reasoning_long_generation::reasoning_long_generation_0,0.00011231906891329135,"(0.515, 2.806]",raw,,,,,,
mechanism_targeted_4bit_seed42_v1,mlx-community/Qwen2.5-1.5B-Instruct-4bit,reasoning_long_generation,reasoning_long_generation_0,42.0,cbda0763d81c77dc16cd819183d4ef66a431cae7d0d8f50510af026d1c16d64d,1d64abc8839e31ee1a0615e19a3b3b1809ca5618,48.0,8.0,56.0,v_ridge_leverage,True,279.0,544.0,-0.08781920146849487,-0.05598781776335571,-0.03183138370513916,0.1736560632971738,0.04198006571063827,0.13167599758653553,0.2671807485943039,0.21181220250825086,0.6967824919186228,4.1736871025448075,,0.9991104534844463,0.029058441558441565,0.0,reasoning_long_generation::reasoning_long_generation_0,0.0008895465155537297,"(2.806, 16.063]",raw,,,,,,
mechanism_targeted_4bit_seed42_v1,mlx-community/Qwen2.5-1.5B-Instruct-4bit,reasoning_long_generation,reasoning_long_generation_0,42.0,cbda0763d81c77dc16cd819183d4ef66a431cae7d0d8f50510af026d1c16d64d,1d64abc8839e31ee1a0615e19a3b3b1809ca5618,48.0,16.0,64.0,v_ridge_leverage,True,23316.0,552.0,0.0007892757564711417,3.6485740348979334e-05,0.0007527900161221623,0.0003976894897234891,6.440208112524144e-05,0.00033328740859824767,0.33385653607547283,0.3600556204716365,0.5634346527444205,4.1736871025448075,,0.9973998668662553,0.04951298701298703,0.0,reasoning_long_generation::reasoning_long_generation_0,0.002600133133744742,"(2.806, 16.063]",raw,,,,,,
mechanism_targeted_4bit_seed42_v1,mlx-community/Qwen2.5-1.5B-Instruct-4bit,reasoning_long_generation,reasoning_long_generation_0,42.0,cbda0763d81c77dc16cd819183d4ef66a431cae7d0d8f50510af026d1c16d64d,1d64abc8839e31ee1a0615e19a3b3b1809ca5618,48.0,24.0,72.0,v_ridge_leverage,True,23316.0,560.0,0.0012847296242597395,-0.00011817424781668251,0.001402903872076422,0.0005722443813721159,5.810475925459019e-05,0.0005141396221175257,0.24301444644288495,0.12869144723845238,0.598513860779436,4.1736871025448075,,0.99628896711587,0.07061688311688312,0.0,reasoning_long_generation::reasoning_long_generation_0,0.0037110328841299944,"(2.806, 16.063]",raw,,,,,,
mechanism_targeted_4bit_seed42_v1,mlx-community/Qwen2.5-1.5B-Instruct-4bit,reasoning_long_generation,reasoning_long_generation_0,42.0,cbda0763d81c77dc16cd819183d4ef66a431cae7d0d8f50510af026d1c16d64d,1d64abc8839e31ee1a0615e19a3b3b1809ca5618,48.0,32.0,80.0,v_ridge_leverage,True,16588.0,568.0,0.7338126011270703,-0.03862240835245245,0.7724350094795227,0.24387099090113004,0.0059895744739195825,0.23788141642721045,0.3213464366272092,0.14904084025571743,0.5635195319170427,4.1736871025448075,,0.9952881165150492,0.09691558441558443,0.0,reasoning_long_generation::reasoning_long_generation_0,0.004711883484950774,"(2.806, 16.063]",raw,,,,,,
mechanism_targeted_4bit_seed42_v1,mlx-community/Qwen2.5-1.5B-Instruct-4bit,reasoning_long_generation,reasoning_long_generation_0,42.0,cbda0763d81c77dc16cd819183d4ef66a431cae7d0d8f50510af026d1c16d64d,1d64abc8839e31ee1a0615e19a3b3b1809ca5618,48.0,40.0,88.0,v_ridge_leverage,True,220.0,576.0,-0.20382839101707617,0.02977031808936914,-0.2335987091064453,0.030526430570699595,0.0004926063019214594,0.030033824268778136,0.2673991123835246,0.15586614608764648,0.6988725741313568,4.437800901410702,4.1736871025448075,0.9942567100522376,0.11412337662337661,0.020454545454545454,reasoning_long_generation::reasoning_long_generation_0,0.005743289947762409,"(2.806, 16.063]",raw,,,,,,
mechanism_targeted_4bit_seed42_v1,mlx-community/Qwen2.5-1.5B-Instruct-4bit,reasoning_long_generation,reasoning_long_generation_0,42.0,cbda0763d81c77dc16cd819183d4ef66a431cae7d0d8f50510af026d1c16d64d,1d64abc8839e31ee1a0615e19a3b3b1809ca5618,48.0,48.0,96.0,v_ridge_leverage,True,1124.0,584.0,-2.068173897384895e-05,-4.1303047041196805e-05,2.0621308067347854e-05,2.6143350157558236e-05,3.9479954583272473e-05,-1.3336604425714237e-05,0.31304091898103553,0.20517345890402794,0.7626228262336469,4.437800901410702,4.1736871025448075,0.9916927292261442,0.12305194805194805,0.030357142857142857,reasoning_long_generation::reasoning_long_generation_0,0.008307270773855846,"(2.806, 16.063]",raw,,,,,,
mechanism_targeted_4bit_seed42_v1,mlx-community/Qwen2.5-1.5B-Instruct-4bit,reasoning_long_generation,reasoning_long_generation_0,42.0,cbda0763d81c77dc16cd819183d4ef66a431cae7d0d8f50510af026d1c16d64d,1d64abc8839e31ee1a0615e19a3b3b1809ca5618,48.0,64.0,112.0,v_ridge_leverage,True,1318.0,600.0,0.00012132613302640038,-1.789293854415064e-05,0.00013921907157055102,5.331665436115053e-05,2.945170468612985e-06,5.037148389253754e-05,0.3365633636713028,0.26538798306137323,0.8794465944728511,5.583887653885979,4.1736871025448075,0.9880901068921978,0.14334415584415586,0.055194805194805185,reasoning_long_generation::reasoning_long_generation_0,0.011909893107802216,"(2.806, 16.063]",raw,,,,,,
mechanism_targeted_4bit_seed42_v1,mlx-community/Qwen2.5-1.5B-Instruct-4bit,reasoning_long_generation,reasoning_long_generation_1,42.0,cbda0763d81c77dc16cd819183d4ef66a431cae7d0d8f50510af026d1c16d64d,1d64abc8839e31ee1a0615e19a3b3b1809ca5618,0.0,1.0,1.0,v_ridge_leverage,True,11625.0,486.0,-0.005655947527319682,-0.008871975740820659,0.0032160282135009766,0.00046395889968025726,0.0006317993666727145,-0.00016784046699245723,0.15932724128166834,0.1583264209330082,4.027261249970534,17.20184566645642,,0.9999029847595841,0.005357142857142834,0.0,reasoning_long_generation::reasoning_long_generation_1,9.7015240415943e-05,"(16.063, 53.945]",raw,,,,,,
mechanism_targeted_4bit_seed42_v1,mlx-community/Qwen2.5-1.5B-Instruct-4bit,reasoning_long_generation,reasoning_long_generation_1,42.0,cbda0763d81c77dc16cd819183d4ef66a431cae7d0d8f50510af026d1c16d64d,1d64abc8839e31ee1a0615e19a3b3b1809ca5618,0.0,8.0,8.0,v_ridge_leverage,True,1795.0,493.0,0.09803432612864782,0.13570386558024694,-0.03766953945159912,0.08011225481765613,0.006795548055424027,0.0733167067622321,0.14397777989506721,0.10750611654172341,2.872527503988783,19.151659905479537,,0.9989410260359902,0.03490259740259741,0.0,reasoning_long_generation::reasoning_long_generation_1,0.0010589739640097795,"(16.063, 53.945]",raw,,,,,,
mechanism_targeted_4bit_seed42_v1,mlx-community/Qwen2.5-1.5B-Instruct-4bit,reasoning_long_generation,reasoning_long_generation_1,42.0,cbda0763d81c77dc16cd819183d4ef66a431cae7d0d8f50510af026d1c16d64d,1d64abc8839e31ee1a0615e19a3b3b1809ca5618,0.0,16.0,16.0,v_ridge_leverage,True,13.0,501.0,0.004958473491683435,-0.0002861857682319169,0.005244659259915352,0.0009656039072367838,6.147298636729402e-06,0.0009594566086000545,0.17917883830765882,0.1309284490222732,2.584128370065397,19.151659905479537,,0.9978955188860373,0.06834415584415586,0.0,reasoning_long_generation::reasoning_long_generation_1,0.002104481113962664,"(16.063, 53.945]",raw,,,,,,
mechanism_targeted_4bit_seed42_v1,mlx-community/Qwen2.5-1.5B-Instruct-4bit,reasoning_long_generation,reasoning_long_generation_1,42.0,cbda0763d81c77dc16cd819183d4ef66a431cae7d0d8f50510af026d1c16d64d,1d64abc8839e31ee1a0615e19a3b3b1809ca5618,0.0,24.0,24.0,v_ridge_leverage,True,1205.0,509.0,-0.025156459303019574,-0.01910962769520097,-0.0060468316078186035,0.03930019634203881,0.01211553354022416,0.027184662801814648,0.34634312614798546,0.13245045828322569,3.2133930407524343,28.883282202985907,,0.9966039281898234,0.10324675324675328,0.0,reasoning_long_generation::reasoning_long_generation_1,0.0033960718101766485,"(16.063, 53.945]",raw,,,,,,
mechanism_targeted_4bit_seed42_v1,mlx-community/Qwen2.5-1.5B-Instruct-4bit,reasoning_long_generation,reasoning_long_generation_1,42.0,cbda0763d81c77dc16cd819183d4ef66a431cae7d0d8f50510af026d1c16d64d,1d64abc8839e31ee1a0615e19a3b3b1809ca5618,0.0,32.0,32.0,v_ridge_leverage,True,23316.0,517.0,-0.034633528939984615,-0.02964396452119189,-0.004989564418792725,0.002728626349296873,0.0040308042056568585,-0.0013021778563599854,0.23076111474756544,0.2104342723012754,3.0297008968426873,28.883282202985907,,0.9950885564610623,0.13636363636363638,0.0,reasoning_long_generation::reasoning_long_generation_1,0.004911443538937688,"(16.063, 53.945]",raw,,,,,,
mechanism_targeted_4bit_seed42_v1,mlx-community/Qwen2.5-1.5B-Instruct-4bit,reasoning_long_generation,reasoning_long_generation_1,42.0,cbda0763d81c77dc16cd819183d4ef66a431cae7d0d8f50510af026d1c16d64d,1d64abc8839e31ee1a0615e19a3b3b1809ca5618,0.0,40.0,40.0,v_ridge_leverage,True,21189.0,525.0,0.028990664604236827,0.0867527584462664,-0.05776209384202957,0.01034885725103322,0.04581268202314459,-0.03546382477211137,0.3843360549459855,0.42427964073916274,2.7404242908336993,28.883282202985907,19.151659905479537,0.9935197920023092,0.1663961038961039,0.03165584415584415,reasoning_long_generation::reasoning_long_generation_1,0.006480207997690779,"(16.063, 53.945]",raw,,,,,,
mechanism_targeted_4bit_seed42_v1,mlx-community/Qwen2.5-1.5B-Instruct-4bit,reasoning_long_generation,reasoning_long_generation_1,42.0,cbda0763d81c77dc16cd819183d4ef66a431cae7d0d8f50510af026d1c16d64d,1d64abc8839e31ee1a0615e19a3b3b1809ca5618,0.0,48.0,48.0,v_ridge_leverage,True,220.0,533.0,0.015773922267577234,0.024727778571865144,-0.00895385630428791,0.009898041247253457,0.017698184786922862,-0.007800143539669405,0.18630509171634912,0.30691633738266927,2.413372925968408,28.883282202985907,19.151659905479537,0.9921499911429714,0.19610389610389614,0.0625,reasoning_long_generation::reasoning_long_generation_1,0.007850008857028579,"(16.063, 53.945]",raw,,,,,,
mechanism_targeted_4bit_seed42_v1,mlx-community/Qwen2.5-1.5B-Instruct-4bit,reasoning_long_generation,reasoning_long_generation_1,42.0,cbda0763d81c77dc16cd819183d4ef66a431cae7d0d8f50510af026d1c16d64d,1d64abc8839e31ee1a0615e19a3b3b1809ca5618,0.0,64.0,64.0,v_ridge_leverage,True,3070.0,549.0,0.629051586515736,4.380426707228935e-05,0.6290077822486637,0.6280616316262307,1.0049876379374505e-05,0.6280515817498513,0.7184832704563936,0.24034446943551302,1.9680296607698082,28.883282202985907,28.883282202985907,0.9894011942822855,0.2478896103896104,0.11574675324675324,reasoning_long_generation::reasoning_long_generation_1,0.010598805717714543,"(16.063, 53.945]",raw,,,,,,
mechanism_targeted_4bit_seed42_v1,mlx-community/Qwen2.5-1.5B-Instruct-4bit,reasoning_long_generation,reasoning_long_generation_1,42.0,cbda0763d81c77dc16cd819183d4ef66a431cae7d0d8f50510af026d1c16d64d,1d64abc8839e31ee1a0615e19a3b3b1809ca5618,16.0,1.0,17.0,v_ridge_leverage,True,3070.0,502.0,0.008219465277942817,0.05936942961052338,-0.051149964332580566,0.015271544212854852,0.01492204565079227,0.0003494985620625824,0.17557846320172152,0.17426221072673798,0.27481905042344984,0.7887845881201241,,0.9999012665279804,0.006331168831168803,0.0,reasoning_long_generation::reasoning_long_generation_1,9.873347201960758e-05,"(0.515, 2.806]",raw,,,,,,
mechanism_targeted_4bit_seed42_v1,mlx-community/Qwen2.5-1.5B-Instruct-4bit,reasoning_long_generation,reasoning_long_generation_1,42.0,cbda0763d81c77dc16cd819183d4ef66a431cae7d0d8f50510af026d1c16d64d,1d64abc8839e31ee1a0615e19a3b3b1809ca5618,16.0,8.0,24.0,v_ridge_leverage,True,1205.0,509.0,-0.06521292635929399,-0.01910962769520097,-0.04610329866409302,0.02468764572755697,0.01211553354022416,0.01257211218733281,0.13929682845870653,0.13245045828322569,2.1443067233946236,14.847733468006162,,0.9990565529465563,0.03717532467532468,0.0,reasoning_long_generation::reasoning_long_generation_1,0.0009434470534437356,"(2.806, 16.063]",raw,,,,,,
mechanism_targeted_4bit_seed42_v1,mlx-community/Qwen2.5-1.5B-Instruct-4bit,reasoning_long_generation,reasoning_long_generation_1,42.0,cbda0763d81c77dc16cd819183d4ef66a431cae7d0d8f50510af026d1c16d64d,1d64abc8839e31ee1a0615e19a3b3b1809ca5618,16.0,16.0,32.0,v_ridge_leverage,True,23316.0,517.0,0.11228449965307874,-0.02964396452119189,0.14192846417427063,0.018029292077949042,0.0040308042056568585,0.013998487872292183,0.2016572605471083,0.2104342723012754,1.8917734374983226,14.847733468006162,,0.997867630938296,0.06964285714285716,0.0,reasoning_long_generation::reasoning_long_generation_1,0.002132369061703998,"(2.806, 16.063]",raw,,,,,,
mechanism_targeted_4bit_seed42_v1,mlx-community/Qwen2.5-1.5B-Instruct-4bit,reasoning_long_generation,reasoning_long_generation_1,42.0,cbda0763d81c77dc16cd819183d4ef66a431cae7d0d8f50510af026d1c16d64d,1d64abc8839e31ee1a0615e19a3b3b1809ca5618,16.0,24.0,40.0,v_ridge_leverage,True,21189.0,525.0,0.26090458882146095,0.0867527584462664,0.17415183037519455,0.19012143242736393,0.04581268202314459,0.14430875040421934,0.46805965155363083,0.42427964073916274,1.491504614433571,14.847733468006162,,0.9967982101334325,0.10016233766233769,0.0,reasoning_long_generation::reasoning_long_generation_1,0.003201789866567495,"(2.806, 16.063]",raw,,,,,,
mechanism_targeted_4bit_seed42_v1,mlx-community/Qwen2.5-1.5B-Instruct-4bit,reasoning_long_generation,reasoning_long_generation_1,42.0,cbda0763d81c77dc16cd819183d4ef66a431cae7d0d8f50510af026d1c16d64d,1d64abc8839e31ee1a0615e19a3b3b1809ca5618,16.0,32.0,48.0,v_ridge_leverage,True,220.0,533.0,0.023187855321189943,0.024727778571865144,-0.0015399232506752014,0.01628792223738559,0.017698184786922862,-0.0014102625495372723,0.18476734713961682,0.30691633738266927,1.2698998304016909,14.847733468006162,,0.9957412756542805,0.13051948051948054,0.0,reasoning_long_generation::reasoning_long_generation_1,0.0042587243457195,"(2.806, 16.063]",raw,,,,,,
mechanism_targeted_4bit_seed42_v1,mlx-community/Qwen2.5-1.5B-Instruct-4bit,reasoning_long_generation,reasoning_long_generation_1,42.0,cbda0763d81c77dc16cd819183d4ef66a431cae7d0d8f50510af026d1c16d64d,1d64abc8839e31ee1a0615e19a3b3b1809ca5618,16.0,40.0,56.0,v_ridge_leverage,True,8482.0,541.0,-0.0754803356164011,-0.09508010115557042,0.01959976553916931,0.021301622882581993,0.030646835246251905,-0.009345212363669912,0.2469988316297531,0.20659455129255852,1.0874040649768848,14.847733468006162,14.847733468006162,0.9946372506624581,0.15779220779220776,0.028571428571428574,reasoning_long_generation::reasoning_long_generation_1,0.005362749337541883,"(2.806, 16.063]",raw,,,,,,
mechanism_targeted_4bit_seed42_v1,mlx-community/Qwen2.5-1.5B-Instruct-4bit,reasoning_long_generation,reasoning_long_generation_1,42.0,cbda0763d81c77dc16cd819183d4ef66a431cae7d0d8f50510af026d1c16d64d,1d64abc8839e31ee1a0615e19a3b3b1809ca5618,16.0,48.0,64.0,v_ridge_leverage,True,3070.0,549.0,0.5844820345710033,4.380426707228935e-05,0.584438230303931,0.5835591282704314,1.0049876379374505e-05,0.583549078394052,0.8048467772702376,0.24034446943551302,1.0185763345566992,14.847733468006162,14.847733468006162,0.9935407846683849,0.18327922077922074,0.05535714285714285,reasoning_long_generation::reasoning_long_generation_1,0.006459215331615087,"(2.806, 16.063]",raw,,,,,,
mechanism_targeted_4bit_seed42_v1,mlx-community/Qwen2.5-1.5B-Instruct-4bit,reasoning_long_generation,reasoning_long_generation_1,42.0,cbda0763d81c77dc16cd819183d4ef66a431cae7d0d8f50510af026d1c16d64d,1d64abc8839e31ee1a0615e19a3b3b1809ca5618,16.0,64.0,80.0,v_ridge_leverage,True,17767.0,565.0,0.0633088664199768,-0.034543546191269314,0.09785241261124611,0.03417118843434942,0.022548417440672965,0.011622770993676458,0.2949031035726269,0.14048654601598778,1.1000811576544198,14.847733468006162,14.847733468006162,0.9893872711108539,0.21428571428571433,0.08652597402597403,reasoning_long_generation::reasoning_long_generation_1,0.010612728889146106,"(2.806, 16.063]",raw,,,,,,
mechanism_targeted_4bit_seed42_v1,mlx-community/Qwen2.5-1.5B-Instruct-4bit,reasoning_long_generation,reasoning_long_generation_1,42.0,cbda0763d81c77dc16cd819183d4ef66a431cae7d0d8f50510af026d1c16d64d,1d64abc8839e31ee1a0615e19a3b3b1809ca5618,48.0,1.0,49.0,v_ridge_leverage,True,21.0,534.0,0.00034093329542628226,0.0002484637612880647,9.246953413821757e-05,0.00019840062381139804,0.0001273010597848922,7.109956402650584e-05,0.37608352800210315,0.3618725637594859,0.24034521658699917,0.5282662809198213,,0.9999281402701926,0.003571428571428551,0.0,reasoning_long_generation::reasoning_long_generation_1,7.185972980738864e-05,"(0.515, 2.806]",raw,,,,,,
mechanism_targeted_4bit_seed42_v1,mlx-community/Qwen2.5-1.5B-Instruct-4bit,reasoning_long_generation,reasoning_long_generation_1,42.0,cbda0763d81c77dc16cd819183d4ef66a431cae7d0d8f50510af026d1c16d64d,1d64abc8839e31ee1a0615e19a3b3b1809ca5618,48.0,8.0,56.0,v_ridge_leverage,True,8482.0,541.0,-0.06818177666597691,-0.09508010115557042,0.026898324489593506,0.02037515632221267,0.030646835246251905,-0.010271678924039233,0.21720319086064896,0.20659455129255852,0.3075788698865631,0.5556868242866005,,0.9994023918723629,0.028733766233766223,0.0,reasoning_long_generation::reasoning_long_generation_1,0.0005976081276370948,"(0.515, 2.806]",raw,,,,,,
mechanism_targeted_4bit_seed42_v1,mlx-community/Qwen2.5-1.5B-Instruct-4bit,reasoning_long_generation,reasoning_long_generation_1,42.0,cbda0763d81c77dc16cd819183d4ef66a431cae7d0d8f50510af026d1c16d64d,1d64abc8839e31ee1a0615e19a3b3b1809ca5618,48.0,16.0,64.0,v_ridge_leverage,True,3070.0,549.0,0.8633628095458263,4.380426707228935e-05,0.863319005278754,0.8621494311951454,1.0049876379374505e-05,0.862139381318766,0.5077446928868691,0.24034446943551302,0.38605911189895536,2.1625445408314095,,0.9982205453872129,0.05535714285714286,0.0,reasoning_long_generation::reasoning_long_generation_1,0.001779454612787057,"(0.515, 2.806]",raw,,,,,,
mechanism_targeted_4bit_seed42_v1,mlx-community/Qwen2.5-1.5B-Instruct-4bit,reasoning_long_generation,reasoning_long_generation_1,42.0,cbda0763d81c77dc16cd819183d4ef66a431cae7d0d8f50510af026d1c16d64d,1d64abc8839e31ee1a0615e19a3b3b1809ca5618,48.0,24.0,72.0,v_ridge_leverage,True,510.0,557.0,0.3920848687650391,-0.001190978893475858,0.393275847658515,0.3577331144964342,0.0022022826881999227,0.35553083180823425,0.49805017560720444,0.26497582097848255,0.602623494520624,5.153194389428467,,0.9973734691801778,0.07305194805194805,0.0,reasoning_long_generation::reasoning_long_generation_1,0.002626530819822226,"(2.806, 16.063]",raw,,,,,,
mechanism_targeted_4bit_seed42_v1,mlx-community/Qwen2.5-1.5B-Instruct-4bit,reasoning_long_generation,reasoning_long_generation_1,42.0,cbda0763d81c77dc16cd819183d4ef66a431cae7d0d8f50510af026d1c16d64d,1d64abc8839e31ee1a0615e19a3b3b1809ca5618,48.0,32.0,80.0,v_ridge_leverage,True,17767.0,565.0,-0.024647055468374646,-0.034543546191269314,0.009896490722894669,0.032475439077534564,0.022548417440672965,0.0099270216368616,0.2662212798992793,0.14048654601598778,0.6113238181750166,5.153194389428467,,0.9952677480563882,0.0871753246753247,0.0,reasoning_long_generation::reasoning_long_generation_1,0.0047322519436118204,"(2.806, 16.063]",raw,,,,,,
mechanism_targeted_4bit_seed42_v1,mlx-community/Qwen2.5-1.5B-Instruct-4bit,reasoning_long_generation,reasoning_long_generation_1,42.0,cbda0763d81c77dc16cd819183d4ef66a431cae7d0d8f50510af026d1c16d64d,1d64abc8839e31ee1a0615e19a3b3b1809ca5618,48.0,40.0,88.0,v_ridge_leverage,True,340.0,573.0,0.0016836662277128767,-5.5430600092165605e-05,0.0017390968278050423,0.0004894051925214534,4.55938238724861e-06,0.00048484581013420475,0.3342184132585923,0.15337356086820364,0.7207252379134421,6.666446767397682,0.5556868242866005,0.9926103778558854,0.09886363636363635,0.013149350649350645,reasoning_long_generation::reasoning_long_generation_1,0.007389622144114649,"(2.806, 16.063]",raw,,,,,,
mechanism_targeted_4bit_seed42_v1,mlx-community/Qwen2.5-1.5B-Instruct-4bit,reasoning_long_generation,reasoning_long_generation_1,42.0,cbda0763d81c77dc16cd819183d4ef66a431cae7d0d8f50510af026d1c16d64d,1d64abc8839e31ee1a0615e19a3b3b1809ca5618,48.0,48.0,96.0,v_ridge_leverage,True,25.0,581.0,0.0005476529516421635,-6.847079642824383e-06,0.0005545000312849879,0.00035878177501762567,0.00022705043358548673,0.00013173134143213894,0.4041574156532685,0.2490157795449098,0.7086435110625867,6.666446767397682,2.1625445408314095,0.9895559759924399,0.11103896103896102,0.02743506493506493,reasoning_long_generation::reasoning_long_generation_1,0.01044402400756006,"(2.806, 16.063]",raw,,,,,,
mechanism_targeted_4bit_seed42_v1,mlx-community/Qwen2.5-1.5B-Instruct-4bit,reasoning_long_generation,reasoning_long_generation_1,42.0,cbda0763d81c77dc16cd819183d4ef66a431cae7d0d8f50510af026d1c16d64d,1d64abc8839e31ee1a0615e19a3b3b1809ca5618,48.0,64.0,112.0,v_ridge_leverage,True,1752.0,597.0,0.019861991222931863,0.10196810465676975,-0.08210611343383789,0.13408875752209354,0.9142934186782811,-0.7802046611561875,0.33227510812381905,0.18029650890578827,0.8124366581004191,6.666446767397682,5.153194389428467,0.9871409207168715,0.14237012987012987,0.06477272727272727,reasoning_long_generation::reasoning_long_generation_1,0.01285907928312846,"(2.806, 16.063]",raw,,,,,,
mechanism_targeted_4bit_seed42_v1,mlx-community/Qwen2.5-1.5B-Instruct-4bit,reasoning_long_generation,reasoning_long_generation_2,42.0,cbda0763d81c77dc16cd819183d4ef66a431cae7d0d8f50510af026d1c16d64d,1d64abc8839e31ee1a0615e19a3b3b1809ca5618,0.0,1.0,1.0,v_ridge_leverage,True,11625.0,488.0,-0.025652449825724233,-0.02768468509050237,0.002032235264778137,0.0033980359729051312,0.003842303761091431,-0.0004442677881862996,0.14714173910518488,0.146105719730258,4.040094700640773,16.93194690563876,,0.9998819223306264,0.0051948051948051644,0.0,reasoning_long_generation::reasoning_long_generation_2,0.0001180776693735508,"(16.063, 53.945]",raw,,,,,,
mechanism_targeted_4bit_seed42_v1,mlx-community/Qwen2.5-1.5B-Instruct-4bit,reasoning_long_generation,reasoning_long_generation_2,42.0,cbda0763d81c77dc16cd819183d4ef66a431cae7d0d8f50510af026d1c16d64d,1d64abc8839e31ee1a0615e19a3b3b1809ca5618,0.0,8.0,8.0,v_ridge_leverage,True,1795.0,495.0,0.17989888078645322,0.08841242677644345,0.09148645401000977,0.0897515450851737,0.0172100961414546,0.07254144894371911,0.13172860940297446,0.09733777400106192,2.40716815206541,16.93194690563876,,0.9989125584190138,0.03555194805194805,0.0,reasoning_long_generation::reasoning_long_generation_2,0.0010874415809861704,"(16.063, 53.945]",raw,,,,,,
mechanism_targeted_4bit_seed42_v1,mlx-community/Qwen2.5-1.5B-Instruct-4bit,reasoning_long_generation,reasoning_long_generation_2,42.0,cbda0763d81c77dc16cd819183d4ef66a431cae7d0d8f50510af026d1c16d64d,1d64abc8839e31ee1a0615e19a3b3b1809ca5618,0.0,16.0,16.0,v_ridge_leverage,True,279.0,503.0,-0.001099835782902403,0.0008383861932586001,-0.0019382219761610031,0.00025286623007499793,0.0003676280852256304,-0.0001147618551506325,0.17156403698027134,0.14718173568447432,2.9512850202937777,22.904300094733994,,0.9979687986130671,0.06769480519480521,0.0,reasoning_long_generation::reasoning_long_generation_2,0.0020312013869329126,"(16.063, 53.945]",raw,,,,,,
mechanism_targeted_4bit_seed42_v1,mlx-community/Qwen2.5-1.5B-Instruct-4bit,reasoning_long_generation,reasoning_long_generation_2,42.0,cbda0763d81c77dc16cd819183d4ef66a431cae7d0d8f50510af026d1c16d64d,1d64abc8839e31ee1a0615e19a3b3b1809ca5618,0.0,24.0,24.0,v_ridge_leverage,True,21189.0,511.0,0.024014866140220192,-0.02290166339602706,0.04691652953624725,0.00365449858613551,0.00692221968283871,-0.0032677210967032005,0.321530157700181,0.33562464204927284,2.4291958782576493,22.904300094733994,,0.996662805207538,0.10259740259740259,0.0,reasoning_long_generation::reasoning_long_generation_2,0.0033371947924619727,"(16.063, 53.945]",raw,,,,,,
mechanism_targeted_4bit_seed42_v1,mlx-community/Qwen2.5-1.5B-Instruct-4bit,reasoning_long_generation,reasoning_long_generation_2,42.0,cbda0763d81c77dc16cd819183d4ef66a431cae7d0d8f50510af026d1c16d64d,1d64abc8839e31ee1a0615e19a3b3b1809ca5618,0.0,32.0,32.0,v_ridge_leverage,True,30339.0,519.0,-0.26468668678278817,0.10560395023350821,-0.3702906370162964,0.07652253901683272,0.005949080217394161,0.07057345879943855,0.19098980880031982,0.10555686987936497,2.1702506467128058,27.125718108590295,,0.9952264327317509,0.13555194805194806,0.0,reasoning_long_generation::reasoning_long_generation_2,0.004773567268249068,"(16.063, 53.945]",raw,,,,,,
mechanism_targeted_4bit_seed42_v1,mlx-community/Qwen2.5-1.5B-Instruct-4bit,reasoning_long_generation,reasoning_long_generation_2,42.0,cbda0763d81c77dc16cd819183d4ef66a431cae7d0d8f50510af026d1c16d64d,1d64abc8839e31ee1a0615e19a3b3b1809ca5618,0.0,40.0,40.0,v_ridge_leverage,True,17.0,527.0,0.022813730176469704,0.013593103971263787,0.009220626205205917,0.008781822102720634,0.003577158655242621,0.005204663447478013,0.2765247883896033,0.18184045453866324,2.6247677397464133,56.75947521358567,16.93194690563876,0.993774757296609,0.1633116883116883,0.02905844155844156,reasoning_long_generation::reasoning_long_generation_2,0.006225242703390976,"(53.945, 88.162]",raw,,,,,,
mechanism_targeted_4bit_seed42_v1,mlx-community/Qwen2.5-1.5B-Instruct-4bit,reasoning_long_generation,reasoning_long_generation_2,42.0,cbda0763d81c77dc16cd819183d4ef66a431cae7d0d8f50510af026d1c16d64d,1d64abc8839e31ee1a0615e19a3b3b1809ca5618,0.0,48.0,48.0,v_ridge_leverage,True,304.0,535.0,-0.030871399171207514,0.07065712618127051,-0.10152852535247803,0.13390881048066933,0.03356998792495071,0.10033882255571862,0.38919047514597577,0.29967738315463066,2.555273414283305,56.75947521358567,22.904300094733994,0.992330293943443,0.19334415584415582,0.060551948051948044,reasoning_long_generation::reasoning_long_generation_2,0.007669706056557035,"(53.945, 88.162]",raw,,,,,,
mechanism_targeted_4bit_seed42_v1,mlx-community/Qwen2.5-1.5B-Instruct-4bit,reasoning_long_generation,reasoning_long_generation_2,42.0,cbda0763d81c77dc16cd819183d4ef66a431cae7d0d8f50510af026d1c16d64d,1d64abc8839e31ee1a0615e19a3b3b1809ca5618,0.0,64.0,64.0,v_ridge_leverage,True,23316.0,551.0,-0.002985065506322826,0.064570112916158,-0.06755517842248082,0.001960892200844255,0.05235791096135675,-0.050397018760512495,0.31014569600423175,0.3588148523122072,2.2556336388484617,56.75947521358567,27.125718108590295,0.9881982298420225,0.23327922077922078,0.10113636363636365,reasoning_long_generation::reasoning_long_generation_2,0.011801770157977454,"(53.945, 88.162]",raw,,,,,,
mechanism_targeted_4bit_seed42_v1,mlx-community/Qwen2.5-1.5B-Instruct-4bit,reasoning_long_generation,reasoning_long_generation_2,42.0,cbda0763d81c77dc16cd819183d4ef66a431cae7d0d8f50510af026d1c16d64d,1d64abc8839e31ee1a0615e19a3b3b1809ca5618,16.0,1.0,17.0,v_ridge_leverage,True,2790.0,504.0,-0.017323430200001155,-0.007875527758976375,-0.00944790244102478,0.0008548722888092513,0.00036879034425840794,0.0004860819445508433,0.17037668420622745,0.17362910447021326,0.29495881619765335,0.6653301474989493,,0.9998777908714223,0.0055194805194804875,0.0,reasoning_long_generation::reasoning_long_generation_2,0.0001222091285777438,"(0.515, 2.806]",raw,,,,,,
mechanism_targeted_4bit_seed42_v1,mlx-community/Qwen2.5-1.5B-Instruct-4bit,reasoning_long_generation,reasoning_long_generation_2,42.0,cbda0763d81c77dc16cd819183d4ef66a431cae7d0d8f50510af026d1c16d64d,1d64abc8839e31ee1a0615e19a3b3b1809ca5618,16.0,8.0,24.0,v_ridge_leverage,True,21189.0,511.0,0.00039743461880448194,-0.02290166339602706,0.023299098014831543,0.0032902192118667377,0.00692221968283871,-0.0036320004709719726,0.3482113362600406,0.33562464204927284,0.9957722937657302,8.777238851335746,,0.99902948780936,0.03652597402597403,0.0,reasoning_long_generation::reasoning_long_generation_2,0.0009705121906400382,"(2.806, 16.063]",raw,,,,,,
mechanism_targeted_4bit_seed42_v1,mlx-community/Qwen2.5-1.5B-Instruct-4bit,reasoning_long_generation,reasoning_long_generation_2,42.0,cbda0763d81c77dc16cd819183d4ef66a431cae7d0d8f50510af026d1c16d64d,1d64abc8839e31ee1a0615e19a3b3b1809ca5618,16.0,16.0,32.0,v_ridge_leverage,True,30339.0,519.0,0.10900052091603385,0.10560395023350821,0.0033965706825256348,0.010266553265514178,0.005949080217394161,0.004317473048120017,0.1509714132795731,0.10555686987936497,0.9711434969148356,12.807280246239333,,0.9978532036140229,0.06980519480519483,0.0,reasoning_long_generation::reasoning_long_generation_2,0.0021467963859771455,"(2.806, 16.063]",raw,,,,,,
mechanism_targeted_4bit_seed42_v1,mlx-community/Qwen2.5-1.5B-Instruct-4bit,reasoning_long_generation,reasoning_long_generation_2,42.0,cbda0763d81c77dc16cd819183d4ef66a431cae7d0d8f50510af026d1c16d64d,1d64abc8839e31ee1a0615e19a3b3b1809ca5618,16.0,24.0,40.0,v_ridge_leverage,True,17.0,527.0,0.038726274158737084,0.013593103971263787,0.025133170187473297,0.018414310392560446,0.003577158655242621,0.014837151737317825,0.2540663505593936,0.18184045453866324,1.5237559945630748,26.484409723957707,,0.9968885555270109,0.09805194805194806,0.0,reasoning_long_generation::reasoning_long_generation_2,0.0031114444729890556,"(16.063, 53.945]",raw,,,,,,
mechanism_targeted_4bit_seed42_v1,mlx-community/Qwen2.5-1.5B-Instruct-4bit,reasoning_long_generation,reasoning_long_generation_2,42.0,cbda0763d81c77dc16cd819183d4ef66a431cae7d0d8f50510af026d1c16d64d,1d64abc8839e31ee1a0615e19a3b3b1809ca5618,16.0,32.0,48.0,v_ridge_leverage,True,304.0,535.0,0.03879096316590491,0.07065712618127051,-0.0318661630153656,0.11217148540094019,0.03356998792495071,0.07860149747598948,0.37396127233902615,0.29967738315463066,1.516232224939501,26.484409723957707,,0.9957814455665857,0.12840909090909092,0.0,reasoning_long_generation::reasoning_long_generation_2,0.0042185544334143454,"(16.063, 53.945]",raw,,,,,,
mechanism_targeted_4bit_seed42_v1,mlx-community/Qwen2.5-1.5B-Instruct-4bit,reasoning_long_generation,reasoning_long_generation_2,42.0,cbda0763d81c77dc16cd819183d4ef66a431cae7d0d8f50510af026d1c16d64d,1d64abc8839e31ee1a0615e19a3b3b1809ca5618,16.0,40.0,56.0,v_ridge_leverage,True,429.0,543.0,0.06671049058293477,0.03661610543584004,0.030094385147094727,0.027354155434190786,0.008116779931779823,0.01923737550241096,0.36702358163893223,0.18629346384356418,1.4079543330813167,26.484409723957707,8.777238851335746,0.9944914946936491,0.1525974025974026,0.025487012987012985,reasoning_long_generation::reasoning_long_generation_2,0.0055085053063509415,"(16.063, 53.945]",raw,,,,,,
mechanism_targeted_4bit_seed42_v1,mlx-community/Qwen2.5-1.5B-Instruct-4bit,reasoning_long_generation,reasoning_long_generation_2,42.0,cbda0763d81c77dc16cd819183d4ef66a431cae7d0d8f50510af026d1c16d64d,1d64abc8839e31ee1a0615e19a3b3b1809ca5618,16.0,48.0,64.0,v_ridge_leverage,True,23316.0,551.0,-0.0033727348144338976,0.064570112916158,-0.0679428477305919,0.0029418705555568484,0.05235791096135675,-0.0494160404057999,0.31315075419843197,0.3588148523122072,1.2759028451648076,26.484409723957707,12.807280246239333,0.992231922412383,0.16866883116883116,0.04188311688311689,reasoning_long_generation::reasoning_long_generation_2,0.007768077587616995,"(16.063, 53.945]",raw,,,,,,
mechanism_targeted_4bit_seed42_v1,mlx-community/Qwen2.5-1.5B-Instruct-4bit,reasoning_long_generation,reasoning_long_generation_2,42.0,cbda0763d81c77dc16cd819183d4ef66a431cae7d0d8f50510af026d1c16d64d,1d64abc8839e31ee1a0615e19a3b3b1809ca5618,16.0,64.0,80.0,v_ridge_leverage,True,23316.0,567.0,0.047284825002190445,0.02038790122174916,0.026896923780441284,0.024671618669009604,0.006534408490012199,0.018137210178997405,0.43336983366680215,0.28254868812382483,1.3333867997216966,26.484409723957707,26.484409723957707,0.9899204387462046,0.21493506493506495,0.09058441558441557,reasoning_long_generation::reasoning_long_generation_2,0.010079561253795388,"(16.063, 53.945]",raw,,,,,,
mechanism_targeted_4bit_seed42_v1,mlx-community/Qwen2.5-1.5B-Instruct-4bit,reasoning_long_generation,reasoning_long_generation_2,42.0,cbda0763d81c77dc16cd819183d4ef66a431cae7d0d8f50510af026d1c16d64d,1d64abc8839e31ee1a0615e19a3b3b1809ca5618,48.0,1.0,49.0,v_ridge_leverage,True,279.0,536.0,-0.04969394785956993,-0.05372366888122215,0.004029721021652222,0.020400752742637862,0.01962896099542714,0.0007717917472107212,0.1938326391391456,0.2272227016898493,0.26364556732960337,0.6076608025669241,,0.9999385078245888,0.003733766233766212,0.0,reasoning_long_generation::reasoning_long_generation_2,6.14921754111819e-05,"(0.515, 2.806]",raw,,,,,,
mechanism_targeted_4bit_seed42_v1,mlx-community/Qwen2.5-1.5B-Instruct-4bit,reasoning_long_generation,reasoning_long_generation_2,42.0,cbda0763d81c77dc16cd819183d4ef66a431cae7d0d8f50510af026d1c16d64d,1d64abc8839e31ee1a0615e19a3b3b1809ca5618,48.0,8.0,56.0,v_ridge_leverage,True,429.0,543.0,0.04240252435063496,0.03661610543584004,0.005786418914794922,0.011079810157860932,0.008116779931779823,0.002963030226081109,0.21689786047985157,0.18629346384356418,0.5815848826029729,2.7572654478519416,,0.9990780900507857,0.02711038961038961,0.0,reasoning_long_generation::reasoning_long_generation_2,0.0009219099492142613,"(0.515, 2.806]",raw,,,,,,
mechanism_targeted_4bit_seed42_v1,mlx-community/Qwen2.5-1.5B-Instruct-4bit,reasoning_long_generation,reasoning_long_generation_2,42.0,cbda0763d81c77dc16cd819183d4ef66a431cae7d0d8f50510af026d1c16d64d,1d64abc8839e31ee1a0615e19a3b3b1809ca5618,48.0,16.0,64.0,v_ridge_leverage,True,23316.0,551.0,0.0014249839060767044,0.064570112916158,-0.06314512901008129,0.0003229883468579721,0.05235791096135675,-0.05203492261449878,0.3649901996056239,0.3588148523122072,0.5129103766036095,2.7572654478519416,,0.9976202374427007,0.04383116883116884,0.0,reasoning_long_generation::reasoning_long_generation_2,0.0023797625572993253,"(0.515, 2.806]",raw,,,,,,
mechanism_targeted_4bit_seed42_v1,mlx-community/Qwen2.5-1.5B-Instruct-4bit,reasoning_long_generation,reasoning_long_generation_2,42.0,cbda0763d81c77dc16cd819183d4ef66a431cae7d0d8f50510af026d1c16d64d,1d64abc8839e31ee1a0615e19a3b3b1809ca5618,48.0,24.0,72.0,v_ridge_leverage,True,18.0,559.0,0.008623618791016696,-0.004682206390288712,0.013305825181305408,0.0028225023335313984,0.0017465438534682626,0.0010759584800631359,0.30067547659079236,0.3072937385489543,0.6289451661762988,5.336082891553152,,0.9968653264766798,0.0724025974025974,0.0,reasoning_long_generation::reasoning_long_generation_2,0.0031346735233201972,"(2.806, 16.063]",raw,,,,,,
mechanism_targeted_4bit_seed42_v1,mlx-community/Qwen2.5-1.5B-Instruct-4bit,reasoning_long_generation,reasoning_long_generation_2,42.0,cbda0763d81c77dc16cd819183d4ef66a431cae7d0d8f50510af026d1c16d64d,1d64abc8839e31ee1a0615e19a3b3b1809ca5618,48.0,32.0,80.0,v_ridge_leverage,True,23316.0,567.0,0.029434951250788544,0.02038790122174916,0.009047050029039383,0.015250425822078287,0.006534408490012199,0.00871601733206609,0.397266980920449,0.28254868812382483,0.6210275209119519,5.336082891553152,,0.9955053686032768,0.09172077922077923,0.0,reasoning_long_generation::reasoning_long_generation_2,0.0044946313967232365,"(2.806, 16.063]",raw,,,,,,
mechanism_targeted_4bit_seed42_v1,mlx-community/Qwen2.5-1.5B-Instruct-4bit,reasoning_long_generation,reasoning_long_generation_2,42.0,cbda0763d81c77dc16cd819183d4ef66a431cae7d0d8f50510af026d1c16d64d,1d64abc8839e31ee1a0615e19a3b3b1809ca5618,48.0,40.0,88.0,v_ridge_leverage,True,23316.0,575.0,0.0019815652417385365,0.00046989307928768653,0.00151167216245085,0.001122244294936428,0.00017039851151645695,0.000951845783419971,0.27794803773334326,0.22674022813710812,0.6570413197179981,5.336082891553152,2.7572654478519416,0.9945315959886913,0.1086038961038961,0.02126623376623377,reasoning_long_generation::reasoning_long_generation_2,0.0054684040113086585,"(2.806, 16.063]",raw,,,,,,
mechanism_targeted_4bit_seed42_v1,mlx-community/Qwen2.5-1.5B-Instruct-4bit,reasoning_long_generation,reasoning_long_generation_2,42.0,cbda0763d81c77dc16cd819183d4ef66a431cae7d0d8f50510af026d1c16d64d,1d64abc8839e31ee1a0615e19a3b3b1809ca5618,48.0,48.0,96.0,v_ridge_leverage,True,315.0,583.0,0.03394772064511997,0.00015934927960259415,0.03378837136551738,0.028122295045233475,6.318126710819855e-05,0.028059113778125276,0.3148071894732614,0.2065942018913726,0.6666328109822431,5.336082891553152,2.7572654478519416,0.9921069325459255,0.1168831168831169,0.029707792207792207,reasoning_long_generation::reasoning_long_generation_2,0.007893067454074476,"(2.806, 16.063]",raw,,,,,,
mechanism_targeted_4bit_seed42_v1,mlx-community/Qwen2.5-1.5B-Instruct-4bit,reasoning_long_generation,reasoning_long_generation_2,42.0,cbda0763d81c77dc16cd819183d4ef66a431cae7d0d8f50510af026d1c16d64d,1d64abc8839e31ee1a0615e19a3b3b1809ca5618,48.0,64.0,112.0,v_ridge_leverage,True,646.0,599.0,-0.08485046792920414,0.022763334026972615,-0.10761380195617676,0.05829510878973881,0.007996222271916306,0.0502988865178225,0.3811220203836759,0.2666560324529807,0.6241586078086991,5.336082891553152,5.336082891553152,0.9895242494169301,0.13165584415584414,0.06168831168831169,reasoning_long_generation::reasoning_long_generation_2,0.010475750583069932,"(2.806, 16.063]",raw,,,,,,
mechanism_targeted_4bit_seed42_v1,mlx-community/Qwen2.5-1.5B-Instruct-4bit,reasoning_long_generation,reasoning_long_generation_3,42.0,cbda0763d81c77dc16cd819183d4ef66a431cae7d0d8f50510af026d1c16d64d,1d64abc8839e31ee1a0615e19a3b3b1809ca5618,0.0,1.0,1.0,v_ridge_leverage,True,11625.0,498.0,-0.01532429495551213,-0.01865690985419377,0.0033326148986816406,0.00208983628295363,0.0028174286395391533,-0.0007275923565855233,0.13230810686945915,0.13124791781107584,3.8447410694989084,15.456893030824816,,0.9998852377721591,0.005519480519480492,0.0,reasoning_long_generation::reasoning_long_generation_3,0.00011476222784090329,"(2.806, 16.063]",raw,,,,,,
mechanism_targeted_4bit_seed42_v1,mlx-community/Qwen2.5-1.5B-Instruct-4bit,reasoning_long_generation,reasoning_long_generation_3,42.0,cbda0763d81c77dc16cd819183d4ef66a431cae7d0d8f50510af026d1c16d64d,1d64abc8839e31ee1a0615e19a3b3b1809ca5618,0.0,8.0,8.0,v_ridge_leverage,True,1795.0,505.0,0.20293061495963727,0.12368469000999127,0.079245924949646,0.07612832615558514,0.007817136280684705,0.06831118987490044,0.13391437319417795,0.09058989615490039,2.3345195460704065,15.456893030824816,,0.9992330169932488,0.03425324675324676,0.0,reasoning_long_generation::reasoning_long_generation_3,0.000766983006751154,"(2.806, 16.063]",raw,,,,,,
mechanism_targeted_4bit_seed42_v1,mlx-community/Qwen2.5-1.5B-Instruct-4bit,reasoning_long_generation,reasoning_long_generation_3,42.0,cbda0763d81c77dc16cd819183d4ef66a431cae7d0d8f50510af026d1c16d64d,1d64abc8839e31ee1a0615e19a3b3b1809ca5618,0.0,16.0,16.0,v_ridge_leverage,True,279.0,513.0,-0.002900934008106759,-0.0014881791297050029,-0.0014127548784017563,0.001082556778325762,0.0005837615131741355,0.0004987952651516266,0.15257250517606735,0.1315523919959863,2.930054099174427,23.589936574466137,,0.9984701210565031,0.06737012987012989,0.0,reasoning_long_generation::reasoning_long_generation_3,0.0015298789434968763,"(16.063, 53.945]",raw,,,,,,
mechanism_targeted_4bit_seed42_v1,mlx-community/Qwen2.5-1.5B-Instruct-4bit,reasoning_long_generation,reasoning_long_generation_3,42.0,cbda0763d81c77dc16cd819183d4ef66a431cae7d0d8f50510af026d1c16d64d,1d64abc8839e31ee1a0615e19a3b3b1809ca5618,0.0,24.0,24.0,v_ridge_leverage,True,21189.0,521.0,0.00741895741553833,-0.022689740296883087,0.030108697712421417,0.003595687931108752,0.005842098634013858,-0.0022464107029051064,0.30119843160112697,0.2848963824411233,2.393281095760824,23.589936574466137,,0.9972587653257179,0.10243506493506495,0.0,reasoning_long_generation::reasoning_long_generation_3,0.0027412346742821114,"(16.063, 53.945]",raw,,,,,,
mechanism_targeted_4bit_seed42_v1,mlx-community/Qwen2.5-1.5B-Instruct-4bit,reasoning_long_generation,reasoning_long_generation_3,42.0,cbda0763d81c77dc16cd819183d4ef66a431cae7d0d8f50510af026d1c16d64d,1d64abc8839e31ee1a0615e19a3b3b1809ca5618,0.0,32.0,32.0,v_ridge_leverage,True,30339.0,529.0,-0.2372631330827133,0.13585485025850375,-0.37311798334121704,0.07484794320469113,0.006857108303080264,0.06799083490161086,0.199530982101957,0.10399987362325191,2.1587521458013534,27.900235354198642,,0.9960069615538673,0.13506493506493508,0.0,reasoning_long_generation::reasoning_long_generation_3,0.003993038446132746,"(16.063, 53.945]",raw,,,,,,
mechanism_targeted_4bit_seed42_v1,mlx-community/Qwen2.5-1.5B-Instruct-4bit,reasoning_long_generation,reasoning_long_generation_3,42.0,cbda0763d81c77dc16cd819183d4ef66a431cae7d0d8f50510af026d1c16d64d,1d64abc8839e31ee1a0615e19a3b3b1809ca5618,0.0,40.0,40.0,v_ridge_leverage,True,382.0,537.0,-0.14662387371609853,-0.044381761556369526,-0.102242112159729,0.01802796150049863,0.006800720893247975,0.011227240607250655,0.3090248890221119,0.15755251981317997,2.713687475301558,61.5070774405126,15.456893030824816,0.9946213889512376,0.16347402597402594,0.02922077922077922,reasoning_long_generation::reasoning_long_generation_3,0.005378611048762361,"(53.945, 88.162]",raw,,,,,,
mechanism_targeted_4bit_seed42_v1,mlx-community/Qwen2.5-1.5B-Instruct-4bit,reasoning_long_generation,reasoning_long_generation_3,42.0,cbda0763d81c77dc16cd819183d4ef66a431cae7d0d8f50510af026d1c16d64d,1d64abc8839e31ee1a0615e19a3b3b1809ca5618,0.0,48.0,48.0,v_ridge_leverage,True,23316.0,545.0,0.9549183517453912,0.4982666641233209,0.4566516876220703,0.6421394059775505,0.24097363847982822,0.40116576749772226,0.21404243410991816,0.20912916259112535,2.6054723767999697,61.5070774405126,23.589936574466137,0.993399314437834,0.19237012987012986,0.05957792207792208,reasoning_long_generation::reasoning_long_generation_3,0.0066006855621659755,"(53.945, 88.162]",raw,,,,,,
mechanism_targeted_4bit_seed42_v1,mlx-community/Qwen2.5-1.5B-Instruct-4bit,reasoning_long_generation,reasoning_long_generation_3,42.0,cbda0763d81c77dc16cd819183d4ef66a431cae7d0d8f50510af026d1c16d64d,1d64abc8839e31ee1a0615e19a3b3b1809ca5618,0.0,64.0,64.0,v_ridge_leverage,True,23316.0,561.0,-0.0071867149121445095,-0.005695741975991098,-0.0014909729361534119,0.0030549546489998507,0.002367439015834815,0.0006875156331650357,0.3210674375295639,0.3748279754072428,2.2808536351658213,61.5070774405126,27.900235354198642,0.9900008206670314,0.23603896103896102,0.10422077922077921,reasoning_long_generation::reasoning_long_generation_3,0.009999179332968566,"(53.945, 88.162]",raw,,,,,,
mechanism_targeted_4bit_seed42_v1,mlx-community/Qwen2.5-1.5B-Instruct-4bit,reasoning_long_generation,reasoning_long_generation_3,42.0,cbda0763d81c77dc16cd819183d4ef66a431cae7d0d8f50510af026d1c16d64d,1d64abc8839e31ee1a0615e19a3b3b1809ca5618,16.0,1.0,17.0,v_ridge_leverage,True,2790.0,514.0,-0.005929961627220592,-0.010484203522896252,0.004554241895675659,0.0015500654559827748,0.0009041361796580281,0.0006459292763247467,0.14252641998852292,0.14615797251462936,0.2903809497511878,0.7322749192869714,,0.9998671147783044,0.005681818181818149,0.0,reasoning_long_generation::reasoning_long_generation_3,0.00013288522169563333,"(0.515, 2.806]",raw,,,,,,
mechanism_targeted_4bit_seed42_v1,mlx-community/Qwen2.5-1.5B-Instruct-4bit,reasoning_long_generation,reasoning_long_generation_3,42.0,cbda0763d81c77dc16cd819183d4ef66a431cae7d0d8f50510af026d1c16d64d,1d64abc8839e31ee1a0615e19a3b3b1809ca5618,16.0,8.0,24.0,v_ridge_leverage,True,21189.0,521.0,-0.00953944319157074,-0.022689740296883087,0.013150297105312347,0.0025428794988993485,0.005842098634013858,-0.00329921913511451,0.29062014631927013,0.2848963824411233,1.003290172132009,8.795975166170017,,0.9990643010399646,0.03701298701298703,0.0,reasoning_long_generation::reasoning_long_generation_3,0.0009356989600354249,"(2.806, 16.063]",raw,,,,,,
mechanism_targeted_4bit_seed42_v1,mlx-community/Qwen2.5-1.5B-Instruct-4bit,reasoning_long_generation,reasoning_long_generation_3,42.0,cbda0763d81c77dc16cd819183d4ef66a431cae7d0d8f50510af026d1c16d64d,1d64abc8839e31ee1a0615e19a3b3b1809ca5618,16.0,16.0,32.0,v_ridge_leverage,True,30339.0,529.0,0.0019481877943618997,0.13585485025850375,-0.13390666246414185,0.0025418469107293578,0.006857108303080264,-0.004315261392350906,0.13867836135129133,0.10399987362325191,0.9802174348101285,12.060745662553296,,0.9980118630216426,0.0694805194805195,0.0,reasoning_long_generation::reasoning_long_generation_3,0.0019881369783574243,"(2.806, 16.063]",raw,,,,,,
mechanism_targeted_4bit_seed42_v1,mlx-community/Qwen2.5-1.5B-Instruct-4bit,reasoning_long_generation,reasoning_long_generation_3,42.0,cbda0763d81c77dc16cd819183d4ef66a431cae7d0d8f50510af026d1c16d64d,1d64abc8839e31ee1a0615e19a3b3b1809ca5618,16.0,24.0,40.0,v_ridge_leverage,True,382.0,537.0,-0.09013148546765493,-0.044381761556369526,-0.0457497239112854,0.009109698943399837,0.006800720893247975,0.0023089780501518616,0.22530204989016056,0.15755251981317997,1.6459731614538278,27.132945483472845,,0.9970451319983932,0.09837662337662338,0.0,reasoning_long_generation::reasoning_long_generation_3,0.002954868001606825,"(16.063, 53.945]",raw,,,,,,
mechanism_targeted_4bit_seed42_v1,mlx-community/Qwen2.5-1.5B-Instruct-4bit,reasoning_long_generation,reasoning_long_generation_3,42.0,cbda0763d81c77dc16cd819183d4ef66a431cae7d0d8f50510af026d1c16d64d,1d64abc8839e31ee1a0615e19a3b3b1809ca5618,16.0,32.0,48.0,v_ridge_leverage,True,23316.0,545.0,1.0975376039502862,0.4982666641233209,0.5992709398269653,0.7444692220351521,0.24097363847982822,0.5034955835553239,0.207334202553587,0.20912916259112535,1.6109263441059394,27.132945483472845,,0.9961295541186787,0.1277597402597403,0.0,reasoning_long_generation::reasoning_long_generation_3,0.0038704458813213494,"(16.063, 53.945]",raw,,,,,,
mechanism_targeted_4bit_seed42_v1,mlx-community/Qwen2.5-1.5B-Instruct-4bit,reasoning_long_generation,reasoning_long_generation_3,42.0,cbda0763d81c77dc16cd819183d4ef66a431cae7d0d8f50510af026d1c16d64d,1d64abc8839e31ee1a0615e19a3b3b1809ca5618,16.0,40.0,56.0,v_ridge_leverage,True,5302.0,553.0,-0.03421278860851373,0.02674586880520735,-0.060958657413721085,0.014223916880117411,0.0037913991971075273,0.010432517683009884,0.37202566349878907,0.20550884399563074,1.456978052133503,27.132945483472845,8.795975166170017,0.9950016020729073,0.15227272727272725,0.02581168831168831,reasoning_long_generation::reasoning_long_generation_3,0.004998397927092668,"(16.063, 53.945]",raw,,,,,,
mechanism_targeted_4bit_seed42_v1,mlx-community/Qwen2.5-1.5B-Instruct-4bit,reasoning_long_generation,reasoning_long_generation_3,42.0,cbda0763d81c77dc16cd819183d4ef66a431cae7d0d8f50510af026d1c16d64d,1d64abc8839e31ee1a0615e19a3b3b1809ca5618,16.0,48.0,64.0,v_ridge_leverage,True,23316.0,561.0,-0.009294422695724336,-0.005695741975991098,-0.0035986807197332382,0.004986708952407914,0.002367439015834815,0.002619269936573099,0.3487888028224309,0.3748279754072428,1.3487413108621016,27.132945483472845,12.060745662553296,0.9931568020900512,0.17142857142857146,0.04561688311688312,reasoning_long_generation::reasoning_long_generation_3,0.006843197909948806,"(16.063, 53.945]",raw,,,,,,
mechanism_targeted_4bit_seed42_v1,mlx-community/Qwen2.5-1.5B-Instruct-4bit,reasoning_long_generation,reasoning_long_generation_3,42.0,cbda0763d81c77dc16cd819183d4ef66a431cae7d0d8f50510af026d1c16d64d,1d64abc8839e31ee1a0615e19a3b3b1809ca5618,16.0,64.0,80.0,v_ridge_leverage,True,23316.0,577.0,-0.007098704425025915,0.013473000528883006,-0.02057170495390892,0.007919511929042037,0.004402143106561459,0.0035173688224805775,0.35052845685459033,0.27622826739964995,1.4021971609820074,27.132945483472845,27.132945483472845,0.9913994816118122,0.21883116883116882,0.09496753246753246,reasoning_long_generation::reasoning_long_generation_3,0.008600518388187761,"(16.063, 53.945]",raw,,,,,,
mechanism_targeted_4bit_seed42_v1,mlx-community/Qwen2.5-1.5B-Instruct-4bit,reasoning_long_generation,reasoning_long_generation_3,42.0,cbda0763d81c77dc16cd819183d4ef66a431cae7d0d8f50510af026d1c16d64d,1d64abc8839e31ee1a0615e19a3b3b1809ca5618,48.0,1.0,49.0,v_ridge_leverage,True,304.0,546.0,-0.0875858195889343,-0.10050788305882108,0.01292206346988678,0.022868669011151206,0.0331611670691083,-0.010292498057957095,0.25454180501401424,0.25510904751718044,0.39504784467917037,0.6070705571693669,,0.9999431362951049,0.003084415584415567,0.0,reasoning_long_generation::reasoning_long_generation_3,5.686370489510484e-05,"(0.515, 2.806]",raw,,,,,,
mechanism_targeted_4bit_seed42_v1,mlx-community/Qwen2.5-1.5B-Instruct-4bit,reasoning_long_generation,reasoning_long_generation_3,42.0,cbda0763d81c77dc16cd819183d4ef66a431cae7d0d8f50510af026d1c16d64d,1d64abc8839e31ee1a0615e19a3b3b1809ca5618,48.0,8.0,56.0,v_ridge_leverage,True,5302.0,553.0,0.0026805977852717433,0.02674586880520735,-0.024065271019935608,0.001128037577842792,0.0037913991971075273,-0.0026633616192647354,0.2234179419465363,0.20550884399563074,0.49963430267190007,2.6016227981080173,,0.9991342351444562,0.026623376623376615,0.0,reasoning_long_generation::reasoning_long_generation_3,0.0008657648555437936,"(0.515, 2.806]",raw,,,,,,
mechanism_targeted_4bit_seed42_v1,mlx-community/Qwen2.5-1.5B-Instruct-4bit,reasoning_long_generation,reasoning_long_generation_3,42.0,cbda0763d81c77dc16cd819183d4ef66a431cae7d0d8f50510af026d1c16d64d,1d64abc8839e31ee1a0615e19a3b3b1809ca5618,48.0,16.0,64.0,v_ridge_leverage,True,23316.0,561.0,-0.010881495548723308,-0.005695741975991098,-0.00518575357273221,0.007436640869309959,0.002367439015834815,0.005069201853475144,0.3938234020024538,0.3748279754072428,0.5364958656253084,2.8387635213972264,,0.99785810531247,0.04740259740259741,0.0,reasoning_long_generation::reasoning_long_generation_3,0.0021418946875300104,"(2.806, 16.063]",raw,,,,,,
mechanism_targeted_4bit_seed42_v1,mlx-community/Qwen2.5-1.5B-Instruct-4bit,reasoning_long_generation,reasoning_long_generation_3,42.0,cbda0763d81c77dc16cd819183d4ef66a431cae7d0d8f50510af026d1c16d64d,1d64abc8839e31ee1a0615e19a3b3b1809ca5618,48.0,24.0,72.0,v_ridge_leverage,True,18.0,569.0,-0.007674744364070563,-0.009966337133395342,0.0022915927693247795,0.004938422530748672,0.004672480817681474,0.00026594171306719774,0.3010588213801384,0.2494193303088347,0.6486819041819393,5.31100443295804,,0.99730208912736,0.07629870129870131,0.0,reasoning_long_generation::reasoning_long_generation_3,0.0026979108726400414,"(2.806, 16.063]",raw,,,,,,
mechanism_targeted_4bit_seed42_v1,mlx-community/Qwen2.5-1.5B-Instruct-4bit,reasoning_long_generation,reasoning_long_generation_3,42.0,cbda0763d81c77dc16cd819183d4ef66a431cae7d0d8f50510af026d1c16d64d,1d64abc8839e31ee1a0615e19a3b3b1809ca5618,48.0,32.0,80.0,v_ridge_leverage,True,23316.0,577.0,0.0432145783329716,0.013473000528883006,0.029741577804088593,0.029452273834842724,0.004402143106561459,0.025050130728281265,0.3360934934610971,0.27622826739964995,0.6424963592357008,5.31100443295804,,0.9962167966072001,0.09512987012987013,0.0,reasoning_long_generation::reasoning_long_generation_3,0.0037832033927999165,"(2.806, 16.063]",raw,,,,,,
mechanism_targeted_4bit_seed42_v1,mlx-community/Qwen2.5-1.5B-Instruct-4bit,reasoning_long_generation,reasoning_long_generation_3,42.0,cbda0763d81c77dc16cd819183d4ef66a431cae7d0d8f50510af026d1c16d64d,1d64abc8839e31ee1a0615e19a3b3b1809ca5618,48.0,40.0,88.0,v_ridge_leverage,True,23316.0,585.0,0.0013388853358868857,0.001040673519188573,0.00029821181669831276,0.0006679341543737609,0.0004181194891778519,0.00024981466519590894,0.29250703461927213,0.20396026562032907,0.6759650709465075,5.31100443295804,2.6016227981080173,0.9952776695408113,0.11103896103896103,0.02012987012987013,reasoning_long_generation::reasoning_long_generation_3,0.004722330459188684,"(2.806, 16.063]",raw,,,,,,
mechanism_targeted_4bit_seed42_v1,mlx-community/Qwen2.5-1.5B-Instruct-4bit,reasoning_long_generation,reasoning_long_generation_3,42.0,cbda0763d81c77dc16cd819183d4ef66a431cae7d0d8f50510af026d1c16d64d,1d64abc8839e31ee1a0615e19a3b3b1809ca5618,48.0,48.0,96.0,v_ridge_leverage,True,315.0,593.0,0.021127367036193334,2.3478518947683824e-05,0.02110388851724565,0.015330531471000625,7.074080070266399e-05,0.015259790670297962,0.29882741284867126,0.20969494944438338,0.6873411000917823,5.31100443295804,2.8387635213972264,0.9936164095212318,0.12077922077922076,0.031818181818181815,reasoning_long_generation::reasoning_long_generation_3,0.006383590478768242,"(2.806, 16.063]",raw,,,,,,
mechanism_targeted_4bit_seed42_v1,mlx-community/Qwen2.5-1.5B-Instruct-4bit,reasoning_long_generation,reasoning_long_generation_3,42.0,cbda0763d81c77dc16cd819183d4ef66a431cae7d0d8f50510af026d1c16d64d,1d64abc8839e31ee1a0615e19a3b3b1809ca5618,48.0,64.0,112.0,v_ridge_leverage,True,646.0,609.0,0.02259588958331804,0.04797077895709734,-0.025374889373779297,0.05677865844083417,0.01304087901648184,0.04373777942435233,0.3946744042138259,0.2714780606329441,0.6445323491750018,5.31100443295804,5.31100443295804,0.9916541905916725,0.13522727272727272,0.06266233766233767,reasoning_long_generation::reasoning_long_generation_3,0.00834580940832752,"(2.806, 16.063]",raw,,,,,,
mechanism_targeted_4bit_seed42_v1,mlx-community/Qwen2.5-1.5B-Instruct-4bit,reasoning_long_generation,reasoning_long_generation_4,42.0,cbda0763d81c77dc16cd819183d4ef66a431cae7d0d8f50510af026d1c16d64d,1d64abc8839e31ee1a0615e19a3b3b1809ca5618,0.0,1.0,1.0,v_ridge_leverage,True,11625.0,496.0,-0.016092225517915892,-0.021759643759416747,0.0056674182415008545,0.001867517453997919,0.0026149716242063947,-0.0007474541702084756,0.1501868267854055,0.14813390467315912,3.8146017822522413,16.06322423644221,,0.9999166740238821,0.00535714285714283,0.0,reasoning_long_generation::reasoning_long_generation_4,8.332597611793169e-05,"(2.806, 16.063]",raw,,,,,,
mechanism_targeted_4bit_seed42_v1,mlx-community/Qwen2.5-1.5B-Instruct-4bit,reasoning_long_generation,reasoning_long_generation_4,42.0,cbda0763d81c77dc16cd819183d4ef66a431cae7d0d8f50510af026d1c16d64d,1d64abc8839e31ee1a0615e19a3b3b1809ca5618,0.0,8.0,8.0,v_ridge_leverage,True,1795.0,503.0,0.15624792358948625,0.040097305989998944,0.1161506175994873,0.07094747669659439,0.009326103878214411,0.061621372818379976,0.14508058254917464,0.10168351698666811,2.2381407626356675,16.06322423644221,,0.9988018795018252,0.03717532467532468,0.0,reasoning_long_generation::reasoning_long_generation_4,0.001198120498174804,"(2.806, 16.063]",raw,,,,,,
mechanism_targeted_4bit_seed42_v1,mlx-community/Qwen2.5-1.5B-Instruct-4bit,reasoning_long_generation,reasoning_long_generation_4,42.0,cbda0763d81c77dc16cd819183d4ef66a431cae7d0d8f50510af026d1c16d64d,1d64abc8839e31ee1a0615e19a3b3b1809ca5618,0.0,16.0,16.0,v_ridge_leverage,True,279.0,511.0,0.0019569366847349556,-0.00017287324618564526,0.002129809930920601,0.0003618550262307296,0.00019709211090543442,0.0001647629153252952,0.16968086237708727,0.13734076327333847,2.7224828058764934,16.06322423644221,,0.9976932973789168,0.06899350649350652,0.0,reasoning_long_generation::reasoning_long_generation_4,0.002306702621083234,"(2.806, 16.063]",raw,,,,,,
mechanism_targeted_4bit_seed42_v1,mlx-community/Qwen2.5-1.5B-Instruct-4bit,reasoning_long_generation,reasoning_long_generation_4,42.0,cbda0763d81c77dc16cd819183d4ef66a431cae7d0d8f50510af026d1c16d64d,1d64abc8839e31ee1a0615e19a3b3b1809ca5618,0.0,24.0,24.0,v_ridge_leverage,True,21189.0,519.0,-0.005264342403474842,-0.02547541317946056,0.020211070775985718,0.0027297051696518037,0.014140206574145532,-0.011410501404493728,0.3742600108186404,0.3653781209141016,2.2562787157664275,16.06322423644221,,0.9961690251247223,0.10422077922077924,0.0,reasoning_long_generation::reasoning_long_generation_4,0.003830974875277726,"(2.806, 16.063]",raw,,,,,,
mechanism_targeted_4bit_seed42_v1,mlx-community/Qwen2.5-1.5B-Instruct-4bit,reasoning_long_generation,reasoning_long_generation_4,42.0,cbda0763d81c77dc16cd819183d4ef66a431cae7d0d8f50510af026d1c16d64d,1d64abc8839e31ee1a0615e19a3b3b1809ca5618,0.0,32.0,32.0,v_ridge_leverage,True,5107.0,527.0,-0.001173057203477157,0.00033329512801216765,-0.0015063523314893246,0.0002137393414674175,2.0957420145936436e-05,0.00019278192132148107,0.16668216697871685,0.1587453903630376,1.8046631015736556,16.06322423644221,,0.9947716407597745,0.13733766233766234,0.0,reasoning_long_generation::reasoning_long_generation_4,0.005228359240225466,"(2.806, 16.063]",raw,,,,,,
mechanism_targeted_4bit_seed42_v1,mlx-community/Qwen2.5-1.5B-Instruct-4bit,reasoning_long_generation,reasoning_long_generation_4,42.0,cbda0763d81c77dc16cd819183d4ef66a431cae7d0d8f50510af026d1c16d64d,1d64abc8839e31ee1a0615e19a3b3b1809ca5618,0.0,40.0,40.0,v_ridge_leverage,True,2055.0,535.0,-0.1864119914033573,-0.03249765901352575,-0.15391433238983154,0.027470979732754853,0.004044003779625204,0.023426975953129647,0.17066686103741327,0.10455745675911506,1.5311312373532042,16.06322423644221,16.06322423644221,0.9932838904878711,0.16574675324675323,0.029707792207792207,reasoning_long_generation::reasoning_long_generation_4,0.006716109512128865,"(2.806, 16.063]",raw,,,,,,
mechanism_targeted_4bit_seed42_v1,mlx-community/Qwen2.5-1.5B-Instruct-4bit,reasoning_long_generation,reasoning_long_generation_4,42.0,cbda0763d81c77dc16cd819183d4ef66a431cae7d0d8f50510af026d1c16d64d,1d64abc8839e31ee1a0615e19a3b3b1809ca5618,0.0,48.0,48.0,v_ridge_leverage,True,510.0,543.0,0.9671092827679928,0.011858304298144162,0.9552509784698486,0.34709382405316663,0.0020637638862280993,0.34503006016693855,0.19418544818957648,0.12603576784022152,1.5890156913513727,16.06322423644221,16.06322423644221,0.9917080037341205,0.19545454545454546,0.06103896103896104,reasoning_long_generation::reasoning_long_generation_4,0.008291996265879509,"(2.806, 16.063]",raw,,,,,,
mechanism_targeted_4bit_seed42_v1,mlx-community/Qwen2.5-1.5B-Instruct-4bit,reasoning_long_generation,reasoning_long_generation_4,42.0,cbda0763d81c77dc16cd819183d4ef66a431cae7d0d8f50510af026d1c16d64d,1d64abc8839e31ee1a0615e19a3b3b1809ca5618,0.0,64.0,64.0,v_ridge_leverage,True,17.0,559.0,3.642449690488547e-05,-4.342842764515353e-06,4.0767339669400826e-05,1.1188028910669586e-05,4.959804851964277e-07,1.0692048425473159e-05,0.2663699270536502,0.1978704153249661,1.7305450020235493,20.238770832516128,16.06322423644221,0.9870639554634837,0.23896103896103896,0.10600649350649351,reasoning_long_generation::reasoning_long_generation_4,0.012936044536516311,"(16.063, 53.945]",raw,,,,,,
mechanism_targeted_4bit_seed42_v1,mlx-community/Qwen2.5-1.5B-Instruct-4bit,reasoning_long_generation,reasoning_long_generation_4,42.0,cbda0763d81c77dc16cd819183d4ef66a431cae7d0d8f50510af026d1c16d64d,1d64abc8839e31ee1a0615e19a3b3b1809ca5618,16.0,1.0,17.0,v_ridge_leverage,True,2790.0,512.0,0.10121867091802272,0.09979763658193264,0.0014210343360900879,0.011118487618794387,0.008816123761674812,0.002302363857119575,0.17355845356360078,0.17773835407570004,0.2847244915020665,0.6989317458566761,,0.9998985033276909,0.005844155844155818,0.0,reasoning_long_generation::reasoning_long_generation_4,0.000101496672309076,"(0.515, 2.806]",raw,,,,,,
mechanism_targeted_4bit_seed42_v1,mlx-community/Qwen2.5-1.5B-Instruct-4bit,reasoning_long_generation,reasoning_long_generation_4,42.0,cbda0763d81c77dc16cd819183d4ef66a431cae7d0d8f50510af026d1c16d64d,1d64abc8839e31ee1a0615e19a3b3b1809ca5618,16.0,8.0,24.0,v_ridge_leverage,True,21189.0,519.0,0.002532012188371624,-0.02547541317946056,0.028007425367832184,0.0032902880234530678,0.014140206574145532,-0.010849918550692464,0.3691922705620527,0.3653781209141016,0.9506366105639513,7.165281238870433,,0.9990084293424897,0.03798701298701299,0.0,reasoning_long_generation::reasoning_long_generation_4,0.0009915706575103211,"(2.806, 16.063]",raw,,,,,,
mechanism_targeted_4bit_seed42_v1,mlx-community/Qwen2.5-1.5B-Instruct-4bit,reasoning_long_generation,reasoning_long_generation_4,42.0,cbda0763d81c77dc16cd819183d4ef66a431cae7d0d8f50510af026d1c16d64d,1d64abc8839e31ee1a0615e19a3b3b1809ca5618,16.0,16.0,32.0,v_ridge_leverage,True,5107.0,527.0,-0.0011734139000232346,0.00033329512801216765,-0.0015067090280354023,0.0002176466855840437,2.0957420145936436e-05,0.00019668926543810726,0.1749292906994621,0.1587453903630376,0.6843342698152401,7.165281238870433,,0.9979438677680929,0.07012987012987015,0.0,reasoning_long_generation::reasoning_long_generation_4,0.0020561322319071484,"(2.806, 16.063]",raw,,,,,,
mechanism_targeted_4bit_seed42_v1,mlx-community/Qwen2.5-1.5B-Instruct-4bit,reasoning_long_generation,reasoning_long_generation_4,42.0,cbda0763d81c77dc16cd819183d4ef66a431cae7d0d8f50510af026d1c16d64d,1d64abc8839e31ee1a0615e19a3b3b1809ca5618,16.0,24.0,40.0,v_ridge_leverage,True,2055.0,535.0,-0.029064312265173697,-0.03249765901352575,0.0034333467483520508,0.021556066380831133,0.004044003779625204,0.017512062601205927,0.1588930015762647,0.10455745675911506,0.5929759970922658,7.165281238870433,,0.9969085208691683,0.09983766233766235,0.0,reasoning_long_generation::reasoning_long_generation_4,0.0030914791308317424,"(2.806, 16.063]",raw,,,,,,
mechanism_targeted_4bit_seed42_v1,mlx-community/Qwen2.5-1.5B-Instruct-4bit,reasoning_long_generation,reasoning_long_generation_4,42.0,cbda0763d81c77dc16cd819183d4ef66a431cae7d0d8f50510af026d1c16d64d,1d64abc8839e31ee1a0615e19a3b3b1809ca5618,16.0,32.0,48.0,v_ridge_leverage,True,510.0,543.0,0.6285706360699947,0.011858304298144162,0.6167123317718506,0.20688966103081102,0.0020637638862280993,0.20482589714458294,0.17353980305294195,0.12603576784022152,0.7976341938365138,10.93789006614444,,0.9957503876287663,0.1303571428571429,0.0,reasoning_long_generation::reasoning_long_generation_4,0.004249612371233669,"(2.806, 16.063]",raw,,,,,,
mechanism_targeted_4bit_seed42_v1,mlx-community/Qwen2.5-1.5B-Instruct-4bit,reasoning_long_generation,reasoning_long_generation_4,42.0,cbda0763d81c77dc16cd819183d4ef66a431cae7d0d8f50510af026d1c16d64d,1d64abc8839e31ee1a0615e19a3b3b1809ca5618,16.0,40.0,56.0,v_ridge_leverage,True,488.0,551.0,-0.00951604735515943,-0.0058854207577176965,-0.003630626597441733,0.015555739237613745,0.002739071281695484,0.012816667955918262,0.18193546868860722,0.11988506062577169,0.9379949932981461,10.93789006614444,7.165281238870433,0.9945404034896116,0.15551948051948047,0.026785714285714284,reasoning_long_generation::reasoning_long_generation_4,0.005459596510388409,"(2.806, 16.063]",raw,,,,,,
mechanism_targeted_4bit_seed42_v1,mlx-community/Qwen2.5-1.5B-Instruct-4bit,reasoning_long_generation,reasoning_long_generation_4,42.0,cbda0763d81c77dc16cd819183d4ef66a431cae7d0d8f50510af026d1c16d64d,1d64abc8839e31ee1a0615e19a3b3b1809ca5618,16.0,48.0,64.0,v_ridge_leverage,True,17.0,559.0,3.8689298783367576e-05,-4.342842764515353e-06,4.303214154788293e-05,1.2351220730501445e-05,4.959804851964277e-07,1.1855240245305018e-05,0.27194313953320187,0.1978704153249661,1.0375680775483542,11.884223430553705,7.165281238870433,0.9919886201207786,0.17467532467532468,0.04659090909090909,reasoning_long_generation::reasoning_long_generation_4,0.008011379879221403,"(2.806, 16.063]",raw,,,,,,
mechanism_targeted_4bit_seed42_v1,mlx-community/Qwen2.5-1.5B-Instruct-4bit,reasoning_long_generation,reasoning_long_generation_4,42.0,cbda0763d81c77dc16cd819183d4ef66a431cae7d0d8f50510af026d1c16d64d,1d64abc8839e31ee1a0615e19a3b3b1809ca5618,16.0,64.0,80.0,v_ridge_leverage,True,17717.0,575.0,0.27524245686307225,0.024879062245037886,0.25036339461803436,0.24647222670185887,0.01472414090413741,0.23174808579772146,0.6980212914446989,0.2861229131619136,1.143518521466676,11.884223430553705,10.93789006614444,0.9870530533017078,0.20064935064935066,0.07256493506493507,reasoning_long_generation::reasoning_long_generation_4,0.012946946698292217,"(2.806, 16.063]",raw,,,,,,
mechanism_targeted_4bit_seed42_v1,mlx-community/Qwen2.5-1.5B-Instruct-4bit,reasoning_long_generation,reasoning_long_generation_4,42.0,cbda0763d81c77dc16cd819183d4ef66a431cae7d0d8f50510af026d1c16d64d,1d64abc8839e31ee1a0615e19a3b3b1809ca5618,48.0,1.0,49.0,v_ridge_leverage,True,256.0,544.0,-0.020194010482441627,-0.020288103864800178,9.409338235855103e-05,0.004509022869920886,0.004466061499849617,4.296137007126898e-05,0.19344377859185138,0.1953880942116181,0.5712858865025287,0.7635922166475456,,0.9999350384934234,0.003733766233766212,0.0,reasoning_long_generation::reasoning_long_generation_4,6.496150657664401e-05,"(0.515, 2.806]",raw,,,,,,
mechanism_targeted_4bit_seed42_v1,mlx-community/Qwen2.5-1.5B-Instruct-4bit,reasoning_long_generation,reasoning_long_generation_4,42.0,cbda0763d81c77dc16cd819183d4ef66a431cae7d0d8f50510af026d1c16d64d,1d64abc8839e31ee1a0615e19a3b3b1809ca5618,48.0,8.0,56.0,v_ridge_leverage,True,488.0,551.0,-0.008019696613214222,-0.0058854207577176965,-0.0021342758554965258,0.0070482627760276246,0.002739071281695484,0.004309191494332141,0.13795030489563942,0.11988506062577169,0.8573917397393277,3.5454674659705434,,0.9991644641946136,0.028409090909090908,0.0,reasoning_long_generation::reasoning_long_generation_4,0.0008355358053864226,"(2.806, 16.063]",raw,,,,,,
mechanism_targeted_4bit_seed42_v1,mlx-community/Qwen2.5-1.5B-Instruct-4bit,reasoning_long_generation,reasoning_long_generation_4,42.0,cbda0763d81c77dc16cd819183d4ef66a431cae7d0d8f50510af026d1c16d64d,1d64abc8839e31ee1a0615e19a3b3b1809ca5618,48.0,16.0,64.0,v_ridge_leverage,True,17.0,559.0,-1.14951800398444e-05,-4.342842764515353e-06,-7.152337275329046e-06,2.53728273736202e-06,4.959804851964277e-07,2.0413022521655924e-06,0.23192283883690834,0.1978704153249661,0.888990537085144,5.565444548031758,,0.9974311376184053,0.04805194805194806,0.0,reasoning_long_generation::reasoning_long_generation_4,0.0025688623815947054,"(2.806, 16.063]",raw,,,,,,
mechanism_targeted_4bit_seed42_v1,mlx-community/Qwen2.5-1.5B-Instruct-4bit,reasoning_long_generation,reasoning_long_generation_4,42.0,cbda0763d81c77dc16cd819183d4ef66a431cae7d0d8f50510af026d1c16d64d,1d64abc8839e31ee1a0615e19a3b3b1809ca5618,48.0,24.0,72.0,v_ridge_leverage,True,47866.0,567.0,1.2229116440880858,0.0018607855904662074,1.2210508584976196,0.8493615682620441,0.002463210936846149,0.846898357325198,0.44856922576824826,0.2317511991908153,0.8627012200668128,5.565444548031758,,0.9947641506815134,0.061038961038961025,0.0,reasoning_long_generation::reasoning_long_generation_4,0.005235849318486641,"(2.806, 16.063]",raw,,,,,,
mechanism_targeted_4bit_seed42_v1,mlx-community/Qwen2.5-1.5B-Instruct-4bit,reasoning_long_generation,reasoning_long_generation_4,42.0,cbda0763d81c77dc16cd819183d4ef66a431cae7d0d8f50510af026d1c16d64d,1d64abc8839e31ee1a0615e19a3b3b1809ca5618,48.0,32.0,80.0,v_ridge_leverage,True,17717.0,575.0,0.1668840885855225,0.024879062245037886,0.14200502634048462,0.1423435534990293,0.01472414090413741,0.1276194125948919,0.40978992357850075,0.2861229131619136,0.8041092009034801,5.565444548031758,,0.9937139553124348,0.07629870129870131,0.0,reasoning_long_generation::reasoning_long_generation_4,0.006286044687565218,"(2.806, 16.063]",raw,,,,,,
mechanism_targeted_4bit_seed42_v1,mlx-community/Qwen2.5-1.5B-Instruct-4bit,reasoning_long_generation,reasoning_long_generation_4,42.0,cbda0763d81c77dc16cd819183d4ef66a431cae7d0d8f50510af026d1c16d64d,1d64abc8839e31ee1a0615e19a3b3b1809ca5618,48.0,40.0,88.0,v_ridge_leverage,True,279.0,583.0,0.2725445820580532,9.606840119857907e-05,0.27244851365685463,0.21157931907114494,0.0007721982144789192,0.21080712085666603,0.4561505193511645,0.19504013300562897,0.7432473376727093,5.565444548031758,3.5454674659705434,0.9917241280659799,0.09691558441558441,0.02840909090909091,reasoning_long_generation::reasoning_long_generation_4,0.00827587193402013,"(2.806, 16.063]",raw,,,,,,
mechanism_targeted_4bit_seed42_v1,mlx-community/Qwen2.5-1.5B-Instruct-4bit,reasoning_long_generation,reasoning_long_generation_4,42.0,cbda0763d81c77dc16cd819183d4ef66a431cae7d0d8f50510af026d1c16d64d,1d64abc8839e31ee1a0615e19a3b3b1809ca5618,48.0,48.0,96.0,v_ridge_leverage,True,1124.0,591.0,0.020188397083320098,1.0581654983354838e-06,0.020187338917821762,0.020128804643327232,4.297193727451182e-07,0.020128374923954487,0.4746009347339471,0.12500415494044623,0.7307679238172743,5.565444548031758,5.565444548031758,0.9898387394814607,0.11639610389610389,0.05568181818181818,reasoning_long_generation::reasoning_long_generation_4,0.010161260518539272,"(2.806, 16.063]",raw,,,,,,
mechanism_targeted_4bit_seed42_v1,mlx-community/Qwen2.5-1.5B-Instruct-4bit,reasoning_long_generation,reasoning_long_generation_4,42.0,cbda0763d81c77dc16cd819183d4ef66a431cae7d0d8f50510af026d1c16d64d,1d64abc8839e31ee1a0615e19a3b3b1809ca5618,48.0,64.0,112.0,v_ridge_leverage,True,198.0,607.0,0.15041659186820766,0.001428548444465605,0.14898804342374206,0.14765601443278967,0.0007933984208996357,0.14686261601189002,0.36485890795787174,0.24801475430528322,0.8341749172073168,9.245372789162241,5.565444548031758,0.9868265649563674,0.14594155844155843,0.10064935064935066,reasoning_long_generation::reasoning_long_generation_4,0.013173435043632553,"(2.806, 16.063]",raw,,,,,,
mechanism_targeted_4bit_seed42_v1,mlx-community/Qwen2.5-1.5B-Instruct-4bit,niah_single_1,synthetic_niah_0,42.0,cbda0763d81c77dc16cd819183d4ef66a431cae7d0d8f50510af026d1c16d64d,1d64abc8839e31ee1a0615e19a3b3b1809ca5618,0.0,1.0,1.0,v_ridge_leverage,True,16.0,1263.0,1.2385813892734632e-05,7.975470357024506e-06,4.410343535710126e-06,1.8463503714529893e-06,1.022000888069816e-06,8.243494833831733e-07,0.1569449119269848,0.1533906664699316,2.3526426253186794,4.5813056569201684,,0.9998379325545333,0.005032467532467507,0.0,niah_single_1::synthetic_niah_0,0.00016206744546665153,"(2.806, 16.063]",raw,,,,,,
mechanism_targeted_4bit_seed42_v1,mlx-community/Qwen2.5-1.5B-Instruct-4bit,niah_single_1,synthetic_niah_0,42.0,cbda0763d81c77dc16cd819183d4ef66a431cae7d0d8f50510af026d1c16d64d,1d64abc8839e31ee1a0615e19a3b3b1809ca5618,0.0,8.0,8.0,v_ridge_leverage,True,785.0,1270.0,-0.9272613667994491,-0.10079610283670348,-0.8264652639627457,2.1305779809713643,0.004700520855317728,2.1258774601160466,0.30720490341385204,0.15733595564961433,2.018634739599554,5.877750167238334,,0.9987084917481119,0.03620129870129872,0.0,niah_single_1::synthetic_niah_0,0.0012915082518880627,"(2.806, 16.063]",raw,,,,,,
mechanism_targeted_4bit_seed42_v1,mlx-community/Qwen2.5-1.5B-Instruct-4bit,niah_single_1,synthetic_niah_0,42.0,cbda0763d81c77dc16cd819183d4ef66a431cae7d0d8f50510af026d1c16d64d,1d64abc8839e31ee1a0615e19a3b3b1809ca5618,0.0,16.0,16.0,v_ridge_leverage,True,2832.0,1278.0,2.238219912698014e-05,-1.1820767944925592e-05,3.420296707190573e-05,4.993676144428091e-06,6.64247444940318e-07,4.329428699487773e-06,0.09819212928414345,0.08302271979240079,1.5790684267233006,5.877750167238334,,0.996900496970658,0.08944805194805197,0.0,niah_single_1::synthetic_niah_0,0.0030995030293420323,"(2.806, 16.063]",raw,,,,,,
mechanism_targeted_4bit_seed42_v1,mlx-community/Qwen2.5-1.5B-Instruct-4bit,niah_single_1,synthetic_niah_0,42.0,cbda0763d81c77dc16cd819183d4ef66a431cae7d0d8f50510af026d1c16d64d,1d64abc8839e31ee1a0615e19a3b3b1809ca5618,0.0,24.0,24.0,v_ridge_leverage,True,21.0,1286.0,1.6011766916790293e-05,4.925588569903994e-06,1.10861783468863e-05,7.033307215965399e-06,8.621360043562828e-07,6.171171211609116e-06,0.12951627125342688,0.06783014978282154,1.5784690415716485,6.710917393939386,,0.9953781871303143,0.12581168831168837,0.0,niah_single_1::synthetic_niah_0,0.00462181286968566,"(2.806, 16.063]",raw,,,,,,
mechanism_targeted_4bit_seed42_v1,mlx-community/Qwen2.5-1.5B-Instruct-4bit,niah_single_1,synthetic_niah_0,42.0,cbda0763d81c77dc16cd819183d4ef66a431cae7d0d8f50510af026d1c16d64d,1d64abc8839e31ee1a0615e19a3b3b1809ca5618,0.0,32.0,32.0,v_ridge_leverage,True,10820.0,1294.0,2.0721187366644322,0.009274460236209592,2.0628442764282227,2.1219480345521102,0.0008758086602177039,2.1210722258918926,0.34169492808481056,0.04457029219095906,2.2773593602388336,59.85634636063663,,0.9943223635710254,0.1610389610389611,0.0,niah_single_1::synthetic_niah_0,0.005677636428974564,"(53.945, 88.162]",raw,,,,,,
mechanism_targeted_4bit_seed42_v1,mlx-community/Qwen2.5-1.5B-Instruct-4bit,niah_single_1,synthetic_niah_0,42.0,cbda0763d81c77dc16cd819183d4ef66a431cae7d0d8f50510af026d1c16d64d,1d64abc8839e31ee1a0615e19a3b3b1809ca5618,0.0,40.0,40.0,v_ridge_leverage,True,13.0,1302.0,0.7716932474564864,-0.003873330454890578,0.775566577911377,0.45478109318340987,0.0002070561870224912,0.4545740369963874,0.22128560269872347,0.0361193058003361,4.745139540747684,80.73633616891235,5.877750167238334,0.9930032387287121,0.19610389610389603,0.03636363636363636,niah_single_1::synthetic_niah_0,0.006996761271287899,"(53.945, 88.162]",raw,,,,,,
mechanism_targeted_4bit_seed42_v1,mlx-community/Qwen2.5-1.5B-Instruct-4bit,niah_single_1,synthetic_niah_0,42.0,cbda0763d81c77dc16cd819183d4ef66a431cae7d0d8f50510af026d1c16d64d,1d64abc8839e31ee1a0615e19a3b3b1809ca5618,0.0,48.0,48.0,v_ridge_leverage,True,12239.0,1310.0,0.36884198892643383,0.06311128843357494,0.3057307004928589,0.12126593069414156,0.029762408595959713,0.09150352209818184,0.21364340926750933,0.08698922854879736,5.353781515746882,80.73633616891235,5.877750167238334,0.9924240873609431,0.2311688311688311,0.07272727272727272,niah_single_1::synthetic_niah_0,0.007575912639056881,"(53.945, 88.162]",raw,,,,,,
mechanism_targeted_4bit_seed42_v1,mlx-community/Qwen2.5-1.5B-Instruct-4bit,niah_single_1,synthetic_niah_0,42.0,cbda0763d81c77dc16cd819183d4ef66a431cae7d0d8f50510af026d1c16d64d,1d64abc8839e31ee1a0615e19a3b3b1809ca5618,0.0,64.0,64.0,v_ridge_leverage,True,43594.0,1326.0,0.14320965039253153,-0.07016329539299093,0.21337294578552246,0.054212234098145705,0.0017272106154029195,0.05248502348274278,0.21813599889477095,0.06372920827319224,6.157033241447995,80.73633616891235,59.85634636063663,0.9909340601585973,0.3012987012987013,0.14512987012987014,niah_single_1::synthetic_niah_0,0.009065939841402693,"(53.945, 88.162]",raw,,,,,,
mechanism_targeted_4bit_seed42_v1,mlx-community/Qwen2.5-1.5B-Instruct-4bit,niah_single_1,synthetic_niah_0,42.0,cbda0763d81c77dc16cd819183d4ef66a431cae7d0d8f50510af026d1c16d64d,1d64abc8839e31ee1a0615e19a3b3b1809ca5618,16.0,1.0,17.0,v_ridge_leverage,True,327.0,1279.0,-4.052263022913394e-07,-4.052263022913394e-07,0.0,5.828826800496309e-08,9.705458988939853e-08,-3.876632188443544e-08,0.08524911322941382,0.08061247256894906,0.9148063758503834,1.3695331479382227,,0.9998853833735987,0.0051948051948051644,0.0,niah_single_1::synthetic_niah_0,0.00011461662640133152,"(0.515, 2.806]",raw,,,,,,
mechanism_targeted_4bit_seed42_v1,mlx-community/Qwen2.5-1.5B-Instruct-4bit,niah_single_1,synthetic_niah_0,42.0,cbda0763d81c77dc16cd819183d4ef66a431cae7d0d8f50510af026d1c16d64d,1d64abc8839e31ee1a0615e19a3b3b1809ca5618,16.0,8.0,24.0,v_ridge_leverage,True,21.0,1286.0,6.1176559995601565e-06,4.925588569903994e-06,1.1920674296561629e-06,1.3361814856409275e-06,8.621360043562828e-07,4.7404548128464463e-07,0.07133665436413139,0.06783014978282154,1.3346168214040528,5.2736261203505945,,0.9988432458656403,0.036363636363636376,0.0,niah_single_1::synthetic_niah_0,0.0011567541343596721,"(2.806, 16.063]",raw,,,,,,
mechanism_targeted_4bit_seed42_v1,mlx-community/Qwen2.5-1.5B-Instruct-4bit,niah_single_1,synthetic_niah_0,42.0,cbda0763d81c77dc16cd819183d4ef66a431cae7d0d8f50510af026d1c16d64d,1d64abc8839e31ee1a0615e19a3b3b1809ca5618,16.0,16.0,32.0,v_ridge_leverage,True,10820.0,1294.0,0.3102050794760167,0.009274460236209592,0.30093061923980713,0.04976680931011371,0.0008758086602177039,0.048891000649896,0.1259013662735621,0.04457029219095906,2.385526453714984,38.21206796503172,,0.9980299033612033,0.0725649350649351,0.0,niah_single_1::synthetic_niah_0,0.001970096638796659,"(16.063, 53.945]",raw,,,,,,
mechanism_targeted_4bit_seed42_v1,mlx-community/Qwen2.5-1.5B-Instruct-4bit,niah_single_1,synthetic_niah_0,42.0,cbda0763d81c77dc16cd819183d4ef66a431cae7d0d8f50510af026d1c16d64d,1d64abc8839e31ee1a0615e19a3b3b1809ca5618,16.0,24.0,40.0,v_ridge_leverage,True,13.0,1302.0,-0.08665862391478285,-0.003873330454890578,-0.08278529345989227,0.026768287102540513,0.0002070561870224912,0.02656123091551802,0.09706512217720349,0.0361193058003361,5.55449703658017,72.2084396274593,,0.996930048402063,0.10892857142857149,0.0,niah_single_1::synthetic_niah_0,0.003069951597936993,"(53.945, 88.162]",raw,,,,,,
mechanism_targeted_4bit_seed42_v1,mlx-community/Qwen2.5-1.5B-Instruct-4bit,niah_single_1,synthetic_niah_0,42.0,cbda0763d81c77dc16cd819183d4ef66a431cae7d0d8f50510af026d1c16d64d,1d64abc8839e31ee1a0615e19a3b3b1809ca5618,16.0,32.0,48.0,v_ridge_leverage,True,12239.0,1310.0,-0.006040709132648203,0.06311128843357494,-0.06915199756622314,0.019601568586258798,0.029762408595959713,-0.010160840009700915,0.17560481986765808,0.08698922854879736,5.895909668520982,72.2084396274593,,0.996502682257623,0.14529220779220783,0.0,niah_single_1::synthetic_niah_0,0.0034973177423770485,"(53.945, 88.162]",raw,,,,,,
mechanism_targeted_4bit_seed42_v1,mlx-community/Qwen2.5-1.5B-Instruct-4bit,niah_single_1,synthetic_niah_0,42.0,cbda0763d81c77dc16cd819183d4ef66a431cae7d0d8f50510af026d1c16d64d,1d64abc8839e31ee1a0615e19a3b3b1809ca5618,16.0,40.0,56.0,v_ridge_leverage,True,323.0,1318.0,-0.01155151033920987,-0.0012788137249444276,-0.010272696614265442,0.00703336908605986,0.0013094154865342707,0.005723953599525589,0.1497627285619577,0.14206129933396974,6.086696269095368,72.2084396274593,5.2736261203505945,0.9959900078725127,0.18149350649350643,0.0362012987012987,niah_single_1::synthetic_niah_0,0.004009992127487316,"(53.945, 88.162]",raw,,,,,,
mechanism_targeted_4bit_seed42_v1,mlx-community/Qwen2.5-1.5B-Instruct-4bit,niah_single_1,synthetic_niah_0,42.0,cbda0763d81c77dc16cd819183d4ef66a431cae7d0d8f50510af026d1c16d64d,1d64abc8839e31ee1a0615e19a3b3b1809ca5618,16.0,48.0,64.0,v_ridge_leverage,True,43594.0,1326.0,-0.11606316340446554,-0.07016329539299093,-0.04589986801147461,0.0244789962614094,0.0017272106154029195,0.02275178564600648,0.18392989039421082,0.06372920827319224,6.01899104450182,72.2084396274593,38.21206796503172,0.9953723071835355,0.21769480519480514,0.0724025974025974,niah_single_1::synthetic_niah_0,0.004627692816464468,"(53.945, 88.162]",raw,,,,,,
mechanism_targeted_4bit_seed42_v1,mlx-community/Qwen2.5-1.5B-Instruct-4bit,niah_single_1,synthetic_niah_0,42.0,cbda0763d81c77dc16cd819183d4ef66a431cae7d0d8f50510af026d1c16d64d,1d64abc8839e31ee1a0615e19a3b3b1809ca5618,16.0,64.0,80.0,v_ridge_leverage,True,24.0,1342.0,2.993619096258726e-05,-1.0573484772180564e-06,3.099353943980532e-05,1.6944858674694952e-05,3.9482236425477545e-08,1.6905376438269474e-05,0.454404154792428,0.06924635501733671,6.8126318042778236,72.2084396274593,72.2084396274593,0.9931577644768578,0.28977272727272724,0.1444805194805195,niah_single_1::synthetic_niah_0,0.006842235523142226,"(53.945, 88.162]",raw,,,,,,
mechanism_targeted_4bit_seed42_v1,mlx-community/Qwen2.5-1.5B-Instruct-4bit,niah_single_1,synthetic_niah_0,42.0,cbda0763d81c77dc16cd819183d4ef66a431cae7d0d8f50510af026d1c16d64d,1d64abc8839e31ee1a0615e19a3b3b1809ca5618,48.0,1.0,49.0,v_ridge_leverage,True,11.0,1311.0,-0.002049239358346,0.00589749030168818,-0.00794672966003418,0.0047610988957413804,0.0027690128052177444,0.001992086090523636,0.06049582486351331,0.05690654801825682,4.792022526500721,14.005556430181823,,0.9999760039482971,0.004545454545454519,0.0,niah_single_1::synthetic_niah_0,2.399605170289032e-05,"(2.806, 16.063]",raw,,,,,,
mechanism_targeted_4bit_seed42_v1,mlx-community/Qwen2.5-1.5B-Instruct-4bit,niah_single_1,synthetic_niah_0,42.0,cbda0763d81c77dc16cd819183d4ef66a431cae7d0d8f50510af026d1c16d64d,1d64abc8839e31ee1a0615e19a3b3b1809ca5618,48.0,8.0,56.0,v_ridge_leverage,True,323.0,1318.0,-0.011217709427306488,-0.0012788137249444276,-0.00993889570236206,0.006439942892565078,0.0013094154865342707,0.005130527406030807,0.140391589452823,0.14206129933396974,5.50554402236703,45.62540766987044,,0.999727682645414,0.03620129870129872,0.0,niah_single_1::synthetic_niah_0,0.0002723173545859936,"(16.063, 53.945]",raw,,,,,,
mechanism_targeted_4bit_seed42_v1,mlx-community/Qwen2.5-1.5B-Instruct-4bit,niah_single_1,synthetic_niah_0,42.0,cbda0763d81c77dc16cd819183d4ef66a431cae7d0d8f50510af026d1c16d64d,1d64abc8839e31ee1a0615e19a3b3b1809ca5618,48.0,16.0,64.0,v_ridge_leverage,True,43594.0,1326.0,-0.12119560015678488,-0.07016329539299093,-0.051032304763793945,0.009318292641490549,0.0017272106154029195,0.007591082026087629,0.11009023400644462,0.06372920827319224,5.1699706148412625,45.62540766987044,,0.9993714626186484,0.07240259740259743,0.0,niah_single_1::synthetic_niah_0,0.0006285373813516015,"(16.063, 53.945]",raw,,,,,,
mechanism_targeted_4bit_seed42_v1,mlx-community/Qwen2.5-1.5B-Instruct-4bit,niah_single_1,synthetic_niah_0,42.0,cbda0763d81c77dc16cd819183d4ef66a431cae7d0d8f50510af026d1c16d64d,1d64abc8839e31ee1a0615e19a3b3b1809ca5618,48.0,24.0,72.0,v_ridge_leverage,True,476.0,1334.0,-0.13924669789980726,-0.05102514791201429,-0.08822154998779297,0.025154055473289992,0.0009917420969066688,0.024162313376383325,0.1307498092452685,0.0542214677358667,7.233025414758313,60.208315587857825,,0.9980948384825533,0.10860389610389617,0.0,niah_single_1::synthetic_niah_0,0.0019051615174466852,"(53.945, 88.162]",raw,,,,,,
mechanism_targeted_4bit_seed42_v1,mlx-community/Qwen2.5-1.5B-Instruct-4bit,niah_single_1,synthetic_niah_0,42.0,cbda0763d81c77dc16cd819183d4ef66a431cae7d0d8f50510af026d1c16d64d,1d64abc8839e31ee1a0615e19a3b3b1809ca5618,48.0,32.0,80.0,v_ridge_leverage,True,24.0,1342.0,5.449192581608031e-05,-1.0573484772180564e-06,5.554927429329837e-05,3.4424448794050745e-05,3.9482236425477545e-08,3.4384966557625266e-05,0.21611884298423925,0.06924635501733671,6.29203846822321,60.208315587857825,,0.9978603558614135,0.14448051948051951,0.0,niah_single_1::synthetic_niah_0,0.0021396441385864717,"(53.945, 88.162]",raw,,,,,,
mechanism_targeted_4bit_seed42_v1,mlx-community/Qwen2.5-1.5B-Instruct-4bit,niah_single_1,synthetic_niah_0,42.0,cbda0763d81c77dc16cd819183d4ef66a431cae7d0d8f50510af026d1c16d64d,1d64abc8839e31ee1a0615e19a3b3b1809ca5618,48.0,40.0,88.0,v_ridge_leverage,True,264.0,1350.0,-0.08312842270349918,-0.008985370602363929,-0.07414305210113525,0.022149992523668255,0.0016824321058260994,0.020467560417842156,0.270187696442008,0.050609520714109145,6.053942627693432,60.208315587857825,45.62540766987044,0.9948417753459343,0.19253246753246747,0.03603896103896104,niah_single_1::synthetic_niah_0,0.0051582246540656795,"(53.945, 88.162]",raw,,,,,,
mechanism_targeted_4bit_seed42_v1,mlx-community/Qwen2.5-1.5B-Instruct-4bit,niah_single_1,synthetic_niah_0,42.0,cbda0763d81c77dc16cd819183d4ef66a431cae7d0d8f50510af026d1c16d64d,1d64abc8839e31ee1a0615e19a3b3b1809ca5618,48.0,48.0,96.0,v_ridge_leverage,True,2014.0,1358.0,-0.18235875409858338,-0.044619334161449586,-0.1377394199371338,0.2978320819165438,0.00047229156559398924,0.29735979035094984,0.2949937346080939,0.04640610058171054,6.297865426318864,60.208315587857825,45.62540766987044,0.9964129960984595,0.21688311688311682,0.0724025974025974,niah_single_1::synthetic_niah_0,0.003587003901540542,"(53.945, 88.162]",raw,,,,,,
mechanism_targeted_4bit_seed42_v1,mlx-community/Qwen2.5-1.5B-Instruct-4bit,niah_single_1,synthetic_niah_0,42.0,cbda0763d81c77dc16cd819183d4ef66a431cae7d0d8f50510af026d1c16d64d,1d64abc8839e31ee1a0615e19a3b3b1809ca5618,48.0,64.0,112.0,v_ridge_leverage,True,714.0,1374.0,0.10594000127105829,0.08381565120010492,0.02212435007095337,0.07265192417783758,0.006785579066999142,0.06586634511083844,0.30348601875205833,0.093164657553037,6.8597235222130735,60.208315587857825,60.208315587857825,0.9943894794865678,0.2948051948051948,0.14431818181818182,niah_single_1::synthetic_niah_0,0.005610520513432249,"(53.945, 88.162]",raw,,,,,,
mechanism_targeted_4bit_seed42_v1,mlx-community/Qwen2.5-1.5B-Instruct-4bit,niah_single_1,synthetic_niah_1,42.0,cbda0763d81c77dc16cd819183d4ef66a431cae7d0d8f50510af026d1c16d64d,1d64abc8839e31ee1a0615e19a3b3b1809ca5618,0.0,1.0,1.0,v_ridge_leverage,True,3281.0,1265.0,0.003976722766307006,0.0035675927592784262,0.0004091300070285797,0.0005329221398497862,0.0004989042618337111,3.401787801607511e-05,0.1117622187982003,0.11276024114340544,1.0940973730300592,1.8247457496407584,,0.9998592362931568,0.004870129870129842,0.0,niah_single_1::synthetic_niah_1,0.0001407637068432388,"(0.515, 2.806]",raw,,,,,,
mechanism_targeted_4bit_seed42_v1,mlx-community/Qwen2.5-1.5B-Instruct-4bit,niah_single_1,synthetic_niah_1,42.0,cbda0763d81c77dc16cd819183d4ef66a431cae7d0d8f50510af026d1c16d64d,1d64abc8839e31ee1a0615e19a3b3b1809ca5618,0.0,8.0,8.0,v_ridge_leverage,True,12.0,1272.0,-0.00018675774599330452,-2.617375257329968e-05,-0.00016058399342000484,2.7273641883197298e-05,8.946907332648065e-07,2.637895114993249e-05,0.08883172956605752,0.07292923952142398,1.0991147699328154,2.212041126674891,,0.9988394784616272,0.036363636363636376,0.0,niah_single_1::synthetic_niah_1,0.0011605215383727607,"(0.515, 2.806]",raw,,,,,,
mechanism_targeted_4bit_seed42_v1,mlx-community/Qwen2.5-1.5B-Instruct-4bit,niah_single_1,synthetic_niah_1,42.0,cbda0763d81c77dc16cd819183d4ef66a431cae7d0d8f50510af026d1c16d64d,1d64abc8839e31ee1a0615e19a3b3b1809ca5618,0.0,16.0,16.0,v_ridge_leverage,True,18.0,1280.0,4.835261636770838e-05,-3.1424924884504435e-08,4.838404129259288e-05,1.1023290026084315e-05,1.5798593335121594e-06,9.443430692572155e-06,0.14907826483249664,0.11724036062757175,1.19473165348491,3.703761462045079,,0.9976022206772903,0.07240259740259743,0.0,niah_single_1::synthetic_niah_1,0.002397779322709681,"(2.806, 16.063]",raw,,,,,,
mechanism_targeted_4bit_seed42_v1,mlx-community/Qwen2.5-1.5B-Instruct-4bit,niah_single_1,synthetic_niah_1,42.0,cbda0763d81c77dc16cd819183d4ef66a431cae7d0d8f50510af026d1c16d64d,1d64abc8839e31ee1a0615e19a3b3b1809ca5618,0.0,24.0,24.0,v_ridge_leverage,True,419.0,1288.0,-0.008866572283913854,0.0029379487999179332,-0.011804521083831787,0.020276172354816817,4.4044221158585335e-05,0.020232128133658232,0.3790009717146556,0.06259596239154537,2.7600713118110676,54.038679041321686,,0.9956561216781415,0.12597402597402604,0.0,niah_single_1::synthetic_niah_1,0.004343878321858452,"(53.945, 88.162]",raw,,,,,,
mechanism_targeted_4bit_seed42_v1,mlx-community/Qwen2.5-1.5B-Instruct-4bit,niah_single_1,synthetic_niah_1,42.0,cbda0763d81c77dc16cd819183d4ef66a431cae7d0d8f50510af026d1c16d64d,1d64abc8839e31ee1a0615e19a3b3b1809ca5618,0.0,32.0,32.0,v_ridge_leverage,True,7602.0,1296.0,1.242249290405507,-0.021335084975962815,1.2635843753814697,0.3873949380153705,0.0010399043956145259,0.386355033619756,0.20906792266002108,0.021032528998527294,5.750210144822383,77.02256157085833,,0.9947194499216723,0.1610389610389611,0.0,niah_single_1::synthetic_niah_1,0.005280550078327728,"(53.945, 88.162]",raw,,,,,,
mechanism_targeted_4bit_seed42_v1,mlx-community/Qwen2.5-1.5B-Instruct-4bit,niah_single_1,synthetic_niah_1,42.0,cbda0763d81c77dc16cd819183d4ef66a431cae7d0d8f50510af026d1c16d64d,1d64abc8839e31ee1a0615e19a3b3b1809ca5618,0.0,40.0,40.0,v_ridge_leverage,True,3897.0,1304.0,-0.18343877161018796,0.032606399412227205,-0.21604517102241516,0.04567903887360935,0.0012444724754270995,0.04443456639818225,0.3499009447793166,0.07428056156883638,8.066676656321631,77.02256157085833,2.212041126674891,0.994164464952303,0.19610389610389603,0.03636363636363636,niah_single_1::synthetic_niah_1,0.00583553504769696,"(53.945, 88.162]",raw,,,,,,
mechanism_targeted_4bit_seed42_v1,mlx-community/Qwen2.5-1.5B-Instruct-4bit,niah_single_1,synthetic_niah_1,42.0,cbda0763d81c77dc16cd819183d4ef66a431cae7d0d8f50510af026d1c16d64d,1d64abc8839e31ee1a0615e19a3b3b1809ca5618,0.0,48.0,48.0,v_ridge_leverage,True,8500.0,1312.0,0.1795479001018805,0.0648506821605963,0.11469721794128418,0.09276272462710848,0.0025346974300254664,0.09022802719708302,0.1796378285313646,0.04255580808967352,8.808838180773273,77.02256157085833,3.703761462045079,0.993619456071289,0.2311688311688311,0.07256493506493507,niah_single_1::synthetic_niah_1,0.006380543928711013,"(53.945, 88.162]",raw,,,,,,
mechanism_targeted_4bit_seed42_v1,mlx-community/Qwen2.5-1.5B-Instruct-4bit,niah_single_1,synthetic_niah_1,42.0,cbda0763d81c77dc16cd819183d4ef66a431cae7d0d8f50510af026d1c16d64d,1d64abc8839e31ee1a0615e19a3b3b1809ca5618,0.0,64.0,64.0,v_ridge_leverage,True,374.0,1328.0,8.826400701167358e-05,7.646390260873659e-05,1.1800104402936995e-05,3.727531295165653e-05,3.0411520256843764e-05,6.8637926948127664e-06,0.2040190969904264,0.20903381829460463,9.812348664315238,77.42333118335924,77.02256157085833,0.9906972595243034,0.3012987012987013,0.1452922077922078,niah_single_1::synthetic_niah_1,0.00930274047569657,"(53.945, 88.162]",raw,,,,,,
mechanism_targeted_4bit_seed42_v1,mlx-community/Qwen2.5-1.5B-Instruct-4bit,niah_single_1,synthetic_niah_1,42.0,cbda0763d81c77dc16cd819183d4ef66a431cae7d0d8f50510af026d1c16d64d,1d64abc8839e31ee1a0615e19a3b3b1809ca5618,16.0,1.0,17.0,v_ridge_leverage,True,17.0,1281.0,-4.0107029040115094e-05,-2.4852052579404926e-05,-1.5254976460710168e-05,4.1007943479467504e-06,2.2172695357316426e-06,1.8835248122151079e-06,0.12011555085579555,0.11947878946860631,1.4450200865175986,2.624953047469324,,0.9998997840460779,0.004870129870129842,0.0,niah_single_1::synthetic_niah_1,0.00010021595392206706,"(0.515, 2.806]",raw,,,,,,
mechanism_targeted_4bit_seed42_v1,mlx-community/Qwen2.5-1.5B-Instruct-4bit,niah_single_1,synthetic_niah_1,42.0,cbda0763d81c77dc16cd819183d4ef66a431cae7d0d8f50510af026d1c16d64d,1d64abc8839e31ee1a0615e19a3b3b1809ca5618,16.0,8.0,24.0,v_ridge_leverage,True,419.0,1288.0,0.0027304650314547985,0.0029379487999179332,-0.00020748376846313477,7.447728366302128e-05,4.4044221158585335e-05,3.0433062504435945e-05,0.10021037266900142,0.06259596239154537,4.91230097842715,43.87828246527245,,0.998497338531515,0.05616883116883117,0.0,niah_single_1::synthetic_niah_1,0.0015026614684849893,"(16.063, 53.945]",raw,,,,,,
mechanism_targeted_4bit_seed42_v1,mlx-community/Qwen2.5-1.5B-Instruct-4bit,niah_single_1,synthetic_niah_1,42.0,cbda0763d81c77dc16cd819183d4ef66a431cae7d0d8f50510af026d1c16d64d,1d64abc8839e31ee1a0615e19a3b3b1809ca5618,16.0,16.0,32.0,v_ridge_leverage,True,7602.0,1296.0,0.17578677362083894,-0.021335084975962815,0.19712185859680176,0.01644118092164657,0.0010399043956145259,0.015401276526032046,0.07715704125610046,0.021032528998527294,8.37562676909986,69.95535782946206,,0.9977737492377908,0.09090909090909093,0.0,niah_single_1::synthetic_niah_1,0.00222625076220917,"(53.945, 88.162]",raw,,,,,,
mechanism_targeted_4bit_seed42_v1,mlx-community/Qwen2.5-1.5B-Instruct-4bit,niah_single_1,synthetic_niah_1,42.0,cbda0763d81c77dc16cd819183d4ef66a431cae7d0d8f50510af026d1c16d64d,1d64abc8839e31ee1a0615e19a3b3b1809ca5618,16.0,24.0,40.0,v_ridge_leverage,True,3897.0,1304.0,0.03523967301375919,0.032606399412227205,0.0026332736015319824,0.008595706748010391,0.0012444724754270995,0.007351234272583292,0.12932867463678122,0.07428056156883638,10.133422211769425,69.95535782946206,,0.9973789169843802,0.12597402597402604,0.0,niah_single_1::synthetic_niah_1,0.0026210830156198073,"(53.945, 88.162]",raw,,,,,,
mechanism_targeted_4bit_seed42_v1,mlx-community/Qwen2.5-1.5B-Instruct-4bit,niah_single_1,synthetic_niah_1,42.0,cbda0763d81c77dc16cd819183d4ef66a431cae7d0d8f50510af026d1c16d64d,1d64abc8839e31ee1a0615e19a3b3b1809ca5618,16.0,32.0,48.0,v_ridge_leverage,True,8500.0,1312.0,0.3168079794857306,0.0648506821605963,0.2519572973251343,0.05065056536855768,0.0025346974300254664,0.04811586793853221,0.10641094421346982,0.04255580808967352,10.07687336586182,69.95535782946206,,0.9969638567836762,0.1610389610389611,0.0,niah_single_1::synthetic_niah_1,0.003036143216323839,"(53.945, 88.162]",raw,,,,,,
mechanism_targeted_4bit_seed42_v1,mlx-community/Qwen2.5-1.5B-Instruct-4bit,niah_single_1,synthetic_niah_1,42.0,cbda0763d81c77dc16cd819183d4ef66a431cae7d0d8f50510af026d1c16d64d,1d64abc8839e31ee1a0615e19a3b3b1809ca5618,16.0,40.0,56.0,v_ridge_leverage,True,11504.0,1320.0,-0.09814643992999095,-0.24450540675738353,0.14635896682739258,0.03734489403342207,0.06397011018025796,-0.02662521614683589,0.1302799530488604,0.0812866133078387,9.827115443846617,69.95535782946206,43.87828246527245,0.996276320832572,0.19610389610389603,0.03636363636363636,niah_single_1::synthetic_niah_1,0.0037236791674279957,"(53.945, 88.162]",raw,,,,,,
mechanism_targeted_4bit_seed42_v1,mlx-community/Qwen2.5-1.5B-Instruct-4bit,niah_single_1,synthetic_niah_1,42.0,cbda0763d81c77dc16cd819183d4ef66a431cae7d0d8f50510af026d1c16d64d,1d64abc8839e31ee1a0615e19a3b3b1809ca5618,16.0,48.0,64.0,v_ridge_leverage,True,374.0,1328.0,0.0001348671121590428,7.646390260873659e-05,5.84032095503062e-05,6.989877775198926e-05,3.0411520256843764e-05,3.9487257495145496e-05,0.21998130654295286,0.20903381829460463,9.779965238943362,69.95535782946206,69.95535782946206,0.9946388437387099,0.2311688311688311,0.07272727272727272,niah_single_1::synthetic_niah_1,0.005361156261290079,"(53.945, 88.162]",raw,,,,,,
mechanism_targeted_4bit_seed42_v1,mlx-community/Qwen2.5-1.5B-Instruct-4bit,niah_single_1,synthetic_niah_1,42.0,cbda0763d81c77dc16cd819183d4ef66a431cae7d0d8f50510af026d1c16d64d,1d64abc8839e31ee1a0615e19a3b3b1809ca5618,16.0,64.0,80.0,v_ridge_leverage,True,2711.0,1344.0,1.0673655508055369,-0.024924135397466074,1.092289686203003,0.38609663312441167,0.000552273242383588,0.38554435988202806,0.40161073083678883,0.034500534335772194,9.23126633669734,69.95535782946206,69.95535782946206,0.9929342663941654,0.2902597402597403,0.14512987012987014,niah_single_1::synthetic_niah_1,0.007065733605834623,"(53.945, 88.162]",raw,,,,,,
mechanism_targeted_4bit_seed42_v1,mlx-community/Qwen2.5-1.5B-Instruct-4bit,niah_single_1,synthetic_niah_1,42.0,cbda0763d81c77dc16cd819183d4ef66a431cae7d0d8f50510af026d1c16d64d,1d64abc8839e31ee1a0615e19a3b3b1809ca5618,48.0,1.0,49.0,v_ridge_leverage,True,315.0,1313.0,-0.013947238025007636,-0.013523873683748633,-0.0004233643412590027,0.0014498735117691166,0.0012789470279077411,0.0001709264838613755,0.09418963640928268,0.09502886297802131,15.668489392081447,37.75096829818839,,0.9999709171560346,0.004545454545454519,0.0,niah_single_1::synthetic_niah_1,2.9082843965411165e-05,"(16.063, 53.945]",raw,,,,,,
mechanism_targeted_4bit_seed42_v1,mlx-community/Qwen2.5-1.5B-Instruct-4bit,niah_single_1,synthetic_niah_1,42.0,cbda0763d81c77dc16cd819183d4ef66a431cae7d0d8f50510af026d1c16d64d,1d64abc8839e31ee1a0615e19a3b3b1809ca5618,48.0,8.0,56.0,v_ridge_leverage,True,11504.0,1320.0,-0.19509446754076976,-0.24450540675738353,0.04941093921661377,0.046830475735584944,0.06397011018025796,-0.017139634444673015,0.09566178866089103,0.0812866133078387,7.331277492899841,40.38284238225051,,0.9995725706525675,0.036363636363636376,0.0,niah_single_1::synthetic_niah_1,0.00042742934743245087,"(16.063, 53.945]",raw,,,,,,
mechanism_targeted_4bit_seed42_v1,mlx-community/Qwen2.5-1.5B-Instruct-4bit,niah_single_1,synthetic_niah_1,42.0,cbda0763d81c77dc16cd819183d4ef66a431cae7d0d8f50510af026d1c16d64d,1d64abc8839e31ee1a0615e19a3b3b1809ca5618,48.0,16.0,64.0,v_ridge_leverage,True,374.0,1328.0,6.82394948157139e-05,7.646390260873659e-05,-8.224407793022692e-06,2.5462023748891367e-05,3.0411520256843764e-05,-4.949496507952397e-06,0.2222213720281919,0.20903381829460463,7.253825342725474,46.2434343994767,,0.99842135978668,0.07272727272727275,0.0,niah_single_1::synthetic_niah_1,0.0015786402133199928,"(16.063, 53.945]",raw,,,,,,
mechanism_targeted_4bit_seed42_v1,mlx-community/Qwen2.5-1.5B-Instruct-4bit,niah_single_1,synthetic_niah_1,42.0,cbda0763d81c77dc16cd819183d4ef66a431cae7d0d8f50510af026d1c16d64d,1d64abc8839e31ee1a0615e19a3b3b1809ca5618,48.0,24.0,72.0,v_ridge_leverage,True,11504.0,1336.0,-0.08698216075578102,-0.013219386288312762,-0.07376277446746826,0.03124029277809988,0.00044371579127484547,0.030796576986825034,0.12606171239167452,0.04092364804819226,5.610905972715679,46.2434343994767,,0.9976455837366565,0.10909090909090915,0.0,niah_single_1::synthetic_niah_1,0.0023544162633435395,"(16.063, 53.945]",raw,,,,,,
mechanism_targeted_4bit_seed42_v1,mlx-community/Qwen2.5-1.5B-Instruct-4bit,niah_single_1,synthetic_niah_1,42.0,cbda0763d81c77dc16cd819183d4ef66a431cae7d0d8f50510af026d1c16d64d,1d64abc8839e31ee1a0615e19a3b3b1809ca5618,48.0,32.0,80.0,v_ridge_leverage,True,2711.0,1344.0,0.7866505620970408,-0.024924135397466074,0.8115746974945068,0.3025898519793339,0.000552273242383588,0.3020375787369503,0.3556585342933734,0.034500534335772194,6.837484444404525,46.2434343994767,,0.9964731600467941,0.15730519480519486,0.0,niah_single_1::synthetic_niah_1,0.003526839953205907,"(16.063, 53.945]",raw,,,,,,
mechanism_targeted_4bit_seed42_v1,mlx-community/Qwen2.5-1.5B-Instruct-4bit,niah_single_1,synthetic_niah_1,42.0,cbda0763d81c77dc16cd819183d4ef66a431cae7d0d8f50510af026d1c16d64d,1d64abc8839e31ee1a0615e19a3b3b1809ca5618,48.0,40.0,88.0,v_ridge_leverage,True,17133.0,1352.0,0.07595166362050065,0.06802949107411393,0.007922172546386719,0.15020307953980297,0.002156132137161219,0.14804694740264174,0.2340513508146008,0.04969559206316868,6.791390831079635,49.80994608497556,40.38284238225051,0.9956211913127194,0.19220779220779213,0.03636363636363636,niah_single_1::synthetic_niah_1,0.004378808687280578,"(16.063, 53.945]",raw,,,,,,
mechanism_targeted_4bit_seed42_v1,mlx-community/Qwen2.5-1.5B-Instruct-4bit,niah_single_1,synthetic_niah_1,42.0,cbda0763d81c77dc16cd819183d4ef66a431cae7d0d8f50510af026d1c16d64d,1d64abc8839e31ee1a0615e19a3b3b1809ca5618,48.0,48.0,96.0,v_ridge_leverage,True,358.0,1360.0,-0.10839599129678135,0.001192482738481715,-0.10958847403526306,0.06593755021564875,3.2758220660270086e-05,0.06590479199498847,0.3746653615186612,0.03959283620739976,7.105877250173588,49.80994608497556,46.2434343994767,0.9922094576772029,0.2267857142857142,0.07191558441558442,niah_single_1::synthetic_niah_1,0.007790542322797078,"(16.063, 53.945]",raw,,,,,,
mechanism_targeted_4bit_seed42_v1,mlx-community/Qwen2.5-1.5B-Instruct-4bit,niah_single_1,synthetic_niah_1,42.0,cbda0763d81c77dc16cd819183d4ef66a431cae7d0d8f50510af026d1c16d64d,1d64abc8839e31ee1a0615e19a3b3b1809ca5618,48.0,64.0,112.0,v_ridge_leverage,True,59408.0,1376.0,1.7658512320093926,-0.027885225815314385,1.793736457824707,0.3247157758008749,0.0005416348584579489,0.324174140942417,0.22169940049449602,0.04056709228704373,7.020809132423788,49.80994608497556,46.2434343994767,0.9932409139629618,0.2933441558441558,0.14285714285714285,niah_single_1::synthetic_niah_1,0.006759086037038231,"(16.063, 53.945]",raw,,,,,,
mechanism_targeted_4bit_seed42_v1,mlx-community/Qwen2.5-1.5B-Instruct-4bit,niah_single_1,synthetic_niah_2,42.0,cbda0763d81c77dc16cd819183d4ef66a431cae7d0d8f50510af026d1c16d64d,1d64abc8839e31ee1a0615e19a3b3b1809ca5618,0.0,1.0,1.0,v_ridge_leverage,True,23.0,1263.0,7.204382361436501e-05,6.000700320640817e-05,1.2036820407956839e-05,1.0750986163257324e-05,7.779254460913266e-06,2.9717317023440587e-06,0.1438186609496673,0.1455050731698672,1.957035481716549,3.3544125352854,,0.9998237122822241,0.00600649350649348,0.0,niah_single_1::synthetic_niah_2,0.00017628771777589147,"(2.806, 16.063]",raw,,,,,,
mechanism_targeted_4bit_seed42_v1,mlx-community/Qwen2.5-1.5B-Instruct-4bit,niah_single_1,synthetic_niah_2,42.0,cbda0763d81c77dc16cd819183d4ef66a431cae7d0d8f50510af026d1c16d64d,1d64abc8839e31ee1a0615e19a3b3b1809ca5618,0.0,8.0,8.0,v_ridge_leverage,True,1249.0,1270.0,4.763349797843723,0.08141520273569114,4.681934595108032,2.21151239574031,0.005402620731611253,2.206109775008699,0.3047090309361617,0.1583300248409311,2.2675360470968853,6.303961517651404,,0.9986936081889072,0.03652597402597403,0.0,niah_single_1::synthetic_niah_2,0.0013063918110928219,"(2.806, 16.063]",raw,,,,,,
mechanism_targeted_4bit_seed42_v1,mlx-community/Qwen2.5-1.5B-Instruct-4bit,niah_single_1,synthetic_niah_2,42.0,cbda0763d81c77dc16cd819183d4ef66a431cae7d0d8f50510af026d1c16d64d,1d64abc8839e31ee1a0615e19a3b3b1809ca5618,0.0,16.0,16.0,v_ridge_leverage,True,43870.0,1278.0,3.2714749664819465e-06,-2.0928839461475945e-06,5.364358912629541e-06,5.245949782339389e-07,2.6599632252824116e-07,2.585986557056977e-07,0.15802742168307304,0.12861316037985185,3.769862671873518,57.8549410486375,,0.9968659052264499,0.07256493506493508,0.0,niah_single_1::synthetic_niah_2,0.003134094773550089,"(53.945, 88.162]",raw,,,,,,
mechanism_targeted_4bit_seed42_v1,mlx-community/Qwen2.5-1.5B-Instruct-4bit,niah_single_1,synthetic_niah_2,42.0,cbda0763d81c77dc16cd819183d4ef66a431cae7d0d8f50510af026d1c16d64d,1d64abc8839e31ee1a0615e19a3b3b1809ca5618,0.0,24.0,24.0,v_ridge_leverage,True,847.0,1286.0,0.3789960954261353,-0.0032350208687255133,0.38223111629486084,0.14811193271151382,0.00032521064130322356,0.1477867220702106,0.2237567345922192,0.029832394638409216,4.337822787372792,71.52963856386253,,0.9953080232638277,0.10876623376623382,0.0,niah_single_1::synthetic_niah_2,0.004691976736172276,"(53.945, 88.162]",raw,,,,,,
mechanism_targeted_4bit_seed42_v1,mlx-community/Qwen2.5-1.5B-Instruct-4bit,niah_single_1,synthetic_niah_2,42.0,cbda0763d81c77dc16cd819183d4ef66a431cae7d0d8f50510af026d1c16d64d,1d64abc8839e31ee1a0615e19a3b3b1809ca5618,0.0,32.0,32.0,v_ridge_leverage,True,1372.0,1294.0,0.004064983741720596,-0.000654417735184154,0.00471940147690475,0.0013628519358041434,6.496335138780615e-05,0.0012978885844163372,0.19840513914823532,0.09915530666088064,6.512049004696091,74.59886364477858,,0.9941531425257258,0.14496753246753252,0.0,niah_single_1::synthetic_niah_2,0.005846857474274159,"(53.945, 88.162]",raw,,,,,,
mechanism_targeted_4bit_seed42_v1,mlx-community/Qwen2.5-1.5B-Instruct-4bit,niah_single_1,synthetic_niah_2,42.0,cbda0763d81c77dc16cd819183d4ef66a431cae7d0d8f50510af026d1c16d64d,1d64abc8839e31ee1a0615e19a3b3b1809ca5618,0.0,40.0,40.0,v_ridge_leverage,True,5387.0,1302.0,0.26494993829077274,0.031375518077073394,0.23357442021369934,0.08497070883282327,0.0025380465345303093,0.08243266229829296,0.1757547128945589,0.0778899802826345,7.094896054987654,74.59886364477858,6.303961517651404,0.9933273201659346,0.1813311688311688,0.03636363636363636,niah_single_1::synthetic_niah_2,0.006672679834065387,"(53.945, 88.162]",raw,,,,,,
mechanism_targeted_4bit_seed42_v1,mlx-community/Qwen2.5-1.5B-Instruct-4bit,niah_single_1,synthetic_niah_2,42.0,cbda0763d81c77dc16cd819183d4ef66a431cae7d0d8f50510af026d1c16d64d,1d64abc8839e31ee1a0615e19a3b3b1809ca5618,0.0,48.0,48.0,v_ridge_leverage,True,16587.0,1310.0,-0.08829974865508206,0.0008784558813559329,-0.08917820453643799,0.20754912716740748,0.0005563254834358845,0.2069928016839716,0.19050676841288805,0.03389486732582251,7.772917646867163,74.59886364477858,57.8549410486375,0.9923128215792978,0.21769480519480514,0.07272727272727272,niah_single_1::synthetic_niah_2,0.007687178420702212,"(53.945, 88.162]",raw,,,,,,
mechanism_targeted_4bit_seed42_v1,mlx-community/Qwen2.5-1.5B-Instruct-4bit,niah_single_1,synthetic_niah_2,42.0,cbda0763d81c77dc16cd819183d4ef66a431cae7d0d8f50510af026d1c16d64d,1d64abc8839e31ee1a0615e19a3b3b1809ca5618,0.0,64.0,64.0,v_ridge_leverage,True,374.0,1326.0,-0.3282808166911835,0.0590134757587677,-0.38729429244995117,0.12446030488121154,0.0009546301531354021,0.12350567472807614,0.23531809325019518,0.03619368599417309,8.948375957715504,88.16185517173776,74.59886364477858,0.9900060238072753,0.29009740259740263,0.14512987012987014,niah_single_1::synthetic_niah_2,0.009993976192724685,"(53.945, 88.162]",raw,,,,,,
mechanism_targeted_4bit_seed42_v1,mlx-community/Qwen2.5-1.5B-Instruct-4bit,niah_single_1,synthetic_niah_2,42.0,cbda0763d81c77dc16cd819183d4ef66a431cae7d0d8f50510af026d1c16d64d,1d64abc8839e31ee1a0615e19a3b3b1809ca5618,16.0,1.0,17.0,v_ridge_leverage,True,4672.0,1279.0,2.9747831362669785e-06,1.7827248015578334e-06,1.1920583347091451e-06,3.3917711482540154e-07,1.3431130300584173e-07,2.048658118195598e-07,0.1085026953369379,0.10571939498186111,0.9952157923823122,1.5510493821763998,,0.9998744333899043,0.004870129870129842,0.0,niah_single_1::synthetic_niah_2,0.00012556661009566206,"(0.515, 2.806]",raw,,,,,,
mechanism_targeted_4bit_seed42_v1,mlx-community/Qwen2.5-1.5B-Instruct-4bit,niah_single_1,synthetic_niah_2,42.0,cbda0763d81c77dc16cd819183d4ef66a431cae7d0d8f50510af026d1c16d64d,1d64abc8839e31ee1a0615e19a3b3b1809ca5618,16.0,8.0,24.0,v_ridge_leverage,True,847.0,1286.0,-0.08951059841389153,-0.0032350208687255133,-0.08627557754516602,0.006166304294896085,0.00032521064130322356,0.005841093653592862,0.054354323695103325,0.029832394638409216,4.3456151902066695,51.23016974476771,,0.9987933595597328,0.036363636363636376,0.0,niah_single_1::synthetic_niah_2,0.0012066404402671926,"(16.063, 53.945]",raw,,,,,,
mechanism_targeted_4bit_seed42_v1,mlx-community/Qwen2.5-1.5B-Instruct-4bit,niah_single_1,synthetic_niah_2,42.0,cbda0763d81c77dc16cd819183d4ef66a431cae7d0d8f50510af026d1c16d64d,1d64abc8839e31ee1a0615e19a3b3b1809ca5618,16.0,16.0,32.0,v_ridge_leverage,True,1372.0,1294.0,0.003961744771679321,-0.000654417735184154,0.004616162506863475,0.0012478991965480535,6.496335138780615e-05,0.0011829358451602473,0.11800704360939562,0.09915530666088064,7.572780973327592,69.47343068012125,,0.9978983739949172,0.0725649350649351,0.0,niah_single_1::synthetic_niah_2,0.0021016260050827906,"(53.945, 88.162]",raw,,,,,,
mechanism_targeted_4bit_seed42_v1,mlx-community/Qwen2.5-1.5B-Instruct-4bit,niah_single_1,synthetic_niah_2,42.0,cbda0763d81c77dc16cd819183d4ef66a431cae7d0d8f50510af026d1c16d64d,1d64abc8839e31ee1a0615e19a3b3b1809ca5618,16.0,24.0,40.0,v_ridge_leverage,True,5387.0,1302.0,0.07060964965170413,0.031375518077073394,0.03923413157463074,0.007669203243541201,0.0025380465345303093,0.005131156709010892,0.11545555045207341,0.0778899802826345,7.4509308228960505,69.47343068012125,,0.9972601998268177,0.10892857142857149,0.0,niah_single_1::synthetic_niah_2,0.0027398001731823163,"(53.945, 88.162]",raw,,,,,,
mechanism_targeted_4bit_seed42_v1,mlx-community/Qwen2.5-1.5B-Instruct-4bit,niah_single_1,synthetic_niah_2,42.0,cbda0763d81c77dc16cd819183d4ef66a431cae7d0d8f50510af026d1c16d64d,1d64abc8839e31ee1a0615e19a3b3b1809ca5618,16.0,32.0,48.0,v_ridge_leverage,True,16587.0,1310.0,0.1831864144842612,0.0008784558813559329,0.18230795860290527,0.046661110947740836,0.0005563254834358845,0.04610478546430495,0.129273757028083,0.03389486732582251,7.706975304031526,69.47343068012125,,0.9964910572939644,0.14529220779220783,0.0,niah_single_1::synthetic_niah_2,0.0035089427060356337,"(53.945, 88.162]",raw,,,,,,
mechanism_targeted_4bit_seed42_v1,mlx-community/Qwen2.5-1.5B-Instruct-4bit,niah_single_1,synthetic_niah_2,42.0,cbda0763d81c77dc16cd819183d4ef66a431cae7d0d8f50510af026d1c16d64d,1d64abc8839e31ee1a0615e19a3b3b1809ca5618,16.0,40.0,56.0,v_ridge_leverage,True,13403.0,1318.0,-0.1776190526123962,-0.02650053569039912,-0.15111851692199707,0.02788310323554736,0.0006166930272574881,0.02726641020828987,0.1266382314885656,0.03720232696893314,8.47503369961871,72.95896973239958,51.23016974476771,0.9957842769588228,0.18165584415584407,0.03636363636363636,niah_single_1::synthetic_niah_2,0.004215723041177233,"(53.945, 88.162]",raw,,,,,,
mechanism_targeted_4bit_seed42_v1,mlx-community/Qwen2.5-1.5B-Instruct-4bit,niah_single_1,synthetic_niah_2,42.0,cbda0763d81c77dc16cd819183d4ef66a431cae7d0d8f50510af026d1c16d64d,1d64abc8839e31ee1a0615e19a3b3b1809ca5618,16.0,48.0,64.0,v_ridge_leverage,True,374.0,1326.0,-0.14658630909230652,0.0590134757587677,-0.20559978485107422,0.05613041159159072,0.0009546301531354021,0.055175781438455314,0.189006218376259,0.03619368599417309,8.598404490676572,72.95896973239958,69.47343068012125,0.9945077498562641,0.21769480519480514,0.0724025974025974,niah_single_1::synthetic_niah_2,0.005492250143735888,"(53.945, 88.162]",raw,,,,,,
mechanism_targeted_4bit_seed42_v1,mlx-community/Qwen2.5-1.5B-Instruct-4bit,niah_single_1,synthetic_niah_2,42.0,cbda0763d81c77dc16cd819183d4ef66a431cae7d0d8f50510af026d1c16d64d,1d64abc8839e31ee1a0615e19a3b3b1809ca5618,16.0,64.0,80.0,v_ridge_leverage,True,315.0,1342.0,-0.5279246967199391,0.0023653108713084237,-0.5302900075912476,0.6001228249762297,0.00037496279988096133,0.5997478621763488,0.3957157740369439,0.024940343884130318,9.08705347306226,79.74269903754882,69.47343068012125,0.9917910410058479,0.289935064935065,0.14464285714285713,niah_single_1::synthetic_niah_2,0.008208958994152082,"(53.945, 88.162]",raw,,,,,,
mechanism_targeted_4bit_seed42_v1,mlx-community/Qwen2.5-1.5B-Instruct-4bit,niah_single_1,synthetic_niah_2,42.0,cbda0763d81c77dc16cd819183d4ef66a431cae7d0d8f50510af026d1c16d64d,1d64abc8839e31ee1a0615e19a3b3b1809ca5618,48.0,1.0,49.0,v_ridge_leverage,True,369.0,1311.0,-0.0002325879392728325,-0.0008154468593701836,0.0005828589200973511,4.367155347408271e-06,1.934335966596374e-05,-1.497620431855547e-05,0.04301452912235012,0.04165819799527526,20.586290136196197,64.97098324177742,,0.9999630571380906,0.004545454545454519,0.0,niah_single_1::synthetic_niah_2,3.694286190936147e-05,"(53.945, 88.162]",raw,,,,,,
mechanism_targeted_4bit_seed42_v1,mlx-community/Qwen2.5-1.5B-Instruct-4bit,niah_single_1,synthetic_niah_2,42.0,cbda0763d81c77dc16cd819183d4ef66a431cae7d0d8f50510af026d1c16d64d,1d64abc8839e31ee1a0615e19a3b3b1809ca5618,48.0,8.0,56.0,v_ridge_leverage,True,13403.0,1318.0,-0.12651093074044795,-0.02650053569039912,-0.10001039505004883,0.005745478056396629,0.0006166930272574881,0.005128785029139141,0.05420543625950813,0.03720232696893314,9.301632739500068,64.97098324177742,,0.9995132423019183,0.036363636363636376,0.0,niah_single_1::synthetic_niah_2,0.0004867576980817079,"(53.945, 88.162]",raw,,,,,,
mechanism_targeted_4bit_seed42_v1,mlx-community/Qwen2.5-1.5B-Instruct-4bit,niah_single_1,synthetic_niah_2,42.0,cbda0763d81c77dc16cd819183d4ef66a431cae7d0d8f50510af026d1c16d64d,1d64abc8839e31ee1a0615e19a3b3b1809ca5618,48.0,16.0,64.0,v_ridge_leverage,True,374.0,1326.0,-0.08898891033437195,0.0590134757587677,-0.14800238609313965,0.01111695681845055,0.0009546301531354021,0.010162326665315148,0.10115457978099585,0.03619368599417309,8.305435921839473,64.97098324177742,,0.9987252558111223,0.07240259740259743,0.0,niah_single_1::synthetic_niah_2,0.001274744188877741,"(53.945, 88.162]",raw,,,,,,
mechanism_targeted_4bit_seed42_v1,mlx-community/Qwen2.5-1.5B-Instruct-4bit,niah_single_1,synthetic_niah_2,42.0,cbda0763d81c77dc16cd819183d4ef66a431cae7d0d8f50510af026d1c16d64d,1d64abc8839e31ee1a0615e19a3b3b1809ca5618,48.0,24.0,72.0,v_ridge_leverage,True,476.0,1334.0,-0.048217010726524734,-0.0013965489764942163,-0.04682046175003052,0.014627973787538485,0.00031907290150640826,0.014308900886032077,0.2891903364410003,0.04809415309379498,8.474400493848181,64.97098324177742,,0.9975433454565811,0.12240259740259744,0.0,niah_single_1::synthetic_niah_2,0.0024566545434189235,"(53.945, 88.162]",raw,,,,,,
mechanism_targeted_4bit_seed42_v1,mlx-community/Qwen2.5-1.5B-Instruct-4bit,niah_single_1,synthetic_niah_2,42.0,cbda0763d81c77dc16cd819183d4ef66a431cae7d0d8f50510af026d1c16d64d,1d64abc8839e31ee1a0615e19a3b3b1809ca5618,48.0,32.0,80.0,v_ridge_leverage,True,315.0,1342.0,-0.3984384339216298,0.0023653108713084237,-0.40080374479293823,0.6166982604308954,0.00037496279988096133,0.6163232976310145,0.3203129079192877,0.024940343884130318,8.40988975312279,64.97098324177742,,0.9967911518149173,0.14464285714285716,0.0,niah_single_1::synthetic_niah_2,0.0032088481850827133,"(53.945, 88.162]",raw,,,,,,
mechanism_targeted_4bit_seed42_v1,mlx-community/Qwen2.5-1.5B-Instruct-4bit,niah_single_1,synthetic_niah_2,42.0,cbda0763d81c77dc16cd819183d4ef66a431cae7d0d8f50510af026d1c16d64d,1d64abc8839e31ee1a0615e19a3b3b1809ca5618,48.0,40.0,88.0,v_ridge_leverage,True,594.0,1350.0,0.10161856732888808,-0.0009828379042566837,0.10260140523314476,0.06720628938906067,0.00011510676293976558,0.0670911826261209,0.3081414153178533,0.036099966537828244,8.14003646277041,64.97098324177742,64.97098324177742,0.9955833823023189,0.19253246753246747,0.0362012987012987,niah_single_1::synthetic_niah_2,0.004416617697681091,"(53.945, 88.162]",raw,,,,,,
mechanism_targeted_4bit_seed42_v1,mlx-community/Qwen2.5-1.5B-Instruct-4bit,niah_single_1,synthetic_niah_2,42.0,cbda0763d81c77dc16cd819183d4ef66a431cae7d0d8f50510af026d1c16d64d,1d64abc8839e31ee1a0615e19a3b3b1809ca5618,48.0,48.0,96.0,v_ridge_leverage,True,304.0,1358.0,0.3531321631962001,-0.03424605259359481,0.3873782157897949,0.24497864034404343,0.0008951297938154489,0.24408351055022798,0.27207621932029724,0.035111797818293176,8.25705585015917,64.97098324177742,64.97098324177742,0.9948727503564181,0.2272727272727272,0.07191558441558442,niah_single_1::synthetic_niah_2,0.00512724964358191,"(53.945, 88.162]",raw,,,,,,
mechanism_targeted_4bit_seed42_v1,mlx-community/Qwen2.5-1.5B-Instruct-4bit,niah_single_1,synthetic_niah_2,42.0,cbda0763d81c77dc16cd819183d4ef66a431cae7d0d8f50510af026d1c16d64d,1d64abc8839e31ee1a0615e19a3b3b1809ca5618,48.0,64.0,112.0,v_ridge_leverage,True,429.0,1374.0,1.5361129366587498,-0.0023442781735560914,1.538457214832306,0.5960265355749002,0.00040322621747184697,0.5956233093574284,0.27338210058708984,0.0344730787910521,7.985773046707166,64.97098324177742,64.97098324177742,0.9932239585837266,0.29204545454545455,0.14042207792207792,niah_single_1::synthetic_niah_2,0.006776041416273415,"(53.945, 88.162]",raw,,,,,,
mechanism_targeted_4bit_seed42_v1,mlx-community/Qwen2.5-1.5B-Instruct-4bit,niah_single_1,synthetic_niah_3,42.0,cbda0763d81c77dc16cd819183d4ef66a431cae7d0d8f50510af026d1c16d64d,1d64abc8839e31ee1a0615e19a3b3b1809ca5618,0.0,1.0,1.0,v_ridge_leverage,True,3281.0,1263.0,0.0003237618622478067,0.00020164777758679975,0.00012211408466100693,4.923928311895498e-05,4.8719839331987815e-05,5.194437869671624e-07,0.11386759051432212,0.11375030564765136,1.3623781745130137,2.353065418189849,,0.9997576775951184,0.0055194805194804875,0.0,niah_single_1::synthetic_niah_3,0.00024232240488164525,"(0.515, 2.806]",raw,,,,,,
mechanism_targeted_4bit_seed42_v1,mlx-community/Qwen2.5-1.5B-Instruct-4bit,niah_single_1,synthetic_niah_3,42.0,cbda0763d81c77dc16cd819183d4ef66a431cae7d0d8f50510af026d1c16d64d,1d64abc8839e31ee1a0615e19a3b3b1809ca5618,0.0,8.0,8.0,v_ridge_leverage,True,87.0,1270.0,-5.37444727299885e-06,-1.2932766324524891e-07,-5.245119609753601e-06,9.142487869146217e-07,6.145934376054187e-08,8.527894431540799e-07,0.08183744177222252,0.06928438041359186,1.342840353200021,2.7428729415180477,,0.9976608760550436,0.05340909090909091,0.0,niah_single_1::synthetic_niah_3,0.0023391239449563894,"(0.515, 2.806]",raw,,,,,,
mechanism_targeted_4bit_seed42_v1,mlx-community/Qwen2.5-1.5B-Instruct-4bit,niah_single_1,synthetic_niah_3,42.0,cbda0763d81c77dc16cd819183d4ef66a431cae7d0d8f50510af026d1c16d64d,1d64abc8839e31ee1a0615e19a3b3b1809ca5618,0.0,16.0,16.0,v_ridge_leverage,True,21.0,1278.0,0.00015160673002867497,9.417541379264094e-05,5.7431316236034036e-05,2.6450187523263647e-05,1.2295960046430093e-05,1.4154227476833553e-05,0.12543577949206033,0.08514538779854774,1.6626861253415137,8.85634875224069,,0.9957355666740532,0.08944805194805197,0.0,niah_single_1::synthetic_niah_3,0.004264433325946837,"(2.806, 16.063]",raw,,,,,,
mechanism_targeted_4bit_seed42_v1,mlx-community/Qwen2.5-1.5B-Instruct-4bit,niah_single_1,synthetic_niah_3,42.0,cbda0763d81c77dc16cd819183d4ef66a431cae7d0d8f50510af026d1c16d64d,1d64abc8839e31ee1a0615e19a3b3b1809ca5618,0.0,24.0,24.0,v_ridge_leverage,True,1995.0,1286.0,1.7799897269205864,0.0025936887459572233,1.7773960381746292,1.3887320908621201,5.794820596956437e-05,1.3886741426561506,0.21562603830049434,0.04704510482649008,3.8348621184329486,76.48068684543472,,0.9935554118715005,0.12581168831168837,0.0,niah_single_1::synthetic_niah_3,0.006444588128499462,"(53.945, 88.162]",raw,,,,,,
mechanism_targeted_4bit_seed42_v1,mlx-community/Qwen2.5-1.5B-Instruct-4bit,niah_single_1,synthetic_niah_3,42.0,cbda0763d81c77dc16cd819183d4ef66a431cae7d0d8f50510af026d1c16d64d,1d64abc8839e31ee1a0615e19a3b3b1809ca5618,0.0,32.0,32.0,v_ridge_leverage,True,1995.0,1294.0,-0.09640583884194953,0.00666751969381707,-0.1030733585357666,0.4364018786361801,0.00040640549078562794,0.43599547314539444,0.20646299173434576,0.05819652113132179,7.163868704533001,76.48068684543472,,0.9919597989930514,0.1610389610389611,0.0,niah_single_1::synthetic_niah_3,0.008040201006948577,"(53.945, 88.162]",raw,,,,,,
mechanism_targeted_4bit_seed42_v1,mlx-community/Qwen2.5-1.5B-Instruct-4bit,niah_single_1,synthetic_niah_3,42.0,cbda0763d81c77dc16cd819183d4ef66a431cae7d0d8f50510af026d1c16d64d,1d64abc8839e31ee1a0615e19a3b3b1809ca5618,0.0,40.0,40.0,v_ridge_leverage,True,11.0,1302.0,0.054001293002983175,0.018083265840431295,0.03591802716255188,0.02326080800358876,0.0004407926834763651,0.022820015320112394,0.20012633999188742,0.04458131191010276,9.127158859724485,76.48068684543472,2.7428729415180477,0.9909310257744366,0.19610389610389603,0.03636363636363636,niah_single_1::synthetic_niah_3,0.009068974225563409,"(53.945, 88.162]",raw,,,,,,
mechanism_targeted_4bit_seed42_v1,mlx-community/Qwen2.5-1.5B-Instruct-4bit,niah_single_1,synthetic_niah_3,42.0,cbda0763d81c77dc16cd819183d4ef66a431cae7d0d8f50510af026d1c16d64d,1d64abc8839e31ee1a0615e19a3b3b1809ca5618,0.0,48.0,48.0,v_ridge_leverage,True,358.0,1310.0,0.15197108275265236,0.0030951905903293664,0.148875892162323,0.06452659079914527,0.00010429410310068901,0.06442229669604459,0.26201921328902245,0.04866886946062247,9.366845456301206,76.48068684543472,8.85634875224069,0.9898318258234615,0.2311688311688311,0.07256493506493507,niah_single_1::synthetic_niah_3,0.01016817417653848,"(53.945, 88.162]",raw,,,,,,
mechanism_targeted_4bit_seed42_v1,mlx-community/Qwen2.5-1.5B-Instruct-4bit,niah_single_1,synthetic_niah_3,42.0,cbda0763d81c77dc16cd819183d4ef66a431cae7d0d8f50510af026d1c16d64d,1d64abc8839e31ee1a0615e19a3b3b1809ca5618,0.0,64.0,64.0,v_ridge_leverage,True,13.0,1326.0,0.283723112473357,-0.003702107539307775,0.2874252200126648,0.09298254757445594,3.0744768424374074e-05,0.09295180280603156,0.345783231779933,0.05782963583866755,9.89090779701427,76.48068684543472,76.48068684543472,0.9853062507976207,0.3012987012987013,0.1452922077922078,niah_single_1::synthetic_niah_3,0.014693749202379314,"(53.945, 88.162]",raw,,,,,,
mechanism_targeted_4bit_seed42_v1,mlx-community/Qwen2.5-1.5B-Instruct-4bit,niah_single_1,synthetic_niah_3,42.0,cbda0763d81c77dc16cd819183d4ef66a431cae7d0d8f50510af026d1c16d64d,1d64abc8839e31ee1a0615e19a3b3b1809ca5618,16.0,1.0,17.0,v_ridge_leverage,True,24.0,1279.0,-2.3710955971978365e-06,-3.3247371717948226e-06,9.536415745969862e-07,8.831345169631979e-08,2.0371195171374252e-07,-1.1539850001742273e-07,0.09016749231765668,0.08980655980606873,1.963413540972926,3.994912907954941,,0.9998497788598809,0.004545454545454519,0.0,niah_single_1::synthetic_niah_3,0.00015022114011908894,"(2.806, 16.063]",raw,,,,,,
mechanism_targeted_4bit_seed42_v1,mlx-community/Qwen2.5-1.5B-Instruct-4bit,niah_single_1,synthetic_niah_3,42.0,cbda0763d81c77dc16cd819183d4ef66a431cae7d0d8f50510af026d1c16d64d,1d64abc8839e31ee1a0615e19a3b3b1809ca5618,16.0,8.0,24.0,v_ridge_leverage,True,1995.0,1286.0,-0.00213151417209545,0.0025936887459572233,-0.004725202918052673,0.0009017559606834739,5.794820596956437e-05,0.0008438077547139096,0.07951092440634966,0.04704510482649008,6.628944755646686,58.08397124722121,,0.998475021803862,0.036363636363636376,0.0,niah_single_1::synthetic_niah_3,0.0015249781961379494,"(53.945, 88.162]",raw,,,,,,
mechanism_targeted_4bit_seed42_v1,mlx-community/Qwen2.5-1.5B-Instruct-4bit,niah_single_1,synthetic_niah_3,42.0,cbda0763d81c77dc16cd819183d4ef66a431cae7d0d8f50510af026d1c16d64d,1d64abc8839e31ee1a0615e19a3b3b1809ca5618,16.0,16.0,32.0,v_ridge_leverage,True,1995.0,1294.0,0.05391659844442742,0.00666751969381707,0.04724907875061035,0.010841431614204068,0.00040640549078562794,0.01043502612341844,0.10025652746359508,0.05819652113132179,10.280143340158165,62.7238121101485,,0.9972889684086825,0.0725649350649351,0.0,niah_single_1::synthetic_niah_3,0.00271103159131747,"(53.945, 88.162]",raw,,,,,,
mechanism_targeted_4bit_seed42_v1,mlx-community/Qwen2.5-1.5B-Instruct-4bit,niah_single_1,synthetic_niah_3,42.0,cbda0763d81c77dc16cd819183d4ef66a431cae7d0d8f50510af026d1c16d64d,1d64abc8839e31ee1a0615e19a3b3b1809ca5618,16.0,24.0,40.0,v_ridge_leverage,True,11.0,1302.0,-0.02357650655565635,0.018083265840431295,-0.041659772396087646,0.004640621217395425,0.0004407926834763651,0.004199828533919059,0.11382451591392358,0.04458131191010276,11.44139185241764,62.7238121101485,,0.9965568655982436,0.10892857142857149,0.0,niah_single_1::synthetic_niah_3,0.0034431344017563648,"(53.945, 88.162]",raw,,,,,,
mechanism_targeted_4bit_seed42_v1,mlx-community/Qwen2.5-1.5B-Instruct-4bit,niah_single_1,synthetic_niah_3,42.0,cbda0763d81c77dc16cd819183d4ef66a431cae7d0d8f50510af026d1c16d64d,1d64abc8839e31ee1a0615e19a3b3b1809ca5618,16.0,32.0,48.0,v_ridge_leverage,True,358.0,1310.0,-0.03232468330293159,0.0030951905903293664,-0.035419873893260956,0.008241422232221185,0.00010429410310068901,0.008137128129120496,0.14972331995765367,0.04866886946062247,10.74931117394174,62.7238121101485,,0.9957786093933748,0.14512987012987016,0.0,niah_single_1::synthetic_niah_3,0.004221390606625186,"(53.945, 88.162]",raw,,,,,,
mechanism_targeted_4bit_seed42_v1,mlx-community/Qwen2.5-1.5B-Instruct-4bit,niah_single_1,synthetic_niah_3,42.0,cbda0763d81c77dc16cd819183d4ef66a431cae7d0d8f50510af026d1c16d64d,1d64abc8839e31ee1a0615e19a3b3b1809ca5618,16.0,40.0,56.0,v_ridge_leverage,True,5435.0,1318.0,0.23651624101337987,-0.003679331362871352,0.24019557237625122,0.03617260859889971,0.0001611008477297776,0.03601150775116993,0.18175964802503586,0.04254616408919295,11.303956202739084,62.7238121101485,58.08397124722121,0.9945144141352535,0.18149350649350643,0.03636363636363636,niah_single_1::synthetic_niah_3,0.005485585864746456,"(53.945, 88.162]",raw,,,,,,
mechanism_targeted_4bit_seed42_v1,mlx-community/Qwen2.5-1.5B-Instruct-4bit,niah_single_1,synthetic_niah_3,42.0,cbda0763d81c77dc16cd819183d4ef66a431cae7d0d8f50510af026d1c16d64d,1d64abc8839e31ee1a0615e19a3b3b1809ca5618,16.0,48.0,64.0,v_ridge_leverage,True,13.0,1326.0,0.03196882856832772,-0.003702107539307775,0.0356709361076355,0.030361211369350164,3.0744768424374074e-05,0.03033046660092579,0.34391068418820697,0.05782963583866755,10.073618823436298,62.7238121101485,62.7238121101485,0.9921621659162038,0.21785714285714278,0.07272727272727272,niah_single_1::synthetic_niah_3,0.007837834083796236,"(53.945, 88.162]",raw,,,,,,
mechanism_targeted_4bit_seed42_v1,mlx-community/Qwen2.5-1.5B-Instruct-4bit,niah_single_1,synthetic_niah_3,42.0,cbda0763d81c77dc16cd819183d4ef66a431cae7d0d8f50510af026d1c16d64d,1d64abc8839e31ee1a0615e19a3b3b1809ca5618,16.0,64.0,80.0,v_ridge_leverage,True,6573.0,1342.0,0.5153637614784294,-0.0008392843666022998,0.5162030458450317,0.18854619713425472,0.00024043909800653069,0.1883057580362482,0.24138349729279676,0.03098937946682175,9.604116910384157,68.53610110778935,62.7238121101485,0.9888175309297305,0.2902597402597403,0.14512987012987014,niah_single_1::synthetic_niah_3,0.01118246907026954,"(53.945, 88.162]",raw,,,,,,
mechanism_targeted_4bit_seed42_v1,mlx-community/Qwen2.5-1.5B-Instruct-4bit,niah_single_1,synthetic_niah_3,42.0,cbda0763d81c77dc16cd819183d4ef66a431cae7d0d8f50510af026d1c16d64d,1d64abc8839e31ee1a0615e19a3b3b1809ca5618,48.0,1.0,49.0,v_ridge_leverage,True,6966.0,1311.0,0.005281673468477521,0.010272847212679181,-0.00499117374420166,0.00026916411783303555,0.00011286850841528352,0.00015629560941775203,0.04026516705440978,0.039753329707309604,9.308657975396828,34.952790344457355,,0.9999576193974945,0.004707792207792181,0.0,niah_single_1::synthetic_niah_3,4.2380602505498466e-05,"(16.063, 53.945]",raw,,,,,,
mechanism_targeted_4bit_seed42_v1,mlx-community/Qwen2.5-1.5B-Instruct-4bit,niah_single_1,synthetic_niah_3,42.0,cbda0763d81c77dc16cd819183d4ef66a431cae7d0d8f50510af026d1c16d64d,1d64abc8839e31ee1a0615e19a3b3b1809ca5618,48.0,8.0,56.0,v_ridge_leverage,True,5435.0,1318.0,0.060060683667035875,-0.003679331362871352,0.06374001502990723,0.0022161683678704335,0.0001611008477297776,0.002055067520140656,0.09685941350956757,0.04254616408919295,11.257186384369168,53.921313643154065,,0.9993053542295752,0.036363636363636376,0.0,niah_single_1::synthetic_niah_3,0.0006946457704247733,"(16.063, 53.945]",raw,,,,,,
mechanism_targeted_4bit_seed42_v1,mlx-community/Qwen2.5-1.5B-Instruct-4bit,niah_single_1,synthetic_niah_3,42.0,cbda0763d81c77dc16cd819183d4ef66a431cae7d0d8f50510af026d1c16d64d,1d64abc8839e31ee1a0615e19a3b3b1809ca5618,48.0,16.0,64.0,v_ridge_leverage,True,13.0,1326.0,0.08600586307989389,-0.003702107539307775,0.08970797061920166,0.02288475428926281,3.0744768424374074e-05,0.022854009520838433,0.1774832165489594,0.05782963583866755,7.1460513819506355,53.921313643154065,,0.9977351726914255,0.07272727272727275,0.0,niah_single_1::synthetic_niah_3,0.0022648273085744686,"(16.063, 53.945]",raw,,,,,,
mechanism_targeted_4bit_seed42_v1,mlx-community/Qwen2.5-1.5B-Instruct-4bit,niah_single_1,synthetic_niah_3,42.0,cbda0763d81c77dc16cd819183d4ef66a431cae7d0d8f50510af026d1c16d64d,1d64abc8839e31ee1a0615e19a3b3b1809ca5618,48.0,24.0,72.0,v_ridge_leverage,True,1985.0,1334.0,0.1482504026556981,0.004796029772855093,0.14345437288284302,0.04428956780551963,0.00032322929999615657,0.04396633850552348,0.18488363083451986,0.049479259022821985,5.905431305646453,53.921313643154065,,0.9965292317100252,0.10909090909090915,0.0,niah_single_1::synthetic_niah_3,0.003470768289974835,"(16.063, 53.945]",raw,,,,,,
mechanism_targeted_4bit_seed42_v1,mlx-community/Qwen2.5-1.5B-Instruct-4bit,niah_single_1,synthetic_niah_3,42.0,cbda0763d81c77dc16cd819183d4ef66a431cae7d0d8f50510af026d1c16d64d,1d64abc8839e31ee1a0615e19a3b3b1809ca5618,48.0,32.0,80.0,v_ridge_leverage,True,6573.0,1342.0,0.5748292890129143,-0.0008392843666022998,0.5756685733795166,0.3636527259214324,0.00024043909800653069,0.36341228682342586,0.19876334940393767,0.03098937946682175,6.971941155620727,64.91318303930578,,0.9955478068039909,0.14512987012987016,0.0,niah_single_1::synthetic_niah_3,0.004452193196009091,"(53.945, 88.162]",raw,,,,,,
mechanism_targeted_4bit_seed42_v1,mlx-community/Qwen2.5-1.5B-Instruct-4bit,niah_single_1,synthetic_niah_3,42.0,cbda0763d81c77dc16cd819183d4ef66a431cae7d0d8f50510af026d1c16d64d,1d64abc8839e31ee1a0615e19a3b3b1809ca5618,48.0,40.0,88.0,v_ridge_leverage,True,24748.0,1350.0,-0.25156640273034725,-0.020104877766968343,-0.2314615249633789,0.05610703378112783,0.0007785177058879014,0.05532851607523993,0.21159235325952372,0.0588758901382486,7.285966795821024,64.91318303930578,53.921313643154065,0.9949942250991853,0.1813311688311688,0.0362012987012987,niah_single_1::synthetic_niah_3,0.0050057749008146635,"(53.945, 88.162]",raw,,,,,,
mechanism_targeted_4bit_seed42_v1,mlx-community/Qwen2.5-1.5B-Instruct-4bit,niah_single_1,synthetic_niah_3,42.0,cbda0763d81c77dc16cd819183d4ef66a431cae7d0d8f50510af026d1c16d64d,1d64abc8839e31ee1a0615e19a3b3b1809ca5618,48.0,48.0,96.0,v_ridge_leverage,True,537.0,1358.0,0.2629417651923589,-0.0009296661583491073,0.263871431350708,0.13717525459570068,0.00023642836778900336,0.13693882622791168,0.18659835929671922,0.027508468794015545,7.487874072659843,64.91318303930578,53.921313643154065,0.9943527906510553,0.21769480519480514,0.07256493506493507,niah_single_1::synthetic_niah_3,0.005647209348944693,"(53.945, 88.162]",raw,,,,,,
mechanism_targeted_4bit_seed42_v1,mlx-community/Qwen2.5-1.5B-Instruct-4bit,niah_single_1,synthetic_niah_3,42.0,cbda0763d81c77dc16cd819183d4ef66a431cae7d0d8f50510af026d1c16d64d,1d64abc8839e31ee1a0615e19a3b3b1809ca5618,48.0,64.0,112.0,v_ridge_leverage,True,14944.0,1374.0,0.35663495702506864,0.018647891709822062,0.3379870653152466,0.08151150322490897,0.00044937357252364924,0.08106212965238532,0.19109815855820975,0.058442832358802356,7.982250819897085,64.91318303930578,64.91318303930578,0.9925352175162743,0.2887987012987013,0.14415584415584415,niah_single_1::synthetic_niah_3,0.007464782483725729,"(53.945, 88.162]",raw,,,,,,
mechanism_targeted_4bit_seed42_v1,mlx-community/Qwen2.5-1.5B-Instruct-4bit,niah_single_1,synthetic_niah_4,42.0,cbda0763d81c77dc16cd819183d4ef66a431cae7d0d8f50510af026d1c16d64d,1d64abc8839e31ee1a0615e19a3b3b1809ca5618,0.0,1.0,1.0,v_ridge_leverage,True,3281.0,1265.0,0.0002157169654601887,0.00039069012548864634,-0.00017497316002845764,0.00021325472442895453,0.00027923737327149753,-6.5982648842543e-05,0.11613595144202311,0.11566066772987445,1.1209809277551523,1.971442484253975,,0.9994041512205636,0.0227272727272727,0.0,niah_single_1::synthetic_niah_4,0.0005958487794364142,"(0.515, 2.806]",raw,,,,,,
mechanism_targeted_4bit_seed42_v1,mlx-community/Qwen2.5-1.5B-Instruct-4bit,niah_single_1,synthetic_niah_4,42.0,cbda0763d81c77dc16cd819183d4ef66a431cae7d0d8f50510af026d1c16d64d,1d64abc8839e31ee1a0615e19a3b3b1809ca5618,0.0,8.0,8.0,v_ridge_leverage,True,3632.0,1272.0,-4.8209274371657784e-05,-2.782663954192799e-05,-2.0382634829729795e-05,1.247383499097962e-05,4.357398565106837e-06,8.116436425872785e-06,0.08982021547853947,0.08499540574848652,1.0968796858487877,2.2740836885771563,,0.9992034360318314,0.03685064935064936,0.0,niah_single_1::synthetic_niah_4,0.0007965639681686287,"(0.515, 2.806]",raw,,,,,,
mechanism_targeted_4bit_seed42_v1,mlx-community/Qwen2.5-1.5B-Instruct-4bit,niah_single_1,synthetic_niah_4,42.0,cbda0763d81c77dc16cd819183d4ef66a431cae7d0d8f50510af026d1c16d64d,1d64abc8839e31ee1a0615e19a3b3b1809ca5618,0.0,16.0,16.0,v_ridge_leverage,True,21.0,1280.0,7.923593326708556e-05,-1.5627580101096328e-05,9.486351336818188e-05,1.3216044058786208e-05,1.229687972719249e-06,1.1986356086066959e-05,0.13422318237523237,0.11567777146895726,1.177295380640065,4.192875474460456,,0.9983635257701017,0.07240259740259743,0.0,niah_single_1::synthetic_niah_4,0.0016364742298983215,"(2.806, 16.063]",raw,,,,,,
mechanism_targeted_4bit_seed42_v1,mlx-community/Qwen2.5-1.5B-Instruct-4bit,niah_single_1,synthetic_niah_4,42.0,cbda0763d81c77dc16cd819183d4ef66a431cae7d0d8f50510af026d1c16d64d,1d64abc8839e31ee1a0615e19a3b3b1809ca5618,0.0,24.0,24.0,v_ridge_leverage,True,419.0,1288.0,0.022760668872859213,8.566874172899475e-05,0.02267500013113022,0.0344535145219069,2.8882681503830933e-06,0.034450626253756514,0.41768231242895126,0.06892171936730544,2.741020974471626,59.7030035770718,,0.9974693495672334,0.10876623376623382,0.0,niah_single_1::synthetic_niah_4,0.002530650432766568,"(53.945, 88.162]",raw,,,,,,
mechanism_targeted_4bit_seed42_v1,mlx-community/Qwen2.5-1.5B-Instruct-4bit,niah_single_1,synthetic_niah_4,42.0,cbda0763d81c77dc16cd819183d4ef66a431cae7d0d8f50510af026d1c16d64d,1d64abc8839e31ee1a0615e19a3b3b1809ca5618,0.0,32.0,32.0,v_ridge_leverage,True,311.0,1296.0,-0.1469350794938329,0.04581644733874768,-0.19275152683258057,0.15305953097837383,0.0066175978575071384,0.14644193312086667,0.25118060534199077,0.05771572577456633,6.182891680566456,71.32845314764774,,0.9968572574318756,0.14496753246753252,0.0,niah_single_1::synthetic_niah_4,0.0031427425681244125,"(53.945, 88.162]",raw,,,,,,
mechanism_targeted_4bit_seed42_v1,mlx-community/Qwen2.5-1.5B-Instruct-4bit,niah_single_1,synthetic_niah_4,42.0,cbda0763d81c77dc16cd819183d4ef66a431cae7d0d8f50510af026d1c16d64d,1d64abc8839e31ee1a0615e19a3b3b1809ca5618,0.0,40.0,40.0,v_ridge_leverage,True,279.0,1304.0,-0.37012771351956175,0.08868958966113283,-0.4588173031806946,0.2471969325629469,0.004509309995283504,0.24268762256766338,0.25212168879806995,0.08342447970062494,7.3512687667261085,71.32845314764774,2.2740836885771563,0.9965639833153954,0.1813311688311688,0.03636363636363636,niah_single_1::synthetic_niah_4,0.0034360166846045814,"(53.945, 88.162]",raw,,,,,,
mechanism_targeted_4bit_seed42_v1,mlx-community/Qwen2.5-1.5B-Instruct-4bit,niah_single_1,synthetic_niah_4,42.0,cbda0763d81c77dc16cd819183d4ef66a431cae7d0d8f50510af026d1c16d64d,1d64abc8839e31ee1a0615e19a3b3b1809ca5618,0.0,48.0,48.0,v_ridge_leverage,True,74.0,1312.0,1.719267072886055e-05,-5.217322378570088e-06,2.2409993107430637e-05,9.656152483270167e-06,2.954691023961962e-07,9.36068338087397e-06,0.2630065840979417,0.06092326424550265,7.148049709971015,71.32845314764774,4.192875474460456,0.9962731809427262,0.21753246753246744,0.07256493506493507,niah_single_1::synthetic_niah_4,0.003726819057273789,"(53.945, 88.162]",raw,,,,,,
mechanism_targeted_4bit_seed42_v1,mlx-community/Qwen2.5-1.5B-Instruct-4bit,niah_single_1,synthetic_niah_4,42.0,cbda0763d81c77dc16cd819183d4ef66a431cae7d0d8f50510af026d1c16d64d,1d64abc8839e31ee1a0615e19a3b3b1809ca5618,0.0,64.0,64.0,v_ridge_leverage,True,2813.0,1328.0,0.2916696510913681,-0.003705815255372613,0.2953754663467407,0.04113191110021448,0.001400194460681469,0.03973171663953301,0.16141018799195686,0.04309879460682472,8.266298417015179,71.32845314764774,71.32845314764774,0.9948365048427451,0.2902597402597403,0.1452922077922078,niah_single_1::synthetic_niah_4,0.005163495157254894,"(53.945, 88.162]",raw,,,,,,
mechanism_targeted_4bit_seed42_v1,mlx-community/Qwen2.5-1.5B-Instruct-4bit,niah_single_1,synthetic_niah_4,42.0,cbda0763d81c77dc16cd819183d4ef66a431cae7d0d8f50510af026d1c16d64d,1d64abc8839e31ee1a0615e19a3b3b1809ca5618,16.0,1.0,17.0,v_ridge_leverage,True,20.0,1281.0,4.297229235206146e-05,3.761171602789659e-05,5.360576324164867e-06,3.907629697318897e-06,2.426971899067739e-06,1.480657798251158e-06,0.08748425046602885,0.08782984564701717,1.8925892683469667,3.9715287809510813,,0.9999250821236877,0.0051948051948051644,0.0,niah_single_1::synthetic_niah_4,7.491787631230817e-05,"(2.806, 16.063]",raw,,,,,,
mechanism_targeted_4bit_seed42_v1,mlx-community/Qwen2.5-1.5B-Instruct-4bit,niah_single_1,synthetic_niah_4,42.0,cbda0763d81c77dc16cd819183d4ef66a431cae7d0d8f50510af026d1c16d64d,1d64abc8839e31ee1a0615e19a3b3b1809ca5618,16.0,8.0,24.0,v_ridge_leverage,True,419.0,1288.0,-0.008036455036137369,8.566874172899475e-05,-0.008122123777866364,0.0003311240317883393,2.8882681503830933e-06,0.0003282357636379562,0.09703343206395705,0.06892171936730544,5.001498002796926,52.42264565501627,,0.9992994305610127,0.03652597402597403,0.0,niah_single_1::synthetic_niah_4,0.0007005694389873307,"(16.063, 53.945]",raw,,,,,,
mechanism_targeted_4bit_seed42_v1,mlx-community/Qwen2.5-1.5B-Instruct-4bit,niah_single_1,synthetic_niah_4,42.0,cbda0763d81c77dc16cd819183d4ef66a431cae7d0d8f50510af026d1c16d64d,1d64abc8839e31ee1a0615e19a3b3b1809ca5618,16.0,16.0,32.0,v_ridge_leverage,True,311.0,1296.0,0.01185050209491223,0.04581644733874768,-0.03396594524383545,0.034813843301182625,0.0066175978575071384,0.028196245443675487,0.11624867282807827,0.05771572577456633,9.255809196283957,52.42264565501627,,0.9988285632609859,0.0725649350649351,0.0,niah_single_1::synthetic_niah_4,0.0011714367390140978,"(16.063, 53.945]",raw,,,,,,
mechanism_targeted_4bit_seed42_v1,mlx-community/Qwen2.5-1.5B-Instruct-4bit,niah_single_1,synthetic_niah_4,42.0,cbda0763d81c77dc16cd819183d4ef66a431cae7d0d8f50510af026d1c16d64d,1d64abc8839e31ee1a0615e19a3b3b1809ca5618,16.0,24.0,40.0,v_ridge_leverage,True,279.0,1304.0,-0.25318387730740355,0.08868958966113283,-0.3418734669685364,0.15942615265515273,0.004509309995283504,0.1549168426598692,0.15657147640983263,0.08342447970062494,9.224218543869915,52.42264565501627,,0.9986075236092943,0.10892857142857149,0.0,niah_single_1::synthetic_niah_4,0.0013924763907057214,"(16.063, 53.945]",raw,,,,,,
mechanism_targeted_4bit_seed42_v1,mlx-community/Qwen2.5-1.5B-Instruct-4bit,niah_single_1,synthetic_niah_4,42.0,cbda0763d81c77dc16cd819183d4ef66a431cae7d0d8f50510af026d1c16d64d,1d64abc8839e31ee1a0615e19a3b3b1809ca5618,16.0,32.0,48.0,v_ridge_leverage,True,74.0,1312.0,1.1471017732134214e-05,-5.217322378570088e-06,1.6688340110704303e-05,7.557363020962828e-06,2.954691023961962e-07,7.261893918566632e-06,0.2387701335052649,0.06092326424550265,8.17278991116761,52.42264565501627,,0.998379031043149,0.14512987012987016,0.0,niah_single_1::synthetic_niah_4,0.0016209689568510433,"(16.063, 53.945]",raw,,,,,,
mechanism_targeted_4bit_seed42_v1,mlx-community/Qwen2.5-1.5B-Instruct-4bit,niah_single_1,synthetic_niah_4,42.0,cbda0763d81c77dc16cd819183d4ef66a431cae7d0d8f50510af026d1c16d64d,1d64abc8839e31ee1a0615e19a3b3b1809ca5618,16.0,40.0,56.0,v_ridge_leverage,True,829.0,1320.0,0.09797527065092737,-0.00024102459138219956,0.09821629524230957,0.03490604786440296,0.0006284754753688531,0.03427757238903411,0.1239248428804179,0.04131628029669324,8.055465258090582,52.42264565501627,52.42264565501627,0.9979560850234479,0.18149350649350643,0.03636363636363636,niah_single_1::synthetic_niah_4,0.002043914976552097,"(16.063, 53.945]",raw,,,,,,
mechanism_targeted_4bit_seed42_v1,mlx-community/Qwen2.5-1.5B-Instruct-4bit,niah_single_1,synthetic_niah_4,42.0,cbda0763d81c77dc16cd819183d4ef66a431cae7d0d8f50510af026d1c16d64d,1d64abc8839e31ee1a0615e19a3b3b1809ca5618,16.0,48.0,64.0,v_ridge_leverage,True,2813.0,1328.0,0.06275896650579682,-0.003705815255372613,0.06646478176116943,0.026554736817395688,0.001400194460681469,0.02515454235671422,0.13509818352758884,0.04309879460682472,8.44003177213856,52.42264565501627,52.42264565501627,0.9972461537658358,0.21785714285714278,0.07272727272727272,niah_single_1::synthetic_niah_4,0.0027538462341641923,"(16.063, 53.945]",raw,,,,,,
mechanism_targeted_4bit_seed42_v1,mlx-community/Qwen2.5-1.5B-Instruct-4bit,niah_single_1,synthetic_niah_4,42.0,cbda0763d81c77dc16cd819183d4ef66a431cae7d0d8f50510af026d1c16d64d,1d64abc8839e31ee1a0615e19a3b3b1809ca5618,16.0,64.0,80.0,v_ridge_leverage,True,23.0,1344.0,1.5288268777169378e-05,-2.0866874450575779e-07,1.5496937521675136e-05,6.836622921096599e-06,2.6716710628017194e-08,6.809906210468582e-06,0.40989048530658084,0.0666406702560683,7.707196443263065,53.11660620842041,52.42264565501627,0.9957064616600738,0.2905844155844156,0.14545454545454545,niah_single_1::synthetic_niah_4,0.004293538339926184,"(16.063, 53.945]",raw,,,,,,
mechanism_targeted_4bit_seed42_v1,mlx-community/Qwen2.5-1.5B-Instruct-4bit,niah_single_1,synthetic_niah_4,42.0,cbda0763d81c77dc16cd819183d4ef66a431cae7d0d8f50510af026d1c16d64d,1d64abc8839e31ee1a0615e19a3b3b1809ca5618,48.0,1.0,49.0,v_ridge_leverage,True,75076.0,1313.0,2.1562517339646092e-05,2.6925538385569325e-05,-5.363021045923233e-06,1.080806724521178e-06,1.550992000852981e-06,-4.7018527633180305e-07,0.06609145893404882,0.06422788587709267,0.5449937515615734,0.7779514470838867,,0.9999755552247004,0.004545454545454519,0.0,niah_single_1::synthetic_niah_4,2.444477529961464e-05,"(0.515, 2.806]",raw,,,,,,
mechanism_targeted_4bit_seed42_v1,mlx-community/Qwen2.5-1.5B-Instruct-4bit,niah_single_1,synthetic_niah_4,42.0,cbda0763d81c77dc16cd819183d4ef66a431cae7d0d8f50510af026d1c16d64d,1d64abc8839e31ee1a0615e19a3b3b1809ca5618,48.0,8.0,56.0,v_ridge_leverage,True,829.0,1320.0,0.03922225704008753,-0.00024102459138219956,0.03946328163146973,0.002384843386612219,0.0006284754753688531,0.001756367911243366,0.057508569986869894,0.04131628029669324,6.427685724386888,44.6298052947687,,0.9997081027263984,0.036363636363636376,0.0,niah_single_1::synthetic_niah_4,0.00029189727360157125,"(16.063, 53.945]",raw,,,,,,
mechanism_targeted_4bit_seed42_v1,mlx-community/Qwen2.5-1.5B-Instruct-4bit,niah_single_1,synthetic_niah_4,42.0,cbda0763d81c77dc16cd819183d4ef66a431cae7d0d8f50510af026d1c16d64d,1d64abc8839e31ee1a0615e19a3b3b1809ca5618,48.0,16.0,64.0,v_ridge_leverage,True,2813.0,1328.0,0.00637619119909516,-0.003705815255372613,0.010082006454467773,0.01660381519162941,0.001400194460681469,0.015203620730947942,0.08249617988864581,0.04309879460682472,7.581706558358967,44.6298052947687,,0.9991961258568163,0.07272727272727275,0.0,niah_single_1::synthetic_niah_4,0.0008038741431837249,"(16.063, 53.945]",raw,,,,,,
mechanism_targeted_4bit_seed42_v1,mlx-community/Qwen2.5-1.5B-Instruct-4bit,niah_single_1,synthetic_niah_4,42.0,cbda0763d81c77dc16cd819183d4ef66a431cae7d0d8f50510af026d1c16d64d,1d64abc8839e31ee1a0615e19a3b3b1809ca5618,48.0,24.0,72.0,v_ridge_leverage,True,10963.0,1336.0,0.04389243001569909,-0.020510865501268682,0.06440329551696777,0.07944011621201838,0.002189383239252333,0.07725073297276605,0.2697806904713313,0.06495386424163978,7.5822520825428334,49.62971891196227,,0.9987825930375758,0.10909090909090915,0.0,niah_single_1::synthetic_niah_4,0.0012174069624242279,"(16.063, 53.945]",raw,,,,,,
mechanism_targeted_4bit_seed42_v1,mlx-community/Qwen2.5-1.5B-Instruct-4bit,niah_single_1,synthetic_niah_4,42.0,cbda0763d81c77dc16cd819183d4ef66a431cae7d0d8f50510af026d1c16d64d,1d64abc8839e31ee1a0615e19a3b3b1809ca5618,48.0,32.0,80.0,v_ridge_leverage,True,23.0,1344.0,3.424189097955832e-05,-2.0866874450575779e-07,3.445055972406408e-05,2.2763083388119494e-05,2.6716710628017194e-08,2.2736366677491478e-05,0.3953033002714316,0.0666406702560683,5.947279312590794,49.62971891196227,,0.9980316563891325,0.1454545454545455,0.0,niah_single_1::synthetic_niah_4,0.0019683436108675068,"(16.063, 53.945]",raw,,,,,,
mechanism_targeted_4bit_seed42_v1,mlx-community/Qwen2.5-1.5B-Instruct-4bit,niah_single_1,synthetic_niah_4,42.0,cbda0763d81c77dc16cd819183d4ef66a431cae7d0d8f50510af026d1c16d64d,1d64abc8839e31ee1a0615e19a3b3b1809ca5618,48.0,40.0,88.0,v_ridge_leverage,True,5387.0,1352.0,0.7185714642780212,-0.0007119078857513728,0.7192833721637726,0.4270994438616326,0.00023761627581867485,0.4268618275858139,0.3374495282769203,0.03170010967490574,5.555453199148419,49.62971891196227,44.6298052947687,0.9976504639254388,0.18165584415584407,0.0362012987012987,niah_single_1::synthetic_niah_4,0.0023495360745612315,"(16.063, 53.945]",raw,,,,,,
mechanism_targeted_4bit_seed42_v1,mlx-community/Qwen2.5-1.5B-Instruct-4bit,niah_single_1,synthetic_niah_4,42.0,cbda0763d81c77dc16cd819183d4ef66a431cae7d0d8f50510af026d1c16d64d,1d64abc8839e31ee1a0615e19a3b3b1809ca5618,48.0,48.0,96.0,v_ridge_leverage,True,429.0,1360.0,0.016850151876194985,-0.013351998468653647,0.030202150344848633,0.09948961970430588,0.0003785493843804431,0.09911107031992543,0.20336172791818777,0.04066732463737329,6.33622413097004,49.62971891196227,44.6298052947687,0.9971724892559971,0.21785714285714278,0.07256493506493507,niah_single_1::synthetic_niah_4,0.0028275107440028924,"(16.063, 53.945]",raw,,,,,,
mechanism_targeted_4bit_seed42_v1,mlx-community/Qwen2.5-1.5B-Instruct-4bit,niah_single_1,synthetic_niah_4,42.0,cbda0763d81c77dc16cd819183d4ef66a431cae7d0d8f50510af026d1c16d64d,1d64abc8839e31ee1a0615e19a3b3b1809ca5618,48.0,64.0,112.0,v_ridge_leverage,True,1995.0,1376.0,-0.07716619929711754,0.010897815614534068,-0.08806401491165161,0.1365825710878584,0.0001695811664749581,0.13641298992138345,0.281925010184447,0.0327648384263739,6.275790160943494,49.62971891196227,49.62971891196227,0.996431253986264,0.2865259740259741,0.14334415584415586,niah_single_1::synthetic_niah_4,0.003568746013736024,"(16.063, 53.945]",raw,,,,,,
,,,,,,,,,,,,,,,,,,,,,,,,,,,,,,,binned,0.449611946068079,0.0016595872886670526,0.00042319948104915794,0.0028873257241901484,74.0,5.0
,,,,,,,,,,,,,,,,,,,,,,,,,,,,,,,binned,0.7390939623279369,0.001684297093075271,0.0005241941358868074,0.0025972982793808497,70.0,14.0
,,,,,,,,,,,,,,,,,,,,,,,,,,,,,,,binned,6.666446767397682,0.003252437892129534,0.0012952291416892525,0.006150356002614515,74.0,10.0
,,,,,,,,,,,,,,,,,,,,,,,,,,,,,,,binned,28.883282202985907,0.0028911893728048588,0.0012611743194946012,0.005229812841326786,70.0,10.0
,,,,,,,,,,,,,,,,,,,,,,,,,,,,,,,binned,69.47343068012125,0.005160859905660287,0.0033792245597241144,0.006880866960178644,72.0,7.0
