sample_id,task,stage,target_anchor,history_length,candidate_id,candidate_source,deleted_position,layer,boundary,theory_u_norm,actual_u_norm,injection_cosine,injection_relative_l2,injection_norm_ratio,local_r_norm,actual_r_norm,adjacent_cosine,adjacent_relative_l2,adjacent_norm_ratio,actual_boundary_norm,state_norm,action_state_ratio,deleted_attention_mass_mean,deleted_attention_mass_std,attention_entropy,attention_concentration,head_disagreement,deleted_key_norm,key_norm_mean,key_norm_variance,deleted_value_norm,value_norm_mean,value_norm_variance,deleted_token_age,selector_attention,selector_value_norm,selector_aov,selector_aor,selector_v_ridge,selector_key_query,selector_age,selector_random,single_boundary_theory_risk,candidate_probe_risk,single_boundary_fisher_risk,probe_fisher_risk
gov_report:132,gov_report,disagreement_replication,64,32,physical_delete_median_attention_50,median_attention,50,0,1,0.002192052784154199,0.0021897502596020858,0.9999636227372788,0.008598644149994906,1.0010515009837384,0.002523833771008595,0.0025193368165195473,0.9999546367716498,0.00969920299467137,1.0017849754981394,0.0025193368165195473,12.780294422075608,0.00019747853121827432,0.00011132554936921224,0.00023583379515912384,1.9088854789733887,0.4514414966106415,0.00023583379515912384,778.4063720703125,778.8311767578125,1838.0941162109375,4.096999168395996,4.11572790145874,0.8483498096466064,1035.0,-0.2088243587479499,-0.16047442690839514,-0.18129571962879307,-0.17070912315360312,0.38749928595721994,-0.535357912483805,50.0,0.3467196779400362,1.8309978875539718e-10,1.7538552968335184e-10,1.8309781414349266e-10,1.7538600523434444e-10
gov_report:132,gov_report,disagreement_replication,64,32,physical_delete_median_attention_50,median_attention,50,1,2,0.006531515244707348,0.006504996048364584,0.9981460330709025,0.061152841174346204,1.0040767428827926,0.0067027697449411686,0.007170091251449539,0.9384501085740055,0.345433851933871,0.9348234924605884,0.007170091251449539,16.937274902084248,0.0003957407424565298,0.0002814584004227072,0.0005922751151956618,2.800121307373047,0.24898087978363037,0.0005922751151956618,91.41972351074219,91.01911926269531,3922.267578125,4.2081522941589355,3.9694905281066895,0.6661905646324158,1035.0,-0.2088243587479499,-0.16047442690839514,-0.18129571962879307,-0.17070912315360312,0.38749928595721994,-0.535357912483805,50.0,0.3467196779400362,,,,
gov_report:132,gov_report,disagreement_replication,64,32,physical_delete_median_attention_50,median_attention,50,2,3,0.014058227396789424,0.01460135982724577,0.9783784354791455,0.20740839720589904,0.9628026131208085,0.014131161236102766,0.01647830962407573,0.8778817143065486,0.47930847417058947,0.8575613372051434,0.01647830962407573,24.70231127507724,0.0005720582612186592,0.0002969964116346091,0.0006011967780068517,2.3505771160125732,0.3012644052505493,0.0006011967780068517,25.717323303222656,26.499835968017578,53.901485443115234,5.583188056945801,5.849517822265625,1.338815689086914,1035.0,-0.2088243587479499,-0.16047442690839514,-0.18129571962879307,-0.17070912315360312,0.38749928595721994,-0.535357912483805,50.0,0.3467196779400362,,,,
gov_report:132,gov_report,disagreement_replication,64,32,physical_delete_median_attention_50,median_attention,50,3,4,0.02717937471531666,0.026736204580922587,0.9815095878425122,0.19459845354239588,1.016575656168875,0.024244756334939947,0.029216241602379685,0.8209009132380461,0.5711405847693324,0.829838302438093,0.029216241602379685,28.20088280507089,0.0008597162189043394,0.0006430186913348734,0.0013490313431248069,2.1535427570343018,0.3730616271495819,0.0013490313431248069,20.971128463745117,20.85951042175293,7.675846099853516,6.744002819061279,6.265804290771484,1.5731788873672485,1035.0,-0.2088243587479499,-0.16047442690839514,-0.18129571962879307,-0.17070912315360312,0.38749928595721994,-0.535357912483805,50.0,0.3467196779400362,,,,
gov_report:132,gov_report,disagreement_replication,64,32,physical_delete_median_attention_50,median_attention,50,4,5,0.07577063004936449,0.07557101811092408,0.9968212905065424,0.07988234009863411,1.0026413821519173,0.06929723058625746,0.07715127866195831,0.9424127365092428,0.3373619051462791,0.8981993790392807,0.07715127866195831,29.382379959012134,0.002358462135569882,0.0014180237194523215,0.0025689133908599615,1.9695407152175903,0.5086034536361694,0.0025689133908599615,17.962120056152344,17.862031936645508,4.802761077880859,7.772206783294678,7.040049076080322,2.2410213947296143,1035.0,-0.2088243587479499,-0.16047442690839514,-0.18129571962879307,-0.17070912315360312,0.38749928595721994,-0.535357912483805,50.0,0.3467196779400362,2.7529574992173815e-08,3.9012709591213125e-08,2.7527712285957186e-08,3.9010083663616836e-08
gov_report:132,gov_report,disagreement_replication,64,32,physical_delete_median_attention_50,median_attention,50,5,6,0.06288664580346717,0.06766063401459109,0.8733139499082159,0.4903805877349535,0.9294421596744955,0.044859590108642246,0.0719672916197582,0.6019647273919376,0.7988085323960562,0.6233330322566467,0.0719672916197582,32.22266624687329,0.0013921749915091267,0.001281192759051919,0.0025181204546242952,1.9447088241577148,0.4911247193813324,0.0025181204546242952,16.64156723022461,17.153615951538086,4.0958685874938965,8.155889511108398,7.8105340003967285,1.7109524011611938,1035.0,-0.2088243587479499,-0.16047442690839514,-0.18129571962879307,-0.17070912315360312,0.38749928595721994,-0.535357912483805,50.0,0.3467196779400362,,,,
gov_report:132,gov_report,disagreement_replication,64,32,physical_delete_median_attention_50,median_attention,50,6,7,0.001364712707703787,0.01805795733026903,-0.10626664923170298,1.0108280931355464,0.07557403546503204,0.001182457477299652,0.05743939319563902,0.05907494792181184,0.9989952632849479,0.02058617634194346,0.05743939319563902,36.243411652125765,3.262544620934707e-05,3.403396476642229e-05,5.185021655051969e-05,1.2414363622665405,0.6374573111534119,5.185021655051969e-05,18.954479217529297,19.298877716064453,5.7524895668029785,6.205941677093506,6.592792510986328,1.217225193977356,1035.0,-0.2088243587479499,-0.16047442690839514,-0.18129571962879307,-0.17070912315360312,0.38749928595721994,-0.535357912483805,50.0,0.3467196779400362,,,,
gov_report:132,gov_report,disagreement_replication,64,32,physical_delete_median_attention_50,median_attention,50,7,8,0.020874886096255058,0.029970543729846703,0.8119418921321091,0.5950412545063802,0.6965134261300181,0.01959425714785627,0.05613374947432675,0.49602894214436427,0.8806554695056934,0.3490637509760126,0.05613374947432675,38.48549849336563,0.0005091335156080685,0.0007820471655577421,0.001011885586194694,2.409039258956909,0.3372246325016022,0.001011885586194694,33.208396911621094,33.77688980102539,191.02001953125,5.663120269775391,6.424070358276367,2.040466070175171,1035.0,-0.2088243587479499,-0.16047442690839514,-0.18129571962879307,-0.17070912315360312,0.38749928595721994,-0.535357912483805,50.0,0.3467196779400362,1.2202400198269966e-08,9.00192109617949e-08,1.2202943355260598e-08,9.001239986444181e-08
gov_report:132,gov_report,disagreement_replication,64,32,physical_delete_median_attention_50,median_attention,50,8,9,0.12491710670704596,0.12460139726158802,0.9942204437999768,0.10767924720007911,1.0025337552579379,0.11473733929938627,0.1279134754810876,0.9201779168982558,0.3921864314606933,0.8969918053422802,0.1279134754810876,40.025110126721025,0.0028666339439447756,0.0017819529166445136,0.0038405561354011297,1.7877635955810547,0.5036545991897583,0.0038405561354011297,19.69435691833496,19.561756134033203,6.650007724761963,7.896951675415039,7.775941371917725,1.5247586965560913,1035.0,-0.2088243587479499,-0.16047442690839514,-0.18129571962879307,-0.17070912315360312,0.38749928595721994,-0.535357912483805,50.0,0.3467196779400362,,,,
gov_report:132,gov_report,disagreement_replication,64,32,physical_delete_median_attention_50,median_attention,50,9,10,0.013057067685958696,0.05590823355422706,-0.04983792995240322,1.0381819954538214,0.23354462940229112,0.012147594911606852,0.127366204848128,0.07049984269577665,0.9978219091980183,0.09537533858445178,0.127366204848128,40.66904569873126,0.0002986938764581294,0.00022417203581426293,0.00039946174365468323,1.875204086303711,0.48280492424964905,0.00039946174365468323,19.377927780151367,19.088512420654297,4.801733016967773,6.700840950012207,7.454070091247559,1.1750825643539429,1035.0,-0.2088243587479499,-0.16047442690839514,-0.18129571962879307,-0.17070912315360312,0.38749928595721994,-0.535357912483805,50.0,0.3467196779400362,,,,
gov_report:132,gov_report,disagreement_replication,64,32,physical_delete_median_attention_50,median_attention,50,10,11,0.02062687688864208,0.06004935995934259,0.028103417306955144,1.0481814634169824,0.3434986967822446,0.020284345080262518,0.11054678967009882,0.2790312528451191,0.9650230529722474,0.18349103706038347,0.11054678967009882,41.86923428307178,0.00048446897650726117,0.0004986759158782661,0.0005186056368984282,2.3714675903320312,0.4046154022216797,0.0005186056368984282,18.20248794555664,18.697662353515625,6.171651363372803,8.188514709472656,8.497803688049316,2.212197780609131,1035.0,-0.2088243587479499,-0.16047442690839514,-0.18129571962879307,-0.17070912315360312,0.38749928595721994,-0.535357912483805,50.0,0.3467196779400362,5.2346927489808646e-08,6.521282647412149e-07,5.234282218292613e-08,6.525967724140771e-07
gov_report:132,gov_report,disagreement_replication,64,32,physical_delete_median_attention_50,median_attention,50,11,12,0.11665490964534869,0.12378115760702019,0.9565450613458457,0.2919260498757195,0.942428653121052,0.1112416450979704,0.16281813695535174,0.770789169191406,0.6430795440785092,0.6832263725537854,0.16281813695535174,44.64169921168389,0.0024918774836611857,0.003459552302956581,0.004181572236120701,2.5087974071502686,0.3539546728134155,0.004181572236120701,17.665939331054688,19.462121963500977,6.910096168518066,7.02658224105835,7.930602550506592,1.2823253870010376,1035.0,-0.2088243587479499,-0.16047442690839514,-0.18129571962879307,-0.17070912315360312,0.38749928595721994,-0.535357912483805,50.0,0.3467196779400362,,,,
gov_report:132,gov_report,disagreement_replication,64,32,physical_delete_median_attention_50,median_attention,50,12,13,0.05930198937292428,0.07549468246131875,0.6297584422177154,0.7922521807977803,0.785512137272832,0.04792618566974487,0.1542440592434817,0.3287661715965141,0.9445838196698456,0.31071657414105697,0.1542440592434817,48.724469266886146,0.0009836163716269804,0.001523086684755981,0.002313053933903575,2.2703869342803955,0.3912241756916046,0.002313053933903575,16.232044219970703,17.385663986206055,4.034970760345459,7.973085403442383,8.582315444946289,1.094691514968872,1035.0,-0.2088243587479499,-0.16047442690839514,-0.18129571962879307,-0.17070912315360312,0.38749928595721994,-0.535357912483805,50.0,0.3467196779400362,,,,
gov_report:132,gov_report,disagreement_replication,64,32,physical_delete_median_attention_50,median_attention,50,13,14,0.004810885777945887,0.035497551360670454,-0.06978820170159987,1.0184714255303435,0.13552725733291318,0.004603626743786494,0.14382720915694497,0.14792194966088634,0.9957686135730439,0.032008037775126355,0.14382720915694497,52.830585030033745,8.713942389942058e-05,6.954390119062737e-05,0.0001563984842505306,2.132904529571533,0.379495769739151,0.0001563984842505306,18.65576171875,19.19424057006836,3.7253737449645996,7.299999237060547,7.965456962585449,1.5713105201721191,1035.0,-0.2088243587479499,-0.16047442690839514,-0.18129571962879307,-0.17070912315360312,0.38749928595721994,-0.535357912483805,50.0,0.3467196779400362,,,,
gov_report:132,gov_report,disagreement_replication,64,32,physical_delete_median_attention_50,median_attention,50,14,15,0.005986916532300401,0.04097616669143723,0.20676176868135,0.980269624747779,0.14610728664259082,0.005069253376388239,0.1365417522192299,0.10166789104829584,0.9969098713426167,0.03712603137133544,0.1365417522192299,49.71212691406987,0.00010197216838359624,0.00011597192496992648,0.0002629618102218956,1.48431396484375,0.5739233493804932,0.0002629618102218956,19.48809814453125,19.34111976623535,9.292560577392578,7.978291034698486,9.364242553710938,1.7806824445724487,1035.0,-0.2088243587479499,-0.16047442690839514,-0.18129571962879307,-0.17070912315360312,0.38749928595721994,-0.535357912483805,50.0,0.3467196779400362,1.7375073540844654e-09,9.120774329254898e-07,1.7374375851022925e-09,9.11936089810607e-07
gov_report:132,gov_report,disagreement_replication,64,32,physical_delete_median_attention_50,median_attention,50,15,16,0.009943546918623387,0.049313002039166984,0.13598174587165432,0.9928847697589537,0.20164148414095126,0.010605899863630282,0.11535342267597075,0.12489029864032716,0.9927174626110823,0.09194265430183543,0.11535342267597075,54.251779371034715,0.00019549404621542834,0.0002024807472480461,0.0003706631250679493,2.2481529712677,0.3822762668132782,0.0003706631250679493,55.097347259521484,55.504207611083984,1404.197021484375,7.430943489074707,7.86091947555542,1.8061254024505615,1035.0,-0.2088243587479499,-0.16047442690839514,-0.18129571962879307,-0.17070912315360312,0.38749928595721994,-0.535357912483805,50.0,0.3467196779400362,,,,
gov_report:132,gov_report,disagreement_replication,64,32,physical_delete_median_attention_50,median_attention,50,16,17,0.014353414953976752,0.0300284885004601,0.4762075409490596,0.8793347296206826,0.4779932547639495,0.012364671618361972,0.10752158455539473,0.1654233673878934,0.9875109704871681,0.11499711122646018,0.10752158455539473,57.56445536352745,0.00021479698783350543,0.00028072664281353354,0.0007462759385816753,2.338721990585327,0.38362011313438416,0.0007462759385816753,17.647052764892578,18.376157760620117,6.330167770385742,7.865558624267578,8.800239562988281,2.9701898097991943,1035.0,-0.2088243587479499,-0.16047442690839514,-0.18129571962879307,-0.17070912315360312,0.38749928595721994,-0.535357912483805,50.0,0.3467196779400362,,,,
gov_report:132,gov_report,disagreement_replication,64,32,physical_delete_median_attention_50,median_attention,50,17,18,0.025035026805050018,0.030900689222294442,0.8267561464149656,0.5628047116120573,0.8101769712951119,0.02021460226882376,0.10282954486260759,0.2892041048445927,0.9617377726711253,0.19658360149150572,0.10282954486260759,59.48310193367783,0.0003398377288958894,0.0006102379993535578,0.0007963705575093627,2.264805793762207,0.4381200075149536,0.0007963705575093627,14.77324104309082,16.143522262573242,7.36420202255249,7.506138324737549,9.478096008300781,5.368865013122559,1035.0,-0.2088243587479499,-0.16047442690839514,-0.18129571962879307,-0.17070912315360312,0.38749928595721994,-0.535357912483805,50.0,0.3467196779400362,,,,
gov_report:132,gov_report,disagreement_replication,64,32,physical_delete_median_attention_50,median_attention,50,18,19,0.006199756165992401,0.01973612032031635,0.2589112523276794,0.9674783439293448,0.3141324670386396,0.005901920388651904,0.0990382559319092,0.016948226135531375,1.0007653457177426,0.05959232958130436,0.0990382559319092,66.42542382433562,8.885032339815761e-05,0.00010280669084750116,0.00019429771055001765,1.9517658948898315,0.47127842903137207,0.00019429771055001765,21.61745834350586,22.030330657958984,6.231297016143799,8.487594604492188,9.309629440307617,2.804995536804199,1035.0,-0.2088243587479499,-0.16047442690839514,-0.18129571962879307,-0.17070912315360312,0.38749928595721994,-0.535357912483805,50.0,0.3467196779400362,1.499765401523041e-08,1.0388067107503883e-06,1.4997796279019585e-08,1.0394346561123336e-06
gov_report:132,gov_report,disagreement_replication,64,32,physical_delete_median_attention_50,median_attention,50,19,20,0.019660877787609,0.02797081452803297,0.6729495881461578,0.7402947323575867,0.7029068734449772,0.018576855358242616,0.09049919564843344,0.22829185584841627,0.9738648730276583,0.20527094440053387,0.09049919564843344,71.27313940306708,0.00026064314710743893,0.00025681231636554003,0.000374864466721192,1.810433268547058,0.4854196012020111,0.000374864466721192,17.88962173461914,18.185983657836914,3.7087574005126953,9.287835121154785,10.062182426452637,3.0831055641174316,1035.0,-0.2088243587479499,-0.16047442690839514,-0.18129571962879307,-0.17070912315360312,0.38749928595721994,-0.535357912483805,50.0,0.3467196779400362,,,,
gov_report:132,gov_report,disagreement_replication,64,32,physical_delete_median_attention_50,median_attention,50,20,21,0.0031507204138545935,0.0245486003685591,0.09839300083958352,0.995598319393218,0.12834623426799985,0.003147265298715413,0.09125463476654834,0.06326192648532648,0.998411648529485,0.034488826860869994,0.09125463476654834,88.24503863607431,3.566506794444101e-05,5.1434559281915426e-05,7.819638994988054e-05,1.9800314903259277,0.46475180983543396,7.819638994988054e-05,17.607421875,18.240476608276367,5.03886079788208,11.01189136505127,11.264598846435547,6.004344940185547,1035.0,-0.2088243587479499,-0.16047442690839514,-0.18129571962879307,-0.17070912315360312,0.38749928595721994,-0.535357912483805,50.0,0.3467196779400362,,,,
gov_report:132,gov_report,disagreement_replication,64,32,physical_delete_median_attention_50,median_attention,50,21,22,0.010253315975927194,0.014753965318130988,0.6018103905251484,0.8040521400703413,0.6949532383221075,0.011480722257563103,0.09567863233868999,0.1258493379394698,0.9920666541141377,0.11999254145818923,0.09567863233868999,108.13537145201454,0.00010616990632577348,0.00012988696107640862,0.00020338434842415154,1.9429081678390503,0.46792319416999817,0.00020338434842415154,16.839597702026367,16.993635177612305,4.6244707107543945,12.388105392456055,11.527812957763672,7.289584159851074,1035.0,-0.2088243587479499,-0.16047442690839514,-0.18129571962879307,-0.17070912315360312,0.38749928595721994,-0.535357912483805,50.0,0.3467196779400362,,,,
gov_report:132,gov_report,disagreement_replication,64,32,physical_delete_median_attention_50,median_attention,50,22,23,0.004396588170938085,0.010042434083638377,0.3172031366852337,0.9559947836689396,0.4378010484630634,0.0046986364429820685,0.11004277039319052,0.0929717556066751,0.9969371472355948,0.04269827473620949,0.11004277039319052,130.60707398517164,3.5975359523906984e-05,7.722403097432107e-05,7.11481407051906e-05,1.2113474607467651,0.6800180077552795,7.11481407051906e-05,19.725648880004883,19.083221435546875,4.739459037780762,12.535320281982422,10.90360164642334,10.194043159484863,1035.0,-0.2088243587479499,-0.16047442690839514,-0.18129571962879307,-0.17070912315360312,0.38749928595721994,-0.535357912483805,50.0,0.3467196779400362,1.4575924558962283e-09,1.0314915447684817e-06,1.457658823261747e-09,1.0321824401386185e-06
gov_report:132,gov_report,disagreement_replication,64,32,physical_delete_median_attention_50,median_attention,50,23,24,0.007858600646463064,0.009860706434903636,0.7126007219502457,0.7066235949794274,0.7969612216267,0.008725044289374076,0.12994635767871668,0.12983768575429808,0.9935153471124151,0.06714343091436345,0.12994635767871668,154.29729240020578,5.6546969513526214e-05,5.6841603509383276e-05,0.00011007943248841912,0.9857096076011658,0.7385281920433044,0.00011007943248841912,17.492767333984375,17.55321502685547,4.195957660675049,16.941381454467773,13.735642433166504,11.893473625183105,1035.0,-0.2088243587479499,-0.16047442690839514,-0.18129571962879307,-0.17070912315360312,0.38749928595721994,-0.535357912483805,50.0,0.3467196779400362,,,,
gov_report:132,gov_report,disagreement_replication,64,32,physical_delete_median_attention_50,median_attention,50,24,25,0.03136701120875682,0.033716222909616504,0.9230273507603559,0.3848035222968295,0.9303239954499871,0.034948318380895856,0.16258151419708688,0.21078328414806044,0.9775417339447481,0.21495874579277388,0.16258151419708688,190.03339264281993,0.00018390619614197745,0.0002444408310111612,0.00027090474031865597,1.4642921686172485,0.5488976836204529,0.00027090474031865597,17.87816619873047,17.866769790649414,4.917698860168457,23.07668113708496,16.051441192626953,65.48582458496094,1035.0,-0.2088243587479499,-0.16047442690839514,-0.18129571962879307,-0.17070912315360312,0.38749928595721994,-0.535357912483805,50.0,0.3467196779400362,,,,
gov_report:132,gov_report,disagreement_replication,64,32,physical_delete_median_attention_50,median_attention,50,25,26,0.0381045428903518,0.04036714096014497,0.9117786707385847,0.41194006654206133,0.9439495090319359,0.04356453803637,0.19956512144805005,0.2771009901425021,0.9626385141070698,0.21829735436866174,0.19956512144805005,228.40972119663937,0.00019072978946839576,0.00022611382883042097,0.0002756481117103249,1.3870102167129517,0.6796870827674866,0.0002756481117103249,15.745543479919434,16.56698989868164,6.213754653930664,26.622642517089844,20.4821720123291,57.76447296142578,1035.0,-0.2088243587479499,-0.16047442690839514,-0.18129571962879307,-0.17070912315360312,0.38749928595721994,-0.535357912483805,50.0,0.3467196779400362,,,,
gov_report:132,gov_report,disagreement_replication,64,32,physical_delete_median_attention_50,median_attention,50,26,27,0.035221188875414436,0.03729924579097598,0.8928230978772375,0.453338105595034,0.9442868918259923,0.04064504104870415,0.233629537585911,0.2419493604098564,0.9726671596305743,0.1739721846333665,0.233629537585911,291.58621865461674,0.00013939287403993573,0.00017304102948401123,0.00018939092115033418,1.2339996099472046,0.7495906949043274,0.00018939092115033418,15.235272407531738,16.33766746520996,5.01954460144043,34.65992736816406,25.752986907958984,141.77969360351562,1035.0,-0.2088243587479499,-0.16047442690839514,-0.18129571962879307,-0.17070912315360312,0.38749928595721994,-0.535357912483805,50.0,0.3467196779400362,3.7282250185888404e-08,9.971131841646002e-07,3.7300281935573364e-08,9.97880885782612e-07
gov_report:132,gov_report,disagreement_replication,64,32,physical_delete_median_attention_50,median_attention,50,27,28,0.21184010405802853,0.21219868256283383,0.9963021275970768,0.08594243889049161,0.9983101756312783,0.21552119119217025,0.37573233096516606,0.5932991362800739,0.8052229956871523,0.5736029972149272,0.37573233096516606,318.7778202390125,0.0006760859053198157,0.002167235827073455,0.0014821334043517709,3.058401346206665,0.20324765145778656,0.0014821334043517709,13.637659072875977,15.36878490447998,3.127002239227295,31.08538055419922,25.457473754882812,119.82770538330078,1035.0,-0.2088243587479499,-0.16047442690839514,-0.18129571962879307,-0.17070912315360312,0.38749928595721994,-0.535357912483805,50.0,0.3467196779400362,,,,
gov_report:132,gov_report,disagreement_replication,64,32,physical_delete_median_aov_75,median_aov,75,0,1,0.0022326102831532854,0.002231188432907864,0.9999647696572913,0.008420907871157382,1.0006372613914856,0.002480379013194522,0.002478733217768621,0.9999513710414667,0.009887534796529141,1.0006639663413968,0.002478733217768621,12.780294422075608,0.0001940783937582943,5.886923463549465e-05,0.00013140685041435063,1.9088854789733887,0.4514414966106415,0.00013140685041435063,778.4180908203125,778.8311767578125,1838.0941162109375,4.408453464508057,4.11572790145874,0.8483498096466064,1010.0,-0.2541485411506688,0.7773991998957454,-0.22451975682480635,-0.23707986543709586,0.9087690801693871,0.6585219948578185,75.0,0.8275662624931568,1.9986416739271382e-10,1.9368343017507554e-10,1.9986284054149803e-10,1.9368222114113953e-10
gov_report:132,gov_report,disagreement_replication,64,32,physical_delete_median_aov_75,median_aov,75,1,2,0.007846867737003849,0.00785655221825819,0.9986169423884729,0.05257589745536062,0.9987673369965219,0.00725232736383788,0.007754170226025676,0.9459292125720264,0.32454785657812507,0.9352809072331895,0.007754170226025676,16.937274902084248,0.00042818737995127136,0.0003159245534334332,0.0005312118446454406,2.800121307373047,0.24898087978363037,0.0005312118446454406,91.29969787597656,91.01911926269531,3922.267578125,4.713181018829346,3.9694905281066895,0.6661905646324158,1010.0,-0.2541485411506688,0.7773991998957454,-0.22451975682480635,-0.23707986543709586,0.9087690801693871,0.6585219948578185,75.0,0.8275662624931568,,,,
gov_report:132,gov_report,disagreement_replication,64,32,physical_delete_median_aov_75,median_aov,75,2,3,0.03262284410135254,0.032474396610349524,0.9960750433604981,0.08891958698138946,1.0045712162964626,0.03626916427519245,0.03631323556898221,0.9746797279501588,0.22490121720638565,0.9987863572854576,0.03631323556898221,24.70231127507724,0.0014682498277715937,0.00040486580110155046,0.0010519839124754071,2.3505771160125732,0.3012644052505493,0.0010519839124754071,27.828907012939453,26.499835968017578,53.901485443115234,7.199552059173584,5.849517822265625,1.338815689086914,1010.0,-0.2541485411506688,0.7773991998957454,-0.22451975682480635,-0.23707986543709586,0.9087690801693871,0.6585219948578185,75.0,0.8275662624931568,,,,
gov_report:132,gov_report,disagreement_replication,64,32,physical_delete_median_aov_75,median_aov,75,3,4,0.0013729193172963168,0.008484978704445914,0.1371446548702868,0.9908579711123845,0.1618058648252048,0.0012402782132185906,0.035756058907144804,0.027731203308653744,0.9996396183148412,0.034687218086296344,0.035756058907144804,28.20088280507089,4.398012011863587e-05,4.905332389171235e-05,8.443096885457635e-05,2.1535427570343018,0.3730616271495819,8.443096885457635e-05,21.180469512939453,20.85951042175293,7.675846099853516,5.844507217407227,6.265804290771484,1.5731788873672485,1010.0,-0.2541485411506688,0.7773991998957454,-0.22451975682480635,-0.23707986543709586,0.9087690801693871,0.6585219948578185,75.0,0.8275662624931568,,,,
gov_report:132,gov_report,disagreement_replication,64,32,physical_delete_median_aov_75,median_aov,75,4,5,0.007443288740298771,0.01208576987421024,0.6040423554686084,0.7970400091461992,0.6158721221543334,0.008001342305489375,0.03361052970875629,0.2587053291811993,0.9661768772787943,0.23806058324052082,0.03361052970875629,29.382379959012134,0.0002723177059397876,0.0002459130191709846,0.0003150684351567179,1.9695407152175903,0.5086034536361694,0.0003150684351567179,18.69365119934082,17.862031936645508,4.802761077880859,6.227390289306641,7.040049076080322,2.2410213947296143,1010.0,-0.2541485411506688,0.7773991998957454,-0.22451975682480635,-0.23707986543709586,0.9087690801693871,0.6585219948578185,75.0,0.8275662624931568,6.798758395491994e-10,2.5355801079639598e-08,6.798846423217205e-10,2.535886381968105e-08
gov_report:132,gov_report,disagreement_replication,64,32,physical_delete_median_aov_75,median_aov,75,5,6,0.007904624927870028,0.014926121083005254,0.5358566457360643,0.8443322863028376,0.5295833313901066,0.00645884249856321,0.03008120115065365,0.30527465977260954,0.9565608661319802,0.21471358361708445,0.03008120115065365,32.22266624687329,0.00020044407402785736,0.0001805153297027573,0.00027529499493539333,1.9447088241577148,0.4911247193813324,0.00027529499493539333,16.98733901977539,17.153615951538086,4.0958685874938965,8.953790664672852,7.8105340003967285,1.7109524011611938,1010.0,-0.2541485411506688,0.7773991998957454,-0.22451975682480635,-0.23707986543709586,0.9087690801693871,0.6585219948578185,75.0,0.8275662624931568,,,,
gov_report:132,gov_report,disagreement_replication,64,32,physical_delete_median_aov_75,median_aov,75,6,7,0.006596625345936812,0.009012409790665815,0.6652079298891974,0.7496351081971496,0.7319491122972416,0.004561205828750605,0.025632927470957172,0.17295740347425803,0.9849419246933033,0.17794322688731434,0.025632927470957172,36.243411652125765,0.00012584924047797467,9.720630623633042e-05,0.0002270382537972182,1.2414363622665405,0.6374573111534119,0.0002270382537972182,19.086809158325195,19.298877716064453,5.7524895668029785,7.51987361907959,6.592792510986328,1.217225193977356,1010.0,-0.2541485411506688,0.7773991998957454,-0.22451975682480635,-0.23707986543709586,0.9087690801693871,0.6585219948578185,75.0,0.8275662624931568,,,,
gov_report:132,gov_report,disagreement_replication,64,32,physical_delete_median_aov_75,median_aov,75,7,8,0.003784204375795477,0.007598095310557215,0.3881547777369817,0.9281228623210062,0.4980464473165391,0.003497489757645477,0.022785490635047013,0.044924153637335894,1.0048729985984817,0.15349635492447497,0.022785490635047013,38.48549849336563,9.087812018982673e-05,0.00010282848961651325,0.0001615023211343214,2.409039258956909,0.3372246325016022,0.0001615023211343214,33.537864685058594,33.77688980102539,191.02001953125,7.575443267822266,6.424070358276367,2.040466070175171,1010.0,-0.2541485411506688,0.7773991998957454,-0.22451975682480635,-0.23707986543709586,0.9087690801693871,0.6585219948578185,75.0,0.8275662624931568,3.204153006866002e-10,1.540543685200812e-08,3.204104306690849e-10,1.5406866033677915e-08
gov_report:132,gov_report,disagreement_replication,64,32,physical_delete_median_aov_75,median_aov,75,8,9,0.02909855065296337,0.02951770837236089,0.988096131873986,0.15385482563534922,0.9857997879066385,0.03075150490714062,0.037092384341332656,0.8195075145299884,0.5731479088508169,0.8290517164967933,0.037092384341332656,40.025110126721025,0.0007683053165820202,0.0002788651909213513,0.0008198237046599388,1.7877635955810547,0.5036545991897583,0.0008198237046599388,20.896141052246094,19.561756134033203,6.650007724761963,9.438232421875,7.775941371917725,1.5247586965560913,1010.0,-0.2541485411506688,0.7773991998957454,-0.22451975682480635,-0.23707986543709586,0.9087690801693871,0.6585219948578185,75.0,0.8275662624931568,,,,
gov_report:132,gov_report,disagreement_replication,64,32,physical_delete_median_aov_75,median_aov,75,9,10,0.03342825114820129,0.03595793967945185,0.8797921555591911,0.4779659360427363,0.9296486797129773,0.032989161269380084,0.04728158254708415,0.5972315908985985,0.8083388726060384,0.6977169437281139,0.04728158254708415,40.66904569873126,0.0008111614300900411,0.0005264024366624653,0.0015906351618468761,1.875204086303711,0.48280492424964905,0.0015906351618468761,21.22262191772461,19.088512420654297,4.801733016967773,7.933775424957275,7.454070091247559,1.1750825643539429,1010.0,-0.2541485411506688,0.7773991998957454,-0.22451975682480635,-0.23707986543709586,0.9087690801693871,0.6585219948578185,75.0,0.8275662624931568,,,,
gov_report:132,gov_report,disagreement_replication,64,32,physical_delete_median_aov_75,median_aov,75,10,11,0.012060856521969024,0.026509156674113275,0.42211523554223773,0.9071373256314621,0.4549694533944451,0.012620157183743522,0.04314074195484676,0.3347535652885881,0.9432510251597394,0.29253454187117145,0.04314074195484676,41.86923428307178,0.00030141838989508336,0.0002117771509801969,0.0002568840573076159,2.3714675903320312,0.4046154022216797,0.0002568840573076159,20.190410614013672,18.697662353515625,6.171651363372803,9.655708312988281,8.497803688049316,2.212197780609131,1010.0,-0.2541485411506688,0.7773991998957454,-0.22451975682480635,-0.23707986543709586,0.9087690801693871,0.6585219948578185,75.0,0.8275662624931568,7.687274586124084e-09,5.6925695730397326e-08,7.687198696211281e-09,5.692569638882118e-08
gov_report:132,gov_report,disagreement_replication,64,32,physical_delete_median_aov_75,median_aov,75,11,12,0.006249591268589337,0.01731948270054231,0.21818917837250726,0.9862774554987075,0.36084168197434957,0.005561143779439234,0.03916481695850465,0.17013194358830286,0.9858229566751102,0.14199335554999012,0.03916481695850465,44.64169921168389,0.00012457285178749957,0.0001804626517696306,0.0002766780089586973,2.5087974071502686,0.3539546728134155,0.0002766780089586973,22.593822479248047,19.462121963500977,6.910096168518066,8.750883102416992,7.930602550506592,1.2823253870010376,1010.0,-0.2541485411506688,0.7773991998957454,-0.22451975682480635,-0.23707986543709586,0.9087690801693871,0.6585219948578185,75.0,0.8275662624931568,,,,
gov_report:132,gov_report,disagreement_replication,64,32,physical_delete_median_aov_75,median_aov,75,12,13,0.047372073831196106,0.04817346044839023,0.9818454375519622,0.189688809625969,0.9833645619447937,0.036069607759731635,0.053794218558781685,0.7312030806411579,0.6848544374410824,0.6705108602017869,0.053794218558781685,48.724469266886146,0.0007402770784872368,0.0013056015595793724,0.0025704146828502417,2.2703869342803955,0.3912241756916046,0.0025704146828502417,17.258495330810547,17.385663986206055,4.034970760345459,8.678714752197266,8.582315444946289,1.094691514968872,1010.0,-0.2541485411506688,0.7773991998957454,-0.22451975682480635,-0.23707986543709586,0.9087690801693871,0.6585219948578185,75.0,0.8275662624931568,,,,
gov_report:132,gov_report,disagreement_replication,64,32,physical_delete_median_aov_75,median_aov,75,13,14,0.0072616905617869,0.011477404278866468,0.5825300268991178,0.8143557221047674,0.6326945000236656,0.006740620022694455,0.049982418781562586,0.14555213602385225,0.9894083592284624,0.13485982045312545,0.049982418781562586,52.830585030033745,0.00012758935035193098,0.00012187858374090865,0.00023590755881741643,2.132904529571533,0.379495769739151,0.00023590755881741643,18.668163299560547,19.19424057006836,3.7253737449645996,9.209457397460938,7.965456962585449,1.5713105201721191,1010.0,-0.2541485411506688,0.7773991998957454,-0.22451975682480635,-0.23707986543709586,0.9087690801693871,0.6585219948578185,75.0,0.8275662624931568,,,,
gov_report:132,gov_report,disagreement_replication,64,32,physical_delete_median_aov_75,median_aov,75,14,15,0.0016261677037310524,0.012085111852870622,0.013104860612350049,1.0072633787018275,0.13455959063753165,0.0013942440619463144,0.04599579339551478,0.08667114017034945,0.997829854322671,0.030312425528945704,0.04599579339551478,49.71212691406987,2.8046357066080505e-05,3.481322346488014e-05,5.563095328398049e-05,1.48431396484375,0.5739233493804932,5.563095328398049e-05,21.053680419921875,19.34111976623535,9.292560577392578,10.552074432373047,9.364242553710938,1.7806824445724487,1010.0,-0.2541485411506688,0.7773991998957454,-0.22451975682480635,-0.23707986543709586,0.9087690801693871,0.6585219948578185,75.0,0.8275662624931568,1.9994792652395339e-10,1.469969555334966e-07,1.9994927281365252e-10,1.470097821249329e-07
gov_report:132,gov_report,disagreement_replication,64,32,physical_delete_median_aov_75,median_aov,75,15,16,0.17313209361855808,0.17488377970857308,0.9944459645215666,0.10534294154529412,0.9899837132240965,0.15774645345517382,0.16386994203506458,0.9707855982500911,0.24008707390214112,0.962632020834056,0.16386994203506458,54.251779371034715,0.002907673357150667,0.004965498577803373,0.007207745220512152,2.2481529712677,0.3822762668132782,0.007207745220512152,55.33724594116211,55.504207611083984,1404.197021484375,7.411233901977539,7.86091947555542,1.8061254024505615,1010.0,-0.2541485411506688,0.7773991998957454,-0.22451975682480635,-0.23707986543709586,0.9087690801693871,0.6585219948578185,75.0,0.8275662624931568,,,,
gov_report:132,gov_report,disagreement_replication,64,32,physical_delete_median_aov_75,median_aov,75,16,17,0.19651482700214168,0.2058388076257982,0.9814181607964801,0.19373208168234127,0.9547025134317386,0.16068795365165187,0.22059657106373576,0.8005060334325748,0.6036437969028116,0.7284245302490453,0.22059657106373576,57.56445536352745,0.0027914440019780494,0.006979816127568483,0.0065306429751217365,2.338721990585327,0.38362011313438416,0.0065306429751217365,18.741981506347656,18.376157760620117,6.330167770385742,9.096193313598633,8.800239562988281,2.9701898097991943,1010.0,-0.2541485411506688,0.7773991998957454,-0.22451975682480635,-0.23707986543709586,0.9087690801693871,0.6585219948578185,75.0,0.8275662624931568,,,,
gov_report:132,gov_report,disagreement_replication,64,32,physical_delete_median_aov_75,median_aov,75,17,18,0.02353163588515765,0.05993448310297113,0.3019949500215716,0.957607660308152,0.3926226550536667,0.022732863571280862,0.19062986124666112,0.009659451125669493,1.005940889844547,0.11925132517337457,0.19062986124666112,59.48310193367783,0.00038217347166305207,0.0005740553606301546,0.0006965690408833325,2.264805793762207,0.4381200075149536,0.0006965690408833325,16.495084762573242,16.143522262573242,7.36420202255249,11.058652877807617,9.478096008300781,5.368865013122559,1010.0,-0.2541485411506688,0.7773991998957454,-0.22451975682480635,-0.23707986543709586,0.9087690801693871,0.6585219948578185,75.0,0.8275662624931568,,,,
gov_report:132,gov_report,disagreement_replication,64,32,physical_delete_median_aov_75,median_aov,75,18,19,0.03563668760995736,0.04744484810395832,0.6490203533047262,0.7675913924173647,0.7511181726595979,0.03390191077666732,0.18473778507748997,0.20454822180622229,0.9790824668558027,0.18351368001108626,0.18473778507748997,66.42542382433562,0.0005103755282965468,0.0007457697647623718,0.001445760834030807,1.9517658948898315,0.47127842903137207,0.001445760834030807,21.55088996887207,22.030330657958984,6.231297016143799,9.836434364318848,9.309629440307617,2.804995536804199,1010.0,-0.2541485411506688,0.7773991998957454,-0.22451975682480635,-0.23707986543709586,0.9087690801693871,0.6585219948578185,75.0,0.8275662624931568,4.200344946506604e-07,1.1583966892198048e-05,4.199614197238062e-07,1.161065102940798e-05
gov_report:132,gov_report,disagreement_replication,64,32,physical_delete_median_aov_75,median_aov,75,19,20,0.003871765421049554,0.047324797606413394,-0.021896305258089513,1.0051249135532772,0.08181261446165926,0.0036830827638614128,0.17540804966676107,0.03754230473409484,0.9994319961500381,0.020997227726199035,0.17540804966676107,71.27313940306708,5.1675607314456526e-05,5.628146755043417e-05,6.591148121515289e-05,1.810433268547058,0.4854196012020111,6.591148121515289e-05,19.204946517944336,18.185983657836914,3.7087574005126953,11.444551467895508,10.062182426452637,3.0831055641174316,1010.0,-0.2541485411506688,0.7773991998957454,-0.22451975682480635,-0.23707986543709586,0.9087690801693871,0.6585219948578185,75.0,0.8275662624931568,,,,
gov_report:132,gov_report,disagreement_replication,64,32,physical_delete_median_aov_75,median_aov,75,20,21,0.05495213917992647,0.07080893586844118,0.574103204987889,0.843322565382806,0.7760622089000786,0.06013158343804932,0.18671520031261674,0.3233131400228683,0.9462928773085262,0.32204974922968876,0.18671520031261674,88.24503863607431,0.0006814160248264394,0.0008633051184006035,0.0007062889635562897,1.9800314903259277,0.46475180983543396,0.0007062889635562897,18.17287826538086,18.240476608276367,5.03886079788208,13.304079055786133,11.264598846435547,6.004344940185547,1010.0,-0.2541485411506688,0.7773991998957454,-0.22451975682480635,-0.23707986543709586,0.9087690801693871,0.6585219948578185,75.0,0.8275662624931568,,,,
gov_report:132,gov_report,disagreement_replication,64,32,physical_delete_median_aov_75,median_aov,75,21,22,0.060603689577922976,0.07183252431456183,0.7956539703514643,0.6076522797108366,0.843680354494203,0.0665499651527782,0.21611406999981642,0.33861781918685613,0.9414240056130878,0.30793906733066817,0.21611406999981642,108.13537145201454,0.0006154319743776899,0.0008955986704677343,0.0010770863154903054,1.9429081678390503,0.46792319416999817,0.0010770863154903054,17.58697509765625,16.993635177612305,4.6244707107543945,13.298199653625488,11.527812957763672,7.289584159851074,1010.0,-0.2541485411506688,0.7773991998957454,-0.22451975682480635,-0.23707986543709586,0.9087690801693871,0.6585219948578185,75.0,0.8275662624931568,,,,
gov_report:132,gov_report,disagreement_replication,64,32,physical_delete_median_aov_75,median_aov,75,22,23,0.002879937298881922,0.028265559876025702,0.10201571385852752,0.9947827955353318,0.10188856373316096,0.0033100923131556994,0.24968855483495,0.034561089611124966,0.9996296315353982,0.013256884422851292,0.24968855483495,130.60707398517164,2.5343897632462908e-05,3.359875699970871e-05,3.777329402510077e-05,1.2113474607467651,0.6800180077552795,3.777329402510077e-05,22.003719329833984,19.083221435546875,4.739459037780762,13.160160064697266,10.90360164642334,10.194043159484863,1010.0,-0.2541485411506688,0.7773991998957454,-0.22451975682480635,-0.23707986543709586,0.9087690801693871,0.6585219948578185,75.0,0.8275662624931568,9.859121288725736e-10,1.5058444675479683e-05,9.859239442990173e-10,1.51102206080357e-05
gov_report:132,gov_report,disagreement_replication,64,32,physical_delete_median_aov_75,median_aov,75,23,24,0.0029085198539613452,0.023479873735409725,0.06432115595796725,0.9997045554132349,0.1238728915980089,0.0033218701050452028,0.30642574746180085,0.0581041439142455,0.9994287075299505,0.010840701646519794,0.30642574746180085,154.29729240020578,2.152902395998734e-05,2.8485534130595624e-05,2.7764552214648575e-05,0.9857096076011658,0.7385281920433044,2.7764552214648575e-05,19.006153106689453,17.55321502685547,4.195957660675049,16.213577270507812,13.735642433166504,11.893473625183105,1010.0,-0.2541485411506688,0.7773991998957454,-0.22451975682480635,-0.23707986543709586,0.9087690801693871,0.6585219948578185,75.0,0.8275662624931568,,,,
gov_report:132,gov_report,disagreement_replication,64,32,physical_delete_median_aov_75,median_aov,75,24,25,0.028902653299860484,0.08088443713459141,0.45971362231378265,0.8939492386418557,0.3573326875201786,0.03233979494761528,0.37662608628658967,0.0715626337863717,0.9975386747335595,0.08586711363112182,0.37662608628658967,190.03339264281993,0.00017017953791100294,0.00010023315553553402,0.00016219017561525106,1.4642921686172485,0.5488976836204529,0.00016219017561525106,18.370365142822266,17.866769790649414,4.917698860168457,20.9127197265625,16.051441192626953,65.48582458496094,1010.0,-0.2541485411506688,0.7773991998957454,-0.22451975682480635,-0.23707986543709586,0.9087690801693871,0.6585219948578185,75.0,0.8275662624931568,,,,
gov_report:132,gov_report,disagreement_replication,64,32,physical_delete_median_aov_75,median_aov,75,25,26,0.013277405362152467,0.04360811093287047,0.3686146365244213,0.9317927104266898,0.3044710050061894,0.015235925522463674,0.45399591328231864,0.07694516968161635,0.9979788312899958,0.03355960940773749,0.45399591328231864,228.40972119663937,6.670436548253115e-05,0.00010573721374385059,0.00010939715866697952,1.3870102167129517,0.6796870827674866,0.00010939715866697952,17.87309455871582,16.56698989868164,6.213754653930664,28.440954208374023,20.4821720123291,57.76447296142578,1010.0,-0.2541485411506688,0.7773991998957454,-0.22451975682480635,-0.23707986543709586,0.9087690801693871,0.6585219948578185,75.0,0.8275662624931568,,,,
gov_report:132,gov_report,disagreement_replication,64,32,physical_delete_median_aov_75,median_aov,75,26,27,0.014414793815277048,0.025339002804278202,0.6327587419544765,0.7769795113742592,0.5688777070912702,0.016160430200310803,0.5239757689492722,-0.024860310633110606,1.0012415821806824,0.030841941856810072,0.5239757689492722,291.58621865461674,5.542247598283373e-05,4.841221743845381e-05,7.058727351250127e-05,1.2339996099472046,0.7495906949043274,7.058727351250127e-05,17.63809585571289,16.33766746520996,5.01954460144043,44.137813568115234,25.752986907958984,141.77969360351562,1010.0,-0.2541485411506688,0.7773991998957454,-0.22451975682480635,-0.23707986543709586,0.9087690801693871,0.6585219948578185,75.0,0.8275662624931568,7.782245405444204e-09,1.4592728245976664e-05,7.782043074205271e-09,1.4643390312638582e-05
gov_report:132,gov_report,disagreement_replication,64,32,physical_delete_median_aov_75,median_aov,75,27,28,0.0335737884973158,0.05602927203687083,0.6085965747070138,0.7935352250986889,0.5992187168739602,0.03490157218342835,0.6022581303320831,0.09413249499273171,0.9962169244680997,0.05795118475890685,0.6022581303320831,318.7778202390125,0.00010948557260746662,0.00019350335060153157,0.0001344377815257758,3.058401346206665,0.20324765145778656,0.0001344377815257758,16.091266632080078,15.36878490447998,3.127002239227295,37.572410583496094,25.457473754882812,119.82770538330078,1010.0,-0.2541485411506688,0.7773991998957454,-0.22451975682480635,-0.23707986543709586,0.9087690801693871,0.6585219948578185,75.0,0.8275662624931568,,,,
gov_report:132,gov_report,disagreement_replication,64,32,physical_delete_high_v_ridge_11,high_v_ridge,11,0,1,0.001384289211764825,0.0013834175009101205,0.9999077359248593,0.013602994811188564,1.0006301140864062,0.0015349362477858491,0.001532411965473393,0.9998724980888414,0.016066653310933925,1.0016472608993732,0.001532411965473393,12.780294422075608,0.00012010179085816122,4.158076990279369e-05,9.991609113058075e-05,1.9088854789733887,0.4514414966106415,9.991609113058075e-05,778.4161987304688,778.8311767578125,1838.0941162109375,4.786486625671387,4.11572790145874,0.8483498096466064,1074.0,0.020265670753840143,0.7333037774837183,0.10842563937968007,0.12723543512438773,1.0487742692369455,-0.38319717164168327,11.0,0.2666937866541994,3.743484862134742e-11,4.293962638363012e-11,3.7433546885211435e-11,4.294153685995956e-11
gov_report:132,gov_report,disagreement_replication,64,32,physical_delete_high_v_ridge_11,high_v_ridge,11,1,2,0.01746327087970435,0.01739894153469612,0.999825689380913,0.019067782485074725,1.0036973137061211,0.01743373104961904,0.017644924503242343,0.9964062344063667,0.08511616692020493,0.9880309233635715,0.017644924503242343,16.937274902084248,0.0010293114536077878,0.000517051899805665,0.0011409262660890818,2.800121307373047,0.24898087978363037,0.0011409262660890818,90.75878143310547,91.01911926269531,3922.267578125,4.15410041809082,3.9694905281066895,0.6661905646324158,1074.0,0.020265670753840143,0.7333037774837183,0.10842563937968007,0.12723543512438773,1.0487742692369455,-0.38319717164168327,11.0,0.2666937866541994,,,,
gov_report:132,gov_report,disagreement_replication,64,32,physical_delete_high_v_ridge_11,high_v_ridge,11,2,3,0.08075231555066546,0.0810547424510037,0.9969590566488873,0.07793019788523513,0.9962688561928248,0.08403053231487079,0.09038573983711884,0.9807558312899936,0.20180666209497344,0.9296879404461306,0.09038573983711884,24.70231127507724,0.0034017275298304263,0.0007094669272191823,0.0020740781910717487,2.3505771160125732,0.3012644052505493,0.0020740781910717487,24.70437240600586,26.499835968017578,53.901485443115234,6.582964897155762,5.849517822265625,1.338815689086914,1074.0,0.020265670753840143,0.7333037774837183,0.10842563937968007,0.12723543512438773,1.0487742692369455,-0.38319717164168327,11.0,0.2666937866541994,,,,
gov_report:132,gov_report,disagreement_replication,64,32,physical_delete_high_v_ridge_11,high_v_ridge,11,3,4,0.09570979455427309,0.10266793886586922,0.9328308767704576,0.3603150293352724,0.9322267069110385,0.10183970793942501,0.1644515945859326,0.828873301560155,0.5974137451846109,0.6192685950892963,0.1644515945859326,28.20088280507089,0.0036112241110804123,0.0009970759274438024,0.002601050306111574,2.1535427570343018,0.3730616271495819,0.002601050306111574,16.863765716552734,20.85951042175293,7.675846099853516,7.578512191772461,6.265804290771484,1.5731788873672485,1074.0,0.020265670753840143,0.7333037774837183,0.10842563937968007,0.12723543512438773,1.0487742692369455,-0.38319717164168327,11.0,0.2666937866541994,,,,
gov_report:132,gov_report,disagreement_replication,64,32,physical_delete_high_v_ridge_11,high_v_ridge,11,4,5,0.13867545614984678,0.14643812365083905,0.9473101054493467,0.32031807083716385,0.9469901190519127,0.12739578644739996,0.22581362221671158,0.7535405250560645,0.6841347551820877,0.5641634246721361,0.22581362221671158,29.382379959012134,0.0043357885448733115,0.0010987441055476665,0.0029166885651648045,1.9695407152175903,0.5086034536361694,0.0029166885651648045,15.49339771270752,17.862031936645508,4.802761077880859,9.124982833862305,7.040049076080322,2.2410213947296143,1074.0,0.020265670753840143,0.7333037774837183,0.10842563937968007,0.12723543512438773,1.0487742692369455,-0.38319717164168327,11.0,0.2666937866541994,1.4038466132628864e-07,2.548899237471371e-07,1.4042639051270425e-07,2.5490454043588775e-07
gov_report:132,gov_report,disagreement_replication,64,32,physical_delete_high_v_ridge_11,high_v_ridge,11,5,6,0.11507622793540402,0.13641609578592798,0.711329886950064,0.7151899479903049,0.8435678156043133,0.08172575470417733,0.19655256582383898,0.47159351841384817,0.8835796090392197,0.41579591882521827,0.19655256582383898,32.22266624687329,0.00253628157515077,0.0009611467830836773,0.0016730224015191197,1.9447088241577148,0.4911247193813324,0.0016730224015191197,15.784850120544434,17.153615951538086,4.0958685874938965,9.389665603637695,7.8105340003967285,1.7109524011611938,1074.0,0.020265670753840143,0.7333037774837183,0.10842563937968007,0.12723543512438773,1.0487742692369455,-0.38319717164168327,11.0,0.2666937866541994,,,,
gov_report:132,gov_report,disagreement_replication,64,32,physical_delete_high_v_ridge_11,high_v_ridge,11,6,7,0.0025720873142206584,0.04898533602595263,0.21707881859232125,0.9899295803606704,0.052507291424069354,0.0021800611116935746,0.16413753276418527,-0.09216901949153797,1.0013115258923917,0.013281917151914586,0.16413753276418527,36.243411652125765,6.015054908788391e-05,3.846699473797344e-05,6.687435961794108e-05,1.2414363622665405,0.6374573111534119,6.687435961794108e-05,17.693252563476562,19.298877716064453,5.7524895668029785,8.001378059387207,6.592792510986328,1.217225193977356,1074.0,0.020265670753840143,0.7333037774837183,0.10842563937968007,0.12723543512438773,1.0487742692369455,-0.38319717164168327,11.0,0.2666937866541994,,,,
gov_report:132,gov_report,disagreement_replication,64,32,physical_delete_high_v_ridge_11,high_v_ridge,11,7,8,0.016832728227403317,0.04021654719770344,0.36972186649413397,0.9304247161533341,0.4185522975071452,0.0157837371092887,0.14941767540596781,0.19036845073338624,0.9853626791902154,0.10563500647700673,0.14941767540596781,38.48549849336563,0.0004101216751034054,0.0004957891069352627,0.0006980756297707558,2.409039258956909,0.3372246325016022,0.0006980756297707558,33.74650192260742,33.77688980102539,191.02001953125,6.5965576171875,6.424070358276367,2.040466070175171,1074.0,0.020265670753840143,0.7333037774837183,0.10842563937968007,0.12723543512438773,1.0487742692369455,-0.38319717164168327,11.0,0.2666937866541994,5.0212292083470095e-09,3.99349959848363e-07,5.021424744929601e-09,3.994467696336762e-07
gov_report:132,gov_report,disagreement_replication,64,32,physical_delete_high_v_ridge_11,high_v_ridge,11,8,9,0.01330787605139018,0.029269306491399832,0.4055082119806005,0.9154124605842315,0.45467001602174684,0.012307782255783214,0.13145125734383914,0.13752376427731003,0.9914705624036998,0.09363000784077365,0.13145125734383914,40.025110126721025,0.00030750152134038624,0.00021064649627078325,0.0003201213839929551,1.7877635955810547,0.5036545991897583,0.0003201213839929551,16.99176788330078,19.561756134033203,6.650007724761963,8.59941291809082,7.775941371917725,1.5247586965560913,1074.0,0.020265670753840143,0.7333037774837183,0.10842563937968007,0.12723543512438773,1.0487742692369455,-0.38319717164168327,11.0,0.2666937866541994,,,,
gov_report:132,gov_report,disagreement_replication,64,32,physical_delete_high_v_ridge_11,high_v_ridge,11,9,10,0.02804340843584964,0.0347895009827554,0.80036951120031,0.5995342773095199,0.8060882635180743,0.025240356431512557,0.12862609164983047,0.1674567373400623,0.9862992283894036,0.1962304545505937,0.12862609164983047,40.66904569873126,0.0006206281951754765,0.00028670908068306744,0.00082060118438676,1.875204086303711,0.48280492424964905,0.00082060118438676,18.856033325195312,19.088512420654297,4.801733016967773,7.782670021057129,7.454070091247559,1.1750825643539429,1074.0,0.020265670753840143,0.7333037774837183,0.10842563937968007,0.12723543512438773,1.0487742692369455,-0.38319717164168327,11.0,0.2666937866541994,,,,
gov_report:132,gov_report,disagreement_replication,64,32,physical_delete_high_v_ridge_11,high_v_ridge,11,10,11,0.012132888880883267,0.036752973585330216,0.1653090152219804,0.999917779342174,0.33011992492836156,0.013201505224965025,0.11769647463655482,0.18800719397589283,0.9850914831166014,0.11216568096649539,0.11769647463655482,41.86923428307178,0.0003153032399807356,0.0002610727970022708,0.0002625013003125787,2.3714675903320312,0.4046154022216797,0.0002625013003125787,17.17888069152832,18.697662353515625,6.171651363372803,8.759201049804688,8.497803688049316,2.212197780609131,1074.0,0.020265670753840143,0.7333037774837183,0.10842563937968007,0.12723543512438773,1.0487742692369455,-0.38319717164168327,11.0,0.2666937866541994,6.7629822179901295e-09,4.5320475547873005e-07,6.762753357029704e-09,4.5325629095390544e-07
gov_report:132,gov_report,disagreement_replication,64,32,physical_delete_high_v_ridge_11,high_v_ridge,11,11,12,0.0736548294805511,0.08304253534887175,0.880516805376088,0.474058625713612,0.8869530436554982,0.07247165082623609,0.1326621065751687,0.514320324171198,0.8581937453804425,0.5462875021147985,0.1326621065751687,44.64169921168389,0.0016234070858859328,0.0012503896141424775,0.002731395186856389,2.5087974071502686,0.3539546728134155,0.002731395186856389,18.020614624023438,19.462121963500977,6.910096168518066,8.583988189697266,7.930602550506592,1.2823253870010376,1074.0,0.020265670753840143,0.7333037774837183,0.10842563937968007,0.12723543512438773,1.0487742692369455,-0.38319717164168327,11.0,0.2666937866541994,,,,
gov_report:132,gov_report,disagreement_replication,64,32,physical_delete_high_v_ridge_11,high_v_ridge,11,12,13,0.005672949950784117,0.024887426173880293,0.2717075366769042,0.9633743949274342,0.22794442105620222,0.004639407712541328,0.12015410062506994,0.04472380117517396,0.9990180848882013,0.038612146305502984,0.12015410062506994,48.724469266886146,9.52172036421613e-05,9.105017670663074e-05,0.00017813548038247973,2.2703869342803955,0.3912241756916046,0.00017813548038247973,16.148300170898438,17.385663986206055,4.034970760345459,8.912858963012695,8.582315444946289,1.094691514968872,1074.0,0.020265670753840143,0.7333037774837183,0.10842563937968007,0.12723543512438773,1.0487742692369455,-0.38319717164168327,11.0,0.2666937866541994,,,,
gov_report:132,gov_report,disagreement_replication,64,32,physical_delete_high_v_ridge_11,high_v_ridge,11,13,14,0.001979586123309074,0.015716231470375455,0.37769108027422366,0.9595410143798122,0.1259580661585778,0.001807740301084043,0.11630927093044413,0.08985785841815828,0.9987233517640516,0.015542529728048225,0.11630927093044413,52.830585030033745,3.4217684700185656e-05,2.3804217562428676e-05,5.999634231557138e-05,2.132904529571533,0.379495769739151,5.999634231557138e-05,18.52437400817871,19.19424057006836,3.7253737449645996,8.5835542678833,7.965456962585449,1.5713105201721191,1074.0,0.020265670753840143,0.7333037774837183,0.10842563937968007,0.12723543512438773,1.0487742692369455,-0.38319717164168327,11.0,0.2666937866541994,,,,
gov_report:132,gov_report,disagreement_replication,64,32,physical_delete_high_v_ridge_11,high_v_ridge,11,14,15,0.00025037902189433027,0.01987700276208273,0.09373305775177976,0.9988980269801288,0.012596417321627182,0.00020142250254868746,0.11252285082823991,-0.006157151220275433,1.000012623737114,0.001790058650897035,0.11252285082823991,49.71212691406987,4.0517780077456205e-06,4.713352154794848e-06,8.197299393941648e-06,1.48431396484375,0.5739233493804932,8.197299393941648e-06,16.852642059326172,19.34111976623535,9.292560577392578,9.852259635925293,9.364242553710938,1.7806824445724487,1074.0,0.020265670753840143,0.7333037774837183,0.10842563937968007,0.12723543512438773,1.0487742692369455,-0.38319717164168327,11.0,0.2666937866541994,2.4670470877284497e-12,4.987728158548311e-07,2.468742459788593e-12,4.987651257522317e-07
gov_report:132,gov_report,disagreement_replication,64,32,physical_delete_high_v_ridge_11,high_v_ridge,11,15,16,0.0018650248788690926,0.03304128920093389,0.13868220068056406,0.9937455197619283,0.05644528176631737,0.0015849745790053923,0.09802160689589148,0.06302858567641706,0.999111183860674,0.01616964493031409,0.09802160689589148,54.251779371034715,2.9215163030240035e-05,3.51899434463121e-05,4.7343815822387114e-05,2.2481529712677,0.3822762668132782,4.7343815822387114e-05,55.68106460571289,55.504207611083984,1404.197021484375,9.28181266784668,7.86091947555542,1.8061254024505615,1074.0,0.020265670753840143,0.7333037774837183,0.10842563937968007,0.12723543512438773,1.0487742692369455,-0.38319717164168327,11.0,0.2666937866541994,,,,
gov_report:132,gov_report,disagreement_replication,64,32,physical_delete_high_v_ridge_11,high_v_ridge,11,16,17,0.0326060008405755,0.0372623658330453,0.814706372534855,0.5830038418755672,0.8750383962915097,0.029502791936008726,0.09768194389087796,0.34599204623716223,0.9392668643572104,0.30202912391840564,0.09768194389087796,57.56445536352745,0.0005125175205722792,0.0003089199890382588,0.0009750979370437562,2.338721990585327,0.38362011313438416,0.0009750979370437562,15.665960311889648,18.376157760620117,6.330167770385742,9.212827682495117,8.800239562988281,2.9701898097991943,1074.0,0.020265670753840143,0.7333037774837183,0.10842563937968007,0.12723543512438773,1.0487742692369455,-0.38319717164168327,11.0,0.2666937866541994,,,,
gov_report:132,gov_report,disagreement_replication,64,32,physical_delete_high_v_ridge_11,high_v_ridge,11,17,18,0.1228924317331121,0.12244006545492546,0.9952884387077416,0.0973220797878204,1.0036945935671129,0.12317288923452055,0.15019282107280812,0.780942563065623,0.6258289632036176,0.820098379900666,0.15019282107280812,59.48310193367783,0.0020707206791578427,0.0014227243373170495,0.002809173194691539,2.264805793762207,0.4381200075149536,0.002809173194691539,15.140969276428223,16.143522262573242,7.36420202255249,9.34524154663086,9.478096008300781,5.368865013122559,1074.0,0.020265670753840143,0.7333037774837183,0.10842563937968007,0.12723543512438773,1.0487742692369455,-0.38319717164168327,11.0,0.2666937866541994,,,,
gov_report:132,gov_report,disagreement_replication,64,32,physical_delete_high_v_ridge_11,high_v_ridge,11,18,19,0.0036571168427244334,0.024854627311365635,0.14514295310767672,0.9894127108953306,0.14714028083825223,0.0033089684594801686,0.13675806252052544,0.004526399674542461,1.0001831814034257,0.024195783403874557,0.13675806252052544,66.42542382433562,4.9814788810845264e-05,6.11713549005799e-05,9.494413097854704e-05,1.9517658948898315,0.47127842903137207,9.494413097854704e-05,22.558656692504883,22.030330657958984,6.231297016143799,9.668230056762695,9.309629440307617,2.804995536804199,1074.0,0.020265670753840143,0.7333037774837183,0.10842563937968007,0.12723543512438773,1.0487742692369455,-0.38319717164168327,11.0,0.2666937866541994,1.9774876983357954e-09,2.2947435724289056e-06,1.977438174955843e-09,2.292415899342582e-06
gov_report:132,gov_report,disagreement_replication,64,32,physical_delete_high_v_ridge_11,high_v_ridge,11,19,20,0.004538653106665808,0.033095035496049134,-0.0059436557985177154,1.0101671173537043,0.13713999814889546,0.005264960711155386,0.12202046038574628,0.04157796969268009,0.9991364961779025,0.04314817936689582,0.12202046038574628,71.27313940306708,7.387019507279934e-05,3.866718179779127e-05,9.564602078171447e-05,1.810433268547058,0.4854196012020111,9.564602078171447e-05,17.677635192871094,18.185983657836914,3.7087574005126953,9.943099975585938,10.062182426452637,3.0831055641174316,1074.0,0.020265670753840143,0.7333037774837183,0.10842563937968007,0.12723543512438773,1.0487742692369455,-0.38319717164168327,11.0,0.2666937866541994,,,,
gov_report:132,gov_report,disagreement_replication,64,32,physical_delete_high_v_ridge_11,high_v_ridge,11,20,21,0.0015307197555357126,0.02578721269608507,0.18972225375964838,0.9904543788339569,0.05935964361778819,0.00164685681766999,0.12547704880550062,0.12816860715427045,0.9984026711131447,0.01312476531244171,0.12547704880550062,88.24503863607431,1.8662316240368892e-05,2.8869219022453763e-05,2.0942754417774267e-05,1.9800314903259277,0.46475180983543396,2.0942754417774267e-05,14.757875442504883,18.240476608276367,5.03886079788208,11.805850982666016,11.264598846435547,6.004344940185547,1074.0,0.020265670753840143,0.7333037774837183,0.10842563937968007,0.12723543512438773,1.0487742692369455,-0.38319717164168327,11.0,0.2666937866541994,,,,
gov_report:132,gov_report,disagreement_replication,64,32,physical_delete_high_v_ridge_11,high_v_ridge,11,21,22,0.03321440643023054,0.035340879931064745,0.7254192376453876,0.7209290879798765,0.9398296390757088,0.03536874752473501,0.14234823673934985,0.26593479391921004,0.964149278763963,0.2484663550100575,0.14234823673934985,108.13537145201454,0.0003270784300253689,0.0005568154156208038,0.00044896386680193245,1.9429081678390503,0.46792319416999817,0.00044896386680193245,14.91557502746582,16.993635177612305,4.6244707107543945,13.846939086914062,11.527812957763672,7.289584159851074,1074.0,0.020265670753840143,0.7333037774837183,0.10842563937968007,0.12723543512438773,1.0487742692369455,-0.38319717164168327,11.0,0.2666937866541994,,,,
gov_report:132,gov_report,disagreement_replication,64,32,physical_delete_high_v_ridge_11,high_v_ridge,11,22,23,0.07288745636477896,0.07465098029407564,0.9803391601303966,0.19735965768065855,0.9763764129774376,0.0873446051909809,0.18722318419027678,0.5258403810657181,0.8526488211236563,0.4665266514333594,0.18722318419027678,130.60707398517164,0.000668758609513735,0.00057128636399284,0.0009423572337254882,1.2113474607467651,0.6800180077552795,0.0009423572337254882,16.273738861083984,19.083221435546875,4.739459037780762,12.616143226623535,10.90360164642334,10.194043159484863,1074.0,0.020265670753840143,0.7333037774837183,0.10842563937968007,0.12723543512438773,1.0487742692369455,-0.38319717164168327,11.0,0.2666937866541994,5.942087437303646e-07,3.7222900262373496e-06,5.940621572936742e-07,3.7175746685664438e-06
gov_report:132,gov_report,disagreement_replication,64,32,physical_delete_high_v_ridge_11,high_v_ridge,11,23,24,0.08748909049008609,0.08780594390022843,0.9925151358520912,0.12218318543742233,0.9963914355216957,0.09863139727307618,0.2453487937733048,0.4405774497923749,0.8985429086197746,0.4020048183493771,0.2453487937733048,154.29729240020578,0.0006392296049969095,0.0003790329210460186,0.001043266267515719,0.9857096076011658,0.7385281920433044,0.001043266267515719,14.818952560424805,17.55321502685547,4.195957660675049,15.77861213684082,13.735642433166504,11.893473625183105,1074.0,0.020265670753840143,0.7333037774837183,0.10842563937968007,0.12723543512438773,1.0487742692369455,-0.38319717164168327,11.0,0.2666937866541994,,,,
gov_report:132,gov_report,disagreement_replication,64,32,physical_delete_high_v_ridge_11,high_v_ridge,11,24,25,0.022686203949199034,0.03133409596945833,0.6052334814092902,0.8048604433155672,0.724010163602981,0.02450288693925586,0.29680868165753344,-0.0031956148081633217,1.003664718485401,0.08255448190537772,0.29680868165753344,190.03339264281993,0.00012893990155356865,0.00010680250852601603,0.00019604530825745314,1.4642921686172485,0.5488976836204529,0.00019604530825745314,16.55957794189453,17.866769790649414,4.917698860168457,20.66204261779785,16.051441192626953,65.48582458496094,1074.0,0.020265670753840143,0.7333037774837183,0.10842563937968007,0.12723543512438773,1.0487742692369455,-0.38319717164168327,11.0,0.2666937866541994,,,,
gov_report:132,gov_report,disagreement_replication,64,32,physical_delete_high_v_ridge_11,high_v_ridge,11,25,26,0.018580450414516746,0.043323806959384994,0.40353848139162124,0.915313376879429,0.4288739083325586,0.021446591050500577,0.3514014781922707,0.0868628175768926,0.9965551180064471,0.06103159030755696,0.3514014781922707,228.40972119663937,9.389526390620245e-05,0.00014215601549949497,0.00018357837689109147,1.3870102167129517,0.6796870827674866,0.00018357837689109147,15.524763107299805,16.56698989868164,6.213754653930664,29.770225524902344,20.4821720123291,57.76447296142578,1074.0,0.020265670753840143,0.7333037774837183,0.10842563937968007,0.12723543512438773,1.0487742692369455,-0.38319717164168327,11.0,0.2666937866541994,,,,
gov_report:132,gov_report,disagreement_replication,64,32,physical_delete_high_v_ridge_11,high_v_ridge,11,26,27,0.019243030544878997,0.03352497888222668,0.5544708890544996,0.8324320160776254,0.5739908327005904,0.022454793865373086,0.4106756804572626,0.16561752495702553,0.9924104414990216,0.0546776810362158,0.4106756804572626,291.58621865461674,7.700910546794649e-05,8.849328878568485e-05,0.00010141992970602587,1.2339996099472046,0.7495906949043274,0.00010141992970602587,13.287090301513672,16.33766746520996,5.01954460144043,38.00852966308594,25.752986907958984,141.77969360351562,1074.0,0.020265670753840143,0.7333037774837183,0.10842563937968007,0.12723543512438773,1.0487742692369455,-0.38319717164168327,11.0,0.2666937866541994,1.4402867722275735e-08,4.616487176083801e-06,1.4402549745114487e-08,4.609833198546231e-06
gov_report:132,gov_report,disagreement_replication,64,32,physical_delete_high_v_ridge_11,high_v_ridge,11,27,28,0.023789199120716135,0.04058658659183487,0.5561834364786745,0.8315990932560149,0.5861345118759507,0.025821223296675345,0.5093181243622118,0.10840118879691822,0.9957805393915451,0.05069763289694373,0.5093181243622118,318.7778202390125,8.100068968824483e-05,0.00013836019206792116,0.00010280076821800321,3.058401346206665,0.20324765145778656,0.00010280076821800321,12.971115112304688,15.36878490447998,3.127002239227295,36.553707122802734,25.457473754882812,119.82770538330078,1074.0,0.020265670753840143,0.7333037774837183,0.10842563937968007,0.12723543512438773,1.0487742692369455,-0.38319717164168327,11.0,0.2666937866541994,,,,
gov_report:132,gov_report,disagreement_replication,64,32,physical_delete_low_key_query_60,low_key_query,60,0,1,0.000979721403807153,0.0009817054232177786,0.999816931001769,0.01922192616328801,0.9979790073847995,0.0013758852906113664,0.001377181218464027,0.9998381135592153,0.018009822116188727,0.9990589997632223,0.001377181218464027,12.780294422075608,0.00010765677574960853,0.00022633855405729264,0.0003167588438373059,1.9088854789733887,0.4514414966106415,0.0003167588438373059,779.73486328125,778.8311767578125,1838.0941162109375,3.1908457279205322,4.11572790145874,0.8483498096466064,1025.0,1.056049651445619,-1.4339059964089897,0.5844014510171175,0.6699793628853534,-0.6531301490276941,-0.9462783991679431,60.0,0.6595662117312715,5.680114177606158e-11,5.12077431021516e-11,5.6802958246205464e-11,5.120883840876625e-11
gov_report:132,gov_report,disagreement_replication,64,32,physical_delete_low_key_query_60,low_key_query,60,1,2,0.017821510410287855,0.017859496434500275,0.9998582725439825,0.016952164534253713,0.9978730629751105,0.019521859155207103,0.019449044446869283,0.9975868175164042,0.06970258834387111,1.003743870735487,0.019449044446869283,16.937274902084248,0.001152597408264585,0.0009341924451291561,0.002009111922234297,2.800121307373047,0.24898087978363037,0.002009111922234297,91.46329498291016,91.01911926269531,3922.267578125,3.4007444381713867,3.9694905281066895,0.6661905646324158,1025.0,1.056049651445619,-1.4339059964089897,0.5844014510171175,0.6699793628853534,-0.6531301490276941,-0.9462783991679431,60.0,0.6595662117312715,,,,
gov_report:132,gov_report,disagreement_replication,64,32,physical_delete_low_key_query_60,low_key_query,60,2,3,0.024544256515140396,0.024852440701932755,0.9619536758254045,0.2744136125930131,0.9875994398100146,0.02659103533828459,0.03755924797758879,0.8062659622116323,0.5996633817548299,0.7079757122440572,0.03755924797758879,24.70231127507724,0.0010764594066593651,0.0008959585684351623,0.0012100503081455827,2.3505771160125732,0.3012644052505493,0.0012100503081455827,25.353609085083008,26.499835968017578,53.901485443115234,4.943424701690674,5.849517822265625,1.338815689086914,1025.0,1.056049651445619,-1.4339059964089897,0.5844014510171175,0.6699793628853534,-0.6531301490276941,-0.9462783991679431,60.0,0.6595662117312715,,,,
gov_report:132,gov_report,disagreement_replication,64,32,physical_delete_low_key_query_60,low_key_query,60,3,4,0.07503673795291145,0.0740754054286827,0.9789021307949546,0.2071515545349093,1.0129777558241553,0.07377711674936363,0.08510687045731988,0.897322558569071,0.4424242412946776,0.8668761564480509,0.08510687045731988,28.20088280507089,0.0026161279155451664,0.001866515725851059,0.004340671934187412,2.1535427570343018,0.3730616271495819,0.004340671934187412,18.291616439819336,20.85951042175293,7.675846099853516,5.766697406768799,6.265804290771484,1.5731788873672485,1025.0,1.056049651445619,-1.4339059964089897,0.5844014510171175,0.6699793628853534,-0.6531301490276941,-0.9462783991679431,60.0,0.6595662117312715,,,,
gov_report:132,gov_report,disagreement_replication,64,32,physical_delete_low_key_query_60,low_key_query,60,4,5,0.07317898287692431,0.08027864411390226,0.9289634045832197,0.3705803455523961,0.911562267707154,0.07175605756008391,0.11116853825774206,0.7252483040605715,0.6930940268460056,0.6454709100673691,0.11116853825774206,29.382379959012134,0.0024421458595315373,0.0018329690210521221,0.0029172247741371393,1.9695407152175903,0.5086034536361694,0.0029172247741371393,15.60141372680664,17.862031936645508,4.802761077880859,5.322068214416504,7.040049076080322,2.2410213947296143,1025.0,1.056049651445619,-1.4339059964089897,0.5844014510171175,0.6699793628853534,-0.6531301490276941,-0.9462783991679431,60.0,0.6595662117312715,1.0848088207234826e-07,3.919108746073521e-07,1.0846045624989793e-07,3.917376080800076e-07
gov_report:132,gov_report,disagreement_replication,64,32,physical_delete_low_key_query_60,low_key_query,60,5,6,0.040226343268011874,0.05763501169754457,0.6241168054100289,0.7848117737051015,0.6979497719044558,0.03389019766561922,0.09025585146855648,0.30992797572748254,0.9530178747344799,0.37549031020361,0.09025585146855648,32.22266624687329,0.0010517502619420186,0.0017521389527246356,0.002757140202447772,1.9447088241577148,0.4911247193813324,0.002757140202447772,15.853368759155273,17.153615951538086,4.0958685874938965,5.785768508911133,7.8105340003967285,1.7109524011611938,1025.0,1.056049651445619,-1.4339059964089897,0.5844014510171175,0.6699793628853534,-0.6531301490276941,-0.9462783991679431,60.0,0.6595662117312715,,,,
gov_report:132,gov_report,disagreement_replication,64,32,physical_delete_low_key_query_60,low_key_query,60,6,7,0.022078880428030818,0.03036614922837252,0.6554500967899607,0.7586285279321323,0.7270885834744394,0.018791711406423998,0.08086800902205032,0.29335121938407105,0.9579473626659031,0.2323750965762005,0.08086800902205032,36.243411652125765,0.0005184862723959878,0.000867717491928488,0.001293616252951324,1.2414363622665405,0.6374573111534119,0.001293616252951324,15.846366882324219,19.298877716064453,5.7524895668029785,6.077017307281494,6.592792510986328,1.217225193977356,1025.0,1.056049651445619,-1.4339059964089897,0.5844014510171175,0.6699793628853534,-0.6531301490276941,-0.9462783991679431,60.0,0.6595662117312715,,,,
gov_report:132,gov_report,disagreement_replication,64,32,physical_delete_low_key_query_60,low_key_query,60,7,8,0.033009258953961076,0.037230959324595254,0.7899531633078601,0.6207383657011977,0.8866078004107386,0.03098077547414658,0.08618911958075944,0.5175227373282156,0.8701476040803382,0.3594511189445149,0.08618911958075944,38.48549849336563,0.0008049986796841734,0.001240947050973773,0.0014579619746655226,2.409039258956909,0.3372246325016022,0.0014579619746655226,33.06454086303711,33.77688980102539,191.02001953125,4.769776344299316,6.424070358276367,2.040466070175171,1025.0,1.056049651445619,-1.4339059964089897,0.5844014510171175,0.6699793628853534,-0.6531301490276941,-0.9462783991679431,60.0,0.6595662117312715,4.338377439011467e-08,6.268923540072462e-07,4.338031160577319e-08,6.264509706530913e-07
gov_report:132,gov_report,disagreement_replication,64,32,physical_delete_low_key_query_60,low_key_query,60,8,9,0.2212957930760603,0.21890755173626456,0.995917570171351,0.09150388456450344,1.0109098170476687,0.2096296192200814,0.23542413451403288,0.943357538419072,0.33597242620527307,0.89043385315105,0.23542413451403288,40.025110126721025,0.005237452653006725,0.00492243655025959,0.009444091469049454,1.7877635955810547,0.5036545991897583,0.009444091469049454,17.91684341430664,19.561756134033203,6.650007724761963,5.667740821838379,7.775941371917725,1.5247586965560913,1025.0,1.056049651445619,-1.4339059964089897,0.5844014510171175,0.6699793628853534,-0.6531301490276941,-0.9462783991679431,60.0,0.6595662117312715,,,,
gov_report:132,gov_report,disagreement_replication,64,32,physical_delete_low_key_query_60,low_key_query,60,9,10,0.2173002320880127,0.21001833608858408,0.8987317198852158,0.4590873958110226,1.0346726678015254,0.21411756451408098,0.3272431113390348,0.6825222634366309,0.7314092170013129,0.6543073241112417,0.3272431113390348,40.66904569873126,0.0052648780131263504,0.0028551779687404633,0.006010792683809996,1.875204086303711,0.48280492424964905,0.006010792683809996,16.26609992980957,19.088512420654297,4.801733016967773,6.6021833419799805,7.454070091247559,1.1750825643539429,1025.0,1.056049651445619,-1.4339059964089897,0.5844014510171175,0.6699793628853534,-0.6531301490276941,-0.9462783991679431,60.0,0.6595662117312715,,,,
gov_report:132,gov_report,disagreement_replication,64,32,physical_delete_low_key_query_60,low_key_query,60,10,11,0.11621664250912106,0.19252911343620074,0.2649706181226818,1.0219989148414321,0.6036315258244427,0.12106879130733524,0.3342862169076627,0.3991406589363575,0.917634723688549,0.36217105337842015,0.3342862169076627,41.86923428307178,0.002891593156177799,0.003537788288667798,0.004053927026689053,2.3714675903320312,0.4046154022216797,0.004053927026689053,16.157093048095703,18.697662353515625,6.171651363372803,7.8204240798950195,8.497803688049316,2.212197780609131,1025.0,1.056049651445619,-1.4339059964089897,0.5844014510171175,0.6699793628853534,-0.6531301490276941,-0.9462783991679431,60.0,0.6595662117312715,3.43410153998733e-07,1.0017636394554481e-05,3.4343030663217123e-07,9.992615425555381e-06
gov_report:132,gov_report,disagreement_replication,64,32,physical_delete_low_key_query_60,low_key_query,60,11,12,0.7798835946358562,0.7518876459134037,0.9855519240477415,0.17708321360838422,1.0372342182699952,0.7724591945136358,0.8260403103812042,0.9390860871846419,0.34370471636667715,0.9351349865204016,0.8260403103812042,44.64169921168389,0.01730353477027736,0.016292011365294456,0.02716929093003273,2.5087974071502686,0.3539546728134155,0.02716929093003273,16.029449462890625,19.462121963500977,6.910096168518066,7.020224571228027,7.930602550506592,1.2823253870010376,1025.0,1.056049651445619,-1.4339059964089897,0.5844014510171175,0.6699793628853534,-0.6531301490276941,-0.9462783991679431,60.0,0.6595662117312715,,,,
gov_report:132,gov_report,disagreement_replication,64,32,physical_delete_low_key_query_60,low_key_query,60,12,13,0.23625062092379887,0.4064878353909054,0.38343610630064107,0.944503681289756,0.581199731836021,0.19717991710974034,0.7932777078317825,0.24884075432655198,0.9685444521717543,0.2485635423295584,0.7932777078317825,48.724469266886146,0.0040468356059395125,0.004837033338844776,0.008258716203272343,2.2703869342803955,0.3912241756916046,0.008258716203272343,14.845139503479004,17.385663986206055,4.034970760345459,7.820874214172363,8.582315444946289,1.094691514968872,1025.0,1.056049651445619,-1.4339059964089897,0.5844014510171175,0.6699793628853534,-0.6531301490276941,-0.9462783991679431,60.0,0.6595662117312715,,,,
gov_report:132,gov_report,disagreement_replication,64,32,physical_delete_low_key_query_60,low_key_query,60,13,14,0.02965196461335716,0.1906457692125896,0.03740857513852147,1.0062575692777436,0.15553434380330872,0.02821345567458348,0.7664053407864252,0.06900131940806692,0.9981357245652221,0.036812707549288524,0.7664053407864252,52.830585030033745,0.0005340364044529199,0.00045649733510799706,0.0009425548487342894,2.132904529571533,0.379495769739151,0.0009425548487342894,18.321189880371094,19.19424057006836,3.7253737449645996,7.086625099182129,7.965456962585449,1.5713105201721191,1025.0,1.056049651445619,-1.4339059964089897,0.5844014510171175,0.6699793628853534,-0.6531301490276941,-0.9462783991679431,60.0,0.6595662117312715,,,,
gov_report:132,gov_report,disagreement_replication,64,32,physical_delete_low_key_query_60,low_key_query,60,14,15,0.05817054597126363,0.24698876089518948,0.15383391679474576,0.9914673866839301,0.2355189999756649,0.05028414202304921,0.7071141574545177,-0.00015762429696638,1.0025364343809007,0.07111177381041695,0.7071141574545177,49.71212691406987,0.001011506550704783,0.0010018666507676244,0.0021485944744199514,1.48431396484375,0.5739233493804932,0.0021485944744199514,17.47884750366211,19.34111976623535,9.292560577392578,8.048284530639648,9.364242553710938,1.7806824445724487,1025.0,1.056049651445619,-1.4339059964089897,0.5844014510171175,0.6699793628853534,-0.6531301490276941,-0.9462783991679431,60.0,0.6595662117312715,1.7695463484489475e-07,4.9302655755006485e-05,1.7688955456488364e-07,4.893437071613947e-05
gov_report:132,gov_report,disagreement_replication,64,32,physical_delete_low_key_query_60,low_key_query,60,15,16,0.07255230574710685,0.3218084696099136,0.1937592625328904,0.9815608827251509,0.2254518218089553,0.08024588537484671,0.551230149829046,-0.015962698759574626,1.0128375715901354,0.14557600922179878,0.551230149829046,54.251779371034715,0.001479138312239218,0.0014902270631864667,0.0027303965762257576,2.2481529712677,0.3822762668132782,0.0027303965762257576,53.768638610839844,55.504207611083984,1404.197021484375,7.664205551147461,7.86091947555542,1.8061254024505615,1025.0,1.056049651445619,-1.4339059964089897,0.5844014510171175,0.6699793628853534,-0.6531301490276941,-0.9462783991679431,60.0,0.6595662117312715,,,,
gov_report:132,gov_report,disagreement_replication,64,32,physical_delete_low_key_query_60,low_key_query,60,16,17,0.1820028704348654,0.2662556703162056,0.6617705666068359,0.7500231222514511,0.6835642982503191,0.16296584270364678,0.5254909091501945,0.34351284399829457,0.9397414173780831,0.3101211455155132,0.5254909091501945,57.56445536352745,0.002831015106014555,0.003448688192293048,0.008762143552303314,2.338721990585327,0.38362011313438416,0.008762143552303314,17.73101043701172,18.376157760620117,6.330167770385742,8.66482925415039,8.800239562988281,2.9701898097991943,1025.0,1.056049651445619,-1.4339059964089897,0.5844014510171175,0.6699793628853534,-0.6531301490276941,-0.9462783991679431,60.0,0.6595662117312715,,,,
gov_report:132,gov_report,disagreement_replication,64,32,physical_delete_low_key_query_60,low_key_query,60,17,18,0.06437804315271167,0.11623847474903376,0.6112680454074899,0.7935041506160513,0.5538445277409907,0.054681438739854406,0.46948294216980324,0.16637618339812252,0.9873243798602663,0.11647161979332818,0.46948294216980324,59.48310193367783,0.0009192768527912825,0.001605339697562158,0.0019697474781423807,2.264805793762207,0.4381200075149536,0.0019697474781423807,15.083587646484375,16.143522262573242,7.36420202255249,8.407574653625488,9.478096008300781,5.368865013122559,1025.0,1.056049651445619,-1.4339059964089897,0.5844014510171175,0.6699793628853534,-0.6531301490276941,-0.9462783991679431,60.0,0.6595662117312715,,,,
gov_report:132,gov_report,disagreement_replication,64,32,physical_delete_low_key_query_60,low_key_query,60,18,19,0.017297365704714355,0.08798945197188272,0.16382071955384336,0.987034062025882,0.19658453731751593,0.016917420150637328,0.4429109478709296,0.004271714095137275,1.0005661440655789,0.03819598551799017,0.4429109478709296,66.42542382433562,0.0002546829086913475,0.00029791577253490686,0.0005389405996538699,1.9517658948898315,0.47127842903137207,0.0005389405996538699,21.811199188232422,22.030330657958984,6.231297016143799,8.427913665771484,9.309629440307617,2.804995536804199,1025.0,1.056049651445619,-1.4339059964089897,0.5844014510171175,0.6699793628853534,-0.6531301490276941,-0.9462783991679431,60.0,0.6595662117312715,8.664997433908292e-08,3.896165202367584e-05,8.66470418442847e-08,3.8804566413350674e-05
gov_report:132,gov_report,disagreement_replication,64,32,physical_delete_low_key_query_60,low_key_query,60,19,20,0.027063499374741666,0.07530426715187233,0.2605870329241309,0.9704927403260792,0.35938865615889304,0.02216619060336964,0.41275798536431674,0.016856471211562574,1.000536605535446,0.05370263299401676,0.41275798536431674,71.27313940306708,0.00031100342694341553,0.0004879364278167486,0.0007699598791077733,1.810433268547058,0.4854196012020111,0.0007699598791077733,16.813447952270508,18.185983657836914,3.7087574005126953,7.315007209777832,10.062182426452637,3.0831055641174316,1025.0,1.056049651445619,-1.4339059964089897,0.5844014510171175,0.6699793628853534,-0.6531301490276941,-0.9462783991679431,60.0,0.6595662117312715,,,,
gov_report:132,gov_report,disagreement_replication,64,32,physical_delete_low_key_query_60,low_key_query,60,20,21,0.007750264301268038,0.08959793952160687,-0.015897217155655913,1.005103261254898,0.08650047470566032,0.008047422194785818,0.42352219817889714,-0.02410883148263062,1.0006384149489875,0.01900118158951036,0.42352219817889714,88.24503863607431,9.119404693077052e-05,0.00013942951045464724,0.0002421963436063379,1.9800314903259277,0.46475180983543396,0.0002421963436063379,17.874675750732422,18.240476608276367,5.03886079788208,9.39585018157959,11.264598846435547,6.004344940185547,1025.0,1.056049651445619,-1.4339059964089897,0.5844014510171175,0.6699793628853534,-0.6531301490276941,-0.9462783991679431,60.0,0.6595662117312715,,,,
gov_report:132,gov_report,disagreement_replication,64,32,physical_delete_low_key_query_60,low_key_query,60,21,22,0.004684395380474918,0.07004540981942553,-0.15390575807412407,1.0124514039544308,0.0668765504056742,0.005281458045562202,0.46844258796224286,-0.07020472780386618,1.0008547154725866,0.011274504456430624,0.46844258796224286,108.13537145201454,4.884116986555012e-05,0.00011041115067200735,0.0001046825127559714,1.9429081678390503,0.46792319416999817,0.0001046825127559714,17.1732120513916,16.993635177612305,4.6244707107543945,8.891179084777832,11.527812957763672,7.289584159851074,1025.0,1.056049651445619,-1.4339059964089897,0.5844014510171175,0.6699793628853534,-0.6531301490276941,-0.9462783991679431,60.0,0.6595662117312715,,,,
gov_report:132,gov_report,disagreement_replication,64,32,physical_delete_low_key_query_60,low_key_query,60,22,23,0.005642929512427561,0.04319557132245884,0.17712326617537846,0.9852859198092655,0.1306367606600821,0.005747354782109218,0.5438698207420746,0.032254970055224055,0.9997149405858687,0.01056751921676281,0.5438698207420746,130.60707398517164,4.400492719683575e-05,0.00018368575547356158,0.0001375646679662168,1.2113474607467651,0.6800180077552795,0.0001375646679662168,16.941150665283203,19.083221435546875,4.739459037780762,6.036947727203369,10.90360164642334,10.194043159484863,1025.0,1.056049651445619,-1.4339059964089897,0.5844014510171175,0.6699793628853534,-0.6531301490276941,-0.9462783991679431,60.0,0.6595662117312715,4.443485809235367e-09,4.087379001560228e-05,4.443624871770858e-09,4.071198820435045e-05
gov_report:132,gov_report,disagreement_replication,64,32,physical_delete_low_key_query_60,low_key_query,60,23,24,0.04377487116890461,0.056650851049371925,0.6479304080307035,0.771852951652231,0.7727133901440292,0.05064347133948026,0.6687992995207306,0.11880222197285766,0.9938520280913526,0.07572297305899088,0.6687992995207306,154.29729240020578,0.0003282200909146525,0.000498842098750174,0.0010460916673764586,0.9857096076011658,0.7385281920433044,0.0010460916673764586,15.623452186584473,17.55321502685547,4.195957660675049,9.027029037475586,13.735642433166504,11.893473625183105,1025.0,1.056049651445619,-1.4339059964089897,0.5844014510171175,0.6699793628853534,-0.6531301490276941,-0.9462783991679431,60.0,0.6595662117312715,,,,
gov_report:132,gov_report,disagreement_replication,64,32,physical_delete_low_key_query_60,low_key_query,60,24,25,0.011713904938604363,0.10077660408521462,-0.5014749725984059,1.0630569757906911,0.11623635311921532,0.0131298245178828,0.795938409751244,-0.08856408611399356,1.0015957422112207,0.016496030794626793,0.795938409751244,190.03339264281993,6.909219656232289e-05,0.00026345672085881233,0.00022565094695892185,1.4642921686172485,0.5488976836204529,0.00022565094695892185,17.40019416809082,17.866769790649414,4.917698860168457,8.508678436279297,16.051441192626953,65.48582458496094,1025.0,1.056049651445619,-1.4339059964089897,0.5844014510171175,0.6699793628853534,-0.6531301490276941,-0.9462783991679431,60.0,0.6595662117312715,,,,
gov_report:132,gov_report,disagreement_replication,64,32,physical_delete_low_key_query_60,low_key_query,60,25,26,0.1560642528506328,0.15293230342652164,0.9051001902513008,0.44057461224302585,1.0204793189793022,0.15715586753170308,0.945928623328042,0.1246004156872519,0.9930761354353805,0.16613924524113108,0.945928623328042,228.40972119663937,0.000688043690559066,0.0022835389245301485,0.002397590782493353,1.3870102167129517,0.6796870827674866,0.002397590782493353,15.378594398498535,16.56698989868164,6.213754653930664,9.75517463684082,20.4821720123291,57.76447296142578,1025.0,1.056049651445619,-1.4339059964089897,0.5844014510171175,0.6699793628853534,-0.6531301490276941,-0.9462783991679431,60.0,0.6595662117312715,,,,
gov_report:132,gov_report,disagreement_replication,64,32,physical_delete_low_key_query_60,low_key_query,60,26,27,0.10861404594423392,0.11869111873847955,0.791589292277701,0.6234106813856661,0.9150983418022274,0.11761940776068487,1.1002519668669954,0.15499548992628281,0.989085111654709,0.10690224721489033,1.1002519668669954,291.58621865461674,0.00040337780126709213,0.0036248471587896347,0.001456912374123931,1.2339996099472046,0.7495906949043274,0.001456912374123931,15.948335647583008,16.33766746520996,5.01954460144043,10.397464752197266,25.752986907958984,141.77969360351562,1025.0,1.056049651445619,-1.4339059964089897,0.5844014510171175,0.6699793628853534,-0.6531301490276941,-0.9462783991679431,60.0,0.6595662117312715,2.3353343480726763e-07,3.954471726893519e-05,2.335199632644252e-07,3.938268271003351e-05
gov_report:132,gov_report,disagreement_replication,64,32,physical_delete_low_key_query_60,low_key_query,60,27,28,0.2915758906761475,0.24539279129920005,0.8295063079033991,0.663762732142138,1.1882007174393225,0.2787918071809034,1.2324346023275397,0.20267676147287358,0.9795284833461569,0.22621225228047429,1.2324346023275397,318.7778202390125,0.0008745646324197572,0.01260093878954649,0.005119792185723782,3.058401346206665,0.20324765145778656,0.005119792185723782,16.68619155883789,15.36878490447998,3.127002239227295,10.20234203338623,25.457473754882812,119.82770538330078,1025.0,1.056049651445619,-1.4339059964089897,0.5844014510171175,0.6699793628853534,-0.6531301490276941,-0.9462783991679431,60.0,0.6595662117312715,,,,
gov_report:132,gov_report,disagreement_replication,64,32,physical_delete_high_age_95,high_age,95,0,1,0.0020317247979295687,0.002033005582515828,0.999956948533694,0.009297611661520147,0.9993700043928682,0.002918230761487419,0.0029199190079069346,0.9999635911833133,0.008550428446837819,0.9994218173809123,0.0029199190079069346,12.780294422075608,0.0002283383046674349,7.357537833740935e-05,0.00016521623183507472,1.9088854789733887,0.4514414966106415,0.00016521623183507472,778.139892578125,778.8311767578125,1838.0941162109375,4.716275691986084,4.11572790145874,0.8483498096466064,990.0,0.4085194441999248,0.30437849907045533,0.500081540281463,0.4752294003666825,0.7991261466173382,0.2883716420986866,95.0,0.7109329752876582,1.433941622104522e-10,1.3646850968733134e-10,1.4339555862292738e-10,1.3647062063225715e-10
gov_report:132,gov_report,disagreement_replication,64,32,physical_delete_high_age_95,high_age,95,1,2,0.007006259974138192,0.006882261588569169,0.9961607964354082,0.09022951617449365,1.0180170985908141,0.007479308141666766,0.007891269230811937,0.9387021299017219,0.344849239008899,0.9477953321454748,0.007891269230811937,16.937274902084248,0.00044158863718663416,0.0003476164711173624,0.000552290235646069,2.800121307373047,0.24898087978363037,0.000552290235646069,90.155517578125,91.01911926269531,3922.267578125,3.954695224761963,3.9694905281066895,0.6661905646324158,990.0,0.4085194441999248,0.30437849907045533,0.500081540281463,0.4752294003666825,0.7991261466173382,0.2883716420986866,95.0,0.7109329752876582,,,,
gov_report:132,gov_report,disagreement_replication,64,32,physical_delete_high_age_95,high_age,95,2,3,0.016062811349292147,0.015905147972471494,0.9858365636536606,0.1694282484295119,1.0099127261873662,0.016071087216982506,0.019101308850376187,0.9004607150299518,0.43893431548179696,0.8413605236620211,0.019101308850376187,24.70231127507724,0.0006505904260544646,0.0002917113888543099,0.0007622846169397235,2.3505771160125732,0.3012644052505493,0.0007622846169397235,24.645341873168945,26.499835968017578,53.901485443115234,5.015887260437012,5.849517822265625,1.338815689086914,990.0,0.4085194441999248,0.30437849907045533,0.500081540281463,0.4752294003666825,0.7991261466173382,0.2883716420986866,95.0,0.7109329752876582,,,,
gov_report:132,gov_report,disagreement_replication,64,32,physical_delete_high_age_95,high_age,95,3,4,0.0015488335708844555,0.006656078431928047,0.1268210939963199,0.9975598284727103,0.23269460940468656,0.0015303164963536807,0.018752356316811557,0.32022367135814506,0.9769313668099266,0.08160662428229067,0.018752356316811557,28.20088280507089,5.426484365512521e-05,3.4484866773709655e-05,5.6883560318965465e-05,2.1535427570343018,0.3730616271495819,5.6883560318965465e-05,20.901046752929688,20.85951042175293,7.675846099853516,7.319438934326172,6.265804290771484,1.5731788873672485,990.0,0.4085194441999248,0.30437849907045533,0.500081540281463,0.4752294003666825,0.7991261466173382,0.2883716420986866,95.0,0.7109329752876582,,,,
gov_report:132,gov_report,disagreement_replication,64,32,physical_delete_high_age_95,high_age,95,4,5,0.005106340119929869,0.007854047484689606,0.6677504828110907,0.7445931305858803,0.650153965822588,0.005573470470562846,0.01880291231444216,0.39397782047719726,0.9242834666777683,0.29641527745050267,0.01880291231444216,29.382379959012134,0.0001896875092602346,0.0001561464450787753,0.00020134927763137966,1.9695407152175903,0.5086034536361694,0.00020134927763137966,18.4055233001709,17.862031936645508,4.802761077880859,6.89832878112793,7.040049076080322,2.2410213947296143,990.0,0.4085194441999248,0.30437849907045533,0.500081540281463,0.4752294003666825,0.7991261466173382,0.2883716420986866,95.0,0.7109329752876582,3.2139470896373786e-10,3.965414977603489e-09,3.213935386826365e-10,3.965599873955032e-09
gov_report:132,gov_report,disagreement_replication,64,32,physical_delete_high_age_95,high_age,95,5,6,0.010318876228012372,0.013272201111411005,0.7619386021721504,0.6478357152839018,0.7774803999270732,0.009084216546687559,0.0172795263360532,0.4472280799149091,0.8978575854464168,0.5257213866871814,0.0172795263360532,32.22266624687329,0.0002819200769138414,0.0001850639673648402,0.0003798823745455593,1.9447088241577148,0.4911247193813324,0.0003798823745455593,18.123550415039062,17.153615951538086,4.0958685874938965,7.527113914489746,7.8105340003967285,1.7109524011611938,990.0,0.4085194441999248,0.30437849907045533,0.500081540281463,0.4752294003666825,0.7991261466173382,0.2883716420986866,95.0,0.7109329752876582,,,,
gov_report:132,gov_report,disagreement_replication,64,32,physical_delete_high_age_95,high_age,95,6,7,0.00462131812866581,0.006099655979362853,0.756731277380091,0.6537266952724498,0.7576358641046729,0.0033162004701040655,0.01428734734506135,0.22447007061349974,0.974510912059148,0.232107499734747,0.01428734734506135,36.243411652125765,9.149802181797536e-05,6.156494055176154e-05,0.00016417283040937036,1.2414363622665405,0.6374573111534119,0.00016417283040937036,20.42241096496582,19.298877716064453,5.7524895668029785,6.952507019042969,6.592792510986328,1.217225193977356,990.0,0.4085194441999248,0.30437849907045533,0.500081540281463,0.4752294003666825,0.7991261466173382,0.2883716420986866,95.0,0.7109329752876582,,,,
gov_report:132,gov_report,disagreement_replication,64,32,physical_delete_high_age_95,high_age,95,7,8,0.008544712991635162,0.009252572171539734,0.9139457538312691,0.4059487226646401,0.9234959569316414,0.007546518814827205,0.014687225059026941,0.5206533348214134,0.8537955643171474,0.5138151546325646,0.014687225059026941,38.48549849336563,0.00019608733445737023,0.0002715937444008887,0.00046211256994865835,2.409039258956909,0.3372246325016022,0.00046211256994865835,34.86793518066406,33.77688980102539,191.02001953125,6.866134166717529,6.424070358276367,2.040466070175171,990.0,0.4085194441999248,0.30437849907045533,0.500081540281463,0.4752294003666825,0.7991261466173382,0.2883716420986866,95.0,0.7109329752876582,5.579335169583299e-09,1.0722915434676098e-08,5.579012378104786e-09,1.0722430986725293e-08
gov_report:132,gov_report,disagreement_replication,64,32,physical_delete_high_age_95,high_age,95,8,9,0.034973985661631415,0.034676406890857034,0.9970210073698259,0.07799203790638431,1.0085815918503611,0.03409155066814176,0.037960679542189756,0.9394736506499165,0.34511313914227154,0.898075352688357,0.037960679542189756,40.025110126721025,0.0008517540753843428,0.000429023610195145,0.0012359146494418383,1.7877635955810547,0.5036545991897583,0.0012359146494418383,20.794387817382812,19.561756134033203,6.650007724761963,8.37230110168457,7.775941371917725,1.5247586965560913,990.0,0.4085194441999248,0.30437849907045533,0.500081540281463,0.4752294003666825,0.7991261466173382,0.2883716420986866,95.0,0.7109329752876582,,,,
gov_report:132,gov_report,disagreement_replication,64,32,physical_delete_high_age_95,high_age,95,9,10,0.04113196164562536,0.04132523768986606,0.9853856315013707,0.1706279857750518,0.9953230506333398,0.036513661247770016,0.050056138455307195,0.7187726629077005,0.6953272284610904,0.7294542162969957,0.050056138455307195,40.66904569873126,0.0008978243924938991,0.0009673440363258123,0.0024866664316505194,1.875204086303711,0.48280492424964905,0.0024866664316505194,19.69978141784668,19.088512420654297,4.801733016967773,6.860093116760254,7.454070091247559,1.1750825643539429,990.0,0.4085194441999248,0.30437849907045533,0.500081540281463,0.4752294003666825,0.7991261466173382,0.2883716420986866,95.0,0.7109329752876582,,,,
gov_report:132,gov_report,disagreement_replication,64,32,physical_delete_high_age_95,high_age,95,10,11,0.04458254727673,0.051104922308953415,0.9091850548977376,0.41801635564089296,0.8723728608216529,0.04590287447980088,0.06723532320903522,0.7636495430505524,0.6506835078894588,0.6827196224979605,0.06723532320903522,41.86923428307178,0.0010963390008390946,0.0005596387782134116,0.001308979233726859,2.3714675903320312,0.4046154022216797,0.001308979233726859,19.940689086914062,18.697662353515625,6.171651363372803,7.809615135192871,8.497803688049316,2.212197780609131,990.0,0.4085194441999248,0.30437849907045533,0.500081540281463,0.4752294003666825,0.7991261466173382,0.2883716420986866,95.0,0.7109329752876582,8.915977592235643e-08,3.4843789224990325e-07,8.915563874737806e-08,3.483566181295957e-07
gov_report:132,gov_report,disagreement_replication,64,32,physical_delete_high_age_95,high_age,95,11,12,0.01695705983655589,0.03772805052397409,0.476020421468503,0.8798353718328826,0.44945497053394307,0.015211768832107718,0.061688636568267154,0.14904439734808253,0.9936301177139637,0.24658948030523833,0.061688636568267154,44.64169921168389,0.0003407524601600829,0.00037269722088240087,0.0007716595428064466,2.5087974071502686,0.3539546728134155,0.0007716595428064466,20.061840057373047,19.462121963500977,6.910096168518066,7.660555362701416,7.930602550506592,1.2823253870010376,990.0,0.4085194441999248,0.30437849907045533,0.500081540281463,0.4752294003666825,0.7991261466173382,0.2883716420986866,95.0,0.7109329752876582,,,,
gov_report:132,gov_report,disagreement_replication,64,32,physical_delete_high_age_95,high_age,95,12,13,0.05469054050397597,0.054961223410840934,0.9578436771446118,0.2896923593589068,0.9950750203495001,0.04820393292002233,0.07449478275690577,0.6970636907616258,0.718749457838655,0.6470779715852485,0.07449478275690577,48.724469266886146,0.0009893167364427799,0.0016849590465426445,0.002727567683905363,2.2703869342803955,0.3912241756916046,0.002727567683905363,17.122047424316406,17.385663986206055,4.034970760345459,8.855085372924805,8.582315444946289,1.094691514968872,990.0,0.4085194441999248,0.30437849907045533,0.500081540281463,0.4752294003666825,0.7991261466173382,0.2883716420986866,95.0,0.7109329752876582,,,,
gov_report:132,gov_report,disagreement_replication,64,32,physical_delete_high_age_95,high_age,95,13,14,0.015786944402877968,0.018901690723947262,0.7049765385568236,0.7210892502059996,0.8352133485538886,0.01430173310241468,0.0746150294208246,0.2691908879957332,0.9662014241450267,0.19167362411336333,0.0746150294208246,52.830585030033745,0.00027070934562402186,0.0003668279096018523,0.0005560999270528555,2.132904529571533,0.379495769739151,0.0005560999270528555,18.586360931396484,19.19424057006836,3.7253737449645996,8.79625129699707,7.965456962585449,1.5713105201721191,990.0,0.4085194441999248,0.30437849907045533,0.500081540281463,0.4752294003666825,0.7991261466173382,0.2883716420986866,95.0,0.7109329752876582,,,,
gov_report:132,gov_report,disagreement_replication,64,32,physical_delete_high_age_95,high_age,95,14,15,0.04621720469331901,0.0479358622515883,0.924167339949545,0.3840743146259426,0.9641467269484165,0.04096326480265925,0.08086310637837987,0.5565576139636832,0.8323111429518987,0.5065754537178091,0.08086310637837987,49.71212691406987,0.0008240094992005973,0.0010647013550624251,0.0012075627455487847,1.48431396484375,0.5739233493804932,0.0012075627455487847,17.945579528808594,19.34111976623535,9.292560577392578,9.326231002807617,9.364242553710938,1.7806824445724487,990.0,0.4085194441999248,0.30437849907045533,0.500081540281463,0.4752294003666825,0.7991261466173382,0.2883716420986866,95.0,0.7109329752876582,1.6556874221082233e-07,1.5434493517879925e-06,1.655343111283088e-07,1.5424089863050827e-06
gov_report:132,gov_report,disagreement_replication,64,32,physical_delete_high_age_95,high_age,95,15,16,0.06471350665006956,0.0705508839670611,0.8917956280912795,0.4531544924100741,0.9172600400057792,0.05714622526309421,0.09551933013406863,0.6969195824276915,0.7239026817521338,0.5982686978948151,0.09551933013406863,54.251779371034715,0.0010533520914081734,0.001958962297067046,0.002333840122446418,2.2481529712677,0.3822762668132782,0.002333840122446418,55.53907012939453,55.504207611083984,1404.197021484375,7.815205097198486,7.86091947555542,1.8061254024505615,990.0,0.4085194441999248,0.30437849907045533,0.500081540281463,0.4752294003666825,0.7991261466173382,0.2883716420986866,95.0,0.7109329752876582,,,,
gov_report:132,gov_report,disagreement_replication,64,32,physical_delete_high_age_95,high_age,95,16,17,0.3918938214800155,0.39015900717937646,0.9981843292728473,0.06055789532634594,1.004446428939782,0.3750190961143732,0.40766224009354285,0.9801673476329797,0.20712554149233997,0.9199260054802247,0.40766224009354285,57.56445536352745,0.006514768423432064,0.012342016212642193,0.010108967311680317,2.338721990585327,0.38362011313438416,0.010108967311680317,17.533794403076172,18.376157760620117,6.330167770385742,8.493505477905273,8.800239562988281,2.9701898097991943,990.0,0.4085194441999248,0.30437849907045533,0.500081540281463,0.4752294003666825,0.7991261466173382,0.2883716420986866,95.0,0.7109329752876582,,,,
gov_report:132,gov_report,disagreement_replication,64,32,physical_delete_high_age_95,high_age,95,17,18,0.03237537858238243,0.1306089742381409,0.2761276144174634,0.9615359884108413,0.2478801994367708,0.028177892661647552,0.34474027668538676,0.015359408590761053,1.002082839895561,0.08173658422674808,0.34474027668538676,59.48310193367783,0.0004737125628227189,0.001018143375404179,0.0010919950436800718,2.264805793762207,0.4381200075149536,0.0010919950436800718,16.157411575317383,16.143522262573242,7.36420202255249,9.054376602172852,9.478096008300781,5.368865013122559,990.0,0.4085194441999248,0.30437849907045533,0.500081540281463,0.4752294003666825,0.7991261466173382,0.2883716420986866,95.0,0.7109329752876582,,,,
gov_report:132,gov_report,disagreement_replication,64,32,physical_delete_high_age_95,high_age,95,18,19,0.04941414994595608,0.09452389084052779,0.45617667771728626,0.8923773652897539,0.5227688947900293,0.041023204043804114,0.3480359597039137,0.326906294082666,0.9678988585134118,0.11787059038009745,0.3480359597039137,66.42542382433562,0.0006175828723696431,0.0012050411896780133,0.00194018823094666,1.9517658948898315,0.47127842903137207,0.00194018823094666,20.85932159423828,22.030330657958984,6.231297016143799,9.179771423339844,9.309629440307617,2.804995536804199,990.0,0.4085194441999248,0.30437849907045533,0.500081540281463,0.4752294003666825,0.7991261466173382,0.2883716420986866,95.0,0.7109329752876582,3.4618052048159226e-07,4.783642807241697e-05,3.4626376731878396e-07,4.772028645730284e-05
gov_report:132,gov_report,disagreement_replication,64,32,physical_delete_high_age_95,high_age,95,19,20,0.01918190928431417,0.11252321209707583,0.19782366681384478,0.9806191831418994,0.17047068713045258,0.01831950818572217,0.34778155259716126,-0.003894319027799305,1.0015912137764966,0.05267533038746834,0.34778155259716126,71.27313940306708,0.0002570324295962446,0.00036597426515072584,0.0004702900187112391,1.810433268547058,0.4854196012020111,0.0004702900187112391,19.071155548095703,18.185983657836914,3.7087574005126953,9.415229797363281,10.062182426452637,3.0831055641174316,990.0,0.4085194441999248,0.30437849907045533,0.500081540281463,0.4752294003666825,0.7991261466173382,0.2883716420986866,95.0,0.7109329752876582,,,,
gov_report:132,gov_report,disagreement_replication,64,32,physical_delete_high_age_95,high_age,95,20,21,0.09525996646816286,0.16254835096814735,0.7758472935097033,0.6588531552615986,0.5860408050945396,0.10443405321913235,0.40316839671695487,0.27361820131497744,0.9619489582705095,0.2590333321499167,0.40316839671695487,88.24503863607431,0.0011834552382012332,0.0017358878394588828,0.0017749478574842215,1.9800314903259277,0.46475180983543396,0.0017749478574842215,17.638795852661133,18.240476608276367,5.03886079788208,11.290833473205566,11.264598846435547,6.004344940185547,990.0,0.4085194441999248,0.30437849907045533,0.500081540281463,0.4752294003666825,0.7991261466173382,0.2883716420986866,95.0,0.7109329752876582,,,,
gov_report:132,gov_report,disagreement_replication,64,32,physical_delete_high_age_95,high_age,95,21,22,0.10145249058354522,0.12217778543577325,0.8346798294355723,0.5507523731391196,0.8303677319219134,0.11058145828622166,0.4733894454750575,0.4400667857597665,0.921396645369507,0.23359510724885418,0.4733894454750575,108.13537145201454,0.0010226205986196902,0.002279181033372879,0.0017388155683875084,1.9429081678390503,0.46792319416999817,0.0017388155683875084,16.224563598632812,16.993635177612305,4.6244707107543945,11.762691497802734,11.527812957763672,7.289584159851074,990.0,0.4085194441999248,0.30437849907045533,0.500081540281463,0.4752294003666825,0.7991261466173382,0.2883716420986866,95.0,0.7109329752876582,,,,
gov_report:132,gov_report,disagreement_replication,64,32,physical_delete_high_age_95,high_age,95,22,23,0.021625778514844502,0.06526435505448076,0.3327477981259008,0.9430168811404607,0.33135665704184064,0.022372631255453704,0.5906394270064977,0.06946069862675894,0.9980844835884017,0.037878662060952424,0.5906394270064977,130.60707398517164,0.00017129723967320302,0.000319742743158713,0.00022153904137667269,1.2113474607467651,0.6800180077552795,0.00022153904137667269,18.602901458740234,19.083221435546875,4.739459037780762,13.04567813873291,10.90360164642334,10.194043159484863,990.0,0.4085194441999248,0.30437849907045533,0.500081540281463,0.4752294003666825,0.7991261466173382,0.2883716420986866,95.0,0.7109329752876582,5.008037516716218e-08,4.9672211763019536e-05,5.008452351699394e-08,4.9583998338721326e-05
gov_report:132,gov_report,disagreement_replication,64,32,physical_delete_high_age_95,high_age,95,23,24,0.015851953125066695,0.041192628309596045,0.4382767713249378,0.9004279892036376,0.38482499844210954,0.016522780618495807,0.699153259774227,0.08187786420387506,0.9983428924667594,0.02363255893826684,0.699153259774227,154.29729240020578,0.00010708406065636037,0.00021064990141894668,0.0002029147435678169,0.9857096076011658,0.7385281920433044,0.0002029147435678169,16.529685974121094,17.55321502685547,4.195957660675049,15.797026634216309,13.735642433166504,11.893473625183105,990.0,0.4085194441999248,0.30437849907045533,0.500081540281463,0.4752294003666825,0.7991261466173382,0.2883716420986866,95.0,0.7109329752876582,,,,
gov_report:132,gov_report,disagreement_replication,64,32,physical_delete_high_age_95,high_age,95,24,25,0.023459856672317727,0.0906967043202488,0.16626276492657732,0.9904011538707927,0.2586627248271481,0.0265161476362827,0.8397119012859295,0.0828356025698492,0.9978805731723088,0.0315776727657141,0.8397119012859295,190.03339264281993,0.00013953414853841775,8.815188630251214e-05,0.00016219555982388556,1.4642921686172485,0.5488976836204529,0.00016219555982388556,17.827362060546875,17.866769790649414,4.917698860168457,20.642126083374023,16.051441192626953,65.48582458496094,990.0,0.4085194441999248,0.30437849907045533,0.500081540281463,0.4752294003666825,0.7991261466173382,0.2883716420986866,95.0,0.7109329752876582,,,,
gov_report:132,gov_report,disagreement_replication,64,32,physical_delete_high_age_95,high_age,95,25,26,0.030602053134197414,0.07196876059318291,0.3348291470563994,0.94660376319817,0.42521300744890317,0.03455632507228768,0.9621563303967211,0.041495401754010855,0.9991542758473072,0.035915499363849995,0.9621563303967211,228.40972119663937,0.00015129095596827914,0.00020836340263485909,0.00033017428359016776,1.3870102167129517,0.6796870827674866,0.00033017428359016776,16.480897903442383,16.56698989868164,6.213754653930664,28.031261444091797,20.4821720123291,57.76447296142578,990.0,0.4085194441999248,0.30437849907045533,0.500081540281463,0.4752294003666825,0.7991261466173382,0.2883716420986866,95.0,0.7109329752876582,,,,
gov_report:132,gov_report,disagreement_replication,64,32,physical_delete_high_age_95,high_age,95,26,27,0.09933354329819419,0.11249303944578097,0.8755833605129562,0.48312428464639495,0.8830194631381673,0.11071150804439722,1.1225325853010604,0.0953583818840253,0.9954483712780346,0.09862654277844832,1.1225325853010604,291.58621865461674,0.00037968703924081803,0.00038653495721518993,0.0005783512606285512,1.2339996099472046,0.7495906949043274,0.0005783512606285512,15.206233978271484,16.33766746520996,5.01954460144043,38.86375427246094,25.752986907958984,141.77969360351562,990.0,0.4085194441999248,0.30437849907045533,0.500081540281463,0.4752294003666825,0.7991261466173382,0.2883716420986866,95.0,0.7109329752876582,9.043179714728045e-08,4.932058800518722e-05,9.045210038928726e-08,4.92372712236983e-05
gov_report:132,gov_report,disagreement_replication,64,32,physical_delete_high_age_95,high_age,95,27,28,0.043776521572825966,0.09941883048834436,0.25783718436881425,0.9832708243505319,0.4403242459984301,0.04504065085123816,1.2636456708190968,0.02577142647117106,0.9997166047407751,0.03564341800185391,1.2636456708190968,318.7778202390125,0.00014129167084920676,0.0004754078108817339,0.000256677478319034,3.058401346206665,0.20324765145778656,0.000256677478319034,14.440128326416016,15.36878490447998,3.127002239227295,36.457881927490234,25.457473754882812,119.82770538330078,990.0,0.4085194441999248,0.30437849907045533,0.500081540281463,0.4752294003666825,0.7991261466173382,0.2883716420986866,95.0,0.7109329752876582,,,,
gov_report:132,gov_report,disagreement_replication,64,32,physical_delete_high_aor_59,high_aor,59,0,1,0.00674215160357376,0.0067424314003555145,0.9999961102808134,0.0027894152829449647,0.9999585020944017,0.00833574893465951,0.0083364656196179,0.9999956335303588,0.002956277952568889,0.9999140301188667,0.0083364656196179,12.780294422075608,0.000652234499407231,0.00025503759388811886,0.00047644987353123724,1.9088854789733887,0.4514414966106415,0.00047644987353123724,778.7014770507812,778.8311767578125,1838.0941162109375,4.74366569519043,4.11572790145874,0.8483498096466064,1026.0,1.8659257790781691,-0.0931865497960877,1.7517071916251161,1.8143150536869226,0.5686146740607078,-0.6553825108516129,59.0,0.8641180874484067,7.34366575739401e-10,7.416747090147812e-10,7.343713931638471e-10,7.416787394069478e-10
gov_report:132,gov_report,disagreement_replication,64,32,physical_delete_high_aor_59,high_aor,59,1,2,0.011605859998651375,0.01165408394682472,0.9926146731162552,0.12135343509397657,0.9958620558772888,0.011292638545436898,0.014379161067750112,0.8203950077911025,0.5728702796389202,0.7853475242560755,0.014379161067750112,16.937274902084248,0.0006667329077859663,0.0006318188388831913,0.001178695005364716,2.800121307373047,0.24898087978363037,0.001178695005364716,90.06155395507812,91.01911926269531,3922.267578125,3.6086792945861816,3.9694905281066895,0.6661905646324158,1026.0,1.8659257790781691,-0.0931865497960877,1.7517071916251161,1.8143150536869226,0.5686146740607078,-0.6553825108516129,59.0,0.8641180874484067,,,,
gov_report:132,gov_report,disagreement_replication,64,32,physical_delete_high_aor_59,high_aor,59,2,3,0.02898059650611679,0.029207205646983765,0.9908391607078617,0.13505452113751515,0.9922413275817649,0.029882758808818362,0.036204210957451605,0.9040818922544074,0.43454301076064866,0.8253945609790413,0.036204210957451605,24.70231127507724,0.0012097150941081292,0.0004531758895609528,0.0010924885282292962,2.3505771160125732,0.3012644052505493,0.0010924885282292962,24.536441802978516,26.499835968017578,53.901485443115234,5.2571587562561035,5.849517822265625,1.338815689086914,1026.0,1.8659257790781691,-0.0931865497960877,1.7517071916251161,1.8143150536869226,0.5686146740607078,-0.6553825108516129,59.0,0.8641180874484067,,,,
gov_report:132,gov_report,disagreement_replication,64,32,physical_delete_high_aor_59,high_aor,59,3,4,0.04445414239042486,0.04431612731786895,0.9567285776778639,0.2946558445561686,1.003114330626545,0.04443731323817163,0.059031648060647576,0.799041213522266,0.6030539536184568,0.7527710084007462,0.059031648060647576,28.20088280507089,0.0015757419207522545,0.0009950881358236074,0.001775978715158999,2.1535427570343018,0.3730616271495819,0.001775978715158999,18.617549896240234,20.85951042175293,7.675846099853516,6.53722620010376,6.265804290771484,1.5731788873672485,1026.0,1.8659257790781691,-0.0931865497960877,1.7517071916251161,1.8143150536869226,0.5686146740607078,-0.6553825108516129,59.0,0.8641180874484067,,,,
gov_report:132,gov_report,disagreement_replication,64,32,physical_delete_high_aor_59,high_aor,59,4,5,0.06533895887337912,0.06378809548030077,0.9465461361835061,0.33181027225792686,1.0243127401970684,0.060170348200481914,0.0864020018044802,0.753221560611598,0.6602166145157805,0.6963999322219627,0.0864020018044802,29.382379959012134,0.0020478377954549092,0.0013979794457554817,0.0017179871210828424,1.9695407152175903,0.5086034536361694,0.0017179871210828424,16.540973663330078,17.862031936645508,4.802761077880859,8.106836318969727,7.040049076080322,2.2410213947296143,1026.0,1.8659257790781691,-0.0931865497960877,1.7517071916251161,1.8143150536869226,0.5686146740607078,-0.6553825108516129,59.0,0.8641180874484067,3.1122918607736743e-08,6.626422525250628e-08,3.1123796270355224e-08,6.625716351339868e-08
gov_report:132,gov_report,disagreement_replication,64,32,physical_delete_high_aor_59,high_aor,59,5,6,0.06218495205930992,0.06421469606645645,0.8559443620466859,0.5291536257372793,0.9683912853056887,0.042997921479310496,0.08068466104278052,0.6076396292847344,0.7977205770798917,0.5329132070904058,0.08068466104278052,32.22266624687329,0.0013343998646754684,0.0010288931662216783,0.0017640488222241402,1.9447088241577148,0.4911247193813324,0.0017640488222241402,15.528532028198242,17.153615951538086,4.0958685874938965,7.633279323577881,7.8105340003967285,1.7109524011611938,1026.0,1.8659257790781691,-0.0931865497960877,1.7517071916251161,1.8143150536869226,0.5686146740607078,-0.6553825108516129,59.0,0.8641180874484067,,,,
gov_report:132,gov_report,disagreement_replication,64,32,physical_delete_high_aor_59,high_aor,59,6,7,0.001392030044685589,0.02264794276623413,-0.09670367579199522,1.007802247130771,0.06146386270283983,0.0013181486264914157,0.06726613904636866,0.039444489029499756,0.9994188781466797,0.019596020303510722,0.06726613904636866,36.243411652125765,3.636933076674373e-05,2.1867890609428287e-05,4.9757567467167974e-05,1.2414363622665405,0.6374573111534119,4.9757567467167974e-05,19.916648864746094,19.298877716064453,5.7524895668029785,7.413782119750977,6.592792510986328,1.217225193977356,1026.0,1.8659257790781691,-0.0931865497960877,1.7517071916251161,1.8143150536869226,0.5686146740607078,-0.6553825108516129,59.0,0.8641180874484067,,,,
gov_report:132,gov_report,disagreement_replication,64,32,physical_delete_high_aor_59,high_aor,59,7,8,0.5791039474772313,0.576675379427319,0.9992015999872289,0.04026487226138001,1.0042113260537047,0.5864698762912018,0.5983427124927306,0.9952433007610006,0.09858176715543071,0.9801571307653003,0.5983427124927306,38.48549849336563,0.015238723655672567,0.008879149332642555,0.02292543835937977,2.409039258956909,0.3372246325016022,0.02292543835937977,33.66836166381836,33.77688980102539,191.02001953125,7.394992828369141,6.424070358276367,2.040466070175171,1026.0,1.8659257790781691,-0.0931865497960877,1.7517071916251161,1.8143150536869226,0.5686146740607078,-0.6553825108516129,59.0,0.8641180874484067,3.2002303854659366e-06,3.4809582027805358e-06,3.19535911902316e-06,3.475119732765223e-06
gov_report:132,gov_report,disagreement_replication,64,32,physical_delete_high_aor_59,high_aor,59,8,9,0.13891953696543397,0.20398234279046007,0.6931539569058478,0.7208914002718952,0.6810370695082095,0.1256010829693168,0.5795794860244272,0.18983053872875544,0.9821847638153726,0.21671071181429488,0.5795794860244272,40.025110126721025,0.0031380571489162423,0.00312829134054482,0.005413006525486708,1.7877635955810547,0.5036545991897583,0.005413006525486708,18.805030822753906,19.561756134033203,6.650007724761963,7.135615348815918,7.775941371917725,1.5247586965560913,1026.0,1.8659257790781691,-0.0931865497960877,1.7517071916251161,1.8143150536869226,0.5686146740607078,-0.6553825108516129,59.0,0.8641180874484067,,,,
gov_report:132,gov_report,disagreement_replication,64,32,physical_delete_high_aor_59,high_aor,59,9,10,0.1309944052842658,0.19674650684741826,0.787118582724614,0.6286189773659404,0.6658029531668137,0.1339715456999193,0.5933907762757114,0.39022522885724814,0.9352907810712413,0.22577288197966722,0.5933907762757114,40.66904569873126,0.0032941895586229295,0.002819991437718272,0.003937561996281147,1.875204086303711,0.48280492424964905,0.003937561996281147,18.46918487548828,19.088512420654297,4.801733016967773,7.58424186706543,7.454070091247559,1.1750825643539429,1026.0,1.8659257790781691,-0.0931865497960877,1.7517071916251161,1.8143150536869226,0.5686146740607078,-0.6553825108516129,59.0,0.8641180874484067,,,,
gov_report:132,gov_report,disagreement_replication,64,32,physical_delete_high_aor_59,high_aor,59,10,11,0.16328207461740768,0.28886162250018016,0.597862263260145,0.8022615452603573,0.5652605327220505,0.15122600958310606,0.5264330139263803,0.37893864012521394,0.9299513338157606,0.2872654365940933,0.5264330139263803,41.86923428307178,0.003611864706210987,0.004503475967794657,0.004559720400720835,2.3714675903320312,0.4046154022216797,0.004559720400720835,17.393917083740234,18.697662353515625,6.171651363372803,7.201598167419434,8.497803688049316,2.212197780609131,1026.0,1.8659257790781691,-0.0931865497960877,1.7517071916251161,1.8143150536869226,0.5686146740607078,-0.6553825108516129,59.0,0.8641180874484067,1.2301066824535613e-06,6.740968835730344e-06,1.230824123531144e-06,6.743762928794877e-06
gov_report:132,gov_report,disagreement_replication,64,32,physical_delete_high_aor_59,high_aor,59,11,12,0.5142053172362286,0.5424791804948544,0.9477919919841479,0.31888924052938794,0.9478802795107563,0.5510881411149654,0.7484633275356409,0.7745683209247628,0.6336473258558274,0.7362927759325967,0.7484633275356409,44.64169921168389,0.012344694553444132,0.011498555541038513,0.02196304313838482,2.5087974071502686,0.3539546728134155,0.02196304313838482,18.37779998779297,19.462121963500977,6.910096168518066,6.956870079040527,7.930602550506592,1.2823253870010376,1026.0,1.8659257790781691,-0.0931865497960877,1.7517071916251161,1.8143150536869226,0.5686146740607078,-0.6553825108516129,59.0,0.8641180874484067,,,,
gov_report:132,gov_report,disagreement_replication,64,32,physical_delete_high_aor_59,high_aor,59,12,13,0.3883030738033522,0.4714878606124939,0.7684041388665048,0.6423381575563225,0.8235696106765524,0.36045394508988654,0.9448792832286219,0.7067025768397475,0.7786785160124057,0.38148147756846473,0.9448792832286219,48.724469266886146,0.007397801361683712,0.005623959470540285,0.010969724506139755,2.2703869342803955,0.3912241756916046,0.010969724506139755,16.371753692626953,17.385663986206055,4.034970760345459,8.609771728515625,8.582315444946289,1.094691514968872,1026.0,1.8659257790781691,-0.0931865497960877,1.7517071916251161,1.8143150536869226,0.5686146740607078,-0.6553825108516129,59.0,0.8641180874484067,,,,
gov_report:132,gov_report,disagreement_replication,64,32,physical_delete_high_aor_59,high_aor,59,13,14,0.0930417540390796,0.21595824329452754,0.24873910173980868,0.9855388054779786,0.4308321489362537,0.08999349698479416,0.8931690071885516,0.23142736378702944,0.98158849958796,0.10075752322404102,0.8931690071885516,52.830585030033745,0.0017034355560066883,0.0014308987883850932,0.0039663189090788364,2.132904529571533,0.379495769739151,0.0039663189090788364,19.455020904541016,19.19424057006836,3.7253737449645996,7.649216651916504,7.965456962585449,1.5713105201721191,1026.0,1.8659257790781691,-0.0931865497960877,1.7517071916251161,1.8143150536869226,0.5686146740607078,-0.6553825108516129,59.0,0.8641180874484067,,,,
gov_report:132,gov_report,disagreement_replication,64,32,physical_delete_high_aor_59,high_aor,59,14,15,0.13613782759203752,0.2695754094570351,0.45499213058303833,0.8918989748875904,0.5050083309387874,0.10999420487789438,0.853079273438693,0.08436535025534017,0.9974312984594812,0.1289378470473403,0.853079273438693,49.71212691406987,0.0022126231908770545,0.002332929288968444,0.0051130191422998905,1.48431396484375,0.5739233493804932,0.0051130191422998905,16.223854064941406,19.34111976623535,9.292560577392578,7.725628852844238,9.364242553710938,1.7806824445724487,1026.0,1.8659257790781691,-0.0931865497960877,1.7517071916251161,1.8143150536869226,0.5686146740607078,-0.6553825108516129,59.0,0.8641180874484067,2.023242246429802e-06,5.720706879533287e-05,2.0219040830972095e-06,5.73964563148601e-05
gov_report:132,gov_report,disagreement_replication,64,32,physical_delete_high_aor_59,high_aor,59,15,16,0.06439369717027806,0.4188294064940293,0.12161465705464455,0.993097352872186,0.15374683862174332,0.059332352566377096,0.7036701710917771,0.028439244702362188,1.0011561770693744,0.08431841366008194,0.7036701710917771,54.251779371034715,0.001093648047202207,0.0014708448434248567,0.0018918948480859399,2.2481529712677,0.3822762668132782,0.0018918948480859399,54.69276809692383,55.504207611083984,1404.197021484375,7.057424545288086,7.86091947555542,1.8061254024505615,1026.0,1.8659257790781691,-0.0931865497960877,1.7517071916251161,1.8143150536869226,0.5686146740607078,-0.6553825108516129,59.0,0.8641180874484067,,,,
gov_report:132,gov_report,disagreement_replication,64,32,physical_delete_high_aor_59,high_aor,59,16,17,0.07071006350229964,0.2853581262168411,0.053219120485964326,1.0173628421350198,0.2477941120505105,0.06354817468722566,0.6844942321247716,0.1850631574534533,0.9870444829042675,0.09283960580641083,0.6844942321247716,57.56445536352745,0.0011039481618632576,0.0026126764714717865,0.0021495050750672817,2.338721990585327,0.38362011313438416,0.0021495050750672817,16.602062225341797,18.376157760620117,6.330167770385742,7.771457195281982,8.800239562988281,2.9701898097991943,1026.0,1.8659257790781691,-0.0931865497960877,1.7517071916251161,1.8143150536869226,0.5686146740607078,-0.6553825108516129,59.0,0.8641180874484067,,,,
gov_report:132,gov_report,disagreement_replication,64,32,physical_delete_high_aor_59,high_aor,59,17,18,0.06210065988382832,0.144134155121496,0.44006724246379647,0.8980120939913425,0.4308531855720206,0.057008262006380914,0.6103109711041986,0.06172461694030775,0.9985959859668372,0.09340854860144382,0.6103109711041986,59.48310193367783,0.0009583942355585911,0.0015883034793660045,0.0014627224300056696,2.264805793762207,0.4381200075149536,0.0014627224300056696,15.137947082519531,16.143522262573242,7.36420202255249,8.318347930908203,9.478096008300781,5.368865013122559,1026.0,1.8659257790781691,-0.0931865497960877,1.7517071916251161,1.8143150536869226,0.5686146740607078,-0.6553825108516129,59.0,0.8641180874484067,,,,
gov_report:132,gov_report,disagreement_replication,64,32,physical_delete_high_aor_59,high_aor,59,18,19,0.09087783846377767,0.12094172897858134,0.6716416928775234,0.7451588801892798,0.7514183833098007,0.08545241693195472,0.58554670383681,0.11922849515507893,0.9932259880973829,0.14593612494447591,0.58554670383681,66.42542382433562,0.0012864414257699982,0.0016217584488913417,0.0035092781763523817,1.9517658948898315,0.47127842903137207,0.0035092781763523817,22.122726440429688,22.030330657958984,6.231297016143799,8.29125690460205,9.309629440307617,2.804995536804199,1026.0,1.8659257790781691,-0.0931865497960877,1.7517071916251161,1.8143150536869226,0.5686146740607078,-0.6553825108516129,59.0,0.8641180874484067,1.5609800657075503e-06,4.7666462850486996e-05,1.5612292712268432e-06,4.7882524085048674e-05
gov_report:132,gov_report,disagreement_replication,64,32,physical_delete_high_aor_59,high_aor,59,19,20,0.008161457817271133,0.10539624791141945,0.02073674667028098,1.0013914250538603,0.0774359427304324,0.00879417510821167,0.5475863047798057,-0.12150124740755594,1.0020780972786059,0.01605988869964154,0.5475863047798057,71.27313940306708,0.00012338694747930849,0.00018427526811137795,0.00021135796851012856,1.810433268547058,0.4854196012020111,0.00021135796851012856,18.466962814331055,18.185983657836914,3.7087574005126953,8.526397705078125,10.062182426452637,3.0831055641174316,1026.0,1.8659257790781691,-0.0931865497960877,1.7517071916251161,1.8143150536869226,0.5686146740607078,-0.6553825108516129,59.0,0.8641180874484067,,,,
gov_report:132,gov_report,disagreement_replication,64,32,physical_delete_high_aor_59,high_aor,59,20,21,0.017875863638816505,0.14550983673327178,0.1944711713691112,0.9835194838893069,0.12284986390015701,0.017301636260304478,0.5720391354815967,0.0325276858194299,0.9994734402750276,0.03024554647950498,0.5720391354815967,88.24503863607431,0.00019606355810729533,0.0003967251686844975,0.0003438330895733088,1.9800314903259277,0.46475180983543396,0.0003438330895733088,17.697908401489258,18.240476608276367,5.03886079788208,11.808870315551758,11.264598846435547,6.004344940185547,1026.0,1.8659257790781691,-0.0931865497960877,1.7517071916251161,1.8143150536869226,0.5686146740607078,-0.6553825108516129,59.0,0.8641180874484067,,,,
gov_report:132,gov_report,disagreement_replication,64,32,physical_delete_high_aor_59,high_aor,59,21,22,0.02614928805556803,0.07089551273081042,0.09292372222670753,1.0331971887516025,0.36884263965840297,0.027518703378077703,0.617524122149079,-0.1133610213287739,1.0060264723361119,0.04456296101002238,0.617524122149079,108.13537145201454,0.00025448382900584223,0.00047617824748158455,0.0004928543930873275,1.9429081678390503,0.46792319416999817,0.0004928543930873275,16.454715728759766,16.993635177612305,4.6244707107543945,10.13116455078125,11.527812957763672,7.289584159851074,1026.0,1.8659257790781691,-0.0931865497960877,1.7517071916251161,1.8143150536869226,0.5686146740607078,-0.6553825108516129,59.0,0.8641180874484067,,,,
gov_report:132,gov_report,disagreement_replication,64,32,physical_delete_high_aor_59,high_aor,59,22,23,0.008228238439786838,0.07092273270443439,0.13872769881667604,0.9905909368339013,0.11601694021122191,0.00937036807276237,0.7386549406839081,0.08378202459834734,0.9990171456013206,0.012685717723740539,0.7386549406839081,130.60707398517164,7.174472091631289e-05,0.00010173214104725048,0.00017451080202590674,1.2113474607467651,0.6800180077552795,0.00017451080202590674,19.06756591796875,19.083221435546875,4.739459037780762,9.917257308959961,10.90360164642334,10.194043159484863,1026.0,1.8659257790781691,-0.0931865497960877,1.7517071916251161,1.8143150536869226,0.5686146740607078,-0.6553825108516129,59.0,0.8641180874484067,1.5125317835114674e-08,5.018761099872637e-05,1.512630803769257e-08,5.042826176567555e-05
gov_report:132,gov_report,disagreement_replication,64,32,physical_delete_high_aor_59,high_aor,59,23,24,0.030209474372897702,0.06316585276485859,0.3055851843474908,0.9676947087977393,0.47825641625318654,0.0317319634364397,0.9410877667039913,-0.10578747001467952,1.004126932164387,0.03371838903780017,0.9410877667039913,154.29729240020578,0.00020565470036982569,0.00028706438024528325,0.00047737383283674717,0.9857096076011658,0.7385281920433044,0.00047737383283674717,16.3851261138916,17.55321502685547,4.195957660675049,14.099207878112793,13.735642433166504,11.893473625183105,1026.0,1.8659257790781691,-0.0931865497960877,1.7517071916251161,1.8143150536869226,0.5686146740607078,-0.6553825108516129,59.0,0.8641180874484067,,,,
gov_report:132,gov_report,disagreement_replication,64,32,physical_delete_high_aor_59,high_aor,59,24,25,0.07909203419990055,0.13649679037991133,0.42769582210171664,0.9165715039581478,0.5794424468133191,0.08944063921459451,1.1685437316350424,0.015497906713592927,1.0017414754273948,0.07654025843726699,1.1685437316350424,190.03339264281993,0.0004706574879853036,0.00047229093615897,0.000748084275983274,1.4642921686172485,0.5488976836204529,0.000748084275983274,17.694740295410156,17.866769790649414,4.917698860168457,17.069910049438477,16.051441192626953,65.48582458496094,1026.0,1.8659257790781691,-0.0931865497960877,1.7517071916251161,1.8143150536869226,0.5686146740607078,-0.6553825108516129,59.0,0.8641180874484067,,,,
gov_report:132,gov_report,disagreement_replication,64,32,physical_delete_high_aor_59,high_aor,59,25,26,0.043511577314914084,0.10245372154374138,0.32191692684366985,0.9523302014445085,0.42469494186540935,0.04566146052247601,1.3676368347237873,-0.03952319410822238,1.0018751576953844,0.033387123952169626,1.3676368347237873,228.40972119663937,0.00019991032029309194,0.00039093723171390593,0.0002299888146808371,1.3870102167129517,0.6796870827674866,0.0002299888146808371,16.6451473236084,16.56698989868164,6.213754653930664,24.535629272460938,20.4821720123291,57.76447296142578,1026.0,1.8659257790781691,-0.0931865497960877,1.7517071916251161,1.8143150536869226,0.5686146740607078,-0.6553825108516129,59.0,0.8641180874484067,,,,
gov_report:132,gov_report,disagreement_replication,64,32,physical_delete_high_aor_59,high_aor,59,26,27,0.04367758878831922,0.1208689846556337,0.38073667625666113,0.9248864360101104,0.3613630817927402,0.048562859829465885,1.5261665867151306,0.01630253086756123,0.9999875120202995,0.03182015662784948,1.5261665867151306,291.58621865461674,0.0001665471710341307,0.00035958809894509614,0.0002171835512854159,1.2339996099472046,0.7495906949043274,0.0002171835512854159,15.537151336669922,16.33766746520996,5.01954460144043,33.06416320800781,25.752986907958984,141.77969360351562,1026.0,1.8659257790781691,-0.0931865497960877,1.7517071916251161,1.8143150536869226,0.5686146740607078,-0.6553825108516129,59.0,0.8641180874484067,4.247933270590964e-08,5.063101808086326e-05,4.247383726403215e-08,5.0825144969907256e-05
gov_report:132,gov_report,disagreement_replication,64,32,physical_delete_high_aor_59,high_aor,59,27,28,0.42804565555272617,0.46440416969905796,0.9563619583337282,0.29423223716065017,0.9217093288161199,0.4544873441593526,1.740555958758148,0.1803929252351308,0.9869015342703029,0.261116192141056,1.740555958758148,318.7778202390125,0.0014257182128248073,0.0017871921882033348,0.0024731424637138844,3.058401346206665,0.20324765145778656,0.0024731424637138844,15.849998474121094,15.36878490447998,3.127002239227295,32.250919342041016,25.457473754882812,119.82770538330078,1026.0,1.8659257790781691,-0.0931865497960877,1.7517071916251161,1.8143150536869226,0.5686146740607078,-0.6553825108516129,59.0,0.8641180874484067,,,,
gov_report:132,gov_report,disagreement_replication,64,32,physical_delete_high_attention_1053,high_attention,1053,0,1,0.0932707613267432,0.09326890153697727,0.9999999793996524,0.00020395863616810608,1.000019940084372,0.10180550050997764,0.10180233047194134,0.9999999705249045,0.00024478903823484593,1.0000311391499743,0.10180233047194134,12.780294422075608,0.007965818090554109,0.0057175955735147,0.008600516244769096,1.9088854789733887,0.4514414966106415,0.008600516244769096,778.9329833984375,778.8311767578125,1838.0941162109375,3.531764507293701,4.11572790145874,0.8483498096466064,32.0,3.457583034712032,-0.2257908919144092,3.2548152068985265,3.340670251315349,-0.9961291001223691,0.18292873940017285,1053.0,0.5416672196050949,6.904027291541111e-07,6.908145485323789e-07,6.909365459175875e-07,6.913487655105887e-07
gov_report:132,gov_report,disagreement_replication,64,32,physical_delete_high_attention_1053,high_attention,1053,1,2,0.07293416882779719,0.0723263495548404,0.9866836346795615,0.16409501057901663,1.0084038428138271,0.07391972677121754,0.12398748294303398,0.5832691139869741,0.812381691518321,0.5961870103063543,0.12398748294303398,16.937274902084248,0.004364322312683324,0.005967199336737394,0.005932513624429703,2.800121307373047,0.24898087978363037,0.005932513624429703,91.48497772216797,91.01911926269531,3922.267578125,4.033374309539795,3.9694905281066895,0.6661905646324158,32.0,3.457583034712032,-0.2257908919144092,3.2548152068985265,3.340670251315349,-0.9961291001223691,0.18292873940017285,1053.0,0.5416672196050949,,,,
gov_report:132,gov_report,disagreement_replication,64,32,physical_delete_high_attention_1053,high_attention,1053,2,3,0.11185637299271423,0.11885856835388808,0.9149506720310927,0.4044112114356745,0.9410880051968521,0.12479669735801602,0.17796043241308068,0.5724088758549672,0.8300306797232825,0.7012609244977484,0.17796043241308068,24.70231127507724,0.005052025131102871,0.002954520983621478,0.00422708410769701,2.3505771160125732,0.3012644052505493,0.00422708410769701,26.682491302490234,26.499835968017578,53.901485443115234,5.502221584320068,5.849517822265625,1.338815689086914,32.0,3.457583034712032,-0.2257908919144092,3.2548152068985265,3.340670251315349,-0.9961291001223691,0.18292873940017285,1053.0,0.5416672196050949,,,,
gov_report:132,gov_report,disagreement_replication,64,32,physical_delete_high_attention_1053,high_attention,1053,3,4,0.3703895375607563,0.36107674743406754,0.9828434650893183,0.18937601662726838,1.0257917193307755,0.33202224588218493,0.3799145246184562,0.8899044601354004,0.4564262669323688,0.8739393320527323,0.3799145246184562,28.20088280507089,0.011773469936284512,0.01533786952495575,0.022050196304917336,2.1535427570343018,0.3730616271495819,0.022050196304917336,21.20417022705078,20.85951042175293,7.675846099853516,5.478019714355469,6.265804290771484,1.5731788873672485,32.0,3.457583034712032,-0.2257908919144092,3.2548152068985265,3.340670251315349,-0.9961291001223691,0.18292873940017285,1053.0,0.5416672196050949,,,,
gov_report:132,gov_report,disagreement_replication,64,32,physical_delete_high_attention_1053,high_attention,1053,4,5,0.7083222623782804,0.722742853491063,0.993281930794595,0.11647385316593283,0.9800474109939284,0.6912576204998817,0.8087095482133422,0.9042894981576127,0.42978256890204075,0.8547662408921182,0.8087095482133422,29.382379959012134,0.023526263749368604,0.019386349245905876,0.03850014507770538,1.9695407152175903,0.5086034536361694,0.03850014507770538,16.988697052001953,17.862031936645508,4.802761077880859,5.736909866333008,7.040049076080322,2.2410213947296143,32.0,3.457583034712032,-0.2257908919144092,3.2548152068985265,3.340670251315349,-0.9961291001223691,0.18292873940017285,1053.0,0.5416672196050949,3.714741089816398e-06,5.127128310549313e-06,3.7189542191139746e-06,5.135142578584714e-06
gov_report:132,gov_report,disagreement_replication,64,32,physical_delete_high_attention_1053,high_attention,1053,5,6,0.5055982046603559,0.602160431546403,0.8725568539710696,0.48962029351353487,0.8396403652128611,0.4233889096161884,0.7675488328309761,0.5674868220281044,0.8235355041581726,0.5516116910172203,0.7675488328309761,32.22266624687329,0.013139474752722294,0.0061267525888979435,0.011283672414720058,1.9447088241577148,0.4911247193813324,0.011283672414720058,17.086469650268555,17.153615951538086,4.0958685874938965,7.1517181396484375,7.8105340003967285,1.7109524011611938,32.0,3.457583034712032,-0.2257908919144092,3.2548152068985265,3.340670251315349,-0.9961291001223691,0.18292873940017285,1053.0,0.5416672196050949,,,,
gov_report:132,gov_report,disagreement_replication,64,32,physical_delete_high_attention_1053,high_attention,1053,6,7,0.06319739272331872,0.19796578612289212,0.36654483180627,0.9316024952890377,0.31923391390514005,0.059004224006174756,0.6133318190809388,0.12291613364514707,0.9927765244663248,0.0962027766545538,0.6133318190809388,36.243411652125765,0.0016279986159281452,0.0018937342101708055,0.003841594560071826,1.2414363622665405,0.6374573111534119,0.003841594560071826,19.513118743896484,19.298877716064453,5.7524895668029785,4.948031425476074,6.592792510986328,1.217225193977356,32.0,3.457583034712032,-0.2257908919144092,3.2548152068985265,3.340670251315349,-0.9961291001223691,0.18292873940017285,1053.0,0.5416672196050949,,,,
gov_report:132,gov_report,disagreement_replication,64,32,physical_delete_high_attention_1053,high_attention,1053,7,8,0.09129378655039357,0.19941450944989644,0.35237683398366304,0.94177839197123,0.4578091473997354,0.08646522406615505,0.5235528315368373,0.12962747326294538,0.9921988875192662,0.1651509052340429,0.5235528315368373,38.48549849336563,0.0022466962219824292,0.004434714559465647,0.004338371567428112,2.409039258956909,0.3372246325016022,0.004338371567428112,33.3926887512207,33.77688980102539,191.02001953125,5.201253890991211,6.424070358276367,2.040466070175171,32.0,3.457583034712032,-0.2257908919144092,3.2548152068985265,3.340670251315349,-0.9961291001223691,0.18292873940017285,1053.0,0.5416672196050949,1.972964076612244e-07,6.871639793750025e-06,1.9726832152871682e-07,6.879620234195412e-06
gov_report:132,gov_report,disagreement_replication,64,32,physical_delete_high_attention_1053,high_attention,1053,8,9,0.12373840777271108,0.16247972712242145,0.8167805380616486,0.5795848727791232,0.7615621343300235,0.10484623487230274,0.4820395590184596,0.27539763030100467,0.9630719853069277,0.21750545761387954,0.4820395590184596,40.025110126721025,0.002619511465186618,0.0027171277906745672,0.004806474316865206,1.7877635955810547,0.5036545991897583,0.004806474316865206,22.097644805908203,19.561756134033203,6.650007724761963,7.62398624420166,7.775941371917725,1.5247586965560913,32.0,3.457583034712032,-0.2257908919144092,3.2548152068985265,3.340670251315349,-0.9961291001223691,0.18292873940017285,1053.0,0.5416672196050949,,,,
gov_report:132,gov_report,disagreement_replication,64,32,physical_delete_high_attention_1053,high_attention,1053,9,10,0.08547650203136552,0.10509181546375689,0.6373171404957974,0.7904521982427735,0.8133507034222268,0.07784772770636791,0.471373968767706,0.19770287028048622,0.9808023351805404,0.16515067200227898,0.471373968767706,40.66904569873126,0.0019141764053931688,0.0019328590715304017,0.003071644576266408,1.875204086303711,0.48280492424964905,0.003071644576266408,18.962167739868164,19.088512420654297,4.801733016967773,7.94955587387085,7.454070091247559,1.1750825643539429,32.0,3.457583034712032,-0.2257908919144092,3.2548152068985265,3.340670251315349,-0.9961291001223691,0.18292873940017285,1053.0,0.5416672196050949,,,,
gov_report:132,gov_report,disagreement_replication,64,32,physical_delete_high_attention_1053,high_attention,1053,10,11,0.20545197490874947,0.2467386768605244,0.8149629159196925,0.5797835786794437,0.8326703276636548,0.1942544971720694,0.4766234953173987,0.42431945474197047,0.9056675721760765,0.40756382990038953,0.4766234953173987,41.86923428307178,0.004639552179501137,0.004000179003924131,0.0038752774707973003,2.3714675903320312,0.4046154022216797,0.0038752774707973003,18.68142318725586,18.697662353515625,6.171651363372803,8.631532669067383,8.497803688049316,2.212197780609131,32.0,3.457583034712032,-0.2257908919144092,3.2548152068985265,3.340670251315349,-0.9961291001223691,0.18292873940017285,1053.0,0.5416672196050949,1.4491918237297986e-06,8.451153190410746e-06,1.4486012452818123e-06,8.453338063644082e-06
gov_report:132,gov_report,disagreement_replication,64,32,physical_delete_high_attention_1053,high_attention,1053,11,12,0.11554122463612765,0.1932913450802212,0.6491365433913583,0.7624051556895518,0.5977568451819448,0.09983667028327162,0.4582162168049956,0.2075805681095789,0.9782721551089963,0.2178811369431724,0.4582162168049956,44.64169921168389,0.0022363994213092536,0.0036663778591901064,0.0034684038255363703,2.5087974071502686,0.3539546728134155,0.0034684038255363703,20.669330596923828,19.462121963500977,6.910096168518066,8.38278579711914,7.930602550506592,1.2823253870010376,32.0,3.457583034712032,-0.2257908919144092,3.2548152068985265,3.340670251315349,-0.9961291001223691,0.18292873940017285,1053.0,0.5416672196050949,,,,
gov_report:132,gov_report,disagreement_replication,64,32,physical_delete_high_attention_1053,high_attention,1053,12,13,0.12860002761151182,0.16461772264848187,0.7843921023090503,0.6202734829642055,0.781204025559989,0.1087103267590363,0.44482224065194426,0.3286229307761109,0.9482099308253373,0.2443904931545404,0.44482224065194426,48.724469266886146,0.0022311238766620574,0.0047812811098992825,0.004470646847039461,2.2703869342803955,0.3912241756916046,0.004470646847039461,18.43712043762207,17.385663986206055,4.034970760345459,8.733004570007324,8.582315444946289,1.094691514968872,32.0,3.457583034712032,-0.2257908919144092,3.2548152068985265,3.340670251315349,-0.9961291001223691,0.18292873940017285,1053.0,0.5416672196050949,,,,
gov_report:132,gov_report,disagreement_replication,64,32,physical_delete_high_attention_1053,high_attention,1053,13,14,0.146828240102941,0.15637389776534413,0.9097492823158763,0.41618419851869937,0.9389561953828929,0.14591068948238317,0.4893729915615934,0.4168349581308938,0.9166966416386851,0.2981584435560714,0.4893729915615934,52.830585030033745,0.0027618601876059894,0.0029789030086249113,0.00493403198197484,2.132904529571533,0.379495769739151,0.00493403198197484,19.526569366455078,19.19424057006836,3.7253737449645996,7.249380588531494,7.965456962585449,1.5713105201721191,32.0,3.457583034712032,-0.2257908919144092,3.2548152068985265,3.340670251315349,-0.9961291001223691,0.18292873940017285,1053.0,0.5416672196050949,,,,
gov_report:132,gov_report,disagreement_replication,64,32,physical_delete_high_attention_1053,high_attention,1053,14,15,0.02177509720013712,0.18227412541585764,0.1236667246839375,0.9923327106684401,0.11946345730891496,0.01786405342481193,0.4458663009397284,0.007311465973415658,1.000509569257394,0.04006594216060022,0.4458663009397284,49.71212691406987,0.00035935001243642063,0.0003875803668051958,0.0006713602342642844,1.48431396484375,0.5739233493804932,0.0006713602342642844,22.806795120239258,19.34111976623535,9.292560577392578,10.713394165039062,9.364242553710938,1.7806824445724487,32.0,3.457583034712032,-0.2257908919144092,3.2548152068985265,3.340670251315349,-0.9961291001223691,0.18292873940017285,1053.0,0.5416672196050949,4.623852976949638e-08,1.3580604952019077e-05,4.62400045406016e-08,1.3567504534704811e-05
gov_report:132,gov_report,disagreement_replication,64,32,physical_delete_high_attention_1053,high_attention,1053,15,16,0.22665578674792924,0.2676366274933711,0.8508046513449763,0.5254967721446742,0.8468788030649621,0.24129951718890277,0.47167906785667607,0.5475979168082212,0.8375166425318951,0.5115756318917756,0.47167906785667607,54.251779371034715,0.0044477714830075,0.0033556492999196053,0.007068997249007225,2.2481529712677,0.3822762668132782,0.007068997249007225,55.9860954284668,55.504207611083984,1404.197021484375,8.048429489135742,7.86091947555542,1.8061254024505615,32.0,3.457583034712032,-0.2257908919144092,3.2548152068985265,3.340670251315349,-0.9961291001223691,0.18292873940017285,1053.0,0.5416672196050949,,,,
gov_report:132,gov_report,disagreement_replication,64,32,physical_delete_high_attention_1053,high_attention,1053,16,17,0.12129379510041415,0.18459616781259827,0.6767597196614286,0.7364670480394964,0.6570764525488493,0.10129959587129732,0.4410242177124354,0.26578456572464126,0.9647078628435911,0.2296916854061482,0.4410242177124354,57.56445536352745,0.0017597594771213668,0.0021235754247754812,0.006530566606670618,2.338721990585327,0.38362011313438416,0.006530566606670618,21.18745231628418,18.376157760620117,6.330167770385742,8.5986328125,8.800239562988281,2.9701898097991943,32.0,3.457583034712032,-0.2257908919144092,3.2548152068985265,3.340670251315349,-0.9961291001223691,0.18292873940017285,1053.0,0.5416672196050949,,,,
gov_report:132,gov_report,disagreement_replication,64,32,physical_delete_high_attention_1053,high_attention,1053,17,18,0.3298214762788342,0.34115360397450967,0.9762279245637061,0.2169521778558152,0.9667829166579105,0.3046855854115229,0.5358317777647386,0.644893550988741,0.7680688123971158,0.5686217168428142,0.5358317777647386,59.48310193367783,0.005122220857803275,0.003046150552108884,0.00412694551050663,2.264805793762207,0.4381200075149536,0.00412694551050663,17.569873809814453,16.143522262573242,7.36420202255249,10.951231002807617,9.478096008300781,5.368865013122559,32.0,3.457583034712032,-0.2257908919144092,3.2548152068985265,3.340670251315349,-0.9961291001223691,0.18292873940017285,1053.0,0.5416672196050949,,,,
gov_report:132,gov_report,disagreement_replication,64,32,physical_delete_high_attention_1053,high_attention,1053,18,19,0.05297399989679843,0.0963988092473701,0.4780446013523153,0.8812397320546751,0.5495296084089715,0.04818026413880862,0.49867531347092725,0.11297944502721845,0.99373205187535,0.09661650143348739,0.49867531347092725,66.42542382433562,0.0007253286673220637,0.0008726303349249065,0.0014895590720698237,1.9517658948898315,0.47127842903137207,0.0014895590720698237,23.70123291015625,22.030330657958984,6.231297016143799,10.563478469848633,9.309629440307617,2.804995536804199,32.0,3.457583034712032,-0.2257908919144092,3.2548152068985265,3.340670251315349,-0.9961291001223691,0.18292873940017285,1053.0,0.5416672196050949,7.164423594703994e-07,5.860640956980006e-05,7.166062662638265e-07,5.8734563372658586e-05
gov_report:132,gov_report,disagreement_replication,64,32,physical_delete_high_attention_1053,high_attention,1053,19,20,0.15953165114089007,0.1804042152017441,0.846933697947123,0.5330099775512729,0.8843011287873043,0.15212595686270297,0.4511221325733688,0.27234863955781263,0.9643827535297003,0.33721678871067534,0.4511221325733688,71.27313940306708,0.0021344079710365134,0.002542868023738265,0.0034686147700995207,1.810433268547058,0.4854196012020111,0.0034686147700995207,18.67951011657715,18.185983657836914,3.7087574005126953,10.881257057189941,10.062182426452637,3.0831055641174316,32.0,3.457583034712032,-0.2257908919144092,3.2548152068985265,3.340670251315349,-0.9961291001223691,0.18292873940017285,1053.0,0.5416672196050949,,,,
gov_report:132,gov_report,disagreement_replication,64,32,physical_delete_high_attention_1053,high_attention,1053,20,21,0.014962092648484047,0.1290550132772242,0.28927140166454585,0.9728141120203451,0.11593577241624736,0.014816358563787697,0.47883478021602455,0.016155049996915194,0.9999788417078683,0.03094252793646976,0.47883478021602455,88.24503863607431,0.00016790018784955025,0.0002504075819160789,0.0004424098297022283,1.9800314903259277,0.46475180983543396,0.0004424098297022283,20.5147705078125,18.240476608276367,5.03886079788208,10.09029769897461,11.264598846435547,6.004344940185547,32.0,3.457583034712032,-0.2257908919144092,3.2548152068985265,3.340670251315349,-0.9961291001223691,0.18292873940017285,1053.0,0.5416672196050949,,,,
gov_report:132,gov_report,disagreement_replication,64,32,physical_delete_high_attention_1053,high_attention,1053,21,22,0.01685779858900402,0.10515318123395798,0.24816173886106377,0.9726934373022522,0.160316581877791,0.0165857268649967,0.5283835451860506,0.044965330971048045,0.9990807878118686,0.031389559754660144,0.5283835451860506,108.13537145201454,0.00015337929340129632,0.0002646268985699862,0.00032144688884727657,1.9429081678390503,0.46792319416999817,0.00032144688884727657,18.40785026550293,16.993635177612305,4.6244707107543945,10.446817398071289,11.527812957763672,7.289584159851074,32.0,3.457583034712032,-0.2257908919144092,3.2548152068985265,3.340670251315349,-0.9961291001223691,0.18292873940017285,1053.0,0.5416672196050949,,,,
gov_report:132,gov_report,disagreement_replication,64,32,physical_delete_high_attention_1053,high_attention,1053,22,23,0.029667681162712366,0.09744109239427938,0.3919955759338779,0.9241215120276154,0.3044678629285781,0.0339087002166627,0.6319872575342295,-0.0631201825236475,1.0048144470101021,0.053654088452608,0.6319872575342295,130.60707398517164,0.0002596237644870024,0.0002653130213730037,0.000392007059417665,1.2113474607467651,0.6800180077552795,0.000392007059417665,20.040742874145508,19.083221435546875,4.739459037780762,11.315760612487793,10.90360164642334,10.194043159484863,32.0,3.457583034712032,-0.2257908919144092,3.2548152068985265,3.340670251315349,-0.9961291001223691,0.18292873940017285,1053.0,0.5416672196050949,6.735156365975665e-08,5.5476115857862524e-05,6.735444080439233e-08,5.545887674506466e-05
gov_report:132,gov_report,disagreement_replication,64,32,physical_delete_high_attention_1053,high_attention,1053,23,24,0.04562307614598251,0.0831910658799977,0.701568576956292,0.7288745506192474,0.548413169892466,0.04178644111429439,0.800031710243262,-0.016080539334837822,1.0022015166995721,0.052230981071473497,0.800031710243262,154.29729240020578,0.0002708177211944301,0.0006369618931785226,0.0007592231268063188,0.9857096076011658,0.7385281920433044,0.0007592231268063188,18.712879180908203,17.55321502685547,4.195957660675049,12.915777206420898,13.735642433166504,11.893473625183105,32.0,3.457583034712032,-0.2257908919144092,3.2548152068985265,3.340670251315349,-0.9961291001223691,0.18292873940017285,1053.0,0.5416672196050949,,,,
gov_report:132,gov_report,disagreement_replication,64,32,physical_delete_high_attention_1053,high_attention,1053,24,25,0.10144119100863946,0.1897474449439309,0.5264502856495824,0.8502450848411076,0.5346116309424597,0.1043130904962873,0.9731707035247064,0.0036761032682220427,1.0053364530946807,0.1071888930877984,0.9731707035247064,190.03339264281993,0.0005489197927037513,0.0014515795046463609,0.0013086210237815976,1.4642921686172485,0.5488976836204529,0.0013086210237815976,18.74557113647461,17.866769790649414,4.917698860168457,15.974416732788086,16.051441192626953,65.48582458496094,32.0,3.457583034712032,-0.2257908919144092,3.2548152068985265,3.340670251315349,-0.9961291001223691,0.18292873940017285,1053.0,0.5416672196050949,,,,
gov_report:132,gov_report,disagreement_replication,64,32,physical_delete_high_attention_1053,high_attention,1053,25,26,0.41815710848471277,0.42410866811041714,0.9752885195773096,0.22119297315984407,0.9859668993510058,0.4886924127470049,1.2617266386573702,0.3719859641864198,0.9283650069161765,0.38732035749600463,1.2617266386573702,228.40972119663937,0.002139542967728097,0.0029852597508579493,0.005654139909893274,1.3870102167129517,0.6796870827674866,0.005654139909893274,15.704154968261719,16.56698989868164,6.213754653930664,16.006460189819336,20.4821720123291,57.76447296142578,32.0,3.457583034712032,-0.2257908919144092,3.2548152068985265,3.340670251315349,-0.9961291001223691,0.18292873940017285,1053.0,0.5416672196050949,,,,
gov_report:132,gov_report,disagreement_replication,64,32,physical_delete_high_attention_1053,high_attention,1053,26,27,0.20358373392237872,0.20291557281923514,0.9502988129986889,0.315817239934427,1.003292803474176,0.20442695347759615,1.5218375278695178,0.052752272488158426,1.0019341118697687,0.13432902641307692,1.5218375278695178,291.58621865461674,0.0007010857866356826,0.002749093808233738,0.0022872076369822025,1.2339996099472046,0.7495906949043274,0.0022872076369822025,16.12889862060547,16.33766746520996,5.01954460144043,14.85686206817627,25.752986907958984,141.77969360351562,32.0,3.457583034712032,-0.2257908919144092,3.2548152068985265,3.340670251315349,-0.9961291001223691,0.18292873940017285,1053.0,0.5416672196050949,8.442265791211345e-07,6.510423315885189e-05,8.439555439621556e-07,6.514947345065804e-05
gov_report:132,gov_report,disagreement_replication,64,32,physical_delete_high_attention_1053,high_attention,1053,27,28,0.3511162263113699,0.35395936729609073,0.9369980470187681,0.3536330192909393,0.9919676063203534,0.34729586184155586,1.8413729594174544,0.1746300535317007,0.9847333141125933,0.18860701742433975,1.8413729594174544,318.7778202390125,0.0010894605577676678,0.009531580843031406,0.005523005500435829,3.058401346206665,0.20324765145778656,0.005523005500435829,15.272701263427734,15.36878490447998,3.127002239227295,14.507740020751953,25.457473754882812,119.82770538330078,32.0,3.457583034712032,-0.2257908919144092,3.2548152068985265,3.340670251315349,-0.9961291001223691,0.18292873940017285,1053.0,0.5416672196050949,,,,
gov_report:132,gov_report,disagreement_replication,64,32,physical_delete_low_v_ridge_90,low_v_ridge,90,0,1,0.005971257160746485,0.005973998767265921,0.9999951514688131,0.0031469386163591392,0.9995410768186866,0.007613585964655959,0.0076158104967821135,0.9999948428175379,0.0032243869235691713,0.9997079060558172,0.0076158104967821135,12.780294422075608,0.0005957285265279093,0.00019901474297512323,0.00041677558328956366,1.9088854789733887,0.4514414966106415,0.00041677558328956366,778.2282104492188,778.8311767578125,1838.0941162109375,4.974637985229492,4.11572790145874,0.8483498096466064,995.0,0.5431992781174952,0.8448494442700439,0.6947742588519209,0.6627799026086012,-2.4376921121682447,0.010412839454976869,90.0,0.9284104017022872,8.469339443743468e-10,8.417077589396656e-10,8.469494747729506e-10,8.417239698252718e-10
gov_report:132,gov_report,disagreement_replication,64,32,physical_delete_low_v_ridge_90,low_v_ridge,90,1,2,0.004615262490652056,0.004478072543676716,0.9444476404737027,0.33977503853231505,1.0306359366975997,0.004612925562222329,0.008958303779828883,0.5689253287362751,0.8241596629645485,0.5149329243119776,0.008958303779828883,16.937274902084248,0.00027235346824622166,0.0002338293706998229,0.000366038060747087,2.800121307373047,0.24898087978363037,0.000366038060747087,90.70219421386719,91.01911926269531,3922.267578125,3.946357250213623,3.9694905281066895,0.6661905646324158,995.0,0.5431992781174952,0.8448494442700439,0.6947742588519209,0.6627799026086012,-2.4376921121682447,0.010412839454976869,90.0,0.9284104017022872,,,,
gov_report:132,gov_report,disagreement_replication,64,32,physical_delete_low_v_ridge_90,low_v_ridge,90,2,3,0.007828273274821882,0.008159650989677247,0.9413521553529631,0.33790741377432537,0.9593882489245447,0.007553457552533501,0.012063108957125835,0.6692696823406921,0.7442690274004184,0.6261617613982983,0.012063108957125835,24.70231127507724,0.000305779385111804,0.0001869302213890478,0.0003659320645965636,2.3505771160125732,0.3012644052505493,0.0003659320645965636,25.535669326782227,26.499835968017578,53.901485443115234,4.847164154052734,5.849517822265625,1.338815689086914,995.0,0.5431992781174952,0.8448494442700439,0.6947742588519209,0.6627799026086012,-2.4376921121682447,0.010412839454976869,90.0,0.9284104017022872,,,,
gov_report:132,gov_report,disagreement_replication,64,32,physical_delete_low_v_ridge_90,low_v_ridge,90,3,4,0.005644743413806307,0.005897789817740253,0.8004502389401995,0.6195295829539088,0.9570947063639339,0.005094546632532041,0.013420455175461242,0.3778947689823634,0.9258501431372635,0.3796105695317408,0.013420455175461242,28.20088280507089,0.00018065202666690895,9.428094926988706e-05,0.00016017390589695424,2.1535427570343018,0.3730616271495819,0.00016017390589695424,18.50809097290039,20.85951042175293,7.675846099853516,6.88922119140625,6.265804290771484,1.5731788873672485,995.0,0.5431992781174952,0.8448494442700439,0.6947742588519209,0.6627799026086012,-2.4376921121682447,0.010412839454976869,90.0,0.9284104017022872,,,,
gov_report:132,gov_report,disagreement_replication,64,32,physical_delete_low_v_ridge_90,low_v_ridge,90,4,5,0.006528604665755969,0.0075905698308903775,0.7864599506081156,0.6220150646205377,0.8600941446039184,0.006055929943137838,0.014150588456191937,0.5190223230791429,0.8595973517622985,0.42796311700294815,0.014150588456191937,29.382379959012134,0.00020610753627125323,9.315609349869192e-05,0.00015159367467276752,1.9695407152175903,0.5086034536361694,0.00015159367467276752,18.3603515625,17.862031936645508,4.802761077880859,9.22301197052002,7.040049076080322,2.2410213947296143,995.0,0.5431992781174952,0.8448494442700439,0.6947742588519209,0.6627799026086012,-2.4376921121682447,0.010412839454976869,90.0,0.9284104017022872,6.824850612461382e-10,2.034679903458952e-09,6.824751418853956e-10,2.0347319726525643e-09
gov_report:132,gov_report,disagreement_replication,64,32,physical_delete_low_v_ridge_90,low_v_ridge,90,5,6,0.004576066379920582,0.008429764464555154,0.5233132001459007,0.852364262637003,0.5428462917512922,0.003691638427699695,0.012037225033131517,0.34718997181437117,0.9386691442105275,0.30668517183476673,0.012037225033131517,32.22266624687329,0.00011456651040035867,0.00011159299174323678,0.0001789722591638565,1.9447088241577148,0.4911247193813324,0.0001789722591638565,18.072269439697266,17.153615951538086,4.0958685874938965,8.09963321685791,7.8105340003967285,1.7109524011611938,995.0,0.5431992781174952,0.8448494442700439,0.6947742588519209,0.6627799026086012,-2.4376921121682447,0.010412839454976869,90.0,0.9284104017022872,,,,
gov_report:132,gov_report,disagreement_replication,64,32,physical_delete_low_v_ridge_90,low_v_ridge,90,6,7,0.0008732637537010973,0.0036311756444641283,0.2382776700185164,0.971199592877531,0.24049063972777593,0.0006174836035700222,0.010150396846781392,0.06007564130306765,0.998194115183896,0.06083344453333578,0.010150396846781392,36.243411652125765,1.7037126899001665e-05,1.0594688319542911e-05,2.8542464860947803e-05,1.2414363622665405,0.6374573111534119,2.8542464860947803e-05,20.862070083618164,19.298877716064453,5.7524895668029785,7.676745414733887,6.592792510986328,1.217225193977356,995.0,0.5431992781174952,0.8448494442700439,0.6947742588519209,0.6627799026086012,-2.4376921121682447,0.010412839454976869,90.0,0.9284104017022872,,,,
gov_report:132,gov_report,disagreement_replication,64,32,physical_delete_low_v_ridge_90,low_v_ridge,90,7,8,0.017762459949641096,0.01760105438765155,0.9857570100778731,0.16979780781011397,1.0091702211944065,0.01558008600928535,0.01712163825063331,0.8596313473119952,0.5133881482177127,0.9099646763480159,0.01712163825063331,38.48549849336563,0.00040483004298284305,0.0004749549843836576,0.000849102798383683,2.409039258956909,0.3372246325016022,0.000849102798383683,34.64202880859375,33.77688980102539,191.02001953125,7.3722052574157715,6.424070358276367,2.040466070175171,995.0,0.5431992781174952,0.8448494442700439,0.6947742588519209,0.6627799026086012,-2.4376921121682447,0.010412839454976869,90.0,0.9284104017022872,1.7193764411132275e-08,1.6130135811291002e-08,1.719215078351345e-08,1.612847770565428e-08
gov_report:132,gov_report,disagreement_replication,64,32,physical_delete_low_v_ridge_90,low_v_ridge,90,8,9,0.010865111146467652,0.011133339428417714,0.9234952936794658,0.3871737309176968,0.9759076525354637,0.011403237830607168,0.019430754301410964,0.6780240636470352,0.7406708222887894,0.5868654223978903,0.019430754301410964,40.025110126721025,0.00028490209757085197,0.00022563313541468233,0.0003759048995561898,1.7877635955810547,0.5036545991897583,0.0003759048995561898,19.079540252685547,19.561756134033203,6.650007724761963,8.21249771118164,7.775941371917725,1.5247586965560913,995.0,0.5431992781174952,0.8448494442700439,0.6947742588519209,0.6627799026086012,-2.4376921121682447,0.010412839454976869,90.0,0.9284104017022872,,,,
gov_report:132,gov_report,disagreement_replication,64,32,physical_delete_low_v_ridge_90,low_v_ridge,90,9,10,0.031086090648273876,0.030126554808147285,0.8959528015171613,0.46447461905332693,1.0318501682730445,0.027055235912287118,0.03288839234577379,0.7659047067656134,0.645452266336463,0.8226378361046207,0.03288839234577379,40.66904569873126,0.0006652537684977239,0.0007669551414437592,0.001802832237444818,1.875204086303711,0.48280492424964905,0.001802832237444818,19.8190975189209,19.088512420654297,4.801733016967773,7.4410271644592285,7.454070091247559,1.1750825643539429,995.0,0.5431992781174952,0.8448494442700439,0.6947742588519209,0.6627799026086012,-2.4376921121682447,0.010412839454976869,90.0,0.9284104017022872,,,,
gov_report:132,gov_report,disagreement_replication,64,32,physical_delete_low_v_ridge_90,low_v_ridge,90,10,11,0.11989414531667056,0.1169276098919499,0.9828104164097656,0.18945992509656612,1.0253707009615776,0.13098595773404637,0.13588094651337868,0.9788135693224571,0.20529041121173786,0.9639759001910517,0.13588094651337868,41.86923428307178,0.0031284536241687495,0.0017225256888195872,0.0037634705659002066,2.3714675903320312,0.4046154022216797,0.0037634705659002066,19.070127487182617,18.697662353515625,6.171651363372803,8.893704414367676,8.497803688049316,2.212197780609131,995.0,0.5431992781174952,0.8448494442700439,0.6947742588519209,0.6627799026086012,-2.4376921121682447,0.010412839454976869,90.0,0.9284104017022872,1.12685253313573e-06,9.889700226128504e-07,1.1271463938517948e-06,9.889970861127752e-07
gov_report:132,gov_report,disagreement_replication,64,32,physical_delete_low_v_ridge_90,low_v_ridge,90,11,12,0.04603740080838137,0.08689557032057092,0.35355473581795693,0.9518728695314328,0.5298014690339499,0.039919646434128785,0.14323332954779283,0.09235720788021926,1.0130128966702112,0.2787036129102113,0.14323332954779283,44.64169921168389,0.0008942232741821972,0.0011540857376530766,0.0024565020576119423,2.5087974071502686,0.3539546728134155,0.0024565020576119423,19.615577697753906,19.462121963500977,6.910096168518066,8.388147354125977,7.930602550506592,1.2823253870010376,995.0,0.5431992781174952,0.8448494442700439,0.6947742588519209,0.6627799026086012,-2.4376921121682447,0.010412839454976869,90.0,0.9284104017022872,,,,
gov_report:132,gov_report,disagreement_replication,64,32,physical_delete_low_v_ridge_90,low_v_ridge,90,12,13,0.0568717203865441,0.0655839939188344,0.519943924194703,0.9220717460321897,0.8671585395809768,0.04479265294814788,0.14029267646097277,0.26675382286108595,0.9651950075870711,0.31928005137608517,0.14029267646097277,48.724469266886146,0.0009193050970508901,0.0018455073004588485,0.0028003035113215446,2.2703869342803955,0.3912241756916046,0.0028003035113215446,17.342586517333984,17.385663986206055,4.034970760345459,8.893867492675781,8.582315444946289,1.094691514968872,995.0,0.5431992781174952,0.8448494442700439,0.6947742588519209,0.6627799026086012,-2.4376921121682447,0.010412839454976869,90.0,0.9284104017022872,,,,
gov_report:132,gov_report,disagreement_replication,64,32,physical_delete_low_v_ridge_90,low_v_ridge,90,13,14,0.09328434715369797,0.09672394052129481,0.8628952401825268,0.5154832234482924,0.9644390690757727,0.08749862565380205,0.15545901233179057,0.587500387194948,0.8095995342758445,0.5628404834263123,0.15545901233179057,52.830585030033745,0.0016562115601040537,0.0019234485225751996,0.003586537204682827,2.132904529571533,0.379495769739151,0.003586537204682827,18.392841339111328,19.19424057006836,3.7253737449645996,9.338872909545898,7.965456962585449,1.5713105201721191,995.0,0.5431992781174952,0.8448494442700439,0.6947742588519209,0.6627799026086012,-2.4376921121682447,0.010412839454976869,90.0,0.9284104017022872,,,,
gov_report:132,gov_report,disagreement_replication,64,32,physical_delete_low_v_ridge_90,low_v_ridge,90,14,15,0.02616605212789485,0.05678063868707874,0.48549367981970454,0.874588092362537,0.4608270130967955,0.022293665667286976,0.152559350235372,0.21606213377872832,0.9788807403511486,0.14613110001380974,0.152559350235372,49.71212691406987,0.0004484552774380947,0.0005933457869105041,0.0007313376409001648,1.48431396484375,0.5739233493804932,0.0007313376409001648,16.999366760253906,19.34111976623535,9.292560577392578,8.72243881225586,9.364242553710938,1.7806824445724487,995.0,0.5431992781174952,0.8448494442700439,0.6947742588519209,0.6627799026086012,-2.4376921121682447,0.010412839454976869,90.0,0.9284104017022872,4.009940733067522e-08,9.850983053905256e-07,4.009461305371437e-08,9.843247812994186e-07
gov_report:132,gov_report,disagreement_replication,64,32,physical_delete_low_v_ridge_90,low_v_ridge,90,15,16,0.3181834517129474,0.31567876080239754,0.9808684062734405,0.19654447927977686,1.0079343029102856,0.2703711245003856,0.29952507204130474,0.8954534374146813,0.445213615834952,0.902666086206971,0.29952507204130474,54.251779371034715,0.004983636069358824,0.009798712097108364,0.014697011560201645,2.2481529712677,0.3822762668132782,0.014697011560201645,55.04473114013672,55.504207611083984,1404.197021484375,7.184446334838867,7.86091947555542,1.8061254024505615,995.0,0.5431992781174952,0.8448494442700439,0.6947742588519209,0.6627799026086012,-2.4376921121682447,0.010412839454976869,90.0,0.9284104017022872,,,,
gov_report:132,gov_report,disagreement_replication,64,32,physical_delete_low_v_ridge_90,low_v_ridge,90,16,17,0.5231351863438967,0.4959599459250723,0.9827888899586947,0.19826906146695944,1.0547932159483902,0.4326708364895873,0.4958978117912106,0.8360304669531399,0.5498937029413632,0.8724999913323999,0.4958978117912106,57.56445536352745,0.007516284723918806,0.023629724979400635,0.01911461167037487,2.338721990585327,0.38362011313438416,0.01911461167037487,16.838191986083984,18.376157760620117,6.330167770385742,8.891098976135254,8.800239562988281,2.9701898097991943,995.0,0.5431992781174952,0.8448494442700439,0.6947742588519209,0.6627799026086012,-2.4376921121682447,0.010412839454976869,90.0,0.9284104017022872,,,,
gov_report:132,gov_report,disagreement_replication,64,32,physical_delete_low_v_ridge_90,low_v_ridge,90,17,18,0.02790537926878409,0.12299312027922411,0.2282540324017219,0.9736025724321029,0.2268856925121676,0.023447363386683497,0.4355729687146254,-0.0040079665905761504,1.0016632625442412,0.053831080142270074,0.4355729687146254,59.48310193367783,0.00039418528328981096,0.0008196239359676838,0.00081870227586478,2.264805793762207,0.4381200075149536,0.00081870227586478,16.09640121459961,16.143522262573242,7.36420202255249,9.242095947265625,9.478096008300781,5.368865013122559,995.0,0.5431992781174952,0.8448494442700439,0.6947742588519209,0.6627799026086012,-2.4376921121682447,0.010412839454976869,90.0,0.9284104017022872,,,,
gov_report:132,gov_report,disagreement_replication,64,32,physical_delete_low_v_ridge_90,low_v_ridge,90,18,19,0.12286324493683778,0.15189085552078904,0.7373544315182549,0.6792834578671184,0.8088916512819411,0.11735694405234672,0.4331753009495454,0.3460545443173586,0.9412178671614794,0.27092251980917076,0.4331753009495454,66.42542382433562,0.0017667473882093895,0.0017539850668981671,0.0039360616356134415,1.9517658948898315,0.47127842903137207,0.0039360616356134415,20.706336975097656,22.030330657958984,6.231297016143799,9.612728118896484,9.309629440307617,2.804995536804199,995.0,0.5431992781174952,0.8448494442700439,0.6947742588519209,0.6627799026086012,-2.4376921121682447,0.010412839454976869,90.0,0.9284104017022872,1.9141068270575274e-06,5.3557782355900864e-05,1.9134291556684112e-06,5.3794402488757364e-05
gov_report:132,gov_report,disagreement_replication,64,32,physical_delete_low_v_ridge_90,low_v_ridge,90,19,20,0.0158074302684982,0.11576197551702049,0.1025877211810359,0.9953036087543213,0.13655114469063317,0.015239734854489395,0.42018199868746464,0.10527619104324486,0.9968344222839862,0.03626936637479526,0.42018199868746464,71.27313940306708,0.00021382157404776234,0.0002605636836960912,0.0003249281726311892,1.810433268547058,0.4854196012020111,0.0003249281726311892,19.101606369018555,18.185983657836914,3.7087574005126953,8.85866928100586,10.062182426452637,3.0831055641174316,995.0,0.5431992781174952,0.8448494442700439,0.6947742588519209,0.6627799026086012,-2.4376921121682447,0.010412839454976869,90.0,0.9284104017022872,,,,
gov_report:132,gov_report,disagreement_replication,64,32,physical_delete_low_v_ridge_90,low_v_ridge,90,20,21,0.15516535638299628,0.18827195803111224,0.6174198475929671,0.8133463791723939,0.8241554292294286,0.16780574180770924,0.48528882404539764,0.29375230457687435,0.9572967231799397,0.3457853004090846,0.48528882404539764,88.24503863607431,0.001901588399771075,0.002406993182376027,0.002893544966354966,1.9800314903259277,0.46475180983543396,0.002893544966354966,17.858776092529297,18.240476608276367,5.03886079788208,12.588802337646484,11.264598846435547,6.004344940185547,995.0,0.5431992781174952,0.8448494442700439,0.6947742588519209,0.6627799026086012,-2.4376921121682447,0.010412839454976869,90.0,0.9284104017022872,,,,
gov_report:132,gov_report,disagreement_replication,64,32,physical_delete_low_v_ridge_90,low_v_ridge,90,21,22,0.36901546823645853,0.3371516270831655,0.9315569235074739,0.39844078137253935,1.0945089348343355,0.4014635821190834,0.6680355173361325,0.6076802363798002,0.7942102194165546,0.6009614334877957,0.6680355173361325,108.13537145201454,0.0037126018686423463,0.006204674486070871,0.0048606605269014835,1.9429081678390503,0.46792319416999817,0.0048606605269014835,16.16893768310547,16.993635177612305,4.6244707107543945,13.602535247802734,11.527812957763672,7.289584159851074,995.0,0.5431992781174952,0.8448494442700439,0.6947742588519209,0.6627799026086012,-2.4376921121682447,0.010412839454976869,90.0,0.9284104017022872,,,,
gov_report:132,gov_report,disagreement_replication,64,32,physical_delete_low_v_ridge_90,low_v_ridge,90,22,23,0.026573804075863783,0.06838508299382956,0.36564577355655736,0.931036860594794,0.38859065329001,0.02938686698616812,0.8283941469364242,0.07028860294237113,0.9981340261504046,0.03547449857636843,0.8283941469364242,130.60707398517164,0.00022500210815154265,0.00022819836158305407,0.0002866896684281528,1.2113474607467651,0.6800180077552795,0.0002866896684281528,19.72500228881836,19.083221435546875,4.739459037780762,13.289724349975586,10.90360164642334,10.194043159484863,995.0,0.5431992781174952,0.8448494442700439,0.6947742588519209,0.6627799026086012,-2.4376921121682447,0.010412839454976869,90.0,0.9284104017022872,1.0031886846162614e-07,0.00012613750851914163,1.0032558905057459e-07,0.00012660287751324197
gov_report:132,gov_report,disagreement_replication,64,32,physical_delete_low_v_ridge_90,low_v_ridge,90,23,24,0.034830355726796665,0.06576165766901691,0.5922690376010006,0.8081702260262071,0.5296453429154769,0.03582024304480152,1.0557356288989732,0.08540732773715448,0.9976750914874399,0.03392917891968698,1.0557356288989732,154.29729240020578,0.00023215082058532447,0.00045006288564763963,0.0007968270219862461,0.9857096076011658,0.7385281920433044,0.0007968270219862461,18.157859802246094,17.55321502685547,4.195957660675049,17.819677352905273,13.735642433166504,11.893473625183105,995.0,0.5431992781174952,0.8448494442700439,0.6947742588519209,0.6627799026086012,-2.4376921121682447,0.010412839454976869,90.0,0.9284104017022872,,,,
gov_report:132,gov_report,disagreement_replication,64,32,physical_delete_low_v_ridge_90,low_v_ridge,90,24,25,0.14744577272945739,0.19821761519753636,0.8350342199458158,0.5577014808960981,0.7438580702452624,0.1636410359125724,1.293132206200412,0.08580806710903797,0.9971442099543635,0.12654625345183848,1.293132206200412,190.03339264281993,0.0008611172680590212,0.0004082948144059628,0.0007908701663836837,1.4642921686172485,0.5488976836204529,0.0007908701663836837,18.061588287353516,17.866769790649414,4.917698860168457,22.41623306274414,16.051441192626953,65.48582458496094,995.0,0.5431992781174952,0.8448494442700439,0.6947742588519209,0.6627799026086012,-2.4376921121682447,0.010412839454976869,90.0,0.9284104017022872,,,,
gov_report:132,gov_report,disagreement_replication,64,32,physical_delete_low_v_ridge_90,low_v_ridge,90,25,26,0.014392111575380121,0.08698318448031321,0.34339906115623003,0.9558974371345004,0.1654585499641884,0.01578352725327661,1.601692827037886,0.05600473922792679,0.9994965403670552,0.009854278540078192,1.601692827037886,228.40972119663937,6.910181918084157e-05,0.00012067813077010214,0.00010567515710135922,1.3870102167129517,0.6796870827674866,0.00010567515710135922,18.56745719909668,16.56698989868164,6.213754653930664,31.190216064453125,20.4821720123291,57.76447296142578,995.0,0.5431992781174952,0.8448494442700439,0.6947742588519209,0.6627799026086012,-2.4376921121682447,0.010412839454976869,90.0,0.9284104017022872,,,,
gov_report:132,gov_report,disagreement_replication,64,32,physical_delete_low_v_ridge_90,low_v_ridge,90,26,27,0.07733436267196432,0.11158575030041773,0.7397375785716424,0.6745132788260124,0.6930487312560986,0.0860149862604686,1.8792709248522328,0.05129973434169111,0.998698608574831,0.04577040229962158,1.8792709248522328,291.58621865461674,0.0002949898889506612,0.0004153565096203238,0.0003720671811606735,1.2339996099472046,0.7495906949043274,0.0003720671811606735,16.3436222076416,16.33766746520996,5.01954460144043,42.04442596435547,25.752986907958984,141.77969360351562,995.0,0.5431992781174952,0.8448494442700439,0.6947742588519209,0.6627799026086012,-2.4376921121682447,0.010412839454976869,90.0,0.9284104017022872,1.1868478130339956e-07,0.00011924610112774782,1.186962552877163e-07,0.00011972487890903815
gov_report:132,gov_report,disagreement_replication,64,32,physical_delete_low_v_ridge_90,low_v_ridge,90,27,28,0.07711573288943215,0.1211048189930739,0.5240512838568924,0.8591131594617961,0.6367684913830098,0.08440349081089847,2.109752026719601,-0.011708282879024852,1.0012678562673276,0.04000635607500057,2.109752026719601,318.7778202390125,0.00026477215619209206,0.0006216161418706179,0.0004222618881613016,3.058401346206665,0.20324765145778656,0.0004222618881613016,15.924671173095703,15.36878490447998,3.127002239227295,38.28988265991211,25.457473754882812,119.82770538330078,995.0,0.5431992781174952,0.8448494442700439,0.6947742588519209,0.6627799026086012,-2.4376921121682447,0.010412839454976869,90.0,0.9284104017022872,,,,
gov_report:133,gov_report,disagreement_replication,64,32,physical_delete_low_random_63,low_random,63,0,1,4.286674261516045e-05,2.9257105709102304e-05,0.5537343171017555,1.2345444925606084,1.4651737270725311,6.694489374969813e-05,4.285420017966504e-05,0.503624371163007,1.3663268730226017,1.5621547822391626,4.285420017966504e-05,17.57985159024327,3.8080465813973204e-06,1.49140726080077e-06,2.5869701403280487e-06,1.408133864402771,0.6023979783058167,2.5869701403280487e-06,779.6101684570312,778.7726440429688,1833.08740234375,4.543278217315674,4.137584686279297,0.7274547815322876,971.0,-0.3631424884612302,0.2839387325678466,-0.37734143617406357,-0.38107473986982865,-0.22898107576452784,0.13669509513597172,63.0,0.002945651153782425,1.5551757434044376e-13,2.0663632657265242e-13,1.5820863610280527e-13,2.0804449330949387e-13
gov_report:133,gov_report,disagreement_replication,64,32,physical_delete_low_random_63,low_random,63,1,2,0.002894272534146917,0.0028934729065817374,0.9999907601753139,0.004308262848389873,1.0002763556428542,0.0028338140853329634,0.0028373570410089367,0.9998764091255159,0.01576173542223879,0.9987513183484609,0.0028373570410089367,22.12266394219767,0.000128095517462869,0.00011293974966974929,0.00022474753495771438,2.7389423847198486,0.28194311261177063,0.00022474753495771438,91.7096939086914,91.03287506103516,3921.940673828125,4.0633769035339355,4.110064506530762,0.6280108690261841,971.0,-0.3631424884612302,0.2839387325678466,-0.37734143617406357,-0.38107473986982865,-0.22898107576452784,0.13669509513597172,63.0,0.002945651153782425,,,,
gov_report:133,gov_report,disagreement_replication,64,32,physical_delete_low_random_63,low_random,63,2,3,0.0024328393044657395,0.0025337029900675974,0.9739372764993283,0.22723365985879118,0.9601911960489232,0.0021757879438615672,0.003623906897994541,0.649109368598302,0.7622530977106018,0.6003984111914249,0.003623906897994541,28.69792652362762,7.581690412616376e-05,5.6630204198881984e-05,7.601422112202272e-05,2.153494119644165,0.42392846941947937,7.601422112202272e-05,26.64207649230957,26.32522964477539,53.67123031616211,6.415713310241699,5.9282660484313965,1.359554409980774,971.0,-0.3631424884612302,0.2839387325678466,-0.37734143617406357,-0.38107473986982865,-0.22898107576452784,0.13669509513597172,63.0,0.002945651153782425,,,,
gov_report:133,gov_report,disagreement_replication,64,32,physical_delete_low_random_63,low_random,63,3,4,0.0004797413917316267,0.0017245852056550666,-0.013245135130944101,1.041514242961538,0.278177842508745,0.0005059314189725337,0.003567518605779305,0.03427045433378203,1.0051823677489253,0.14181605616658466,0.003567518605779305,33.30044986585014,1.5192930456214951e-05,1.2496718227339443e-05,2.7220428819418885e-05,1.6540437936782837,0.5435096621513367,2.7220428819418885e-05,22.5103759765625,20.42902183532715,7.888287544250488,4.958346843719482,6.212401390075684,1.3090465068817139,971.0,-0.3631424884612302,0.2839387325678466,-0.37734143617406357,-0.38107473986982865,-0.22898107576452784,0.13669509513597172,63.0,0.002945651153782425,,,,
gov_report:133,gov_report,disagreement_replication,64,32,physical_delete_low_random_63,low_random,63,4,5,0.005179720495788914,0.005232545533432657,0.9567411697074462,0.29282442223523225,0.9899045240397384,0.004761380849798927,0.005780320399144033,0.7558145308379713,0.6582977350122649,0.8237226522086919,0.005780320399144033,37.46877286626743,0.00012707597515384676,0.00011296398588456213,0.00015510260709561408,1.810288429260254,0.5502092242240906,0.00015510260709561408,18.500152587890625,17.635759353637695,4.444323539733887,7.0858564376831055,7.052425861358643,1.9877657890319824,971.0,-0.3631424884612302,0.2839387325678466,-0.37734143617406357,-0.38107473986982865,-0.22898107576452784,0.13669509513597172,63.0,0.002945651153782425,2.320285049105635e-11,7.5761498856203e-11,2.3203543430965618e-11,7.576159993356858e-11
gov_report:133,gov_report,disagreement_replication,64,32,physical_delete_low_random_63,low_random,63,5,6,0.007508857511905698,0.007447219905299797,0.9547082626017847,0.30232713956821666,1.0082765927943174,0.006092767545810109,0.007276717780910988,0.7797563481355392,0.6287216097735617,0.8372961174601637,0.007276717780910988,37.298303471347644,0.00016335240423175117,0.000199847316252999,0.0003787049790844321,1.6648861169815063,0.6065973043441772,0.0003787049790844321,18.82843780517578,16.914878845214844,4.090210437774658,7.886877536773682,7.949375629425049,1.875753402709961,971.0,-0.3631424884612302,0.2839387325678466,-0.37734143617406357,-0.38107473986982865,-0.22898107576452784,0.13669509513597172,63.0,0.002945651153782425,,,,
gov_report:133,gov_report,disagreement_replication,64,32,physical_delete_low_random_63,low_random,63,6,7,0.0011891003712103175,0.0016614785624136678,0.6256655672135221,0.7852685193252704,0.715688061290953,0.0011804024691654104,0.00668783224540925,0.20567757867220166,0.9790546787842962,0.17650001164064452,0.00668783224540925,41.26645415933703,2.8604407459086964e-05,4.534762410912663e-05,4.5682569179916754e-05,1.3844432830810547,0.6168712973594666,4.5682569179916754e-05,19.652921676635742,19.305017471313477,7.22563362121582,6.880109786987305,6.761476993560791,1.28565514087677,971.0,-0.3631424884612302,0.2839387325678466,-0.37734143617406357,-0.38107473986982865,-0.22898107576452784,0.13669509513597172,63.0,0.002945651153782425,,,,
gov_report:133,gov_report,disagreement_replication,64,32,physical_delete_low_random_63,low_random,63,7,8,0.0037635622501054657,0.004192309930288205,0.917191672234462,0.39892128848091846,0.8977299657439056,0.0038352005523765013,0.007248678132800783,0.5415133976556114,0.8407839138251328,0.5290896467070246,0.007248678132800783,43.3552738722576,8.845983913460157e-05,0.00010272476356476545,0.00017076822405215353,2.3571410179138184,0.3612197935581207,0.00017076822405215353,32.68620681762695,33.708946228027344,193.44956970214844,6.122679710388184,6.475845813751221,2.0231051445007324,971.0,-0.3631424884612302,0.2839387325678466,-0.37734143617406357,-0.38107473986982865,-0.22898107576452784,0.13669509513597172,63.0,0.002945651153782425,7.578098541004921e-11,2.2430260439879734e-10,7.57790169492818e-11,2.2429915503674491e-10
gov_report:133,gov_report,disagreement_replication,64,32,physical_delete_low_random_63,low_random,63,8,9,0.001877668086107265,0.0024804333760066214,0.7074458800805081,0.708502039037678,0.7569919451455779,0.0017931181457976494,0.006809393138007229,0.25488951168967844,0.9670070218394587,0.2633300955688991,0.006809393138007229,44.41906903917551,4.036820637137181e-05,3.883877434418537e-05,8.589385834056884e-05,1.6181106567382812,0.5728450417518616,8.589385834056884e-05,22.552200317382812,19.27710723876953,5.870657444000244,8.320636749267578,7.774521827697754,1.7756218910217285,971.0,-0.3631424884612302,0.2839387325678466,-0.37734143617406357,-0.38107473986982865,-0.22898107576452784,0.13669509513597172,63.0,0.002945651153782425,,,,
gov_report:133,gov_report,disagreement_replication,64,32,physical_delete_low_random_63,low_random,63,9,10,0.0005867388453369835,0.0017635506379191019,0.35764960468132345,0.934188999117873,0.33270314598355105,0.0005177483181732019,0.00646489556962342,0.08346408317796568,0.9965165114249173,0.08008610697533058,0.00646489556962342,47.50193194676846,1.0899521281648086e-05,1.5151647858147044e-05,3.1000108720036224e-05,2.0695154666900635,0.4280606508255005,3.1000108720036224e-05,20.825159072875977,18.74248695373535,4.528698921203613,6.790927886962891,7.302751064300537,1.1107972860336304,971.0,-0.3631424884612302,0.2839387325678466,-0.37734143617406357,-0.38107473986982865,-0.22898107576452784,0.13669509513597172,63.0,0.002945651153782425,,,,
gov_report:133,gov_report,disagreement_replication,64,32,physical_delete_low_random_63,low_random,63,10,11,0.0035642461249663685,0.003942595554296735,0.8665793197715691,0.5004430475433176,0.9040354446405154,0.002914393793869633,0.006347140083496655,0.4720780227411384,0.881651319455822,0.45916645221797064,0.006347140083496655,48.10568444541392,6.0583147864295114e-05,6.662893429165706e-05,0.00010168380686081946,1.8992972373962402,0.47722184658050537,0.00010168380686081946,20.52330780029297,18.215333938598633,5.16587495803833,8.289739608764648,8.182538032531738,2.3620922565460205,971.0,-0.3631424884612302,0.2839387325678466,-0.37734143617406357,-0.38107473986982865,-0.22898107576452784,0.13669509513597172,63.0,0.002945651153782425,6.95724830892099e-11,2.0124501986650096e-10,6.957590098202801e-11,2.0125021496769467e-10
gov_report:133,gov_report,disagreement_replication,64,32,physical_delete_low_random_63,low_random,63,11,12,0.0019897799828177934,0.003442754426405474,0.618458782748689,0.7868600592763373,0.5779616366350276,0.001865989476586942,0.006242442003559238,0.33606626393860717,0.9425705949610447,0.29891979381194334,0.006242442003559238,49.969939037272844,3.7342240405678515e-05,6.252009188756347e-05,9.099776070797816e-05,2.5548298358917236,0.31075337529182434,9.099776070797816e-05,22.808364868164062,19.123971939086914,6.353200912475586,7.543612957000732,7.786763668060303,1.2677971124649048,971.0,-0.3631424884612302,0.2839387325678466,-0.37734143617406357,-0.38107473986982865,-0.22898107576452784,0.13669509513597172,63.0,0.002945651153782425,,,,
gov_report:133,gov_report,disagreement_replication,64,32,physical_delete_low_random_63,low_random,63,12,13,0.000494297212362214,0.001362335346542884,0.4607047329337691,0.8929336243097118,0.36283079171113203,0.00039514519379864056,0.005894174455300878,0.09223056409444547,0.9960562683920016,0.06703995560281897,0.005894174455300878,51.52914505048074,7.668382493277055e-06,1.700338179944083e-05,1.545699342386797e-05,2.2160370349884033,0.4204545319080353,1.545699342386797e-05,19.735300064086914,17.22637367248535,4.002730369567871,9.539196014404297,8.53189468383789,1.3963221311569214,971.0,-0.3631424884612302,0.2839387325678466,-0.37734143617406357,-0.38107473986982865,-0.22898107576452784,0.13669509513597172,63.0,0.002945651153782425,,,,
gov_report:133,gov_report,disagreement_replication,64,32,physical_delete_low_random_63,low_random,63,13,14,0.0012874684320348143,0.0014226820838250129,0.8177348968983226,0.5821663150004723,0.9049586317790239,0.0011328329683019944,0.005658892335602851,0.1838235310839895,0.9830954435198586,0.20018634409684558,0.005658892335602851,56.20349195429945,2.015591787825445e-05,3.075926724704914e-05,3.9174094126792625e-05,2.1870229244232178,0.373378723859787,3.9174094126792625e-05,19.044517517089844,18.8435115814209,3.2178964614868164,9.186800956726074,7.92407751083374,2.1868956089019775,971.0,-0.3631424884612302,0.2839387325678466,-0.37734143617406357,-0.38107473986982865,-0.22898107576452784,0.13669509513597172,63.0,0.002945651153782425,,,,
gov_report:133,gov_report,disagreement_replication,64,32,physical_delete_low_random_63,low_random,63,14,15,0.004548094057156662,0.004630637841636608,0.9852899068465251,0.17091958839362684,0.9821744244955308,0.0040279633298997124,0.00692373261503079,0.6010695750935507,0.7994298937781206,0.5817618261507345,0.00692373261503079,54.486112025408296,7.392642235183468e-05,5.71169366594404e-05,0.0001221734273713082,1.3898833990097046,0.6315541863441467,0.0001221734273713082,21.291332244873047,19.149309158325195,9.803818702697754,10.137185096740723,9.443585395812988,1.7210760116577148,971.0,-0.3631424884612302,0.2839387325678466,-0.37734143617406357,-0.38107473986982865,-0.22898107576452784,0.13669509513597172,63.0,0.002945651153782425,2.4498108036905073e-10,8.696735982022609e-10,2.4496675925411364e-10,8.69637048889299e-10
gov_report:133,gov_report,disagreement_replication,64,32,physical_delete_low_random_63,low_random,63,15,16,0.037026290889024906,0.036856814674069295,0.9980137644698714,0.06333941231303207,1.004598232822188,0.03337639312512883,0.03414166315240324,0.9840153090081502,0.17819992909307425,0.9775854496642896,0.03414166315240324,57.755555108388144,0.0005778906126431014,0.0011714453576132655,0.0014983435394242406,2.190321922302246,0.4472484886646271,0.0014983435394242406,56.808467864990234,55.417510986328125,1426.1470947265625,7.41509485244751,7.683040618896484,2.0067007541656494,971.0,-0.3631424884612302,0.2839387325678466,-0.37734143617406357,-0.38107473986982865,-0.22898107576452784,0.13669509513597172,63.0,0.002945651153782425,,,,
gov_report:133,gov_report,disagreement_replication,64,32,physical_delete_low_random_63,low_random,63,16,17,0.03413698056398839,0.03622218452557088,0.9550940573557215,0.29657316972595477,0.9424329595552015,0.032325118692703485,0.049279506921657494,0.7579778479613554,0.6602108204476111,0.6559545886709583,0.049279506921657494,61.18927367170201,0.0005282808040202767,0.0009557221201248467,0.0009920503944158554,2.6264665126800537,0.3826189935207367,0.0009920503944158554,17.25266456604004,17.411752700805664,4.640710830688477,8.077521324157715,8.499988555908203,3.440253496170044,971.0,-0.3631424884612302,0.2839387325678466,-0.37734143617406357,-0.38107473986982865,-0.22898107576452784,0.13669509513597172,63.0,0.002945651153782425,,,,
gov_report:133,gov_report,disagreement_replication,64,32,physical_delete_low_random_63,low_random,63,17,18,0.011130346658712249,0.014216449188684064,0.7402803319314296,0.6736491646266819,0.7829202996463931,0.009903829509579617,0.047555446055776274,0.16634848271150468,0.9869572626396359,0.2082585766930612,0.047555446055776274,64.1557175794993,0.0001543717361949412,0.00036363847902975976,0.00039260380435734987,2.4062211513519287,0.40556207299232483,0.00039260380435734987,17.082500457763672,16.056903839111328,6.1014790534973145,8.031617164611816,9.296348571777344,3.730862855911255,971.0,-0.3631424884612302,0.2839387325678466,-0.37734143617406357,-0.38107473986982865,-0.22898107576452784,0.13669509513597172,63.0,0.002945651153782425,,,,
gov_report:133,gov_report,disagreement_replication,64,32,physical_delete_low_random_63,low_random,63,18,19,0.015737613223254295,0.01782777298242719,0.7808469225260865,0.6329802501140009,0.8827582244157381,0.016080469093817662,0.04796508963220206,0.2334866270689863,0.9776709631926095,0.3352536025080584,0.04796508963220206,69.19896484563732,0.0002323801971559617,0.0004891869029961526,0.0009536792058497667,2.084632158279419,0.43761953711509705,0.0009536792058497667,20.643569946289062,21.720813751220703,6.554647445678711,7.774223327636719,9.132110595703125,2.691887378692627,971.0,-0.3631424884612302,0.2839387325678466,-0.37734143617406357,-0.38107473986982865,-0.22898107576452784,0.13669509513597172,63.0,0.002945651153782425,1.1252989763555139e-08,2.397892344072343e-07,1.1250186737107775e-08,2.4014518771255477e-07
gov_report:133,gov_report,disagreement_replication,64,32,physical_delete_low_random_63,low_random,63,19,20,0.008087632869417905,0.01689720908423335,0.4626072888101466,0.8867082126838068,0.4786372015106572,0.008546558644847296,0.04880444405979221,0.2030719437407643,0.9795627511408826,0.17511845098320508,0.04880444405979221,76.16447577205079,0.00011221187513225857,0.0001334527914877981,0.00023276884166989475,1.5703001022338867,0.6018748879432678,0.00023276884166989475,19.386356353759766,18.110525131225586,4.063092231750488,8.35654067993164,10.061067581176758,3.392561197280884,971.0,-0.3631424884612302,0.2839387325678466,-0.37734143617406357,-0.38107473986982865,-0.22898107576452784,0.13669509513597172,63.0,0.002945651153782425,,,,
gov_report:133,gov_report,disagreement_replication,64,32,physical_delete_low_random_63,low_random,63,20,21,0.05608474266409759,0.051949659826208444,0.9637715312877037,0.29079232925557796,1.0795978809432552,0.0536154668211622,0.06988828776142998,0.6943639333768753,0.7232965703232183,0.7671595418703555,0.06988828776142998,81.13474799129219,0.0006608200327055493,0.0007240705308504403,0.0010064782109111547,2.12739634513855,0.5063005685806274,0.0010064782109111547,17.370391845703125,17.781784057617188,4.974728107452393,12.376727104187012,11.206721305847168,6.466297626495361,971.0,-0.3631424884612302,0.2839387325678466,-0.37734143617406357,-0.38107473986982865,-0.22898107576452784,0.13669509513597172,63.0,0.002945651153782425,,,,
gov_report:133,gov_report,disagreement_replication,64,32,physical_delete_low_random_63,low_random,63,21,22,0.04204855597354598,0.045415268242784836,0.915982137705548,0.4013408265732044,0.9258682729508324,0.045828846687288656,0.08724456454457137,0.5193470004274251,0.854584128535487,0.5252917121716584,0.08724456454457137,105.91519472861869,0.00043269378680475134,0.0005317087634466588,0.0010317519772797823,2.498460292816162,0.3824150860309601,0.0010317519772797823,15.427696228027344,16.608867645263672,4.465116024017334,13.21890926361084,11.42073917388916,8.098069190979004,971.0,-0.3631424884612302,0.2839387325678466,-0.37734143617406357,-0.38107473986982865,-0.22898107576452784,0.13669509513597172,63.0,0.002945651153782425,,,,
gov_report:133,gov_report,disagreement_replication,64,32,physical_delete_low_random_63,low_random,63,22,23,0.06852461450589181,0.06966555964178794,0.9786386398797978,0.20564836922092214,0.9836225368494456,0.07137961673122205,0.11988681906555762,0.5917683679120299,0.8061161995998086,0.5953916976660261,0.11988681906555762,126.65204501737836,0.0005635883472819394,0.00029326986987143755,0.0007481657085008919,1.683468222618103,0.5770376324653625,0.0007481657085008919,20.182109832763672,18.831153869628906,4.743348121643066,14.468971252441406,11.192041397094727,10.957839012145996,971.0,-0.3631424884612302,0.2839387325678466,-0.37734143617406357,-0.38107473986982865,-0.22898107576452784,0.13669509513597172,63.0,0.002945651153782425,6.488838912475114e-08,3.4851576996593187e-07,6.486833632501935e-08,3.4935255458731347e-07
gov_report:133,gov_report,disagreement_replication,64,32,physical_delete_low_random_63,low_random,63,23,24,0.02799316419849951,0.030522654202585424,0.8673277958446336,0.5002224512200982,0.9171274559775455,0.02764279485383797,0.13539941647033918,0.37956334468819813,0.9416469123575484,0.20415741496118964,0.13539941647033918,154.7738682362808,0.00017860117582406057,0.000186308883712627,0.00022341907606460154,1.882380485534668,0.5727493762969971,0.00022341907606460154,19.82733154296875,17.33902931213379,4.533256530761719,17.353986740112305,14.039064407348633,14.270101547241211,971.0,-0.3631424884612302,0.2839387325678466,-0.37734143617406357,-0.38107473986982865,-0.22898107576452784,0.13669509513597172,63.0,0.002945651153782425,,,,
gov_report:133,gov_report,disagreement_replication,64,32,physical_delete_low_random_63,low_random,63,24,25,0.1856912195853669,0.18646700651985082,0.9985209977224553,0.054433512446046495,0.9958395485133649,0.20024023134025612,0.2601178580505877,0.8176306395427532,0.577726020014796,0.7698057828129333,0.2601178580505877,195.8046905132729,0.0010226528834184519,0.0005009067826904356,0.0011746622622013092,1.9402841329574585,0.5157549381256104,0.0011746622622013092,17.697786331176758,17.720598220825195,5.87412691116333,26.268020629882812,16.982341766357422,78.85057067871094,971.0,-0.3631424884612302,0.2839387325678466,-0.37734143617406357,-0.38107473986982865,-0.22898107576452784,0.13669509513597172,63.0,0.002945651153782425,,,,
gov_report:133,gov_report,disagreement_replication,64,32,physical_delete_low_random_63,low_random,63,25,26,0.011817214328302812,0.02656406005900228,0.5028688226442696,0.8663072730998324,0.4448572357559507,0.012900791825224158,0.2834298733549841,-0.05547135376788121,1.0035544406868737,0.04551669756090408,0.2834298733549841,233.87617831083227,5.516077746096231e-05,8.135523239616305e-05,7.59970280341804e-05,1.9057334661483765,0.5208630561828613,7.59970280341804e-05,17.9338321685791,16.607892990112305,7.221128463745117,34.08244323730469,21.942895889282227,60.07572555541992,971.0,-0.3631424884612302,0.2839387325678466,-0.37734143617406357,-0.38107473986982865,-0.22898107576452784,0.13669509513597172,63.0,0.002945651153782425,,,,
gov_report:133,gov_report,disagreement_replication,64,32,physical_delete_low_random_63,low_random,63,26,27,0.0793602822670399,0.08677895249571034,0.905842238416485,0.4237038844068557,0.914510719301006,0.08480238822009496,0.3230610278744404,0.2872065773058266,0.958187335549715,0.26249649726569285,0.3230610278744404,294.8433138646447,0.0002876184883033354,0.00035554132773540914,0.0003091852704528719,2.7224080562591553,0.4566185772418976,0.0003091852704528719,18.20968246459961,15.979045867919922,4.7563276290893555,48.2310676574707,27.54852867126465,172.9398956298828,971.0,-0.3631424884612302,0.2839387325678466,-0.37734143617406357,-0.38107473986982865,-0.22898107576452784,0.13669509513597172,63.0,0.002945651153782425,1.60764250439289e-08,4.099315620376896e-07,1.6074512710847255e-08,4.107656031535399e-07
gov_report:133,gov_report,disagreement_replication,64,32,physical_delete_low_random_63,low_random,63,27,28,0.058566841371529774,0.06155763208158329,0.9007618281074306,0.43725719113284844,0.9514147862918155,0.054426641988500814,0.36114583489820384,0.15820866801942807,0.9874342083362992,0.15070544009968176,0.36114583489820384,243.3006729704236,0.00022370115677862137,0.0005140070570632815,0.0002951050119008869,3.6669301986694336,0.1295222043991089,0.0002951050119008869,17.019615173339844,15.111278533935547,3.218667984008789,40.282142639160156,27.168188095092773,157.20811462402344,971.0,-0.3631424884612302,0.2839387325678466,-0.37734143617406357,-0.38107473986982865,-0.22898107576452784,0.13669509513597172,63.0,0.002945651153782425,,,,
gov_report:133,gov_report,disagreement_replication,64,32,physical_delete_median_aov_34,median_aov,34,0,1,0.006200684505573782,0.006202825848135941,0.9999830314494897,0.0058347718399206884,0.9996547795126631,0.010077816758945682,0.010077762250974868,0.999982709002609,0.0058806641700770886,1.000005408737521,0.010077762250974868,17.57985159024327,0.0005732594901164479,0.00021158256276976317,0.00044881211942993104,1.408133864402771,0.6023979783058167,0.00044881211942993104,778.438232421875,778.7726440429688,1833.08740234375,4.414711952209473,4.137584686279297,0.7274547815322876,1000.0,-0.26845698086245845,0.5906931508647114,-0.2640416531500254,-0.24314742443116824,0.47046711276677566,0.9016203273623342,34.0,0.13643320917032664,2.765290601129838e-10,2.779988109512928e-10,2.765389202028923e-10,2.7800744491058865e-10
gov_report:133,gov_report,disagreement_replication,64,32,physical_delete_median_aov_34,median_aov,34,1,2,0.025311902994122705,0.025154507677846768,0.9980852560591839,0.06239071525856352,1.0062571415943296,0.02438188308709992,0.026104097817356307,0.9309751156260276,0.3650953801537684,0.9340251196457245,0.026104097817356307,22.12266394219767,0.0011021223823136836,0.0010719128185883164,0.0018086615018546581,2.7389423847198486,0.28194311261177063,0.0018086615018546581,90.77432250976562,91.03287506103516,3921.940673828125,3.9673590660095215,4.110064506530762,0.6280108690261841,1000.0,-0.26845698086245845,0.5906931508647114,-0.2640416531500254,-0.24314742443116824,0.47046711276677566,0.9016203273623342,34.0,0.13643320917032664,,,,
gov_report:133,gov_report,disagreement_replication,64,32,physical_delete_median_aov_34,median_aov,34,2,3,0.007756559953765876,0.009499790392005074,0.7147999447656832,0.7066848912390395,0.8164980103449143,0.0072381304811970585,0.027135311912135907,0.42489071061740413,0.9189553103588457,0.26674211465245407,0.027135311912135907,28.69792652362762,0.00025221789021021257,0.0002125546452589333,0.00028112836298532784,2.153494119644165,0.42392846941947937,0.00028112836298532784,26.033935546875,26.32522964477539,53.67123031616211,5.933759689331055,5.9282660484313965,1.359554409980774,1000.0,-0.26845698086245845,0.5906931508647114,-0.2640416531500254,-0.24314742443116824,0.47046711276677566,0.9016203273623342,34.0,0.13643320917032664,,,,
gov_report:133,gov_report,disagreement_replication,64,32,physical_delete_median_aov_34,median_aov,34,3,4,0.005861715250359794,0.008152302340817156,0.6349712242818509,0.7770950434177404,0.7190257433180818,0.005505742444823147,0.0280991556678022,0.22542962409586223,0.9747056660080403,0.19593978231637676,0.0280991556678022,33.30044986585014,0.00016533537735985144,0.00010392930562375113,0.00027673476142808795,1.6540437936782837,0.5435096621513367,0.00027673476142808795,20.55536651611328,20.42902183532715,7.888287544250488,6.641207695007324,6.212401390075684,1.3090465068817139,1000.0,-0.26845698086245845,0.5906931508647114,-0.2640416531500254,-0.24314742443116824,0.47046711276677566,0.9016203273623342,34.0,0.13643320917032664,,,,
gov_report:133,gov_report,disagreement_replication,64,32,physical_delete_median_aov_34,median_aov,34,4,5,0.0025294980790369808,0.005664794029036581,0.46226791907789555,0.8868799616728703,0.4465295765514666,0.0023774932029897297,0.027486337554179282,0.18739876506641986,0.9874526896251726,0.08649727153729993,0.027486337554179282,37.46877286626743,6.345265726943918e-05,6.0393951571313664e-05,7.088474376359954e-05,1.810288429260254,0.5502092242240906,7.088474376359954e-05,18.987892150878906,17.635759353637695,4.444323539733887,8.337921142578125,7.052425861358643,1.9877657890319824,1000.0,-0.26845698086245845,0.5906931508647114,-0.2640416531500254,-0.24314742443116824,0.47046711276677566,0.9016203273623342,34.0,0.13643320917032664,2.4369485339174316e-11,2.097261789845163e-09,2.437161136373728e-11,2.097136071457359e-09
gov_report:133,gov_report,disagreement_replication,64,32,physical_delete_median_aov_34,median_aov,34,5,6,0.006790147142581423,0.00972771357481361,0.7015597755685294,0.7126193970981236,0.6980208751378174,0.005724668812302319,0.02227290946129608,0.2124365728579892,0.9781915596048905,0.25702384424675856,0.02227290946129608,37.298303471347644,0.00015348335660092364,0.00013437286543194205,0.000247359334025532,1.6648861169815063,0.6065973043441772,0.000247359334025532,17.632701873779297,16.914878845214844,4.090210437774658,8.777117729187012,7.949375629425049,1.875753402709961,1000.0,-0.26845698086245845,0.5906931508647114,-0.2640416531500254,-0.24314742443116824,0.47046711276677566,0.9016203273623342,34.0,0.13643320917032664,,,,
gov_report:133,gov_report,disagreement_replication,64,32,physical_delete_median_aov_34,median_aov,34,6,7,0.006080350010557375,0.006534486631436999,0.9362877580676956,0.3512815312105906,0.930501560949746,0.005898170794604537,0.019400323644600866,0.32704923895959576,0.9452877555468205,0.30402435045180315,0.019400323644600866,41.26645415933703,0.00014292894591405074,7.902833021944389e-05,0.0001945418189279735,1.3844432830810547,0.6168712973594666,0.0001945418189279735,20.431501388549805,19.305017471313477,7.22563362121582,7.129675388336182,6.761476993560791,1.28565514087677,1000.0,-0.26845698086245845,0.5906931508647114,-0.2640416531500254,-0.24314742443116824,0.47046711276677566,0.9016203273623342,34.0,0.13643320917032664,,,,
gov_report:133,gov_report,disagreement_replication,64,32,physical_delete_median_aov_34,median_aov,34,7,8,0.0024666247064047495,0.004309829171696677,0.4520447632765379,0.9000683105544347,0.5723254004134225,0.0028949679452591587,0.01711597162928871,0.0860216560071399,0.9997543031945124,0.16913839354029506,0.01711597162928871,43.3552738722576,6.677314399602042e-05,6.062877946533263e-05,6.980416947044432e-05,2.3571410179138184,0.3612197935581207,6.980416947044432e-05,35.0518684387207,33.708946228027344,193.44956970214844,6.8780131340026855,6.475845813751221,2.0231051445007324,1000.0,-0.26845698086245845,0.5906931508647114,-0.2640416531500254,-0.24314742443116824,0.47046711276677566,0.9016203273623342,34.0,0.13643320917032664,8.421861062005558e-11,4.5913578799082175e-09,8.422213736629696e-11,4.590433173628023e-09
gov_report:133,gov_report,disagreement_replication,64,32,physical_delete_median_aov_34,median_aov,34,8,9,0.0012317826175210346,0.003042575505275688,0.35842861825135575,0.934710514508561,0.4048486604145663,0.0011351518440366796,0.01594405066758591,0.22212978469832692,0.9866303162882215,0.0711959506215338,0.01594405066758591,44.41906903917551,2.555550732131575e-05,2.943282925116364e-05,3.4529759432189167e-05,1.6181106567382812,0.5728450417518616,3.4529759432189167e-05,19.251543045043945,19.27710723876953,5.870657444000244,7.68333625793457,7.774521827697754,1.7756218910217285,1000.0,-0.26845698086245845,0.5906931508647114,-0.2640416531500254,-0.24314742443116824,0.47046711276677566,0.9016203273623342,34.0,0.13643320917032664,,,,
gov_report:133,gov_report,disagreement_replication,64,32,physical_delete_median_aov_34,median_aov,34,9,10,0.0011915837775518972,0.002713137138775177,0.35111368235586676,0.940466208725614,0.4391903971687283,0.0012240912341762783,0.01563009764094068,0.07407798298129392,0.9972614580289527,0.0783162883749335,0.01563009764094068,47.50193194676846,2.5769293668897878e-05,2.6758301828522235e-05,3.532846676534973e-05,2.0695154666900635,0.4280606508255005,3.532846676534973e-05,19.583934783935547,18.74248695373535,4.528698921203613,7.7289910316467285,7.302751064300537,1.1107972860336304,1000.0,-0.26845698086245845,0.5906931508647114,-0.2640416531500254,-0.24314742443116824,0.47046711276677566,0.9016203273623342,34.0,0.13643320917032664,,,,
gov_report:133,gov_report,disagreement_replication,64,32,physical_delete_median_aov_34,median_aov,34,10,11,0.0003611805530194269,0.0034611527832020166,0.15749463044757012,0.988948688639936,0.10435267543586675,0.0003343633243971765,0.014433625264978994,0.09614305861585545,0.9980391898248049,0.023165581637238322,0.014433625264978994,48.10568444541392,6.950599045661276e-06,4.74687749374425e-06,7.600929166073911e-06,1.8992972373962402,0.47722184658050537,7.600929166073911e-06,18.670629501342773,18.215333938598633,5.16587495803833,9.669397354125977,8.182538032531738,2.3620922565460205,1000.0,-0.26845698086245845,0.5906931508647114,-0.2640416531500254,-0.24314742443116824,0.47046711276677566,0.9016203273623342,34.0,0.13643320917032664,1.7276812799595909e-12,5.341741576396057e-09,1.7296130597477036e-12,5.340634579721172e-09
gov_report:133,gov_report,disagreement_replication,64,32,physical_delete_median_aov_34,median_aov,34,11,12,0.005977572985835511,0.007282248413149748,0.876688102271784,0.484289990361785,0.8208416750850809,0.0059027249123184905,0.014958364065857063,0.4160452521869066,0.9095965062689548,0.3946103254560869,0.014958364065857063,49.969939037272844,0.00011812551758199297,9.067487553693354e-05,0.00019065394008066505,2.5548298358917236,0.31075337529182434,0.00019065394008066505,18.28173828125,19.123971939086914,6.353200912475586,7.887930870056152,7.786763668060303,1.2677971124649048,1000.0,-0.26845698086245845,0.5906931508647114,-0.2640416531500254,-0.24314742443116824,0.47046711276677566,0.9016203273623342,34.0,0.13643320917032664,,,,
gov_report:133,gov_report,disagreement_replication,64,32,physical_delete_median_aov_34,median_aov,34,12,13,0.0010269659121020505,0.002226566194318439,0.4397436412014603,0.8983803897136692,0.4612330478755018,0.0007465285536235987,0.014558675444237987,0.04664648018426037,0.9989221940336783,0.05127723030044321,0.014558675444237987,51.52914505048074,1.448750125569246e-05,1.7745931472745724e-05,4.8088415496749803e-05,2.2160370349884033,0.4204545319080353,4.8088415496749803e-05,18.00714111328125,17.22637367248535,4.002730369567871,8.317320823669434,8.53189468383789,1.3963221311569214,1000.0,-0.26845698086245845,0.5906931508647114,-0.2640416531500254,-0.24314742443116824,0.47046711276677566,0.9016203273623342,34.0,0.13643320917032664,,,,
gov_report:133,gov_report,disagreement_replication,64,32,physical_delete_median_aov_34,median_aov,34,13,14,0.0008756019368544573,0.0018328435934635502,0.5091666872925142,0.8612419133576706,0.4777286725267267,0.0009699208126139431,0.014574241749369625,0.1488193901909833,0.9922806986654913,0.0665503447310317,0.014574241749369625,56.20349195429945,1.7257305176030904e-05,7.320344593608752e-06,2.1183770513744093e-05,2.1870229244232178,0.373378723859787,2.1183770513744093e-05,19.272483825683594,18.8435115814209,3.2178964614868164,8.294904708862305,7.92407751083374,2.1868956089019775,1000.0,-0.26845698086245845,0.5906931508647114,-0.2640416531500254,-0.24314742443116824,0.47046711276677566,0.9016203273623342,34.0,0.13643320917032664,,,,
gov_report:133,gov_report,disagreement_replication,64,32,physical_delete_median_aov_34,median_aov,34,14,15,0.00013763458660216135,0.0020415501970101487,0.04845610080715728,0.9990052606425948,0.06741670462167781,0.00012329784488209218,0.014069440908837244,0.058202612876990203,0.9995282285316738,0.008763521285671472,0.014069440908837244,54.486112025408296,2.262922427362686e-06,3.20252297569823e-06,3.493089479889022e-06,1.3898833990097046,0.6315541863441467,3.493089479889022e-06,18.833755493164062,19.149309158325195,9.803818702697754,9.424023628234863,9.443585395812988,1.7210760116577148,1000.0,-0.26845698086245845,0.5906931508647114,-0.2640416531500254,-0.24314742443116824,0.47046711276677566,0.9016203273623342,34.0,0.13643320917032664,1.580697176878193e-13,7.89549429657114e-09,1.5968778155616225e-13,7.892863068952117e-09
gov_report:133,gov_report,disagreement_replication,64,32,physical_delete_median_aov_34,median_aov,34,15,16,0.0006094870728302226,0.003369795489218899,0.08915434002857905,1.0002313928926243,0.18086767424912736,0.0006254256064464554,0.013456253566749224,0.07833830628934516,0.9974357930050972,0.04647843497776376,0.013456253566749224,57.755555108388144,1.0828838979605299e-05,6.0271372603892814e-06,1.8611512132338248e-05,2.190321922302246,0.4472484886646271,1.8611512132338248e-05,56.64784240722656,55.417510986328125,1426.1470947265625,7.760349750518799,7.683040618896484,2.0067007541656494,1000.0,-0.26845698086245845,0.5906931508647114,-0.2640416531500254,-0.24314742443116824,0.47046711276677566,0.9016203273623342,34.0,0.13643320917032664,,,,
gov_report:133,gov_report,disagreement_replication,64,32,physical_delete_median_aov_34,median_aov,34,16,17,0.0016722071516640053,0.002397317178675809,0.6997401438650115,0.7144008705355682,0.6975327113734996,0.0015417834166981488,0.013324805503852562,0.19245543408186458,0.9843023474246739,0.11570776145680906,0.013324805503852562,61.18927367170201,2.5196955678380146e-05,1.8333326806896366e-05,5.86173810006585e-05,2.6264665126800537,0.3826189935207367,5.86173810006585e-05,19.011491775512695,17.411752700805664,4.640710830688477,8.826225280761719,8.499988555908203,3.440253496170044,1000.0,-0.26845698086245845,0.5906931508647114,-0.2640416531500254,-0.24314742443116824,0.47046711276677566,0.9016203273623342,34.0,0.13643320917032664,,,,
gov_report:133,gov_report,disagreement_replication,64,32,physical_delete_median_aov_34,median_aov,34,17,18,0.00311444675186794,0.003183535167286818,0.9612783041323794,0.2761045076776366,0.9782982088186704,0.0027208540270645667,0.01318377724325606,0.24140414694837511,0.971056539378026,0.2063789441266822,0.01318377724325606,64.1557175794993,4.2410156564658315e-05,5.020741082262248e-05,8.389929280383512e-05,2.4062211513519287,0.40556207299232483,8.389929280383512e-05,16.739484786987305,16.056903839111328,6.1014790534973145,10.394062042236328,9.296348571777344,3.730862855911255,1000.0,-0.26845698086245845,0.5906931508647114,-0.2640416531500254,-0.24314742443116824,0.47046711276677566,0.9016203273623342,34.0,0.13643320917032664,,,,
gov_report:133,gov_report,disagreement_replication,64,32,physical_delete_median_aov_34,median_aov,34,18,19,0.16653675917733612,0.16654712175487058,0.9999397425902858,0.01097775898470612,0.9999377799062196,0.21984883835218183,0.22108043112903075,0.9982646383865927,0.059012051837096936,0.9944292094485282,0.22108043112903075,69.19896484563732,0.003177053859730422,0.0011519069084897637,0.0032211127690970898,2.084632158279419,0.43761953711509705,0.0032211127690970898,21.813953399658203,21.720813751220703,6.554647445678711,9.570629119873047,9.132110595703125,2.691887378692627,1000.0,-0.26845698086245845,0.5906931508647114,-0.2640416531500254,-0.24314742443116824,0.47046711276677566,0.9016203273623342,34.0,0.13643320917032664,1.737997057949767e-06,1.5449935969004728e-06,1.7486769056790526e-06,1.5535545213861913e-06
gov_report:133,gov_report,disagreement_replication,64,32,physical_delete_median_aov_34,median_aov,34,19,20,0.0009079285203524414,0.06368847045963233,0.003808391333744838,1.0000473208733511,0.014255775241578676,0.0008292343184406113,0.14463060776006822,0.014291357505510693,0.9999344951793234,0.00573346355438298,0.14463060776006822,76.16447577205079,1.0887415819973463e-05,1.491495186201064e-05,2.6527133741183206e-05,1.5703001022338867,0.6018748879432678,2.6527133741183206e-05,17.803936004638672,18.110525131225586,4.063092231750488,10.126972198486328,10.061067581176758,3.392561197280884,1000.0,-0.26845698086245845,0.5906931508647114,-0.2640416531500254,-0.24314742443116824,0.47046711276677566,0.9016203273623342,34.0,0.13643320917032664,,,,
gov_report:133,gov_report,disagreement_replication,64,32,physical_delete_median_aov_34,median_aov,34,20,21,2.5234422769600973e-05,0.026484433549826283,0.035473860175391,0.9999666537929437,0.000952802057183001,2.6903361059417275e-05,0.14443523740499525,-0.01993771653123947,1.0000037310574652,0.0001862659108869705,0.14443523740499525,81.13474799129219,3.315886438977377e-07,4.31142751722291e-07,4.5848611307519604e-07,2.12739634513855,0.5063005685806274,4.5848611307519604e-07,19.458581924438477,17.781784057617188,4.974728107452393,13.825952529907227,11.206721305847168,6.466297626495361,1000.0,-0.26845698086245845,0.5906931508647114,-0.2640416531500254,-0.24314742443116824,0.47046711276677566,0.9016203273623342,34.0,0.13643320917032664,,,,
gov_report:133,gov_report,disagreement_replication,64,32,physical_delete_median_aov_34,median_aov,34,21,22,9.21407770560709e-05,0.025746800224574717,-0.14635550537733877,1.000530029622635,0.0035787273079520266,9.66488132571335e-05,0.16097772194906707,-0.04644279634733952,1.000028063455098,0.0006003862651734687,0.16097772194906707,105.91519472861869,9.125113115712246e-07,1.2082275588909397e-06,1.7819145341491094e-06,2.498460292816162,0.3824150860309601,1.7819145341491094e-06,17.88139533996582,16.608867645263672,4.465116024017334,11.81325912475586,11.42073917388916,8.098069190979004,1000.0,-0.26845698086245845,0.5906931508647114,-0.2640416531500254,-0.24314742443116824,0.47046711276677566,0.9016203273623342,34.0,0.13643320917032664,,,,
gov_report:133,gov_report,disagreement_replication,64,32,physical_delete_median_aov_34,median_aov,34,22,23,0.00043149070027900696,0.037373406991125784,0.3949667730154634,0.995496460202358,0.011545393771069983,0.0005157830158258426,0.17516997536604476,0.03510319883172705,0.999900969681303,0.002944471589654758,0.17516997536604476,126.65204501737836,4.072441276057329e-06,3.788864205489517e-06,6.695390311506344e-06,1.683468222618103,0.5770376324653625,6.695390311506344e-06,20.509498596191406,18.831153869628906,4.743348121643066,14.097299575805664,11.192041397094727,10.957839012145996,1000.0,-0.26845698086245845,0.5906931508647114,-0.2640416531500254,-0.24314742443116824,0.47046711276677566,0.9016203273623342,34.0,0.13643320917032664,1.971283489800619e-12,1.532655251235322e-06,1.9735649148558043e-12,1.541096335918785e-06
gov_report:133,gov_report,disagreement_replication,64,32,physical_delete_median_aov_34,median_aov,34,23,24,0.005425902445510385,0.026808899010667946,0.2577472427798888,0.9677967654754848,0.2023918417295421,0.005106442242160955,0.19521422984646367,0.004292976178346416,1.0002298015896998,0.026158145572570096,0.19521422984646367,154.7738682362808,3.2992922515610714e-05,5.9858790336875245e-05,9.071396925719455e-05,1.882380485534668,0.5727493762969971,9.071396925719455e-05,18.08104133605957,17.33902931213379,4.533256530761719,16.67197608947754,14.039064407348633,14.270101547241211,1000.0,-0.26845698086245845,0.5906931508647114,-0.2640416531500254,-0.24314742443116824,0.47046711276677566,0.9016203273623342,34.0,0.13643320917032664,,,,
gov_report:133,gov_report,disagreement_replication,64,32,physical_delete_median_aov_34,median_aov,34,24,25,0.0006298182496388311,0.018271598306174756,0.06532134763284751,0.9983410939341006,0.03446979509318506,0.0006623567102939928,0.22541184416063142,-0.046854949429553865,1.0001419870468433,0.0029384290464434903,0.22541184416063142,195.8046905132729,3.382741795192562e-06,4.527537385001779e-06,5.027545284974622e-06,1.9402841329574585,0.5157549381256104,5.027545284974622e-06,19.09311294555664,17.720598220825195,5.87412691116333,21.89990997314453,16.982341766357422,78.85057067871094,1000.0,-0.26845698086245845,0.5906931508647114,-0.2640416531500254,-0.24314742443116824,0.47046711276677566,0.9016203273623342,34.0,0.13643320917032664,,,,
gov_report:133,gov_report,disagreement_replication,64,32,physical_delete_median_aov_34,median_aov,34,25,26,0.004995500775455007,0.020479550897130893,0.22454780132980376,0.9746557395100548,0.24392628532468733,0.005232550092649005,0.24047093539412387,0.004962930395457717,1.0001287403398809,0.02175959470558481,0.24047093539412387,233.87617831083227,2.237316399832181e-05,2.249978388135787e-05,2.990578104800079e-05,1.9057334661483765,0.5208630561828613,2.990578104800079e-05,18.37035369873047,16.607892990112305,7.221128463745117,29.14157485961914,21.942895889282227,60.07572555541992,1000.0,-0.26845698086245845,0.5906931508647114,-0.2640416531500254,-0.24314742443116824,0.47046711276677566,0.9016203273623342,34.0,0.13643320917032664,,,,
gov_report:133,gov_report,disagreement_replication,64,32,physical_delete_median_aov_34,median_aov,34,26,27,0.0017979095461991158,0.0219141104093563,0.015950655512578828,1.0020548068990354,0.08204346480939023,0.0019187679291572924,0.2665827894962939,0.006849536405903456,0.9999766022411206,0.007197643676783447,0.2665827894962939,294.8433138646447,6.507754590080857e-06,8.224195880757179e-06,9.452013728150632e-06,2.7224080562591553,0.4566185772418976,9.452013728150632e-06,16.522642135620117,15.979045867919922,4.7563276290893555,35.078670501708984,27.54852867126465,172.9398956298828,1000.0,-0.26845698086245845,0.5906931508647114,-0.2640416531500254,-0.24314742443116824,0.47046711276677566,0.9016203273623342,34.0,0.13643320917032664,6.2342655920199505e-12,1.5640663782235157e-06,6.2336226888875036e-12,1.5726610971133328e-06
gov_report:133,gov_report,disagreement_replication,64,32,physical_delete_median_aov_34,median_aov,34,27,28,0.00297204206898613,0.028615025819758853,0.07622849442940348,0.9974732486860037,0.1038629874984742,0.003052775236850869,0.28927861394244764,0.01565926675865699,0.999890424340832,0.010553062306424846,0.28927861394244764,243.3006729704236,1.2547335770098647e-05,1.4143009138933849e-05,1.7595180906937458e-05,3.6669301986694336,0.1295222043991089,1.7595180906937458e-05,14.205703735351562,15.111278533935547,3.218667984008789,32.423973083496094,27.168188095092773,157.20811462402344,1000.0,-0.26845698086245845,0.5906931508647114,-0.2640416531500254,-0.24314742443116824,0.47046711276677566,0.9016203273623342,34.0,0.13643320917032664,,,,
gov_report:133,gov_report,disagreement_replication,64,32,physical_delete_median_key_query_32,median_key_query,32,0,1,0.0020902959631114736,0.0020923051969600963,0.9998516763774061,0.0172419414691769,0.9990397032653067,0.0031099684196571934,0.0031121767599410714,0.9998226804856086,0.018838547938897488,0.9992904193899579,0.0031121767599410714,17.57985159024327,0.00017690527156572871,6.364177534123883e-05,0.00017715553985908628,1.408133864402771,0.6023979783058167,0.00017715553985908628,778.743896484375,778.7726440429688,1833.08740234375,4.548218727111816,4.137584686279297,0.7274547815322876,1002.0,-0.20813012444068654,-0.17502864762306394,-0.2379083147879054,-0.2285171673369667,0.023255276706324046,-0.011877799511128023,32.0,0.7986253043840347,4.878059715094729e-11,5.021938149617905e-11,4.8784058890595886e-11,5.0223434170454214e-11
gov_report:133,gov_report,disagreement_replication,64,32,physical_delete_median_key_query_32,median_key_query,32,1,2,0.009078513435434862,0.009036610049343228,0.9990408524245837,0.04414400105235615,1.0046370691955087,0.008640981980223991,0.009217085834962006,0.947495958134702,0.3199240637640884,0.937496095289386,0.009217085834962006,22.12266394219767,0.0003905940985588915,0.0006710468442179263,0.000897675403393805,2.7389423847198486,0.28194311261177063,0.000897675403393805,90.92277526855469,91.03287506103516,3921.940673828125,3.6907076835632324,4.110064506530762,0.6280108690261841,1002.0,-0.20813012444068654,-0.17502864762306394,-0.2379083147879054,-0.2285171673369667,0.023255276706324046,-0.011877799511128023,32.0,0.7986253043840347,,,,
gov_report:133,gov_report,disagreement_replication,64,32,physical_delete_median_key_query_32,median_key_query,32,2,3,0.01949935740872943,0.01943858219794,0.9867774960329088,0.1629032352874724,1.0031265248756605,0.017384599597540275,0.01952716411146336,0.8861092153952637,0.46349523731770975,0.8902777432660947,0.01952716411146336,28.69792652362762,0.0006057789430615191,0.00029826341778971255,0.0006077566067688167,2.153494119644165,0.42392846941947937,0.0006077566067688167,25.736865997314453,26.32522964477539,53.67123031616211,5.9336113929748535,5.9282660484313965,1.359554409980774,1002.0,-0.20813012444068654,-0.17502864762306394,-0.2379083147879054,-0.2285171673369667,0.023255276706324046,-0.011877799511128023,32.0,0.7986253043840347,,,,
gov_report:133,gov_report,disagreement_replication,64,32,physical_delete_median_key_query_32,median_key_query,32,3,4,0.011783535609771243,0.0134591869462111,0.8594633614743767,0.5114488690140098,0.8755012956476119,0.010452322256533232,0.02086900745861608,0.548598318069586,0.8374481606732144,0.5008538272488774,0.02086900745861608,33.30044986585014,0.0003138793108994052,0.00021649058908224106,0.00044446310494095087,1.6540437936782837,0.5435096621513367,0.00044446310494095087,19.248538970947266,20.42902183532715,7.888287544250488,6.572418212890625,6.212401390075684,1.3090465068817139,1002.0,-0.20813012444068654,-0.17502864762306394,-0.2379083147879054,-0.2285171673369667,0.023255276706324046,-0.011877799511128023,32.0,0.7986253043840347,,,,
gov_report:133,gov_report,disagreement_replication,64,32,physical_delete_median_key_query_32,median_key_query,32,4,5,0.039317970416558816,0.039928896548242276,0.9717733700435957,0.23627019694012869,0.9846996490137078,0.0367011903704998,0.0438843793932339,0.8764363956596465,0.48318622073695583,0.8363155837668835,0.0438843793932339,37.46877286626743,0.0009795140743331183,0.0007719050045125186,0.0014514995273202658,1.810288429260254,0.5502092242240906,0.0014514995273202658,15.718352317810059,17.635759353637695,4.444323539733887,7.121344566345215,7.052425861358643,1.9877657890319824,1002.0,-0.20813012444068654,-0.17502864762306394,-0.2379083147879054,-0.2285171673369667,0.023255276706324046,-0.011877799511128023,32.0,0.7986253043840347,1.9004306313581445e-09,3.0737809665213317e-09,1.9005455817213134e-09,3.0738733553245203e-09
gov_report:133,gov_report,disagreement_replication,64,32,physical_delete_median_key_query_32,median_key_query,32,5,6,0.1563506452145504,0.1562293610822301,0.9896618814303638,0.14385023882652384,1.0007763209903704,0.11567171435557642,0.12878106280227147,0.9667797284642038,0.26464983541008447,0.8982043775580347,0.12878106280227147,37.298303471347644,0.003101259402976192,0.0017058054218068719,0.003934041131287813,1.6648861169815063,0.6065973043441772,0.003934041131287813,15.666601181030273,16.914878845214844,4.090210437774658,8.777560234069824,7.949375629425049,1.875753402709961,1002.0,-0.20813012444068654,-0.17502864762306394,-0.2379083147879054,-0.2285171673369667,0.023255276706324046,-0.011877799511128023,32.0,0.7986253043840347,,,,
gov_report:133,gov_report,disagreement_replication,64,32,physical_delete_median_key_query_32,median_key_query,32,6,7,0.007764144669053061,0.01696515360921125,0.24070304742874155,0.9945496973171017,0.45765248272420644,0.0070951823407384715,0.11035023236876648,0.10541970164760679,0.9952777340908595,0.06429694064465505,0.11035023236876648,41.26645415933703,0.00017193583711706185,0.00013823018525727093,0.00030850840266793966,1.3844432830810547,0.6168712973594666,0.00030850840266793966,18.81995391845703,19.305017471313477,7.22563362121582,6.899231910705566,6.761476993560791,1.28565514087677,1002.0,-0.20813012444068654,-0.17502864762306394,-0.2379083147879054,-0.2285171673369667,0.023255276706324046,-0.011877799511128023,32.0,0.7986253043840347,,,,
gov_report:133,gov_report,disagreement_replication,64,32,physical_delete_median_key_query_32,median_key_query,32,7,8,0.02435280364691003,0.03529584477041426,0.6213734675654558,0.7865109326736892,0.6899623399104212,0.024361687056141505,0.10768587889584885,0.15241290293135432,0.991069699050673,0.22622917049043664,0.10768587889584885,43.3552738722576,0.0005619082727494933,0.00083210039883852,0.001161758555099368,2.3571410179138184,0.3612197935581207,0.001161758555099368,33.58151626586914,33.708946228027344,193.44956970214844,6.424226760864258,6.475845813751221,2.0231051445007324,1002.0,-0.20813012444068654,-0.17502864762306394,-0.2379083147879054,-0.2285171673369667,0.023255276706324046,-0.011877799511128023,32.0,0.7986253043840347,1.5392415150245863e-08,2.380632389424234e-07,1.5387354010645905e-08,2.386156869049749e-07
gov_report:133,gov_report,disagreement_replication,64,32,physical_delete_median_key_query_32,median_key_query,32,8,9,0.058704830124502776,0.06122239604173468,0.9037004582716915,0.4317060128143962,0.9588783504076563,0.05752010394091526,0.11223682339128821,0.5592965671056633,0.8302880983464762,0.5124887020401894,0.11223682339128821,44.41906903917551,0.0012949416812447208,0.0013489973498508334,0.002290348056703806,1.6181106567382812,0.5728450417518616,0.002290348056703806,17.731576919555664,19.27710723876953,5.870657444000244,8.167390823364258,7.774521827697754,1.7756218910217285,1002.0,-0.20813012444068654,-0.17502864762306394,-0.2379083147879054,-0.2285171673369667,0.023255276706324046,-0.011877799511128023,32.0,0.7986253043840347,,,,
gov_report:133,gov_report,disagreement_replication,64,32,physical_delete_median_key_query_32,median_key_query,32,9,10,0.008863950223542595,0.028859529671883242,0.2554535013353576,0.9682020066031349,0.30714118782671673,0.007558584172537591,0.11087216315831734,0.1712749446694054,0.9906032129060404,0.06817386760772842,0.11087216315831734,47.50193194676846,0.00015912161595885995,0.0002837267820723355,0.00031868350924924016,2.0695154666900635,0.4280606508255005,0.00031868350924924016,18.15404510498047,18.74248695373535,4.528698921203613,6.752624988555908,7.302751064300537,1.1107972860336304,1002.0,-0.20813012444068654,-0.17502864762306394,-0.2379083147879054,-0.2285171673369667,0.023255276706324046,-0.011877799511128023,32.0,0.7986253043840347,,,,
gov_report:133,gov_report,disagreement_replication,64,32,physical_delete_median_key_query_32,median_key_query,32,10,11,0.006458483519562783,0.03565617708236528,-0.003583728585379391,1.0169105904622304,0.1811322482677763,0.006102267750873292,0.09997256625184399,0.11823901434305771,0.9946312526495724,0.06103942291029001,0.09997256625184399,48.10568444541392,0.00012685128215559653,0.00016986258560791612,0.00014022146933712065,1.8992972373962402,0.47722184658050537,0.00014022146933712065,16.910106658935547,18.215333938598633,5.16587495803833,8.962823867797852,8.182538032531738,2.3620922565460205,1002.0,-0.20813012444068654,-0.17502864762306394,-0.2379083147879054,-0.2285171673369667,0.023255276706324046,-0.011877799511128023,32.0,0.7986253043840347,3.2259013063981446e-10,1.4298717228339753e-07,3.226060231314601e-10,1.4310585086605537e-07
gov_report:133,gov_report,disagreement_replication,64,32,physical_delete_median_key_query_32,median_key_query,32,11,12,0.06653293985994854,0.07237473872021698,0.9066424852242569,0.42208910442516623,0.919284007603103,0.0647061005773122,0.11479841046987209,0.5843913054594418,0.8117370339842883,0.5636497954324358,0.11479841046987209,49.969939037272844,0.0012949005306780057,0.0017651469679549336,0.0022528679110109806,2.5548298358917236,0.31075337529182434,0.0022528679110109806,16.97624969482422,19.123971939086914,6.353200912475586,6.985012054443359,7.786763668060303,1.2677971124649048,1002.0,-0.20813012444068654,-0.17502864762306394,-0.2379083147879054,-0.2285171673369667,0.023255276706324046,-0.011877799511128023,32.0,0.7986253043840347,,,,
gov_report:133,gov_report,disagreement_replication,64,32,physical_delete_median_key_query_32,median_key_query,32,12,13,0.0321774572845971,0.03809739728020888,0.7658122406953279,0.6478740302979253,0.8446103823820239,0.026972139837912166,0.10938586268961119,0.2855787290822084,0.9591485034395817,0.24657793223651941,0.10938586268961119,51.52914505048074,0.0005234346467710418,0.0006089865928515792,0.0013221799163147807,2.2160370349884033,0.4204545319080353,0.0013221799163147807,17.187307357788086,17.22637367248535,4.002730369567871,8.225332260131836,8.53189468383789,1.3963221311569214,1002.0,-0.20813012444068654,-0.17502864762306394,-0.2379083147879054,-0.2285171673369667,0.023255276706324046,-0.011877799511128023,32.0,0.7986253043840347,,,,
gov_report:133,gov_report,disagreement_replication,64,32,physical_delete_median_key_query_32,median_key_query,32,13,14,0.004328901689291773,0.025360950872558085,-0.07742807993838985,1.027408524385555,0.17069161606144184,0.004114988987140461,0.10498424799834498,0.034086447370044064,0.9994319507619537,0.03919625149103637,0.10498424799834498,56.20349195429945,7.321589538398197e-05,0.00010957763151964173,0.0001474984164815396,2.1870229244232178,0.373378723859787,0.0001474984164815396,18.667322158813477,18.8435115814209,3.2178964614868164,7.836231708526611,7.92407751083374,2.1868956089019775,1002.0,-0.20813012444068654,-0.17502864762306394,-0.2379083147879054,-0.2285171673369667,0.023255276706324046,-0.011877799511128023,32.0,0.7986253043840347,,,,
gov_report:133,gov_report,disagreement_replication,64,32,physical_delete_median_key_query_32,median_key_query,32,14,15,0.00047188730553959616,0.016626922098508676,0.0030167764640363698,1.0003170690905299,0.02838091757114333,0.0004363673497364844,0.1035516125541829,0.12850817916196336,0.999467202468821,0.004214008251278147,0.1035516125541829,54.486112025408296,8.008781201583899e-06,1.2275809240236413e-05,1.2113817319914233e-05,1.3898833990097046,0.6315541863441467,1.2113817319914233e-05,19.261096954345703,19.149309158325195,9.803818702697754,8.804563522338867,9.443585395812988,1.7210760116577148,1002.0,-0.20813012444068654,-0.17502864762306394,-0.2379083147879054,-0.2285171673369667,0.023255276706324046,-0.011877799511128023,32.0,0.7986253043840347,4.87779091734161e-12,1.9770498775006738e-07,4.880058882134156e-12,1.979040892865034e-07
gov_report:133,gov_report,disagreement_replication,64,32,physical_delete_median_key_query_32,median_key_query,32,15,16,0.011327052865132628,0.03305244765080311,0.34269864869714717,0.9394453875461126,0.3426993663162916,0.011319889537513785,0.09502775360793293,0.12535298074819615,0.9921317736040334,0.11912193130669563,0.09502775360793293,57.755555108388144,0.0001959965498776712,0.00022189859009813517,0.00033654889557510614,2.190321922302246,0.4472484886646271,0.00033654889557510614,53.916656494140625,55.417510986328125,1426.1470947265625,7.874459266662598,7.683040618896484,2.0067007541656494,1002.0,-0.20813012444068654,-0.17502864762306394,-0.2379083147879054,-0.2285171673369667,0.023255276706324046,-0.011877799511128023,32.0,0.7986253043840347,,,,
gov_report:133,gov_report,disagreement_replication,64,32,physical_delete_median_key_query_32,median_key_query,32,16,17,0.04189147768947111,0.045226377513891025,0.8881067295834271,0.46121824145931245,0.9262620619262372,0.03954005930811585,0.1079701585734911,0.4825218548214667,0.8835725463173808,0.366212848351079,0.1079701585734911,61.18927367170201,0.0006461926565799685,0.0009356641676276922,0.001900216331705451,2.6264665126800537,0.3826189935207367,0.001900216331705451,15.708526611328125,17.411752700805664,4.640710830688477,8.517087936401367,8.499988555908203,3.440253496170044,1002.0,-0.20813012444068654,-0.17502864762306394,-0.2379083147879054,-0.2285171673369667,0.023255276706324046,-0.011877799511128023,32.0,0.7986253043840347,,,,
gov_report:133,gov_report,disagreement_replication,64,32,physical_delete_median_key_query_32,median_key_query,32,17,18,0.021476466810814884,0.025154176928190723,0.7785818312637515,0.6320340905116039,0.8537932635253843,0.020113248909779648,0.1095746101123183,0.2478889449517081,0.9709220344984762,0.18355756766246098,0.1095746101123183,64.1557175794993,0.00031350672502191383,0.0005569146014750004,0.0005730607081204653,2.4062211513519287,0.40556207299232483,0.0005730607081204653,15.329764366149902,16.056903839111328,6.1014790534973145,8.759322166442871,9.296348571777344,3.730862855911255,1002.0,-0.20813012444068654,-0.17502864762306394,-0.2379083147879054,-0.2285171673369667,0.023255276706324046,-0.011877799511128023,32.0,0.7986253043840347,,,,
gov_report:133,gov_report,disagreement_replication,64,32,physical_delete_median_key_query_32,median_key_query,32,18,19,0.023410724001470276,0.035683752028198804,0.7279400761423376,0.6893981600741698,0.6560611670815932,0.024302719895796607,0.10726051942158638,0.08834477775254068,1.005635732683721,0.2265765635562048,0.10726051942158638,69.19896484563732,0.0003512006277840843,0.000517164240591228,0.0009984344942495227,2.084632158279419,0.43761953711509705,0.0009984344942495227,20.703746795654297,21.720813751220703,6.554647445678711,7.836581230163574,9.132110595703125,2.691887378692627,1002.0,-0.20813012444068654,-0.17502864762306394,-0.2379083147879054,-0.2285171673369667,0.023255276706324046,-0.011877799511128023,32.0,0.7986253043840347,3.3044711096788363e-08,4.0170979129485677e-07,3.303044204999441e-08,4.021766332372192e-07
gov_report:133,gov_report,disagreement_replication,64,32,physical_delete_median_key_query_32,median_key_query,32,19,20,0.004186695056005846,0.02492431890890266,0.139229268478147,0.9906773455816218,0.1679763074492844,0.004092625564550623,0.10731600559532743,0.1580022371545598,0.9946874674389246,0.03813620849795044,0.10731600559532743,76.16447577205079,5.373404757355984e-05,5.40229921170976e-05,0.00011744682706193998,1.5703001022338867,0.6018748879432678,0.00011744682706193998,17.810081481933594,18.110525131225586,4.063092231750488,8.339756965637207,10.061067581176758,3.392561197280884,1002.0,-0.20813012444068654,-0.17502864762306394,-0.2379083147879054,-0.2285171673369667,0.023255276706324046,-0.011877799511128023,32.0,0.7986253043840347,,,,
gov_report:133,gov_report,disagreement_replication,64,32,physical_delete_median_key_query_32,median_key_query,32,20,21,0.03173102546379046,0.038451329591938914,0.722391736533089,0.6990886950076879,0.82522570221974,0.030119406307071977,0.1137203935581277,0.24865624823253682,0.9687272409424702,0.26485492500231783,0.1137203935581277,81.13474799129219,0.0003712269656683293,0.00042672877316363156,0.0006770402542315423,2.12739634513855,0.5063005685806274,0.0006770402542315423,15.384357452392578,17.781784057617188,4.974728107452393,11.169548034667969,11.206721305847168,6.466297626495361,1002.0,-0.20813012444068654,-0.17502864762306394,-0.2379083147879054,-0.2285171673369667,0.023255276706324046,-0.011877799511128023,32.0,0.7986253043840347,,,,
gov_report:133,gov_report,disagreement_replication,64,32,physical_delete_median_key_query_32,median_key_query,32,21,22,0.11884213059907807,0.12276753307602338,0.9741707961053813,0.22589604218663648,0.9680257281498479,0.14851232550312943,0.202199951277108,0.788102629020386,0.6178748776889204,0.7344824989576701,0.202199951277108,105.91519472861869,0.0014021814894799116,0.0015024227323010564,0.0020084455609321594,2.498460292816162,0.3824150860309601,0.0020084455609321594,15.21859359741211,16.608867645263672,4.465116024017334,11.537283897399902,11.42073917388916,8.098069190979004,1002.0,-0.20813012444068654,-0.17502864762306394,-0.2379083147879054,-0.2285171673369667,0.023255276706324046,-0.011877799511128023,32.0,0.7986253043840347,,,,
gov_report:133,gov_report,disagreement_replication,64,32,physical_delete_median_key_query_32,median_key_query,32,22,23,0.07625408555971307,0.08367166977207628,0.9065371039253401,0.42215356535696535,0.9113489161556247,0.08087306662076221,0.2381852295327322,0.3977883605451184,0.9193244590770204,0.33953854644730763,0.2381852295327322,126.65204501737836,0.0006385452884686177,0.0007078501512296498,0.0017512927297502756,1.683468222618103,0.5770376324653625,0.0017512927297502756,18.020570755004883,18.831153869628906,4.743348121643066,10.131080627441406,11.192041397094727,10.957839012145996,1002.0,-0.20813012444068654,-0.17502864762306394,-0.2379083147879054,-0.2285171673369667,0.023255276706324046,-0.011877799511128023,32.0,0.7986253043840347,5.987665706909203e-08,5.599072868760598e-07,5.985636150470709e-08,5.596861897680485e-07
gov_report:133,gov_report,disagreement_replication,64,32,physical_delete_median_key_query_32,median_key_query,32,23,24,0.05018130586582571,0.059598587004347996,0.8397245599104849,0.5430172994149204,0.8419881810648422,0.0494443347758446,0.2626642690918446,0.24335931438504715,0.9715010085887902,0.18824157144326178,0.2626642690918446,154.7738682362808,0.0003194617756814213,0.0005460858228616416,0.0005117872497066855,1.882380485534668,0.5727493762969971,0.0005117872497066855,17.080291748046875,17.33902931213379,4.533256530761719,15.297101974487305,14.039064407348633,14.270101547241211,1002.0,-0.20813012444068654,-0.17502864762306394,-0.2379083147879054,-0.2285171673369667,0.023255276706324046,-0.011877799511128023,32.0,0.7986253043840347,,,,
gov_report:133,gov_report,disagreement_replication,64,32,physical_delete_median_key_query_32,median_key_query,32,24,25,0.025315304911344864,0.03863305071186582,0.5496189802230578,0.8420702758326215,0.6552758439956563,0.02565787681602431,0.28815709696850267,0.21086586128215368,0.9850770615027253,0.0890412802112206,0.28815709696850267,195.8046905132729,0.00013103811123607917,0.00020906767167616636,0.00024773841141723096,1.9402841329574585,0.5157549381256104,0.00024773841141723096,17.720056533813477,17.720598220825195,5.87412691116333,18.065601348876953,16.982341766357422,78.85057067871094,1002.0,-0.20813012444068654,-0.17502864762306394,-0.2379083147879054,-0.2285171673369667,0.023255276706324046,-0.011877799511128023,32.0,0.7986253043840347,,,,
gov_report:133,gov_report,disagreement_replication,64,32,physical_delete_median_key_query_32,median_key_query,32,25,26,0.047915244288250544,0.052101842012693585,0.8635219821895377,0.5074245540506432,0.9196458788650301,0.05080395394716899,0.32872342062183824,0.3390669867254556,0.9586867988856573,0.15454923732256243,0.32872342062183824,233.87617831083227,0.00021722585991484854,0.0003007777559105307,0.0004322640015743673,1.9057334661483765,0.5208630561828613,0.0004322640015743673,16.318397521972656,16.607892990112305,7.221128463745117,24.921306610107422,21.942895889282227,60.07572555541992,1002.0,-0.20813012444068654,-0.17502864762306394,-0.2379083147879054,-0.2285171673369667,0.023255276706324046,-0.011877799511128023,32.0,0.7986253043840347,,,,
gov_report:133,gov_report,disagreement_replication,64,32,physical_delete_median_key_query_32,median_key_query,32,26,27,0.09645328824414429,0.11489453240863119,0.8712478525248571,0.49186936971379536,0.8394941536565098,0.1007643460238601,0.3737269487110515,0.2813728277927936,0.9596704930990667,0.26962023041524485,0.3737269487110515,294.8433138646447,0.00034175557418310163,0.0005080387345515192,0.0006833186489529908,2.7224080562591553,0.4566185772418976,0.0006833186489529908,15.26643180847168,15.979045867919922,4.7563276290893555,32.1058349609375,27.54852867126465,172.9398956298828,1002.0,-0.20813012444068654,-0.17502864762306394,-0.2379083147879054,-0.2285171673369667,0.023255276706324046,-0.011877799511128023,32.0,0.7986253043840347,1.5012537660081676e-08,5.303025689462432e-07,1.5014060760560664e-08,5.303047919841873e-07
gov_report:133,gov_report,disagreement_replication,64,32,physical_delete_median_key_query_32,median_key_query,32,27,28,0.13056337405210353,0.15473352202848828,0.8781490392372974,0.47961908227781347,0.8437950118401962,0.1381131550981076,0.44392179423242506,0.3938010628561558,0.9229067147526424,0.3111204651191228,0.44392179423242506,243.3006729704236,0.0005676645009317219,0.0006757841911166906,0.0008500571129843593,3.6669301986694336,0.1295222043991089,0.0008500571129843593,16.033504486083984,15.111278533935547,3.218667984008789,32.597877502441406,27.168188095092773,157.20811462402344,1002.0,-0.20813012444068654,-0.17502864762306394,-0.2379083147879054,-0.2285171673369667,0.023255276706324046,-0.011877799511128023,32.0,0.7986253043840347,,,,
gov_report:133,gov_report,disagreement_replication,64,32,physical_delete_median_value_norm_59,median_value_norm,59,0,1,0.0003181260144620944,0.0003220384283806923,0.9936874017682276,0.11233614748141788,0.9878510960997086,0.00043156396463382723,0.00044294579088443957,0.991254530697465,0.13304798959883413,0.974304245610087,0.00044294579088443957,17.57985159024327,2.4548783157722622e-05,1.6637595763313584e-05,4.520282527664676e-05,1.408133864402771,0.6023979783058167,4.520282527664676e-05,778.72265625,778.7726440429688,1833.08740234375,4.118081092834473,4.137584686279297,0.7274547815322876,975.0,-0.2868231246742672,0.13034482918861762,-0.3030372503253456,-0.30326730967718013,-0.27988827651793285,-0.04572499027431477,59.0,0.17988192088598598,1.5799703644487256e-12,2.204578540868273e-12,1.5813441337951362e-12,2.205476206140471e-12
gov_report:133,gov_report,disagreement_replication,64,32,physical_delete_median_value_norm_59,median_value_norm,59,1,2,0.004308143579169486,0.004304225698315698,0.999901624502891,0.014062667700416838,1.000910240570173,0.0045430267150450634,0.004534444714417351,0.9954327697765208,0.09568349166170102,1.0018926243825237,0.004534444714417351,22.12266394219767,0.00020535622323401611,0.0001960669324034825,0.000374888681108132,2.7389423847198486,0.28194311261177063,0.000374888681108132,90.2275619506836,91.03287506103516,3921.940673828125,3.9514942169189453,4.110064506530762,0.6280108690261841,975.0,-0.2868231246742672,0.13034482918861762,-0.3030372503253456,-0.30326730967718013,-0.27988827651793285,-0.04572499027431477,59.0,0.17988192088598598,,,,
gov_report:133,gov_report,disagreement_replication,64,32,physical_delete_median_value_norm_59,median_value_norm,59,2,3,0.0066963395694902205,0.006787997247845047,0.9904081633396287,0.13822795101428328,0.986497095533749,0.006071374342791046,0.007950848884338368,0.8349175158133004,0.5549747976386842,0.7636133488526586,0.007950848884338368,28.69792652362762,0.0002115614289343292,7.442858623107895e-05,0.00018162871128879488,2.153494119644165,0.42392846941947937,0.00018162871128879488,26.855731964111328,26.32522964477539,53.67123031616211,6.440602779388428,5.9282660484313965,1.359554409980774,975.0,-0.2868231246742672,0.13034482918861762,-0.3030372503253456,-0.30326730967718013,-0.27988827651793285,-0.04572499027431477,59.0,0.17988192088598598,,,,
gov_report:133,gov_report,disagreement_replication,64,32,physical_delete_median_value_norm_59,median_value_norm,59,3,4,0.049714830469132304,0.049579209051814774,0.9990258253215792,0.04428500481305461,1.0027354493932283,0.050946832257518344,0.053161513304098344,0.9907143969816711,0.13976069397538537,0.9583405191287272,0.053161513304098344,33.30044986585014,0.0015299142342747958,0.0006491543026641011,0.0017771781422197819,1.6540437936782837,0.5435096621513367,0.0017771781422197819,18.567691802978516,20.42902183532715,7.888287544250488,6.03934383392334,6.212401390075684,1.3090465068817139,975.0,-0.2868231246742672,0.13034482918861762,-0.3030372503253456,-0.30326730967718013,-0.27988827651793285,-0.04572499027431477,59.0,0.17988192088598598,,,,
gov_report:133,gov_report,disagreement_replication,64,32,physical_delete_median_value_norm_59,median_value_norm,59,4,5,0.05047014508971008,0.05054982083378962,0.9677517264184406,0.2537663752038579,0.9984238174781762,0.045840659612412155,0.07495848122228417,0.7344409906584215,0.6897095629569364,0.6115473374717246,0.07495848122228417,37.46877286626743,0.001223436373964673,0.0007646733429282904,0.0018696446204558015,1.810288429260254,0.5502092242240906,0.0018696446204558015,16.796289443969727,17.635759353637695,4.444323539733887,6.984827041625977,7.052425861358643,1.9877657890319824,975.0,-0.2868231246742672,0.13034482918861762,-0.3030372503253456,-0.30326730967718013,-0.27988827651793285,-0.04572499027431477,59.0,0.17988192088598598,4.115452976337006e-09,1.623316959777009e-08,4.115876518496201e-09,1.623854068829774e-08
gov_report:133,gov_report,disagreement_replication,64,32,physical_delete_median_value_norm_59,median_value_norm,59,5,6,0.26961777912504586,0.2618826770323459,0.9895911596742153,0.1493484792404506,1.029536516811093,0.18828349616949686,0.19876240385219412,0.9610546486121249,0.2767015081936214,0.9472792264552722,0.19876240385219412,37.298303471347644,0.005048044512644797,0.0026155225932598114,0.006968424189835787,1.6648861169815063,0.6065973043441772,0.006968424189835787,16.963581085205078,16.914878845214844,4.090210437774658,8.56534194946289,7.949375629425049,1.875753402709961,975.0,-0.2868231246742672,0.13034482918861762,-0.3030372503253456,-0.30326730967718013,-0.27988827651793285,-0.04572499027431477,59.0,0.17988192088598598,,,,
gov_report:133,gov_report,disagreement_replication,64,32,physical_delete_median_value_norm_59,median_value_norm,59,6,7,0.004801352335500233,0.018977848435317402,0.1591642837092928,0.9917012877230185,0.25299771741063176,0.004380823815851559,0.1733832887521226,0.17215477199332657,0.9959612641612566,0.02526670157995793,0.1733832887521226,41.26645415933703,0.00010615944367152138,0.00010852533159777522,0.00011462099791970104,1.3844432830810547,0.6168712973594666,0.00011462099791970104,18.520736694335938,19.305017471313477,7.22563362121582,7.628417015075684,6.761476993560791,1.28565514087677,975.0,-0.2868231246742672,0.13034482918861762,-0.3030372503253456,-0.30326730967718013,-0.27988827651793285,-0.04572499027431477,59.0,0.17988192088598598,,,,
gov_report:133,gov_report,disagreement_replication,64,32,physical_delete_median_value_norm_59,median_value_norm,59,7,8,0.006541886929506237,0.039147984497991485,0.22792172707657826,0.9755768370259154,0.167106608766586,0.00656405787993996,0.15851740710995413,0.13111849207152776,0.995417360729718,0.041409066673585335,0.15851740710995413,43.3552738722576,0.00015140160108964747,0.0001590312458574772,0.0002662685583345592,2.3571410179138184,0.3612197935581207,0.0002662685583345592,35.230865478515625,33.708946228027344,193.44956970214844,8.188920974731445,6.475845813751221,2.0231051445007324,975.0,-0.2868231246742672,0.13034482918861762,-0.3030372503253456,-0.30326730967718013,-0.27988827651793285,-0.04572499027431477,59.0,0.17988192088598598,1.3366105374393035e-10,4.232442134615523e-07,1.3365845659349149e-10,4.239525496912217e-07
gov_report:133,gov_report,disagreement_replication,64,32,physical_delete_median_value_norm_59,median_value_norm,59,8,9,0.017757622781521428,0.03915419848164893,0.46510976493699335,0.8853287447004192,0.4535304889421807,0.01841966699993908,0.14442040799381375,0.16340694912423548,0.9872104455938198,0.1275419953163966,0.14442040799381375,44.41906903917551,0.00041467926722403407,0.0002744747616816312,0.0007675399538129568,1.6181106567382812,0.5728450417518616,0.0007675399538129568,19.785648345947266,19.27710723876953,5.870657444000244,8.58480453491211,7.774521827697754,1.7756218910217285,975.0,-0.2868231246742672,0.13034482918861762,-0.3030372503253456,-0.30326730967718013,-0.27988827651793285,-0.04572499027431477,59.0,0.17988192088598598,,,,
gov_report:133,gov_report,disagreement_replication,64,32,physical_delete_median_value_norm_59,median_value_norm,59,9,10,0.003633887429063774,0.02523956359863615,0.23896562867858345,0.9756631015988501,0.14397584232637584,0.0034444395104274318,0.13340690481992384,0.12364875227976194,0.9971367191914139,0.02581904973417101,0.13340690481992384,47.50193194676846,7.251156677769094e-05,6.714077608194202e-05,0.00014044430281501263,2.0695154666900635,0.4280606508255005,0.00014044430281501263,20.370174407958984,18.74248695373535,4.528698921203613,8.340764999389648,7.302751064300537,1.1107972860336304,975.0,-0.2868231246742672,0.13034482918861762,-0.3030372503253456,-0.30326730967718013,-0.27988827651793285,-0.04572499027431477,59.0,0.17988192088598598,,,,
gov_report:133,gov_report,disagreement_replication,64,32,physical_delete_median_value_norm_59,median_value_norm,59,10,11,0.002013209205482723,0.037247446256862674,-0.03165449939518598,1.003166578210305,0.05404959018128117,0.0018167952499445537,0.11769802230258225,0.07033296203589952,0.9990330039044715,0.015436072878725796,0.11769802230258225,48.10568444541392,3.776674775319105e-05,4.619965693564154e-05,4.4203952711541206e-05,1.8992972373962402,0.47722184658050537,4.4203952711541206e-05,18.82398223876953,18.215333938598633,5.16587495803833,9.339546203613281,8.182538032531738,2.3620922565460205,975.0,-0.2868231246742672,0.13034482918861762,-0.3030372503253456,-0.30326730967718013,-0.27988827651793285,-0.04572499027431477,59.0,0.17988192088598598,1.6894489549870515e-11,4.898515169959202e-07,1.6897471846678424e-11,4.911503712775339e-07
gov_report:133,gov_report,disagreement_replication,64,32,physical_delete_median_value_norm_59,median_value_norm,59,11,12,0.02727827539872934,0.041720105356598765,0.6258167473979935,0.7804733843399021,0.6538400410442589,0.02489924177460362,0.11031858848657462,0.22458023527442172,0.9744562476758928,0.2257030489257372,0.11031858848657462,49.969939037272844,0.000498284413675813,0.0004991110763512552,0.0008692893898114562,2.5548298358917236,0.31075337529182434,0.0008692893898114562,20.86556625366211,19.123971939086914,6.353200912475586,8.887514114379883,7.786763668060303,1.2677971124649048,975.0,-0.2868231246742672,0.13034482918861762,-0.3030372503253456,-0.30326730967718013,-0.27988827651793285,-0.04572499027431477,59.0,0.17988192088598598,,,,
gov_report:133,gov_report,disagreement_replication,64,32,physical_delete_median_value_norm_59,median_value_norm,59,12,13,0.008464171836784792,0.01833878883943292,0.43325824922641365,0.9017135997609108,0.4615447569026333,0.007233918311780021,0.10583371582437301,0.08034699551844408,0.9968391277120022,0.06835173701908408,0.10583371582437301,51.52914505048074,0.00014038498610239472,0.00018530606757849455,0.0002830189187079668,2.2160370349884033,0.4204545319080353,0.0002830189187079668,16.72290802001953,17.22637367248535,4.002730369567871,8.927472114562988,8.53189468383789,1.3963221311569214,975.0,-0.2868231246742672,0.13034482918861762,-0.3030372503253456,-0.30326730967718013,-0.27988827651793285,-0.04572499027431477,59.0,0.17988192088598598,,,,
gov_report:133,gov_report,disagreement_replication,64,32,physical_delete_median_value_norm_59,median_value_norm,59,13,14,0.001214801275248844,0.010962836198480853,0.06704674502503567,0.998709182638293,0.11081085708616006,0.0011168189264082313,0.10255136613992241,0.002147784495662263,1.0000359089773891,0.010890336895994434,0.10255136613992241,56.20349195429945,1.9870988217535422e-05,2.787004086712841e-05,3.6763583921128884e-05,2.1870229244232178,0.373378723859787,3.6763583921128884e-05,18.787778854370117,18.8435115814209,3.2178964614868164,8.5932035446167,7.92407751083374,2.1868956089019775,975.0,-0.2868231246742672,0.13034482918861762,-0.3030372503253456,-0.30326730967718013,-0.27988827651793285,-0.04572499027431477,59.0,0.17988192088598598,,,,
gov_report:133,gov_report,disagreement_replication,64,32,physical_delete_median_value_norm_59,median_value_norm,59,14,15,0.007819482398707145,0.018732802240289507,0.45722072147145465,0.8902433127765171,0.41742192643711473,0.006927927484290356,0.10234416667847783,0.015074419808168952,1.0012699032079801,0.06769245096357059,0.10234416667847783,54.486112025408296,0.0001271503366043017,0.00014842957898508757,0.00026473947218619287,1.3898833990097046,0.6315541863441467,0.00026473947218619287,20.081531524658203,19.149309158325195,9.803818702697754,9.476186752319336,9.443585395812988,1.7210760116577148,975.0,-0.2868231246742672,0.13034482918861762,-0.3030372503253456,-0.30326730967718013,-0.27988827651793285,-0.04572499027431477,59.0,0.17988192088598598,1.9406081628567597e-09,3.384920117726619e-07,1.9407477175348116e-09,3.391241003713376e-07
gov_report:133,gov_report,disagreement_replication,64,32,physical_delete_median_value_norm_59,median_value_norm,59,15,16,0.02845816036214999,0.03760843233831272,0.7440596176682444,0.6682327216355288,0.7566962671070684,0.026182668955594224,0.10011378209810495,0.3234726888125479,0.9482628463540002,0.26152911624032865,0.10011378209810495,57.755555108388144,0.0004533359415636813,0.0007054795860312879,0.0009028338827192783,2.190321922302246,0.4472484886646271,0.0009028338827192783,56.248779296875,55.417510986328125,1426.1470947265625,8.091131210327148,7.683040618896484,2.0067007541656494,975.0,-0.2868231246742672,0.13034482918861762,-0.3030372503253456,-0.30326730967718013,-0.27988827651793285,-0.04572499027431477,59.0,0.17988192088598598,,,,
gov_report:133,gov_report,disagreement_replication,64,32,physical_delete_median_value_norm_59,median_value_norm,59,16,17,0.022410807635018508,0.027375956150226075,0.7188613853223446,0.7022765082248619,0.8186310466030402,0.020444539887511874,0.10205611632400494,0.30334931684312294,0.9584325235762127,0.2003264539540689,0.10205611632400494,61.18927367170201,0.0003341196693590888,0.0010409080423414707,0.0007839456084184349,2.6264665126800537,0.3826189935207367,0.0007839456084184349,17.323331832885742,17.411752700805664,4.640710830688477,7.928192138671875,8.499988555908203,3.440253496170044,975.0,-0.2868231246742672,0.13034482918861762,-0.3030372503253456,-0.30326730967718013,-0.27988827651793285,-0.04572499027431477,59.0,0.17988192088598598,,,,
gov_report:133,gov_report,disagreement_replication,64,32,physical_delete_median_value_norm_59,median_value_norm,59,17,18,0.011199152442054633,0.016563244222299194,0.5351594019427852,0.85643523621552,0.6761448597719248,0.009790742020421373,0.10075764010547934,0.13905032318712252,0.9911704533350862,0.09717121213013541,0.10075764010547934,64.1557175794993,0.00015260903298741944,0.00022326661564875394,0.00028870455571450293,2.4062211513519287,0.40556207299232483,0.00028870455571450293,16.952110290527344,16.056903839111328,6.1014790534973145,8.267699241638184,9.296348571777344,3.730862855911255,975.0,-0.2868231246742672,0.13034482918861762,-0.3030372503253456,-0.30326730967718013,-0.27988827651793285,-0.04572499027431477,59.0,0.17988192088598598,,,,
gov_report:133,gov_report,disagreement_replication,64,32,physical_delete_median_value_norm_59,median_value_norm,59,18,19,0.010318966947829763,0.023059226882455663,0.38812655504072285,0.9235165360087252,0.447498391877172,0.01042758595464371,0.09613948062478882,0.028985111789388784,1.0027345679005257,0.10846309847814008,0.09613948062478882,69.19896484563732,0.00015068991245612717,0.00026159468689002097,0.000547918607480824,2.084632158279419,0.43761953711509705,0.000547918607480824,21.554615020751953,21.720813751220703,6.554647445678711,7.587466239929199,9.132110595703125,2.691887378692627,975.0,-0.2868231246742672,0.13034482918861762,-0.3030372503253456,-0.30326730967718013,-0.27988827651793285,-0.04572499027431477,59.0,0.17988192088598598,9.487064922945898e-09,5.526026794153025e-07,9.48498575727401e-09,5.538004334896632e-07
gov_report:133,gov_report,disagreement_replication,64,32,physical_delete_median_value_norm_59,median_value_norm,59,19,20,0.0029804237096986647,0.0203321139248641,0.1313610236702904,0.9914515177273637,0.14658700618699125,0.0028050305039062024,0.0922430248472743,0.06608819220458402,0.9984514740561546,0.030409134008240284,0.0922430248472743,76.16447577205079,3.6828593323497044e-05,3.1932238925946876e-05,7.241288403747603e-05,1.5703001022338867,0.6018748879432678,7.241288403747603e-05,19.273571014404297,18.110525131225586,4.063092231750488,10.13379955291748,10.061067581176758,3.392561197280884,975.0,-0.2868231246742672,0.13034482918861762,-0.3030372503253456,-0.30326730967718013,-0.27988827651793285,-0.04572499027431477,59.0,0.17988192088598598,,,,
gov_report:133,gov_report,disagreement_replication,64,32,physical_delete_median_value_norm_59,median_value_norm,59,20,21,0.04840080549208403,0.0442902330238156,0.9165234110460506,0.43710612686212885,1.0928099083619205,0.046851082662343876,0.101559210608782,0.42285017074425796,0.9070157109865328,0.4613179088484623,0.101559210608782,81.13474799129219,0.0005774478114774225,0.0006303757545538247,0.0008607262279838324,2.12739634513855,0.5063005685806274,0.0008607262279838324,16.901256561279297,17.781784057617188,4.974728107452393,12.664505004882812,11.206721305847168,6.466297626495361,975.0,-0.2868231246742672,0.13034482918861762,-0.3030372503253456,-0.30326730967718013,-0.27988827651793285,-0.04572499027431477,59.0,0.17988192088598598,,,,
gov_report:133,gov_report,disagreement_replication,64,32,physical_delete_median_value_norm_59,median_value_norm,59,21,22,0.029967852493531278,0.030469527703831885,0.7690005546864812,0.674287218817282,0.9835351825871093,0.03364525776612118,0.11498049692471167,0.320498871764388,0.9476591514187525,0.29261708434041495,0.11498049692471167,105.91519472861869,0.00031766223772074226,0.0004864252405241132,0.0007412738632410765,2.498460292816162,0.3824150860309601,0.0007412738632410765,16.34024429321289,16.608867645263672,4.465116024017334,12.609167098999023,11.42073917388916,8.098069190979004,975.0,-0.2868231246742672,0.13034482918861762,-0.3030372503253456,-0.30326730967718013,-0.27988827651793285,-0.04572499027431477,59.0,0.17988192088598598,,,,
gov_report:133,gov_report,disagreement_replication,64,32,physical_delete_median_value_norm_59,median_value_norm,59,22,23,0.1362022531786937,0.13420738537213192,0.9935799562604497,0.11511682745413383,1.0148640687770676,0.14942509537475487,0.1986503984418786,0.7719284130505014,0.6360154735859006,0.7522013373583737,0.1986503984418786,126.65204501737836,0.0011798079956328517,0.0014972276985645294,0.0036387539003044367,1.683468222618103,0.5770376324653625,0.0036387539003044367,18.696794509887695,18.831153869628906,4.743348121643066,11.149467468261719,11.192041397094727,10.957839012145996,975.0,-0.2868231246742672,0.13034482918861762,-0.3030372503253456,-0.30326730967718013,-0.27988827651793285,-0.04572499027431477,59.0,0.17988192088598598,7.747321418330569e-08,5.852599034965062e-07,7.747082390999096e-08,5.865456878318668e-07
gov_report:133,gov_report,disagreement_replication,64,32,physical_delete_median_value_norm_59,median_value_norm,59,23,24,0.03480556427953463,0.036146598842531324,0.9259366498259629,0.3794833572971849,0.9629001176891147,0.03623407812559369,0.2177857614932468,0.21917320217262906,0.9771134893913525,0.16637487169572035,0.2177857614932468,154.7738682362808,0.00023410979216645307,0.0003209083806723356,0.0005137111293151975,1.882380485534668,0.5727493762969971,0.0005137111293151975,17.779281616210938,17.33902931213379,4.533256530761719,13.727523803710938,14.039064407348633,14.270101547241211,975.0,-0.2868231246742672,0.13034482918861762,-0.3030372503253456,-0.30326730967718013,-0.27988827651793285,-0.04572499027431477,59.0,0.17988192088598598,,,,
gov_report:133,gov_report,disagreement_replication,64,32,physical_delete_median_value_norm_59,median_value_norm,59,24,25,0.020186125347350887,0.025167919221942447,0.8240130301922206,0.566996083944454,0.8020577771781696,0.021320619267751067,0.24573059308826833,-0.10855257324815101,1.0130967289712374,0.08676420383721833,0.24573059308826833,195.8046905132729,0.00010888717329427723,0.0001624112919671461,0.00021624742657877505,1.9402841329574585,0.5157549381256104,0.00021624742657877505,18.048940658569336,17.720598220825195,5.87412691116333,17.85223388671875,16.982341766357422,78.85057067871094,975.0,-0.2868231246742672,0.13034482918861762,-0.3030372503253456,-0.30326730967718013,-0.27988827651793285,-0.04572499027431477,59.0,0.17988192088598598,,,,
gov_report:133,gov_report,disagreement_replication,64,32,physical_delete_median_value_norm_59,median_value_norm,59,25,26,0.00450706957394209,0.02416421088566266,0.13999907817403964,0.9912438166058172,0.18651838436885465,0.004678758628102205,0.27125356635982517,0.023546822792625204,0.9997425739057608,0.017248652951886743,0.27125356635982517,233.87617831083227,2.000528083661397e-05,4.1724280890775844e-05,3.854989699902944e-05,1.9057334661483765,0.5208630561828613,3.854989699902944e-05,18.28570556640625,16.607892990112305,7.221128463745117,25.272266387939453,21.942895889282227,60.07572555541992,975.0,-0.2868231246742672,0.13034482918861762,-0.3030372503253456,-0.30326730967718013,-0.27988827651793285,-0.04572499027431477,59.0,0.17988192088598598,,,,
gov_report:133,gov_report,disagreement_replication,64,32,physical_delete_median_value_norm_59,median_value_norm,59,26,27,0.04754807585377193,0.05238842000046202,0.8414471055542626,0.5443747307752606,0.9076066018664545,0.051635075340354754,0.3042689779541186,0.1965653809151399,0.9808586485874324,0.16970206981843847,0.3042689779541186,294.8433138646447,0.000175127170643792,0.0002921721898019314,0.000298858096357435,2.7224080562591553,0.4566185772418976,0.000298858096357435,16.34250259399414,15.979045867919922,4.7563276290893555,32.736785888671875,27.54852867126465,172.9398956298828,975.0,-0.2868231246742672,0.13034482918861762,-0.3030372503253456,-0.30326730967718013,-0.27988827651793285,-0.04572499027431477,59.0,0.17988192088598598,4.443886893663984e-09,5.910283837707382e-07,4.444432672197443e-09,5.923845924353559e-07
gov_report:133,gov_report,disagreement_replication,64,32,physical_delete_median_value_norm_59,median_value_norm,59,27,28,0.12080789578387258,0.11463040585423293,0.9824644414733178,0.19966297386021575,1.0538905003747008,0.11234290624893611,0.3665679108424447,0.37897790317211455,0.928241785945919,0.3064722877426727,0.3665679108424447,243.3006729704236,0.00046174515210894166,0.0008489840547554195,0.0006061344174668193,3.6669301986694336,0.1295222043991089,0.0006061344174668193,13.935835838317871,15.111278533935547,3.218667984008789,26.240886688232422,27.168188095092773,157.20811462402344,975.0,-0.2868231246742672,0.13034482918861762,-0.3030372503253456,-0.30326730967718013,-0.27988827651793285,-0.04572499027431477,59.0,0.17988192088598598,,,,
gov_report:133,gov_report,disagreement_replication,64,32,physical_delete_median_attention_28,median_attention,28,0,1,0.00294557834895211,0.002946814980763579,0.9999246492709988,0.01228064829196334,0.9995803496929595,0.00435646806229996,0.0043551906474978185,0.9999080586780128,0.013565493292091191,1.0002933085840628,0.0043551906474978185,17.57985159024327,0.0002478102866760137,0.00011363809608155861,0.0002845882554538548,1.408133864402771,0.6023979783058167,0.0002845882554538548,778.6818237304688,778.7726440429688,1833.08740234375,4.362148284912109,4.137584686279297,0.7274547815322876,1006.0,-0.2298432075054251,-0.47619296719327114,-0.25192635501121624,-0.23387008891993463,-0.19074203398418005,-0.3103935380955449,28.0,0.26200559499692466,3.409058967095923e-10,3.3770769568415595e-10,3.4093475036498687e-10,3.377349036923338e-10
gov_report:133,gov_report,disagreement_replication,64,32,physical_delete_median_attention_28,median_attention,28,1,2,0.020815178074156133,0.02078651565175813,0.9994708745568346,0.03258237951088386,1.001378894995111,0.019614994744170618,0.020348194441657586,0.977675031410211,0.21056930908849203,0.9639673338295838,0.020348194441657586,22.12266394219767,0.0008866470509799762,0.000898729485925287,0.0016926571261137724,2.7389423847198486,0.28194311261177063,0.0016926571261137724,90.77859497070312,91.03287506103516,3921.940673828125,3.750706195831299,4.110064506530762,0.6280108690261841,1006.0,-0.2298432075054251,-0.47619296719327114,-0.25192635501121624,-0.23387008891993463,-0.19074203398418005,-0.3103935380955449,28.0,0.26200559499692466,,,,
gov_report:133,gov_report,disagreement_replication,64,32,physical_delete_median_attention_28,median_attention,28,2,3,0.01416195248386166,0.014461037600435085,0.9771652565490677,0.21249163541442875,0.9793178660593188,0.013028298916226104,0.02361750053966192,0.6056708326899778,0.7975477688783398,0.5516374984028095,0.02361750053966192,28.69792652362762,0.00045398049596020903,0.00041451945435255766,0.0005930211627855897,2.153494119644165,0.42392846941947937,0.0005930211627855897,23.46253204345703,26.32522964477539,53.67123031616211,4.883636474609375,5.9282660484313965,1.359554409980774,1006.0,-0.2298432075054251,-0.47619296719327114,-0.25192635501121624,-0.23387008891993463,-0.19074203398418005,-0.3103935380955449,28.0,0.26200559499692466,,,,
gov_report:133,gov_report,disagreement_replication,64,32,physical_delete_median_attention_28,median_attention,28,3,4,0.03376494776971923,0.03408954339327514,0.9859153676274749,0.16730722288923808,0.9904781469258416,0.030000159488352347,0.04003890950677334,0.8444556906884925,0.5440164738983736,0.7492751390563533,0.04003890950677334,33.30044986585014,0.0009008935197334296,0.0006475248956121504,0.0016460077604278922,1.6540437936782837,0.5435096621513367,0.0016460077604278922,19.185157775878906,20.42902183532715,7.888287544250488,6.0459699630737305,6.212401390075684,1.3090465068817139,1006.0,-0.2298432075054251,-0.47619296719327114,-0.25192635501121624,-0.23387008891993463,-0.19074203398418005,-0.3103935380955449,28.0,0.26200559499692466,,,,
gov_report:133,gov_report,disagreement_replication,64,32,physical_delete_median_attention_28,median_attention,28,4,5,0.055036401597248485,0.055963202501995095,0.9843535745445708,0.1762069140014004,0.9834391017077058,0.05303540119430906,0.06909611574560316,0.8350953184972262,0.5542353782262868,0.7675598059603501,0.06909611574560316,37.46877286626743,0.0014154560487903256,0.0011414490872994065,0.0013326660264283419,1.810288429260254,0.5502092242240906,0.0013326660264283419,15.895808219909668,17.635759353637695,4.444323539733887,6.959556579589844,7.052425861358643,1.9877657890319824,1006.0,-0.2298432075054251,-0.47619296719327114,-0.25192635501121624,-0.23387008891993463,-0.19074203398418005,-0.3103935380955449,28.0,0.26200559499692466,2.998182498318826e-08,5.202581856784998e-08,2.9962239379155254e-08,5.1987795251701054e-08
gov_report:133,gov_report,disagreement_replication,64,32,physical_delete_median_attention_28,median_attention,28,5,6,0.03592564728291134,0.04322416102706377,0.8085547012394371,0.5888545858601936,0.8311473590063982,0.025803969730628068,0.059217781528458475,0.4715439096624366,0.8825688421366089,0.43574698451388916,0.059217781528458475,37.298303471347644,0.0006918269017369795,0.00045599229633808136,0.0007392449770122766,1.6648861169815063,0.6065973043441772,0.0007392449770122766,15.943890571594238,16.914878845214844,4.090210437774658,7.589417457580566,7.949375629425049,1.875753402709961,1006.0,-0.2298432075054251,-0.47619296719327114,-0.25192635501121624,-0.23387008891993463,-0.19074203398418005,-0.3103935380955449,28.0,0.26200559499692466,,,,
gov_report:133,gov_report,disagreement_replication,64,32,physical_delete_median_attention_28,median_attention,28,6,7,0.0041214915091284925,0.007574545715844534,0.47313606979410006,0.8838447456279921,0.5441239202645648,0.004730710450776118,0.04963730424052728,0.1674168855471797,0.9885199196409332,0.09530554737325246,0.04963730424052728,41.26645415933703,0.00011463816184715105,8.304758375743404e-05,0.0001356299180770293,1.3844432830810547,0.6168712973594666,0.0001356299180770293,20.067949295043945,19.305017471313477,7.22563362121582,7.429495811462402,6.761476993560791,1.28565514087677,1006.0,-0.2298432075054251,-0.47619296719327114,-0.25192635501121624,-0.23387008891993463,-0.19074203398418005,-0.3103935380955449,28.0,0.26200559499692466,,,,
gov_report:133,gov_report,disagreement_replication,64,32,physical_delete_median_attention_28,median_attention,28,7,8,0.02629961977750268,0.02949152679305636,0.9063316423681315,0.42281796799023147,0.8917686751875729,0.026215760294150913,0.05302124126952844,0.5693475023982666,0.8255027142842146,0.4944388261467812,0.05302124126952844,43.3552738722576,0.0006046729256374504,0.0008944201399572194,0.0016276908572763205,2.3571410179138184,0.3612197935581207,0.0016276908572763205,33.07554244995117,33.708946228027344,193.44956970214844,5.964390754699707,6.475845813751221,2.0231051445007324,1006.0,-0.2298432075054251,-0.47619296719327114,-0.25192635501121624,-0.23387008891993463,-0.19074203398418005,-0.3103935380955449,28.0,0.26200559499692466,4.324632392653659e-09,9.815382171334685e-08,4.32400731442065e-09,9.80800739914696e-08
gov_report:133,gov_report,disagreement_replication,64,32,physical_delete_median_attention_28,median_attention,28,8,9,0.018017022397184813,0.023654762066214096,0.7924239989795483,0.6107456712276361,0.7616657629762583,0.018047711994128923,0.05497581477812378,0.45841657422062254,0.8982141068142322,0.3282845750802869,0.05497581477812378,44.41906903917551,0.00040630549861843564,0.00042503487202338874,0.0006405311287380755,1.6181106567382812,0.5728450417518616,0.0006405311287380755,18.203937530517578,19.27710723876953,5.870657444000244,7.81198787689209,7.774521827697754,1.7756218910217285,1006.0,-0.2298432075054251,-0.47619296719327114,-0.25192635501121624,-0.23387008891993463,-0.19074203398418005,-0.3103935380955449,28.0,0.26200559499692466,,,,
gov_report:133,gov_report,disagreement_replication,64,32,physical_delete_median_attention_28,median_attention,28,9,10,0.004465996587680195,0.011175462594667335,0.2731782884912922,0.9702383452990117,0.39962521012877467,0.004203479035285176,0.052864570233169206,0.1624257798130792,0.9901980669164336,0.07951410588878213,0.052864570233169206,47.50193194676846,8.849069633621791e-05,0.00013471153215505183,0.0001563863770570606,2.0695154666900635,0.4280606508255005,0.0001563863770570606,18.107200622558594,18.74248695373535,4.528698921203613,6.743237495422363,7.302751064300537,1.1107972860336304,1006.0,-0.2298432075054251,-0.47619296719327114,-0.25192635501121624,-0.23387008891993463,-0.19074203398418005,-0.3103935380955449,28.0,0.26200559499692466,,,,
gov_report:133,gov_report,disagreement_replication,64,32,physical_delete_median_attention_28,median_attention,28,10,11,0.006942195349015577,0.014930458955305145,0.41983791395217307,0.9087204792304624,0.46496865031391754,0.0068258676149024235,0.04925919037917654,0.26318501553080975,0.9727602173140397,0.1385704385792735,0.04925919037917654,48.10568444541392,0.00014189316072714473,0.00019600638188421726,0.0001853374851634726,1.8992972373962402,0.47722184658050537,0.0001853374851634726,17.122207641601562,18.215333938598633,5.16587495803833,6.979929447174072,8.182538032531738,2.3620922565460205,1006.0,-0.2298432075054251,-0.47619296719327114,-0.25192635501121624,-0.23387008891993463,-0.19074203398418005,-0.3103935380955449,28.0,0.26200559499692466,4.420289329006945e-10,1.6211425822168838e-07,4.420500530080407e-10,1.619166880563853e-07
gov_report:133,gov_report,disagreement_replication,64,32,physical_delete_median_attention_28,median_attention,28,11,12,0.03244172522319227,0.03739894006243755,0.9121868743069742,0.41220924198490166,0.8674503921509752,0.029392450541842526,0.05774678638312921,0.5597460678763475,0.8302172423885797,0.5089885062492338,0.05774678638312921,49.969939037272844,0.0005882026495953605,0.0008725013467483222,0.0009458284475840628,2.5548298358917236,0.31075337529182434,0.0009458284475840628,17.07849884033203,19.123971939086914,6.353200912475586,6.709465026855469,7.786763668060303,1.2677971124649048,1006.0,-0.2298432075054251,-0.47619296719327114,-0.25192635501121624,-0.23387008891993463,-0.19074203398418005,-0.3103935380955449,28.0,0.26200559499692466,,,,
gov_report:133,gov_report,disagreement_replication,64,32,physical_delete_median_attention_28,median_attention,28,12,13,0.0025198106830750947,0.009747015265405917,0.280399596691682,0.96013266152251,0.2585212615823431,0.0023678623691320948,0.054453711022317365,0.16978772578336174,0.9935415302409704,0.04348394856250748,0.054453711022317365,51.52914505048074,4.5951904826140785e-05,6.822981231380254e-05,7.327338971663266e-05,2.2160370349884033,0.4204545319080353,7.327338971663266e-05,17.845367431640625,17.22637367248535,4.002730369567871,8.188148498535156,8.53189468383789,1.3963221311569214,1006.0,-0.2298432075054251,-0.47619296719327114,-0.25192635501121624,-0.23387008891993463,-0.19074203398418005,-0.3103935380955449,28.0,0.26200559499692466,,,,
gov_report:133,gov_report,disagreement_replication,64,32,physical_delete_median_attention_28,median_attention,28,13,14,0.0019900631248468865,0.01040210975638747,0.24026947083545078,0.9719399554173248,0.19131341347603817,0.0020371820208751616,0.05467018269079943,0.020159153765120848,0.9999430756085735,0.0372631281003201,0.05467018269079943,56.20349195429945,3.624653824946764e-05,3.4915290598291904e-05,5.429771408671513e-05,2.1870229244232178,0.373378723859787,5.429771408671513e-05,18.45850372314453,18.8435115814209,3.2178964614868164,7.482243537902832,7.92407751083374,2.1868956089019775,1006.0,-0.2298432075054251,-0.47619296719327114,-0.25192635501121624,-0.23387008891993463,-0.19074203398418005,-0.3103935380955449,28.0,0.26200559499692466,,,,
gov_report:133,gov_report,disagreement_replication,64,32,physical_delete_median_attention_28,median_attention,28,14,15,0.0006436121958123503,0.008102834072699764,0.24240861325774613,0.9837682289298363,0.07943050419615795,0.0006218188081724815,0.05359431456102512,0.12154878862786007,0.9986561551513846,0.011602327845138276,0.05359431456102512,54.486112025408296,1.141242759040159e-05,1.807292392186355e-05,2.1847356038051657e-05,1.3898833990097046,0.6315541863441467,2.1847356038051657e-05,16.05728530883789,19.149309158325195,9.803818702697754,7.926016807556152,9.443585395812988,1.7210760116577148,1006.0,-0.2298432075054251,-0.47619296719327114,-0.25192635501121624,-0.23387008891993463,-0.19074203398418005,-0.3103935380955449,28.0,0.26200559499692466,8.421562658629811e-12,1.8779779753208797e-07,8.421366207152276e-12,1.8754929900583408e-07
gov_report:133,gov_report,disagreement_replication,64,32,physical_delete_median_attention_28,median_attention,28,15,16,0.003546744926086267,0.015975149344995204,0.19498014630612862,0.9811797494915835,0.2220163861690228,0.003510679472568764,0.04919437694464095,0.08115933601905194,0.9967492773776369,0.071363429940771,0.04919437694464095,57.755555108388144,6.0785139472391456e-05,6.960711471037939e-05,0.00011553637887118384,2.190321922302246,0.4472484886646271,0.00011553637887118384,54.452354431152344,55.417510986328125,1426.1470947265625,7.920475482940674,7.683040618896484,2.0067007541656494,1006.0,-0.2298432075054251,-0.47619296719327114,-0.25192635501121624,-0.23387008891993463,-0.19074203398418005,-0.3103935380955449,28.0,0.26200559499692466,,,,
gov_report:133,gov_report,disagreement_replication,64,32,physical_delete_median_attention_28,median_attention,28,16,17,0.01144690950254317,0.014787090831620319,0.8151159606605657,0.5807469721501484,0.7741150462175701,0.01075735154095176,0.05007605307431897,0.2330921409159873,0.9726262976558768,0.21482027597076267,0.05007605307431897,61.18927367170201,0.0001758045306873233,0.00018470505892764777,0.00040526792872697115,2.6264665126800537,0.3826189935207367,0.00040526792872697115,15.996210098266602,17.411752700805664,4.640710830688477,8.06494140625,8.499988555908203,3.440253496170044,1006.0,-0.2298432075054251,-0.47619296719327114,-0.25192635501121624,-0.23387008891993463,-0.19074203398418005,-0.3103935380955449,28.0,0.26200559499692466,,,,
gov_report:133,gov_report,disagreement_replication,64,32,physical_delete_median_attention_28,median_attention,28,17,18,0.007442179497837501,0.010290920008457528,0.7832729019749847,0.6245757053602841,0.7231792193235583,0.006894044161149358,0.04914755585507777,0.08813628659340213,0.9974718874356504,0.14027237044051474,0.04914755585507777,64.1557175794993,0.0001074579853713977,0.00018230256682727486,0.00019336423429194838,2.4062211513519287,0.40556207299232483,0.00019336423429194838,15.560413360595703,16.056903839111328,6.1014790534973145,8.123639106750488,9.296348571777344,3.730862855911255,1006.0,-0.2298432075054251,-0.47619296719327114,-0.25192635501121624,-0.23387008891993463,-0.19074203398418005,-0.3103935380955449,28.0,0.26200559499692466,,,,
gov_report:133,gov_report,disagreement_replication,64,32,physical_delete_median_attention_28,median_attention,28,18,19,0.004602043418953338,0.009352317315070479,0.4935939039334677,0.8696938337481261,0.4920752006069693,0.004497722819763903,0.04914439385766565,0.14831071904116966,0.9905700641142134,0.09152056759089192,0.04914439385766565,69.19896484563732,6.499696678696002e-05,0.00010373600525781512,0.00016046629752963781,2.084632158279419,0.43761953711509705,0.00016046629752963781,21.007354736328125,21.720813751220703,6.554647445678711,7.851445198059082,9.132110595703125,2.691887378692627,1006.0,-0.2298432075054251,-0.47619296719327114,-0.25192635501121624,-0.23387008891993463,-0.19074203398418005,-0.3103935380955449,28.0,0.26200559499692466,3.4923668752955713e-10,2.563984393650574e-07,3.492174601245184e-10,2.5598372545185995e-07
gov_report:133,gov_report,disagreement_replication,64,32,physical_delete_median_attention_28,median_attention,28,19,20,0.0032306197602891456,0.010548311339027092,0.27384023686980385,0.9623217461788149,0.30626890470480905,0.0029879040663958853,0.049074743611483576,0.1155423107524811,0.9948052181724016,0.06088476162097993,0.049074743611483576,76.16447577205079,3.922962819751098e-05,5.5519001762149855e-05,9.493774268776178e-05,1.5703001022338867,0.6018748879432678,9.493774268776178e-05,16.74988555908203,18.110525131225586,4.063092231750488,8.828043937683105,10.061067581176758,3.392561197280884,1006.0,-0.2298432075054251,-0.47619296719327114,-0.25192635501121624,-0.23387008891993463,-0.19074203398418005,-0.3103935380955449,28.0,0.26200559499692466,,,,
gov_report:133,gov_report,disagreement_replication,64,32,physical_delete_median_attention_28,median_attention,28,20,21,0.013865090315668318,0.015505001172763575,0.8682339222833007,0.4968358183337687,0.8942334257945133,0.013916028041616577,0.052809559962341025,0.2638532471288401,0.9645628955430269,0.2635134254392618,0.052809559962341025,81.13474799129219,0.00017151748647953056,0.00016144516121130437,0.0002263618807774037,2.12739634513855,0.5063005685806274,0.0002263618807774037,15.770537376403809,17.781784057617188,4.974728107452393,11.663961410522461,11.206721305847168,6.466297626495361,1006.0,-0.2298432075054251,-0.47619296719327114,-0.25192635501121624,-0.23387008891993463,-0.19074203398418005,-0.3103935380955449,28.0,0.26200559499692466,,,,
gov_report:133,gov_report,disagreement_replication,64,32,physical_delete_median_attention_28,median_attention,28,21,22,0.005729710695749482,0.011021073534577196,0.5219885396517124,0.8529550877773836,0.5198868039282429,0.006752909950776113,0.05759355068506481,0.19368368525614732,0.9840368706383522,0.11725114827010102,0.05759355068506481,105.91519472861869,6.375770698509088e-05,9.319144737673923e-05,7.937018381198868e-05,2.498460292816162,0.3824150860309601,7.937018381198868e-05,15.702564239501953,16.608867645263672,4.465116024017334,11.462299346923828,11.42073917388916,8.098069190979004,1006.0,-0.2298432075054251,-0.47619296719327114,-0.25192635501121624,-0.23387008891993463,-0.19074203398418005,-0.3103935380955449,28.0,0.26200559499692466,,,,
gov_report:133,gov_report,disagreement_replication,64,32,physical_delete_median_attention_28,median_attention,28,22,23,0.003639977706795355,0.0061859099560123655,0.3990240552092588,0.9362983399139785,0.5884304383153033,0.0037208478026305404,0.06491469479966366,0.10589905118266875,0.9955628602565901,0.057319037147345854,0.06491469479966366,126.65204501737836,2.9378505511853286e-05,6.684556865366176e-05,4.1492348827887326e-05,1.683468222618103,0.5770376324653625,4.1492348827887326e-05,18.304738998413086,18.831153869628906,4.743348121643066,11.386817932128906,11.192041397094727,10.957839012145996,1006.0,-0.2298432075054251,-0.47619296719327114,-0.25192635501121624,-0.23387008891993463,-0.19074203398418005,-0.3103935380955449,28.0,0.26200559499692466,1.491853897078083e-10,2.608022254311186e-07,1.4918928537542608e-10,2.6042579737651447e-07
gov_report:133,gov_report,disagreement_replication,64,32,physical_delete_median_attention_28,median_attention,28,23,24,0.13584952909268486,0.13537953325510324,0.9990312560116742,0.0442297068728517,1.0034716904858578,0.13972933502170115,0.1592083085039983,0.8929255994573531,0.45046330203761564,0.8776510242126718,0.1592083085039983,154.7738682362808,0.0009027966840525535,0.0010094951139762998,0.0015527347568422556,1.882380485534668,0.5727493762969971,0.0015527347568422556,15.806079864501953,17.33902931213379,4.533256530761719,16.117908477783203,14.039064407348633,14.270101547241211,1006.0,-0.2298432075054251,-0.47619296719327114,-0.25192635501121624,-0.23387008891993463,-0.19074203398418005,-0.3103935380955449,28.0,0.26200559499692466,,,,
gov_report:133,gov_report,disagreement_replication,64,32,physical_delete_median_attention_28,median_attention,28,24,25,0.1488036567524389,0.15001994950524056,0.9943242109671359,0.10642028423999045,0.9918924599240772,0.15765892767238376,0.2600804616179239,0.7615982046296967,0.6664225276136478,0.6061928938898746,0.2600804616179239,195.8046905132729,0.0008051846319876419,0.000670761102810502,0.0010853095445781946,1.9402841329574585,0.5157549381256104,0.0010853095445781946,16.595989227294922,17.720598220825195,5.87412691116333,20.69602394104004,16.982341766357422,78.85057067871094,1006.0,-0.2298432075054251,-0.47619296719327114,-0.25192635501121624,-0.23387008891993463,-0.19074203398418005,-0.3103935380955449,28.0,0.26200559499692466,,,,
gov_report:133,gov_report,disagreement_replication,64,32,physical_delete_median_attention_28,median_attention,28,25,26,0.04739739016281264,0.05705890751112828,0.7829014088463688,0.6239772994064146,0.8306746874459289,0.05169920573811844,0.2991155776512401,0.4900230159957874,0.9276218855036861,0.1728402316725817,0.2991155776512401,233.87617831083227,0.0002210537478058488,0.00020141707500442863,0.0003552893176674843,1.9057334661483765,0.5208630561828613,0.0003552893176674843,16.95607566833496,16.607892990112305,7.221128463745117,28.532772064208984,21.942895889282227,60.07572555541992,1006.0,-0.2298432075054251,-0.47619296719327114,-0.25192635501121624,-0.23387008891993463,-0.19074203398418005,-0.3103935380955449,28.0,0.26200559499692466,,,,
gov_report:133,gov_report,disagreement_replication,64,32,physical_delete_median_attention_28,median_attention,28,26,27,0.47747787772992395,0.47852235381982106,0.9974948687658352,0.07073959810830784,0.9978172888234802,0.5184715900726475,0.6743020562939952,0.8759142861936229,0.49419225624467844,0.7689010959305073,0.6743020562939952,294.8433138646447,0.0017584648038200556,0.0010381314205005765,0.002234263811260462,2.7224080562591553,0.4566185772418976,0.002234263811260462,14.9302396774292,15.979045867919922,4.7563276290893555,39.032386779785156,27.54852867126465,172.9398956298828,1006.0,-0.2298432075054251,-0.47619296719327114,-0.25192635501121624,-0.23387008891993463,-0.19074203398418005,-0.3103935380955449,28.0,0.26200559499692466,2.6502684507211625e-07,7.444378277499987e-07,2.6512635199915196e-07,7.436902003417788e-07
gov_report:133,gov_report,disagreement_replication,64,32,physical_delete_median_attention_28,median_attention,28,27,28,0.053347338105657595,0.06857554148382158,0.797590025875645,0.6035200549856561,0.7779353534998095,0.056385456227662306,0.757198331132559,0.19459518814374338,0.9882124054560036,0.07446590134889136,0.757198331132559,243.3006729704236,0.00023175215892031956,0.00044676149263978004,0.0003085903881583363,3.6669301986694336,0.1295222043991089,0.0003085903881583363,14.579404830932617,15.111278533935547,3.218667984008789,38.29285430908203,27.168188095092773,157.20811462402344,1006.0,-0.2298432075054251,-0.47619296719327114,-0.25192635501121624,-0.23387008891993463,-0.19074203398418005,-0.3103935380955449,28.0,0.26200559499692466,,,,
gov_report:133,gov_report,disagreement_replication,64,32,physical_delete_low_v_ridge_52,low_v_ridge,52,0,1,0.00036582742049940824,0.00036751564913766436,0.9951662538731575,0.09820481052776067,0.9954063761850213,0.0004723344646954878,0.00047577394308893255,0.9922519684299927,0.1242429084647061,0.9927707718268173,0.00047577394308893255,17.57985159024327,2.6867943808901725e-05,2.2551255824510008e-05,6.578284228453413e-05,1.408133864402771,0.6023979783058167,6.578284228453413e-05,779.2032470703125,778.7726440429688,1833.08740234375,3.8076419830322266,4.137584686279297,0.7274547815322876,982.0,-0.057227918172408146,-1.0816981554611647,-0.14720066112564173,-0.14822455088320258,-1.6011990487869714,-0.5887079132224071,52.0,0.6003983673278444,4.200349872453458e-12,3.2296116941208172e-12,4.202994283148337e-12,3.2319708105379644e-12
gov_report:133,gov_report,disagreement_replication,64,32,physical_delete_low_v_ridge_52,low_v_ridge,52,1,2,0.024120591077956676,0.024135997135183544,0.9999928686529674,0.0038289711028787437,0.9993616979178204,0.026117104304196753,0.02607992951041365,0.9998476740872853,0.017524779520192203,1.0014254177247013,0.02607992951041365,22.12266394219767,0.0011805587415889788,0.0006599270855076611,0.0015448115300387144,2.7389423847198486,0.28194311261177063,0.0015448115300387144,91.44554138183594,91.03287506103516,3921.940673828125,4.532153129577637,4.110064506530762,0.6280108690261841,982.0,-0.057227918172408146,-1.0816981554611647,-0.14720066112564173,-0.14822455088320258,-1.6011990487869714,-0.5887079132224071,52.0,0.6003983673278444,,,,
gov_report:133,gov_report,disagreement_replication,64,32,physical_delete_low_v_ridge_52,low_v_ridge,52,2,3,0.01335278293800518,0.015650494925997887,0.8163188181924687,0.5787769648965542,0.8531859855642103,0.012195182911035878,0.02983764696711757,0.536301332937232,0.8536148963412651,0.408717983843549,0.02983764696711757,28.69792652362762,0.00042494996636761623,0.00021457328693941236,0.0005873576155863702,2.153494119644165,0.42392846941947937,0.0005873576155863702,25.664691925048828,26.32522964477539,53.67123031616211,6.027780532836914,5.9282660484313965,1.359554409980774,982.0,-0.057227918172408146,-1.0816981554611647,-0.14720066112564173,-0.14822455088320258,-1.6011990487869714,-0.5887079132224071,52.0,0.6003983673278444,,,,
gov_report:133,gov_report,disagreement_replication,64,32,physical_delete_low_v_ridge_52,low_v_ridge,52,3,4,0.005610355305786783,0.011597137576938601,0.5335278585575508,0.8472448285275859,0.4837706950155711,0.004907808631689694,0.02889789695774717,0.19207450918762511,0.9816323547110438,0.16983272654289022,0.02889789695774717,33.30044986585014,0.00014737964956811856,9.983530617319047e-05,0.00023901561507955194,1.6540437936782837,0.5435096621513367,0.00023901561507955194,19.730911254882812,20.42902183532715,7.888287544250488,5.883543014526367,6.212401390075684,1.3090465068817139,982.0,-0.057227918172408146,-1.0816981554611647,-0.14720066112564173,-0.14822455088320258,-1.6011990487869714,-0.5887079132224071,52.0,0.6003983673278444,,,,
gov_report:133,gov_report,disagreement_replication,64,32,physical_delete_low_v_ridge_52,low_v_ridge,52,4,5,0.021236084375154462,0.022536104256490046,0.9253640643539305,0.3794583579983136,0.9423139036570086,0.01930803665141282,0.03372395887837442,0.5752365877989047,0.817991555147092,0.5725317339238648,0.03372395887837442,37.46877286626743,0.0005153100882253754,0.0006753000780008733,0.0013046551030129194,1.810288429260254,0.5502092242240906,0.0013046551030129194,16.741741180419922,17.635759353637695,4.444323539733887,5.522882461547852,7.052425861358643,1.9877657890319824,982.0,-0.057227918172408146,-1.0816981554611647,-0.14720066112564173,-0.14822455088320258,-1.6011990487869714,-0.5887079132224071,52.0,0.6003983673278444,9.819658091726728e-10,1.0343381706891618e-08,9.819901568211055e-10,1.0347083276384007e-08
gov_report:133,gov_report,disagreement_replication,64,32,physical_delete_low_v_ridge_52,low_v_ridge,52,5,6,0.02932767138481357,0.03274469968336722,0.9445102849892815,0.332096377287059,0.895646369287383,0.019614894288480178,0.0344163494463871,0.611592074533921,0.7922694623405259,0.5699295423251021,0.0344163494463871,37.298303471347644,0.0005258923989276947,0.0006110197864472866,0.0010528689017519355,1.6648861169815063,0.6065973043441772,0.0010528689017519355,16.80956268310547,16.914878845214844,4.090210437774658,6.942739486694336,7.949375629425049,1.875753402709961,982.0,-0.057227918172408146,-1.0816981554611647,-0.14720066112564173,-0.14822455088320258,-1.6011990487869714,-0.5887079132224071,52.0,0.6003983673278444,,,,
gov_report:133,gov_report,disagreement_replication,64,32,physical_delete_low_v_ridge_52,low_v_ridge,52,6,7,0.012291843930715718,0.012487914077127849,0.9478114132918151,0.32091257994565653,0.984299207601753,0.01157615060614522,0.03315956926423142,0.33629903502179936,0.9418423093598837,0.34910437207132805,0.03315956926423142,41.26645415933703,0.0002805220570065862,0.00027628851239569485,0.0005397368222475052,1.3844432830810547,0.6168712973594666,0.0005397368222475052,18.33529281616211,19.305017471313477,7.22563362121582,5.605196952819824,6.761476993560791,1.28565514087677,982.0,-0.057227918172408146,-1.0816981554611647,-0.14720066112564173,-0.14822455088320258,-1.6011990487869714,-0.5887079132224071,52.0,0.6003983673278444,,,,
gov_report:133,gov_report,disagreement_replication,64,32,physical_delete_low_v_ridge_52,low_v_ridge,52,7,8,0.008396186423143043,0.010531210445010078,0.7142242675001085,0.7048260700416528,0.7972669872076616,0.008060985839880389,0.0314558957239852,0.28651661992899685,0.9585528159851925,0.25626311552571257,0.0314558957239852,43.3552738722576,0.0001859286107529007,0.00028979821945540607,0.0003497367142699659,2.3571410179138184,0.3612197935581207,0.0003497367142699659,33.672733306884766,33.708946228027344,193.44956970214844,5.665963172912598,6.475845813751221,2.0231051445007324,982.0,-0.057227918172408146,-1.0816981554611647,-0.14720066112564173,-0.14822455088320258,-1.6011990487869714,-0.5887079132224071,52.0,0.6003983673278444,2.286257077099881e-10,2.31804876171068e-08,2.2862040792441395e-10,2.3192886421143294e-08
gov_report:133,gov_report,disagreement_replication,64,32,physical_delete_low_v_ridge_52,low_v_ridge,52,8,9,0.0125311763837311,0.013745364805395092,0.8482479113292813,0.533382869402939,0.9116656095451596,0.011451694298861557,0.03061408236107809,0.41022646958070264,0.9127002830933724,0.374066227554837,0.03061408236107809,44.41906903917551,0.00025781031765347685,0.00027306689298711717,0.0005117619875818491,1.6181106567382812,0.5728450417518616,0.0005117619875818491,19.996158599853516,19.27710723876953,5.870657444000244,6.504462242126465,7.774521827697754,1.7756218910217285,982.0,-0.057227918172408146,-1.0816981554611647,-0.14720066112564173,-0.14822455088320258,-1.6011990487869714,-0.5887079132224071,52.0,0.6003983673278444,,,,
gov_report:133,gov_report,disagreement_replication,64,32,physical_delete_low_v_ridge_52,low_v_ridge,52,9,10,0.010521076540341658,0.01168555210735185,0.8241597006548137,0.5714591982155237,0.9003491186113856,0.011691486314181248,0.03132718438150057,0.3694694118376888,0.9292504044502543,0.3732057810176309,0.03132718438150057,47.50193194676846,0.0002461265433852868,0.0003030004445463419,0.000654624542221427,2.0695154666900635,0.4280606508255005,0.000654624542221427,18.044692993164062,18.74248695373535,4.528698921203613,6.428243637084961,7.302751064300537,1.1107972860336304,982.0,-0.057227918172408146,-1.0816981554611647,-0.14720066112564173,-0.14822455088320258,-1.6011990487869714,-0.5887079132224071,52.0,0.6003983673278444,,,,
gov_report:133,gov_report,disagreement_replication,64,32,physical_delete_low_v_ridge_52,low_v_ridge,52,10,11,0.006199930238813082,0.010267665565360398,0.4648171533684245,0.8962531678621589,0.6038305590834135,0.005638401925437981,0.029317675478620003,0.325217101324224,0.9549320581050331,0.19232090653127673,0.029317675478620003,48.10568444541392,0.00011720864156575802,0.00018025218741968274,0.00015893310774117708,1.8992972373962402,0.47722184658050537,0.00015893310774117708,17.341819763183594,18.215333938598633,5.16587495803833,7.091130256652832,8.182538032531738,2.3620922565460205,982.0,-0.057227918172408146,-1.0816981554611647,-0.14720066112564173,-0.14822455088320258,-1.6011990487869714,-0.5887079132224071,52.0,0.6003983673278444,5.261790942707718e-10,2.3114389843904258e-08,5.262138418157222e-10,2.3124148804758886e-08
gov_report:133,gov_report,disagreement_replication,64,32,physical_delete_low_v_ridge_52,low_v_ridge,52,11,12,0.036520714366354234,0.035559793167597,0.9580102298564911,0.29492222513671074,1.0270226880743742,0.034712214036471525,0.042969736745198835,0.7543845715275225,0.658604783935594,0.8078293391069017,0.042969736745198835,49.969939037272844,0.0006946619248540507,0.001005510101094842,0.0014788454864174128,2.5548298358917236,0.31075337529182434,0.0014788454864174128,17.979467391967773,19.123971939086914,6.353200912475586,7.219115257263184,7.786763668060303,1.2677971124649048,982.0,-0.057227918172408146,-1.0816981554611647,-0.14720066112564173,-0.14822455088320258,-1.6011990487869714,-0.5887079132224071,52.0,0.6003983673278444,,,,
gov_report:133,gov_report,disagreement_replication,64,32,physical_delete_low_v_ridge_52,low_v_ridge,52,12,13,0.013432043042056231,0.016666610731694887,0.7878737768862418,0.6161012649904135,0.8059252872878659,0.01127244531293964,0.04269122459715256,0.32715622632333263,0.9470753452067262,0.2640459583745811,0.04269122459715256,51.52914505048074,0.00021875863265141584,0.0003566442464943975,0.0004941487568430603,2.2160370349884033,0.4204545319080353,0.0004941487568430603,15.617837905883789,17.22637367248535,4.002730369567871,7.269550323486328,8.53189468383789,1.3963221311569214,982.0,-0.057227918172408146,-1.0816981554611647,-0.14720066112564173,-0.14822455088320258,-1.6011990487869714,-0.5887079132224071,52.0,0.6003983673278444,,,,
gov_report:133,gov_report,disagreement_replication,64,32,physical_delete_low_v_ridge_52,low_v_ridge,52,13,14,0.00275970043272464,0.010387986513522756,0.12737139737296307,1.0014494538073035,0.2656626892162546,0.002486446557016416,0.041411157236000945,0.048633119433841236,0.9988818764541832,0.060042914107573266,0.041411157236000945,56.20349195429945,4.424007246806322e-05,8.476263610646129e-05,0.00010456285963300616,2.1870229244232178,0.373378723859787,0.00010456285963300616,17.823986053466797,18.8435115814209,3.2178964614868164,6.053379535675049,7.92407751083374,2.1868956089019775,982.0,-0.057227918172408146,-1.0816981554611647,-0.14720066112564173,-0.14822455088320258,-1.6011990487869714,-0.5887079132224071,52.0,0.6003983673278444,,,,
gov_report:133,gov_report,disagreement_replication,64,32,physical_delete_low_v_ridge_52,low_v_ridge,52,14,15,0.007004620583400444,0.009470865820029003,0.6473380034122925,0.7677663487287274,0.7395966447531186,0.005679304569516705,0.04007240623156075,0.0711034397616932,0.9999659276544793,0.1417260679755169,0.04007240623156075,54.486112025408296,0.00010423398474217241,0.00014835667388979346,0.00029633648227900267,1.3898833990097046,0.6315541863441467,0.00029633648227900267,19.382667541503906,19.149309158325195,9.803818702697754,8.580748558044434,9.443585395812988,1.7210760116577148,982.0,-0.057227918172408146,-1.0816981554611647,-0.14720066112564173,-0.14822455088320258,-1.6011990487869714,-0.5887079132224071,52.0,0.6003983673278444,5.355509673991161e-10,2.69023792298271e-08,5.355129428855627e-10,2.69127388833739e-08
gov_report:133,gov_report,disagreement_replication,64,32,physical_delete_low_v_ridge_52,low_v_ridge,52,15,16,0.008221524512672511,0.014283225877044413,0.5161026287978218,0.8585911974669391,0.5756069800650501,0.00760185070770935,0.03802399145782058,0.33662167661992987,0.9515106499285974,0.19992248094579876,0.03802399145782058,57.755555108388144,0.00013162111754346713,0.0002977643453050405,0.00032345435465686023,2.190321922302246,0.4472484886646271,0.00032345435465686023,55.21498489379883,55.417510986328125,1426.1470947265625,5.993706703186035,7.683040618896484,2.0067007541656494,982.0,-0.057227918172408146,-1.0816981554611647,-0.14720066112564173,-0.14822455088320258,-1.6011990487869714,-0.5887079132224071,52.0,0.6003983673278444,,,,
gov_report:133,gov_report,disagreement_replication,64,32,physical_delete_low_v_ridge_52,low_v_ridge,52,16,17,0.024576131087253594,0.025793028312425626,0.9334701253142729,0.3591767943221911,0.9528206920710509,0.023585956316432476,0.04557255003552086,0.555105429244968,0.8326275070250678,0.5175474336645359,0.04557255003552086,61.18927367170201,0.00038545900124551064,0.0009008389315567911,0.0011576549150049686,2.6264665126800537,0.3826189935207367,0.0011576549150049686,17.81005859375,17.411752700805664,4.640710830688477,7.378141403198242,8.499988555908203,3.440253496170044,982.0,-0.057227918172408146,-1.0816981554611647,-0.14720066112564173,-0.14822455088320258,-1.6011990487869714,-0.5887079132224071,52.0,0.6003983673278444,,,,
gov_report:133,gov_report,disagreement_replication,64,32,physical_delete_low_v_ridge_52,low_v_ridge,52,17,18,0.030891344195889254,0.030931120699278784,0.966313050214259,0.25940106486968084,0.9987140296733427,0.025591080789979296,0.04987868546053722,0.5157699110053349,0.8567314092094345,0.5130664642360377,0.04987868546053722,64.1557175794993,0.00039889010294784426,0.0006827948964200914,0.0008345629321411252,2.4062211513519287,0.40556207299232483,0.0008345629321411252,15.873052597045898,16.056903839111328,6.1014790534973145,8.363846778869629,9.296348571777344,3.730862855911255,982.0,-0.057227918172408146,-1.0816981554611647,-0.14720066112564173,-0.14822455088320258,-1.6011990487869714,-0.5887079132224071,52.0,0.6003983673278444,,,,
gov_report:133,gov_report,disagreement_replication,64,32,physical_delete_low_v_ridge_52,low_v_ridge,52,18,19,0.03666799864052879,0.03601183922422547,0.9507741948501417,0.317139489555274,1.0182206582734579,0.03675283733552724,0.057442958755400994,0.5436035094015429,0.8448383142776307,0.6398144895708668,0.057442958755400994,69.19896484563732,0.0005311183110543935,0.0008049244061112404,0.0017521482659503818,2.084632158279419,0.43761953711509705,0.0017521482659503818,22.04969024658203,21.720813751220703,6.554647445678711,7.817178726196289,9.132110595703125,2.691887378692627,982.0,-0.057227918172408146,-1.0816981554611647,-0.14720066112564173,-0.14822455088320258,-1.6011990487869714,-0.5887079132224071,52.0,0.6003983673278444,5.570754125719e-08,1.1406718575503603e-07,5.5770009686915664e-08,1.1419376471220746e-07
gov_report:133,gov_report,disagreement_replication,64,32,physical_delete_low_v_ridge_52,low_v_ridge,52,19,20,0.009283493798539695,0.018803010108733847,0.4232233571465538,0.9087641629595307,0.49372381043541463,0.008125932050441256,0.054779964785572115,0.18549435416777957,0.9833475805337805,0.1483376647328816,0.054779964785572115,76.16447577205079,0.00010668926646014068,0.00014823772653471678,0.0002520997077226639,1.5703001022338867,0.6018748879432678,0.0002520997077226639,18.403488159179688,18.110525131225586,4.063092231750488,10.23988151550293,10.061067581176758,3.392561197280884,982.0,-0.057227918172408146,-1.0816981554611647,-0.14720066112564173,-0.14822455088320258,-1.6011990487869714,-0.5887079132224071,52.0,0.6003983673278444,,,,
gov_report:133,gov_report,disagreement_replication,64,32,physical_delete_low_v_ridge_52,low_v_ridge,52,20,21,0.025842949381499513,0.0240504387860943,0.8647375012138186,0.544281631346448,1.0745313052850254,0.024857790881462147,0.059669804210687336,0.32160809925268,0.9516247283978018,0.41658911421415257,0.059669804210687336,81.13474799129219,0.0003063766326621242,0.0004637717502191663,0.000798023131210357,2.12739634513855,0.5063005685806274,0.000798023131210357,16.888912200927734,17.781784057617188,4.974728107452393,8.412334442138672,11.206721305847168,6.466297626495361,982.0,-0.057227918172408146,-1.0816981554611647,-0.14720066112564173,-0.14822455088320258,-1.6011990487869714,-0.5887079132224071,52.0,0.6003983673278444,,,,
gov_report:133,gov_report,disagreement_replication,64,32,physical_delete_low_v_ridge_52,low_v_ridge,52,21,22,0.06443923988249045,0.06510171299627901,0.9808238843231903,0.19510384556330346,0.989824029456392,0.08048826622505591,0.101587561527616,0.773166044357149,0.6344923501036863,0.792304343314468,0.101587561527616,105.91519472861869,0.0007599312490647545,0.000889449380338192,0.0011152210645377636,2.498460292816162,0.3824150860309601,0.0011152210645377636,15.340522766113281,16.608867645263672,4.465116024017334,9.168402671813965,11.42073917388916,8.098069190979004,982.0,-0.057227918172408146,-1.0816981554611647,-0.14720066112564173,-0.14822455088320258,-1.6011990487869714,-0.5887079132224071,52.0,0.6003983673278444,,,,
gov_report:133,gov_report,disagreement_replication,64,32,physical_delete_low_v_ridge_52,low_v_ridge,52,22,23,0.09374568145587131,0.09353441356030837,0.9820815324048537,0.1895335921194368,1.0022587183424925,0.11141681549314932,0.16592174736829335,0.7428163081274839,0.6732827317585851,0.67150218256706,0.16592174736829335,126.65204501737836,0.0008797079863800181,0.001966880401596427,0.003272843547165394,1.683468222618103,0.5770376324653625,0.003272843547165394,16.711078643798828,18.831153869628906,4.743348121643066,8.296431541442871,11.192041397094727,10.957839012145996,982.0,-0.057227918172408146,-1.0816981554611647,-0.14720066112564173,-0.14822455088320258,-1.6011990487869714,-0.5887079132224071,52.0,0.6003983673278444,8.485304293378812e-08,4.604397891414436e-07,8.481515392024772e-08,4.6090035183940076e-07
gov_report:133,gov_report,disagreement_replication,64,32,physical_delete_low_v_ridge_52,low_v_ridge,52,23,24,0.05528823682459882,0.0577178306669909,0.8666719277804803,0.5071522098470947,0.9579056625255048,0.058351645558996204,0.19696490364221686,0.49407319590595294,0.8916412402542145,0.29625402536175127,0.19696490364221686,154.7738682362808,0.00037701225810235256,0.000953285547439009,0.00144153309520334,1.882380485534668,0.5727493762969971,0.00144153309520334,15.242229461669922,17.33902931213379,4.533256530761719,10.769397735595703,14.039064407348633,14.270101547241211,982.0,-0.057227918172408146,-1.0816981554611647,-0.14720066112564173,-0.14822455088320258,-1.6011990487869714,-0.5887079132224071,52.0,0.6003983673278444,,,,
gov_report:133,gov_report,disagreement_replication,64,32,physical_delete_low_v_ridge_52,low_v_ridge,52,24,25,0.05043472384200335,0.06147694750766329,0.7995554743695235,0.600953312878997,0.8203843210614272,0.05480073006372955,0.23200987602725423,0.28467107098665617,0.959849898252223,0.23619998856122876,0.23200987602725423,195.8046905132729,0.0002798744499944183,0.000849483534693718,0.0010171812027692795,1.9402841329574585,0.5157549381256104,0.0010171812027692795,16.24681854248047,17.720598220825195,5.87412691116333,12.68321418762207,16.982341766357422,78.85057067871094,982.0,-0.057227918172408146,-1.0816981554611647,-0.14720066112564173,-0.14822455088320258,-1.6011990487869714,-0.5887079132224071,52.0,0.6003983673278444,,,,
gov_report:133,gov_report,disagreement_replication,64,32,physical_delete_low_v_ridge_52,low_v_ridge,52,25,26,0.05591347103699491,0.05994491487404693,0.8923664651666072,0.4531144688809179,0.9327475258656607,0.05985336183643526,0.2595529343237754,0.22989487348362753,0.973215724711436,0.23060175371306757,0.2595529343237754,233.87617831083227,0.00025591901778421986,0.0006592495483346283,0.0005724067450501025,1.9057334661483765,0.5208630561828613,0.0005724067450501025,14.307902336120605,16.607892990112305,7.221128463745117,15.36904525756836,21.942895889282227,60.07572555541992,982.0,-0.057227918172408146,-1.0816981554611647,-0.14720066112564173,-0.14822455088320258,-1.6011990487869714,-0.5887079132224071,52.0,0.6003983673278444,,,,
gov_report:133,gov_report,disagreement_replication,64,32,physical_delete_low_v_ridge_52,low_v_ridge,52,26,27,0.28232673687276866,0.29425836297584657,0.9526770074090471,0.30405989266737204,0.9594518708579328,0.2983040621271896,0.4120206088762298,0.6980199338543736,0.7165495654290599,0.7240027700090107,0.4120206088762298,294.8433138646447,0.0010117375843365186,0.006056672427803278,0.0024407031014561653,2.7224080562591553,0.4566185772418976,0.0024407031014561653,14.715911865234375,15.979045867919922,4.7563276290893555,15.991891860961914,27.54852867126465,172.9398956298828,982.0,-0.057227918172408146,-1.0816981554611647,-0.14720066112564173,-0.14822455088320258,-1.6011990487869714,-0.5887079132224071,52.0,0.6003983673278444,2.8840369885447766e-07,6.03089108344463e-07,2.8793003514492975e-07,6.040459123191806e-07
gov_report:133,gov_report,disagreement_replication,64,32,physical_delete_low_v_ridge_52,low_v_ridge,52,27,28,0.4411338358033763,0.40177433303710436,0.9515609803913258,0.340537229258126,1.0979642041061817,0.4425495908767756,0.6269743597754253,0.6276941045166305,0.7823735617280917,0.7058495837617531,0.6269743597754253,243.3006729704236,0.001818941088299305,0.01357220858335495,0.0054726204834878445,3.6669301986694336,0.1295222043991089,0.0054726204834878445,15.028563499450684,15.111278533935547,3.218667984008789,17.10317611694336,27.168188095092773,157.20811462402344,982.0,-0.057227918172408146,-1.0816981554611647,-0.14720066112564173,-0.14822455088320258,-1.6011990487869714,-0.5887079132224071,52.0,0.6003983673278444,,,,
gov_report:133,gov_report,disagreement_replication,64,32,physical_delete_high_v_ridge_11,high_v_ridge,11,0,1,0.0007387090145981424,0.0007368148502374884,0.9988007099100384,0.049105550203265055,1.0025707467215725,0.0010994295077676047,0.0011037441607717625,0.9985811036039803,0.05331023043752386,0.9960908939249646,0.0011037441607717625,17.57985159024327,6.253918027259017e-05,2.099831726809498e-05,5.4149215429788455e-05,1.408133864402771,0.6023979783058167,5.4149215429788455e-05,778.4161987304688,778.7726440429688,1833.08740234375,4.786486625671387,4.137584686279297,0.7274547815322876,1023.0,-0.05630136010258793,0.6389689420688719,-0.007958073671837512,0.019431731624350808,1.1599705370839084,-0.20275410528852858,11.0,0.5054968560196386,3.4663483905801843e-12,3.22092290489854e-12,3.469137934396384e-12,3.2222499829344815e-12
gov_report:133,gov_report,disagreement_replication,64,32,physical_delete_high_v_ridge_11,high_v_ridge,11,1,2,0.01909385041549434,0.01909322666787747,0.999965096776686,0.0083552255705848,1.0000326685283594,0.018742677246246963,0.019028306246977544,0.9982368511078636,0.060816838295946425,0.9849892577393246,0.019028306246977544,22.12266394219767,0.0008472161081150999,0.0006552489940077066,0.001268061576411128,2.7389423847198486,0.28194311261177063,0.001268061576411128,90.75878143310547,91.03287506103516,3921.940673828125,4.15410041809082,4.110064506530762,0.6280108690261841,1023.0,-0.05630136010258793,0.6389689420688719,-0.007958073671837512,0.019431731624350808,1.1599705370839084,-0.20275410528852858,11.0,0.5054968560196386,,,,
gov_report:133,gov_report,disagreement_replication,64,32,physical_delete_high_v_ridge_11,high_v_ridge,11,2,3,0.10669643864398565,0.10613526060026005,0.9985140608779475,0.054914006921780494,1.0052873855545443,0.10026347500625847,0.10795501063317411,0.984866595164012,0.1821718772166648,0.9287523980424484,0.10795501063317411,28.69792652362762,0.0034937532829666072,0.0012795748189091682,0.0026205931790173054,2.153494119644165,0.42392846941947937,0.0026205931790173054,24.70437240600586,26.32522964477539,53.67123031616211,6.582964897155762,5.9282660484313965,1.359554409980774,1023.0,-0.05630136010258793,0.6389689420688719,-0.007958073671837512,0.019431731624350808,1.1599705370839084,-0.20275410528852858,11.0,0.5054968560196386,,,,
gov_report:133,gov_report,disagreement_replication,64,32,physical_delete_high_v_ridge_11,high_v_ridge,11,3,4,0.061214577678613095,0.07259343266013189,0.8452175649200661,0.5344259820511662,0.8432522810321927,0.05982104951266532,0.1405420092439189,0.6762539485810348,0.7781293453722598,0.42564532721915466,0.1405420092439189,33.30044986585014,0.0017964036448051789,0.0007011345587670803,0.0014338858891278505,1.6540437936782837,0.5435096621513367,0.0014338858891278505,16.863765716552734,20.42902183532715,7.888287544250488,7.578512191772461,6.212401390075684,1.3090465068817139,1023.0,-0.05630136010258793,0.6389689420688719,-0.007958073671837512,0.019431731624350808,1.1599705370839084,-0.20275410528852858,11.0,0.5054968560196386,,,,
gov_report:133,gov_report,disagreement_replication,64,32,physical_delete_high_v_ridge_11,high_v_ridge,11,4,5,0.21034185923283294,0.213718059613264,0.9838037548521587,0.17924935418653817,0.9842025499083208,0.21439091574104277,0.28774665533983285,0.8932588349409036,0.4733382341384043,0.7450683153479024,0.28774665533983285,37.46877286626743,0.005721855810603706,0.0019021950429305434,0.004047610331326723,1.810288429260254,0.5502092242240906,0.004047610331326723,15.49339771270752,17.635759353637695,4.444323539733887,9.124982833862305,7.052425861358643,1.9877657890319824,1023.0,-0.05630136010258793,0.6389689420688719,-0.007958073671837512,0.019431731624350808,1.1599705370839084,-0.20275410528852858,11.0,0.5054968560196386,1.591867651588901e-07,1.475585482323378e-07,1.593532996943598e-07,1.4769574225282202e-07
gov_report:133,gov_report,disagreement_replication,64,32,physical_delete_high_v_ridge_11,high_v_ridge,11,5,6,0.13770246939844183,0.16949716160897235,0.7178879588973034,0.7025473099865858,0.812417553729422,0.10650933280199414,0.2512543498022842,0.562779318782207,0.8381909173851246,0.4239104034847871,0.2512543498022842,37.298303471347644,0.0028556079738000424,0.0012294311309233308,0.0025135441683232784,1.6648861169815063,0.6065973043441772,0.0025135441683232784,15.784850120544434,16.914878845214844,4.090210437774658,9.389665603637695,7.949375629425049,1.875753402709961,1023.0,-0.05630136010258793,0.6389689420688719,-0.007958073671837512,0.019431731624350808,1.1599705370839084,-0.20275410528852858,11.0,0.5054968560196386,,,,
gov_report:133,gov_report,disagreement_replication,64,32,physical_delete_high_v_ridge_11,high_v_ridge,11,6,7,0.0026954408909962654,0.03660157672923897,0.0718727439161972,0.9974153806793389,0.07364275345119291,0.0024159203217931687,0.2233940906374725,0.2711263675587118,0.9971222107193387,0.010814611590213291,0.2233940906374725,41.26645415933703,5.854441267148556e-05,4.839653047383763e-05,6.0384241805877537e-05,1.3844432830810547,0.6168712973594666,6.0384241805877537e-05,17.693252563476562,19.305017471313477,7.22563362121582,8.001378059387207,6.761476993560791,1.28565514087677,1023.0,-0.05630136010258793,0.6389689420688719,-0.007958073671837512,0.019431731624350808,1.1599705370839084,-0.20275410528852858,11.0,0.5054968560196386,,,,
gov_report:133,gov_report,disagreement_replication,64,32,physical_delete_high_v_ridge_11,high_v_ridge,11,7,8,0.014661789667982523,0.051802856144350824,0.2564026432795433,0.9669367759599637,0.2830305268714689,0.014224972240860938,0.19444371693644247,0.1397353357240551,0.9924246441307807,0.07315727381158134,0.19444371693644247,43.3552738722576,0.00032810246529115547,0.0005108611076138914,0.0007561537204310298,2.3571410179138184,0.3612197935581207,0.0007561537204310298,33.74650192260742,33.708946228027344,193.44956970214844,6.5965576171875,6.475845813751221,2.0231051445007324,1023.0,-0.05630136010258793,0.6389689420688719,-0.007958073671837512,0.019431731624350808,1.1599705370839084,-0.20275410528852858,11.0,0.5054968560196386,6.26120841827942e-09,1.526622599496144e-07,6.259596201185249e-09,1.528607063423996e-07
gov_report:133,gov_report,disagreement_replication,64,32,physical_delete_high_v_ridge_11,high_v_ridge,11,8,9,0.024376105867086516,0.041103013311605,0.5996075532348603,0.8003210575464955,0.5930491198367731,0.024848461953716355,0.18348786950191964,0.32695847648734433,0.9642530924958227,0.1354229139025258,0.18348786950191964,44.41906903917551,0.0005594097870849384,0.00035688886418938637,0.0006637577898800373,1.6181106567382812,0.5728450417518616,0.0006637577898800373,16.99176788330078,19.27710723876953,5.870657444000244,8.59941291809082,7.774521827697754,1.7756218910217285,1023.0,-0.05630136010258793,0.6389689420688719,-0.007958073671837512,0.019431731624350808,1.1599705370839084,-0.20275410528852858,11.0,0.5054968560196386,,,,
gov_report:133,gov_report,disagreement_replication,64,32,physical_delete_high_v_ridge_11,high_v_ridge,11,9,10,0.00960442625166297,0.03082741799369122,0.22956874655132395,0.9767394142638827,0.31155467686682353,0.008753563727386351,0.17048522352446077,0.043402906042223036,0.9990892175359443,0.05134499956314638,0.17048522352446077,47.50193194676846,0.00018427805709451473,0.00017867854330688715,0.0003264059196226299,2.0695154666900635,0.4280606508255005,0.0003264059196226299,18.856033325195312,18.74248695373535,4.528698921203613,7.782670021057129,7.302751064300537,1.1107972860336304,1023.0,-0.05630136010258793,0.6389689420688719,-0.007958073671837512,0.019431731624350808,1.1599705370839084,-0.20275410528852858,11.0,0.5054968560196386,,,,
gov_report:133,gov_report,disagreement_replication,64,32,physical_delete_high_v_ridge_11,high_v_ridge,11,10,11,0.005250929398172926,0.03932556569907233,0.10658130949581503,0.9946689720484017,0.13352457376847837,0.004623979978305321,0.15367903348683426,0.02193412289548925,0.9997926730117571,0.030088554524267352,0.15367903348683426,48.10568444541392,9.612128029385393e-05,0.00013700895942747593,0.0001095192928914912,1.8992972373962402,0.47722184658050537,0.0001095192928914912,17.17888069152832,18.215333938598633,5.16587495803833,8.759201049804688,8.182538032531738,2.3620922565460205,1023.0,-0.05630136010258793,0.6389689420688719,-0.007958073671837512,0.019431731624350808,1.1599705370839084,-0.20275410528852858,11.0,0.5054968560196386,1.542968553969625e-09,1.7249255468657985e-07,1.5432273080041985e-09,1.7274109559908179e-07
gov_report:133,gov_report,disagreement_replication,64,32,physical_delete_high_v_ridge_11,high_v_ridge,11,11,12,0.06158884903414204,0.07396986284731628,0.8680294229471593,0.4977737326696197,0.8326208358837934,0.06369078185257104,0.15711024746122929,0.4668606634260681,0.8864648182692944,0.40538910021313707,0.15711024746122929,49.969939037272844,0.0012745819402553954,0.0009742080583237112,0.0016418348532170057,2.5548298358917236,0.31075337529182434,0.0016418348532170057,18.020614624023438,19.123971939086914,6.353200912475586,8.583988189697266,7.786763668060303,1.2677971124649048,1023.0,-0.05630136010258793,0.6389689420688719,-0.007958073671837512,0.019431731624350808,1.1599705370839084,-0.20275410528852858,11.0,0.5054968560196386,,,,
gov_report:133,gov_report,disagreement_replication,64,32,physical_delete_high_v_ridge_11,high_v_ridge,11,12,13,0.009044833332643698,0.03585493148858319,0.3564928775668504,0.9400941037036543,0.2522619053260142,0.006988610011419256,0.14981783802122578,0.02823964374257091,0.999770657386666,0.046647382606263006,0.14981783802122578,51.52914505048074,0.0001356244122539358,0.0002575722464825958,0.0003459409927017987,2.2160370349884033,0.4204545319080353,0.0003459409927017987,16.148300170898438,17.22637367248535,4.002730369567871,8.912858963012695,8.53189468383789,1.3963221311569214,1023.0,-0.05630136010258793,0.6389689420688719,-0.007958073671837512,0.019431731624350808,1.1599705370839084,-0.20275410528852858,11.0,0.5054968560196386,,,,
gov_report:133,gov_report,disagreement_replication,64,32,physical_delete_high_v_ridge_11,high_v_ridge,11,13,14,0.004705886819238671,0.026462522550396373,0.38451027130274257,0.9459744733756574,0.17783213260476496,0.004026945171893519,0.1456500845784801,0.028673535451497627,0.9995893556475357,0.027648079872715038,0.1456500845784801,56.20349195429945,7.164937678904248e-05,0.00010662552813300863,0.00014320203626994044,2.1870229244232178,0.373378723859787,0.00014320203626994044,18.52437400817871,18.8435115814209,3.2178964614868164,8.5835542678833,7.92407751083374,2.1868956089019775,1023.0,-0.05630136010258793,0.6389689420688719,-0.007958073671837512,0.019431731624350808,1.1599705370839084,-0.20275410528852858,11.0,0.5054968560196386,,,,
gov_report:133,gov_report,disagreement_replication,64,32,physical_delete_high_v_ridge_11,high_v_ridge,11,14,15,0.0013888909125786982,0.020781688205352394,0.08492823755780458,0.9965513797015504,0.06683243915770927,0.0011929766639755901,0.1433557109805915,0.022968320750365704,0.9998434762472573,0.008321793780068544,0.1433557109805915,54.486112025408296,2.1895059486337984e-05,2.6239818907924928e-05,3.884602847392671e-05,1.3898833990097046,0.6315541863441467,3.884602847392671e-05,16.852642059326172,19.149309158325195,9.803818702697754,9.852259635925293,9.443585395812988,1.7210760116577148,1023.0,-0.05630136010258793,0.6389689420688719,-0.007958073671837512,0.019431731624350808,1.1599705370839084,-0.20275410528852858,11.0,0.5054968560196386,3.526673706670834e-11,1.8753313720145634e-07,3.526881417888554e-11,1.8768730892072564e-07
gov_report:133,gov_report,disagreement_replication,64,32,physical_delete_high_v_ridge_11,high_v_ridge,11,15,16,0.012755942831081604,0.039545813599217605,0.3216289802292461,0.9468662355390665,0.3225611428900776,0.014548178835960254,0.13419485776099388,0.16506295414049868,0.9879087416714811,0.10841085179188543,0.13419485776099388,57.755555108388144,0.00025189228652825027,0.00022469735995400697,0.00032775671570561826,2.190321922302246,0.4472484886646271,0.00032775671570561826,55.68106460571289,55.417510986328125,1426.1470947265625,9.28181266784668,7.683040618896484,2.0067007541656494,1023.0,-0.05630136010258793,0.6389689420688719,-0.007958073671837512,0.019431731624350808,1.1599705370839084,-0.20275410528852858,11.0,0.5054968560196386,,,,
gov_report:133,gov_report,disagreement_replication,64,32,physical_delete_high_v_ridge_11,high_v_ridge,11,16,17,0.04450632242681451,0.04964933963441173,0.8935578159234545,0.44895721701086694,0.8964131800046617,0.041572506477536825,0.14121613430714816,0.32400371685912926,0.9465192076070597,0.29438921183832806,0.14121613430714816,61.18927367170201,0.0006794083992659438,0.0008844893309287727,0.0009737553191371262,2.6264665126800537,0.3826189935207367,0.0009737553191371262,15.665960311889648,17.411752700805664,4.640710830688477,9.212827682495117,8.499988555908203,3.440253496170044,1023.0,-0.05630136010258793,0.6389689420688719,-0.007958073671837512,0.019431731624350808,1.1599705370839084,-0.20275410528852858,11.0,0.5054968560196386,,,,
gov_report:133,gov_report,disagreement_replication,64,32,physical_delete_high_v_ridge_11,high_v_ridge,11,17,18,0.0768045736461343,0.07819384912300384,0.9763593496396478,0.21623348337996154,0.9822329314587888,0.06879314644352484,0.15535502680186394,0.4411549451730365,0.8974324831475136,0.4428124912318541,0.15535502680186394,64.1557175794993,0.0010722839528414442,0.0015044965548440814,0.002288568066433072,2.4062211513519287,0.40556207299232483,0.002288568066433072,15.140969276428223,16.056903839111328,6.1014790534973145,9.34524154663086,9.296348571777344,3.730862855911255,1023.0,-0.05630136010258793,0.6389689420688719,-0.007958073671837512,0.019431731624350808,1.1599705370839084,-0.20275410528852858,11.0,0.5054968560196386,,,,
gov_report:133,gov_report,disagreement_replication,64,32,physical_delete_high_v_ridge_11,high_v_ridge,11,18,19,0.055421232199455994,0.05999372049499185,0.8775565842347857,0.4816963823923746,0.923783885083147,0.05335007977374766,0.1634637347569598,0.39409374973841416,0.9215618666909122,0.3263725734216786,0.1634637347569598,69.19896484563732,0.000770966442818272,0.0008590188226662576,0.0017755877925083041,2.084632158279419,0.43761953711509705,0.0017755877925083041,22.558656692504883,21.720813751220703,6.554647445678711,9.668230056762695,9.132110595703125,2.691887378692627,1023.0,-0.05630136010258793,0.6389689420688719,-0.007958073671837512,0.019431731624350808,1.1599705370839084,-0.20275410528852858,11.0,0.5054968560196386,5.240431105553922e-07,6.160766549863361e-07,5.255847187282634e-07,6.16954714115786e-07
gov_report:133,gov_report,disagreement_replication,64,32,physical_delete_high_v_ridge_11,high_v_ridge,11,19,20,0.013662778920449306,0.04499954355157752,0.28474560984552577,0.9587889209643203,0.30362038905548716,0.013469209022524709,0.1565021926205617,0.1964221977575838,0.9867103151139764,0.08606402758318343,0.1565021926205617,76.16447577205079,0.0001768437173103652,0.0001681028661550954,0.00033063729642890394,1.5703001022338867,0.6018748879432678,0.00033063729642890394,17.677635192871094,18.110525131225586,4.063092231750488,9.943099975585938,10.061067581176758,3.392561197280884,1023.0,-0.05630136010258793,0.6389689420688719,-0.007958073671837512,0.019431731624350808,1.1599705370839084,-0.20275410528852858,11.0,0.5054968560196386,,,,
gov_report:133,gov_report,disagreement_replication,64,32,physical_delete_high_v_ridge_11,high_v_ridge,11,20,21,0.0168432437865249,0.049081673641733464,0.28928299061912366,0.9587590471315433,0.34316767413985094,0.01574160296947,0.16317712519100203,0.0764875687223997,0.9972707387143758,0.09646942211443023,0.16317712519100203,81.13474799129219,0.00019401801767054817,0.00030378586961887777,0.00029070713208056986,2.12739634513855,0.5063005685806274,0.00029070713208056986,14.757875442504883,17.781784057617188,4.974728107452393,11.805850982666016,11.206721305847168,6.466297626495361,1023.0,-0.05630136010258793,0.6389689420688719,-0.007958073671837512,0.019431731624350808,1.1599705370839084,-0.20275410528852858,11.0,0.5054968560196386,,,,
gov_report:133,gov_report,disagreement_replication,64,32,physical_delete_high_v_ridge_11,high_v_ridge,11,21,22,0.0380436360809452,0.0643317377480428,0.6402961086408634,0.7696849989408847,0.5913665231606872,0.04280957050253684,0.19165135409575,0.45039156842441436,0.9212411530776577,0.22337212645598611,0.19165135409575,105.91519472861869,0.00040418724255972624,0.00041735731065273285,0.0004738351854030043,2.498460292816162,0.3824150860309601,0.0004738351854030043,14.91557502746582,16.608867645263672,4.465116024017334,13.846939086914062,11.42073917388916,8.098069190979004,1023.0,-0.05630136010258793,0.6389689420688719,-0.007958073671837512,0.019431731624350808,1.1599705370839084,-0.20275410528852858,11.0,0.5054968560196386,,,,
gov_report:133,gov_report,disagreement_replication,64,32,physical_delete_high_v_ridge_11,high_v_ridge,11,22,23,0.26165632462047395,0.25791055921016004,0.9935906572185753,0.1149599496464578,1.0145235054422943,0.30860634022281075,0.3853769707174462,0.8393630535642631,0.5449380529444313,0.8007908195663234,0.3853769707174462,126.65204501737836,0.002436647115966156,0.0015242104418575764,0.0034453286789357662,1.683468222618103,0.5770376324653625,0.0034453286789357662,16.273738861083984,18.831153869628906,4.743348121643066,12.616143226623535,11.192041397094727,10.957839012145996,1023.0,-0.05630136010258793,0.6389689420688719,-0.007958073671837512,0.019431731624350808,1.1599705370839084,-0.20275410528852858,11.0,0.5054968560196386,8.814757218677762e-07,1.8175849440853155e-06,8.832070207062599e-07,1.8220080131588829e-06
gov_report:133,gov_report,disagreement_replication,64,32,physical_delete_high_v_ridge_11,high_v_ridge,11,23,24,0.37445601692571806,0.37637141637271726,0.9959431643309443,0.08999043857098916,0.9949108796160482,0.3632116640699054,0.6140958701413893,0.7341118086583625,0.6938516254720007,0.5914575911189235,0.6140958701413893,154.7738682362808,0.0023467247294964508,0.001779063604772091,0.00432409904897213,1.882380485534668,0.5727493762969971,0.00432409904897213,14.818952560424805,17.33902931213379,4.533256530761719,15.77861213684082,14.039064407348633,14.270101547241211,1023.0,-0.05630136010258793,0.6389689420688719,-0.007958073671837512,0.019431731624350808,1.1599705370839084,-0.20275410528852858,11.0,0.5054968560196386,,,,
gov_report:133,gov_report,disagreement_replication,64,32,physical_delete_high_v_ridge_11,high_v_ridge,11,24,25,0.04910148718718531,0.06265541254941383,0.7889880343543646,0.6144315330723621,0.7836751078521895,0.049307012290087986,0.7015807827826502,0.20672702397768367,0.9878672790513747,0.0702798786684602,0.7015807827826502,195.8046905132729,0.00025181731939534735,0.00037451888783834875,0.0005382508970797062,1.9402841329574585,0.5157549381256104,0.0005382508970797062,16.55957794189453,17.720598220825195,5.87412691116333,20.66204261779785,16.982341766357422,78.85057067871094,1023.0,-0.05630136010258793,0.6389689420688719,-0.007958073671837512,0.019431731624350808,1.1599705370839084,-0.20275410528852858,11.0,0.5054968560196386,,,,
gov_report:133,gov_report,disagreement_replication,64,32,physical_delete_high_v_ridge_11,high_v_ridge,11,25,26,0.05782597964975331,0.07897403708397244,0.7130248639047891,0.7014013168285261,0.732215064404868,0.06095890793409747,0.7827164119207616,0.24263583917500542,0.9840080967997129,0.07788121854313265,0.7827164119207616,233.87617831083227,0.00026064607509141124,0.000509212666656822,0.0007817890727892518,1.9057334661483765,0.5208630561828613,0.0007817890727892518,15.524763107299805,16.607892990112305,7.221128463745117,29.770225524902344,21.942895889282227,60.07572555541992,1023.0,-0.05630136010258793,0.6389689420688719,-0.007958073671837512,0.019431731624350808,1.1599705370839084,-0.20275410528852858,11.0,0.5054968560196386,,,,
gov_report:133,gov_report,disagreement_replication,64,32,physical_delete_high_v_ridge_11,high_v_ridge,11,26,27,0.272452998245021,0.28564024984359637,0.9732119815212925,0.23072493855394396,0.9538326562667687,0.2964726311564542,0.9507852021312355,0.448880713188094,0.9040420861053629,0.31181872676593525,0.9507852021312355,294.8433138646447,0.0010055260445639867,0.0007975689950399101,0.0014103420544415712,2.7224080562591553,0.4566185772418976,0.0014103420544415712,13.287090301513672,15.979045867919922,4.7563276290893555,38.00852966308594,27.54852867126465,172.9398956298828,1023.0,-0.05630136010258793,0.6389689420688719,-0.007958073671837512,0.019431731624350808,1.1599705370839084,-0.20275410528852858,11.0,0.5054968560196386,1.4197486307504167e-07,2.509209992103363e-06,1.4204985593940584e-07,2.5150394508533656e-06
gov_report:133,gov_report,disagreement_replication,64,32,physical_delete_high_v_ridge_11,high_v_ridge,11,27,28,0.08549162052999223,0.10496003613977571,0.7619811081242195,0.6497266328627113,0.8145159212420877,0.08899046939242625,1.0874117886333667,0.15441528099290538,0.9906682262136195,0.08183695479728738,1.0874117886333667,243.3006729704236,0.00036576335077891136,0.0005834245239384472,0.0004116376512683928,3.6669301986694336,0.1295222043991089,0.0004116376512683928,12.971115112304688,15.111278533935547,3.218667984008789,36.553707122802734,27.168188095092773,157.20811462402344,1023.0,-0.05630136010258793,0.6389689420688719,-0.007958073671837512,0.019431731624350808,1.1599705370839084,-0.20275410528852858,11.0,0.5054968560196386,,,,
gov_report:133,gov_report,disagreement_replication,64,32,physical_delete_median_v_ridge_94,median_v_ridge,94,0,1,0.0016031242204171741,0.001614428488956253,0.9997731178748467,0.022352076747662306,0.9929979750627498,0.003045837054024856,0.0030737044694871896,0.999857459843324,0.01909699351585868,0.9909336060968207,0.0030737044694871896,17.57985159024327,0.00017325726775277672,7.032816938590258e-05,0.0001339628070127219,1.408133864402771,0.6023979783058167,0.0001339628070127219,779.2032470703125,778.7726440429688,1833.08740234375,3.8076419830322266,4.137584686279297,0.7274547815322876,940.0,-0.005823746107920497,-0.3836157735870079,-0.060937136626206354,-0.07328538491884179,0.05450705831986578,0.016084404327425444,94.0,0.4634379497774832,1.668457601730249e-11,1.7291186882192258e-11,1.6687237862977458e-11,1.729108098217717e-11
gov_report:133,gov_report,disagreement_replication,64,32,physical_delete_median_v_ridge_94,median_v_ridge,94,1,2,0.007621675630587443,0.007633938552643508,0.9987507900121131,0.049969861043675616,0.9983936310239465,0.008190949031851915,0.008612492088292399,0.9370664942060228,0.34943103566661904,0.9510544622718994,0.008612492088292399,22.12266394219767,0.0003702514784500327,0.0002656603173818439,0.0004795366257894784,2.7389423847198486,0.28194311261177063,0.0004795366257894784,91.45918273925781,91.03287506103516,3921.940673828125,4.618803024291992,4.110064506530762,0.6280108690261841,940.0,-0.005823746107920497,-0.3836157735870079,-0.060937136626206354,-0.07328538491884179,0.05450705831986578,0.016084404327425444,94.0,0.4634379497774832,,,,
gov_report:133,gov_report,disagreement_replication,64,32,physical_delete_median_v_ridge_94,median_v_ridge,94,2,3,0.011781661768381607,0.012398996533290848,0.9747874185707587,0.22448495141483665,0.950210909144807,0.011628847499856092,0.014905071750896346,0.8363169048722326,0.5511114365089654,0.7801939966613558,0.014905071750896346,28.69792652362762,0.00040521559947133504,0.00033327299752272666,0.00032591508352197707,2.153494119644165,0.42392846941947937,0.00032591508352197707,25.758956909179688,26.32522964477539,53.67123031616211,6.196620464324951,5.9282660484313965,1.359554409980774,940.0,-0.005823746107920497,-0.3836157735870079,-0.060937136626206354,-0.07328538491884179,0.05450705831986578,0.016084404327425444,94.0,0.4634379497774832,,,,
gov_report:133,gov_report,disagreement_replication,64,32,physical_delete_median_v_ridge_94,median_v_ridge,94,3,4,0.0016009512362922644,0.004857703824962728,0.3982906472788038,0.9198299572610216,0.3295695443730656,0.001536924982479547,0.014561147717598923,0.21349558645667596,0.982889589864628,0.10554971436914865,0.014561147717598923,33.30044986585014,4.615327987072256e-05,3.896155976690352e-05,8.133577648550272e-05,1.6540437936782837,0.5435096621513367,8.133577648550272e-05,21.213417053222656,20.42902183532715,7.888287544250488,4.987756729125977,6.212401390075684,1.3090465068817139,940.0,-0.005823746107920497,-0.3836157735870079,-0.060937136626206354,-0.07328538491884179,0.05450705831986578,0.016084404327425444,94.0,0.4634379497774832,,,,
gov_report:133,gov_report,disagreement_replication,64,32,physical_delete_median_v_ridge_94,median_v_ridge,94,4,5,0.0072422675989118595,0.008588084214391061,0.8570242949646147,0.5154589393362655,0.8432925688800285,0.006784929078008216,0.01616572611943659,0.4939767647756745,0.872641046712218,0.41971075272953373,0.01616572611943659,37.46877286626743,0.00018108223352349457,0.00016945903189480305,0.00027759806835092604,1.810288429260254,0.5502092242240906,0.00027759806835092604,18.546815872192383,17.635759353637695,4.444323539733887,6.356514930725098,7.052425861358643,1.9877657890319824,940.0,-0.005823746107920497,-0.3836157735870079,-0.060937136626206354,-0.07328538491884179,0.05450705831986578,0.016084404327425444,94.0,0.4634379497774832,4.2013198349831804e-10,4.225051693260283e-09,4.2011628595884904e-10,4.226258134883803e-09
gov_report:133,gov_report,disagreement_replication,64,32,physical_delete_median_v_ridge_94,median_v_ridge,94,5,6,0.012823599962917757,0.013376589471440579,0.9193513461898013,0.3953963389869853,0.9586599028322226,0.009561469655267253,0.016978882351011998,0.6740246606445415,0.7469848739438009,0.5631389309142223,0.016978882351011998,37.298303471347644,0.0002563513287571464,0.00016814876289572567,0.00025250465841963887,1.6648861169815063,0.6065973043441772,0.00025250465841963887,17.654083251953125,16.914878845214844,4.090210437774658,7.259713172912598,7.949375629425049,1.875753402709961,940.0,-0.005823746107920497,-0.3836157735870079,-0.060937136626206354,-0.07328538491884179,0.05450705831986578,0.016084404327425444,94.0,0.4634379497774832,,,,
gov_report:133,gov_report,disagreement_replication,64,32,physical_delete_median_v_ridge_94,median_v_ridge,94,6,7,0.0073679712446008605,0.007668928284740618,0.9281577814748763,0.3736118263445172,0.9607563105344731,0.007120152686029185,0.01670595801618544,0.41720377837592504,0.9088575346895493,0.426204392416818,0.01670595801618544,41.26645415933703,0.00017254093745338586,0.00019302072178106755,0.0003461295855231583,1.3844432830810547,0.6168712973594666,0.0003461295855231583,19.06690216064453,19.305017471313477,7.22563362121582,5.439375877380371,6.761476993560791,1.28565514087677,940.0,-0.005823746107920497,-0.3836157735870079,-0.060937136626206354,-0.07328538491884179,0.05450705831986578,0.016084404327425444,94.0,0.4634379497774832,,,,
gov_report:133,gov_report,disagreement_replication,64,32,physical_delete_median_v_ridge_94,median_v_ridge,94,7,8,0.007375199067604503,0.007915084885869403,0.8627058382302684,0.5104030712385567,0.9317902680704355,0.007108483448416487,0.016957407942791724,0.4194464945201048,0.907780094961904,0.4191963460688088,0.016957407942791724,43.3552738722576,0.0001639589100362044,0.00028038726304657757,0.0003750163014046848,2.3571410179138184,0.3612197935581207,0.0003750163014046848,32.67826461791992,33.708946228027344,193.44956970214844,5.107303142547607,6.475845813751221,2.0231051445007324,940.0,-0.005823746107920497,-0.3836157735870079,-0.060937136626206354,-0.07328538491884179,0.05450705831986578,0.016084404327425444,94.0,0.4634379497774832,2.5693122823193056e-10,1.0817043463008598e-08,2.569336069285654e-10,1.082219722351726e-08
gov_report:133,gov_report,disagreement_replication,64,32,physical_delete_median_v_ridge_94,median_v_ridge,94,8,9,0.007478733847753717,0.008116187000246525,0.8979427259813364,0.4407401475761777,0.9214590358165174,0.006464214608401501,0.017623305396855214,0.47869235805817306,0.8850840081633121,0.36679921631245216,0.017623305396855214,44.41906903917551,0.00014552791736135602,0.00018852819630410522,0.00023944088025018573,1.6181106567382812,0.5728450417518616,0.00023944088025018573,20.350006103515625,19.27710723876953,5.870657444000244,7.248147964477539,7.774521827697754,1.7756218910217285,940.0,-0.005823746107920497,-0.3836157735870079,-0.060937136626206354,-0.07328538491884179,0.05450705831986578,0.016084404327425444,94.0,0.4634379497774832,,,,
gov_report:133,gov_report,disagreement_replication,64,32,physical_delete_median_v_ridge_94,median_v_ridge,94,9,10,0.008263154546214955,0.009515274370582869,0.8992377024666655,0.4385452465339348,0.868409488197321,0.008506864838774402,0.018619365180921783,0.4196427307059959,0.9084529651495552,0.45688264643366616,0.018619365180921783,47.50193194676846,0.00017908460751253974,0.00022274721413850784,0.0003619444614741951,2.0695154666900635,0.4280606508255005,0.0003619444614741951,19.15894317626953,18.74248695373535,4.528698921203613,7.0616536140441895,7.302751064300537,1.1107972860336304,940.0,-0.005823746107920497,-0.3836157735870079,-0.060937136626206354,-0.07328538491884179,0.05450705831986578,0.016084404327425444,94.0,0.4634379497774832,,,,
gov_report:133,gov_report,disagreement_replication,64,32,physical_delete_median_v_ridge_94,median_v_ridge,94,10,11,0.037192679373198305,0.037496426120928024,0.9827493757426238,0.1851685336672561,0.9918993147040169,0.033296224009997474,0.03844561538670215,0.9045033081837393,0.4281957785105577,0.8660603732074533,0.03844561538670215,48.10568444541392,0.0006921473915994083,0.0004982621176168323,0.000753485772293061,1.8992972373962402,0.47722184658050537,0.000753485772293061,17.7205810546875,18.215333938598633,5.16587495803833,8.300052642822266,8.182538032531738,2.3620922565460205,940.0,-0.005823746107920497,-0.3836157735870079,-0.060937136626206354,-0.07328538491884179,0.05450705831986578,0.016084404327425444,94.0,0.4634379497774832,4.319713518329216e-08,1.3080339998086736e-08,4.3151712196359385e-08,1.3077459288222218e-08
gov_report:133,gov_report,disagreement_replication,64,32,physical_delete_median_v_ridge_94,median_v_ridge,94,11,12,0.015056619585449724,0.018204639834376802,0.8352887215915517,0.5498728956582591,0.8270759390151459,0.013309871730442244,0.04030341165066943,0.44005859988710044,0.9046591376672392,0.33024181292159094,0.04030341165066943,49.969939037272844,0.00026635757391087347,0.00046959766768850386,0.000569863070268184,2.5548298358917236,0.31075337529182434,0.000569863070268184,18.18983268737793,19.123971939086914,6.353200912475586,6.743313789367676,7.786763668060303,1.2677971124649048,940.0,-0.005823746107920497,-0.3836157735870079,-0.060937136626206354,-0.07328538491884179,0.05450705831986578,0.016084404327425444,94.0,0.4634379497774832,,,,
gov_report:133,gov_report,disagreement_replication,64,32,physical_delete_median_v_ridge_94,median_v_ridge,94,12,13,0.08133629811747951,0.08319697564668338,0.9937932757541725,0.11240999098310574,0.9776352744226461,0.06263269762423386,0.07550438708580393,0.8921238583067098,0.4561071909294597,0.8295239527347921,0.07550438708580393,51.52914505048074,0.0012154810168667747,0.0015228496631607413,0.0025412458926439285,2.2160370349884033,0.4204545319080353,0.0025412458926439285,16.083417892456055,17.22637367248535,4.002730369567871,7.557079315185547,8.53189468383789,1.3963221311569214,940.0,-0.005823746107920497,-0.3836157735870079,-0.060937136626206354,-0.07328538491884179,0.05450705831986578,0.016084404327425444,94.0,0.4634379497774832,,,,
gov_report:133,gov_report,disagreement_replication,64,32,physical_delete_median_v_ridge_94,median_v_ridge,94,13,14,0.008255486270023671,0.016411187680886095,0.474963317586748,0.8804533805485824,0.5030401474013202,0.007630699897880644,0.07251803611643975,0.16243689848434784,0.9883761793121065,0.10522485586383348,0.07251803611643975,56.20349195429945,0.00013576914231744477,0.00021372984338086098,0.0003935332060791552,2.1870229244232178,0.373378723859787,0.0003935332060791552,18.676511764526367,18.8435115814209,3.2178964614868164,7.184635162353516,7.92407751083374,2.1868956089019775,940.0,-0.005823746107920497,-0.3836157735870079,-0.060937136626206354,-0.07328538491884179,0.05450705831986578,0.016084404327425444,94.0,0.4634379497774832,,,,
gov_report:133,gov_report,disagreement_replication,64,32,physical_delete_median_v_ridge_94,median_v_ridge,94,14,15,0.010440998126048331,0.015942048586858795,0.6637012332354455,0.7480491481560808,0.6549345317298155,0.010162381999706366,0.06903301002383963,0.08397403997953329,0.998472436757,0.14721047215233585,0.06903301002383963,54.486112025408296,0.00018651325304634293,0.00015271671873051673,0.00023278740991372615,1.3898833990097046,0.6315541863441467,0.00023278740991372615,19.606311798095703,19.149309158325195,9.803818702697754,10.820784568786621,9.443585395812988,1.7210760116577148,940.0,-0.005823746107920497,-0.3836157735870079,-0.060937136626206354,-0.07328538491884179,0.05450705831986578,0.016084404327425444,94.0,0.4634379497774832,5.395336295342605e-09,2.1313897391963166e-07,5.397047701320802e-09,2.1281219359014596e-07
gov_report:133,gov_report,disagreement_replication,64,32,physical_delete_median_v_ridge_94,median_v_ridge,94,15,16,0.02092907651781278,0.02986420800518,0.6679487308580565,0.7449323633116517,0.7008080212333974,0.01998568717020939,0.06590257346184226,0.31559201245316637,0.9489750960822845,0.30326110378346827,0.06590257346184226,57.755555108388144,0.0003460392187851513,0.0007184452842921019,0.0009244433022104204,2.190321922302246,0.4472484886646271,0.0009244433022104204,54.91199493408203,55.417510986328125,1426.1470947265625,6.593637466430664,7.683040618896484,2.0067007541656494,940.0,-0.005823746107920497,-0.3836157735870079,-0.060937136626206354,-0.07328538491884179,0.05450705831986578,0.016084404327425444,94.0,0.4634379497774832,,,,
gov_report:133,gov_report,disagreement_replication,64,32,physical_delete_median_v_ridge_94,median_v_ridge,94,16,17,0.060279955677036326,0.059688062458312804,0.9807673451233393,0.1973450901276493,1.009916442155195,0.053910670359586646,0.08468276309278303,0.6798962446100904,0.7345842373381115,0.6366191700726533,0.08468276309278303,61.18927367170201,0.0008810477249465787,0.002361499471589923,0.0017730508698150516,2.6264665126800537,0.3826189935207367,0.0017730508698150516,17.673377990722656,17.411752700805664,4.640710830688477,8.798898696899414,8.499988555908203,3.440253496170044,940.0,-0.005823746107920497,-0.3836157735870079,-0.060937136626206354,-0.07328538491884179,0.05450705831986578,0.016084404327425444,94.0,0.4634379497774832,,,,
gov_report:133,gov_report,disagreement_replication,64,32,physical_delete_median_v_ridge_94,median_v_ridge,94,17,18,0.11860486324410248,0.11905819932451386,0.9885686746588966,0.1509638876693218,0.9961923153299527,0.09953644677114842,0.13595705959427443,0.8088357343844658,0.5930181703742975,0.7321167953189553,0.13595705959427443,64.1557175794993,0.0015514820896174483,0.0019670806359499693,0.0023679493460804224,2.4062211513519287,0.40556207299232483,0.0023679493460804224,16.828001022338867,16.056903839111328,6.1014790534973145,10.809002876281738,9.296348571777344,3.730862855911255,940.0,-0.005823746107920497,-0.3836157735870079,-0.060937136626206354,-0.07328538491884179,0.05450705831986578,0.016084404327425444,94.0,0.4634379497774832,,,,
gov_report:133,gov_report,disagreement_replication,64,32,physical_delete_median_v_ridge_94,median_v_ridge,94,18,19,0.039011493007195634,0.04731320686832504,0.7983573499990596,0.6027527847220194,0.8245370709232734,0.038568046684638785,0.14132634347918765,0.36599436498111254,0.9352617656319911,0.27290061948230115,0.14132634347918765,69.19896484563732,0.0005573500524274147,0.0008082099375315011,0.001571596716530621,2.084632158279419,0.43761953711509705,0.001571596716530621,21.60590934753418,21.720813751220703,6.554647445678711,9.534915924072266,9.132110595703125,2.691887378692627,940.0,-0.005823746107920497,-0.3836157735870079,-0.060937136626206354,-0.07328538491884179,0.05450705831986578,0.016084404327425444,94.0,0.4634379497774832,1.587591755707146e-08,2.4229042946440744e-06,1.587056858020474e-08,2.4052093134234776e-06
gov_report:133,gov_report,disagreement_replication,64,32,physical_delete_median_v_ridge_94,median_v_ridge,94,19,20,0.09205668486066836,0.099035253988783,0.931007970327989,0.36500182234285483,0.9295344955756355,0.08486623800005022,0.16259120574435268,0.5175182602019778,0.8556836954367708,0.5219608133879523,0.16259120574435268,76.16447577205079,0.001114249617551922,0.001035609864629805,0.0018509704386815429,1.5703001022338867,0.6018748879432678,0.0018509704386815429,17.482351303100586,18.110525131225586,4.063092231750488,11.456877708435059,10.061067581176758,3.392561197280884,940.0,-0.005823746107920497,-0.3836157735870079,-0.060937136626206354,-0.07328538491884179,0.05450705831986578,0.016084404327425444,94.0,0.4634379497774832,,,,
gov_report:133,gov_report,disagreement_replication,64,32,physical_delete_median_v_ridge_94,median_v_ridge,94,20,21,0.07348921944676892,0.07738310258168504,0.8958608008876631,0.447582372012179,0.9496804469579678,0.07138215611253933,0.1768993157666987,0.4073943828881664,0.9132605536429725,0.4035185540608915,0.1768993157666987,81.13474799129219,0.000879797594493058,0.002047159941866994,0.0013509067939594388,2.12739634513855,0.5063005685806274,0.0013509067939594388,16.552154541015625,17.781784057617188,4.974728107452393,8.887308120727539,11.206721305847168,6.466297626495361,940.0,-0.005823746107920497,-0.3836157735870079,-0.060937136626206354,-0.07328538491884179,0.05450705831986578,0.016084404327425444,94.0,0.4634379497774832,,,,
gov_report:133,gov_report,disagreement_replication,64,32,physical_delete_median_v_ridge_94,median_v_ridge,94,21,22,0.28235162255831225,0.28076633333779527,0.9936339015756676,0.11329592758617742,1.0056462938475237,0.3257627240221085,0.3687022391830722,0.8543594282713464,0.5205011061319106,0.8835387730323956,0.3687022391830722,105.91519472861869,0.003075693953608775,0.0038243599701672792,0.005382889416068792,2.498460292816162,0.3824150860309601,0.005382889416068792,15.836149215698242,16.608867645263672,4.465116024017334,11.072759628295898,11.42073917388916,8.098069190979004,940.0,-0.005823746107920497,-0.3836157735870079,-0.060937136626206354,-0.07328538491884179,0.05450705831986578,0.016084404327425444,94.0,0.4634379497774832,,,,
gov_report:133,gov_report,disagreement_replication,64,32,physical_delete_median_v_ridge_94,median_v_ridge,94,22,23,0.11573596805152878,0.14156552197560957,0.7465061667783385,0.6691598025838708,0.8175434698815225,0.12100058631394073,0.4391147383289545,0.40178747571600004,0.9243923818712253,0.2755557392002075,0.4391147383289545,126.65204501737836,0.0009553780698711799,0.0024970772210508585,0.003967131022363901,1.683468222618103,0.5770376324653625,0.003967131022363901,18.2124080657959,18.831153869628906,4.743348121643066,9.509651184082031,11.192041397094727,10.957839012145996,940.0,-0.005823746107920497,-0.3836157735870079,-0.060937136626206354,-0.07328538491884179,0.05450705831986578,0.016084404327425444,94.0,0.4634379497774832,6.883396275157174e-08,6.3778338657114455e-06,6.875743770320557e-08,6.364004921431132e-06
gov_report:133,gov_report,disagreement_replication,64,32,physical_delete_median_v_ridge_94,median_v_ridge,94,23,24,0.11397309202963055,0.1502018474061748,0.7513092100319182,0.6599928604882739,0.7587995354106751,0.11721376977537742,0.5193663966985281,0.3798110806521039,0.9378155771210711,0.22568608697149775,0.5193663966985281,154.7738682362808,0.0007573227387225122,0.0019197872607037425,0.002580066677182913,1.882380485534668,0.5727493762969971,0.002580066677182913,16.583999633789062,17.33902931213379,4.533256530761719,11.661622047424316,14.039064407348633,14.270101547241211,940.0,-0.005823746107920497,-0.3836157735870079,-0.060937136626206354,-0.07328538491884179,0.05450705831986578,0.016084404327425444,94.0,0.4634379497774832,,,,
gov_report:133,gov_report,disagreement_replication,64,32,physical_delete_median_v_ridge_94,median_v_ridge,94,24,25,0.12129482748092803,0.14484110383427976,0.8363733337677663,0.5481612637047338,0.8374337413204732,0.13275095991293845,0.5987494487238636,0.33756969718366675,0.9484035586061653,0.22171370712052493,0.5987494487238636,195.8046905132729,0.0006779764037569862,0.0012455220567062497,0.0016552529996261,1.9402841329574585,0.5157549381256104,0.0016552529996261,18.429489135742188,17.720598220825195,5.87412691116333,14.347833633422852,16.982341766357422,78.85057067871094,940.0,-0.005823746107920497,-0.3836157735870079,-0.060937136626206354,-0.07328538491884179,0.05450705831986578,0.016084404327425444,94.0,0.4634379497774832,,,,
gov_report:133,gov_report,disagreement_replication,64,32,physical_delete_median_v_ridge_94,median_v_ridge,94,25,26,0.37634607279002136,0.3804623606118027,0.9764685705407401,0.2160340996902261,0.9891808277298123,0.405740068391184,0.7694241253987089,0.5658436143450971,0.8254116174368703,0.5273295377642767,0.7694241253987089,233.87617831083227,0.0017348499164029293,0.0019027185626327991,0.004108474589884281,1.9057334661483765,0.5208630561828613,0.004108474589884281,15.809593200683594,16.607892990112305,7.221128463745117,16.717674255371094,21.942895889282227,60.07572555541992,940.0,-0.005823746107920497,-0.3836157735870079,-0.060937136626206354,-0.07328538491884179,0.05450705831986578,0.016084404327425444,94.0,0.4634379497774832,,,,
gov_report:133,gov_report,disagreement_replication,64,32,physical_delete_median_v_ridge_94,median_v_ridge,94,26,27,0.4258480147706084,0.4947298972938457,0.909753047478149,0.41802973347031136,0.8607687085417343,0.4538426160165012,1.034717478708514,0.4678543152926576,0.8842891363727876,0.4386150087876802,1.034717478708514,294.8433138646447,0.0015392671112930483,0.009006471373140812,0.004853482823818922,2.7224080562591553,0.4566185772418976,0.004853482823818922,16.990890502929688,15.979045867919922,4.7563276290893555,15.456899642944336,27.54852867126465,172.9398956298828,940.0,-0.005823746107920497,-0.3836157735870079,-0.060937136626206354,-0.07328538491884179,0.05450705831986578,0.016084404327425444,94.0,0.4634379497774832,8.067478497591487e-07,7.946940437011605e-06,8.055091029778029e-07,7.937818452278905e-06
gov_report:133,gov_report,disagreement_replication,64,32,physical_delete_median_v_ridge_94,median_v_ridge,94,27,28,0.3255830436145005,0.29757658603107673,0.6567589832780906,0.8717499828287887,1.0941151249732364,0.308981816407013,1.240383792668405,0.13712185208500668,0.9968636330905382,0.24910178465191696,1.240383792668405,243.3006729704236,0.0012699587413166498,0.009968544356524944,0.004327178932726383,3.6669301986694336,0.1295222043991089,0.004327178932726383,16.219568252563477,15.111278533935547,3.218667984008789,14.680863380432129,27.168188095092773,157.20811462402344,940.0,-0.005823746107920497,-0.3836157735870079,-0.060937136626206354,-0.07328538491884179,0.05450705831986578,0.016084404327425444,94.0,0.4634379497774832,,,,
synthetic_niah_132,niah_single_1,disagreement_replication,64,32,physical_delete_median_v_ridge_43,median_v_ridge,43,0,1,0.0022422114134709346,0.002240836823455333,0.999957258682706,0.009268838371127467,1.0006134270917069,0.003106365387537174,0.0031031832091115447,0.9999245783181733,0.012330839683853517,1.0010254561884344,0.0031031832091115447,18.241865754163626,0.00017028770134590863,6.469692743849009e-05,0.00016970407159533352,1.5254979133605957,0.5544188618659973,0.00016970407159533352,778.5771484375,778.9127807617188,1847.3919677734375,4.936966896057129,4.077685832977295,0.8825215697288513,1284.0,-0.2666751716041531,0.6512436402242255,-0.2609572064410118,-0.25926864182824355,0.054863451762678705,-0.15119960530185814,43.0,0.4300383012689889,7.154480211944326e-10,7.309558507814955e-10,7.154498302528007e-10,7.309592308165793e-10
synthetic_niah_132,niah_single_1,disagreement_replication,64,32,physical_delete_median_v_ridge_43,median_v_ridge,43,1,2,0.0029471288153576905,0.0029884907884002955,0.9888594210556392,0.1488769107045397,0.9861595782047748,0.003527435441212046,0.004541582368936232,0.7519491481791483,0.659685498518258,0.7766974491840543,0.004541582368936232,22.073946879540358,0.00015980084850532615,0.00013671262422576547,0.00023301391047425568,2.7479593753814697,0.23510853946208954,0.00023301391047425568,91.35060119628906,91.21250915527344,3896.2314453125,4.397514343261719,4.026113510131836,0.5717785358428955,1284.0,-0.2666751716041531,0.6512436402242255,-0.2609572064410118,-0.25926864182824355,0.054863451762678705,-0.15119960530185814,43.0,0.4300383012689889,,,,
synthetic_niah_132,niah_single_1,disagreement_replication,64,32,physical_delete_median_v_ridge_43,median_v_ridge,43,2,3,0.0012583457219827914,0.0016705104379675243,0.8396798990901365,0.549912996906897,0.753270194177173,0.001125936575958988,0.004890754830059401,0.2216948964635062,0.9751533238189316,0.23021734171559627,0.004890754830059401,26.27153721254843,4.2857658722048126e-05,4.977991557097994e-05,6.330575706670061e-05,2.0465447902679443,0.3958561420440674,6.330575706670061e-05,26.533315658569336,27.557661056518555,46.977134704589844,5.413815975189209,6.001667022705078,1.3752155303955078,1284.0,-0.2666751716041531,0.6512436402242255,-0.2609572064410118,-0.25926864182824355,0.054863451762678705,-0.15119960530185814,43.0,0.4300383012689889,,,,
synthetic_niah_132,niah_single_1,disagreement_replication,64,32,physical_delete_median_v_ridge_43,median_v_ridge,43,3,4,0.0010980551703645238,0.0014482208401837135,0.733251610232282,0.6804153034353212,0.7582097563416023,0.001075181610744096,0.005117272793340351,0.24374322026991668,0.9704228711291485,0.21010832413377373,0.005117272793340351,32.40159849995054,3.3182980486155254e-05,2.3200720534077846e-05,2.6141149646718986e-05,1.8045848608016968,0.49343255162239075,2.6141149646718986e-05,20.96460723876953,22.03193473815918,9.20744800567627,8.336517333984375,6.517956256866455,1.4428188800811768,1284.0,-0.2666751716041531,0.6512436402242255,-0.2609572064410118,-0.25926864182824355,0.054863451762678705,-0.15119960530185814,43.0,0.4300383012689889,,,,
synthetic_niah_132,niah_single_1,disagreement_replication,64,32,physical_delete_median_v_ridge_43,median_v_ridge,43,4,5,0.0001609331812513914,0.0006902596657645648,0.20727752072574968,0.9786242129290753,0.23314875435048646,0.00016289093990964047,0.004901241754554663,0.012585806798887189,1.000133976639681,0.033234626665429826,0.004901241754554663,34.469395260389334,4.725668630944256e-06,3.5080254292552127e-06,4.0867844290914945e-06,1.185386061668396,0.7180435061454773,4.0867844290914945e-06,20.64034080505371,19.15361976623535,6.772961139678955,7.957252502441406,6.701077461242676,1.8816447257995605,1284.0,-0.2666751716041531,0.6512436402242255,-0.2609572064410118,-0.25926864182824355,0.054863451762678705,-0.15119960530185814,43.0,0.4300383012689889,2.44575694496005e-12,1.659043841530726e-09,2.4423924865115784e-12,1.6590565812551692e-09
synthetic_niah_132,niah_single_1,disagreement_replication,64,32,physical_delete_median_v_ridge_43,median_v_ridge,43,5,6,0.0023144033171542985,0.002898854057684701,0.8531474010744116,0.5245363358384683,0.798385593444742,0.00185115779959619,0.004412808532878785,0.4732081256040655,0.8825865436362763,0.41949651470342625,0.004412808532878785,34.72327784119063,5.3311723854602416e-05,4.8827059799805284e-05,7.452265708707273e-05,1.6502143144607544,0.5802988409996033,7.452265708707273e-05,18.911930084228516,17.994247436523438,5.088830947875977,8.189901351928711,7.7479777336120605,1.5128413438796997,1284.0,-0.2666751716041531,0.6512436402242255,-0.2609572064410118,-0.25926864182824355,0.054863451762678705,-0.15119960530185814,43.0,0.4300383012689889,,,,
synthetic_niah_132,niah_single_1,disagreement_replication,64,32,physical_delete_median_v_ridge_43,median_v_ridge,43,6,7,0.0005948202614283912,0.001389804396872936,0.46558890044368295,0.8857995077533838,0.4279884728863563,0.0005804659273756032,0.003958460574685013,0.1277234098595805,0.9919901924174259,0.14663931001050648,0.003958460574685013,38.07534364489573,1.5245192079925425e-05,8.009393241081852e-06,1.7693211702862754e-05,1.2301793098449707,0.633415699005127,1.7693211702862754e-05,21.631254196166992,19.85967254638672,7.194948673248291,8.137248039245605,6.794419288635254,1.2044223546981812,1284.0,-0.2666751716041531,0.6512436402242255,-0.2609572064410118,-0.25926864182824355,0.054863451762678705,-0.15119960530185814,43.0,0.4300383012689889,,,,
synthetic_niah_132,niah_single_1,disagreement_replication,64,32,physical_delete_median_v_ridge_43,median_v_ridge,43,7,8,0.001272774550008192,0.0015984320090907003,0.8044285805072092,0.5941054723222664,0.7962644283707976,0.0011163947164031188,0.0034776368217673565,0.2973965354667002,0.9550462918802418,0.32102107655846596,0.0034776368217673565,38.08968329901931,2.9309635043142048e-05,4.2462674173293635e-05,4.2728177504613996e-05,2.1677732467651367,0.3789805471897125,4.2728177504613996e-05,34.526588439941406,33.48217010498047,198.29165649414062,7.124953269958496,6.122788429260254,1.302572250366211,1284.0,-0.2666751716041531,0.6512436402242255,-0.2609572064410118,-0.25926864182824355,0.054863451762678705,-0.15119960530185814,43.0,0.4300383012689889,1.309889668224369e-10,2.520869912769243e-09,1.3098655505793556e-10,2.520880963118632e-09
synthetic_niah_132,niah_single_1,disagreement_replication,64,32,physical_delete_median_v_ridge_43,median_v_ridge,43,8,9,0.001474707317275132,0.0015537911442723362,0.9104423003899883,0.4154388541309993,0.9491026658964257,0.0012935722496956778,0.0033526129813296036,0.36617949186475357,0.9307519089349693,0.38584001699553866,0.0033526129813296036,39.28394155725044,3.292877950677354e-05,2.7960346415056847e-05,6.644240784225985e-05,1.496236801147461,0.5895617604255676,6.644240784225985e-05,20.258270263671875,21.30269432067871,13.474564552307129,8.789854049682617,8.286394119262695,3.0898756980895996,1284.0,-0.2666751716041531,0.6512436402242255,-0.2609572064410118,-0.25926864182824355,0.054863451762678705,-0.15119960530185814,43.0,0.4300383012689889,,,,
synthetic_niah_132,niah_single_1,disagreement_replication,64,32,physical_delete_median_v_ridge_43,median_v_ridge,43,9,10,0.0009796101578097762,0.0010123185013488536,0.9210568591690862,0.39221025145164756,0.9676896712887343,0.0008727109711111784,0.003371206146012626,0.3113972874770133,0.9517303358921103,0.2588720277884513,0.003371206146012626,39.43065231272068,2.2132805822987464e-05,3.666209158836864e-05,3.535580253810622e-05,1.9287837743759155,0.4845144748687744,3.535580253810622e-05,21.721559524536133,19.84851837158203,6.727564811706543,7.517180919647217,7.607745170593262,3.1699113845825195,1284.0,-0.2666751716041531,0.6512436402242255,-0.2609572064410118,-0.25926864182824355,0.054863451762678705,-0.15119960530185814,43.0,0.4300383012689889,,,,
synthetic_niah_132,niah_single_1,disagreement_replication,64,32,physical_delete_median_v_ridge_43,median_v_ridge,43,10,11,0.0008115637962649041,0.001251619631337232,0.6304074592310902,0.7764731539362985,0.6484108877373778,0.0006830796491068227,0.003156149885151614,0.32262527587839746,0.9524656230225536,0.21642813996902724,0.003156149885151614,41.381608641060495,1.6506841361141375e-05,2.0050712919328362e-05,2.5427430955460295e-05,2.278341054916382,0.40271446108818054,2.5427430955460295e-05,21.791648864746094,20.04023551940918,10.971686363220215,8.587150573730469,8.531750679016113,3.9485585689544678,1284.0,-0.2666751716041531,0.6512436402242255,-0.2609572064410118,-0.25926864182824355,0.054863451762678705,-0.15119960530185814,43.0,0.4300383012689889,2.8015939828669162e-11,3.547543763064278e-09,2.8015271359137473e-11,3.547572089750343e-09
synthetic_niah_132,niah_single_1,disagreement_replication,64,32,physical_delete_median_v_ridge_43,median_v_ridge,43,11,12,0.0006679514228830566,0.0012382241153500691,0.596070931022864,0.8049261825776594,0.5394430738366085,0.0006102112155635114,0.0028683614252756153,0.23007066830241468,0.9733282529120393,0.21273860755008495,0.0028683614252756153,42.00677906606301,1.4526493797676025e-05,2.0027226128149778e-05,3.4666871215449646e-05,2.0311439037323,0.4586123526096344,3.4666871215449646e-05,21.289199829101562,19.456226348876953,7.347265243530273,7.000701427459717,7.334367752075195,1.139603853225708,1284.0,-0.2666751716041531,0.6512436402242255,-0.2609572064410118,-0.25926864182824355,0.054863451762678705,-0.15119960530185814,43.0,0.4300383012689889,,,,
synthetic_niah_132,niah_single_1,disagreement_replication,64,32,physical_delete_median_v_ridge_43,median_v_ridge,43,12,13,0.0022839726034526615,0.002335722953233141,0.9840983237569332,0.17773465089901014,0.977843969162162,0.001987650005587789,0.0034886334392790156,0.6205464202738412,0.7858131994699628,0.5697503163297575,0.0034886334392790156,43.63525901559348,4.5551465728150786e-05,5.8875593822449446e-05,6.462690362241119e-05,1.9722915887832642,0.45236125588417053,6.462690362241119e-05,20.161195755004883,18.473459243774414,6.916186809539795,8.935403823852539,8.68203067779541,1.4201111793518066,1284.0,-0.2666751716041531,0.6512436402242255,-0.2609572064410118,-0.25926864182824355,0.054863451762678705,-0.15119960530185814,43.0,0.4300383012689889,,,,
synthetic_niah_132,niah_single_1,disagreement_replication,64,32,physical_delete_median_v_ridge_43,median_v_ridge,43,13,14,0.0009632704876540123,0.001112256366779661,0.8581103603563881,0.5135266883253508,0.8660507742859584,0.0009133348827896465,0.0035477712055644864,0.3445869749258031,0.9427908441745806,0.2574390595867993,0.0035477712055644864,50.39764137212048,1.812257196811784e-05,1.3899294572183862e-05,2.541072535677813e-05,2.1422922611236572,0.3484064042568207,2.541072535677813e-05,21.895614624023438,19.816694259643555,6.172203540802002,8.892217636108398,7.872828006744385,2.4825081825256348,1284.0,-0.2666751716041531,0.6512436402242255,-0.2609572064410118,-0.25926864182824355,0.054863451762678705,-0.15119960530185814,43.0,0.4300383012689889,,,,
synthetic_niah_132,niah_single_1,disagreement_replication,64,32,physical_delete_median_v_ridge_43,median_v_ridge,43,14,15,0.0017488947153846543,0.0019561084017565085,0.8969208771007133,0.4422002677835372,0.8940684032716262,0.001395343941517269,0.0036471472668380945,0.428788546669121,0.9045856218867091,0.38258502863443916,0.0036471472668380945,49.643633423009035,2.8107208222002324e-05,3.978252425440587e-05,4.754094698000699e-05,1.352864384651184,0.6221620440483093,4.754094698000699e-05,19.823030471801758,20.172863006591797,12.678231239318848,9.578289031982422,9.9994535446167,2.7669403553009033,1284.0,-0.2666751716041531,0.6512436402242255,-0.2609572064410118,-0.25926864182824355,0.054863451762678705,-0.15119960530185814,43.0,0.4300383012689889,4.5603571475023245e-10,5.164759377735328e-09,4.5603513933730505e-10,5.164769297321565e-09
synthetic_niah_132,niah_single_1,disagreement_replication,64,32,physical_delete_median_v_ridge_43,median_v_ridge,43,15,16,0.002095418412045649,0.002345592080672707,0.8677172625842242,0.49771822733334165,0.8933430622108388,0.0020838955007337723,0.003954984705911181,0.5173428454869948,0.8558316349528294,0.5269035548024118,0.003954984705911181,50.28343394745797,4.144298304907478e-05,3.637993359006941e-05,6.0887945437571034e-05,2.236213207244873,0.43015655875205994,6.0887945437571034e-05,57.334320068359375,55.7138671875,1390.9520263671875,8.945145606994629,8.676300048828125,3.4295926094055176,1284.0,-0.2666751716041531,0.6512436402242255,-0.2609572064410118,-0.25926864182824355,0.054863451762678705,-0.15119960530185814,43.0,0.4300383012689889,,,,
synthetic_niah_132,niah_single_1,disagreement_replication,64,32,physical_delete_median_v_ridge_43,median_v_ridge,43,16,17,0.003503790197099201,0.0032466266833935755,0.968605340905289,0.2720973401228753,1.0792094499256755,0.0031703254181458074,0.004906359949918465,0.6407428169027467,0.7677747448862322,0.6461664962430024,0.004906359949918465,53.51230246873807,5.924479553085786e-05,0.00012574989523272961,0.00013416704314295202,2.952193260192871,0.2090560644865036,0.00013416704314295202,20.874530792236328,18.53780746459961,6.940854549407959,8.394195556640625,9.207469940185547,3.3237881660461426,1284.0,-0.2666751716041531,0.6512436402242255,-0.2609572064410118,-0.25926864182824355,0.054863451762678705,-0.15119960530185814,43.0,0.4300383012689889,,,,
synthetic_niah_132,niah_single_1,disagreement_replication,64,32,physical_delete_median_v_ridge_43,median_v_ridge,43,17,18,0.00023944942871854206,0.0008174159775965657,0.30535240911885914,0.9523203809840378,0.2929346076921461,0.00023565938195288418,0.0048977949895984375,0.1596077832597752,0.99345654473558,0.048115403452647476,0.0048977949895984375,59.31365844816212,3.973104814616039e-06,5.489915110956645e-06,5.320699983712984e-06,2.0247819423675537,0.4636494219303131,5.320699983712984e-06,19.973737716674805,17.132732391357422,8.119804382324219,10.540718078613281,9.790154457092285,4.54671049118042,1284.0,-0.2666751716041531,0.6512436402242255,-0.2609572064410118,-0.25926864182824355,0.054863451762678705,-0.15119960530185814,43.0,0.4300383012689889,,,,
synthetic_niah_132,niah_single_1,disagreement_replication,64,32,physical_delete_median_v_ridge_43,median_v_ridge,43,18,19,0.0014690192127950153,0.001776059068570577,0.8435213018939421,0.5373459958521286,0.8271229480995381,0.0014314993014368379,0.005184609543887358,0.28356842632970003,0.9589810439191556,0.27610551755523655,0.005184609543887358,68.82751138792895,2.0798359152760185e-05,1.854843139881268e-05,2.9840730348951183e-05,2.163158416748047,0.3944883346557617,2.9840730348951183e-05,25.039352416992188,22.769367218017578,7.734595775604248,10.993611335754395,9.650589942932129,3.704442262649536,1284.0,-0.2666751716041531,0.6512436402242255,-0.2609572064410118,-0.25926864182824355,0.054863451762678705,-0.15119960530185814,43.0,0.4300383012689889,7.154875182043908e-10,7.816613032854048e-09,7.154831708435461e-10,7.816879733736241e-09
synthetic_niah_132,niah_single_1,disagreement_replication,64,32,physical_delete_median_v_ridge_43,median_v_ridge,43,19,20,0.005360334904390964,0.0053529947826041055,0.988223369949927,0.15358202039361313,1.0013712178107685,0.004515754135145897,0.006910040563266537,0.653119147356848,0.757255260227029,0.6535061688568722,0.006910040563266537,79.53328569912684,5.677816646767146e-05,9.998420136980712e-05,0.00016911260900087655,1.1583147048950195,0.6812272071838379,0.00016911260900087655,21.141830444335938,19.555871963500977,8.408392906188965,10.312484741210938,10.144048690795898,2.7507898807525635,1284.0,-0.2666751716041531,0.6512436402242255,-0.2609572064410118,-0.25926864182824355,0.054863451762678705,-0.15119960530185814,43.0,0.4300383012689889,,,,
synthetic_niah_132,niah_single_1,disagreement_replication,64,32,physical_delete_median_v_ridge_43,median_v_ridge,43,20,21,0.0038889545747148283,0.0043182041005782315,0.956231351218306,0.29785393486138634,0.9005953595834147,0.00412888335469361,0.008528191301209695,0.5863864458856725,0.8164583254127614,0.4841452552908777,0.008528191301209695,90.78635570510643,4.5479117678267754e-05,3.120454857707955e-05,5.775651152362116e-05,2.444829225540161,0.34685882925987244,5.775651152362116e-05,21.86420249938965,19.23114585876465,7.111196994781494,12.499754905700684,11.050212860107422,5.306459426879883,1284.0,-0.2666751716041531,0.6512436402242255,-0.2609572064410118,-0.25926864182824355,0.054863451762678705,-0.15119960530185814,43.0,0.4300383012689889,,,,
synthetic_niah_132,niah_single_1,disagreement_replication,64,32,physical_delete_median_v_ridge_43,median_v_ridge,43,21,22,0.008935771601006332,0.008852988813490654,0.9938202256175278,0.11208282118778405,1.0093508293368143,0.009204313886176698,0.011896179792057596,0.6682364218753224,0.7513899780585399,0.7737201393275761,0.011896179792057596,121.70487122165501,7.562814695735014e-05,8.507163147442043e-05,0.00014342858048621565,2.4466116428375244,0.3820800483226776,0.00014342858048621565,19.578697204589844,17.42411994934082,5.410907745361328,13.188791275024414,11.127500534057617,7.894530773162842,1284.0,-0.2666751716041531,0.6512436402242255,-0.2609572064410118,-0.25926864182824355,0.054863451762678705,-0.15119960530185814,43.0,0.4300383012689889,,,,
synthetic_niah_132,niah_single_1,disagreement_replication,64,32,physical_delete_median_v_ridge_43,median_v_ridge,43,22,23,0.001151939951336306,0.0015014383216444113,0.7261591608148141,0.6887519278058506,0.7672242906885937,0.001193662146296778,0.012817011825751548,0.3209477454541522,0.974111378647176,0.09313107942199979,0.012817011825751548,137.94071369976137,8.653443311123326e-06,1.5241374967445154e-05,1.646042801439762e-05,1.412867546081543,0.6103174686431885,1.646042801439762e-05,21.380332946777344,19.89716339111328,6.991460800170898,13.051065444946289,10.997014999389648,10.16834545135498,1284.0,-0.2666751716041531,0.6512436402242255,-0.2609572064410118,-0.25926864182824355,0.054863451762678705,-0.15119960530185814,43.0,0.4300383012689889,9.147113926236625e-11,1.1802515342184745e-08,9.146772019254499e-11,1.1802879522246595e-08
synthetic_niah_132,niah_single_1,disagreement_replication,64,32,physical_delete_median_v_ridge_43,median_v_ridge,43,23,24,0.0036369018356045535,0.0036343847267733074,0.9630603776476794,0.2719023571005944,1.0006925818317207,0.0036460874638058415,0.013597008840751162,0.1346303653379092,0.9998515542761246,0.2681536436806799,0.013597008840751162,166.64040597577642,2.187997228196775e-05,4.272569276508875e-05,5.8774898207047954e-05,1.18156099319458,0.7148981690406799,5.8774898207047954e-05,19.909156799316406,18.810340881347656,9.123043060302734,15.380556106567383,13.439480781555176,10.45629596710205,1284.0,-0.2666751716041531,0.6512436402242255,-0.2609572064410118,-0.25926864182824355,0.054863451762678705,-0.15119960530185814,43.0,0.4300383012689889,,,,
synthetic_niah_132,niah_single_1,disagreement_replication,64,32,physical_delete_median_v_ridge_43,median_v_ridge,43,24,25,0.011848258218790087,0.011593185955464632,0.989134289501201,0.150644077137001,1.022001912529077,0.011981488367595697,0.018135235070801586,0.6062880673065527,0.7971026718870912,0.6606745554065823,0.018135235070801586,198.4185885719199,6.038490876197731e-05,6.441348523367196e-05,0.000102654354122933,1.4599884748458862,0.6120556592941284,0.000102654354122933,18.98691177368164,18.42216682434082,5.993766784667969,20.6771240234375,15.331140518188477,60.29978561401367,1284.0,-0.2666751716041531,0.6512436402242255,-0.2609572064410118,-0.25926864182824355,0.054863451762678705,-0.15119960530185814,43.0,0.4300383012689889,,,,
synthetic_niah_132,niah_single_1,disagreement_replication,64,32,physical_delete_median_v_ridge_43,median_v_ridge,43,25,26,0.0005847519281856696,0.0016716029135530983,0.36496816612561866,0.9311433044106155,0.3498150927140598,0.0006319413114370604,0.019459600525193552,-0.03211601197994411,1.0015690188028434,0.03247452642303277,0.019459600525193552,223.28016255492082,2.8302617850415622e-06,6.258193025132641e-06,7.461185759893851e-06,1.364150881767273,0.6649051904678345,7.461185759893851e-06,20.47598648071289,17.7251033782959,7.905770778656006,27.350051879882812,20.012845993041992,54.71805191040039,1284.0,-0.2666751716041531,0.6512436402242255,-0.2609572064410118,-0.25926864182824355,0.054863451762678705,-0.15119960530185814,43.0,0.4300383012689889,,,,
synthetic_niah_132,niah_single_1,disagreement_replication,64,32,physical_delete_median_v_ridge_43,median_v_ridge,43,26,27,0.005300378884709921,0.0055228565083184425,0.8713836279888969,0.49849106797625115,0.9597169285000563,0.005888734943074426,0.022713263972761952,0.2700207912574287,0.9629145744806723,0.25926414407617837,0.022713263972761952,273.7945637454184,2.15078592595795e-05,1.704828355286736e-05,3.0819101084489375e-05,1.7338314056396484,0.6365931630134583,3.0819101084489375e-05,19.495769500732422,17.689687728881836,8.793983459472656,38.13288879394531,24.955821990966797,151.2533721923828,1284.0,-0.2666751716041531,0.6512436402242255,-0.2609572064410118,-0.25926864182824355,0.054863451762678705,-0.15119960530185814,43.0,0.4300383012689889,6.21736335930844e-10,1.7443033741352637e-08,6.217306139476998e-10,1.744291585822244e-08
synthetic_niah_132,niah_single_1,disagreement_replication,64,32,physical_delete_median_v_ridge_43,median_v_ridge,43,27,28,0.007239062599652621,0.007161834230523632,0.9463612759100195,0.3294700829537132,1.010783322629815,0.008364278137032609,0.026308242341101847,0.2493738890299942,0.9708311480237003,0.31793374975738853,0.026308242341101847,213.887290401293,3.910600822208576e-05,4.049842755193822e-05,2.7261174182058312e-05,2.8519697189331055,0.2287539839744568,2.7261174182058312e-05,17.471494674682617,16.397876739501953,5.076676845550537,35.81280517578125,24.79955291748047,133.3338165283203,1284.0,-0.2666751716041531,0.6512436402242255,-0.2609572064410118,-0.25926864182824355,0.054863451762678705,-0.15119960530185814,43.0,0.4300383012689889,,,,
synthetic_niah_132,niah_single_1,disagreement_replication,64,32,physical_delete_low_aor_93,low_aor,93,0,1,0.0003797140284963948,0.0003796506598638739,0.9984953785878206,0.054861397777256994,1.0001669130050863,0.0005540671434596096,0.0005571980437418222,0.9976236859517449,0.06897460614106754,0.9943809919697721,0.0005571980437418222,18.241865754163626,3.0373381260803668e-05,6.610224954783916e-05,0.000131686421809718,1.5254979133605957,0.5544188618659973,0.000131686421809718,779.23828125,778.9127807617188,1847.3919677734375,3.605106830596924,4.077685832977295,0.8825215697288513,1234.0,-0.28345051372200414,-0.05268484170576074,-0.2900869646368227,-0.2915506620389154,-0.5597977053519719,1.3009327592470856,93.0,0.41726770559985626,1.187723562274577e-11,1.2564626951177237e-11,1.1874094485879437e-11,1.256157693171729e-11
synthetic_niah_132,niah_single_1,disagreement_replication,64,32,physical_delete_low_aor_93,low_aor,93,1,2,0.013513420548241336,0.013529001436802452,0.9999634454313586,0.008622718489865346,0.9988483341779585,0.01628288898114321,0.01631271293924152,0.9994350885167538,0.03363182871913802,0.9981717352466513,0.01631271293924152,22.073946879540358,0.0007376519056605733,0.0005558771663345397,0.0013660771073773503,2.7479593753814697,0.23510853946208954,0.0013660771073773503,91.82147979736328,91.21250915527344,3896.2314453125,3.867487907409668,4.026113510131836,0.5717785358428955,1234.0,-0.28345051372200414,-0.05268484170576074,-0.2900869646368227,-0.2915506620389154,-0.5597977053519719,1.3009327592470856,93.0,0.41726770559985626,,,,
synthetic_niah_132,niah_single_1,disagreement_replication,64,32,physical_delete_low_aor_93,low_aor,93,2,3,0.000333884931977086,0.004458048167273693,-0.038313114516970254,1.0056580694806128,0.07489486866205673,0.00034530038788453037,0.016213535541603662,0.18604648729013426,0.9962575387256165,0.021297044497080562,0.016213535541603662,26.27153721254843,1.3143516692262676e-05,5.834197509102523e-06,1.2073368452547584e-05,2.0465447902679443,0.3958561420440674,1.2073368452547584e-05,31.706161499023438,27.557661056518555,46.977134704589844,6.448360443115234,6.001667022705078,1.3752155303955078,1234.0,-0.28345051372200414,-0.05268484170576074,-0.2900869646368227,-0.2915506620389154,-0.5597977053519719,1.3009327592470856,93.0,0.41726770559985626,,,,
synthetic_niah_132,niah_single_1,disagreement_replication,64,32,physical_delete_low_aor_93,low_aor,93,3,4,1.4893791018423866e-05,0.0036607820727785024,-0.07415158357433983,1.0003099118864565,0.004068472452696318,1.4971764319208818e-05,0.015866855131858055,0.08560361361070117,0.9999196674621267,0.0009435873835608393,0.015866855131858055,32.40159849995054,4.620686945192433e-07,4.2201659766760713e-07,6.278237947299203e-07,1.8045848608016968,0.49343255162239075,6.278237947299203e-07,27.1903076171875,22.03193473815918,9.20744800567627,6.263238906860352,6.517956256866455,1.4428188800811768,1234.0,-0.28345051372200414,-0.05268484170576074,-0.2900869646368227,-0.2915506620389154,-0.5597977053519719,1.3009327592470856,93.0,0.41726770559985626,,,,
synthetic_niah_132,niah_single_1,disagreement_replication,64,32,physical_delete_low_aor_93,low_aor,93,4,5,0.00020377400643588656,0.002725835567741852,0.05068046395596593,0.9990050788132949,0.07475652928129406,0.0002013064362883535,0.01578481586401599,0.1024213799840624,0.9987743733434397,0.012753169756466003,0.01578481586401599,34.469395260389334,5.840149929165881e-06,5.4631523198622745e-06,6.844792096671881e-06,1.185386061668396,0.7180435061454773,6.844792096671881e-06,22.152610778808594,19.15361976623535,6.772961139678955,7.228839874267578,6.701077461242676,1.8816447257995605,1234.0,-0.28345051372200414,-0.05268484170576074,-0.2900869646368227,-0.2915506620389154,-0.5597977053519719,1.3009327592470856,93.0,0.41726770559985626,7.197220218548727e-12,3.0309336118357116e-08,7.194585356250324e-12,3.030853396740137e-08
synthetic_niah_132,niah_single_1,disagreement_replication,64,32,physical_delete_low_aor_93,low_aor,93,5,6,0.0002240669722698673,0.005056250396915549,-0.15112466819169668,1.007649710712792,0.04431484888615372,0.00016377127351877886,0.01275169878942864,0.019967575278403194,0.9998260119454901,0.012843094572979394,0.01275169878942864,34.72327784119063,4.716469288060833e-06,3.2376137824030593e-06,7.574688879685709e-06,1.6502143144607544,0.5802988409996033,7.574688879685709e-06,20.441059112548828,17.994247436523438,5.088830947875977,8.422008514404297,7.7479777336120605,1.5128413438796997,1234.0,-0.28345051372200414,-0.05268484170576074,-0.2900869646368227,-0.2915506620389154,-0.5597977053519719,1.3009327592470856,93.0,0.41726770559985626,,,,
synthetic_niah_132,niah_single_1,disagreement_replication,64,32,physical_delete_low_aor_93,low_aor,93,6,7,0.00021200681308347613,0.001410874162039934,-0.02614350173938338,1.01510439301169,0.15026628085451846,0.00022069322841849725,0.011696726374385501,0.010707697185246105,0.9999759671707693,0.01886794829207857,0.011696726374385501,38.07534364489573,5.796224204218909e-06,5.145553586771712e-06,9.523797416477464e-06,1.2301793098449707,0.633415699005127,9.523797416477464e-06,20.46308135986328,19.85967254638672,7.194948673248291,7.511297702789307,6.794419288635254,1.2044223546981812,1234.0,-0.28345051372200414,-0.05268484170576074,-0.2900869646368227,-0.2915506620389154,-0.5597977053519719,1.3009327592470856,93.0,0.41726770559985626,,,,
synthetic_niah_132,niah_single_1,disagreement_replication,64,32,physical_delete_low_aor_93,low_aor,93,7,8,0.0003650748161886629,0.0025608430756192896,0.20602150181475096,0.98060310630004,0.142560401168032,0.0003336603176059924,0.010026128242468707,0.044556756394504515,0.9990705087522876,0.03327907937509446,0.010026128242468707,38.08968329901931,8.759860642227578e-06,1.2172810784250032e-05,1.7681904864730313e-05,2.1677732467651367,0.3789805471897125,1.7681904864730313e-05,33.01581573486328,33.48217010498047,198.29165649414062,6.50049352645874,6.122788429260254,1.302572250366211,1234.0,-0.28345051372200414,-0.05268484170576074,-0.2900869646368227,-0.2915506620389154,-0.5597977053519719,1.3009327592470856,93.0,0.41726770559985626,1.510179263166022e-11,2.8970103172320095e-08,1.509878309946583e-11,2.8969327262142458e-08
synthetic_niah_132,niah_single_1,disagreement_replication,64,32,physical_delete_low_aor_93,low_aor,93,8,9,0.0012995799702587606,0.0018458861977403798,0.6669094506027817,0.7460633706194094,0.7040412197943874,0.0010938421649330022,0.009137655656189271,0.12805968716563518,0.9918016346064885,0.11970708966167953,0.009137655656189271,39.28394155725044,2.7844511563049032e-05,1.9325709217810072e-05,5.89340525039006e-05,1.496236801147461,0.5895617604255676,5.89340525039006e-05,24.89667510986328,21.30269432067871,13.474564552307129,9.0471830368042,8.286394119262695,3.0898756980895996,1234.0,-0.28345051372200414,-0.05268484170576074,-0.2900869646368227,-0.2915506620389154,-0.5597977053519719,1.3009327592470856,93.0,0.41726770559985626,,,,
synthetic_niah_132,niah_single_1,disagreement_replication,64,32,physical_delete_low_aor_93,low_aor,93,9,10,0.0009644086543899819,0.001507274073568398,0.5546957372544373,0.8363979633815785,0.6398362920864096,0.0007680415618734061,0.009046668284464173,0.16834989212868925,0.9892535458181114,0.08489772562926425,0.009046668284464173,39.43065231272068,1.9478286988055457e-05,1.9927674657083116e-05,3.956839282182045e-05,1.9287837743759155,0.4845144748687744,3.956839282182045e-05,21.685089111328125,19.84851837158203,6.727564811706543,8.379359245300293,7.607745170593262,3.1699113845825195,1234.0,-0.28345051372200414,-0.05268484170576074,-0.2900869646368227,-0.2915506620389154,-0.5597977053519719,1.3009327592470856,93.0,0.41726770559985626,,,,
synthetic_niah_132,niah_single_1,disagreement_replication,64,32,physical_delete_low_aor_93,low_aor,93,10,11,0.0008399549662521444,0.0020353759170077803,0.2905643793794665,0.964616032525253,0.4126780508865251,0.0007171827916964845,0.008371374462226747,0.1202759979914244,0.993343445320382,0.08567085308781149,0.008371374462226747,41.381608641060495,1.733095486734817e-05,2.136977855116129e-05,4.686442844104022e-05,2.278341054916382,0.40271446108818054,4.686442844104022e-05,24.451847076416016,20.04023551940918,10.971686363220215,8.273910522460938,8.531750679016113,3.9485585689544678,1234.0,-0.28345051372200414,-0.05268484170576074,-0.2900869646368227,-0.2915506620389154,-0.5597977053519719,1.3009327592470856,93.0,0.41726770559985626,1.2736384838211687e-10,2.465123022906001e-08,1.2736022930923411e-10,2.4650676619138894e-08
synthetic_niah_132,niah_single_1,disagreement_replication,64,32,physical_delete_low_aor_93,low_aor,93,11,12,0.0004215629266805588,0.0013930114646083177,0.3299782363037355,0.9443846948567868,0.3026270331515846,0.00035149090383192156,0.007771373509405521,0.0916754943207917,0.9968715499669821,0.04522892940437362,0.007771373509405521,42.00677906606301,8.36748047926123e-06,1.1419222573749721e-05,1.771253300830722e-05,2.0311439037323,0.4586123526096344,1.771253300830722e-05,23.22681427001953,19.456226348876953,7.347265243530273,7.704711437225342,7.334367752075195,1.139603853225708,1234.0,-0.28345051372200414,-0.05268484170576074,-0.2900869646368227,-0.2915506620389154,-0.5597977053519719,1.3009327592470856,93.0,0.41726770559985626,,,,
synthetic_niah_132,niah_single_1,disagreement_replication,64,32,physical_delete_low_aor_93,low_aor,93,12,13,0.0018163169315623202,0.002037354303094377,0.8957405966667369,0.44459723501684406,0.8915076424378712,0.0015341121322688391,0.0077564294185459215,0.24302461408881265,0.9710744466884983,0.19778586892065542,0.0077564294185459215,43.63525901559348,3.515762635259273e-05,1.917611552926246e-05,4.033853474538773e-05,1.9722915887832642,0.45236125588417053,4.033853474538773e-05,21.68267059326172,18.473459243774414,6.916186809539795,9.831100463867188,8.68203067779541,1.4201111793518066,1234.0,-0.28345051372200414,-0.05268484170576074,-0.2900869646368227,-0.2915506620389154,-0.5597977053519719,1.3009327592470856,93.0,0.41726770559985626,,,,
synthetic_niah_132,niah_single_1,disagreement_replication,64,32,physical_delete_low_aor_93,low_aor,93,13,14,5.790769113375835e-05,0.0012139326004004984,0.08502944963433687,0.9970773738689392,0.047702558704374155,5.674045266070474e-05,0.007931354784566746,-0.0032041119079887744,1.0000485102979155,0.007153942069407025,0.007931354784566746,50.39764137212048,1.125855320127998e-06,1.117117562898784e-06,1.8442740383761702e-06,2.1422922611236572,0.3484064042568207,1.8442740383761702e-06,23.161338806152344,19.816694259643555,6.172203540802002,7.317566394805908,7.872828006744385,2.4825081825256348,1234.0,-0.28345051372200414,-0.05268484170576074,-0.2900869646368227,-0.2915506620389154,-0.5597977053519719,1.3009327592470856,93.0,0.41726770559985626,,,,
synthetic_niah_132,niah_single_1,disagreement_replication,64,32,physical_delete_low_aor_93,low_aor,93,14,15,6.4665772612075125e-06,0.0009503298394934023,0.12240862820081706,0.9991898859176466,0.006804560892936591,7.647820924959934e-06,0.007757200307267481,0.11152641838768441,0.9998905261519812,0.0009858996315713193,0.007757200307267481,49.643633423009035,1.5405441539287676e-07,1.0666803262893154e-07,1.692038296141618e-07,1.352864384651184,0.6221620440483093,1.692038296141618e-07,26.052017211914062,20.172863006591797,12.678231239318848,10.443340301513672,9.9994535446167,2.7669403553009033,1234.0,-0.28345051372200414,-0.05268484170576074,-0.2900869646368227,-0.2915506620389154,-0.5597977053519719,1.3009327592470856,93.0,0.41726770559985626,1.3885117093115704e-12,3.1367770890476426e-08,1.3866183110336962e-12,3.1367021484016056e-08
synthetic_niah_132,niah_single_1,disagreement_replication,64,32,physical_delete_low_aor_93,low_aor,93,15,16,0.0004582021705535609,0.0016688189271424929,0.15006965182204818,0.9964831279454718,0.2745667388481369,0.0004257050140635864,0.0076379570488501886,0.05095689906748222,0.9987122854143601,0.05573545535028528,0.0076379570488501886,50.28343394745797,8.466108629502371e-06,8.925065230869222e-06,1.777523721102625e-05,2.236213207244873,0.43015655875205994,1.777523721102625e-05,58.314117431640625,55.7138671875,1390.9520263671875,8.98643684387207,8.676300048828125,3.4295926094055176,1234.0,-0.28345051372200414,-0.05268484170576074,-0.2900869646368227,-0.2915506620389154,-0.5597977053519719,1.3009327592470856,93.0,0.41726770559985626,,,,
synthetic_niah_132,niah_single_1,disagreement_replication,64,32,physical_delete_low_aor_93,low_aor,93,16,17,0.0007059966625602778,0.0013909194091388953,0.4002006190398789,0.9226965031868721,0.5075755345145075,0.0006499956067102847,0.00772754055401921,0.09821153866257518,0.9952654066481951,0.08411416312428308,0.00772754055401921,53.51230246873807,1.2146657436203808e-05,2.0933699488523416e-05,2.41614252445288e-05,2.952193260192871,0.2090560644865036,2.41614252445288e-05,20.655832290649414,18.53780746459961,6.940854549407959,9.325183868408203,9.207469940185547,3.3237881660461426,1234.0,-0.28345051372200414,-0.05268484170576074,-0.2900869646368227,-0.2915506620389154,-0.5597977053519719,1.3009327592470856,93.0,0.41726770559985626,,,,
synthetic_niah_132,niah_single_1,disagreement_replication,64,32,physical_delete_low_aor_93,low_aor,93,17,18,0.00010787027240664261,0.0006326980271836118,0.14026741034174706,0.9905748886498775,0.1704925063332593,0.00010643861802515406,0.007883069151983469,0.028085779458554914,0.9997118936812032,0.013502179921683536,0.007883069151983469,59.31365844816212,1.7945043487441826e-06,1.3901716329201008e-06,2.3058967144606868e-06,2.0247819423675537,0.4636494219303131,2.3058967144606868e-06,20.5179443359375,17.132732391357422,8.119804382324219,9.477113723754883,9.790154457092285,4.54671049118042,1234.0,-0.28345051372200414,-0.05268484170576074,-0.2900869646368227,-0.2915506620389154,-0.5597977053519719,1.3009327592470856,93.0,0.41726770559985626,,,,
synthetic_niah_132,niah_single_1,disagreement_replication,64,32,physical_delete_low_aor_93,low_aor,93,18,19,0.00015991310609219463,0.0011561300317766451,0.15233866504826826,0.9884278031335487,0.13831757821086385,0.00016615703844154335,0.00818291568872889,0.02135052585817446,0.9997725978540943,0.020305358720780573,0.00818291568872889,68.82751138792895,2.414107892192135e-06,3.427589717830415e-06,4.885060207016068e-06,2.163158416748047,0.3944883346557617,4.885060207016068e-06,25.937763214111328,22.769367218017578,7.734595775604248,10.51605224609375,9.650589942932129,3.704442262649536,1234.0,-0.28345051372200414,-0.05268484170576074,-0.2900869646368227,-0.2915506620389154,-0.5597977053519719,1.3009327592470856,93.0,0.41726770559985626,1.1166102301680586e-11,3.3056574240813974e-08,1.116502192408308e-11,3.3055436234425256e-08
synthetic_niah_132,niah_single_1,disagreement_replication,64,32,physical_delete_low_aor_93,low_aor,93,19,20,7.924052001549229e-05,0.0010100593558122943,0.027541776211207077,1.000916197922511,0.07845134997216743,6.778891576376652e-05,0.008679879689442697,0.0333241089899348,0.9997702131344328,0.00780989117236474,0.008679879689442697,79.53328569912684,8.523339023136918e-07,7.409964268845215e-07,1.7310256907876465e-06,1.1583147048950195,0.6812272071838379,1.7310256907876465e-06,23.405445098876953,19.555871963500977,8.408392906188965,11.15329360961914,10.144048690795898,2.7507898807525635,1234.0,-0.28345051372200414,-0.05268484170576074,-0.2900869646368227,-0.2915506620389154,-0.5597977053519719,1.3009327592470856,93.0,0.41726770559985626,,,,
synthetic_niah_132,niah_single_1,disagreement_replication,64,32,physical_delete_low_aor_93,low_aor,93,20,21,0.0014428890225052873,0.0019323508713350304,0.42819295005960206,0.958174516647951,0.7467013594215518,0.0012183867098150521,0.009100486236490558,0.11819054050996654,0.9931148987965893,0.1338814957963061,0.009100486236490558,90.78635570510643,1.3420372481660501e-05,2.27277196245268e-05,2.9553488275269046e-05,2.444829225540161,0.34685882925987244,2.9553488275269046e-05,20.807449340820312,19.23114585876465,7.111196994781494,10.554187774658203,11.050212860107422,5.306459426879883,1234.0,-0.28345051372200414,-0.05268484170576074,-0.2900869646368227,-0.2915506620389154,-0.5597977053519719,1.3009327592470856,93.0,0.41726770559985626,,,,
synthetic_niah_132,niah_single_1,disagreement_replication,64,32,physical_delete_low_aor_93,low_aor,93,21,22,0.0012032506307416584,0.0018150198245243964,0.6009726780913555,0.8016681881975153,0.6629407648794996,0.0012025599773406155,0.009902681610824169,0.10843561558467733,0.9941885004148141,0.12143781094871839,0.009902681610824169,121.70487122165501,9.880951890170878e-06,2.6164603696088307e-05,3.2718544389354065e-05,2.4466116428375244,0.3820800483226776,3.2718544389354065e-05,18.051044464111328,17.42411994934082,5.410907745361328,11.168102264404297,11.127500534057617,7.894530773162842,1234.0,-0.28345051372200414,-0.05268484170576074,-0.2900869646368227,-0.2915506620389154,-0.5597977053519719,1.3009327592470856,93.0,0.41726770559985626,,,,
synthetic_niah_132,niah_single_1,disagreement_replication,64,32,physical_delete_low_aor_93,low_aor,93,22,23,0.0001764377009604316,0.0005734557451424874,0.2509556003156545,0.9696588670924132,0.3076744848315921,0.00017318593725090695,0.010340374211458607,0.04832628377917489,0.9993306387910471,0.016748517385279178,0.010340374211458607,137.94071369976137,1.2555099405086415e-06,3.7763729778816923e-06,3.016490154550411e-06,1.412867546081543,0.6103174686431885,3.016490154550411e-06,23.818580627441406,19.89716339111328,6.991460800170898,11.849374771118164,10.997014999389648,10.16834545135498,1234.0,-0.28345051372200414,-0.05268484170576074,-0.2900869646368227,-0.2915506620389154,-0.5597977053519719,1.3009327592470856,93.0,0.41726770559985626,3.961342582762097e-12,3.3798354419287407e-08,3.958280633020335e-12,3.3797444229538376e-08
synthetic_niah_132,niah_single_1,disagreement_replication,64,32,physical_delete_low_aor_93,low_aor,93,23,24,0.00034458879899542896,0.0006513263123520477,0.3860214473714042,0.9335130611156217,0.5290570831555407,0.0003337845143238133,0.010982416572087757,0.037498200461716945,0.9993219571816879,0.030392629175270927,0.010982416572087757,166.64040597577642,2.003022690501208e-06,4.740746135212248e-06,6.750859029125422e-06,1.18156099319458,0.7148981690406799,6.750859029125422e-06,23.083160400390625,18.810340881347656,9.123043060302734,11.956658363342285,13.439480781555176,10.45629596710205,1234.0,-0.28345051372200414,-0.05268484170576074,-0.2900869646368227,-0.2915506620389154,-0.5597977053519719,1.3009327592470856,93.0,0.41726770559985626,,,,
synthetic_niah_132,niah_single_1,disagreement_replication,64,32,physical_delete_low_aor_93,low_aor,93,24,25,0.000720545215369223,0.001259595478213749,0.5723274629052735,0.8200252160912948,0.5720449365148871,0.0007411581246602303,0.011761773982046697,0.06430406607115619,0.9979311854955292,0.06301414444721878,0.011761773982046697,198.4185885719199,3.735326059894766e-06,8.548541700292844e-06,1.078711011359701e-05,1.4599884748458862,0.6120556592941284,1.078711011359701e-05,21.798137664794922,18.42216682434082,5.993766784667969,11.618562698364258,15.331140518188477,60.29978561401367,1234.0,-0.28345051372200414,-0.05268484170576074,-0.2900869646368227,-0.2915506620389154,-0.5597977053519719,1.3009327592470856,93.0,0.41726770559985626,,,,
synthetic_niah_132,niah_single_1,disagreement_replication,64,32,physical_delete_low_aor_93,low_aor,93,25,26,0.00042967762603237226,0.0021437404980038694,0.22027037438294372,0.9756405381988331,0.20043360025733709,0.00042242327846689863,0.012266431709996205,-0.027378064667794418,1.001534615387829,0.03443733992524133,0.012266431709996205,223.28016255492082,1.891897935012449e-06,5.145007435203297e-06,7.898562216723803e-06,1.364150881767273,0.6649051904678345,7.898562216723803e-06,21.09848976135254,17.7251033782959,7.905770778656006,14.293651580810547,20.012845993041992,54.71805191040039,1234.0,-0.28345051372200414,-0.05268484170576074,-0.2900869646368227,-0.2915506620389154,-0.5597977053519719,1.3009327592470856,93.0,0.41726770559985626,,,,
synthetic_niah_132,niah_single_1,disagreement_replication,64,32,physical_delete_low_aor_93,low_aor,93,26,27,0.0017913866935596284,0.0016800939064536612,0.7699898058061911,0.7034778346406996,1.0662420039013676,0.001663474444238445,0.013671139124704274,0.1381372951397662,0.9905498482763669,0.12167782282549394,0.013671139124704274,273.7945637454184,6.075629922970964e-06,1.5370242181234062e-05,2.702921483432874e-05,1.7338314056396484,0.6365931630134583,2.702921483432874e-05,22.531442642211914,17.689687728881836,8.793983459472656,15.185367584228516,24.955821990966797,151.2533721923828,1234.0,-0.28345051372200414,-0.05268484170576074,-0.2900869646368227,-0.2915506620389154,-0.5597977053519719,1.3009327592470856,93.0,0.41726770559985626,5.406175379286996e-10,3.89052002552254e-08,5.406050838789196e-10,3.8904413087374094e-08
synthetic_niah_132,niah_single_1,disagreement_replication,64,32,physical_delete_low_aor_93,low_aor,93,27,28,0.0020405984940105744,0.0019344995574375264,0.5236515889824449,1.003970204628151,1.0548456763224017,0.0013904523809476466,0.015268542263245212,0.10351695396430864,0.9947056120143031,0.09106647884092876,0.015268542263245212,213.887290401293,6.500864910387593e-06,2.013162156799808e-05,1.116403018386336e-05,2.8519697189331055,0.2287539839744568,1.116403018386336e-05,18.989330291748047,16.397876739501953,5.076676845550537,15.23720932006836,24.79955291748047,133.3338165283203,1234.0,-0.28345051372200414,-0.05268484170576074,-0.2900869646368227,-0.2915506620389154,-0.5597977053519719,1.3009327592470856,93.0,0.41726770559985626,,,,
synthetic_niah_132,niah_single_1,disagreement_replication,64,32,physical_delete_median_random_71,median_random,71,0,1,0.0006485760441647687,0.0006452666873885977,0.9995013339972464,0.03207413589954212,1.005128665156362,0.0008869923017845059,0.0008819432681185178,0.9990949457635299,0.04304933904934574,1.0057248962019512,0.0008819432681185178,18.241865754163626,4.8623990206816084e-05,7.177394581958652e-05,0.00012864224845543504,1.5254979133605957,0.5544188618659973,0.00012864224845543504,779.23828125,778.9127807617188,1847.3919677734375,3.605106830596924,4.077685832977295,0.8825215697288513,1256.0,-0.2738198447149975,-0.2836430468482629,-0.2806491352963037,-0.2821729591274294,-1.3342304511640715,0.6077458223988783,71.0,0.4713694731722009,2.0034387980834646e-11,1.8088306084853664e-11,2.0034087837726934e-11,1.8085698967702802e-11
synthetic_niah_132,niah_single_1,disagreement_replication,64,32,physical_delete_median_random_71,median_random,71,1,2,0.011915069529361453,0.01192293353760588,0.9999193082061352,0.012716610257577194,0.9993404300863018,0.01466616135752004,0.014628548188227288,0.9981033185080159,0.061722991653816936,1.002571216829502,0.014628548188227288,22.073946879540358,0.0006644104671246464,0.0005048026796430349,0.0011516676750034094,2.7479593753814697,0.23510853946208954,0.0011516676750034094,91.83180236816406,91.21250915527344,3896.2314453125,4.033567905426025,4.026113510131836,0.5717785358428955,1256.0,-0.2738198447149975,-0.2836430468482629,-0.2806491352963037,-0.2821729591274294,-1.3342304511640715,0.6077458223988783,71.0,0.4713694731722009,,,,
synthetic_niah_132,niah_single_1,disagreement_replication,64,32,physical_delete_median_random_71,median_random,71,2,3,0.0002993184245472436,0.0036089834296046345,0.02409903534249804,1.0014395378594982,0.08293704595369505,0.0003022635206016233,0.014860152497269354,0.1272159684180794,0.9976163865237133,0.020340539618093834,0.014860152497269354,26.27153721254843,1.1505361036020728e-05,5.63977255296777e-06,1.1685562640195712e-05,2.0465447902679443,0.3958561420440674,1.1685562640195712e-05,31.133333206176758,27.557661056518555,46.977134704589844,6.599947929382324,6.001667022705078,1.3752155303955078,1256.0,-0.2738198447149975,-0.2836430468482629,-0.2806491352963037,-0.2821729591274294,-1.3342304511640715,0.6077458223988783,71.0,0.4713694731722009,,,,
synthetic_niah_132,niah_single_1,disagreement_replication,64,32,physical_delete_median_random_71,median_random,71,3,4,0.0006719339301673969,0.0031123374082612544,0.1640060651302979,0.9878230274869222,0.21589366512250388,0.0006861956277961208,0.014494481316624395,0.059542472111982866,0.9983003301016771,0.04734185465533638,0.014494481316624395,32.40159849995054,2.1177832562710394e-05,1.1671378160826862e-05,2.6590441848384216e-05,1.8045848608016968,0.49343255162239075,2.6590441848384216e-05,26.807327270507812,22.03193473815918,9.20744800567627,6.38532829284668,6.517956256866455,1.4428188800811768,1256.0,-0.2738198447149975,-0.2836430468482629,-0.2806491352963037,-0.2821729591274294,-1.3342304511640715,0.6077458223988783,71.0,0.4713694731722009,,,,
synthetic_niah_132,niah_single_1,disagreement_replication,64,32,physical_delete_median_random_71,median_random,71,4,5,7.256400783275875e-05,0.002426895791064998,-0.04363050739099649,1.001750020542867,0.02989992734748425,7.947731886994092e-05,0.014511657514345426,0.08472609637271118,0.9995508696190385,0.005476791248096506,0.014511657514345426,34.469395260389334,2.305735806200019e-06,2.817154154399759e-06,2.4554199171689106e-06,1.185386061668396,0.7180435061454773,2.4554199171689106e-06,21.992210388183594,19.15361976623535,6.772961139678955,6.349686622619629,6.701077461242676,1.8816447257995605,1256.0,-0.2738198447149975,-0.2836430468482629,-0.2806491352963037,-0.2821729591274294,-1.3342304511640715,0.6077458223988783,71.0,0.4713694731722009,1.5240964201123128e-12,2.107315939248991e-08,1.5205923790356064e-12,2.1072599787266452e-08
synthetic_niah_132,niah_single_1,disagreement_replication,64,32,physical_delete_median_random_71,median_random,71,5,6,0.0002735494433654102,0.004944284126732559,0.3848496298869629,0.980038938581998,0.05532640041586485,0.0002134589310296671,0.011668554481162174,0.047057837978086534,0.9993062322891938,0.01829351967926081,0.011668554481162174,34.72327784119063,6.147430320545677e-06,7.978341272973921e-06,1.2247585800650995e-05,1.6502143144607544,0.5802988409996033,1.2247585800650995e-05,20.832412719726562,17.994247436523438,5.088830947875977,7.63176155090332,7.7479777336120605,1.5128413438796997,1256.0,-0.2738198447149975,-0.2836430468482629,-0.2806491352963037,-0.2821729591274294,-1.3342304511640715,0.6077458223988783,71.0,0.4713694731722009,,,,
synthetic_niah_132,niah_single_1,disagreement_replication,64,32,physical_delete_median_random_71,median_random,71,6,7,0.00016474462650324978,0.0016329361104776051,-0.01664718602949911,1.0067460109327317,0.10088859291320643,0.00016296035892227585,0.010805735427073868,-0.019764026270546135,1.000411691793927,0.015080913281846343,0.010805735427073868,38.07534364489573,4.27994453423986e-06,4.2279366425646e-06,8.314545084431302e-06,1.2301793098449707,0.633415699005127,8.314545084431302e-06,21.00428009033203,19.85967254638672,7.194948673248291,7.339625358581543,6.794419288635254,1.2044223546981812,1256.0,-0.2738198447149975,-0.2836430468482629,-0.2806491352963037,-0.2821729591274294,-1.3342304511640715,0.6077458223988783,71.0,0.4713694731722009,,,,
synthetic_niah_132,niah_single_1,disagreement_replication,64,32,physical_delete_median_random_71,median_random,71,7,8,0.0005448633597421236,0.0025486827488349247,0.3006283335744437,0.9576872306779375,0.21378233912839725,0.0005227097151466883,0.009317523362815843,0.04685707546755297,0.9989443625624127,0.05609964094457827,0.009317523362815843,38.08968329901931,1.3723131039006207e-05,2.284684705955442e-05,2.759525341389235e-05,2.1677732467651367,0.3789805471897125,2.759525341389235e-05,32.96060562133789,33.48217010498047,198.29165649414062,5.864994049072266,6.122788429260254,1.302572250366211,1256.0,-0.2738198447149975,-0.2836430468482629,-0.2806491352963037,-0.2821729591274294,-1.3342304511640715,0.6077458223988783,71.0,0.4713694731722009,2.8808331827378698e-11,2.0397957670072463e-08,2.8806266337400362e-11,2.0397408867383885e-08
synthetic_niah_132,niah_single_1,disagreement_replication,64,32,physical_delete_median_random_71,median_random,71,8,9,0.002359641712921887,0.0027469769279721335,0.8380956121921544,0.5459235878088616,0.8589958251538049,0.001977486674302093,0.008810853211398963,0.24410477241428077,0.969948275985665,0.22443759155398676,0.008810853211398963,39.28394155725044,5.033829590190698e-05,3.281742465333082e-05,0.00010048164403997362,1.496236801147461,0.5895617604255676,0.00010048164403997362,23.244117736816406,21.30269432067871,13.474564552307129,9.259971618652344,8.286394119262695,3.0898756980895996,1256.0,-0.2738198447149975,-0.2836430468482629,-0.2806491352963037,-0.2821729591274294,-1.3342304511640715,0.6077458223988783,71.0,0.4713694731722009,,,,
synthetic_niah_132,niah_single_1,disagreement_replication,64,32,physical_delete_median_random_71,median_random,71,9,10,0.000877987534300068,0.0013550006223002867,0.3994313118413207,0.9498534751423653,0.6479609823422605,0.0006632204778091071,0.008821624492220171,0.16435862926455044,0.9904235718067301,0.07518121842456615,0.008821624492220171,39.43065231272068,1.6819921530822513e-05,1.920910472108517e-05,3.874227695632726e-05,1.9287837743759155,0.4845144748687744,3.874227695632726e-05,23.096534729003906,19.84851837158203,6.727564811706543,7.927818298339844,7.607745170593262,3.1699113845825195,1256.0,-0.2738198447149975,-0.2836430468482629,-0.2806491352963037,-0.2821729591274294,-1.3342304511640715,0.6077458223988783,71.0,0.4713694731722009,,,,
synthetic_niah_132,niah_single_1,disagreement_replication,64,32,physical_delete_median_random_71,median_random,71,10,11,0.0004726003083648536,0.0019352715443163007,0.15020190854466,0.9931141463125714,0.24420361563876322,0.0004162821556702991,0.008029180487986832,0.11953091782056718,0.995134958924242,0.051846157437005644,0.008029180487986832,41.381608641060495,1.0059593363831856e-05,1.3662534911418334e-05,2.0069515812792815e-05,2.278341054916382,0.40271446108818054,2.0069515812792815e-05,24.114395141601562,20.04023551940918,10.971686363220215,9.1333589553833,8.531750679016113,3.9485585689544678,1256.0,-0.2738198447149975,-0.2836430468482629,-0.2806491352963037,-0.2821729591274294,-1.3342304511640715,0.6077458223988783,71.0,0.4713694731722009,1.7221399830521136e-11,1.7467167482510893e-08,1.7220684807902975e-11,1.746683092866499e-08
synthetic_niah_132,niah_single_1,disagreement_replication,64,32,physical_delete_median_random_71,median_random,71,11,12,0.0003705897220667091,0.0013127956311910903,0.2680655798669756,0.9635056787379862,0.28229049005173457,0.0003249115631497619,0.007559590925481016,0.036655607046550395,0.999347969926305,0.0429800456602204,0.007559590925481016,42.00677906606301,7.734741162581916e-06,1.286935275857104e-05,1.7286201909882948e-05,2.0311439037323,0.4586123526096344,1.7286201909882948e-05,23.24132537841797,19.456226348876953,7.347265243530273,7.971805572509766,7.334367752075195,1.139603853225708,1256.0,-0.2738198447149975,-0.2836430468482629,-0.2806491352963037,-0.2821729591274294,-1.3342304511640715,0.6077458223988783,71.0,0.4713694731722009,,,,
synthetic_niah_132,niah_single_1,disagreement_replication,64,32,physical_delete_median_random_71,median_random,71,12,13,0.0010872450432355399,0.0013876765401206715,0.7829053765216691,0.6221410815859416,0.7835003416149081,0.0009148162596343478,0.0073329488716436676,0.14916758876837544,0.9891132611668737,0.12475421220675896,0.0073329488716436676,43.63525901559348,2.0965069997806803e-05,1.5541043467237614e-05,2.785309698083438e-05,1.9722915887832642,0.45236125588417053,2.785309698083438e-05,20.42835235595703,18.473459243774414,6.916186809539795,8.462458610534668,8.68203067779541,1.4201111793518066,1256.0,-0.2738198447149975,-0.2836430468482629,-0.2806491352963037,-0.2821729591274294,-1.3342304511640715,0.6077458223988783,71.0,0.4713694731722009,,,,
synthetic_niah_132,niah_single_1,disagreement_replication,64,32,physical_delete_median_random_71,median_random,71,13,14,0.00013886426844168331,0.0008519349354823119,0.09491507399906385,0.997810856773989,0.16299867825360057,0.00012410697787450763,0.007369914660950829,0.04062340886026956,0.9994575551683187,0.016839676384868205,0.007369914660950829,50.39764137212048,2.4625552802787013e-06,2.994417400259408e-06,4.320843800087459e-06,2.1422922611236572,0.3484064042568207,4.320843800087459e-06,21.393943786621094,19.816694259643555,6.172203540802002,7.607462406158447,7.872828006744385,2.4825081825256348,1256.0,-0.2738198447149975,-0.2836430468482629,-0.2806491352963037,-0.2821729591274294,-1.3342304511640715,0.6077458223988783,71.0,0.4713694731722009,,,,
synthetic_niah_132,niah_single_1,disagreement_replication,64,32,physical_delete_median_random_71,median_random,71,14,15,7.928071288792455e-05,0.0008260129099554198,0.15277325915305814,0.9898918155166615,0.09597999248244601,6.561059882606438e-05,0.007202879088955697,0.028172005219702017,0.9997848461289096,0.009108940746578168,0.007202879088955697,49.643633423009035,1.3216316837045798e-06,1.4761749298486393e-06,2.5366985028085764e-06,1.352864384651184,0.6221620440483093,2.5366985028085764e-06,21.348350524902344,20.172863006591797,12.678231239318848,10.257832527160645,9.9994535446167,2.7669403553009033,1256.0,-0.2738198447149975,-0.2836430468482629,-0.2806491352963037,-0.2821729591274294,-1.3342304511640715,0.6077458223988783,71.0,0.4713694731722009,8.529785897440035e-13,1.9541469247085397e-08,8.510045844261744e-13,1.9541097432639846e-08
synthetic_niah_132,niah_single_1,disagreement_replication,64,32,physical_delete_median_random_71,median_random,71,15,16,0.0019129264690302306,0.0023072992001081944,0.8218405530043947,0.5697635102532479,0.8290760335462904,0.001871176899341753,0.007267439388413389,0.23300694022751958,0.9727828145251128,0.25747402893032784,0.007267439388413389,50.28343394745797,3.721259175133063e-05,4.3303880374878645e-05,6.570819823537022e-05,2.236213207244873,0.43015655875205994,6.570819823537022e-05,56.15620040893555,55.7138671875,1390.9520263671875,8.650836944580078,8.676300048828125,3.4295926094055176,1256.0,-0.2738198447149975,-0.2836430468482629,-0.2806491352963037,-0.2821729591274294,-1.3342304511640715,0.6077458223988783,71.0,0.4713694731722009,,,,
synthetic_niah_132,niah_single_1,disagreement_replication,64,32,physical_delete_median_random_71,median_random,71,16,17,0.0019167840489960582,0.0019517629410872,0.8753693907596464,0.49509112593523846,0.9820783091251557,0.00173149570871882,0.007311301697411062,0.19467181052617824,0.9817737719736866,0.23682454648697426,0.007311301697411062,53.51230246873807,3.235696519936441e-05,5.8401754358783364e-05,6.230820872588083e-05,2.952193260192871,0.2090560644865036,6.230820872588083e-05,20.23479652404785,18.53780746459961,6.940854549407959,9.66795539855957,9.207469940185547,3.3237881660461426,1256.0,-0.2738198447149975,-0.2836430468482629,-0.2806491352963037,-0.2821729591274294,-1.3342304511640715,0.6077458223988783,71.0,0.4713694731722009,,,,
synthetic_niah_132,niah_single_1,disagreement_replication,64,32,physical_delete_median_random_71,median_random,71,17,18,0.0002244488906454241,0.0006006197431880306,0.3090737258686027,0.9532310342623136,0.3736954923494047,0.0002463580666581846,0.0075554199820086045,0.09220279372285288,0.9975220936515304,0.03260679978675261,0.0075554199820086045,59.31365844816212,4.15347953749122e-06,2.9415894005069276e-06,4.93218476549373e-06,2.0247819423675537,0.4636494219303131,4.93218476549373e-06,19.32630157470703,17.132732391357422,8.119804382324219,8.943471908569336,9.790154457092285,4.54671049118042,1256.0,-0.2738198447149975,-0.2836430468482629,-0.2806491352963037,-0.2821729591274294,-1.3342304511640715,0.6077458223988783,71.0,0.4713694731722009,,,,
synthetic_niah_132,niah_single_1,disagreement_replication,64,32,physical_delete_median_random_71,median_random,71,18,19,0.0005502191355354369,0.0012780005656248263,0.47474916985900023,0.8812312144393539,0.43053121441024533,0.0006045275520784814,0.007893582079647063,0.04654319022298357,0.9993679118677194,0.07658469196604731,0.007893582079647063,68.82751138792895,8.783225484809613e-06,1.1213601283088792e-05,1.6428066373919137e-05,2.163158416748047,0.3944883346557617,1.6428066373919137e-05,24.961889266967773,22.769367218017578,7.734595775604248,9.795661926269531,9.650589942932129,3.704442262649536,1256.0,-0.2738198447149975,-0.2836430468482629,-0.2806491352963037,-0.2821729591274294,-1.3342304511640715,0.6077458223988783,71.0,0.4713694731722009,1.9987705499477113e-10,1.641499801000764e-08,1.9987642219623808e-10,1.6414375839804197e-08
synthetic_niah_132,niah_single_1,disagreement_replication,64,32,physical_delete_median_random_71,median_random,71,19,20,0.0002656952829722881,0.0009717624034896587,0.21026670206621662,0.9796814451702387,0.2734158905697112,0.00023597070566407102,0.008404049754225389,-0.01809031918236686,1.000901730335349,0.028078213785613256,0.008404049754225389,79.53328569912684,2.9669427534622986e-06,3.555689545464702e-06,6.857846074126428e-06,1.1583147048950195,0.6812272071838379,6.857846074126428e-06,22.545473098754883,19.555871963500977,8.408392906188965,11.109127044677734,10.144048690795898,2.7507898807525635,1256.0,-0.2738198447149975,-0.2836430468482629,-0.2806491352963037,-0.2821729591274294,-1.3342304511640715,0.6077458223988783,71.0,0.4713694731722009,,,,
synthetic_niah_132,niah_single_1,disagreement_replication,64,32,physical_delete_median_random_71,median_random,71,20,21,0.006001693016678075,0.006052714652343336,0.9687046825724193,0.24926708862625804,0.9915704541522525,0.005910339730984013,0.010577646448989182,0.5759466288565256,0.8176679921658355,0.5587575420947081,0.010577646448989182,90.78635570510643,6.510162992093288e-05,8.934561628848314e-05,0.00012850019265897572,2.444829225540161,0.34685882925987244,0.00012850019265897572,21.084501266479492,19.23114585876465,7.111196994781494,10.626436233520508,11.050212860107422,5.306459426879883,1256.0,-0.2738198447149975,-0.2836430468482629,-0.2806491352963037,-0.2821729591274294,-1.3342304511640715,0.6077458223988783,71.0,0.4713694731722009,,,,
synthetic_niah_132,niah_single_1,disagreement_replication,64,32,physical_delete_median_random_71,median_random,71,21,22,0.004348241568898434,0.004491729639714078,0.9674842879001125,0.25293176636754505,0.9680550517673683,0.0048602227930418075,0.011898795670425085,0.3289015995978068,0.9477097769412736,0.4084634216488042,0.011898795670425085,121.70487122165501,3.9934496822153703e-05,6.601092900382355e-05,7.723727321717888e-05,2.4466116428375244,0.3820800483226776,7.723727321717888e-05,18.55447006225586,17.42411994934082,5.410907745361328,11.60382080078125,11.127500534057617,7.894530773162842,1256.0,-0.2738198447149975,-0.2836430468482629,-0.2806491352963037,-0.2821729591274294,-1.3342304511640715,0.6077458223988783,71.0,0.4713694731722009,,,,
synthetic_niah_132,niah_single_1,disagreement_replication,64,32,physical_delete_median_random_71,median_random,71,22,23,0.0008023161203564685,0.0010021072664768507,0.6227891381324895,0.8023469943855632,0.8006289817428467,0.0007654869745797617,0.01241226849898248,-0.024795982520013846,1.0034250530761093,0.06167180275245529,0.01241226849898248,137.94071369976137,5.549391140935397e-06,1.839778087742161e-05,1.2033996426907834e-05,1.412867546081543,0.6103174686431885,1.2033996426907834e-05,22.54354476928711,19.89716339111328,6.991460800170898,10.697473526000977,10.997014999389648,10.16834545135498,1256.0,-0.2738198447149975,-0.2836430468482629,-0.2806491352963037,-0.2821729591274294,-1.3342304511640715,0.6077458223988783,71.0,0.4713694731722009,4.255308252693843e-11,1.802825304285518e-08,4.255102281509843e-11,1.8028046384154968e-08
synthetic_niah_132,niah_single_1,disagreement_replication,64,32,physical_delete_median_random_71,median_random,71,23,24,0.001014702576417276,0.0010389556921132628,0.7945876872930684,0.6338606873091787,0.9766562560077463,0.0009719920210939189,0.012916854559042986,0.007502394972390946,1.002264156089995,0.07524990055829305,0.012916854559042986,166.64040597577642,5.83287117792555e-06,2.141486584150698e-05,1.738904211379122e-05,1.18156099319458,0.7148981690406799,1.738904211379122e-05,22.175872802734375,18.810340881347656,9.123043060302734,11.751625061035156,13.439480781555176,10.45629596710205,1256.0,-0.2738198447149975,-0.2836430468482629,-0.2806491352963037,-0.2821729591274294,-1.3342304511640715,0.6077458223988783,71.0,0.4713694731722009,,,,
synthetic_niah_132,niah_single_1,disagreement_replication,64,32,physical_delete_median_random_71,median_random,71,24,25,0.00407692737650693,0.004105874923075405,0.9651258128703661,0.26326096449672076,0.9929497251838367,0.004155392831878902,0.014174827870025554,0.24160246918743236,0.9717436393404595,0.293152965946486,0.014174827870025554,198.4185885719199,2.094255816345914e-05,5.0944694521604106e-05,5.552033690037206e-05,1.4599884748458862,0.6120556592941284,5.552033690037206e-05,19.58462142944336,18.42216682434082,5.993766784667969,11.94240951538086,15.331140518188477,60.29978561401367,1256.0,-0.2738198447149975,-0.2836430468482629,-0.2806491352963037,-0.2821729591274294,-1.3342304511640715,0.6077458223988783,71.0,0.4713694731722009,,,,
synthetic_niah_132,niah_single_1,disagreement_replication,64,32,physical_delete_median_random_71,median_random,71,25,26,0.0008187313265571568,0.0020856034072340105,0.3392939397608882,0.9421874790486258,0.3925632858660232,0.0008229274393751656,0.014704075337882885,0.08091302121685483,0.9970333192620986,0.05596594280600659,0.014704075337882885,223.28016255492082,3.685627195710895e-06,1.4420834304473829e-05,1.2269347280380316e-05,1.364150881767273,0.6649051904678345,1.2269347280380316e-05,20.487321853637695,17.7251033782959,7.905770778656006,14.917853355407715,20.012845993041992,54.71805191040039,1256.0,-0.2738198447149975,-0.2836430468482629,-0.2806491352963037,-0.2821729591274294,-1.3342304511640715,0.6077458223988783,71.0,0.4713694731722009,,,,
synthetic_niah_132,niah_single_1,disagreement_replication,64,32,physical_delete_median_random_71,median_random,71,26,27,0.0034673753061912733,0.003346881366086537,0.9256470826083745,0.3941518164495536,1.036001855735218,0.003306647357892698,0.01657682515676685,0.15142152793782163,0.9896365853262156,0.1994741047590097,0.01657682515676685,273.7945637454184,1.2077111074299154e-05,3.910207669832744e-05,3.9788836147636175e-05,1.7338314056396484,0.6365931630134583,3.9788836147636175e-05,20.756107330322266,17.689687728881836,8.793983459472656,17.36117172241211,24.955821990966797,151.2533721923828,1256.0,-0.2738198447149975,-0.2836430468482629,-0.2806491352963037,-0.2821729591274294,-1.3342304511640715,0.6077458223988783,71.0,0.4713694731722009,1.030476416809332e-09,2.2515249309271995e-08,1.0304591456987352e-09,2.2515029270811716e-08
synthetic_niah_132,niah_single_1,disagreement_replication,64,32,physical_delete_median_random_71,median_random,71,27,28,0.007940291780696057,0.00815687179782548,0.9721983022795668,0.23416238632618183,0.9734481523680241,0.005997080046917976,0.019641245029054177,0.2834709182019993,0.959229951377495,0.30533095218998774,0.019641245029054177,213.887290401293,2.8038505867582498e-05,0.00010510809806874022,6.046584530849941e-05,2.8519697189331055,0.2287539839744568,6.046584530849941e-05,18.358291625976562,16.397876739501953,5.076676845550537,16.00164031982422,24.79955291748047,133.3338165283203,1256.0,-0.2738198447149975,-0.2836430468482629,-0.2806491352963037,-0.2821729591274294,-1.3342304511640715,0.6077458223988783,71.0,0.4713694731722009,,,,
synthetic_niah_132,niah_single_1,disagreement_replication,64,32,physical_delete_low_attention_53,low_attention,53,0,1,0.0002825925548901043,0.00028642496896660484,0.9974182686570718,0.0726182041484263,0.9866198324457274,0.000386710063356768,0.00039182804237672966,0.9952366174826186,0.09784139682734351,0.9869382012861628,0.00039182804237672966,18.241865754163626,2.119904118187599e-05,3.0462198992609046e-05,6.893537647556514e-05,1.5254979133605957,0.5544188618659973,6.893537647556514e-05,779.2382202148438,778.9127807617188,1847.3919677734375,3.605106830596924,4.077685832977295,0.8825215697288513,1274.0,-0.2877584615666603,-0.2532632527492857,-0.2919967000069552,-0.29216977402633104,-0.5410136571448965,0.44934394048055326,53.0,0.49403291772984514,6.2641412601726194e-12,9.633221128859968e-12,6.26080839117474e-12,9.630475984061304e-12
synthetic_niah_132,niah_single_1,disagreement_replication,64,32,physical_delete_low_attention_53,low_attention,53,1,2,0.012148923453854774,0.012156208989618115,0.9999856242577326,0.005393833982476547,0.9994006736993776,0.01485448672566949,0.014861805902756708,0.9996468372955375,0.02657480188058445,0.9995075176506066,0.014861805902756708,22.073946879540358,0.0006729420346407394,0.0005586934858001769,0.001173521624878049,2.7479593753814697,0.23510853946208954,0.001173521624878049,91.81575775146484,91.21250915527344,3896.2314453125,4.040150165557861,4.026113510131836,0.5717785358428955,1274.0,-0.2877584615666603,-0.2532632527492857,-0.2919967000069552,-0.29216977402633104,-0.5410136571448965,0.44934394048055326,53.0,0.49403291772984514,,,,
synthetic_niah_132,niah_single_1,disagreement_replication,64,32,physical_delete_low_attention_53,low_attention,53,2,3,0.0003777514804743337,0.0035599258753515085,0.061420887170430004,0.9991119986780451,0.10611217584327774,0.000411504587245719,0.015151258440426064,0.20398023714681568,0.994815331083025,0.02715976292423055,0.015151258440426064,26.27153721254843,1.5663513859751095e-05,1.3527187547879294e-05,1.5952389730955474e-05,2.0465447902679443,0.3958561420440674,1.5952389730955474e-05,30.639259338378906,27.557661056518555,46.977134704589844,6.587764739990234,6.001667022705078,1.3752155303955078,1274.0,-0.2877584615666603,-0.2532632527492857,-0.2919967000069552,-0.29216977402633104,-0.5410136571448965,0.44934394048055326,53.0,0.49403291772984514,,,,
synthetic_niah_132,niah_single_1,disagreement_replication,64,32,physical_delete_low_attention_53,low_attention,53,3,4,0.0003179061280493501,0.0031838061522656527,0.08545500701618072,0.9964460273818063,0.09985096857204151,0.000324639827332279,0.01478092444163193,0.10650565186891871,0.9978997610371206,0.021963431895903544,0.01478092444163193,32.40159849995054,1.001925344309092e-05,8.72125838213833e-06,1.3984031284053344e-05,1.8045848608016968,0.49343255162239075,1.3984031284053344e-05,25.837387084960938,22.03193473815918,9.20744800567627,6.298949718475342,6.517956256866455,1.4428188800811768,1274.0,-0.2877584615666603,-0.2532632527492857,-0.2919967000069552,-0.29216977402633104,-0.5410136571448965,0.44934394048055326,53.0,0.49403291772984514,,,,
synthetic_niah_132,niah_single_1,disagreement_replication,64,32,physical_delete_low_attention_53,low_attention,53,4,5,0.00010409069179888897,0.002506628200030267,0.029299519970856773,0.9996454518103683,0.04152617919068815,0.00011010242042078419,0.014821036557393294,0.06076044268397471,0.9995761268691823,0.007428793525636433,0.014821036557393294,34.469395260389334,3.194208067447847e-06,3.7593308661598712e-06,3.2014049793360755e-06,1.185386061668396,0.7180435061454773,3.2014049793360755e-06,21.144065856933594,19.15361976623535,6.772961139678955,6.373022556304932,6.701077461242676,1.8816447257995605,1274.0,-0.2877584615666603,-0.2532632527492857,-0.2919967000069552,-0.29216977402633104,-0.5410136571448965,0.44934394048055326,53.0,0.49403291772984514,1.9800337389990126e-12,2.183531108860412e-08,1.977087176453217e-12,2.1834665845322204e-08
synthetic_niah_132,niah_single_1,disagreement_replication,64,32,physical_delete_low_attention_53,low_attention,53,5,6,0.0003916596622209733,0.0049668103671987275,0.12691630362021,0.9930770893296162,0.07885536858977539,0.000293802101478726,0.011987968379673029,0.10195890199079945,0.9977990839637179,0.024508081117139167,0.011987968379673029,34.72327784119063,8.46124328533875e-06,9.500991836830508e-06,1.349852482235292e-05,1.6502143144607544,0.5802988409996033,1.349852482235292e-05,20.271484375,17.994247436523438,5.088830947875977,7.629364967346191,7.7479777336120605,1.5128413438796997,1274.0,-0.2877584615666603,-0.2532632527492857,-0.2919967000069552,-0.29216977402633104,-0.5410136571448965,0.44934394048055326,53.0,0.49403291772984514,,,,
synthetic_niah_132,niah_single_1,disagreement_replication,64,32,physical_delete_low_attention_53,low_attention,53,6,7,0.0005451249112506556,0.0017154580074941921,0.24869656711240917,0.9710414328369757,0.3177722269325215,0.0005282746594010913,0.011149985383045933,-0.011107969032462651,1.0016473098578331,0.04737895533068207,0.011149985383045933,38.07534364489573,1.387445545673782e-05,1.4887530596752185e-05,2.7651472919387743e-05,1.2301793098449707,0.633415699005127,2.7651472919387743e-05,20.873493194580078,19.85967254638672,7.194948673248291,7.0090532302856445,6.794419288635254,1.2044223546981812,1274.0,-0.2877584615666603,-0.2532632527492857,-0.2919967000069552,-0.29216977402633104,-0.5410136571448965,0.44934394048055326,53.0,0.49403291772984514,,,,
synthetic_niah_132,niah_single_1,disagreement_replication,64,32,physical_delete_low_attention_53,low_attention,53,7,8,0.00048166878287515954,0.0025897418803689756,0.2266063139547008,0.9748328980095374,0.18599103892413146,0.00043573186743727237,0.009624134920131389,0.05779949293236634,0.9984067726778806,0.04527491260807509,0.009624134920131389,38.08968329901931,1.1439629571519463e-05,1.8270833606948145e-05,2.355088508920744e-05,2.1677732467651367,0.3789805471897125,2.355088508920744e-05,32.80126953125,33.48217010498047,198.29165649414062,5.876001358032227,6.122788429260254,1.302572250366211,1274.0,-0.2877584615666603,-0.2532632527492857,-0.2919967000069552,-0.29216977402633104,-0.5410136571448965,0.44934394048055326,53.0,0.49403291772984514,1.9423726757068798e-11,2.226856014684255e-08,1.942301583904671e-11,2.226788824312074e-08
synthetic_niah_132,niah_single_1,disagreement_replication,64,32,physical_delete_low_attention_53,low_attention,53,8,9,0.0018441117826547599,0.0024280792984822243,0.7406237707616966,0.6721848835406609,0.7594940510417025,0.0015390815198463898,0.009035255381818855,0.1947421399336363,0.981157926283029,0.17034178391276006,0.009035255381818855,39.28394155725044,3.9178388390671285e-05,2.78483876172686e-05,7.782058673910797e-05,1.496236801147461,0.5895617604255676,7.782058673910797e-05,22.83782196044922,21.30269432067871,13.474564552307129,9.132059097290039,8.286394119262695,3.0898756980895996,1274.0,-0.2877584615666603,-0.2532632527492857,-0.2919967000069552,-0.29216977402633104,-0.5410136571448965,0.44934394048055326,53.0,0.49403291772984514,,,,
synthetic_niah_132,niah_single_1,disagreement_replication,64,32,physical_delete_low_attention_53,low_attention,53,9,10,0.001715235149531245,0.0017720801538613773,0.7092131968075054,0.7509639291723043,0.967921877457819,0.0012581972016638052,0.009142049705993183,0.22436123411648215,0.9783582073525228,0.1376274732830405,0.009142049705993183,39.43065231272068,3.190911455598465e-05,4.459073898033239e-05,6.656056939391419e-05,1.9287837743759155,0.4845144748687744,6.656056939391419e-05,22.739383697509766,19.84851837158203,6.727564811706543,7.729527950286865,7.607745170593262,3.1699113845825195,1274.0,-0.2877584615666603,-0.2532632527492857,-0.2919967000069552,-0.29216977402633104,-0.5410136571448965,0.44934394048055326,53.0,0.49403291772984514,,,,
synthetic_niah_132,niah_single_1,disagreement_replication,64,32,physical_delete_low_attention_53,low_attention,53,10,11,0.0003459999124446394,0.002001064570611886,0.11028099916633337,0.9958715943436742,0.17290791987728785,0.00030207614870224884,0.008262272869258323,0.0887097805972227,0.997421716409331,0.036560902003877446,0.008262272869258323,41.381608641060495,7.299768148754777e-06,1.003688248601975e-05,1.2772427908203099e-05,2.278341054916382,0.40271446108818054,1.2772427908203099e-05,23.056087493896484,20.04023551940918,10.971686363220215,9.062994956970215,8.531750679016113,3.9485585689544678,1274.0,-0.2877584615666603,-0.2532632527492857,-0.2919967000069552,-0.29216977402633104,-0.5410136571448965,0.44934394048055326,53.0,0.49403291772984514,6.327524422848743e-12,2.1330222548418103e-08,6.327449117904457e-12,2.132974096329504e-08
synthetic_niah_132,niah_single_1,disagreement_replication,64,32,physical_delete_low_attention_53,low_attention,53,11,12,0.0006745917783761931,0.0015034610585814073,0.4667690888508942,0.8845639484502059,0.4486925514470625,0.000576454564621069,0.00781821112320624,0.09088134970578131,0.9960093728086712,0.07373228421908688,0.00781821112320624,42.00677906606301,1.3722893719475452e-05,2.1566242139670067e-05,3.2315128919435665e-05,2.0311439037323,0.4586123526096344,3.2315128919435665e-05,22.607460021972656,19.456226348876953,7.347265243530273,7.963444709777832,7.334367752075195,1.139603853225708,1274.0,-0.2877584615666603,-0.2532632527492857,-0.2919967000069552,-0.29216977402633104,-0.5410136571448965,0.44934394048055326,53.0,0.49403291772984514,,,,
synthetic_niah_132,niah_single_1,disagreement_replication,64,32,physical_delete_low_attention_53,low_attention,53,12,13,0.0023185970144703884,0.0024284787420824653,0.9292569828080288,0.3703127049490879,0.9547528558895881,0.0019276719002450046,0.0078117760644066244,0.26931778888864444,0.9633154014994253,0.24676486939099537,0.0078117760644066244,43.63525901559348,4.417693268547191e-05,4.6854038373567164e-05,6.972968549234793e-05,1.9722915887832642,0.45236125588417053,6.972968549234793e-05,19.82005500793457,18.473459243774414,6.916186809539795,8.548513412475586,8.68203067779541,1.4201111793518066,1274.0,-0.2877584615666603,-0.2532632527492857,-0.2919967000069552,-0.29216977402633104,-0.5410136571448965,0.44934394048055326,53.0,0.49403291772984514,,,,
synthetic_niah_132,niah_single_1,disagreement_replication,64,32,physical_delete_low_attention_53,low_attention,53,13,14,0.0004633617296471028,0.0011818729416668379,0.3348025682000041,0.9440261260869333,0.39205714363306016,0.0004164377158405747,0.007870337349500807,0.09525427881005272,0.9963530824158587,0.052912308246480466,0.007870337349500807,50.39764137212048,8.263039787233858e-06,1.0198190466326196e-05,1.5548144801869057e-05,2.1422922611236572,0.3484064042568207,1.5548144801869057e-05,21.070104598999023,19.816694259643555,6.172203540802002,7.662917137145996,7.872828006744385,2.4825081825256348,1274.0,-0.2877584615666603,-0.2532632527492857,-0.2919967000069552,-0.29216977402633104,-0.5410136571448965,0.44934394048055326,53.0,0.49403291772984514,,,,
synthetic_niah_132,niah_single_1,disagreement_replication,64,32,physical_delete_low_attention_53,low_attention,53,14,15,0.0002497868485380883,0.0010799854845350322,0.2901508838031902,0.9587895465913864,0.23128722757383116,0.00021363286224317714,0.007708514190377852,0.013799197458771806,1.0000016003136927,0.027713883242226397,0.007708514190377852,49.643633423009035,4.303328493763345e-06,3.7145530313864583e-06,7.857943273847923e-06,1.352864384651184,0.6221620440483093,7.857943273847923e-06,21.182464599609375,20.172863006591797,12.678231239318848,10.382494926452637,9.9994535446167,2.7669403553009033,1274.0,-0.2877584615666603,-0.2532632527492857,-0.2919967000069552,-0.29216977402633104,-0.5410136571448965,0.44934394048055326,53.0,0.49403291772984514,4.228042103279227e-12,2.354989744359615e-08,4.228130963578848e-12,2.3549393778941812e-08
synthetic_niah_132,niah_single_1,disagreement_replication,64,32,physical_delete_low_attention_53,low_attention,53,15,16,0.0035170149777666144,0.0037069720967803535,0.8974331316153937,0.44412598779676316,0.9487567982562577,0.0032898969646624992,0.008091123222777587,0.37182533742611723,0.9289540318536097,0.40660571765870557,0.008091123222777587,50.28343394745797,6.542705432767717e-05,7.818362792022526e-05,0.00011146458564326167,2.236213207244873,0.43015655875205994,0.00011146458564326167,56.26005935668945,55.7138671875,1390.9520263671875,9.255400657653809,8.676300048828125,3.4295926094055176,1274.0,-0.2877584615666603,-0.2532632527492857,-0.2919967000069552,-0.29216977402633104,-0.5410136571448965,0.44934394048055326,53.0,0.49403291772984514,,,,
synthetic_niah_132,niah_single_1,disagreement_replication,64,32,physical_delete_low_attention_53,low_attention,53,16,17,0.004479121154249057,0.004434991002235365,0.967665928708618,0.25575502160692276,1.0099504490519708,0.004144842063463665,0.008744705503664126,0.44448022464267345,0.8962743696988017,0.4739830359898262,0.008744705503664126,53.51230246873807,7.74558722433049e-05,0.00010990622104145586,0.0001341497991234064,2.952193260192871,0.2090560644865036,0.0001341497991234064,20.195829391479492,18.53780746459961,6.940854549407959,10.263893127441406,9.207469940185547,3.3237881660461426,1274.0,-0.2877584615666603,-0.2532632527492857,-0.2919967000069552,-0.29216977402633104,-0.5410136571448965,0.44934394048055326,53.0,0.49403291772984514,,,,
synthetic_niah_132,niah_single_1,disagreement_replication,64,32,physical_delete_low_attention_53,low_attention,53,17,18,0.0004243216595227473,0.0009769195512237595,0.47419910573623814,0.8813191433616573,0.4343465733603259,0.0004791279107756196,0.009017025609793892,0.08549142144863223,0.9968641309749858,0.053135915490271225,0.009017025609793892,59.31365844816212,8.07786812196653e-06,5.1977917792100925e-06,1.0324799404770602e-05,2.0247819423675537,0.4636494219303131,1.0324799404770602e-05,19.473819732666016,17.132732391357422,8.119804382324219,9.091797828674316,9.790154457092285,4.54671049118042,1274.0,-0.2877584615666603,-0.2532632527492857,-0.2919967000069552,-0.29216977402633104,-0.5410136571448965,0.44934394048055326,53.0,0.49403291772984514,,,,
synthetic_niah_132,niah_single_1,disagreement_replication,64,32,physical_delete_low_attention_53,low_attention,53,18,19,0.0008452788716521591,0.00192028180649798,0.5456788558716749,0.8446085372060038,0.4401848045385042,0.0009210619000234798,0.009496947094951143,0.08218494012637541,0.9967269831320497,0.09698505117640842,0.009496947094951143,68.82751138792895,1.338217642117185e-05,1.2868560588685796e-05,2.296678940183483e-05,2.163158416748047,0.3944883346557617,2.296678940183483e-05,25.091327667236328,22.769367218017578,7.734595775604248,10.19506549835205,9.650589942932129,3.704442262649536,1274.0,-0.2877584615666603,-0.2532632527492857,-0.2919967000069552,-0.29216977402633104,-0.5410136571448965,0.44934394048055326,53.0,0.49403291772984514,3.4862103217020576e-10,2.0962118370260446e-08,3.4861970035764166e-10,2.0961561872754818e-08
synthetic_niah_132,niah_single_1,disagreement_replication,64,32,physical_delete_low_attention_53,low_attention,53,19,20,0.00017380582244675268,0.001440603415492455,0.08217830039028079,0.9973598345012409,0.12064793167753181,0.00014638213858326297,0.009837239759195229,-0.022531619112902787,1.0004458935359088,0.014880407732914533,0.009837239759195229,79.53328569912684,1.8405141607882803e-06,2.219866246377933e-06,4.439946678758133e-06,1.1583147048950195,0.6812272071838379,4.439946678758133e-06,22.675048828125,19.555871963500977,8.408392906188965,11.022172927856445,10.144048690795898,2.7507898807525635,1274.0,-0.2877584615666603,-0.2532632527492857,-0.2919967000069552,-0.29216977402633104,-0.5410136571448965,0.44934394048055326,53.0,0.49403291772984514,,,,
synthetic_niah_132,niah_single_1,disagreement_replication,64,32,physical_delete_low_attention_53,low_attention,53,20,21,0.007344232228310923,0.007578483127953139,0.9512413401586535,0.30896356985331824,0.9690900018265945,0.007024538089099905,0.012306701590337723,0.577593261667493,0.8163530565825379,0.5707896659016282,0.012306701590337723,90.78635570510643,7.737438114508211e-05,0.00010396435391157866,0.00015880788851063699,2.444829225540161,0.34685882925987244,0.00015880788851063699,20.847850799560547,19.23114585876465,7.111196994781494,10.699623107910156,11.050212860107422,5.306459426879883,1274.0,-0.2877584615666603,-0.2532632527492857,-0.2919967000069552,-0.29216977402633104,-0.5410136571448965,0.44934394048055326,53.0,0.49403291772984514,,,,
synthetic_niah_132,niah_single_1,disagreement_replication,64,32,physical_delete_low_attention_53,low_attention,53,21,22,0.003839916593175476,0.004443032161893659,0.9111768979339542,0.41467848296965354,0.8642558624961361,0.0041537730255448175,0.01334664275766358,0.18924130249546578,0.9894781939362253,0.3112223126793246,0.01334664275766358,121.70487122165501,3.4129883083970876e-05,6.83493199176155e-05,7.769381045363843e-05,2.4466116428375244,0.3820800483226776,7.769381045363843e-05,18.28106689453125,17.42411994934082,5.410907745361328,11.236398696899414,11.127500534057617,7.894530773162842,1274.0,-0.2877584615666603,-0.2532632527492857,-0.2919967000069552,-0.29216977402633104,-0.5410136571448965,0.44934394048055326,53.0,0.49403291772984514,,,,
synthetic_niah_132,niah_single_1,disagreement_replication,64,32,physical_delete_low_attention_53,low_attention,53,22,23,0.0003209702835724517,0.0009286358364227946,0.4190482955319926,0.9109269139238562,0.3456363312543094,0.00031464579184677555,0.01382825008959481,0.09720848550158588,0.9980450914480611,0.02275384013220397,0.01382825008959481,137.94071369976137,2.281021921719402e-06,8.708554560143966e-06,6.0573129303520545e-06,1.412867546081543,0.6103174686431885,6.0573129303520545e-06,22.025009155273438,19.89716339111328,6.991460800170898,10.459402084350586,10.997014999389648,10.16834545135498,1274.0,-0.2877584615666603,-0.2532632527492857,-0.2919967000069552,-0.29216977402633104,-0.5410136571448965,0.44934394048055326,53.0,0.49403291772984514,1.1786727292960176e-11,2.053836587268809e-08,1.1785663950665472e-11,2.053734681333449e-08
synthetic_niah_132,niah_single_1,disagreement_replication,64,32,physical_delete_low_attention_53,low_attention,53,23,24,0.0009737809868296532,0.0010741604839494092,0.8206394814394946,0.5778681395320273,0.9065507448657144,0.0009472651096959373,0.014444090372867516,0.06076205848858905,0.9981639140254709,0.06558149978591427,0.014444090372867516,166.64040597577642,5.684486329405822e-06,1.8621738490764983e-05,1.6373745893361047e-05,1.18156099319458,0.7148981690406799,1.6373745893361047e-05,21.549047470092773,18.810340881347656,9.123043060302734,12.0625,13.439480781555176,10.45629596710205,1274.0,-0.2877584615666603,-0.2532632527492857,-0.2919967000069552,-0.29216977402633104,-0.5410136571448965,0.44934394048055326,53.0,0.49403291772984514,,,,
synthetic_niah_132,niah_single_1,disagreement_replication,64,32,physical_delete_low_attention_53,low_attention,53,24,25,0.00568411764839811,0.005763576615132932,0.974340981511463,0.22538990847287638,0.9862136010257601,0.00578381803321001,0.01624484002662782,0.32811795729841775,0.9450493449597733,0.3560403194940321,0.01624484002662782,198.4185885719199,2.9149577541287545e-05,7.102780364220962e-05,8.001954847713932e-05,1.4599884748458862,0.6120556592941284,8.001954847713932e-05,19.150896072387695,18.42216682434082,5.993766784667969,11.971986770629883,15.331140518188477,60.29978561401367,1274.0,-0.2877584615666603,-0.2532632527492857,-0.2919967000069552,-0.29216977402633104,-0.5410136571448965,0.44934394048055326,53.0,0.49403291772984514,,,,
synthetic_niah_132,niah_single_1,disagreement_replication,64,32,physical_delete_low_attention_53,low_attention,53,25,26,0.001151451916322914,0.002479517864494241,0.49061868679667053,0.8717691718898074,0.4643854084744741,0.001181489125173937,0.017067304188334898,0.07630940863632568,0.9971093515029084,0.0692252925322241,0.017067304188334898,223.28016255492082,5.291509606830042e-06,1.8595141227706335e-05,1.827085179684218e-05,1.364150881767273,0.6649051904678345,1.827085179684218e-05,19.550241470336914,17.7251033782959,7.905770778656006,14.464632034301758,20.012845993041992,54.71805191040039,1274.0,-0.2877584615666603,-0.2532632527492857,-0.2919967000069552,-0.29216977402633104,-0.5410136571448965,0.44934394048055326,53.0,0.49403291772984514,,,,
synthetic_niah_132,niah_single_1,disagreement_replication,64,32,physical_delete_low_attention_53,low_attention,53,26,27,0.00354634519613297,0.003555173012115753,0.932445460986133,0.3671236245610505,0.9975169095982956,0.003387469383450142,0.019186573090008686,0.14213730193224028,0.9904451059172027,0.17655416460035533,0.019186573090008686,273.7945637454184,1.2372303295984733e-05,4.916361649520695e-05,3.937011933885515e-05,1.7338314056396484,0.6365931630134583,3.937011933885515e-05,19.63365936279297,17.689687728881836,8.793983459472656,16.615402221679688,24.955821990966797,151.2533721923828,1274.0,-0.2877584615666603,-0.2532632527492857,-0.2919967000069552,-0.29216977402633104,-0.5410136571448965,0.44934394048055326,53.0,0.49403291772984514,8.464725036026692e-10,2.2766435134685356e-08,8.464639236745274e-10,2.2764935601058637e-08
synthetic_niah_132,niah_single_1,disagreement_replication,64,32,physical_delete_low_attention_53,low_attention,53,27,28,0.008880975795789009,0.00916367280278072,0.9745004841841768,0.22444917313552942,0.9691502508791097,0.006960759773455888,0.023300873675067425,0.2911582881182211,0.9567048868093019,0.29873385309599326,0.023300873675067425,213.887290401293,3.254405514416582e-05,0.00014558910334017128,6.16990146227181e-05,2.8519697189331055,0.2287539839744568,6.16990146227181e-05,17.903013229370117,16.397876739501953,5.076676845550537,15.259790420532227,24.79955291748047,133.3338165283203,1274.0,-0.2877584615666603,-0.2532632527492857,-0.2919967000069552,-0.29216977402633104,-0.5410136571448965,0.44934394048055326,53.0,0.49403291772984514,,,,
synthetic_niah_132,niah_single_1,disagreement_replication,64,32,physical_delete_median_value_norm_66,median_value_norm,66,0,1,0.0005197131015034705,0.0005218830954796275,0.9992138252282966,0.039788198382633984,0.9958419922106069,0.0006978373458915284,0.0006992319998583561,0.998581845379055,0.05324124634418873,0.9980054488823307,0.0006992319998583561,18.241865754163626,3.825471337723501e-05,4.302590969018638e-05,8.342466753674671e-05,1.5254979133605957,0.5544188618659973,8.342466753674671e-05,779.2382202148438,778.9127807617188,1847.3919677734375,3.605106830596924,4.077685832977295,0.8825215697288513,1261.0,-0.28288820593006714,-0.0170383501520691,-0.28790481022684716,-0.28841170185468323,-1.2259152387999928,0.9657445022468133,66.0,0.7268765123902522,1.2310767753707346e-11,1.4622593862312512e-11,1.2307061935958534e-11,1.461931436524943e-11
synthetic_niah_132,niah_single_1,disagreement_replication,64,32,physical_delete_median_value_norm_66,median_value_norm,66,1,2,0.014203332089131408,0.014215010153730202,0.9999726045036211,0.00744452098336023,0.9991784694859518,0.017006303217808643,0.016988960843481535,0.999130935926629,0.04172462666318835,1.0010208025368286,0.016988960843481535,22.073946879540358,0.0007704242159598221,0.0005979763809591532,0.0014336665626615286,2.7479593753814697,0.23510853946208954,0.0014336665626615286,91.83563995361328,91.21250915527344,3896.2314453125,3.892833948135376,4.026113510131836,0.5717785358428955,1261.0,-0.28288820593006714,-0.0170383501520691,-0.28790481022684716,-0.28841170185468323,-1.2259152387999928,0.9657445022468133,66.0,0.7268765123902522,,,,
synthetic_niah_132,niah_single_1,disagreement_replication,64,32,physical_delete_median_value_norm_66,median_value_norm,66,2,3,0.00024525965773680047,0.004556463234076152,-0.06261312977794711,1.0048073666905473,0.05382676105067447,0.00026191416224230805,0.016801629248354915,0.2128184887037211,0.9967988328562759,0.015588616935345877,0.016801629248354915,26.27153721254843,9.969502740677331e-06,5.549977231567027e-06,9.028861313709058e-06,2.0465447902679443,0.3958561420440674,9.028861313709058e-06,31.262516021728516,27.557661056518555,46.977134704589844,6.401060104370117,6.001667022705078,1.3752155303955078,1261.0,-0.28288820593006714,-0.0170383501520691,-0.28790481022684716,-0.28841170185468323,-1.2259152387999928,0.9657445022468133,66.0,0.7268765123902522,,,,
synthetic_niah_132,niah_single_1,disagreement_replication,64,32,physical_delete_median_value_norm_66,median_value_norm,66,3,4,9.96947014618117e-05,0.0037431414533375634,-0.05500878710010414,1.0018181334170784,0.026633965802419557,0.00010291359500309156,0.016430647055108,0.061953131432049224,0.9996315035787245,0.006263514434819384,0.016430647055108,32.40159849995054,3.1761888230066386e-06,4.0941781662695576e-06,3.152272483930574e-06,1.8045848608016968,0.49343255162239075,3.152272483930574e-06,26.44770050048828,22.03193473815918,9.20744800567627,6.201682090759277,6.517956256866455,1.4428188800811768,1261.0,-0.28288820593006714,-0.0170383501520691,-0.28790481022684716,-0.28841170185468323,-1.2259152387999928,0.9657445022468133,66.0,0.7268765123902522,,,,
synthetic_niah_132,niah_single_1,disagreement_replication,64,32,physical_delete_median_value_norm_66,median_value_norm,66,4,5,0.0006624817781607001,0.002948987110809469,0.20690759468116915,0.9785213037196501,0.22464722742679438,0.0006275057209776671,0.016366416463491733,0.13966761954375426,0.9953692923477209,0.0383410578838338,0.016366416463491733,34.469395260389334,1.8204720919451937e-05,1.6770363799878396e-05,2.2403508410206996e-05,1.185386061668396,0.7180435061454773,2.2403508410206996e-05,21.1774845123291,19.15361976623535,6.772961139678955,7.160902500152588,6.701077461242676,1.8816447257995605,1261.0,-0.28288820593006714,-0.0170383501520691,-0.28790481022684716,-0.28841170185468323,-1.2259152387999928,0.9657445022468133,66.0,0.7268765123902522,5.011820591424716e-11,3.033359096533511e-08,5.01160196667783e-11,3.033276138711273e-08
synthetic_niah_132,niah_single_1,disagreement_replication,64,32,physical_delete_median_value_norm_66,median_value_norm,66,5,6,0.000670679134612751,0.005196103721954252,-0.07096171967030493,1.0173389362434146,0.1290734693726454,0.0004984195439294997,0.013256490035569335,0.05831065381377574,0.9985133325756684,0.03759815325113649,0.013256490035569335,34.72327784119063,1.435404647594207e-05,1.09223292383831e-05,1.7621367078390904e-05,1.6502143144607544,0.5802988409996033,1.7621367078390904e-05,19.64813232421875,17.994247436523438,5.088830947875977,8.479385375976562,7.7479777336120605,1.5128413438796997,1261.0,-0.28288820593006714,-0.0170383501520691,-0.28790481022684716,-0.28841170185468323,-1.2259152387999928,0.9657445022468133,66.0,0.7268765123902522,,,,
synthetic_niah_132,niah_single_1,disagreement_replication,64,32,physical_delete_median_value_norm_66,median_value_norm,66,6,7,0.000622352911303058,0.0015122704217420974,0.26534324804386317,0.975174407494705,0.4115354650566551,0.000630891785769586,0.012182846739930727,0.013301436316126024,1.0006518254838885,0.051785251775495394,0.012182846739930727,38.07534364489573,1.6569562487826987e-05,1.562468969495967e-05,3.0926628824090585e-05,1.2301793098449707,0.633415699005127,3.0926628824090585e-05,20.118865966796875,19.85967254638672,7.194948673248291,7.688655853271484,6.794419288635254,1.2044223546981812,1261.0,-0.28288820593006714,-0.0170383501520691,-0.28790481022684716,-0.28841170185468323,-1.2259152387999928,0.9657445022468133,66.0,0.7268765123902522,,,,
synthetic_niah_132,niah_single_1,disagreement_replication,64,32,physical_delete_median_value_norm_66,median_value_norm,66,7,8,0.0005807683329731548,0.0027220183779162687,0.2830423519186915,0.9616354477684477,0.21335944594824466,0.0005317284360706417,0.010461213459887547,0.03714754813355566,0.9994034369591702,0.0508285619167891,0.010461213459887547,38.08968329901931,1.3959906988366374e-05,1.8702421584748663e-05,2.8741900678141974e-05,2.1677732467651367,0.3789805471897125,2.8741900678141974e-05,33.073646545410156,33.48217010498047,198.29165649414062,6.513489723205566,6.122788429260254,1.302572250366211,1261.0,-0.28288820593006714,-0.0170383501520691,-0.28790481022684716,-0.28841170185468323,-1.2259152387999928,0.9657445022468133,66.0,0.7268765123902522,4.114238702370595e-11,2.817298040724733e-08,4.114192668324992e-11,2.8172152182882015e-08
synthetic_niah_132,niah_single_1,disagreement_replication,64,32,physical_delete_median_value_norm_66,median_value_norm,66,8,9,0.00322541117609771,0.003492805064590938,0.9050979468761322,0.42559875216082804,0.9234443710575231,0.00270443339814238,0.009858179079421645,0.277886103030817,0.960620597007743,0.2743339694231891,0.009858179079421645,39.28394155725044,6.884322934349842e-05,4.681670179706998e-05,0.0001476149191148579,1.496236801147461,0.5895617604255676,0.0001476149191148579,24.038604736328125,21.30269432067871,13.474564552307129,8.832962989807129,8.286394119262695,3.0898756980895996,1261.0,-0.28288820593006714,-0.0170383501520691,-0.28790481022684716,-0.28841170185468323,-1.2259152387999928,0.9657445022468133,66.0,0.7268765123902522,,,,
synthetic_niah_132,niah_single_1,disagreement_replication,64,32,physical_delete_median_value_norm_66,median_value_norm,66,9,10,0.0015008815589739551,0.0019495001617586354,0.7110381121728823,0.7056112197266744,0.7698801920693439,0.0011954983967547288,0.009869509052425958,0.20993427343614732,0.9817401458960254,0.12113048282385144,0.009869509052425958,39.43065231272068,3.0319011394316963e-05,3.488058064249344e-05,6.048583236406557e-05,1.9287837743759155,0.4845144748687744,6.048583236406557e-05,21.278484344482422,19.84851837158203,6.727564811706543,8.167552947998047,7.607745170593262,3.1699113845825195,1261.0,-0.28288820593006714,-0.0170383501520691,-0.28790481022684716,-0.28841170185468323,-1.2259152387999928,0.9657445022468133,66.0,0.7268765123902522,,,,
synthetic_niah_132,niah_single_1,disagreement_replication,64,32,physical_delete_median_value_norm_66,median_value_norm,66,10,11,0.0013542208493644717,0.002588845503394145,0.4051000207977479,0.9218555105440621,0.523098364730147,0.0012597099039172385,0.009181362009814412,0.19407218629784664,0.982634264183675,0.1372029446797406,0.009181362009814412,41.381608641060495,3.0441298569222455e-05,3.8607799069723114e-05,6.657638732576743e-05,2.278341054916382,0.40271446108818054,6.657638732576743e-05,23.63412857055664,20.04023551940918,10.971686363220215,8.182523727416992,8.531750679016113,3.9485585689544678,1261.0,-0.28288820593006714,-0.0170383501520691,-0.28790481022684716,-0.28841170185468323,-1.2259152387999928,0.9657445022468133,66.0,0.7268765123902522,3.275706496174961e-10,1.9914607760039018e-08,3.2756997115339873e-10,1.9914268726836588e-08
synthetic_niah_132,niah_single_1,disagreement_replication,64,32,physical_delete_median_value_norm_66,median_value_norm,66,11,12,0.00043818240843077007,0.0015109137043663968,0.1995984387997199,0.9840401373340324,0.29001153882214753,0.00035768809501569924,0.008391488074283509,0.09579000520155855,0.9968203354048772,0.04262510914028079,0.008391488074283509,42.00677906606301,8.51500883829184e-06,1.4187428860168438e-05,2.1545085473917425e-05,2.0311439037323,0.4586123526096344,2.1545085473917425e-05,22.092445373535156,19.456226348876953,7.347265243530273,7.587735176086426,7.334367752075195,1.139603853225708,1261.0,-0.28288820593006714,-0.0170383501520691,-0.28790481022684716,-0.28841170185468323,-1.2259152387999928,0.9657445022468133,66.0,0.7268765123902522,,,,
synthetic_niah_132,niah_single_1,disagreement_replication,64,32,physical_delete_median_value_norm_66,median_value_norm,66,12,13,0.004048981983079423,0.0041376820401323264,0.9744898325293847,0.22446860776839944,0.9785628629284266,0.0033762739207589005,0.008906051755324985,0.41308148469543204,0.9113278811180875,0.3790988435184205,0.008906051755324985,43.63525901559348,7.737490270316388e-05,5.154706377652474e-05,9.454145038034767e-05,1.9722915887832642,0.45236125588417053,9.454145038034767e-05,20.611743927001953,18.473459243774414,6.916186809539795,9.854194641113281,8.68203067779541,1.4201111793518066,1261.0,-0.28288820593006714,-0.0170383501520691,-0.28790481022684716,-0.28841170185468323,-1.2259152387999928,0.9657445022468133,66.0,0.7268765123902522,,,,
synthetic_niah_132,niah_single_1,disagreement_replication,64,32,physical_delete_median_value_norm_66,median_value_norm,66,13,14,0.00014803088309217385,0.0015627098192872418,0.16249728242826836,0.9890335880590293,0.09472704481993421,0.00014592148072332747,0.009147550382298574,0.010443546419398852,0.9999606367784722,0.015951973438233274,0.009147550382298574,50.39764137212048,2.895402974236209e-06,3.2147181627806276e-06,5.355808752938174e-06,2.1422922611236572,0.3484064042568207,5.355808752938174e-06,22.750244140625,19.816694259643555,6.172203540802002,7.2196197509765625,7.872828006744385,2.4825081825256348,1261.0,-0.28288820593006714,-0.0170383501520691,-0.28790481022684716,-0.28841170185468323,-1.2259152387999928,0.9657445022468133,66.0,0.7268765123902522,,,,
synthetic_niah_132,niah_single_1,disagreement_replication,64,32,physical_delete_median_value_norm_66,median_value_norm,66,14,15,0.00019202703209827626,0.001243018256247546,0.17116987529539304,0.9853828068943157,0.1544844825352543,0.00016307345423818593,0.008839455517521806,0.04774719332916937,0.9992890608757133,0.018448359620673167,0.008839455517521806,49.643633423009035,3.2848815244575545e-06,1.9907868136215257e-06,5.741923359892098e-06,1.352864384651184,0.6221620440483093,5.741923359892098e-06,25.233280181884766,20.172863006591797,12.678231239318848,10.999448776245117,9.9994535446167,2.7669403553009033,1261.0,-0.28288820593006714,-0.0170383501520691,-0.28790481022684716,-0.28841170185468323,-1.2259152387999928,0.9657445022468133,66.0,0.7268765123902522,8.400485264769431e-12,3.1342710372945376e-08,8.398341964949668e-12,3.1342159181422034e-08
synthetic_niah_132,niah_single_1,disagreement_replication,64,32,physical_delete_median_value_norm_66,median_value_norm,66,15,16,0.0014572139326984369,0.002367625648384806,0.47826892329357845,0.888866857749969,0.6154748043435617,0.0014080083525403496,0.0086326330598842,0.14803974775216494,0.9890961200321939,0.16310300029817748,0.0086326330598842,50.28343394745797,2.8001435900571188e-05,2.9564434953499585e-05,5.0207803724333644e-05,2.236213207244873,0.43015655875205994,5.0207803724333644e-05,57.552734375,55.7138671875,1390.9520263671875,9.10637378692627,8.676300048828125,3.4295926094055176,1261.0,-0.28288820593006714,-0.0170383501520691,-0.28790481022684716,-0.28841170185468323,-1.2259152387999928,0.9657445022468133,66.0,0.7268765123902522,,,,
synthetic_niah_132,niah_single_1,disagreement_replication,64,32,physical_delete_median_value_norm_66,median_value_norm,66,16,17,0.0018845823090032627,0.00236933228454135,0.7178274320953422,0.7005300065750878,0.7954065038910639,0.0017981525387601176,0.00885782193654782,0.19679978117904873,0.9804633136446776,0.20300165792911792,0.00885782193654782,53.51230246873807,3.360260081895373e-05,5.252276241662912e-05,6.336101068882272e-05,2.952193260192871,0.2090560644865036,6.336101068882272e-05,20.225976943969727,18.53780746459961,6.940854549407959,9.745594024658203,9.207469940185547,3.3237881660461426,1261.0,-0.28288820593006714,-0.0170383501520691,-0.28790481022684716,-0.28841170185468323,-1.2259152387999928,0.9657445022468133,66.0,0.7268765123902522,,,,
synthetic_niah_132,niah_single_1,disagreement_replication,64,32,physical_delete_median_value_norm_66,median_value_norm,66,17,18,0.00010772062380484792,0.0008239032745692469,0.12342107709401912,0.9923814119250393,0.13074425982973115,0.00011002731649722344,0.008985874150630829,0.0017840037203412174,1.0000531179902434,0.01224447556830064,0.008985874150630829,59.31365844816212,1.8550080938504766e-06,1.636793058423791e-06,2.0877710085187573e-06,2.0247819423675537,0.4636494219303131,2.0877710085187573e-06,20.137859344482422,17.132732391357422,8.119804382324219,9.306877136230469,9.790154457092285,4.54671049118042,1261.0,-0.28288820593006714,-0.0170383501520691,-0.28790481022684716,-0.28841170185468323,-1.2259152387999928,0.9657445022468133,66.0,0.7268765123902522,,,,
synthetic_niah_132,niah_single_1,disagreement_replication,64,32,physical_delete_median_value_norm_66,median_value_norm,66,18,19,0.00025857709242086183,0.0014458314052829169,0.1962402615733927,0.9807101600558285,0.17884318425789353,0.00027999418303201705,0.00937848389927225,0.06744928823926025,0.9984307325309343,0.029854951614700108,0.00937848389927225,68.82751138792895,4.06805617965613e-06,4.55792269349331e-06,6.938610567885917e-06,2.163158416748047,0.3944883346557617,6.938610567885917e-06,26.174297332763672,22.769367218017578,7.734595775604248,10.600218772888184,9.650589942932129,3.704442262649536,1261.0,-0.28288820593006714,-0.0170383501520691,-0.28790481022684716,-0.28841170185468323,-1.2259152387999928,0.9657445022468133,66.0,0.7268765123902522,2.8995957639080118e-11,3.688368335596625e-08,2.899496056035385e-11,3.68818640404065e-08
synthetic_niah_132,niah_single_1,disagreement_replication,64,32,physical_delete_median_value_norm_66,median_value_norm,66,19,20,0.0002705085616113943,0.0013352317938221533,0.1745671893022981,0.9850440296003601,0.2025929601609118,0.00022543472266449644,0.009845882892382448,0.02588143178185408,0.9996694764958038,0.022896344099208262,0.009845882892382448,79.53328569912684,2.8344701301202672e-06,2.8531719635793706e-06,5.988566499581793e-06,1.1583147048950195,0.6812272071838379,5.988566499581793e-06,23.070838928222656,19.555871963500977,8.408392906188965,11.312295913696289,10.144048690795898,2.7507898807525635,1261.0,-0.28288820593006714,-0.0170383501520691,-0.28790481022684716,-0.28841170185468323,-1.2259152387999928,0.9657445022468133,66.0,0.7268765123902522,,,,
synthetic_niah_132,niah_single_1,disagreement_replication,64,32,physical_delete_median_value_norm_66,median_value_norm,66,20,21,0.004804460481887747,0.004865184066067214,0.8652479536365016,0.5160388804072842,0.9875187488582413,0.004188377868967233,0.011012774280745886,0.35614350026420794,0.9347439801373801,0.38031995954824543,0.011012774280745886,90.78635570510643,4.613444208039349e-05,6.190993735799566e-05,9.123546624323353e-05,2.444829225540161,0.34685882925987244,9.123546624323353e-05,20.846904754638672,19.23114585876465,7.111196994781494,10.670553207397461,11.050212860107422,5.306459426879883,1261.0,-0.28288820593006714,-0.0170383501520691,-0.28790481022684716,-0.28841170185468323,-1.2259152387999928,0.9657445022468133,66.0,0.7268765123902522,,,,
synthetic_niah_132,niah_single_1,disagreement_replication,64,32,physical_delete_median_value_norm_66,median_value_norm,66,21,22,0.002478883924507679,0.003052279954839603,0.7515928374551704,0.6624004643231974,0.8121417305045153,0.0024463124086265427,0.012108660963329746,0.19407304021713467,0.9810193513836086,0.2020299697906344,0.012108660963329746,121.70487122165501,2.0100365614546323e-05,5.847267675562762e-05,6.902016320964321e-05,2.4466116428375244,0.3820800483226776,6.902016320964321e-05,17.65845489501953,17.42411994934082,5.410907745361328,11.24533462524414,11.127500534057617,7.894530773162842,1261.0,-0.28288820593006714,-0.0170383501520691,-0.28790481022684716,-0.28841170185468323,-1.2259152387999928,0.9657445022468133,66.0,0.7268765123902522,,,,
synthetic_niah_132,niah_single_1,disagreement_replication,64,32,physical_delete_median_value_norm_66,median_value_norm,66,22,23,0.000285051231063008,0.0008033212960178363,0.3226678268779496,0.9470589097207771,0.35484087435007944,0.0002775485946420036,0.012547271133790634,0.055805733951699604,0.9990097261047103,0.02212023568172898,0.012547271133790634,137.94071369976137,2.0120861143730892e-06,7.099031336110784e-06,5.1895890464948025e-06,1.412867546081543,0.6103174686431885,5.1895890464948025e-06,23.14698028564453,19.89716339111328,6.991460800170898,11.44443130493164,10.997014999389648,10.16834545135498,1261.0,-0.28288820593006714,-0.0170383501520691,-0.28790481022684716,-0.28841170185468323,-1.2259152387999928,0.9657445022468133,66.0,0.7268765123902522,5.829717245657474e-12,3.277270220968068e-08,5.8269124085266186e-12,3.27719826296896e-08
synthetic_niah_132,niah_single_1,disagreement_replication,64,32,physical_delete_median_value_norm_66,median_value_norm,66,23,24,0.0006334484343660527,0.0008777630289847306,0.6437466816511466,0.7691950625274633,0.7216622407744084,0.0006142876499578249,0.013196860553014063,0.07103397216237074,0.9977743918067333,0.04654801401364556,0.013196860553014063,166.64040597577642,3.686306729516252e-06,8.763247933529783e-06,1.2292858627915848e-05,1.18156099319458,0.7148981690406799,1.2292858627915848e-05,22.441364288330078,18.810340881347656,9.123043060302734,11.964523315429688,13.439480781555176,10.45629596710205,1261.0,-0.28288820593006714,-0.0170383501520691,-0.28790481022684716,-0.28841170185468323,-1.2259152387999928,0.9657445022468133,66.0,0.7268765123902522,,,,
synthetic_niah_132,niah_single_1,disagreement_replication,64,32,physical_delete_median_value_norm_66,median_value_norm,66,24,25,0.000821110683733512,0.0014683037326326922,0.5575271806077111,0.8301604194811342,0.5592239980628854,0.0008428372729160503,0.01425698959208782,0.03484002630526364,0.9996877348665862,0.059117478305784725,0.01425698959208782,198.4185885719199,4.247773754375593e-06,8.893281119526364e-06,1.126469396695029e-05,1.4599884748458862,0.6120556592941284,1.126469396695029e-05,21.168376922607422,18.42216682434082,5.993766784667969,11.850099563598633,15.331140518188477,60.29978561401367,1261.0,-0.28288820593006714,-0.0170383501520691,-0.28790481022684716,-0.28841170185468323,-1.2259152387999928,0.9657445022468133,66.0,0.7268765123902522,,,,
synthetic_niah_132,niah_single_1,disagreement_replication,64,32,physical_delete_median_value_norm_66,median_value_norm,66,25,26,0.0005515228597036091,0.002328856629315898,0.18620017480381024,0.9838150199335022,0.23682130224805598,0.000526805970259501,0.014931416871352372,-0.012596747193343751,1.0010662660114165,0.03528171336976321,0.014931416871352372,223.28016255492082,2.3593944228248272e-06,8.160933248291258e-06,1.0437657692818902e-05,1.364150881767273,0.6649051904678345,1.0437657692818902e-05,20.412799835205078,17.7251033782959,7.905770778656006,14.284552574157715,20.012845993041992,54.71805191040039,1261.0,-0.28288820593006714,-0.0170383501520691,-0.28790481022684716,-0.28841170185468323,-1.2259152387999928,0.9657445022468133,66.0,0.7268765123902522,,,,
synthetic_niah_132,niah_single_1,disagreement_replication,64,32,physical_delete_median_value_norm_66,median_value_norm,66,26,27,0.0010921625002261474,0.001260361273022677,0.32493961639720065,1.0898408108046014,0.8665471746897263,0.0009021221062161224,0.016421368360259595,0.06376057163381242,0.9980042409323383,0.054935866879357996,0.016421368360259595,273.7945637454184,3.2948868446304874e-06,1.2637032341444865e-05,1.3984120414534118e-05,1.7338314056396484,0.6365931630134583,1.3984120414534118e-05,21.932926177978516,17.689687728881836,8.793983459472656,15.716611862182617,24.955821990966797,151.2533721923828,1261.0,-0.28288820593006714,-0.0170383501520691,-0.28790481022684716,-0.28841170185468323,-1.2259152387999928,0.9657445022468133,66.0,0.7268765123902522,1.0537327907418487e-10,3.577690385082459e-08,1.0537003874548981e-10,3.577617451496038e-08
synthetic_niah_132,niah_single_1,disagreement_replication,64,32,physical_delete_median_value_norm_66,median_value_norm,66,27,28,0.003586818525159445,0.0030945062005491,0.8186557311964514,0.6676075933059802,1.1590923697367248,0.0023400609538511813,0.018226656995393737,0.11072412319877552,0.9940081168399564,0.1283867334773768,0.018226656995393737,213.887290401293,1.094062648351281e-05,2.898153616115451e-05,2.4273798771901056e-05,2.8519697189331055,0.2287539839744568,2.4273798771901056e-05,18.80107307434082,16.397876739501953,5.076676845550537,15.770149230957031,24.79955291748047,133.3338165283203,1261.0,-0.28288820593006714,-0.0170383501520691,-0.28790481022684716,-0.28841170185468323,-1.2259152387999928,0.9657445022468133,66.0,0.7268765123902522,,,,
synthetic_niah_132,niah_single_1,disagreement_replication,64,32,physical_delete_high_random_57,high_random,57,0,1,0.0008730609106044626,0.0008750459012055887,0.9997200037226733,0.02374590642385,0.9977315583120939,0.0011658580673291358,0.0011654873528322888,0.9994732028697473,0.03246583677128858,1.000318076807909,0.0011654873528322888,18.241865754163626,6.391111978570689e-05,5.052770211477764e-05,8.771633292781189e-05,1.5254979133605957,0.5544188618659973,8.771633292781189e-05,779.23828125,778.9127807617188,1847.3919677734375,3.605106830596924,4.077685832977295,0.8825215697288513,1270.0,-0.2754160998553188,-0.016257085492466586,-0.2806114029795225,-0.2813448536895834,-0.7924048143977955,0.9345568690146019,57.0,0.9860882593482219,3.022416378880179e-11,3.4086970293585196e-11,3.022163136064492e-11,3.4087059878017625e-11
synthetic_niah_132,niah_single_1,disagreement_replication,64,32,physical_delete_high_random_57,high_random,57,1,2,0.012286843208706155,0.012303897098471163,0.9999010737657646,0.014124425120137618,0.9986139440513423,0.014741305894388683,0.014696883267124443,0.9967726078641503,0.08051975203032806,1.0030225882901043,0.014696883267124443,22.073946879540358,0.0006678146855582013,0.0005797304329462349,0.0012190097477287054,2.7479593753814697,0.23510853946208954,0.0012190097477287054,91.83448028564453,91.21250915527344,3896.2314453125,3.8812415599823,4.026113510131836,0.5717785358428955,1270.0,-0.2754160998553188,-0.016257085492466586,-0.2806114029795225,-0.2813448536895834,-0.7924048143977955,0.9345568690146019,57.0,0.9860882593482219,,,,
synthetic_niah_132,niah_single_1,disagreement_replication,64,32,physical_delete_high_random_57,high_random,57,2,3,0.00022401548844350847,0.0038770426548269212,-0.03964120319543728,1.0039519231638592,0.05777999067526611,0.00021752690028996335,0.014565680231089952,0.15571367210536807,0.9977835986793363,0.014934208141248325,0.014565680231089952,26.27153721254843,8.279945651069974e-06,8.262401934189256e-06,8.935711775848176e-06,2.0465447902679443,0.3958561420440674,8.935711775848176e-06,31.031875610351562,27.557661056518555,46.977134704589844,6.417501449584961,6.001667022705078,1.3752155303955078,1270.0,-0.2754160998553188,-0.016257085492466586,-0.2806114029795225,-0.2813448536895834,-0.7924048143977955,0.9345568690146019,57.0,0.9860882593482219,,,,
synthetic_niah_132,niah_single_1,disagreement_replication,64,32,physical_delete_high_random_57,high_random,57,3,4,0.0001596151225402318,0.0032044087490363327,0.003658679513785028,1.0010577705210086,0.04981109934499871,0.00016956803463102793,0.01425644088233709,0.09455551209981598,0.9989455232246482,0.011894135151299437,0.01425644088233709,32.40159849995054,5.233323122354188e-06,4.5959527597005945e-06,7.358603397733532e-06,1.8045848608016968,0.49343255162239075,7.358603397733532e-06,26.132373809814453,22.03193473815918,9.20744800567627,6.211735725402832,6.517956256866455,1.4428188800811768,1270.0,-0.2754160998553188,-0.016257085492466586,-0.2806114029795225,-0.2813448536895834,-0.7924048143977955,0.9345568690146019,57.0,0.9860882593482219,,,,
synthetic_niah_132,niah_single_1,disagreement_replication,64,32,physical_delete_high_random_57,high_random,57,4,5,0.0008145499805635266,0.0025212478840461665,0.2701689280875951,0.9642653738827306,0.32307413551749414,0.0007772726799594428,0.014207834630825707,0.1427194186700492,0.9936686044686937,0.05470732874896015,0.014207834630825707,34.469395260389334,2.2549646551317636e-05,2.3607592083862983e-05,2.7442609280114993e-05,1.185386061668396,0.7180435061454773,2.7442609280114993e-05,20.77778434753418,19.15361976623535,6.772961139678955,7.1716766357421875,6.701077461242676,1.8816447257995605,1270.0,-0.2754160998553188,-0.016257085492466586,-0.2806114029795225,-0.2813448536895834,-0.7924048143977955,0.9345568690146019,57.0,0.9860882593482219,5.772695171073299e-11,1.9570558381398523e-08,5.772646908450468e-11,1.9570078994908198e-08
synthetic_niah_132,niah_single_1,disagreement_replication,64,32,physical_delete_high_random_57,high_random,57,5,6,0.004790935218667288,0.006096933167004906,0.6693160644530614,0.7520526450741145,0.785794281720955,0.0040274227945848945,0.0123843887404751,0.37516651139202184,0.9283030663676347,0.3252015807144626,0.0123843887404751,34.72327784119063,0.0001159862502902116,8.310047996928915e-05,0.0001360732567263767,1.6502143144607544,0.5802988409996033,0.0001360732567263767,19.37409019470215,17.994247436523438,5.088830947875977,8.492012023925781,7.7479777336120605,1.5128413438796997,1270.0,-0.2754160998553188,-0.016257085492466586,-0.2806114029795225,-0.2813448536895834,-0.7924048143977955,0.9345568690146019,57.0,0.9860882593482219,,,,
synthetic_niah_132,niah_single_1,disagreement_replication,64,32,physical_delete_high_random_57,high_random,57,6,7,0.000662853907601584,0.0016911245711060973,0.2817286120895997,0.9658053851403405,0.39196042617253063,0.0006405323968470012,0.011299642355797607,0.0014338635187461071,1.0015242139518559,0.05668607701715069,0.011299642355797607,38.07534364489573,1.6822760756169014e-05,1.7601900253794156e-05,3.217210905859247e-05,1.2301793098449707,0.633415699005127,3.217210905859247e-05,20.017086029052734,19.85967254638672,7.194948673248291,7.720167636871338,6.794419288635254,1.2044223546981812,1270.0,-0.2754160998553188,-0.016257085492466586,-0.2806114029795225,-0.2813448536895834,-0.7924048143977955,0.9345568690146019,57.0,0.9860882593482219,,,,
synthetic_niah_132,niah_single_1,disagreement_replication,64,32,physical_delete_high_random_57,high_random,57,7,8,0.0006465007005011384,0.002924616320149285,0.28184324506954916,0.9613842160753187,0.22105487685582573,0.0005846885387388434,0.009754200238093513,0.05713507471463581,0.998370403894421,0.05994223252209169,0.009754200238093513,38.08968329901931,1.535031242315153e-05,2.2203086700756103e-05,3.114185528829694e-05,2.1677732467651367,0.3789805471897125,3.114185528829694e-05,33.02581024169922,33.48217010498047,198.29165649414062,6.458679676055908,6.122788429260254,1.302572250366211,1270.0,-0.2754160998553188,-0.016257085492466586,-0.2806114029795225,-0.2813448536895834,-0.7924048143977955,0.9345568690146019,57.0,0.9860882593482219,4.849768917549763e-11,3.074888343473453e-08,4.8497711567169225e-11,3.0748358090261095e-08
synthetic_niah_132,niah_single_1,disagreement_replication,64,32,physical_delete_high_random_57,high_random,57,8,9,0.0038039482909587997,0.00416544224155732,0.9067421835009921,0.42173513287811815,0.9132159493193764,0.003184981540664623,0.009508846867420652,0.3498296162803453,0.9369315148813554,0.33494929354442043,0.009508846867420652,39.28394155725044,8.107591586814146e-05,5.5853481171652675e-05,0.0001765079068718478,1.496236801147461,0.5895617604255676,0.0001765079068718478,23.60718536376953,21.30269432067871,13.474564552307129,8.661630630493164,8.286394119262695,3.0898756980895996,1270.0,-0.2754160998553188,-0.016257085492466586,-0.2806114029795225,-0.2813448536895834,-0.7924048143977955,0.9345568690146019,57.0,0.9860882593482219,,,,
synthetic_niah_132,niah_single_1,disagreement_replication,64,32,physical_delete_high_random_57,high_random,57,9,10,0.002293958262247313,0.002656384398721205,0.8622910952369918,0.5064145413328363,0.8635641224785218,0.0018419037666215603,0.009620439200883091,0.2885181330041863,0.9623814644425421,0.19145734702553766,0.009620439200883091,39.43065231272068,4.671248530238861e-05,5.598031566478312e-05,9.146099910140038e-05,1.9287837743759155,0.4845144748687744,9.146099910140038e-05,21.159469604492188,19.84851837158203,6.727564811706543,8.031878471374512,7.607745170593262,3.1699113845825195,1270.0,-0.2754160998553188,-0.016257085492466586,-0.2806114029795225,-0.2813448536895834,-0.7924048143977955,0.9345568690146019,57.0,0.9860882593482219,,,,
synthetic_niah_132,niah_single_1,disagreement_replication,64,32,physical_delete_high_random_57,high_random,57,10,11,0.0019083195520500798,0.003254119544935452,0.4491966669817902,0.9039114266930396,0.5864319136708092,0.0016293624715528483,0.008820877591223394,0.17373516236820324,0.9848536364427645,0.1847165947721611,0.008820877591223394,41.381608641060495,3.9374072808182944e-05,5.6810618843883276e-05,9.896644041873515e-05,2.278341054916382,0.40271446108818054,9.896644041873515e-05,23.060497283935547,20.04023551940918,10.971686363220215,8.173799514770508,8.531750679016113,3.9485585689544678,1270.0,-0.2754160998553188,-0.016257085492466586,-0.2806114029795225,-0.2813448536895834,-0.7924048143977955,0.9345568690146019,57.0,0.9860882593482219,4.901070186586973e-10,2.358006439334492e-08,4.901059873672055e-10,2.357959976788521e-08
synthetic_niah_132,niah_single_1,disagreement_replication,64,32,physical_delete_high_random_57,high_random,57,11,12,0.0007802252106174016,0.0018669427260753003,0.34559568336907803,0.9411662179677381,0.41791598623788334,0.0006349709233396867,0.008084382102174983,0.11427063817474781,0.9940918929197395,0.07854291339951104,0.008084382102174983,42.00677906606301,1.5115915513090967e-05,2.594359830254689e-05,3.8063419196987525e-05,2.0311439037323,0.4586123526096344,3.8063419196987525e-05,21.624256134033203,19.456226348876953,7.347265243530273,7.509904384613037,7.334367752075195,1.139603853225708,1270.0,-0.2754160998553188,-0.016257085492466586,-0.2806114029795225,-0.2813448536895834,-0.7924048143977955,0.9345568690146019,57.0,0.9860882593482219,,,,
synthetic_niah_132,niah_single_1,disagreement_replication,64,32,physical_delete_high_random_57,high_random,57,12,13,0.006726767498951882,0.006734106889356959,0.9884979546783772,0.1515922383084095,0.9989101167347557,0.005567121168821865,0.009844287984961566,0.6062376022676277,0.7963253499151971,0.5655179102161954,0.009844287984961566,43.63525901559348,0.0001275830897860008,9.684261021902785e-05,0.00016257025708910078,1.9722915887832642,0.45236125588417053,0.00016257025708910078,20.173583984375,18.473459243774414,6.916186809539795,9.788957595825195,8.68203067779541,1.4201111793518066,1270.0,-0.2754160998553188,-0.016257085492466586,-0.2806114029795225,-0.2813448536895834,-0.7924048143977955,0.9345568690146019,57.0,0.9860882593482219,,,,
synthetic_niah_132,niah_single_1,disagreement_replication,64,32,physical_delete_high_random_57,high_random,57,13,14,0.0008130105384973176,0.0022690209560741735,0.5081893687769744,0.8741897405381676,0.35830895978324345,0.0009013777333053264,0.010080218104801416,0.13729325006540039,0.9916866277091341,0.0894204593525592,0.010080218104801416,50.39764137212048,1.788531583551369e-05,1.713722485874314e-05,2.3330405383603647e-05,2.1422922611236572,0.3484064042568207,2.3330405383603647e-05,22.60129737854004,19.816694259643555,6.172203540802002,7.295169830322266,7.872828006744385,2.4825081825256348,1270.0,-0.2754160998553188,-0.016257085492466586,-0.2806114029795225,-0.2813448536895834,-0.7924048143977955,0.9345568690146019,57.0,0.9860882593482219,,,,
synthetic_niah_132,niah_single_1,disagreement_replication,64,32,physical_delete_high_random_57,high_random,57,14,15,0.00042270824428046683,0.0017495390098950364,0.2652062769920858,0.9644803562734183,0.24161121409109204,0.00036081275740897784,0.009610276296773648,0.042936123849320315,0.9990923676864928,0.037544472839985826,0.009610276296773648,49.643633423009035,7.268057000069356e-06,4.707696461991873e-06,1.2038074601150583e-05,1.352864384651184,0.6221620440483093,1.2038074601150583e-05,24.471343994140625,20.172863006591797,12.678231239318848,11.266498565673828,9.9994535446167,2.7669403553009033,1270.0,-0.2754160998553188,-0.016257085492466586,-0.2806114029795225,-0.2813448536895834,-0.7924048143977955,0.9345568690146019,57.0,0.9860882593482219,3.411382012284134e-11,4.143699358227245e-08,3.4112313998164806e-11,4.143646470545061e-08
synthetic_niah_132,niah_single_1,disagreement_replication,64,32,physical_delete_high_random_57,high_random,57,15,16,0.003141986557709897,0.003864095366159899,0.6888876086489805,0.7354375616485456,0.8131234506337698,0.003196143574498381,0.009532991536928267,0.2943563374060738,0.9565711811717963,0.33527183593076454,0.009532991536928267,50.28343394745797,6.356255576813004e-05,5.6222033890662715e-05,9.459316061111167e-05,2.236213207244873,0.43015655875205994,9.459316061111167e-05,57.328880310058594,55.7138671875,1390.9520263671875,9.68234634399414,8.676300048828125,3.4295926094055176,1270.0,-0.2754160998553188,-0.016257085492466586,-0.2806114029795225,-0.2813448536895834,-0.7924048143977955,0.9345568690146019,57.0,0.9860882593482219,,,,
synthetic_niah_132,niah_single_1,disagreement_replication,64,32,physical_delete_high_random_57,high_random,57,16,17,0.0034746765304726453,0.0038117350157731615,0.8347288367611738,0.555997182869514,0.9115734740463988,0.0033804401197553412,0.010049186140181292,0.334924458758493,0.9422461212982877,0.33638944214982536,0.010049186140181292,53.51230246873807,6.317127022763031e-05,9.53704584389925e-05,0.00011522715067258105,2.952193260192871,0.2090560644865036,0.00011522715067258105,19.626277923583984,18.53780746459961,6.940854549407959,10.145313262939453,9.207469940185547,3.3237881660461426,1270.0,-0.2754160998553188,-0.016257085492466586,-0.2806114029795225,-0.2813448536895834,-0.7924048143977955,0.9345568690146019,57.0,0.9860882593482219,,,,
synthetic_niah_132,niah_single_1,disagreement_replication,64,32,physical_delete_high_random_57,high_random,57,17,18,0.0001341858210082483,0.0011127380777972336,0.13700685658746461,0.9907061182335173,0.12059066161722565,0.00013769160203484955,0.010221439937100108,0.013906628802881148,0.9999033931177824,0.013470861530485458,0.010221439937100108,59.31365844816212,2.3214147573646426e-06,2.597386583147454e-06,2.940189688160899e-06,2.0247819423675537,0.4636494219303131,2.940189688160899e-06,19.757984161376953,17.132732391357422,8.119804382324219,9.2443208694458,9.790154457092285,4.54671049118042,1270.0,-0.2754160998553188,-0.016257085492466586,-0.2806114029795225,-0.2813448536895834,-0.7924048143977955,0.9345568690146019,57.0,0.9860882593482219,,,,
synthetic_niah_132,niah_single_1,disagreement_replication,64,32,physical_delete_high_random_57,high_random,57,18,19,0.0003316069063177476,0.0019159708634365223,0.10570645742720182,0.9966768196893556,0.1730751300272756,0.0003576538329298458,0.010532326971009361,0.08001442971206917,0.9978571597923352,0.03395772215525608,0.010532326971009361,68.82751138792895,5.19637897285026e-06,6.385105280060088e-06,9.9239478004165e-06,2.163158416748047,0.3944883346557617,9.9239478004165e-06,25.93419647216797,22.769367218017578,7.734595775604248,10.52329158782959,9.650589942932129,3.704442262649536,1270.0,-0.2754160998553188,-0.016257085492466586,-0.2806114029795225,-0.2813448536895834,-0.7924048143977955,0.9345568690146019,57.0,0.9860882593482219,4.932565419180531e-11,5.315008464452215e-08,4.932366959089698e-11,5.31477910868551e-08
synthetic_niah_132,niah_single_1,disagreement_replication,64,32,physical_delete_high_random_57,high_random,57,19,20,0.0004402089864084823,0.001766905372128024,0.24092310247692683,0.9705790005938901,0.24914123492550355,0.0003732742944930642,0.011040964729993377,0.029957445618722354,0.9995585921640101,0.033808123078144105,0.011040964729993377,79.53328569912684,4.693309112176692e-06,4.040246039949125e-06,9.342056728200987e-06,1.1583147048950195,0.6812272071838379,9.342056728200987e-06,22.69340705871582,19.555871963500977,8.408392906188965,11.37039852142334,10.144048690795898,2.7507898807525635,1270.0,-0.2754160998553188,-0.016257085492466586,-0.2806114029795225,-0.2813448536895834,-0.7924048143977955,0.9345568690146019,57.0,0.9860882593482219,,,,
synthetic_niah_132,niah_single_1,disagreement_replication,64,32,physical_delete_high_random_57,high_random,57,20,21,0.004518804970423901,0.005087321824903081,0.8315995552441184,0.5582573422501114,0.8882483015530453,0.004233431263465433,0.012168820489556958,0.3467815598001493,0.9379465774359657,0.3478916684734137,0.012168820489556958,90.78635570510643,4.66306994105648e-05,5.995271567371674e-05,9.738694643601775e-05,2.444829225540161,0.34685882925987244,9.738694643601775e-05,20.34054946899414,19.23114585876465,7.111196994781494,10.595624923706055,11.050212860107422,5.306459426879883,1270.0,-0.2754160998553188,-0.016257085492466586,-0.2806114029795225,-0.2813448536895834,-0.7924048143977955,0.9345568690146019,57.0,0.9860882593482219,,,,
synthetic_niah_132,niah_single_1,disagreement_replication,64,32,physical_delete_high_random_57,high_random,57,21,22,0.002641560468027045,0.003376787122060531,0.736072242770371,0.6784776482656883,0.7822703571598415,0.002584695271475394,0.013566633761319424,0.23252027587496196,0.9734980570260137,0.19051854107278704,0.013566633761319424,121.70487122165501,2.12374019669929e-05,6.214627501321957e-05,6.248676072573289e-05,2.4466116428375244,0.3820800483226776,6.248676072573289e-05,17.265178680419922,17.42411994934082,5.410907745361328,11.101638793945312,11.127500534057617,7.894530773162842,1270.0,-0.2754160998553188,-0.016257085492466586,-0.2806114029795225,-0.2813448536895834,-0.7924048143977955,0.9345568690146019,57.0,0.9860882593482219,,,,
synthetic_niah_132,niah_single_1,disagreement_replication,64,32,physical_delete_high_random_57,high_random,57,22,23,0.0003703359850660417,0.0010369973490320463,0.328830862107375,0.9448125369459597,0.35712336720216364,0.0003824372607463801,0.014168698594216619,0.05246461313678731,0.9989476130789011,0.026991699922425012,0.014168698594216619,137.94071369976137,2.7724755838133792e-06,8.142706064973027e-06,5.88614102525753e-06,1.412867546081543,0.6103174686431885,5.88614102525753e-06,22.64908218383789,19.89716339111328,6.991460800170898,11.275629043579102,10.997014999389648,10.16834545135498,1270.0,-0.2754160998553188,-0.016257085492466586,-0.2806114029795225,-0.2813448536895834,-0.7924048143977955,0.9345568690146019,57.0,0.9860882593482219,1.02489163665225e-11,6.648585711939773e-08,1.0247096293836523e-11,6.648340465994879e-08
synthetic_niah_132,niah_single_1,disagreement_replication,64,32,physical_delete_high_random_57,high_random,57,23,24,0.0008606576203204035,0.001113561073420277,0.7717516631597667,0.6359250434723525,0.7728876671998902,0.0008567491174510732,0.015258315011723844,0.12066767648175834,0.9947873576810362,0.05614965458458444,0.015258315011723844,166.64040597577642,5.141304790001616e-06,1.0493072295503225e-05,1.5525771232205443e-05,1.18156099319458,0.7148981690406799,1.5525771232205443e-05,21.90583038330078,18.810340881347656,9.123043060302734,11.975183486938477,13.439480781555176,10.45629596710205,1270.0,-0.2754160998553188,-0.016257085492466586,-0.2806114029795225,-0.2813448536895834,-0.7924048143977955,0.9345568690146019,57.0,0.9860882593482219,,,,
synthetic_niah_132,niah_single_1,disagreement_replication,64,32,physical_delete_high_random_57,high_random,57,24,25,0.001162588928242466,0.001985953713779275,0.609012984356224,0.7935114879613732,0.5854058532059421,0.0011700580169752269,0.01659097649567242,0.06832281113284465,0.9976656943322779,0.07052375833818003,0.01659097649567242,198.4185885719199,5.896917347293402e-06,1.6236639567068778e-05,1.848281863203738e-05,1.4599884748458862,0.6120556592941284,1.848281863203738e-05,20.726425170898438,18.42216682434082,5.993766784667969,11.950020790100098,15.331140518188477,60.29978561401367,1270.0,-0.2754160998553188,-0.016257085492466586,-0.2806114029795225,-0.2813448536895834,-0.7924048143977955,0.9345568690146019,57.0,0.9860882593482219,,,,
synthetic_niah_132,niah_single_1,disagreement_replication,64,32,physical_delete_high_random_57,high_random,57,25,26,0.0006332670902563323,0.0023859813356661916,0.30063302471607933,0.9543900325346397,0.2654115859123086,0.0006317721079353665,0.01759272750579631,-0.00933764172658627,1.00097964331449,0.03591098126923272,0.01759272750579631,223.28016255492082,2.8295039770045305e-06,1.0007547643908765e-05,1.0818673217727337e-05,1.364150881767273,0.6649051904678345,1.0818673217727337e-05,19.77155876159668,17.7251033782959,7.905770778656006,14.089385986328125,20.012845993041992,54.71805191040039,1270.0,-0.2754160998553188,-0.016257085492466586,-0.2806114029795225,-0.2813448536895834,-0.7924048143977955,0.9345568690146019,57.0,0.9860882593482219,,,,
synthetic_niah_132,niah_single_1,disagreement_replication,64,32,physical_delete_high_random_57,high_random,57,26,27,0.0018327708831697934,0.0019862591869004883,0.5878562047761414,0.8755353507149041,0.9227249370359314,0.0016375566288827146,0.01956228714377143,0.10671610745119911,0.9945556591268394,0.08370987588760077,0.01956228714377143,273.7945637454184,5.980968381846176e-06,2.0763780412380584e-05,2.6899886506726034e-05,1.7338314056396484,0.6365931630134583,2.6899886506726034e-05,21.274490356445312,17.689687728881836,8.793983459472656,15.353642463684082,24.955821990966797,151.2533721923828,1270.0,-0.2754160998553188,-0.016257085492466586,-0.2806114029795225,-0.2813448536895834,-0.7924048143977955,0.9345568690146019,57.0,0.9860882593482219,3.8307139035908137e-10,7.340905270561171e-08,3.830641434725137e-10,7.340682516031688e-08
synthetic_niah_132,niah_single_1,disagreement_replication,64,32,physical_delete_high_random_57,high_random,57,27,28,0.003003555542270912,0.0028336759631995335,0.640208583291834,0.8753947884586168,1.0599502488208163,0.0024970619857097817,0.021938899162407502,0.11191766796344552,0.9937193016076613,0.11381892807039833,0.021938899162407502,213.887290401293,1.1674662767595126e-05,3.982129055657424e-05,2.0549483451759443e-05,2.8519697189331055,0.2287539839744568,2.0549483451759443e-05,18.345252990722656,16.397876739501953,5.076676845550537,15.454809188842773,24.79955291748047,133.3338165283203,1270.0,-0.2754160998553188,-0.016257085492466586,-0.2806114029795225,-0.2813448536895834,-0.7924048143977955,0.9345568690146019,57.0,0.9860882593482219,,,,
synthetic_niah_132,niah_single_1,disagreement_replication,64,32,physical_delete_median_attention_21,median_attention,21,0,1,0.005316149840485373,0.005312914156856217,0.9999925385010263,0.003911904222886272,1.000609022380868,0.008067776136883515,0.008056730481583054,0.9999900079356913,0.004678795354492739,1.0013709848338244,0.008056730481583054,18.241865754163626,0.0004422670490841695,0.00012799484829884022,0.000409365922678262,1.5254979133605957,0.5544188618659973,0.000409365922678262,776.9461059570312,778.9127807617188,1847.3919677734375,5.808436393737793,4.077685832977295,0.8825215697288513,1306.0,-0.21959994076466474,0.32345627999817006,-0.2076348386834982,-0.20296718025065663,1.0288054264220876,-0.047516769133205086,21.0,0.5515606047689942,2.859717801210893e-09,2.821268225486803e-09,2.8597844852379747e-09,2.8213339830478596e-09
synthetic_niah_132,niah_single_1,disagreement_replication,64,32,physical_delete_median_attention_21,median_attention,21,1,2,0.007389045005561974,0.007844394564737065,0.9455919032805012,0.325375474833935,0.941952236668203,0.007889237435869383,0.010911145946664737,0.675364307425508,0.7390239475682957,0.7230438924044384,0.010911145946664737,22.073946879540358,0.00035740039961687444,0.00017630663933232427,0.0004988108994439244,2.7479593753814697,0.23510853946208954,0.0004988108994439244,92.43338012695312,91.21250915527344,3896.2314453125,4.0913567543029785,4.026113510131836,0.5717785358428955,1306.0,-0.21959994076466474,0.32345627999817006,-0.2076348386834982,-0.20296718025065663,1.0288054264220876,-0.047516769133205086,21.0,0.5515606047689942,,,,
synthetic_niah_132,niah_single_1,disagreement_replication,64,32,physical_delete_median_attention_21,median_attention,21,2,3,0.001239326204449318,0.0027876569605053553,0.4239983626895708,0.9058967047918332,0.4445762954365264,0.0011380797388074182,0.010535630784237903,0.16970989885786636,0.9874228826005536,0.10802198388634415,0.010535630784237903,26.27153721254843,4.331987616864009e-05,2.7979083824902773e-05,4.317419370636344e-05,2.0465447902679443,0.3958561420440674,4.317419370636344e-05,28.019794464111328,27.557661056518555,46.977134704589844,6.179366111755371,6.001667022705078,1.3752155303955078,1306.0,-0.21959994076466474,0.32345627999817006,-0.2076348386834982,-0.20296718025065663,1.0288054264220876,-0.047516769133205086,21.0,0.5515606047689942,,,,
synthetic_niah_132,niah_single_1,disagreement_replication,64,32,physical_delete_median_attention_21,median_attention,21,3,4,0.00027891956140887076,0.003026975916171173,0.09193234907754734,0.9957652776906084,0.09214462524091588,0.00026472040275380516,0.010811805314114185,0.013998522560514582,0.9999569964128883,0.02448438489807322,0.010811805314114185,32.40159849995054,8.169979723506828e-06,9.944567864295095e-06,1.2632364814635366e-05,1.8045848608016968,0.49343255162239075,1.2632364814635366e-05,23.915786743164062,22.03193473815918,9.20744800567627,5.405216217041016,6.517956256866455,1.4428188800811768,1306.0,-0.21959994076466474,0.32345627999817006,-0.2076348386834982,-0.20296718025065663,1.0288054264220876,-0.047516769133205086,21.0,0.5515606047689942,,,,
synthetic_niah_132,niah_single_1,disagreement_replication,64,32,physical_delete_median_attention_21,median_attention,21,4,5,5.98610350347425e-05,0.0024165448602988917,0.07994435919283503,0.9983250785002505,0.02477133200305603,5.523321530062681e-05,0.010174677761209436,0.07492116704988039,0.9996079480550154,0.005428497746749416,0.010174677761209436,34.469395260389334,1.6023842276135989e-06,1.0506313401492662e-06,2.026691618084442e-06,1.185386061668396,0.7180435061454773,2.026691618084442e-06,23.029098510742188,19.15361976623535,6.772961139678955,6.7645440101623535,6.701077461242676,1.8816447257995605,1306.0,-0.21959994076466474,0.32345627999817006,-0.2076348386834982,-0.20296718025065663,1.0288054264220876,-0.047516769133205086,21.0,0.5515606047689942,5.360143905459512e-13,2.6599704484815055e-08,5.329653610551728e-13,2.6600496750204564e-08
synthetic_niah_132,niah_single_1,disagreement_replication,64,32,physical_delete_median_attention_21,median_attention,21,5,6,0.000726791753678832,0.0028888002759759994,0.30883073304410597,0.9528379398400064,0.25158947806915477,0.0006132416510810743,0.00816113512110352,-0.003967459396863798,1.0031164040119394,0.07514171031126782,0.00816113512110352,34.72327784119063,1.7660822629873207e-05,1.661988972045947e-05,2.3792279534973204e-05,1.6502143144607544,0.5802988409996033,2.3792279534973204e-05,21.0770206451416,17.994247436523438,5.088830947875977,8.131573677062988,7.7479777336120605,1.5128413438796997,1306.0,-0.21959994076466474,0.32345627999817006,-0.2076348386834982,-0.20296718025065663,1.0288054264220876,-0.047516769133205086,21.0,0.5515606047689942,,,,
synthetic_niah_132,niah_single_1,disagreement_replication,64,32,physical_delete_median_attention_21,median_attention,21,6,7,0.0004967638276111498,0.0014038367751740685,0.372503541957062,0.9282179894182614,0.35386152891567724,0.0004498418127908505,0.0071800482817932455,0.0494197356567299,0.9988657432642387,0.0626516417628463,0.0071800482817932455,38.07534364489573,1.1814517473203553e-05,9.854485142568592e-06,1.5474528481718153e-05,1.2301793098449707,0.633415699005127,1.5474528481718153e-05,21.778587341308594,19.85967254638672,7.194948673248291,7.34572172164917,6.794419288635254,1.2044223546981812,1306.0,-0.21959994076466474,0.32345627999817006,-0.2076348386834982,-0.20296718025065663,1.0288054264220876,-0.047516769133205086,21.0,0.5515606047689942,,,,
synthetic_niah_132,niah_single_1,disagreement_replication,64,32,physical_delete_median_attention_21,median_attention,21,7,8,0.00017026680550363634,0.0016887056647147036,0.13524794931102782,0.9914095052128256,0.10082681017855286,0.00016053069425204616,0.0061789810395399564,0.06497035392610856,0.9986486324689927,0.025980124105381322,0.0061789810395399564,38.08968329901931,4.214545261293346e-06,5.979771231068298e-06,7.049643045320408e-06,2.1677732467651367,0.3789805471897125,7.049643045320408e-06,34.511775970458984,33.48217010498047,198.29165649414062,6.800115585327148,6.122788429260254,1.302572250366211,1306.0,-0.21959994076466474,0.32345627999817006,-0.2076348386834982,-0.20296718025065663,1.0288054264220876,-0.047516769133205086,21.0,0.5515606047689942,8.47633124583817e-12,2.7875084708070433e-08,8.47560559537627e-12,2.7875914361228354e-08
synthetic_niah_132,niah_single_1,disagreement_replication,64,32,physical_delete_median_attention_21,median_attention,21,8,9,0.00043370887543255033,0.0013915320673841371,0.3331883575916108,0.9431056391016289,0.31167724093333704,0.0003967147939613842,0.005746940979618137,0.0893237319160887,0.9962093565356178,0.06903060173548962,0.005746940979618137,39.28394155725044,1.00986504468558e-05,9.250280527339783e-06,1.9656845324789174e-05,1.496236801147461,0.5895617604255676,1.9656845324789174e-05,21.2041072845459,21.30269432067871,13.474564552307129,7.813133239746094,8.286394119262695,3.0898756980895996,1306.0,-0.21959994076466474,0.32345627999817006,-0.2076348386834982,-0.20296718025065663,1.0288054264220876,-0.047516769133205086,21.0,0.5515606047689942,,,,
synthetic_niah_132,niah_single_1,disagreement_replication,64,32,physical_delete_median_attention_21,median_attention,21,9,10,0.002146120126831226,0.0022116175661840466,0.943450925982098,0.33260454781342846,0.9703848258603631,0.0017746240204510953,0.005728817121602936,0.27861936515939695,0.9609067083316946,0.309771455918731,0.005728817121602936,39.43065231272068,4.5006204979230986e-05,4.1576360672479495e-05,7.287603511940688e-05,1.9287837743759155,0.4845144748687744,7.287603511940688e-05,21.745939254760742,19.84851837158203,6.727564811706543,7.274277687072754,7.607745170593262,3.1699113845825195,1306.0,-0.21959994076466474,0.32345627999817006,-0.2076348386834982,-0.20296718025065663,1.0288054264220876,-0.047516769133205086,21.0,0.5515606047689942,,,,
synthetic_niah_132,niah_single_1,disagreement_replication,64,32,physical_delete_median_attention_21,median_attention,21,10,11,0.0009112002508886505,0.0016735805088074955,0.5435839693022475,0.839355251653995,0.544461557775863,0.0007537697475028652,0.005379982559051067,0.14135596645864032,0.9899596215375596,0.14010635522131076,0.005379982559051067,41.381608641060495,1.821509052586575e-05,3.54149415215943e-05,4.930294380756095e-05,2.278341054916382,0.40271446108818054,4.930294380756095e-05,20.6613712310791,20.04023551940918,10.971686363220215,6.546737194061279,8.531750679016113,3.9485585689544678,1306.0,-0.21959994076466474,0.32345627999817006,-0.2076348386834982,-0.20296718025065663,1.0288054264220876,-0.047516769133205086,21.0,0.5515606047689942,6.827650968822535e-11,3.221335627612347e-08,6.827511238947703e-11,3.2214345351714854e-08
synthetic_niah_132,niah_single_1,disagreement_replication,64,32,physical_delete_median_attention_21,median_attention,21,11,12,0.003530554241800997,0.003966513936881634,0.9589927044357875,0.29168575671260405,0.8900899626175581,0.0030928780764714102,0.006136441830591629,0.5406982078331005,0.8420159585662804,0.5040181528410608,0.006136441830591629,42.00677906606301,7.362807016475407e-05,4.939727659802884e-05,0.00012135075667174533,2.0311439037323,0.4586123526096344,0.00012135075667174533,21.01141929626465,19.456226348876953,7.347265243530273,6.876544952392578,7.334367752075195,1.139603853225708,1306.0,-0.21959994076466474,0.32345627999817006,-0.2076348386834982,-0.20296718025065663,1.0288054264220876,-0.047516769133205086,21.0,0.5515606047689942,,,,
synthetic_niah_132,niah_single_1,disagreement_replication,64,32,physical_delete_median_attention_21,median_attention,21,12,13,0.00021076905790897742,0.0014044984017896186,0.02254486767203674,1.0078460491622425,0.15006713972790178,0.0001893104629442486,0.005937418356477961,0.11467102022132708,0.9968471282974228,0.03188430586800462,0.005937418356477961,43.63525901559348,4.338474600932165e-06,4.614542376657482e-06,5.275876901578158e-06,1.9722915887832642,0.45236125588417053,5.275876901578158e-06,20.1905517578125,18.473459243774414,6.916186809539795,9.372615814208984,8.68203067779541,1.4201111793518066,1306.0,-0.21959994076466474,0.32345627999817006,-0.2076348386834982,-0.20296718025065663,1.0288054264220876,-0.047516769133205086,21.0,0.5515606047689942,,,,
synthetic_niah_132,niah_single_1,disagreement_replication,64,32,physical_delete_median_attention_21,median_attention,21,13,14,0.00042963599463547277,0.0014122919918134653,0.2998762965147405,0.9539879475275999,0.30421187482894035,0.0004193421207274902,0.006009407014540666,-0.008343183239850793,1.0030123484963278,0.06978094838855627,0.006009407014540666,50.39764137212048,8.320669565291729e-06,5.418503860710189e-06,1.0947785085591022e-05,2.1422922611236572,0.3484064042568207,1.0947785085591022e-05,21.068111419677734,19.816694259643555,6.172203540802002,9.184520721435547,7.872828006744385,2.4825081825256348,1306.0,-0.21959994076466474,0.32345627999817006,-0.2076348386834982,-0.20296718025065663,1.0288054264220876,-0.047516769133205086,21.0,0.5515606047689942,,,,
synthetic_niah_132,niah_single_1,disagreement_replication,64,32,physical_delete_median_attention_21,median_attention,21,14,15,0.0002298068035166348,0.0010986594174976843,0.2107231918858267,0.977547005623684,0.20917019401703638,0.0002047121790067042,0.005850257923581484,0.11279789760177697,0.9966596175367933,0.0349919920934667,0.005850257923581484,49.643633423009035,4.1236340874240555e-06,2.073182940875995e-06,3.974890205427073e-06,1.352864384651184,0.6221620440483093,3.974890205427073e-06,19.33269691467285,20.172863006591797,12.678231239318848,11.035676956176758,9.9994535446167,2.7669403553009033,1306.0,-0.21959994076466474,0.32345627999817006,-0.2076348386834982,-0.20296718025065663,1.0288054264220876,-0.047516769133205086,21.0,0.5515606047689942,1.229324838448852e-11,3.659754298833369e-08,1.2290277883085912e-11,3.659859650793473e-08
synthetic_niah_132,niah_single_1,disagreement_replication,64,32,physical_delete_median_attention_21,median_attention,21,15,16,0.0008741371012272258,0.0017873954257134473,0.44862659733387567,0.894633300237643,0.4890563602501723,0.0008276888916692508,0.0058218334055485125,0.13830019417999628,0.9903979150523288,0.14216980013210614,0.0058218334055485125,50.28343394745797,1.6460468720853815e-05,1.3864017091691494e-05,2.9199114578659646e-05,2.236213207244873,0.43015655875205994,2.9199114578659646e-05,57.35231018066406,55.7138671875,1390.9520263671875,7.168869972229004,8.676300048828125,3.4295926094055176,1306.0,-0.21959994076466474,0.32345627999817006,-0.2076348386834982,-0.20296718025065663,1.0288054264220876,-0.047516769133205086,21.0,0.5515606047689942,,,,
synthetic_niah_132,niah_single_1,disagreement_replication,64,32,physical_delete_median_attention_21,median_attention,21,16,17,0.0008535780697655487,0.0013779640013706143,0.6816895327456158,0.7342842070637614,0.619448743883384,0.000837622584383296,0.006040660712051291,0.18106051136776272,0.9843853664498521,0.13866406744418122,0.006040660712051291,53.51230246873807,1.5652897478530954e-05,1.781324863259215e-05,2.7040230634156615e-05,2.952193260192871,0.2090560644865036,2.7040230634156615e-05,20.055206298828125,18.53780746459961,6.940854549407959,8.603368759155273,9.207469940185547,3.3237881660461426,1306.0,-0.21959994076466474,0.32345627999817006,-0.2076348386834982,-0.20296718025065663,1.0288054264220876,-0.047516769133205086,21.0,0.5515606047689942,,,,
synthetic_niah_132,niah_single_1,disagreement_replication,64,32,physical_delete_median_attention_21,median_attention,21,17,18,0.003138120668608974,0.003283229702818781,0.9714144298997248,0.23790276032913077,0.9558029600898088,0.003187117575333468,0.006939902826969334,0.4839798391680879,0.8754286458602338,0.4592452740041156,0.006939902826969334,59.31365844816212,5.373328266572677e-05,2.0957295419066213e-05,5.2474097174126655e-05,2.0247819423675537,0.4636494219303131,5.2474097174126655e-05,18.460289001464844,17.132732391357422,8.119804382324219,10.813928604125977,9.790154457092285,4.54671049118042,1306.0,-0.21959994076466474,0.32345627999817006,-0.2076348386834982,-0.20296718025065663,1.0288054264220876,-0.047516769133205086,21.0,0.5515606047689942,,,,
synthetic_niah_132,niah_single_1,disagreement_replication,64,32,physical_delete_median_attention_21,median_attention,21,18,19,0.0011908788769367624,0.0016236826620191441,0.7088212181705511,0.7058177659305475,0.7334431196400379,0.0012803246154223108,0.007387463271380052,0.32882597472775404,0.9571094793436224,0.1733104542641108,0.007387463271380052,68.82751138792895,1.8601930966326578e-05,1.4317466593638528e-05,2.426246828690637e-05,2.163158416748047,0.3944883346557617,2.426246828690637e-05,25.189594268798828,22.769367218017578,7.734595775604248,11.35198974609375,9.650589942932129,3.704442262649536,1306.0,-0.21959994076466474,0.32345627999817006,-0.2076348386834982,-0.20296718025065663,1.0288054264220876,-0.047516769133205086,21.0,0.5515606047689942,3.0655848273433576e-10,5.933768263378701e-08,3.065592331792575e-10,5.934001953044408e-08
synthetic_niah_132,niah_single_1,disagreement_replication,64,32,physical_delete_median_attention_21,median_attention,21,19,20,0.00032950176520397283,0.001425138230301395,0.09878822911971145,1.0038802643492222,0.2312068809874592,0.00030042059247410333,0.00768486697729316,-0.013628945627769404,1.0012960609689583,0.03909249091256495,0.00768486697729316,79.53328569912684,3.777293869268644e-06,5.01115937368013e-06,6.4673495216993615e-06,1.1583147048950195,0.6812272071838379,6.4673495216993615e-06,20.124149322509766,19.555871963500977,8.408392906188965,12.430662155151367,10.144048690795898,2.7507898807525635,1306.0,-0.21959994076466474,0.32345627999817006,-0.2076348386834982,-0.20296718025065663,1.0288054264220876,-0.047516769133205086,21.0,0.5515606047689942,,,,
synthetic_niah_132,niah_single_1,disagreement_replication,64,32,physical_delete_median_attention_21,median_attention,21,20,21,0.011244727136996698,0.011379161791612642,0.9967048563638171,0.08155980668799993,0.9881858912740802,0.01121331516607345,0.014114238883604765,0.8181041307427429,0.5755556310601836,0.794468285434714,0.014114238883604765,90.78635570510643,0.00012351322045018202,8.291637641377747e-05,0.0002022522676270455,2.444829225540161,0.34685882925987244,0.0002022522676270455,21.778038024902344,19.23114585876465,7.111196994781494,10.091497421264648,11.050212860107422,5.306459426879883,1306.0,-0.21959994076466474,0.32345627999817006,-0.2076348386834982,-0.20296718025065663,1.0288054264220876,-0.047516769133205086,21.0,0.5515606047689942,,,,
synthetic_niah_132,niah_single_1,disagreement_replication,64,32,physical_delete_median_attention_21,median_attention,21,21,22,0.01215119080120695,0.012065175407658791,0.9899390871565202,0.14253457363907204,1.0071292285973363,0.01328852875065731,0.02098115937524507,0.7020562812198284,0.7154277050243025,0.6333553124016577,0.02098115937524507,121.70487122165501,0.0001091864985950774,7.970007573021576e-05,0.0001312014792347327,2.4466116428375244,0.3820800483226776,0.0001312014792347327,19.056304931640625,17.42411994934082,5.410907745361328,11.952581405639648,11.127500534057617,7.894530773162842,1306.0,-0.21959994076466474,0.32345627999817006,-0.2076348386834982,-0.20296718025065663,1.0288054264220876,-0.047516769133205086,21.0,0.5515606047689942,,,,
synthetic_niah_132,niah_single_1,disagreement_replication,64,32,physical_delete_median_attention_21,median_attention,21,22,23,0.0060827051353924575,0.006203781043886386,0.955366831323593,0.29648788532421355,0.9804835296994815,0.005592283169519147,0.024288278975210575,0.13108191819733822,0.9963187638638942,0.2302461683360446,0.024288278975210575,137.94071369976137,4.054120802717596e-05,0.0001066749173332937,0.00017420423682779074,1.412867546081543,0.6103174686431885,0.00017420423682779074,21.709720611572266,19.89716339111328,6.991460800170898,11.950227737426758,10.997014999389648,10.16834545135498,1306.0,-0.21959994076466474,0.32345627999817006,-0.2076348386834982,-0.20296718025065663,1.0288054264220876,-0.047516769133205086,21.0,0.5515606047689942,2.856328599952359e-09,8.785177743538968e-08,2.8562615227264646e-09,8.785335286116359e-08
synthetic_niah_132,niah_single_1,disagreement_replication,64,32,physical_delete_median_attention_21,median_attention,21,23,24,0.008240801674243098,0.008126280601066085,0.9839781197151122,0.18081467493276054,1.0140926801324075,0.007615441103862182,0.02665562861200774,0.21753984519888128,0.9784282570998931,0.2856972992350142,0.02665562861200774,166.64040597577642,4.5699847280552085e-05,0.00011979912960669026,0.00015258595522027463,1.18156099319458,0.7148981690406799,0.00015258595522027463,21.871400833129883,18.810340881347656,9.123043060302734,14.666600227355957,13.439480781555176,10.45629596710205,1306.0,-0.21959994076466474,0.32345627999817006,-0.2076348386834982,-0.20296718025065663,1.0288054264220876,-0.047516769133205086,21.0,0.5515606047689942,,,,
synthetic_niah_132,niah_single_1,disagreement_replication,64,32,physical_delete_median_attention_21,median_attention,21,24,25,0.010496283168584312,0.010567477584396955,0.9630845640149353,0.27088531340635624,0.9932628751521779,0.010740669203755807,0.02975004017051727,0.2880218036852714,0.9604028827606517,0.3610304101168902,0.02975004017051727,198.4185885719199,5.4131365821416895e-05,0.0001349708327325061,0.0001927301345858723,1.4599884748458862,0.6120556592941284,0.0001927301345858723,18.698081970214844,18.42216682434082,5.993766784667969,14.807397842407227,15.331140518188477,60.29978561401367,1306.0,-0.21959994076466474,0.32345627999817006,-0.2076348386834982,-0.20296718025065663,1.0288054264220876,-0.047516769133205086,21.0,0.5515606047689942,,,,
synthetic_niah_132,niah_single_1,disagreement_replication,64,32,physical_delete_median_attention_21,median_attention,21,25,26,0.003844395871487925,0.004844543314761262,0.6402360860585842,0.7833284431428305,0.7935517595175792,0.00394268560084086,0.03178274258702219,0.04939398960692116,1.0015657365360562,0.1240511447382383,0.03178274258702219,223.28016255492082,1.7658020111262986e-05,3.834966992144473e-05,7.418241875711828e-05,1.364150881767273,0.6649051904678345,7.418241875711828e-05,18.908567428588867,17.7251033782959,7.905770778656006,21.36450958251953,20.012845993041992,54.71805191040039,1306.0,-0.21959994076466474,0.32345627999817006,-0.2076348386834982,-0.20296718025065663,1.0288054264220876,-0.047516769133205086,21.0,0.5515606047689942,,,,
synthetic_niah_132,niah_single_1,disagreement_replication,64,32,physical_delete_median_attention_21,median_attention,21,26,27,0.017114049641336882,0.016275808038453535,0.9647645878244004,0.2770428150572305,1.0515023033512623,0.019609566139752933,0.038276667160990055,0.45046923091534197,0.8949312285868587,0.5123112223244496,0.038276667160990055,273.7945637454184,7.162145906587993e-05,0.00014593223750125617,0.00015869901108089834,1.7338314056396484,0.6365931630134583,0.00015869901108089834,18.77069854736328,17.689687728881836,8.793983459472656,22.016286849975586,24.955821990966797,151.2533721923828,1306.0,-0.21959994076466474,0.32345627999817006,-0.2076348386834982,-0.20296718025065663,1.0288054264220876,-0.047516769133205086,21.0,0.5515606047689942,1.0544626812193674e-08,1.003879590684919e-07,1.0544561034929784e-08,1.0037843272916156e-07
synthetic_niah_132,niah_single_1,disagreement_replication,64,32,physical_delete_median_attention_21,median_attention,21,27,28,0.023163866227814897,0.022868134568729586,0.9005732807076704,0.4489902639717609,1.0129320412295326,0.019539041337940183,0.04487638805113912,0.3317302694466543,0.949053108994782,0.4353969244511026,0.04487638805113912,213.887290401293,9.135204481426291e-05,0.00018168501264881343,0.0001267286279471591,2.8519697189331055,0.2287539839744568,0.0001267286279471591,16.947925567626953,16.397876739501953,5.076676845550537,27.43341827392578,24.79955291748047,133.3338165283203,1306.0,-0.21959994076466474,0.32345627999817006,-0.2076348386834982,-0.20296718025065663,1.0288054264220876,-0.047516769133205086,21.0,0.5515606047689942,,,,
synthetic_niah_132,niah_single_1,disagreement_replication,64,32,physical_delete_median_aor_87,median_aor,87,0,1,0.0011118141216918899,0.0011044568075095848,0.9998471360554262,0.018765387584662188,1.006661477508473,0.0016068083109487086,0.0015926820605674569,0.9997543292918329,0.023965953044094216,1.0088694729042271,0.0015926820605674569,18.241865754163626,8.808355091539699e-05,0.00014752271817997098,0.00026550382608547807,1.5254979133605957,0.5544188618659973,0.00026550382608547807,779.1220703125,778.9127807617188,1847.3919677734375,3.609076499938965,4.077685832977295,0.8825215697288513,1240.0,-0.18151474244402183,-0.9743451882012026,-0.19949089764294223,-0.2022866511514048,-0.06657783596105582,0.33998645591452953,87.0,0.29433659380737975,9.039325361923275e-11,8.687559342772522e-11,9.039128962754794e-11,8.687331096704639e-11
synthetic_niah_132,niah_single_1,disagreement_replication,64,32,physical_delete_median_aor_87,median_aor,87,1,2,0.021602750964670583,0.021630781254847915,0.9998673558102833,0.016328620188498566,0.9987041480449972,0.02444545702711581,0.02445541697059645,0.9978429381788996,0.06566987513273057,0.9995927305801976,0.02445541697059645,22.073946879540358,0.0011074348035952524,0.0010546703124418855,0.0024285162799060345,2.7479593753814697,0.23510853946208954,0.0024285162799060345,91.71817016601562,91.21250915527344,3896.2314453125,3.4677608013153076,4.026113510131836,0.5717785358428955,1240.0,-0.18151474244402183,-0.9743451882012026,-0.19949089764294223,-0.2022866511514048,-0.06657783596105582,0.33998645591452953,87.0,0.29433659380737975,,,,
synthetic_niah_132,niah_single_1,disagreement_replication,64,32,physical_delete_median_aor_87,median_aor,87,2,3,0.0007477812505505234,0.005264516343690501,0.17482884702123105,0.9851445915620471,0.1420417758692564,0.0006780671655624342,0.02399340400065919,0.08929950063532215,0.9978734142102126,0.02826056550974614,0.02399340400065919,26.27153721254843,2.5809953946606512e-05,2.3886983399279416e-05,3.322845805087127e-05,2.0465447902679443,0.3958561420440674,3.322845805087127e-05,28.703256607055664,27.557661056518555,46.977134704589844,5.206835746765137,6.001667022705078,1.3752155303955078,1240.0,-0.18151474244402183,-0.9743451882012026,-0.19949089764294223,-0.2022866511514048,-0.06657783596105582,0.33998645591452953,87.0,0.29433659380737975,,,,
synthetic_niah_132,niah_single_1,disagreement_replication,64,32,physical_delete_median_aor_87,median_aor,87,3,4,0.0002610564373169541,0.004735003104494182,0.10161504791639987,0.9959090988370586,0.05513331914591036,0.0002598533021658528,0.02275351981402117,0.028041508896511854,0.9997449357181966,0.011420356247727706,0.02275351981402117,32.40159849995054,8.01976798046706e-06,9.143071110884193e-06,1.4070697943679988e-05,1.8045848608016968,0.49343255162239075,1.4070697943679988e-05,24.440067291259766,22.03193473815918,9.20744800567627,5.087255954742432,6.517956256866455,1.4428188800811768,1240.0,-0.18151474244402183,-0.9743451882012026,-0.19949089764294223,-0.2022866511514048,-0.06657783596105582,0.33998645591452953,87.0,0.29433659380737975,,,,
synthetic_niah_132,niah_single_1,disagreement_replication,64,32,physical_delete_median_aor_87,median_aor,87,4,5,0.0005197239429026456,0.0030977579691631833,0.14074016654147734,0.9904155924890325,0.16777422512548387,0.0005668707995646641,0.021790413296464712,0.17088048963690525,0.9958845107717068,0.026014687828644054,0.021790413296464712,34.469395260389334,1.6445626483505104e-05,2.289099393237848e-05,2.2808060748502612e-05,1.185386061668396,0.7180435061454773,2.2808060748502612e-05,19.562847137451172,19.15361976623535,6.772961139678955,4.666823387145996,6.701077461242676,1.8816447257995605,1240.0,-0.18151474244402183,-0.9743451882012026,-0.19949089764294223,-0.2022866511514048,-0.06657783596105582,0.33998645591452953,87.0,0.29433659380737975,2.048757401463004e-11,7.577653993895455e-08,2.048483256095577e-11,7.577395791557234e-08
synthetic_niah_132,niah_single_1,disagreement_replication,64,32,physical_delete_median_aor_87,median_aor,87,5,6,0.0017640839296027024,0.007207529330706098,0.19492143886217797,0.9820840528435469,0.24475570596531737,0.001179986981852679,0.018209886769333654,0.08248785230815006,0.9967490360761007,0.06479924871580395,0.018209886769333654,34.72327784119063,3.3982591944499976e-05,4.65942284790799e-05,8.109284681268036e-05,1.6502143144607544,0.5802988409996033,8.109284681268036e-05,18.494728088378906,17.994247436523438,5.088830947875977,6.507936477661133,7.7479777336120605,1.5128413438796997,1240.0,-0.18151474244402183,-0.9743451882012026,-0.19949089764294223,-0.2022866511514048,-0.06657783596105582,0.33998645591452953,87.0,0.29433659380737975,,,,
synthetic_niah_132,niah_single_1,disagreement_replication,64,32,physical_delete_median_aor_87,median_aor,87,6,7,0.001340347697630423,0.003948720964947906,0.29926558370453316,0.9550151669284641,0.33943844336646,0.0013155995208498706,0.016427622120224947,0.027056739019660457,1.001039403194751,0.08008459844167976,0.016427622120224947,38.07534364489573,3.455253176752972e-05,3.675865809782408e-05,5.866797437192872e-05,1.2301793098449707,0.633415699005127,5.866797437192872e-05,19.569931030273438,19.85967254638672,7.194948673248291,5.801576614379883,6.794419288635254,1.2044223546981812,1240.0,-0.18151474244402183,-0.9743451882012026,-0.19949089764294223,-0.2022866511514048,-0.06657783596105582,0.33998645591452953,87.0,0.29433659380737975,,,,
synthetic_niah_132,niah_single_1,disagreement_replication,64,32,physical_delete_median_aor_87,median_aor,87,7,8,0.0025953844132370874,0.0043656217619512435,0.5940483663609057,0.8044294543537527,0.5945051025394062,0.002464264978830286,0.014358601847584978,0.1701267069475074,0.9854233314649915,0.17162290625425752,0.014358601847584978,38.08968329901931,6.469638929483388e-05,0.00013241067063063383,0.00016654467617627233,2.1677732467651367,0.3789805471897125,0.00016654467617627233,32.569847106933594,33.48217010498047,198.29165649414062,4.979038238525391,6.122788429260254,1.302572250366211,1240.0,-0.18151474244402183,-0.9743451882012026,-0.19949089764294223,-0.2022866511514048,-0.06657783596105582,0.33998645591452953,87.0,0.29433659380737975,6.959301265569985e-10,6.536418359326911e-08,6.959288446462244e-10,6.536196689350619e-08
synthetic_niah_132,niah_single_1,disagreement_replication,64,32,physical_delete_median_aor_87,median_aor,87,8,9,0.0033154709322822215,0.004742728180438476,0.6516625676524815,0.7599886852420017,0.69906408424522,0.002820684078720112,0.01352538349817837,0.2060360474150912,0.9785476249263784,0.20854743816321425,0.01352538349817837,39.28394155725044,7.180247110920348e-05,5.9347283240640536e-05,0.00016847002552822232,1.496236801147461,0.5895617604255676,0.00016847002552822232,25.846580505371094,21.30269432067871,13.474564552307129,8.676475524902344,8.286394119262695,3.0898756980895996,1240.0,-0.18151474244402183,-0.9743451882012026,-0.19949089764294223,-0.2022866511514048,-0.06657783596105582,0.33998645591452953,87.0,0.29433659380737975,,,,
synthetic_niah_132,niah_single_1,disagreement_replication,64,32,physical_delete_median_aor_87,median_aor,87,9,10,0.008001275180029063,0.008962631963894893,0.9515003223250017,0.31320957573014035,0.8927372240946003,0.006929539963758784,0.014991885982776974,0.5017390232594005,0.8659213337361946,0.46221936130781677,0.014991885982776974,39.43065231272068,0.0001757399271206896,0.0001931946026161313,0.0004048779665026814,1.9287837743759155,0.4845144748687744,0.0004048779665026814,20.16619110107422,19.84851837158203,6.727564811706543,6.186554431915283,7.607745170593262,3.1699113845825195,1240.0,-0.18151474244402183,-0.9743451882012026,-0.19949089764294223,-0.2022866511514048,-0.06657783596105582,0.33998645591452953,87.0,0.29433659380737975,,,,
synthetic_niah_132,niah_single_1,disagreement_replication,64,32,physical_delete_median_aor_87,median_aor,87,10,11,0.0060922817002507824,0.008187383350173905,0.7607722124243127,0.6492329326942273,0.7441060763475035,0.0049013296130490614,0.014420623284787255,0.3721315971318703,0.9287400198530766,0.339883340425349,0.014420623284787255,41.381608641060495,0.0001184422204453832,0.0002500142145436257,0.00034344455343671143,2.278341054916382,0.40271446108818054,0.00034344455343671143,20.33450698852539,20.04023551940918,10.971686363220215,8.675085067749023,8.531750679016113,3.9485585689544678,1240.0,-0.18151474244402183,-0.9743451882012026,-0.19949089764294223,-0.2022866511514048,-0.06657783596105582,0.33998645591452953,87.0,0.29433659380737975,4.2610299356885906e-09,5.324654956222061e-08,4.260966180077039e-09,5.324564099986083e-08
synthetic_niah_132,niah_single_1,disagreement_replication,64,32,physical_delete_median_aor_87,median_aor,87,11,12,0.0024756795004125813,0.003928672153043685,0.6224908387049013,0.7826646298390552,0.6301568071783701,0.0021077206884978824,0.013495997424792587,0.2067690924615688,0.9796971112934287,0.1561737619055803,0.013495997424792587,42.00677906606301,5.017572723638541e-05,9.793109347810969e-05,0.0001309519138885662,2.0311439037323,0.4586123526096344,0.0001309519138885662,19.74716567993164,19.456226348876953,7.347265243530273,6.947954177856445,7.334367752075195,1.139603853225708,1240.0,-0.18151474244402183,-0.9743451882012026,-0.19949089764294223,-0.2022866511514048,-0.06657783596105582,0.33998645591452953,87.0,0.29433659380737975,,,,
synthetic_niah_132,niah_single_1,disagreement_replication,64,32,physical_delete_median_aor_87,median_aor,87,12,13,0.004825464589348036,0.004508244030848125,0.9018885349978938,0.463660692500255,1.0703645491081,0.003969928848125007,0.013489218439756034,0.3021388441444337,0.953296127169394,0.2943038446486012,0.013489218439756034,43.63525901559348,9.097983918707379e-05,9.683801181381568e-05,0.00014566264871973544,1.9722915887832642,0.45236125588417053,0.00014566264871973544,19.355873107910156,18.473459243774414,6.916186809539795,8.623708724975586,8.68203067779541,1.4201111793518066,1240.0,-0.18151474244402183,-0.9743451882012026,-0.19949089764294223,-0.2022866511514048,-0.06657783596105582,0.33998645591452953,87.0,0.29433659380737975,,,,
synthetic_niah_132,niah_single_1,disagreement_replication,64,32,physical_delete_median_aor_87,median_aor,87,13,14,0.002059070157399384,0.0026055417803956195,0.7609329370488526,0.649493243312927,0.7902656456680344,0.0022523692195287994,0.013429962174018735,0.1936601379538,0.9814117605162354,0.16771225341841808,0.013429962174018735,50.39764137212048,4.469195696874e-05,3.344654032844119e-05,5.8456280385144055e-05,2.1422922611236572,0.3484064042568207,5.8456280385144055e-05,19.9807186126709,19.816694259643555,6.172203540802002,7.2455644607543945,7.872828006744385,2.4825081825256348,1240.0,-0.18151474244402183,-0.9743451882012026,-0.19949089764294223,-0.2022866511514048,-0.06657783596105582,0.33998645591452953,87.0,0.29433659380737975,,,,
synthetic_niah_132,niah_single_1,disagreement_replication,64,32,physical_delete_median_aor_87,median_aor,87,14,15,0.0003780961082637492,0.0019105015792661843,0.16540933356443807,0.9867601849722576,0.19790410663202612,0.00030086224112145407,0.01291658453683414,0.043420576161083635,0.9992596182244331,0.02329270870821053,0.01291658453683414,49.643633423009035,6.060439584625754e-06,5.046544174547307e-06,6.867625870654592e-06,1.352864384651184,0.6221620440483093,6.867625870654592e-06,20.993305206298828,20.172863006591797,12.678231239318848,9.633437156677246,9.9994535446167,2.7669403553009033,1240.0,-0.18151474244402183,-0.9743451882012026,-0.19949089764294223,-0.2022866511514048,-0.06657783596105582,0.33998645591452953,87.0,0.29433659380737975,4.3227180162000754e-11,6.055490373370364e-08,4.3223760077934004e-11,6.055490847214547e-08
synthetic_niah_132,niah_single_1,disagreement_replication,64,32,physical_delete_median_aor_87,median_aor,87,15,16,0.00400579974971332,0.004561495601016063,0.7945426535398505,0.6129409818889682,0.8781768306037689,0.00368189416746593,0.01303294284438553,0.28448945444737556,0.9586812199440263,0.28250673784333025,0.01303294284438553,50.28343394745797,7.322280676600576e-05,0.00012067225179634988,0.0001808792003430426,2.236213207244873,0.43015655875205994,0.0001808792003430426,55.60111999511719,55.7138671875,1390.9520263671875,7.4506378173828125,8.676300048828125,3.4295926094055176,1240.0,-0.18151474244402183,-0.9743451882012026,-0.19949089764294223,-0.2022866511514048,-0.06657783596105582,0.33998645591452953,87.0,0.29433659380737975,,,,
synthetic_niah_132,niah_single_1,disagreement_replication,64,32,physical_delete_median_aor_87,median_aor,87,16,17,0.008803125131007186,0.008999201247202276,0.9699143627957398,0.2435877189510961,0.9782118311604547,0.007953584337587364,0.015194477802111259,0.5158808918098374,0.8566937794056251,0.523452298997878,0.015194477802111259,53.51230246873807,0.00014863094971915764,0.00022235912911128253,0.00028233558987267315,2.952193260192871,0.2090560644865036,0.00028233558987267315,20.739482879638672,18.53780746459961,6.940854549407959,11.429697036743164,9.207469940185547,3.3237881660461426,1240.0,-0.18151474244402183,-0.9743451882012026,-0.19949089764294223,-0.2022866511514048,-0.06657783596105582,0.33998645591452953,87.0,0.29433659380737975,,,,
synthetic_niah_132,niah_single_1,disagreement_replication,64,32,physical_delete_median_aor_87,median_aor,87,17,18,0.0004380339482754406,0.0020756801893254927,0.20010744841156622,0.9798348557081868,0.21103152139144465,0.0004230417011788949,0.015296299893949398,0.08838482652337955,0.9979358974365876,0.027656472749088376,0.015296299893949398,59.31365844816212,7.132281370716953e-06,1.118598083849065e-05,1.0628383279254194e-05,2.0247819423675537,0.4636494219303131,1.0628383279254194e-05,17.600852966308594,17.132732391357422,8.119804382324219,8.719100952148438,9.790154457092285,4.54671049118042,1240.0,-0.18151474244402183,-0.9743451882012026,-0.19949089764294223,-0.2022866511514048,-0.06657783596105582,0.33998645591452953,87.0,0.29433659380737975,,,,
synthetic_niah_132,niah_single_1,disagreement_replication,64,32,physical_delete_median_aor_87,median_aor,87,18,19,0.0026243059501090357,0.0036493228659867437,0.6552657394240047,0.758092572502865,0.719121340172089,0.002691679180171715,0.01565100416141812,0.1643242337622748,0.9864360982945366,0.17198124493552142,0.01565100416141812,68.82751138792895,3.910760575085655e-05,5.374161992222071e-05,8.315809100167826e-05,2.163158416748047,0.3944883346557617,8.315809100167826e-05,22.867122650146484,22.769367218017578,7.734595775604248,8.51870059967041,9.650589942932129,3.704442262649536,1240.0,-0.18151474244402183,-0.9743451882012026,-0.19949089764294223,-0.2022866511514048,-0.06657783596105582,0.33998645591452953,87.0,0.29433659380737975,3.385740254665734e-09,8.2046644440782e-08,3.3858116982789643e-09,8.204442918807559e-08
synthetic_niah_132,niah_single_1,disagreement_replication,64,32,physical_delete_median_aor_87,median_aor,87,19,20,0.001157023541711392,0.0028337826604949118,0.3366575899038936,0.9443483470537805,0.40829649988377065,0.0009196384241280703,0.016116115357150556,-0.008497314384079283,1.0021107660109398,0.05706328130246574,0.016116115357150556,79.53328569912684,1.1562937656153776e-05,1.925968717841897e-05,3.0151515602483414e-05,1.1583147048950195,0.6812272071838379,3.0151515602483414e-05,20.534990310668945,19.555871963500977,8.408392906188965,8.628578186035156,10.144048690795898,2.7507898807525635,1240.0,-0.18151474244402183,-0.9743451882012026,-0.19949089764294223,-0.2022866511514048,-0.06657783596105582,0.33998645591452953,87.0,0.29433659380737975,,,,
synthetic_niah_132,niah_single_1,disagreement_replication,64,32,physical_delete_median_aor_87,median_aor,87,20,21,0.004452281644972616,0.004919793171948438,0.8074503021749416,0.5979420974233083,0.9049733371635482,0.004433994038209318,0.01702798765127212,0.23919005724712616,0.9712042752061569,0.2603944828370876,0.01702798765127212,90.78635570510643,4.883987250916737e-05,0.00015284691471606493,0.0001420383487129584,2.444829225540161,0.34685882925987244,0.0001420383487129584,21.851369857788086,19.23114585876465,7.111196994781494,8.239213943481445,11.050212860107422,5.306459426879883,1240.0,-0.18151474244402183,-0.9743451882012026,-0.19949089764294223,-0.2022866511514048,-0.06657783596105582,0.33998645591452953,87.0,0.29433659380737975,,,,
synthetic_niah_132,niah_single_1,disagreement_replication,64,32,physical_delete_median_aor_87,median_aor,87,21,22,0.0150432403803024,0.014963429666725606,0.9890542432108539,0.14844771902847861,1.0053337179613488,0.015475479407794115,0.022706497934892357,0.5993974330424998,0.804655696584509,0.6815440871669354,0.022706497934892357,121.70487122165501,0.00012715579296418953,0.00029200114659033716,0.0003192452422808856,2.4466116428375244,0.3820800483226776,0.0003192452422808856,17.88813591003418,17.42411994934082,5.410907745361328,8.487607955932617,11.127500534057617,7.894530773162842,1240.0,-0.18151474244402183,-0.9743451882012026,-0.19949089764294223,-0.2022866511514048,-0.06657783596105582,0.33998645591452953,87.0,0.29433659380737975,,,,
synthetic_niah_132,niah_single_1,disagreement_replication,64,32,physical_delete_median_aor_87,median_aor,87,22,23,0.003153867222844404,0.004131810864142878,0.8526418679658434,0.5300767804765834,0.763313551018182,0.0029705987632573107,0.02527178878747066,0.21708554627564902,0.981214542480639,0.1175460426738801,0.02527178878747066,137.94071369976137,2.1535329806419943e-05,7.406494114547968e-05,7.069215644150972e-05,1.412867546081543,0.6103174686431885,7.069215644150972e-05,21.187700271606445,19.89716339111328,6.991460800170898,9.889385223388672,10.997014999389648,10.16834545135498,1240.0,-0.18151474244402183,-0.9743451882012026,-0.19949089764294223,-0.2022866511514048,-0.06657783596105582,0.33998645591452953,87.0,0.29433659380737975,6.240048857591686e-10,8.988879995882129e-08,6.240011458337952e-10,8.988795229146232e-08
synthetic_niah_132,niah_single_1,disagreement_replication,64,32,physical_delete_median_aor_87,median_aor,87,23,24,0.0057172645954739545,0.0063756226095943785,0.9563677880281215,0.2981884254365731,0.896738239630167,0.005513443085970326,0.027679380720414554,0.22157671626297096,0.9753998895402693,0.19918953901681624,0.027679380720414554,166.64040597577642,3.3085871662913404e-05,0.00010632501653162763,0.00014590953651349992,1.18156099319458,0.7148981690406799,0.00014590953651349992,20.00689697265625,18.810340881347656,9.123043060302734,12.165608406066895,13.439480781555176,10.45629596710205,1240.0,-0.18151474244402183,-0.9743451882012026,-0.19949089764294223,-0.2022866511514048,-0.06657783596105582,0.33998645591452953,87.0,0.29433659380737975,,,,
synthetic_niah_132,niah_single_1,disagreement_replication,64,32,physical_delete_median_aor_87,median_aor,87,24,25,0.006643398857855848,0.006995148148260667,0.8936245316267197,0.4523067155472192,0.9497152479190478,0.006909785100286621,0.030211002718129033,0.20704136307237309,0.9785722911531858,0.2287175028500525,0.030211002718129033,198.4185885719199,3.482428309776058e-05,0.00011831238953163847,0.0001166528818430379,1.4599884748458862,0.6120556592941284,0.0001166528818430379,18.36398696899414,18.42216682434082,5.993766784667969,9.151060104370117,15.331140518188477,60.29978561401367,1240.0,-0.18151474244402183,-0.9743451882012026,-0.19949089764294223,-0.2022866511514048,-0.06657783596105582,0.33998645591452953,87.0,0.29433659380737975,,,,
synthetic_niah_132,niah_single_1,disagreement_replication,64,32,physical_delete_median_aor_87,median_aor,87,25,26,0.002607631611070795,0.004851842867938449,0.479012937320258,0.8797509334043618,0.537451785238622,0.002761556748720244,0.032603177741979524,0.11878592307946483,0.9935047122679064,0.08470207323271103,0.032603177741979524,223.28016255492082,1.23681240515085e-05,5.253894778434187e-05,5.710023106075823e-05,1.364150881767273,0.6649051904678345,5.710023106075823e-05,17.883167266845703,17.7251033782959,7.905770778656006,12.28062629699707,20.012845993041992,54.71805191040039,1240.0,-0.18151474244402183,-0.9743451882012026,-0.19949089764294223,-0.2022866511514048,-0.06657783596105582,0.33998645591452953,87.0,0.29433659380737975,,,,
synthetic_niah_132,niah_single_1,disagreement_replication,64,32,physical_delete_median_aor_87,median_aor,87,26,27,0.006548889119982812,0.009207324273725776,0.8546605258763188,0.5386245129693374,0.7112695203611832,0.006320290850676952,0.035809559360927674,0.12433263326263183,0.99361086430397,0.17649730863689744,0.035809559360927674,273.7945637454184,2.3084062605982672e-05,0.00017385736282449216,6.807420868426561e-05,1.7338314056396484,0.6365931630134583,6.807420868426561e-05,17.67160415649414,17.689687728881836,8.793983459472656,13.370529174804688,24.955821990966797,151.2533721923828,1240.0,-0.18151474244402183,-0.9743451882012026,-0.19949089764294223,-0.2022866511514048,-0.06657783596105582,0.33998645591452953,87.0,0.29433659380737975,1.0136074368496081e-09,1.1598626113759993e-07,1.0135887840306313e-09,1.159815358189115e-07
synthetic_niah_132,niah_single_1,disagreement_replication,64,32,physical_delete_median_aor_87,median_aor,87,27,28,0.009428544899028498,0.010987619664842591,0.824950401237233,0.5661767785333718,0.8581062310699823,0.010556784834076976,0.03739445060637765,0.2624288981365113,0.9651560943322933,0.28230886302355535,0.03739445060637765,213.887290401293,4.935676549209843e-05,0.0003414733801037073,0.00011895814532181248,2.8519697189331055,0.2287539839744568,0.00011895814532181248,15.818319320678711,16.397876739501953,5.076676845550537,14.57651424407959,24.79955291748047,133.3338165283203,1240.0,-0.18151474244402183,-0.9743451882012026,-0.19949089764294223,-0.2022866511514048,-0.06657783596105582,0.33998645591452953,87.0,0.29433659380737975,,,,
synthetic_niah_133,niah_single_1,disagreement_replication,64,32,physical_delete_high_key_query_84,high_key_query,84,0,1,0.0009572019953941162,0.0009579763247514782,0.9998576868773831,0.01688340980637819,0.9991917030334095,0.0012682417690973115,0.001269726279065598,0.9997730120670191,0.021326322371261225,0.9988308425266437,0.001269726279065598,21.01281278319425,6.035564025543659e-05,0.00013414105342235416,0.000338910409482196,1.411821961402893,0.6184832453727722,0.000338910409482196,779.23828125,778.855224609375,1842.2645263671875,3.605106830596924,4.138799667358398,0.8867790699005127,1241.0,-0.34028002239181643,-0.04203844858075863,-0.3426205335254379,-0.3433162269571385,-1.2170081813616118,1.4020226071117559,84.0,0.7095906275419256,1.3985261496660326e-13,1.5425558449851423e-13,1.3870121387789324e-13,1.5386857788772588e-13
synthetic_niah_133,niah_single_1,disagreement_replication,64,32,physical_delete_high_key_query_84,high_key_query,84,1,2,0.014415353025386874,0.014478841089411738,0.999836425698658,0.018572595847416728,0.9956151142461745,0.01426410646685805,0.014284947575937016,0.9960626535156065,0.08868671090503327,0.9985410440627677,0.014284947575937016,26.214639425616646,0.0005441275096433075,0.0005316419410519302,0.0014339126646518707,2.781566858291626,0.2578265368938446,0.0014339126646518707,91.8169174194336,91.1212158203125,3907.772216796875,3.870232582092285,3.9774010181427,0.5203296542167664,1241.0,-0.34028002239181643,-0.04203844858075863,-0.3426205335254379,-0.3433162269571385,-1.2170081813616118,1.4020226071117559,84.0,0.7095906275419256,,,,
synthetic_niah_133,niah_single_1,disagreement_replication,64,32,physical_delete_high_key_query_84,high_key_query,84,2,3,8.005720619560823e-05,0.004150074095648234,-0.053060979673995264,1.0012089073141501,0.01929054863853062,7.896070555752276e-05,0.013679116225994346,0.13662942196976668,0.9992276883712231,0.005772354313904738,0.013679116225994346,31.697085291878896,2.491103040876546e-06,1.8310532823306858e-06,2.456374204484746e-06,1.8960641622543335,0.5040650963783264,2.456374204484746e-06,31.621623992919922,27.404380798339844,49.29001998901367,6.431402206420898,5.931710720062256,1.3283287286758423,1241.0,-0.34028002239181643,-0.04203844858075863,-0.3426205335254379,-0.3433162269571385,-1.2170081813616118,1.4020226071117559,84.0,0.7095906275419256,,,,
synthetic_niah_133,niah_single_1,disagreement_replication,64,32,physical_delete_high_key_query_84,high_key_query,84,3,4,1.9022118744165212e-05,0.0024715480994517897,-0.03865431643049154,1.0003270646812517,0.00769643882244674,1.8039867223602003e-05,0.013452152971945332,0.016039528008662603,0.9999793893418393,0.0013410394054560945,0.013452152971945332,41.15118805320133,4.383802285435743e-07,5.760097678830789e-07,6.698186325593269e-07,1.7060331106185913,0.5560732483863831,6.698186325593269e-07,26.980464935302734,21.856807708740234,10.181211471557617,6.241327285766602,6.505712032318115,1.3591519594192505,1241.0,-0.34028002239181643,-0.04203844858075863,-0.3426205335254379,-0.3433162269571385,-1.2170081813616118,1.4020226071117559,84.0,0.7095906275419256,,,,
synthetic_niah_133,niah_single_1,disagreement_replication,64,32,physical_delete_high_key_query_84,high_key_query,84,4,5,0.00016874349173653138,0.0034747797668144434,0.09736277294758094,0.9964446653714569,0.04856235590758879,0.00015275434032767293,0.012665194776394379,0.09995501080770129,0.9988665380897486,0.01206095468917535,0.012665194776394379,43.26108336467255,3.5309874013098274e-06,5.5740711104590446e-06,4.594120582623873e-06,1.903607726097107,0.48894813656806946,4.594120582623873e-06,21.891307830810547,18.92776870727539,7.425734996795654,7.175924301147461,6.842994689941406,1.9614254236221313,1241.0,-0.34028002239181643,-0.04203844858075863,-0.3426205335254379,-0.3433162269571385,-1.2170081813616118,1.4020226071117559,84.0,0.7095906275419256,4.356282240106787e-15,8.886228107951647e-11,4.230276097179205e-15,8.887615336805884e-11
synthetic_niah_133,niah_single_1,disagreement_replication,64,32,physical_delete_high_key_query_84,high_key_query,84,5,6,0.00014646159512892148,0.005200113731128055,-0.14445219902100206,1.0044552183215847,0.028165075362140152,0.00013328548411268396,0.010662891657810206,0.03041112170561523,0.9996979414703514,0.012499937952108598,0.010662891657810206,44.718926946456186,2.980516153088203e-06,2.1259211280266754e-06,2.2480819552583853e-06,1.6614059209823608,0.5278093218803406,2.2480819552583853e-06,20.272716522216797,17.87806510925293,5.498664855957031,8.410035133361816,7.743190765380859,1.431121826171875,1241.0,-0.34028002239181643,-0.04203844858075863,-0.3426205335254379,-0.3433162269571385,-1.2170081813616118,1.4020226071117559,84.0,0.7095906275419256,,,,
synthetic_niah_133,niah_single_1,disagreement_replication,64,32,physical_delete_high_key_query_84,high_key_query,84,6,7,0.0004823372540549247,0.0013080039838952505,0.44882669354909055,0.8971987268992025,0.36875824538279994,0.0004790814653632038,0.009422268754746096,0.17935534285446306,0.9921423283983767,0.05084565913298593,0.009422268754746096,47.64017265242784,1.005624956186612e-05,8.812315172690433e-06,1.9002969565917738e-05,1.2843621969223022,0.6511123180389404,1.9002969565917738e-05,20.408885955810547,19.825233459472656,7.186324596405029,7.5573272705078125,6.853833198547363,1.1486907005310059,1241.0,-0.34028002239181643,-0.04203844858075863,-0.3426205335254379,-0.3433162269571385,-1.2170081813616118,1.4020226071117559,84.0,0.7095906275419256,,,,
synthetic_niah_133,niah_single_1,disagreement_replication,64,32,physical_delete_high_key_query_84,high_key_query,84,7,8,0.0004013398225361047,0.0024158207603801884,0.06569069584646266,1.002882219581837,0.1661298011500423,0.00038840309090405143,0.008200438261531905,0.08318064977183245,0.9971779347005989,0.04736369917276772,0.008200438261531905,50.64912869100604,7.668504887291805e-06,1.6528094420209527e-05,1.5201578207779676e-05,2.3671629428863525,0.33941546082496643,1.5201578207779676e-05,33.058616638183594,33.45863723754883,195.766357421875,6.544585227966309,6.135419845581055,1.3554710149765015,1241.0,-0.34028002239181643,-0.04203844858075863,-0.3426205335254379,-0.3433162269571385,-1.2170081813616118,1.4020226071117559,84.0,0.7095906275419256,6.634337798570784e-14,8.731189786822111e-11,6.767778830461797e-14,8.732411444425523e-11
synthetic_niah_133,niah_single_1,disagreement_replication,64,32,physical_delete_high_key_query_84,high_key_query,84,8,9,0.0004856608865162507,0.0012757810955655693,0.4295877886656642,0.9043486987790316,0.3806772871963206,0.0004055809666215202,0.00802414431200503,0.0819484796931892,0.9971311952677967,0.05054507382360074,0.00802414431200503,54.29036755691034,7.470587967494722e-06,1.0979286344081629e-05,1.5859226550674066e-05,1.499826431274414,0.6087373495101929,1.5859226550674066e-05,24.690658569335938,21.168249130249023,13.13172721862793,9.046553611755371,8.248403549194336,3.0836923122406006,1241.0,-0.34028002239181643,-0.04203844858075863,-0.3426205335254379,-0.3433162269571385,-1.2170081813616118,1.4020226071117559,84.0,0.7095906275419256,,,,
synthetic_niah_133,niah_single_1,disagreement_replication,64,32,physical_delete_high_key_query_84,high_key_query,84,9,10,0.0021439471518314157,0.0026857137077240484,0.8529836728657063,0.5247966504800977,0.7982783666276398,0.0021812570289025915,0.008195800896297395,0.28494628056058,0.958727892271338,0.2661432429243144,0.008195800896297395,54.19109960427943,4.025120443819781e-05,2.9846085453755222e-05,5.343703378457576e-05,1.895373821258545,0.5506073236465454,5.343703378457576e-05,21.63962173461914,19.857507705688477,6.858511447906494,8.32756233215332,7.541752815246582,2.8089284896850586,1241.0,-0.34028002239181643,-0.04203844858075863,-0.3426205335254379,-0.3433162269571385,-1.2170081813616118,1.4020226071117559,84.0,0.7095906275419256,,,,
synthetic_niah_133,niah_single_1,disagreement_replication,64,32,physical_delete_high_key_query_84,high_key_query,84,10,11,0.0009915603492650247,0.002172412064653248,0.46610919255929256,0.8847801145793156,0.45643290487953253,0.0008428597751010624,0.007419182589398395,0.06033016234860583,0.9995991849909922,0.11360547674152982,0.007419182589398395,50.300928209744924,1.6756346355806872e-05,8.985542990558315e-06,2.096658863592893e-05,2.110436201095581,0.4786365032196045,2.096658863592893e-05,24.341474533081055,20.039325714111328,11.172109603881836,8.16086483001709,8.528508186340332,3.9402594566345215,1241.0,-0.34028002239181643,-0.04203844858075863,-0.3426205335254379,-0.3433162269571385,-1.2170081813616118,1.4020226071117559,84.0,0.7095906275419256,7.250983147807462e-13,4.650106457632624e-11,7.253310929441497e-13,4.650630550826087e-11
synthetic_niah_133,niah_single_1,disagreement_replication,64,32,physical_delete_high_key_query_84,high_key_query,84,11,12,0.0002860941300713567,0.002012825875562691,0.2713587927541353,0.9711143340797742,0.14213555854223023,0.00025466096119771596,0.00685080351062364,0.006212857690820506,1.0004598417928439,0.037172422300947555,0.00685080351062364,55.043961344130174,4.626501345090286e-06,7.72123985370854e-06,1.3605568710772786e-05,2.422856569290161,0.3683493137359619,1.3605568710772786e-05,22.934593200683594,19.573345184326172,7.891721725463867,7.5879034996032715,7.319460868835449,1.1741032600402832,1241.0,-0.34028002239181643,-0.04203844858075863,-0.3426205335254379,-0.3433162269571385,-1.2170081813616118,1.4020226071117559,84.0,0.7095906275419256,,,,
synthetic_niah_133,niah_single_1,disagreement_replication,64,32,physical_delete_high_key_query_84,high_key_query,84,12,13,4.517716514287489e-05,0.0006915207058680735,-0.048019074769247466,1.005257290302063,0.06533016981199935,3.858352752156652e-05,0.006742985651189155,0.02626695257592535,0.9998660616710785,0.005722024266025563,0.006742985651189155,57.39847149795267,6.722047907311042e-07,8.444447416877665e-07,1.2809052805096144e-06,1.5362673997879028,0.6311917901039124,1.2809052805096144e-06,21.436012268066406,18.491683959960938,7.02222204208374,9.813764572143555,8.664098739624023,1.3399546146392822,1241.0,-0.34028002239181643,-0.04203844858075863,-0.3426205335254379,-0.3433162269571385,-1.2170081813616118,1.4020226071117559,84.0,0.7095906275419256,,,,
synthetic_niah_133,niah_single_1,disagreement_replication,64,32,physical_delete_high_key_query_84,high_key_query,84,13,14,0.0006041121465274224,0.0008687561562905307,0.774609128797538,0.6373841797213208,0.6953759603924975,0.0005324195886822004,0.006761561821343596,0.11728207324278521,0.9938461876474187,0.07874210171406862,0.006761561821343596,57.79550201630712,9.21212845477105e-06,1.2624371265701484e-05,2.1481848307303153e-05,2.102073907852173,0.4139859974384308,2.1481848307303153e-05,23.07360076904297,19.95514488220215,6.118988037109375,7.323836326599121,7.886355876922607,2.4690704345703125,1241.0,-0.34028002239181643,-0.04203844858075863,-0.3426205335254379,-0.3433162269571385,-1.2170081813616118,1.4020226071117559,84.0,0.7095906275419256,,,,
synthetic_niah_133,niah_single_1,disagreement_replication,64,32,physical_delete_high_key_query_84,high_key_query,84,14,15,1.627901908102322e-05,0.0005588308128613241,-0.07228749358316734,1.0025268709613402,0.029130496576721367,1.5170575248283265e-05,0.00675219100820327,-0.11007308140526358,1.0002498009369598,0.0022467633439060683,0.00675219100820327,57.243178450033355,2.6501979203557704e-07,3.3728238690855505e-07,5.651397145811643e-07,1.04244065284729,0.7370651364326477,5.651397145811643e-07,25.900789260864258,20.127763748168945,12.01481819152832,10.548833847045898,9.913057327270508,2.824272871017456,1241.0,-0.34028002239181643,-0.04203844858075863,-0.3426205335254379,-0.3433162269571385,-1.2170081813616118,1.4020226071117559,84.0,0.7095906275419256,1.7768059344284078e-14,4.90112289765401e-11,1.8337537252544005e-14,4.9017548762967404e-11
synthetic_niah_133,niah_single_1,disagreement_replication,64,32,physical_delete_high_key_query_84,high_key_query,84,15,16,0.0005489522084808462,0.0011975012162764387,0.37102382522231936,0.9327263763128881,0.4584147398094355,0.0004969765322128349,0.0065528244479802905,0.04552140630822996,0.9994233908844643,0.07584157582094433,0.0065528244479802905,59.20871359275409,8.393638403142988e-06,8.365926987607963e-06,1.1146796168759465e-05,2.0636355876922607,0.4981137216091156,1.1146796168759465e-05,58.19187927246094,55.98111343383789,1388.4754638671875,8.938037872314453,8.448561668395996,3.584336280822754,1241.0,-0.34028002239181643,-0.04203844858075863,-0.3426205335254379,-0.3433162269571385,-1.2170081813616118,1.4020226071117559,84.0,0.7095906275419256,,,,
synthetic_niah_133,niah_single_1,disagreement_replication,64,32,physical_delete_high_key_query_84,high_key_query,84,16,17,0.00018772278138808637,0.00047583375874961874,0.3222861186801538,0.9493937191937102,0.39451337349703497,0.0001596535030644813,0.006439237879598285,0.021907218860497926,0.9997641753961699,0.024793850770806022,0.006439237879598285,60.3710732060811,2.644536440813174e-06,4.574795184453251e-06,5.295319624565309e-06,2.248870611190796,0.4799222946166992,5.295319624565309e-06,20.73482894897461,18.625757217407227,6.864891529083252,9.448286056518555,9.167845726013184,3.306584358215332,1241.0,-0.34028002239181643,-0.04203844858075863,-0.3426205335254379,-0.3433162269571385,-1.2170081813616118,1.4020226071117559,84.0,0.7095906275419256,,,,
synthetic_niah_133,niah_single_1,disagreement_replication,64,32,physical_delete_high_key_query_84,high_key_query,84,17,18,0.00023932775516528337,0.0004899949150635646,0.4135819834417086,0.9135381916795947,0.4884290587673477,0.0002273201372427499,0.006417245564411244,0.03176013386342745,0.9995022325252245,0.03542331907998375,0.006417245564411244,68.81758658770195,3.3032273945418064e-06,3.6550820823322283e-06,6.289211796683958e-06,2.0828449726104736,0.453904390335083,6.289211796683958e-06,20.384700775146484,17.181686401367188,7.527523517608643,9.393194198608398,9.698439598083496,4.968943119049072,1241.0,-0.34028002239181643,-0.04203844858075863,-0.3426205335254379,-0.3433162269571385,-1.2170081813616118,1.4020226071117559,84.0,0.7095906275419256,,,,
synthetic_niah_133,niah_single_1,disagreement_replication,64,32,physical_delete_high_key_query_84,high_key_query,84,18,19,8.895670682448382e-05,0.0007098890788457914,0.1880845736280199,0.98415687301636,0.12531071328652996,8.984168622859245e-05,0.006451204054194696,0.056050483093633544,0.9993161594049025,0.013926343900124453,0.006451204054194696,75.27296315625291,1.1935452314013138e-06,1.5964701560733374e-06,1.952889306267025e-06,2.0303046703338623,0.44935813546180725,1.952889306267025e-06,26.165393829345703,22.865230560302734,7.419678688049316,10.611759185791016,9.435843467712402,3.749824285507202,1241.0,-0.34028002239181643,-0.04203844858075863,-0.3426205335254379,-0.3433162269571385,-1.2170081813616118,1.4020226071117559,84.0,0.7095906275419256,1.599264818160067e-14,4.9241975494602655e-11,1.7007127983768582e-14,4.9247701274635695e-11
synthetic_niah_133,niah_single_1,disagreement_replication,64,32,physical_delete_high_key_query_84,high_key_query,84,19,20,0.00032859784897595667,0.0009143450920118373,0.37965942856693535,0.92534855644198,0.35938055756710136,0.00030586623366563693,0.007862289660838934,0.0816207017759051,0.9975785020044902,0.03890294645198813,0.007862289660838934,86.18567012760121,3.5489221492713366e-06,3.9137189560278784e-06,7.66128232498886e-06,1.234140396118164,0.6366717219352722,7.66128232498886e-06,23.36429214477539,19.593412399291992,8.544572830200195,11.175115585327148,10.084399223327637,2.819760799407959,1241.0,-0.34028002239181643,-0.04203844858075863,-0.3426205335254379,-0.3433162269571385,-1.2170081813616118,1.4020226071117559,84.0,0.7095906275419256,,,,
synthetic_niah_133,niah_single_1,disagreement_replication,64,32,physical_delete_high_key_query_84,high_key_query,84,20,21,0.00018096817498485914,0.0009053170372278062,0.5927433004736797,0.8960944805582541,0.19989480761237663,0.0001389065824580279,0.008066171899461108,-0.017971364179118633,1.0004576573527924,0.017220880510531656,0.008066171899461108,93.43930679567929,1.486596885417509e-06,1.5198617120404379e-06,2.068963112833444e-06,2.064025402069092,0.5266789793968201,2.068963112833444e-06,21.07651138305664,19.1566104888916,7.382284641265869,10.617303848266602,10.974113464355469,5.508058547973633,1241.0,-0.34028002239181643,-0.04203844858075863,-0.3426205335254379,-0.3433162269571385,-1.2170081813616118,1.4020226071117559,84.0,0.7095906275419256,,,,
synthetic_niah_133,niah_single_1,disagreement_replication,64,32,physical_delete_high_key_query_84,high_key_query,84,21,22,0.0004946354951908093,0.0007938378697052825,0.6224970082650355,0.7826224063506998,0.6230938508570344,0.0004978084933664142,0.00830473425325482,0.10615182523027644,0.9954230607749169,0.059942736057004044,0.00830473425325482,109.45940566635599,4.547882297879343e-06,6.876187399029732e-06,7.187656137830345e-06,2.1480348110198975,0.502345621585846,7.187656137830345e-06,18.077085494995117,17.560226440429688,5.66832971572876,11.192699432373047,11.107402801513672,7.902377128601074,1241.0,-0.34028002239181643,-0.04203844858075863,-0.3426205335254379,-0.3433162269571385,-1.2170081813616118,1.4020226071117559,84.0,0.7095906275419256,,,,
synthetic_niah_133,niah_single_1,disagreement_replication,64,32,physical_delete_high_key_query_84,high_key_query,84,22,23,0.00020057160794234209,0.0005857296813929398,0.2574132574011107,0.970034183678348,0.34243032974760174,0.00021686318553502368,0.008744760382329514,0.025877517533653978,0.9996657025348286,0.02479921416408823,0.008744760382329514,126.33947422043482,1.7165116989219436e-06,2.6547857032710453e-06,3.0375169899343746e-06,1.380212426185608,0.6223254799842834,3.0375169899343746e-06,23.881771087646484,19.77787971496582,6.742712020874023,11.866604804992676,10.977496147155762,11.311753273010254,1241.0,-0.34028002239181643,-0.04203844858075863,-0.3426205335254379,-0.3433162269571385,-1.2170081813616118,1.4020226071117559,84.0,0.7095906275419256,2.8064732391368173e-14,4.87012762211796e-11,2.9183704833704755e-14,4.8706917119362127e-11
synthetic_niah_133,niah_single_1,disagreement_replication,64,32,physical_delete_high_key_query_84,high_key_query,84,23,24,0.000163653029606663,0.0007471138468739129,0.2545618028539261,0.9677084227109206,0.21904697696532185,0.00016206483891494601,0.009210705284018626,-0.031533400841319975,1.0007093838125856,0.017595269191398685,0.009210705284018626,147.79172017105404,1.0965759024076063e-06,1.3278207688927068e-06,2.889998086175183e-06,1.4207690954208374,0.6363845467567444,2.889998086175183e-06,23.09716033935547,18.62405014038086,8.651253700256348,11.994258880615234,13.64395809173584,14.433809280395508,1241.0,-0.34028002239181643,-0.04203844858075863,-0.3426205335254379,-0.3433162269571385,-1.2170081813616118,1.4020226071117559,84.0,0.7095906275419256,,,,
synthetic_niah_133,niah_single_1,disagreement_replication,64,32,physical_delete_high_key_query_84,high_key_query,84,24,25,4.549702047067977e-05,0.0009266746875929286,0.0004075139714759741,1.0011845522621377,0.04909707913664929,4.7740279472137334e-05,0.009681123016742035,-0.022484110805138135,1.0001230265010894,0.0049312749553515394,0.009681123016742035,177.16436628771237,2.69468858058103e-07,1.0606760270093218e-06,7.861618200877274e-07,1.6729826927185059,0.5531049370765686,7.861618200877274e-07,21.916881561279297,18.29132080078125,6.0780720710754395,11.701370239257812,15.742053031921387,76.08841705322266,1241.0,-0.34028002239181643,-0.04203844858075863,-0.3426205335254379,-0.3433162269571385,-1.2170081813616118,1.4020226071117559,84.0,0.7095906275419256,,,,
synthetic_niah_133,niah_single_1,disagreement_replication,64,32,physical_delete_high_key_query_84,high_key_query,84,25,26,4.798608717150906e-05,0.00221021144324598,0.12426170032023755,0.9975347907018098,0.021711084393371577,4.93183966375845e-05,0.008895237970657973,0.041405109029461484,0.9997857822089609,0.005544359442689138,0.008895237970657973,198.82615427092023,2.480478326326391e-07,7.278154043888208e-07,5.108911977913522e-07,1.5769243240356445,0.5969547629356384,5.108911977913522e-07,21.191465377807617,17.7334041595459,8.267784118652344,14.428938865661621,20.901975631713867,68.09579467773438,1241.0,-0.34028002239181643,-0.04203844858075863,-0.3426205335254379,-0.3433162269571385,-1.2170081813616118,1.4020226071117559,84.0,0.7095906275419256,,,,
synthetic_niah_133,niah_single_1,disagreement_replication,64,32,physical_delete_high_key_query_84,high_key_query,84,26,27,8.455717312087425e-05,0.0009337295270345905,-0.5304687349363406,1.0508462231444144,0.09055852971622026,6.056233780786093e-05,0.009487489261909473,-0.0023186896957454435,1.0000351743101945,0.00638338933894846,0.009487489261909473,230.37303827520182,2.628881324884626e-07,1.0667670267139329e-06,5.843853045917058e-07,1.639954924583435,0.6503419876098633,5.843853045917058e-07,22.669357299804688,17.52557945251465,8.870418548583984,15.365121841430664,25.82337188720703,177.8805389404297,1241.0,-0.34028002239181643,-0.04203844858075863,-0.3426205335254379,-0.3433162269571385,-1.2170081813616118,1.4020226071117559,84.0,0.7095906275419256,2.27102345136047e-14,4.866591429164316e-11,2.1692711623755045e-14,4.866992292671689e-11
synthetic_niah_133,niah_single_1,disagreement_replication,64,32,physical_delete_high_key_query_84,high_key_query,84,27,28,0.00028475347596197085,0.004062009096544666,0.15215366882948694,0.9917569245748402,0.07010163423912454,0.0002953965627009849,0.008915722222574097,-0.03144298817343736,1.0015893769222004,0.033132095788388036,0.008915722222574097,188.10574473723503,1.5703750202505746e-06,3.971428213844774e-06,2.6891937068285188e-06,2.72510027885437,0.23060201108455658,2.6891937068285188e-06,19.13517951965332,16.119165420532227,4.62019681930542,15.386590003967285,25.58631706237793,156.56048583984375,1241.0,-0.34028002239181643,-0.04203844858075863,-0.3426205335254379,-0.3433162269571385,-1.2170081813616118,1.4020226071117559,84.0,0.7095906275419256,,,,
synthetic_niah_133,niah_single_1,disagreement_replication,64,32,physical_delete_low_v_ridge_74,low_v_ridge,74,0,1,0.01126560602072058,0.011265561371418523,0.9999989797952328,0.0014284373739119269,1.0000039633446205,0.017968233390327045,0.017966848089391866,0.9999989074613654,0.0014802670854210244,1.000077103169587,0.017966848089391866,21.01281278319425,0.0008551084319705063,0.00034652548492886126,0.0007948079146444798,1.411821961402893,0.6184832453727722,0.0007948079146444798,778.4987182617188,778.855224609375,1842.2645263671875,4.92659854888916,4.138799667358398,0.8867790699005127,1251.0,-0.2972960057018659,0.7000366229236961,-0.28157945006994506,-0.2915563213208925,-1.496367733942766,1.0938259751813924,74.0,0.5548824564100756,7.904787148563569e-11,7.888353353159205e-11,7.90538023523705e-11,7.888705780913833e-11
synthetic_niah_133,niah_single_1,disagreement_replication,64,32,physical_delete_low_v_ridge_74,low_v_ridge,74,1,2,0.0025919168196136943,0.004340764452199493,0.5958662670916195,0.8030846408126201,0.597110681345622,0.002876020647475078,0.017303565900990275,0.1301297904068118,0.9921532130427514,0.16620970867689674,0.017303565900990275,26.214639425616646,0.00010971047897247304,0.00012111808609915897,0.0002200226008426398,2.781566858291626,0.2578265368938446,0.0002200226008426398,91.7200927734375,91.1212158203125,3907.772216796875,3.9812302589416504,3.9774010181427,0.5203296542167664,1251.0,-0.2972960057018659,0.7000366229236961,-0.28157945006994506,-0.2915563213208925,-1.496367733942766,1.0938259751813924,74.0,0.5548824564100756,,,,
synthetic_niah_133,niah_single_1,disagreement_replication,64,32,physical_delete_low_v_ridge_74,low_v_ridge,74,2,3,0.0008476242587099169,0.0037784821283628495,0.25319304923037955,0.9678462665744055,0.22432930206214255,0.0008378351853804357,0.015958239157629343,0.14344241416960615,0.9938281952155446,0.0525017313692709,0.015958239157629343,31.697085291878896,2.6432562415923377e-05,2.0074177882634103e-05,2.7770540327765048e-05,1.8960641622543335,0.5040650963783264,2.7770540327765048e-05,26.21214485168457,27.404380798339844,49.29001998901367,5.869656562805176,5.931710720062256,1.3283287286758423,1251.0,-0.2972960057018659,0.7000366229236961,-0.28157945006994506,-0.2915563213208925,-1.496367733942766,1.0938259751813924,74.0,0.5548824564100756,,,,
synthetic_niah_133,niah_single_1,disagreement_replication,64,32,physical_delete_low_v_ridge_74,low_v_ridge,74,3,4,0.0007695515282290044,0.0030978837972057446,0.15759316416089125,0.9916715467490382,0.24841200593874146,0.0008446113263142021,0.01521587253598822,0.12251673104034275,0.9947259644024818,0.05550857003543816,0.01521587253598822,41.15118805320133,2.052459154331745e-05,2.3761915144859813e-05,2.1223606381681748e-05,1.7060331106185913,0.5560732483863831,2.1223606381681748e-05,23.401123046875,21.856807708740234,10.181211471557617,6.738663673400879,6.505712032318115,1.3591519594192505,1251.0,-0.2972960057018659,0.7000366229236961,-0.28157945006994506,-0.2915563213208925,-1.496367733942766,1.0938259751813924,74.0,0.5548824564100756,,,,
synthetic_niah_133,niah_single_1,disagreement_replication,64,32,physical_delete_low_v_ridge_74,low_v_ridge,74,4,5,0.0017844704005477961,0.003286593160387368,0.44698505517200754,0.8996746558023363,0.5429544557128796,0.0016456839447169188,0.014821771669278967,0.1651940607274522,0.9877471854351562,0.11103152723151997,0.014821771669278967,43.26108336467255,3.804074740441663e-05,2.8545699024107307e-05,4.9470920203020796e-05,1.903607726097107,0.48894813656806946,4.9470920203020796e-05,21.978317260742188,18.92776870727539,7.425734996795654,7.088335990905762,6.842994689941406,1.9614254236221313,1251.0,-0.2972960057018659,0.7000366229236961,-0.28157945006994506,-0.2915563213208925,-1.496367733942766,1.0938259751813924,74.0,0.5548824564100756,1.1412674925024028e-12,7.325401025614672e-11,1.1429566166244506e-12,7.32576300836601e-11
synthetic_niah_133,niah_single_1,disagreement_replication,64,32,physical_delete_low_v_ridge_74,low_v_ridge,74,5,6,0.0014639127414070622,0.004368299316286842,0.3381646397240262,0.9410918843240039,0.3351218942229954,0.0011050245100829611,0.011970618248499475,0.05704215486882792,0.998994550588894,0.0923113983875876,0.011970618248499475,44.718926946456186,2.4710443329869084e-05,2.9212887966423295e-05,3.610089697758667e-05,1.6614059209823608,0.5278093218803406,3.610089697758667e-05,19.33382225036621,17.87806510925293,5.498664855957031,7.651729583740234,7.743190765380859,1.431121826171875,1251.0,-0.2972960057018659,0.7000366229236961,-0.28157945006994506,-0.2915563213208925,-1.496367733942766,1.0938259751813924,74.0,0.5548824564100756,,,,
synthetic_niah_133,niah_single_1,disagreement_replication,64,32,physical_delete_low_v_ridge_74,low_v_ridge,74,6,7,0.00019440910547504413,0.0012553508119224296,0.09940878158537715,0.9965907965655187,0.1548643643105056,0.00020862053368787367,0.010214661235125813,0.09296129062981824,0.9983085242703461,0.02042363705322667,0.010214661235125813,47.64017265242784,4.379088531226008e-06,4.941585302731255e-06,7.192217708507087e-06,1.2843621969223022,0.6511123180389404,7.192217708507087e-06,21.66643524169922,19.825233459472656,7.186324596405029,7.403369426727295,6.853833198547363,1.1486907005310059,1251.0,-0.2972960057018659,0.7000366229236961,-0.28157945006994506,-0.2915563213208925,-1.496367733942766,1.0938259751813924,74.0,0.5548824564100756,,,,
synthetic_niah_133,niah_single_1,disagreement_replication,64,32,physical_delete_low_v_ridge_74,low_v_ridge,74,7,8,0.004336662029007299,0.004327608366989579,0.9311920052639769,0.37136002556825665,1.0020920705502792,0.004949918999484915,0.010827872174856975,0.5073523300149687,0.8632000253338744,0.4571460504473769,0.010827872174856975,50.64912869100604,9.772959826580178e-05,0.00012190247070975602,0.0001738222927087918,2.3671629428863525,0.33941546082496643,0.0001738222927087918,33.85591125488281,33.45863723754883,195.766357421875,6.326544284820557,6.135419845581055,1.3554710149765015,1251.0,-0.2972960057018659,0.7000366229236961,-0.28157945006994506,-0.2915563213208925,-1.496367733942766,1.0938259751813924,74.0,0.5548824564100756,1.7770896981507422e-11,6.530926691743608e-11,1.7768516968400457e-11,6.530531421376689e-11
synthetic_niah_133,niah_single_1,disagreement_replication,64,32,physical_delete_low_v_ridge_74,low_v_ridge,74,8,9,0.0026575133424447442,0.003231167125590224,0.8071410159199907,0.5905574688634492,0.8224623608595631,0.002690465743606617,0.011114250896905068,0.41281728514157107,0.9266797317767017,0.24207351161703738,0.011114250896905068,54.29036755691034,4.955696313505915e-05,5.887694351258688e-05,9.372956992592663e-05,1.499826431274414,0.6087373495101929,9.372956992592663e-05,23.66204833984375,21.168249130249023,13.13172721862793,8.928069114685059,8.248403549194336,3.0836923122406006,1251.0,-0.2972960057018659,0.7000366229236961,-0.28157945006994506,-0.2915563213208925,-1.496367733942766,1.0938259751813924,74.0,0.5548824564100756,,,,
synthetic_niah_133,niah_single_1,disagreement_replication,64,32,physical_delete_low_v_ridge_74,low_v_ridge,74,9,10,0.0012067636129314604,0.0026672126057528654,0.5500295527912182,0.8408272619194835,0.45244372733115185,0.0009834479500860172,0.010560477252981407,0.10809569173477729,0.9942532037159693,0.09312533198330337,0.010560477252981407,54.19109960427943,1.814777624494549e-05,3.0839230021229014e-05,3.8816411688458174e-05,1.895373821258545,0.5506073236465454,3.8816411688458174e-05,22.39633560180664,19.857507705688477,6.858511447906494,8.087658882141113,7.541752815246582,2.8089284896850586,1251.0,-0.2972960057018659,0.7000366229236961,-0.28157945006994506,-0.2915563213208925,-1.496367733942766,1.0938259751813924,74.0,0.5548824564100756,,,,
synthetic_niah_133,niah_single_1,disagreement_replication,64,32,physical_delete_low_v_ridge_74,low_v_ridge,74,10,11,0.0035301019480077096,0.00443725273027037,0.8048182427975253,0.593593553077151,0.7955602627557826,0.0031159877359056664,0.010072267695708053,0.3761729911472743,0.9289550286411683,0.30936307791277595,0.010072267695708053,50.300928209744924,6.194692318425247e-05,2.770289393083658e-05,6.64478211547248e-05,2.110436201095581,0.4786365032196045,6.64478211547248e-05,24.42937469482422,20.039325714111328,11.172109603881836,9.123833656311035,8.528508186340332,3.9402594566345215,1251.0,-0.2972960057018659,0.7000366229236961,-0.28157945006994506,-0.2915563213208925,-1.496367733942766,1.0938259751813924,74.0,0.5548824564100756,3.189478547310114e-12,8.544295830637419e-11,3.190376847153262e-12,8.543372412329309e-11
synthetic_niah_133,niah_single_1,disagreement_replication,64,32,physical_delete_low_v_ridge_74,low_v_ridge,74,11,12,0.00012934148683376476,0.0028968919547249497,-0.04968005662416981,1.0032097203154482,0.04464836412790732,0.00012743337497559846,0.009356530101500431,0.044723204200380624,0.9994834972979657,0.013619725859179676,0.009356530101500431,55.043961344130174,2.3151199852586157e-06,4.341468866186915e-06,6.165771537780529e-06,2.422856569290161,0.3683493137359619,6.165771537780529e-06,21.67263412475586,19.573345184326172,7.891721725463867,6.732100486755371,7.319460868835449,1.1741032600402832,1251.0,-0.2972960057018659,0.7000366229236961,-0.28157945006994506,-0.2915563213208925,-1.496367733942766,1.0938259751813924,74.0,0.5548824564100756,,,,
synthetic_niah_133,niah_single_1,disagreement_replication,64,32,physical_delete_low_v_ridge_74,low_v_ridge,74,12,13,0.0001421481766843825,0.0011117025019239909,-0.046217621510299116,1.0139865856555894,0.12786530248728487,0.00012139036475041241,0.009110090932297412,-0.014406338632858078,1.0002806980180388,0.013324824708396165,0.009110090932297412,57.39847149795267,2.1148710337128444e-06,3.300832986496971e-06,3.487730737106176e-06,1.5362673997879028,0.6311917901039124,3.487730737106176e-06,22.25798225402832,18.491683959960938,7.02222204208374,9.656124114990234,8.664098739624023,1.3399546146392822,1251.0,-0.2972960057018659,0.7000366229236961,-0.28157945006994506,-0.2915563213208925,-1.496367733942766,1.0938259751813924,74.0,0.5548824564100756,,,,
synthetic_niah_133,niah_single_1,disagreement_replication,64,32,physical_delete_low_v_ridge_74,low_v_ridge,74,13,14,0.00044933549570708864,0.0008330963988459878,0.5358707216662579,0.8443072405496154,0.5393559452777758,0.00039927506570487084,0.008909414160620004,0.06068492192097538,0.9982831240928132,0.04481496297137963,0.008909414160620004,57.79550201630712,6.908410720132072e-06,9.417737601324916e-06,1.3810204109176993e-05,2.102073907852173,0.4139859974384308,1.3810204109176993e-05,23.54071807861328,19.95514488220215,6.118988037109375,8.245441436767578,7.886355876922607,2.4690704345703125,1251.0,-0.2972960057018659,0.7000366229236961,-0.28157945006994506,-0.2915563213208925,-1.496367733942766,1.0938259751813924,74.0,0.5548824564100756,,,,
synthetic_niah_133,niah_single_1,disagreement_replication,64,32,physical_delete_low_v_ridge_74,low_v_ridge,74,14,15,2.3414206935607955e-05,0.0008000220263464134,0.09952474944207589,0.9975123970299485,0.029266952864457123,2.0328868220237264e-05,0.008932414605622722,-0.021562437094477038,1.000051661371198,0.0022758536317202265,0.008932414605622722,57.243178450033355,3.5513171648883903e-07,3.102950643096847e-07,4.889141109742923e-07,1.04244065284729,0.7370651364326477,4.889141109742923e-07,22.090229034423828,20.127763748168945,12.01481819152832,11.328709602355957,9.913057327270508,2.824272871017456,1251.0,-0.2972960057018659,0.7000366229236961,-0.28157945006994506,-0.2915563213208925,-1.496367733942766,1.0938259751813924,74.0,0.5548824564100756,6.2348858667690985e-15,8.672631057340953e-11,6.116518404724157e-15,8.671823027295388e-11
synthetic_niah_133,niah_single_1,disagreement_replication,64,32,physical_delete_low_v_ridge_74,low_v_ridge,74,15,16,0.0002119119115330082,0.0015480223872235742,0.09623955221211541,0.9961880202673318,0.13689201996172598,0.0002001562764175006,0.008589004906575343,0.024986074504095117,0.9996892148049694,0.023303779494207793,0.008589004906575343,59.20871359275409,3.3805206070546272e-06,3.6265603284846293e-06,3.914572971552843e-06,2.0636355876922607,0.4981137216091156,3.914572971552843e-06,57.81089782714844,55.98111343383789,1388.4754638671875,9.748143196105957,8.448561668395996,3.584336280822754,1251.0,-0.2972960057018659,0.7000366229236961,-0.28157945006994506,-0.2915563213208925,-1.496367733942766,1.0938259751813924,74.0,0.5548824564100756,,,,
synthetic_niah_133,niah_single_1,disagreement_replication,64,32,physical_delete_low_v_ridge_74,low_v_ridge,74,16,17,0.00011614607302110538,0.0005585979334613159,0.24753060795175075,0.9696892591730156,0.207924279815025,0.00012518370838473576,0.008468858125021851,-0.010520929933169523,1.0002647302861454,0.014781651379289431,0.008468858125021851,60.3710732060811,2.0735710289166462e-06,2.3823961328162113e-06,2.8807728540414246e-06,2.248870611190796,0.4799222946166992,2.8807728540414246e-06,21.211530685424805,18.625757217407227,6.864891529083252,9.69486141204834,9.167845726013184,3.306584358215332,1251.0,-0.2972960057018659,0.7000366229236961,-0.28157945006994506,-0.2915563213208925,-1.496367733942766,1.0938259751813924,74.0,0.5548824564100756,,,,
synthetic_niah_133,niah_single_1,disagreement_replication,64,32,physical_delete_low_v_ridge_74,low_v_ridge,74,17,18,0.00028800581181022823,0.000805582890513688,0.4595692193589076,0.8939864330036676,0.3575123245561713,0.00028555645569521557,0.008658613839977316,0.0241520978308923,0.99974726735754,0.03297946541706076,0.008658613839977316,68.81758658770195,4.149469196094214e-06,3.853603629977442e-06,6.979524641792523e-06,2.0828449726104736,0.453904390335083,6.979524641792523e-06,20.56659698486328,17.181686401367188,7.527523517608643,10.50409984588623,9.698439598083496,4.968943119049072,1251.0,-0.2972960057018659,0.7000366229236961,-0.28157945006994506,-0.2915563213208925,-1.496367733942766,1.0938259751813924,74.0,0.5548824564100756,,,,
synthetic_niah_133,niah_single_1,disagreement_replication,64,32,physical_delete_low_v_ridge_74,low_v_ridge,74,18,19,0.0003178528646056523,0.001118409158562059,0.3628570744033959,0.9351585645328464,0.284200877802464,0.00032777880582149913,0.008832074240444623,0.05720868270383702,0.9985644847648092,0.03711232456816375,0.008832074240444623,75.27296315625291,4.354535706812687e-06,4.621036168828141e-06,7.652267413504887e-06,2.0303046703338623,0.44935813546180725,7.652267413504887e-06,25.277250289916992,22.865230560302734,7.419678688049316,10.548992156982422,9.435843467712402,3.749824285507202,1251.0,-0.2972960057018659,0.7000366229236961,-0.28157945006994506,-0.2915563213208925,-1.496367733942766,1.0938259751813924,74.0,0.5548824564100756,1.9617483057446821e-13,8.713363898452823e-11,1.9581672833286765e-13,8.712540573498385e-11
synthetic_niah_133,niah_single_1,disagreement_replication,64,32,physical_delete_low_v_ridge_74,low_v_ridge,74,19,20,0.0002376193140205954,0.001383213090004965,0.17518228807732283,0.984541866864027,0.1717879303902065,0.00022144674718085677,0.01070081144956232,0.055289321185461496,0.9990695172733113,0.020694388292386394,0.01070081144956232,86.18567012760121,2.569414925393007e-06,1.9441415588516975e-06,5.753690402343636e-06,1.234140396118164,0.6366717219352722,5.753690402343636e-06,22.578372955322266,19.593412399291992,8.544572830200195,10.070697784423828,10.084399223327637,2.819760799407959,1251.0,-0.2972960057018659,0.7000366229236961,-0.28157945006994506,-0.2915563213208925,-1.496367733942766,1.0938259751813924,74.0,0.5548824564100756,,,,
synthetic_niah_133,niah_single_1,disagreement_replication,64,32,physical_delete_low_v_ridge_74,low_v_ridge,74,20,21,0.00027614257386373274,0.0015279520617473498,0.47974686898134145,0.9269604492048679,0.1807272497462643,0.0002625260890985712,0.011025521405820835,-0.06662702226673416,1.0018681715195437,0.023810764084134167,0.011025521405820835,93.43930679567929,2.8095894340550764e-06,2.635368900882895e-06,3.7903264455962926e-06,2.064025402069092,0.5266789793968201,3.7903264455962926e-06,21.29021453857422,19.1566104888916,7.382284641265869,11.517093658447266,10.974113464355469,5.508058547973633,1251.0,-0.2972960057018659,0.7000366229236961,-0.28157945006994506,-0.2915563213208925,-1.496367733942766,1.0938259751813924,74.0,0.5548824564100756,,,,
synthetic_niah_133,niah_single_1,disagreement_replication,64,32,physical_delete_low_v_ridge_74,low_v_ridge,74,21,22,0.0006169289786871166,0.0012622569723170966,0.4938743709478633,0.8695483642246418,0.4887506999106798,0.000616280127160378,0.011572456769197643,0.07390319022977332,0.9974791755697837,0.05325404444808367,0.011572456769197643,109.45940566635599,5.630216274322428e-06,7.1930248850549106e-06,1.1256109246460255e-05,2.1480348110198975,0.502345621585846,1.1256109246460255e-05,19.15145492553711,17.560226440429688,5.66832971572876,11.160444259643555,11.107402801513672,7.902377128601074,1251.0,-0.2972960057018659,0.7000366229236961,-0.28157945006994506,-0.2915563213208925,-1.496367733942766,1.0938259751813924,74.0,0.5548824564100756,,,,
synthetic_niah_133,niah_single_1,disagreement_replication,64,32,physical_delete_low_v_ridge_74,low_v_ridge,74,22,23,0.00026498726355459465,0.0008669687730382953,0.39220282201493506,0.9239419274025529,0.3056479907874257,0.0002813111879516949,0.01233969925794718,0.006184303423780376,1.0001188650998838,0.022797248301697555,0.01233969925794718,126.33947422043482,2.2266294021523966e-06,3.0814089768682607e-06,2.9274056032591034e-06,1.380212426185608,0.6223254799842834,2.9274056032591034e-06,22.331607818603516,19.77787971496582,6.742712020874023,13.781806945800781,10.977496147155762,11.311753273010254,1251.0,-0.2972960057018659,0.7000366229236961,-0.28157945006994506,-0.2915563213208925,-1.496367733942766,1.0938259751813924,74.0,0.5548824564100756,1.9385583226868823e-14,8.50254442447282e-11,2.0056486323856643e-14,8.501499036148843e-11
synthetic_niah_133,niah_single_1,disagreement_replication,64,32,physical_delete_low_v_ridge_74,low_v_ridge,74,23,24,0.0004356598121243889,0.0015383782958328291,0.3777902629124276,0.930710982100492,0.283194200870168,0.00046041216508506676,0.01366023986055065,-0.025337291534250822,1.0014209704636805,0.0337045447067653,0.01366023986055065,147.79172017105404,3.1152771248090627e-06,3.320093128422741e-06,7.27341512174462e-06,1.4207690954208374,0.6363845467567444,7.27341512174462e-06,21.184925079345703,18.62405014038086,8.651253700256348,16.062259674072266,13.64395809173584,14.433809280395508,1251.0,-0.2972960057018659,0.7000366229236961,-0.28157945006994506,-0.2915563213208925,-1.496367733942766,1.0938259751813924,74.0,0.5548824564100756,,,,
synthetic_niah_133,niah_single_1,disagreement_replication,64,32,physical_delete_low_v_ridge_74,low_v_ridge,74,24,25,0.00017686677839888994,0.0016610548670324852,0.0643890195190164,0.9988120874417244,0.1064785889432218,0.00017433741481193916,0.014882217281242711,0.002792451251742742,1.0000359017489078,0.011714478529464223,0.014882217281242711,177.16436628771237,9.840433404583049e-07,3.163134579153848e-06,2.8171375561214518e-06,1.6729826927185059,0.5531049370765686,2.8171375561214518e-06,20.279834747314453,18.29132080078125,6.0780720710754395,20.035823822021484,15.742053031921387,76.08841705322266,1251.0,-0.2972960057018659,0.7000366229236961,-0.28157945006994506,-0.2915563213208925,-1.496367733942766,1.0938259751813924,74.0,0.5548824564100756,,,,
synthetic_niah_133,niah_single_1,disagreement_replication,64,32,physical_delete_low_v_ridge_74,low_v_ridge,74,25,26,0.0005100145314112527,0.002768306333570333,0.17633673517313392,0.9843615765515755,0.18423341565435716,0.0005449273279880184,0.014634999607763464,-0.009312318390273957,1.0010394047169637,0.03723452972960447,0.014634999607763464,198.82615427092023,2.7407225673414234e-06,3.0828668968752027e-06,5.5234081628441345e-06,1.5769243240356445,0.5969547629356384,5.5234081628441345e-06,19.349803924560547,17.7334041595459,8.267784118652344,26.25484848022461,20.901975631713867,68.09579467773438,1251.0,-0.2972960057018659,0.7000366229236961,-0.28157945006994506,-0.2915563213208925,-1.496367733942766,1.0938259751813924,74.0,0.5548824564100756,,,,
synthetic_niah_133,niah_single_1,disagreement_replication,64,32,physical_delete_low_v_ridge_74,low_v_ridge,74,26,27,0.0002710591247025392,0.0009176466205664666,0.31169637006882545,0.9503217512598868,0.29538508465842045,0.00029275639801370644,0.015856259857400717,0.003914517847345926,1.0000981647081963,0.018463143304066496,0.015856259857400717,230.37303827520182,1.2707927985217694e-06,1.2918618494950351e-06,1.7189317986776587e-06,1.639954924583435,0.6503419876098633,1.7189317986776587e-06,19.948440551757812,17.52557945251465,8.870418548583984,36.90471649169922,25.82337188720703,177.8805389404297,1251.0,-0.2972960057018659,0.7000366229236961,-0.28157945006994506,-0.2915563213208925,-1.496367733942766,1.0938259751813924,74.0,0.5548824564100756,7.941931505047256e-15,8.552279777984557e-11,6.5879006114587895e-15,8.551466436192842e-11
synthetic_niah_133,niah_single_1,disagreement_replication,64,32,physical_delete_low_v_ridge_74,low_v_ridge,74,27,28,0.00028437677638535675,0.005039987523038506,0.10755563160471637,0.9955130432605414,0.0564241032513334,0.000311256301178321,0.0162368356192112,0.02718245559938435,0.999662601751175,0.019169763645943843,0.0162368356192112,188.10574473723503,1.6546879076612732e-06,1.925217702591908e-06,1.2729826721624704e-06,2.72510027885437,0.23060201108455658,1.2729826721624704e-06,17.38764190673828,16.119165420532227,4.62019681930542,37.25457000732422,25.58631706237793,156.56048583984375,1251.0,-0.2972960057018659,0.7000366229236961,-0.28157945006994506,-0.2915563213208925,-1.496367733942766,1.0938259751813924,74.0,0.5548824564100756,,,,
synthetic_niah_133,niah_single_1,disagreement_replication,64,32,physical_delete_median_attention_61,median_attention,61,0,1,0.01747626846121772,0.01747625121479365,0.9999995691933495,0.0009282322592568117,1.0000009868491737,0.02747885725660589,0.027478103748277135,0.9999995172303773,0.0009830145961105118,1.000027422137119,0.027478103748277135,21.01281278319425,0.0013077191302338683,0.00043963323696516454,0.0012927682837471366,1.411821961402893,0.6184832453727722,0.0012927682837471366,778.5771484375,778.855224609375,1842.2645263671875,4.936966896057129,4.138799667358398,0.8867790699005127,1264.0,-0.25889384849788855,0.6742606183049643,-0.23557381515641235,-0.2450646002083334,-1.261742840196545,0.21406476183103032,61.0,0.6410134872248295,4.696100093504943e-11,4.719531013169666e-11,4.696335410619491e-11,4.7199930614281785e-11
synthetic_niah_133,niah_single_1,disagreement_replication,64,32,physical_delete_median_attention_61,median_attention,61,1,2,0.008520268446387593,0.009994847834805757,0.8320728836362421,0.5550410773268826,0.8524660492295707,0.009196350661692151,0.028445046961944366,0.4102579160189992,0.916105731884734,0.32330235467691887,0.028445046961944366,26.214639425616646,0.0003508097331564127,0.0003511071263346821,0.0007955338223837316,2.781566858291626,0.2578265368938446,0.0007955338223837316,91.43476867675781,91.1212158203125,3907.772216796875,4.416558265686035,3.9774010181427,0.5203296542167664,1264.0,-0.25889384849788855,0.6742606183049643,-0.23557381515641235,-0.2450646002083334,-1.261742840196545,0.21406476183103032,61.0,0.6410134872248295,,,,
synthetic_niah_133,niah_single_1,disagreement_replication,64,32,physical_delete_median_attention_61,median_attention,61,2,3,0.0006017571057612198,0.00548251980424059,0.03439164764131588,1.002246220131096,0.1097592215345535,0.0005805730970150221,0.02691382455870207,0.1451551421287287,0.9970972305945784,0.021571556868431208,0.02691382455870207,31.697085291878896,1.8316292860017973e-05,2.4154944185283966e-05,2.3387927285511978e-05,1.8960641622543335,0.5040650963783264,2.3387927285511978e-05,27.416568756103516,27.404380798339844,49.29001998901367,5.5546183586120605,5.931710720062256,1.3283287286758423,1264.0,-0.25889384849788855,0.6742606183049643,-0.23557381515641235,-0.2450646002083334,-1.261742840196545,0.21406476183103032,61.0,0.6410134872248295,,,,
synthetic_niah_133,niah_single_1,disagreement_replication,64,32,physical_delete_median_attention_61,median_attention,61,3,4,0.003385602226495409,0.006581930301095435,0.44835817360824154,0.8962887968752128,0.5143783163325113,0.0032661325822695986,0.02542614859968492,0.25324327487703846,0.9754177534309247,0.12845565538423984,0.02542614859968492,41.15118805320133,7.936909568800437e-05,7.842088962206617e-05,8.072541822912171e-05,1.7060331106185913,0.5560732483863831,8.072541822912171e-05,21.89159393310547,21.856807708740234,10.181211471557617,8.2326021194458,6.505712032318115,1.3591519594192505,1264.0,-0.25889384849788855,0.6742606183049643,-0.23557381515641235,-0.2450646002083334,-1.261742840196545,0.21406476183103032,61.0,0.6410134872248295,,,,
synthetic_niah_133,niah_single_1,disagreement_replication,64,32,physical_delete_median_attention_61,median_attention,61,4,5,0.0022827024521528813,0.006150693206811228,0.28277689542761314,0.9632462688510052,0.37112929801555294,0.0019754869575058748,0.02393885843798839,0.12765872648052334,0.9928446790566466,0.08252218720550976,0.02393885843798839,43.26108336467255,4.5664296958385415e-05,4.6673045289935544e-05,6.205838872119784e-05,1.903607726097107,0.48894813656806946,6.205838872119784e-05,21.59682273864746,18.92776870727539,7.425734996795654,7.791547775268555,6.842994689941406,1.9614254236221313,1264.0,-0.25889384849788855,0.6742606183049643,-0.23557381515641235,-0.2450646002083334,-1.261742840196545,0.21406476183103032,61.0,0.6410134872248295,5.370635439194843e-13,7.479619599177745e-11,5.383698232600343e-13,7.479613875968769e-11
synthetic_niah_133,niah_single_1,disagreement_replication,64,32,physical_delete_median_attention_61,median_attention,61,5,6,0.0016891888841765082,0.0066623647686813135,0.3521557960804498,0.9411221961170547,0.25354193936019664,0.0015748707251463999,0.019452763522080415,0.16672522278280835,0.9897265248835923,0.08095871434199042,0.019452763522080415,44.718926946456186,3.521709559426722e-05,4.399380486574955e-05,6.625319656450301e-05,1.6614059209823608,0.5278093218803406,6.625319656450301e-05,19.825870513916016,17.87806510925293,5.498664855957031,8.10537338256836,7.743190765380859,1.431121826171875,1264.0,-0.25889384849788855,0.6742606183049643,-0.23557381515641235,-0.2450646002083334,-1.261742840196545,0.21406476183103032,61.0,0.6410134872248295,,,,
synthetic_niah_133,niah_single_1,disagreement_replication,64,32,physical_delete_median_attention_61,median_attention,61,6,7,0.0013799661493612576,0.0030209444905574924,0.37950362708110236,0.9284135178270551,0.4567995716818336,0.0013670889348694377,0.017478650637754535,0.07663749710408436,0.9970602699339245,0.0782147868964481,0.017478650637754535,47.64017265242784,2.8696137288238145e-05,2.4671046048752032e-05,4.628629540093243e-05,1.2843621969223022,0.6511123180389404,4.628629540093243e-05,22.0625,19.825233459472656,7.186324596405029,8.044379234313965,6.853833198547363,1.1486907005310059,1264.0,-0.25889384849788855,0.6742606183049643,-0.23557381515641235,-0.2450646002083334,-1.261742840196545,0.21406476183103032,61.0,0.6410134872248295,,,,
synthetic_niah_133,niah_single_1,disagreement_replication,64,32,physical_delete_median_attention_61,median_attention,61,7,8,0.014143335222699055,0.014353669695829243,0.9724663576462224,0.23339896309873684,0.9853462927887142,0.014823295936804442,0.02201929579204042,0.681629644491745,0.7317459659193218,0.6731957314530829,0.02201929579204042,50.64912869100604,0.00029266635616254284,0.00030242823413573205,0.0004632895579561591,2.3671629428863525,0.33941546082496643,0.0004632895579561591,34.57780838012695,33.45863723754883,195.766357421875,6.999419212341309,6.135419845581055,1.3554710149765015,1264.0,-0.25889384849788855,0.6742606183049643,-0.23557381515641235,-0.2450646002083334,-1.261742840196545,0.21406476183103032,61.0,0.6410134872248295,5.769764278139331e-11,9.815923733153098e-11,5.770158243704887e-11,9.815909497214456e-11
synthetic_niah_133,niah_single_1,disagreement_replication,64,32,physical_delete_median_attention_61,median_attention,61,8,9,0.004275972291872462,0.005720504300217888,0.5900501084344022,0.8225725355601203,0.747481702218036,0.004317765892188206,0.020913490918611045,0.31785629211827443,0.9546606034239699,0.20645840089498396,0.020913490918611045,54.29036755691034,7.953097550246038e-05,0.00011311442358419299,0.00014275066496338695,1.499826431274414,0.6087373495101929,0.00014275066496338695,21.44232940673828,21.168249130249023,13.13172721862793,9.125170707702637,8.248403549194336,3.0836923122406006,1264.0,-0.25889384849788855,0.6742606183049643,-0.23557381515641235,-0.2450646002083334,-1.261742840196545,0.21406476183103032,61.0,0.6410134872248295,,,,
synthetic_niah_133,niah_single_1,disagreement_replication,64,32,physical_delete_median_attention_61,median_attention,61,9,10,0.0054457572154978625,0.007216191130550965,0.6419760110988348,0.7749606817898779,0.7546581176934641,0.006095710031162241,0.021015102360095458,0.26498100787866585,0.9645797981806925,0.29006330431856875,0.021015102360095458,54.19109960427943,0.00011248544642339878,0.00011184887262061238,0.00017195871623698622,1.895373821258545,0.5506073236465454,0.00017195871623698622,22.332958221435547,19.857507705688477,6.858511447906494,7.769455432891846,7.541752815246582,2.8089284896850586,1264.0,-0.25889384849788855,0.6742606183049643,-0.23557381515641235,-0.2450646002083334,-1.261742840196545,0.21406476183103032,61.0,0.6410134872248295,,,,
synthetic_niah_133,niah_single_1,disagreement_replication,64,32,physical_delete_median_attention_61,median_attention,61,10,11,0.006176577300505122,0.008228940957229302,0.7200706953490076,0.6945716263314091,0.7505920060197863,0.0051827497155275265,0.018907720387792832,0.28056493238419666,0.9598567684578679,0.2741075925193819,0.018907720387792832,50.300928209744924,0.00010303487231719632,5.0041708163917065e-05,0.00013029712135903537,2.110436201095581,0.4786365032196045,0.00013029712135903537,23.27776336669922,20.039325714111328,11.172109603881836,8.912849426269531,8.528508186340332,3.9402594566345215,1264.0,-0.25889384849788855,0.6742606183049643,-0.23557381515641235,-0.2450646002083334,-1.261742840196545,0.21406476183103032,61.0,0.6410134872248295,2.6652876658724388e-11,1.0991345184091894e-10,2.664959057490171e-11,1.09885633085601e-10
synthetic_niah_133,niah_single_1,disagreement_replication,64,32,physical_delete_median_attention_61,median_attention,61,11,12,0.00027740026752993627,0.004746542879987638,0.09424101008230917,0.9961928321249942,0.05844259170174372,0.0002976651223218119,0.017179755319871714,-0.02962567267313205,1.0006631933567944,0.01732650534187204,0.017179755319871714,55.043961344130174,5.407770717315108e-06,8.865267773217056e-06,1.280329524888657e-05,2.422856569290161,0.3683493137359619,1.280329524888657e-05,21.839115142822266,19.573345184326172,7.891721725463867,6.913804531097412,7.319460868835449,1.1741032600402832,1264.0,-0.25889384849788855,0.6742606183049643,-0.23557381515641235,-0.2450646002083334,-1.261742840196545,0.21406476183103032,61.0,0.6410134872248295,,,,
synthetic_niah_133,niah_single_1,disagreement_replication,64,32,physical_delete_median_attention_61,median_attention,61,12,13,0.00029064713020453666,0.0022160648520963026,0.2539879179213727,0.9749759782220746,0.13115461396790662,0.00024557762400711787,0.016195603187105695,0.05199662824904105,0.9993262980745315,0.015163228017505217,0.016195603187105695,57.39847149795267,4.278469750120041e-06,7.443318736477522e-06,8.835427252051886e-06,1.5362673997879028,0.6311917901039124,8.835427252051886e-06,21.088796615600586,18.491683959960938,7.02222204208374,8.675393104553223,8.664098739624023,1.3399546146392822,1264.0,-0.25889384849788855,0.6742606183049643,-0.23557381515641235,-0.2450646002083334,-1.261742840196545,0.21406476183103032,61.0,0.6410134872248295,,,,
synthetic_niah_133,niah_single_1,disagreement_replication,64,32,physical_delete_median_attention_61,median_attention,61,13,14,0.0005918764709074737,0.0016741314506101865,0.46769093979877757,0.8912323329237535,0.3535424119126051,0.0005651624147469367,0.015901157352955938,0.04066553961087022,0.9991859498129891,0.03554221885879748,0.015901157352955938,57.79550201630712,9.778657421947385e-06,1.1940807780774776e-05,1.2383152352413163e-05,2.102073907852173,0.4139859974384308,1.2383152352413163e-05,23.024269104003906,19.95514488220215,6.118988037109375,9.11747932434082,7.886355876922607,2.4690704345703125,1264.0,-0.25889384849788855,0.6742606183049643,-0.23557381515641235,-0.2450646002083334,-1.261742840196545,0.21406476183103032,61.0,0.6410134872248295,,,,
synthetic_niah_133,niah_single_1,disagreement_replication,64,32,physical_delete_median_attention_61,median_attention,61,14,15,5.831113582283223e-05,0.001898144885319084,0.020382329949657225,0.9998457028006156,0.03072006582523333,4.920828791373395e-05,0.015679645750375237,0.009466748707392445,0.9999752143134627,0.00313835457108821,0.015679645750375237,57.243178450033355,8.596358421412094e-07,1.4058527995075565e-06,2.1277444375300547e-06,1.04244065284729,0.7370651364326477,2.1277444375300547e-06,20.559738159179688,20.127763748168945,12.01481819152832,9.830167770385742,9.913057327270508,2.824272871017456,1264.0,-0.25889384849788855,0.6742606183049643,-0.23557381515641235,-0.2450646002083334,-1.261742840196545,0.21406476183103032,61.0,0.6410134872248295,7.144793446779385e-15,1.057214932112526e-10,5.953121286962501e-15,1.0569646621656784e-10
synthetic_niah_133,niah_single_1,disagreement_replication,64,32,physical_delete_median_attention_61,median_attention,61,15,16,0.00032216024109094424,0.002928345509681549,0.06930320155276275,0.9984259961521058,0.110014422828807,0.0002923939276491542,0.014538352547494074,0.014216524437916081,0.999916319455958,0.020111902410810168,0.014538352547494074,59.20871359275409,4.938359743133098e-06,7.195634225354297e-06,7.073292181303259e-06,2.0636355876922607,0.4981137216091156,7.073292181303259e-06,57.180503845214844,55.98111343383789,1388.4754638671875,8.10129165649414,8.448561668395996,3.584336280822754,1264.0,-0.25889384849788855,0.6742606183049643,-0.23557381515641235,-0.2450646002083334,-1.261742840196545,0.21406476183103032,61.0,0.6410134872248295,,,,
synthetic_niah_133,niah_single_1,disagreement_replication,64,32,physical_delete_median_attention_61,median_attention,61,16,17,0.00015137643661404957,0.0011536479707046356,0.1611724818477798,0.987380805416165,0.1312154491301107,0.00015033413335844653,0.014242196161645595,0.028177796040237034,0.9997582485604307,0.010555544359324173,0.014242196161645595,60.3710732060811,2.4901683103308417e-06,4.05641321776784e-06,4.411626377986977e-06,2.248870611190796,0.4799222946166992,4.411626377986977e-06,20.98594856262207,18.625757217407227,6.864891529083252,8.506160736083984,9.167845726013184,3.306584358215332,1264.0,-0.25889384849788855,0.6742606183049643,-0.23557381515641235,-0.2450646002083334,-1.261742840196545,0.21406476183103032,61.0,0.6410134872248295,,,,
synthetic_niah_133,niah_single_1,disagreement_replication,64,32,physical_delete_median_attention_61,median_attention,61,17,18,0.0001801365772419403,0.0009751581469126039,0.18033787129417247,0.9836145095877331,0.18472550099925955,0.00017802858417416905,0.014129514790654153,5.799368663949434e-05,1.0000786432560211,0.012599766291474109,0.014129514790654153,68.81758658770195,2.586963492933413e-06,2.4700996164028766e-06,3.958567049267003e-06,2.0828449726104736,0.453904390335083,3.958567049267003e-06,20.35926628112793,17.181686401367188,7.527523517608643,9.978463172912598,9.698439598083496,4.968943119049072,1264.0,-0.25889384849788855,0.6742606183049643,-0.23557381515641235,-0.2450646002083334,-1.261742840196545,0.21406476183103032,61.0,0.6410134872248295,,,,
synthetic_niah_133,niah_single_1,disagreement_replication,64,32,physical_delete_median_attention_61,median_attention,61,18,19,0.00065508266817924,0.0018363418126641736,0.33804128157430546,0.9413168705588,0.3567324251190702,0.0006179715803167608,0.014619391489952335,0.055099766079462986,0.9985632685495364,0.042270677322067914,0.014619391489952335,75.27296315625291,8.20974164434001e-06,9.036731171363499e-06,1.2764458006131463e-05,2.0303046703338623,0.44935813546180725,1.2764458006131463e-05,25.246654510498047,22.865230560302734,7.419678688049316,10.703773498535156,9.435843467712402,3.749824285507202,1264.0,-0.25889384849788855,0.6742606183049643,-0.23557381515641235,-0.2450646002083334,-1.261742840196545,0.21406476183103032,61.0,0.6410134872248295,2.734243420039782e-13,1.0430486228646523e-10,2.730556144629761e-13,1.0427762796563337e-10
synthetic_niah_133,niah_single_1,disagreement_replication,64,32,physical_delete_median_attention_61,median_attention,61,19,20,2.0724996984339588e-05,0.0021870722183132928,-0.038646493416669675,1.000411033600424,0.009476137463957663,2.269535227816861e-05,0.017271516576695848,0.038475061456210644,0.9999503045855969,0.0013140335521427834,0.017271516576695848,86.18567012760121,2.633309254841004e-07,2.525252114082832e-07,5.145273576090403e-07,1.234140396118164,0.6366717219352722,5.145273576090403e-07,21.982181549072266,19.593412399291992,8.544572830200195,9.947723388671875,10.084399223327637,2.819760799407959,1264.0,-0.25889384849788855,0.6742606183049643,-0.23557381515641235,-0.2450646002083334,-1.261742840196545,0.21406476183103032,61.0,0.6410134872248295,,,,
synthetic_niah_133,niah_single_1,disagreement_replication,64,32,physical_delete_median_attention_61,median_attention,61,20,21,0.0008849804452837856,0.0019231996027346862,0.6495605748362745,0.783545440245967,0.46016047633609697,0.0008933904900349248,0.017682977136396476,0.02420540768220162,1.0000533457604055,0.050522628805308986,0.017682977136396476,93.43930679567929,9.561184908921391e-06,4.556677140499232e-06,1.2385144145810045e-05,2.064025402069092,0.5266789793968201,1.2385144145810045e-05,22.549304962158203,19.1566104888916,7.382284641265869,12.359170913696289,10.974113464355469,5.508058547973633,1264.0,-0.25889384849788855,0.6742606183049643,-0.23557381515641235,-0.2450646002083334,-1.261742840196545,0.21406476183103032,61.0,0.6410134872248295,,,,
synthetic_niah_133,niah_single_1,disagreement_replication,64,32,physical_delete_median_attention_61,median_attention,61,21,22,0.0007826666982230643,0.0014516035346742373,0.5026449887505289,0.8652643379838151,0.539173871878665,0.0008075826337499703,0.018270702600284974,0.05073175593601757,0.9987336683057031,0.04420096213143846,0.018270702600284974,109.45940566635599,7.3779190452720785e-06,8.046840775932651e-06,9.901056728267577e-06,2.1480348110198975,0.502345621585846,9.901056728267577e-06,20.021800994873047,17.560226440429688,5.66832971572876,12.99348258972168,11.107402801513672,7.902377128601074,1264.0,-0.25889384849788855,0.6742606183049643,-0.23557381515641235,-0.2450646002083334,-1.261742840196545,0.21406476183103032,61.0,0.6410134872248295,,,,
synthetic_niah_133,niah_single_1,disagreement_replication,64,32,physical_delete_median_attention_61,median_attention,61,22,23,0.000737846805882388,0.0013976911340820204,0.5659702660482311,0.8253040015629644,0.5279040468171768,0.0007794670309267479,0.019273584708752435,0.010338321861448585,1.000399602797432,0.04044224479802036,0.019273584708752435,126.33947422043482,6.169623830844412e-06,9.522957952867728e-06,9.428258636035025e-06,1.380212426185608,0.6223254799842834,9.428258636035025e-06,22.02030372619629,19.77787971496582,6.742712020874023,13.239134788513184,10.977496147155762,11.311753273010254,1264.0,-0.25889384849788855,0.6742606183049643,-0.23557381515641235,-0.2450646002083334,-1.261742840196545,0.21406476183103032,61.0,0.6410134872248295,5.077044433823528e-13,1.0719491489131549e-10,5.079817764101645e-13,1.0717299833876607e-10
synthetic_niah_133,niah_single_1,disagreement_replication,64,32,physical_delete_median_attention_61,median_attention,61,23,24,0.0003426863509541462,0.001871570282161536,0.1862179126256747,0.9825134117621435,0.18310097901232267,0.00036449429644581704,0.02074930879700232,-0.003411513497807221,1.0002141979533017,0.017566575350137736,0.02074930879700232,147.79172017105404,2.4662700726668016e-06,2.9560069378931075e-06,5.3797293730895035e-06,1.4207690954208374,0.6363845467567444,5.3797293730895035e-06,20.133132934570312,18.62405014038086,8.651253700256348,15.326303482055664,13.64395809173584,14.433809280395508,1264.0,-0.25889384849788855,0.6742606183049643,-0.23557381515641235,-0.2450646002083334,-1.261742840196545,0.21406476183103032,61.0,0.6410134872248295,,,,
synthetic_niah_133,niah_single_1,disagreement_replication,64,32,physical_delete_median_attention_61,median_attention,61,24,25,0.0007299473103552062,0.0022774796048856674,0.30018577599346363,0.9540971842273553,0.3205066288142899,0.0007116305773438473,0.02228876930110159,0.04829722855955786,0.9989671351285342,0.03192776450464117,0.02228876930110159,177.16436628771237,4.0167816601910205e-06,1.1928859748877585e-05,1.2481581507017836e-05,1.6729826927185059,0.5531049370765686,1.2481581507017836e-05,19.561933517456055,18.29132080078125,6.0780720710754395,20.68194007873535,15.742053031921387,76.08841705322266,1264.0,-0.25889384849788855,0.6742606183049643,-0.23557381515641235,-0.2450646002083334,-1.261742840196545,0.21406476183103032,61.0,0.6410134872248295,,,,
synthetic_niah_133,niah_single_1,disagreement_replication,64,32,physical_delete_median_attention_61,median_attention,61,25,26,0.0008587527799017274,0.0045615908527718825,0.2376026195612395,0.9726150089791277,0.18825730049416867,0.0009255687412483342,0.021160303178262077,-0.030095806600940706,1.0022704664710402,0.043740807182723565,0.021160303178262077,198.82615427092023,4.655165939523005e-06,4.089132289664121e-06,8.762300240050536e-06,1.5769243240356445,0.5969547629356384,8.762300240050536e-06,21.265623092651367,17.7334041595459,8.267784118652344,28.31122589111328,20.901975631713867,68.09579467773438,1264.0,-0.25889384849788855,0.6742606183049643,-0.23557381515641235,-0.2450646002083334,-1.261742840196545,0.21406476183103032,61.0,0.6410134872248295,,,,
synthetic_niah_133,niah_single_1,disagreement_replication,64,32,physical_delete_median_attention_61,median_attention,61,26,27,0.0002713272693104337,0.00240670761596209,0.15208787943412355,0.9891499857550421,0.11273794436469992,0.0003024878188319627,0.022547640379115476,-0.003667519162441837,1.0001391796995616,0.01341549775257809,0.022547640379115476,230.37303827520182,1.3130348112638647e-06,1.1327559832352563e-06,1.4636646028520772e-06,1.639954924583435,0.6503419876098633,1.4636646028520772e-06,20.022701263427734,17.52557945251465,8.870418548583984,39.42454147338867,25.82337188720703,177.8805389404297,1264.0,-0.25889384849788855,0.6742606183049643,-0.23557381515641235,-0.2450646002083334,-1.261742840196545,0.21406476183103032,61.0,0.6410134872248295,2.5945528728448905e-14,1.0775688176993222e-10,2.479186584971974e-14,1.0773503586156883e-10
synthetic_niah_133,niah_single_1,disagreement_replication,64,32,physical_delete_median_attention_61,median_attention,61,27,28,0.00016307070364311052,0.008161323982384675,0.04789381922108027,0.9992423692076365,0.019980912900294214,0.0001844122586385368,0.022572540613049752,0.0010402590784865569,1.0000248735189505,0.008169760852348338,0.022572540613049752,188.10574473723503,9.803648415743089e-07,9.044944704328373e-07,5.876519253433798e-07,2.72510027885437,0.23060201108455658,5.876519253433798e-07,17.369993209838867,16.119165420532227,4.62019681930542,37.26375198364258,25.58631706237793,156.56048583984375,1264.0,-0.25889384849788855,0.6742606183049643,-0.23557381515641235,-0.2450646002083334,-1.261742840196545,0.21406476183103032,61.0,0.6410134872248295,,,,
synthetic_niah_133,niah_single_1,disagreement_replication,64,32,physical_delete_median_value_norm_66,median_value_norm,66,0,1,0.0008429628574322862,0.0008429660739464427,0.9998168131068689,0.01914085689948567,0.9999961842899069,0.0011470062480765516,0.001147582648390599,0.999727257268962,0.023355165549331775,0.999497726534245,0.001147582648390599,21.01281278319425,5.458604042738681e-05,0.00012192370923003182,0.0003276226343587041,1.411821961402893,0.6184832453727722,0.0003276226343587041,779.2382202148438,778.855224609375,1842.2645263671875,3.605106830596924,4.138799667358398,0.8867790699005127,1259.0,-0.33816414195962935,-0.013496182068482451,-0.3408149053995183,-0.34129721454688894,-1.209470007388967,0.7159077159044931,66.0,0.807576976605376,5.43604972238745e-14,8.470910773842552e-14,5.575637013490669e-14,8.274890437239424e-14
synthetic_niah_133,niah_single_1,disagreement_replication,64,32,physical_delete_median_value_norm_66,median_value_norm,66,1,2,0.02054048524805699,0.020591469835857572,0.9999289180765882,0.012163159559957025,0.9975239947314591,0.0203637132698969,0.020365052095244265,0.9984341908205395,0.05595906364590241,0.9999342586829091,0.020365052095244265,26.214639425616646,0.0007768069184273315,0.0006970292306505144,0.0020398253109306097,2.781566858291626,0.2578265368938446,0.0020398253109306097,91.83563995361328,91.1212158203125,3907.772216796875,3.892833948135376,3.9774010181427,0.5203296542167664,1259.0,-0.33816414195962935,-0.013496182068482451,-0.3408149053995183,-0.34129721454688894,-1.209470007388967,0.7159077159044931,66.0,0.807576976605376,,,,
synthetic_niah_133,niah_single_1,disagreement_replication,64,32,physical_delete_median_value_norm_66,median_value_norm,66,2,3,9.38872318696409e-05,0.005928627412784827,-0.05746089243807868,1.0010348231096975,0.015836251012701048,9.421465438165718e-05,0.019449748406483582,0.1330510315245188,0.9993670321652973,0.0048440037584368285,0.019449748406483582,31.697085291878896,2.9723444131879185e-06,2.5555309548508376e-06,2.9051639103272464e-06,1.8960641622543335,0.5040650963783264,2.9051639103272464e-06,31.262516021728516,27.404380798339844,49.29001998901367,6.401060104370117,5.931710720062256,1.3283287286758423,1259.0,-0.33816414195962935,-0.013496182068482451,-0.3408149053995183,-0.34129721454688894,-1.209470007388967,0.7159077159044931,66.0,0.807576976605376,,,,
synthetic_niah_133,niah_single_1,disagreement_replication,64,32,physical_delete_median_value_norm_66,median_value_norm,66,3,4,0.0001429626691111293,0.0035099429820916865,0.010076505675316262,1.0004189861047894,0.040730766807480535,0.00012716675937397425,0.019140423749488066,-0.011127150854122827,1.0000959934934184,0.006643884223168021,0.019140423749488066,41.15118805320133,3.0902330015252475e-06,3.894783276336966e-06,5.393369974626694e-06,1.7060331106185913,0.5560732483863831,5.393369974626694e-06,26.44770050048828,21.856807708740234,10.181211471557617,6.201682090759277,6.505712032318115,1.3591519594192505,1259.0,-0.33816414195962935,-0.013496182068482451,-0.3408149053995183,-0.34129721454688894,-1.209470007388967,0.7159077159044931,66.0,0.807576976605376,,,,
synthetic_niah_133,niah_single_1,disagreement_replication,64,32,physical_delete_median_value_norm_66,median_value_norm,66,4,5,0.0001813481520696602,0.0048551711561944065,0.07882067044964827,0.9977509659911472,0.03735154667787346,0.00016149112519675324,0.01816889523292435,0.13551971908454707,0.9988342778455307,0.008888329374265463,0.01816889523292435,43.26108336467255,3.732942234373829e-06,4.637090114556486e-06,6.238240985112498e-06,1.903607726097107,0.48894813656806946,6.238240985112498e-06,21.1774845123291,18.92776870727539,7.425734996795654,7.160902500152588,6.842994689941406,1.9614254236221313,1259.0,-0.33816414195962935,-0.013496182068482451,-0.3408149053995183,-0.34129721454688894,-1.209470007388967,0.7159077159044931,66.0,0.807576976605376,3.763090110318088e-14,1.655662181935335e-10,3.9102029671691735e-14,1.6559867536346605e-10
synthetic_niah_133,niah_single_1,disagreement_replication,64,32,physical_delete_median_value_norm_66,median_value_norm,66,5,6,0.0002999873487405425,0.0076094794940316495,-0.15261181730520665,1.0067705526384199,0.039422847380800735,0.0002676310691119639,0.015197049716792163,0.019201751866223964,0.9998168952816088,0.017610725377587056,0.015197049716792163,44.718926946456186,5.984738172103495e-06,3.810036332652089e-06,4.744034413306508e-06,1.6614059209823608,0.5278093218803406,4.744034413306508e-06,19.64813232421875,17.87806510925293,5.498664855957031,8.479385375976562,7.743190765380859,1.431121826171875,1259.0,-0.33816414195962935,-0.013496182068482451,-0.3408149053995183,-0.34129721454688894,-1.209470007388967,0.7159077159044931,66.0,0.807576976605376,,,,
synthetic_niah_133,niah_single_1,disagreement_replication,64,32,physical_delete_median_value_norm_66,median_value_norm,66,6,7,0.0003467243128996506,0.001643384413218325,0.10083254497877578,1.0009823530790753,0.21098186773029107,0.000310582268582556,0.013305537797413234,-0.006556483430451481,1.000425385340999,0.023342331088859643,0.013305537797413234,47.64017265242784,6.51933549545455e-06,8.985624845081475e-06,1.4496518815576565e-05,1.2843621969223022,0.6511123180389404,1.4496518815576565e-05,20.118865966796875,19.825233459472656,7.186324596405029,7.688655853271484,6.853833198547363,1.1486907005310059,1259.0,-0.33816414195962935,-0.013496182068482451,-0.3408149053995183,-0.34129721454688894,-1.209470007388967,0.7159077159044931,66.0,0.807576976605376,,,,
synthetic_niah_133,niah_single_1,disagreement_replication,64,32,physical_delete_median_value_norm_66,median_value_norm,66,7,8,0.0014393250544672167,0.0033865730673762803,0.3162670335414213,0.9548822149227039,0.42500930168393564,0.0015189638910198264,0.011660602765744245,0.14390459206560663,0.9896855649386087,0.13026461166159772,0.011660602765744245,50.64912869100604,2.9989931323133593e-05,4.107794666197151e-05,6.313057383522391e-05,2.3671629428863525,0.33941546082496643,6.313057383522391e-05,33.073646545410156,33.45863723754883,195.766357421875,6.513489723205566,6.135419845581055,1.3554710149765015,1259.0,-0.33816414195962935,-0.013496182068482451,-0.3408149053995183,-0.34129721454688894,-1.209470007388967,0.7159077159044931,66.0,0.807576976605376,1.2996113154360722e-12,1.4363573898174912e-10,1.301412601023458e-12,1.4366297107435182e-10
synthetic_niah_133,niah_single_1,disagreement_replication,64,32,physical_delete_median_value_norm_66,median_value_norm,66,8,9,0.0016011605592240095,0.002243457576503532,0.71377019867644,0.7003799740913285,0.7137021782776237,0.0013552762080625469,0.011869861783900445,0.26149730324698783,0.9763821788196474,0.1141779266461856,0.011869861783900445,54.29036755691034,2.4963474536101953e-05,1.825332765292842e-05,4.927277404931374e-05,1.499826431274414,0.6087373495101929,4.927277404931374e-05,24.038604736328125,21.168249130249023,13.13172721862793,8.832962989807129,8.248403549194336,3.0836923122406006,1259.0,-0.33816414195962935,-0.013496182068482451,-0.3408149053995183,-0.34129721454688894,-1.209470007388967,0.7159077159044931,66.0,0.807576976605376,,,,
synthetic_niah_133,niah_single_1,disagreement_replication,64,32,physical_delete_median_value_norm_66,median_value_norm,66,9,10,0.0007040925587099081,0.002617164725615908,0.5768980556608903,0.8729101567709452,0.26902875154112094,0.0005708757826730141,0.01148182062861652,-0.07593662574130099,1.0049991089767725,0.049719970476650846,0.01148182062861652,54.19109960427943,1.0534493428657655e-05,2.064748878183309e-05,1.450100535294041e-05,1.895373821258545,0.5506073236465454,1.450100535294041e-05,21.278484344482422,19.857507705688477,6.858511447906494,8.167552947998047,7.541752815246582,2.8089284896850586,1259.0,-0.33816414195962935,-0.013496182068482451,-0.3408149053995183,-0.34129721454688894,-1.209470007388967,0.7159077159044931,66.0,0.807576976605376,,,,
synthetic_niah_133,niah_single_1,disagreement_replication,64,32,physical_delete_median_value_norm_66,median_value_norm,66,10,11,0.0015986508996305082,0.003227608952656457,0.5226079724097713,0.853010175012775,0.49530501466565574,0.00136916295639843,0.010322404161757124,0.07795530726232021,0.9984554962229039,0.13263992912338798,0.010322404161757124,50.300928209744924,2.7219437197844366e-05,1.2641932698898017e-05,3.406091491342522e-05,2.110436201095581,0.4786365032196045,3.406091491342522e-05,23.63412857055664,20.039325714111328,11.172109603881836,8.182523727416992,8.528508186340332,3.9402594566345215,1259.0,-0.33816414195962935,-0.013496182068482451,-0.3408149053995183,-0.34129721454688894,-1.209470007388967,0.7159077159044931,66.0,0.807576976605376,1.969926940264335e-12,1.2263369985586332e-10,1.969887768476773e-12,1.2265732424704943e-10
synthetic_niah_133,niah_single_1,disagreement_replication,64,32,physical_delete_median_value_norm_66,median_value_norm,66,11,12,0.00021571795748071113,0.0022897795624528742,0.175341130258252,0.9878450801988851,0.09420905008411734,0.0001901362758149082,0.00973839600169884,0.013572059424067265,0.9999256119753152,0.019524393522479408,0.00973839600169884,55.043961344130174,3.454262214635904e-06,6.521402156067779e-06,9.825290362641681e-06,2.422856569290161,0.3683493137359619,9.825290362641681e-06,22.092445373535156,19.573345184326172,7.891721725463867,7.587735176086426,7.319460868835449,1.1741032600402832,1259.0,-0.33816414195962935,-0.013496182068482451,-0.3408149053995183,-0.34129721454688894,-1.209470007388967,0.7159077159044931,66.0,0.807576976605376,,,,
synthetic_niah_133,niah_single_1,disagreement_replication,64,32,physical_delete_median_value_norm_66,median_value_norm,66,12,13,6.231759368565463e-05,0.001141156149428959,-0.08583720861927875,1.0061596094812078,0.05460917308892276,5.358995421776234e-05,0.00960920944881666,0.04150070030229177,0.9997840810172062,0.005576936844098216,0.00960920944881666,57.39847149795267,9.336477578444545e-07,1.06664890608954e-06,1.7974023194256006e-06,1.5362673997879028,0.6311917901039124,1.7974023194256006e-06,20.611743927001953,18.491683959960938,7.02222204208374,9.854194641113281,8.664098739624023,1.3399546146392822,1259.0,-0.33816414195962935,-0.013496182068482451,-0.3408149053995183,-0.34129721454688894,-1.209470007388967,0.7159077159044931,66.0,0.807576976605376,,,,
synthetic_niah_133,niah_single_1,disagreement_replication,64,32,physical_delete_median_value_norm_66,median_value_norm,66,13,14,0.0001273871608649742,0.0007677461738146316,0.1661672128900246,0.9860976202882668,0.16592353724413503,0.00012198466247871306,0.009577060201567686,0.08611214674205153,0.9989837761998437,0.01273717194121273,0.009577060201567686,57.79550201630712,2.110625536988931e-06,3.8554212551389355e-06,3.7318941394914873e-06,2.102073907852173,0.4139859974384308,3.7318941394914873e-06,22.750244140625,19.95514488220215,6.118988037109375,7.2196197509765625,7.886355876922607,2.4690704345703125,1259.0,-0.33816414195962935,-0.013496182068482451,-0.3408149053995183,-0.34129721454688894,-1.209470007388967,0.7159077159044931,66.0,0.807576976605376,,,,
synthetic_niah_133,niah_single_1,disagreement_replication,64,32,physical_delete_median_value_norm_66,median_value_norm,66,14,15,1.3125583560300679e-05,0.0008180604234101093,-0.04995753990729456,1.0009298416293726,0.016044760490412546,1.276578240305212e-05,0.009573319160921646,-0.0955769292917923,1.0001283302956703,0.0013334750663241367,0.009573319160921646,57.243178450033355,2.23009671173224e-07,2.879012583889562e-07,3.6109759093960747e-07,1.04244065284729,0.7370651364326477,3.6109759093960747e-07,25.233280181884766,20.127763748168945,12.01481819152832,10.999448776245117,9.913057327270508,2.824272871017456,1259.0,-0.33816414195962935,-0.013496182068482451,-0.3408149053995183,-0.34129721454688894,-1.209470007388967,0.7159077159044931,66.0,0.807576976605376,1.475496690416136e-14,1.2264317235249976e-10,1.44203275319194e-14,1.226649125248227e-10
synthetic_niah_133,niah_single_1,disagreement_replication,64,32,physical_delete_median_value_norm_66,median_value_norm,66,15,16,0.0003006135999767504,0.0014298552634972976,0.0874625984309521,1.0037054979647662,0.2102405800440784,0.0002753353872328181,0.009314345194461927,0.012121057921868716,1.0000786014983178,0.029560358939297798,0.009314345194461927,59.20871359275409,4.650251129024925e-06,6.463292720582103e-06,6.170744654809823e-06,2.0636355876922607,0.4981137216091156,6.170744654809823e-06,57.552734375,55.98111343383789,1388.4754638671875,9.10637378692627,8.448561668395996,3.584336280822754,1259.0,-0.33816414195962935,-0.013496182068482451,-0.3408149053995183,-0.34129721454688894,-1.209470007388967,0.7159077159044931,66.0,0.807576976605376,,,,
synthetic_niah_133,niah_single_1,disagreement_replication,64,32,physical_delete_median_value_norm_66,median_value_norm,66,16,17,0.00020043687403818353,0.0006382417728433731,0.34731647639417956,0.9383380157015805,0.3140453705266507,0.00016004506964508225,0.009197690228913124,0.013080572269855003,0.9999237776077888,0.017400571845959473,0.009197690228913124,60.3710732060811,2.65102243749679e-06,4.277556399756577e-06,5.153077381692128e-06,2.248870611190796,0.4799222946166992,5.153077381692128e-06,20.225976943969727,18.625757217407227,6.864891529083252,9.745594024658203,9.167845726013184,3.306584358215332,1259.0,-0.33816414195962935,-0.013496182068482451,-0.3408149053995183,-0.34129721454688894,-1.209470007388967,0.7159077159044931,66.0,0.807576976605376,,,,
synthetic_niah_133,niah_single_1,disagreement_replication,64,32,physical_delete_median_value_norm_66,median_value_norm,66,17,18,0.0002257171687970702,0.0006819951347466909,0.2854349636212553,0.9594790005070823,0.3309659516572752,0.00022362575920453095,0.009101777379099925,0.003852956739802844,1.0002071426708155,0.024569460435061235,0.009101777379099925,68.81758658770195,3.2495437618920216e-06,3.969385033997241e-06,5.695593245036434e-06,2.0828449726104736,0.453904390335083,5.695593245036434e-06,20.137859344482422,17.181686401367188,7.527523517608643,9.306877136230469,9.698439598083496,4.968943119049072,1259.0,-0.33816414195962935,-0.013496182068482451,-0.3408149053995183,-0.34129721454688894,-1.209470007388967,0.7159077159044931,66.0,0.807576976605376,,,,
synthetic_niah_133,niah_single_1,disagreement_replication,64,32,physical_delete_median_value_norm_66,median_value_norm,66,18,19,7.45698699312358e-05,0.0010091244158659935,0.09049510934508923,0.9960352294859292,0.0738956156037932,7.286076752801863e-05,0.009123486064493057,0.03465269719155721,0.9997551198985327,0.007986066621132841,0.009123486064493057,75.27296315625291,9.679540232363775e-07,1.1965563544436009e-06,1.7570256432009046e-06,2.0303046703338623,0.44935813546180725,1.7570256432009046e-06,26.174297332763672,22.865230560302734,7.419678688049316,10.600218772888184,9.435843467712402,3.749824285507202,1259.0,-0.33816414195962935,-0.013496182068482451,-0.3408149053995183,-0.34129721454688894,-1.209470007388967,0.7159077159044931,66.0,0.807576976605376,1.005540678154476e-14,1.2472162887522088e-10,9.828366398077109e-15,1.2474302839367117e-10
synthetic_niah_133,niah_single_1,disagreement_replication,64,32,physical_delete_median_value_norm_66,median_value_norm,66,19,20,0.0003952030150017711,0.0012115022791420677,0.331365721809594,0.9435164808366298,0.32620905614939194,0.0003470589671590017,0.011070284377533933,0.04427546904788359,0.9991029664785774,0.0313505015158711,0.011070284377533933,86.18567012760121,4.026875542595046e-06,4.024177997052902e-06,8.547766810806934e-06,1.234140396118164,0.6366717219352722,8.547766810806934e-06,23.070838928222656,19.593412399291992,8.544572830200195,11.312295913696289,10.084399223327637,2.819760799407959,1259.0,-0.33816414195962935,-0.013496182068482451,-0.3408149053995183,-0.34129721454688894,-1.209470007388967,0.7159077159044931,66.0,0.807576976605376,,,,
synthetic_niah_133,niah_single_1,disagreement_replication,64,32,physical_delete_median_value_norm_66,median_value_norm,66,20,21,0.00020352466312061456,0.0011359831029342706,0.5747611167557826,0.908927146553069,0.17916169932009168,0.0001561478886687765,0.011356753080209482,-0.023923700800183495,1.0004233677485577,0.01374934257757907,0.011356753080209482,93.43930679567929,1.671115658105427e-06,1.503677481196064e-06,2.395234560026438e-06,2.064025402069092,0.5266789793968201,2.395234560026438e-06,20.846904754638672,19.1566104888916,7.382284641265869,10.670553207397461,10.974113464355469,5.508058547973633,1259.0,-0.33816414195962935,-0.013496182068482451,-0.3408149053995183,-0.34129721454688894,-1.209470007388967,0.7159077159044931,66.0,0.807576976605376,,,,
synthetic_niah_133,niah_single_1,disagreement_replication,64,32,physical_delete_median_value_norm_66,median_value_norm,66,21,22,0.0006613529582517864,0.0010475883673255137,0.6342074794219708,0.7731683314327671,0.6313099485251218,0.0006653526009277055,0.011712698963736728,0.09278466400396669,0.9963360196744419,0.05680608739178562,0.011712698963736728,109.45940566635599,6.0785329216547325e-06,8.362530024896841e-06,9.710881386126857e-06,2.1480348110198975,0.502345621585846,9.710881386126857e-06,17.65845489501953,17.560226440429688,5.66832971572876,11.24533462524414,11.107402801513672,7.902377128601074,1259.0,-0.33816414195962935,-0.013496182068482451,-0.3408149053995183,-0.34129721454688894,-1.209470007388967,0.7159077159044931,66.0,0.807576976605376,,,,
synthetic_niah_133,niah_single_1,disagreement_replication,64,32,physical_delete_median_value_norm_66,median_value_norm,66,22,23,0.00039701001396667525,0.0009045893045741961,0.38102157102771717,0.9263750072236387,0.43888426710235523,0.0004299092166681838,0.012337797925466508,0.0592499552337793,0.998541461329289,0.03484489041442364,0.012337797925466508,126.33947422043482,3.4028099239837423e-06,5.286246960167773e-06,6.210601895872969e-06,1.380212426185608,0.6223254799842834,6.210601895872969e-06,23.14698028564453,19.77787971496582,6.742712020874023,11.44443130493164,10.977496147155762,11.311753273010254,1259.0,-0.33816414195962935,-0.013496182068482451,-0.3408149053995183,-0.34129721454688894,-1.209470007388967,0.7159077159044931,66.0,0.807576976605376,5.945783420641418e-14,1.3082880468431852e-10,5.833006098877205e-14,1.3085208905258695e-10
synthetic_niah_133,niah_single_1,disagreement_replication,64,32,physical_delete_median_value_norm_66,median_value_norm,66,23,24,0.00018623262679470326,0.0010226828783284454,0.22892415412570508,0.9745696707230448,0.18210202863579447,0.00018519367203988362,0.01299072780624846,-0.020670946831226215,1.0003962175286705,0.01425583499261732,0.01299072780624846,147.79172017105404,1.2530720383086454e-06,1.6477264352943166e-06,3.255092678955407e-06,1.4207690954208374,0.6363845467567444,3.255092678955407e-06,22.441364288330078,18.62405014038086,8.651253700256348,11.964523315429688,13.64395809173584,14.433809280395508,1259.0,-0.33816414195962935,-0.013496182068482451,-0.3408149053995183,-0.34129721454688894,-1.209470007388967,0.7159077159044931,66.0,0.807576976605376,,,,
synthetic_niah_133,niah_single_1,disagreement_replication,64,32,physical_delete_median_value_norm_66,median_value_norm,66,24,25,9.677934695318469e-05,0.0012935806218303955,-0.002072418535484431,1.0029493474804207,0.07481508714643816,9.765670777603217e-05,0.013634076407752462,-0.016864106887474545,1.0001464337917085,0.0071626933028264145,0.013634076407752462,177.16436628771237,5.512209358028527e-07,1.9687877284013666e-06,1.5594811202390702e-06,1.6729826927185059,0.5531049370765686,1.5594811202390702e-06,21.168376922607422,18.29132080078125,6.0780720710754395,11.850099563598633,15.742053031921387,76.08841705322266,1259.0,-0.33816414195962935,-0.013496182068482451,-0.3408149053995183,-0.34129721454688894,-1.209470007388967,0.7159077159044931,66.0,0.807576976605376,,,,
synthetic_niah_133,niah_single_1,disagreement_replication,64,32,physical_delete_median_value_norm_66,median_value_norm,66,25,26,8.432855139989498e-05,0.0030944038911253986,0.1711384199820555,0.9956982255688757,0.027251953645012275,8.648503724811915e-05,0.012468682717536086,0.059367472626968155,0.9996121965842808,0.006936180766432182,0.012468682717536086,198.82615427092023,4.349781725912918e-07,1.3021007134739193e-06,1.0323393553335336e-06,1.5769243240356445,0.5969547629356384,1.0323393553335336e-06,20.412799835205078,17.7334041595459,8.267784118652344,14.284552574157715,20.901975631713867,68.09579467773438,1259.0,-0.33816414195962935,-0.013496182068482451,-0.3408149053995183,-0.34129721454688894,-1.209470007388967,0.7159077159044931,66.0,0.807576976605376,,,,
synthetic_niah_133,niah_single_1,disagreement_replication,64,32,physical_delete_median_value_norm_66,median_value_norm,66,26,27,0.00011145140162551627,0.0013659665477688974,-0.5796407683376604,1.0494021297345826,0.08159160398734179,6.988898544527773e-05,0.013314181230008097,-0.0037372909608509026,1.0000333944055302,0.005249213919948664,0.013314181230008097,230.37303827520182,3.03373111578226e-07,1.3299971897140495e-06,8.157063007274701e-07,1.639954924583435,0.6503419876098633,8.157063007274701e-07,21.932926177978516,17.52557945251465,8.870418548583984,15.716611862182617,25.82337188720703,177.8805389404297,1259.0,-0.33816414195962935,-0.013496182068482451,-0.3408149053995183,-0.34129721454688894,-1.209470007388967,0.7159077159044931,66.0,0.807576976605376,1.7726424986175948e-14,1.294763396878399e-10,1.8122713457354517e-14,1.2949811603208757e-10
synthetic_niah_133,niah_single_1,disagreement_replication,64,32,physical_delete_median_value_norm_66,median_value_norm,66,27,28,0.00029396099090531625,0.005828922520758971,0.12519712160364035,0.9949450170747536,0.05043144592476763,0.0003048297451813245,0.012324587649033067,-0.03063678862416134,1.0010630609810256,0.024733464020213293,0.012324587649033067,188.10574473723503,1.6205233157931525e-06,4.062345851707505e-06,2.32000820687972e-06,2.72510027885437,0.23060201108455658,2.32000820687972e-06,18.80107307434082,16.119165420532227,4.62019681930542,15.770149230957031,25.58631706237793,156.56048583984375,1259.0,-0.33816414195962935,-0.013496182068482451,-0.3408149053995183,-0.34129721454688894,-1.209470007388967,0.7159077159044931,66.0,0.807576976605376,,,,
synthetic_niah_133,niah_single_1,disagreement_replication,64,32,physical_delete_median_aor_69,median_aor,69,0,1,0.0045160981831832035,0.004514902481179537,0.9999935547825656,0.0036005535715607473,1.0002648345138463,0.0070542491861764894,0.007053772381820606,0.9999924442528302,0.0038880695702486552,1.0000675956537968,0.007053772381820606,21.01281278319425,0.00033571179922272846,0.00039377048960886896,0.0009490206139162183,1.411821961402893,0.6184832453727722,0.0009490206139162183,779.1220703125,778.855224609375,1842.2645263671875,3.609076499938965,4.138799667358398,0.8867790699005127,1256.0,-0.25537971981348095,-0.9731007896225278,-0.2665176908502957,-0.2651971217672036,-1.0286478261808019,-0.06422460078829736,69.0,0.9191331731862216,3.941237413594854e-12,3.7784262218918405e-12,3.940147814262988e-12,3.7783644325239805e-12
synthetic_niah_133,niah_single_1,disagreement_replication,64,32,physical_delete_median_aor_69,median_aor,69,1,2,0.019722031842101494,0.019673160434108713,0.9963705087174738,0.08534158523687671,1.0024841665962347,0.01995261938654589,0.020921443409474147,0.9419845616004884,0.33586032325229276,0.9536922953179449,0.020921443409474147,26.214639425616646,0.0007611250745279532,0.0007409858517348766,0.0019575287587940693,2.781566858291626,0.2578265368938446,0.0019575287587940693,91.74957275390625,91.1212158203125,3907.772216796875,3.4758212566375732,3.9774010181427,0.5203296542167664,1256.0,-0.25537971981348095,-0.9731007896225278,-0.2665176908502957,-0.2651971217672036,-1.0286478261808019,-0.06422460078829736,69.0,0.9191331731862216,,,,
synthetic_niah_133,niah_single_1,disagreement_replication,64,32,physical_delete_median_aor_69,median_aor,69,2,3,0.00019550619580232254,0.004641643383276386,-0.006182276373989863,1.0011467889551162,0.04212003802504988,0.0001716431620011931,0.021038028892546367,-0.022703682367184345,1.0002184911440364,0.008158709301041275,0.021038028892546367,31.697085291878896,5.415108689667746e-06,7.829853529983666e-06,7.791513780830428e-06,1.8960641622543335,0.5040650963783264,7.791513780830428e-06,28.418020248413086,27.404380798339844,49.29001998901367,5.12434196472168,5.931710720062256,1.3283287286758423,1256.0,-0.25537971981348095,-0.9731007896225278,-0.2665176908502957,-0.2651971217672036,-1.0286478261808019,-0.06422460078829736,69.0,0.9191331731862216,,,,
synthetic_niah_133,niah_single_1,disagreement_replication,64,32,physical_delete_median_aor_69,median_aor,69,3,4,0.0008566417106740152,0.004549474281118175,0.1645771517887359,0.9866493203166028,0.18829465950150812,0.0008133857593457851,0.02165484832525389,-0.06764310511746133,1.0032409440453312,0.03756136949697377,0.02165484832525389,41.15118805320133,1.9765790438278932e-05,2.5450637622270733e-05,3.9460945117753e-05,1.7060331106185913,0.5560732483863831,3.9460945117753e-05,23.885425567626953,21.856807708740234,10.181211471557617,5.09921407699585,6.505712032318115,1.3591519594192505,1256.0,-0.25537971981348095,-0.9731007896225278,-0.2665176908502957,-0.2651971217672036,-1.0286478261808019,-0.06422460078829736,69.0,0.9191331731862216,,,,
synthetic_niah_133,niah_single_1,disagreement_replication,64,32,physical_delete_median_aor_69,median_aor,69,4,5,0.000601977362298113,0.0031571302153792545,-0.018067645401692613,1.0213941139129197,0.19067232620489163,0.000585703717099077,0.021070415927212597,0.0962049430873294,0.9977094741406587,0.027797444489106468,0.021070415927212597,43.26108336467255,1.353881298260248e-05,2.634120210132096e-05,2.946832319139503e-05,1.903607726097107,0.48894813656806946,2.946832319139503e-05,19.049148559570312,18.92776870727539,7.425734996795654,4.511056900024414,6.842994689941406,1.9614254236221313,1256.0,-0.25537971981348095,-0.9731007896225278,-0.2665176908502957,-0.2651971217672036,-1.0286478261808019,-0.06422460078829736,69.0,0.9191331731862216,1.86266054048425e-14,4.92585355772982e-10,2.0300561290605433e-14,4.927564859923751e-10
synthetic_niah_133,niah_single_1,disagreement_replication,64,32,physical_delete_median_aor_69,median_aor,69,5,6,0.00079458625131184,0.0065876895916758904,-0.11317814862186579,1.0207109286279514,0.12061683238928982,0.0005891322466711647,0.018719091095621178,-0.05886926498781247,1.002345250985935,0.03147226773253837,0.018719091095621178,44.718926946456186,1.3174114114512566e-05,1.9141762095387094e-05,2.224810486950446e-05,1.6614059209823608,0.5278093218803406,2.224810486950446e-05,18.262041091918945,17.87806510925293,5.498664855957031,6.354249954223633,7.743190765380859,1.431121826171875,1256.0,-0.25537971981348095,-0.9731007896225278,-0.2665176908502957,-0.2651971217672036,-1.0286478261808019,-0.06422460078829736,69.0,0.9191331731862216,,,,
synthetic_niah_133,niah_single_1,disagreement_replication,64,32,physical_delete_median_aor_69,median_aor,69,6,7,0.00034255488288970716,0.002424678049768956,0.23058864613397448,0.9771413296476748,0.14127850207673912,0.0003118249193187741,0.016711391936495224,-0.07073103868281597,1.0014927731546983,0.01865942229730094,0.016711391936495224,47.64017265242784,6.545419589340696e-06,9.402400792168919e-06,1.3655032489623409e-05,1.2843621969223022,0.6511123180389404,1.3655032489623409e-05,19.29766845703125,19.825233459472656,7.186324596405029,5.8387131690979,6.853833198547363,1.1486907005310059,1256.0,-0.25537971981348095,-0.9731007896225278,-0.2665176908502957,-0.2651971217672036,-1.0286478261808019,-0.06422460078829736,69.0,0.9191331731862216,,,,
synthetic_niah_133,niah_single_1,disagreement_replication,64,32,physical_delete_median_aor_69,median_aor,69,7,8,0.005149153399015959,0.006021575829796466,0.780979274066801,0.6289418206876067,0.8551172557748898,0.005167040837974969,0.015549380386157578,0.3449167880527367,0.9387180739183406,0.3322988253972351,0.015549380386157578,50.64912869100604,0.00010201638155509871,0.00027842327835969627,0.00026523476117290556,2.3671629428863525,0.33941546082496643,0.00026523476117290556,32.47816848754883,33.45863723754883,195.766357421875,5.024410247802734,6.135419845581055,1.3554710149765015,1256.0,-0.25537971981348095,-0.9731007896225278,-0.2665176908502957,-0.2651971217672036,-1.0286478261808019,-0.06422460078829736,69.0,0.9191331731862216,2.3686288837103342e-11,3.4435116678583876e-10,2.3685714326612894e-11,3.444575668796542e-10
synthetic_niah_133,niah_single_1,disagreement_replication,64,32,physical_delete_median_aor_69,median_aor,69,8,9,0.0013658158288441739,0.00315800294003115,0.3161266434976037,0.9558269701027422,0.4324935266940257,0.0010682814937056724,0.01410913625326998,0.039486727354345545,0.9998766566081086,0.07571558418100073,0.01410913625326998,54.29036755691034,1.9677182929105005e-05,1.9982600861112587e-05,5.012910332879983e-05,1.499826431274414,0.6087373495101929,5.012910332879983e-05,24.737289428710938,21.168249130249023,13.13172721862793,8.358945846557617,8.248403549194336,3.0836923122406006,1256.0,-0.25537971981348095,-0.9731007896225278,-0.2665176908502957,-0.2651971217672036,-1.0286478261808019,-0.06422460078829736,69.0,0.9191331731862216,,,,
synthetic_niah_133,niah_single_1,disagreement_replication,64,32,physical_delete_median_aor_69,median_aor,69,9,10,0.0037796700196494927,0.0038920708644779485,0.8780343013950214,0.4875662173103631,0.9711205554209423,0.003225051088602453,0.014190971111076303,0.20927414467197683,0.9780224185733002,0.22726077471084724,0.014190971111076303,54.19109960427943,5.951256040480443e-05,9.557453449815512e-05,0.0001618279202375561,1.895373821258545,0.5506073236465454,0.0001618279202375561,19.572599411010742,19.857507705688477,6.858511447906494,6.170701026916504,7.541752815246582,2.8089284896850586,1256.0,-0.25537971981348095,-0.9731007896225278,-0.2665176908502957,-0.2651971217672036,-1.0286478261808019,-0.06422460078829736,69.0,0.9191331731862216,,,,
synthetic_niah_133,niah_single_1,disagreement_replication,64,32,physical_delete_median_aor_69,median_aor,69,10,11,0.005374993347568377,0.006272057830247866,0.759492577223342,0.6577794021157406,0.856974456078311,0.004554986110989914,0.013324873288618614,0.3279237289047033,0.9448067074748283,0.34184085749472276,0.013324873288618614,50.300928209744924,9.05547128672561e-05,0.0001034167580655776,0.00011602033919189125,2.110436201095581,0.4786365032196045,0.00011602033919189125,19.5644474029541,20.039325714111328,11.172109603881836,8.869434356689453,8.528508186340332,3.9402594566345215,1256.0,-0.25537971981348095,-0.9731007896225278,-0.2665176908502957,-0.2651971217672036,-1.0286478261808019,-0.06422460078829736,69.0,0.9191331731862216,2.0343537676056754e-11,1.7875866975668067e-10,2.0341041658331502e-11,1.7880024345146518e-10
synthetic_niah_133,niah_single_1,disagreement_replication,64,32,physical_delete_median_aor_69,median_aor,69,11,12,0.002876433986133049,0.0037019132159258872,0.6992780456499171,0.7190639111277395,0.7770128088790496,0.0026556889010172628,0.012457635321651265,0.1925581954959212,0.9815021658281575,0.21317760814539963,0.012457635321651265,55.043961344130174,4.82466893037389e-05,8.785189129412174e-05,0.00012993620475754142,2.422856569290161,0.3683493137359619,0.00012993620475754142,19.135242462158203,19.573345184326172,7.891721725463867,6.871405601501465,7.319460868835449,1.1741032600402832,1256.0,-0.25537971981348095,-0.9731007896225278,-0.2665176908502957,-0.2651971217672036,-1.0286478261808019,-0.06422460078829736,69.0,0.9191331731862216,,,,
synthetic_niah_133,niah_single_1,disagreement_replication,64,32,physical_delete_median_aor_69,median_aor,69,12,13,0.0010424185187166933,0.0015751384411979996,0.5018233297214296,0.8796386957942595,0.6617948565358251,0.0008738974972070649,0.011780638098587318,0.015472036714365454,1.0016023853509424,0.07418082873727008,0.011780638098587318,57.39847149795267,1.5225100501817993e-05,2.8704444048344158e-05,4.1533141484251246e-05,1.5362673997879028,0.6311917901039124,4.1533141484251246e-05,18.611953735351562,18.491683959960938,7.02222204208374,8.204078674316406,8.664098739624023,1.3399546146392822,1256.0,-0.25537971981348095,-0.9731007896225278,-0.2665176908502957,-0.2651971217672036,-1.0286478261808019,-0.06422460078829736,69.0,0.9191331731862216,,,,
synthetic_niah_133,niah_single_1,disagreement_replication,64,32,physical_delete_median_aor_69,median_aor,69,13,14,0.0011312135538311884,0.0014382557643751594,0.6523901561390649,0.7696604904991838,0.7865176569082876,0.0009963508348593882,0.011615484540928858,0.14264999257840513,0.9914057820498893,0.08577781076188432,0.011615484540928858,57.79550201630712,1.7239245271686813e-05,2.5103683583438396e-05,3.3175474527524784e-05,2.102073907852173,0.4139859974384308,3.3175474527524784e-05,19.243730545043945,19.95514488220215,6.118988037109375,6.990476608276367,7.886355876922607,2.4690704345703125,1256.0,-0.25537971981348095,-0.9731007896225278,-0.2665176908502957,-0.2651971217672036,-1.0286478261808019,-0.06422460078829736,69.0,0.9191331731862216,,,,
synthetic_niah_133,niah_single_1,disagreement_replication,64,32,physical_delete_median_aor_69,median_aor,69,14,15,0.00016733647116825916,0.0009382939788897254,0.23641517242961202,0.9733860759676405,0.17834119682433308,0.00013598681734980044,0.011383658877075724,-0.01089288560167916,1.0002014548192957,0.011945791666653773,0.011383658877075724,57.243178450033355,2.3755986482913615e-06,3.9505234781245235e-06,6.467462299042381e-06,1.04244065284729,0.7370651364326477,6.467462299042381e-06,21.043560028076172,20.127763748168945,12.01481819152832,9.640289306640625,9.913057327270508,2.824272871017456,1256.0,-0.25537971981348095,-0.9731007896225278,-0.2665176908502957,-0.2651971217672036,-1.0286478261808019,-0.06422460078829736,69.0,0.9191331731862216,2.424803453948232e-14,1.2809781418652565e-10,2.5382770760743578e-14,1.2812657740962585e-10
synthetic_niah_133,niah_single_1,disagreement_replication,64,32,physical_delete_median_aor_69,median_aor,69,15,16,0.002048525769096368,0.002754494598932569,0.6758179765447442,0.7401881062935085,0.7437029536707821,0.001864986878486598,0.011053744352139792,0.21786962944108682,0.9772146736340945,0.16871992141971082,0.011053744352139792,59.20871359275409,3.149852049335579e-05,6.311701872618869e-05,8.073914796113968e-05,2.0636355876922607,0.4981137216091156,8.073914796113968e-05,55.26361846923828,55.98111343383789,1388.4754638671875,7.6460371017456055,8.448561668395996,3.584336280822754,1256.0,-0.25537971981348095,-0.9731007896225278,-0.2665176908502957,-0.2651971217672036,-1.0286478261808019,-0.06422460078829736,69.0,0.9191331731862216,,,,
synthetic_niah_133,niah_single_1,disagreement_replication,64,32,physical_delete_median_aor_69,median_aor,69,16,17,0.008776506669659538,0.008560797730275384,0.9908959342441371,0.13893102891856018,1.0251972942452894,0.009058376984424011,0.01353893289517667,0.6036820692981013,0.7999015015006127,0.6690613695006284,0.01353893289517667,60.3710732060811,0.00015004498849146802,0.0001820188481360674,0.0002591188531368971,2.248870611190796,0.4799222946166992,0.0002591188531368971,19.61864471435547,18.625757217407227,6.864891529083252,10.49533462524414,9.167845726013184,3.306584358215332,1256.0,-0.25537971981348095,-0.9731007896225278,-0.2665176908502957,-0.2651971217672036,-1.0286478261808019,-0.06422460078829736,69.0,0.9191331731862216,,,,
synthetic_niah_133,niah_single_1,disagreement_replication,64,32,physical_delete_median_aor_69,median_aor,69,17,18,0.0005515153780888905,0.0023131289686152334,0.24042964535194433,0.9706686309293923,0.2384282872126486,0.0005190322356072494,0.013906836988955423,-0.0006912561940075613,1.0007220077172656,0.03732209099879837,0.013906836988955423,68.81758658770195,7.542145276277432e-06,8.888622687663883e-06,1.3883171959605534e-05,2.0828449726104736,0.453904390335083,1.3883171959605534e-05,16.96748161315918,17.181686401367188,7.527523517608643,8.826326370239258,9.698439598083496,4.968943119049072,1256.0,-0.25537971981348095,-0.9731007896225278,-0.2665176908502957,-0.2651971217672036,-1.0286478261808019,-0.06422460078829736,69.0,0.9191331731862216,,,,
synthetic_niah_133,niah_single_1,disagreement_replication,64,32,physical_delete_median_aor_69,median_aor,69,18,19,0.0013681241472707354,0.0026727443197424976,0.5304248230088187,0.8479347973645752,0.5118799195137924,0.0012548298646224898,0.014049933372590624,0.09816668990305173,0.9952093768321059,0.08931215766976378,0.014049933372590624,75.27296315625291,1.667039282109424e-05,2.466149271640461e-05,3.268700311309658e-05,2.0303046703338623,0.44935813546180725,3.268700311309658e-05,22.398597717285156,22.865230560302734,7.419678688049316,8.68513298034668,9.435843467712402,3.749824285507202,1256.0,-0.25537971981348095,-0.9731007896225278,-0.2665176908502957,-0.2651971217672036,-1.0286478261808019,-0.06422460078829736,69.0,0.9191331731862216,2.1395597810116455e-12,1.3978594861794037e-10,2.1380527231826177e-12,1.3981459668674982e-10
synthetic_niah_133,niah_single_1,disagreement_replication,64,32,physical_delete_median_aor_69,median_aor,69,19,20,0.0001834161305131334,0.0031137530345523873,0.11197053524650633,0.9951273953380116,0.05890516315129022,0.00017070062853181094,0.015497653613185983,0.011306263290471793,0.999936124695657,0.011014611165820126,0.015497653613185983,86.18567012760121,1.9806149709004066e-06,2.8245958674233407e-06,4.046627964271465e-06,1.234140396118164,0.6366717219352722,4.046627964271465e-06,19.997636795043945,19.593412399291992,8.544572830200195,9.041170120239258,10.084399223327637,2.819760799407959,1256.0,-0.25537971981348095,-0.9731007896225278,-0.2665176908502957,-0.2651971217672036,-1.0286478261808019,-0.06422460078829736,69.0,0.9191331731862216,,,,
synthetic_niah_133,niah_single_1,disagreement_replication,64,32,physical_delete_median_aor_69,median_aor,69,20,21,0.0038446841557833256,0.004855962780888565,0.8795365965484457,0.48386231846868333,0.7917449801952166,0.0037827713811281038,0.015871714193314495,0.1580462407439008,0.9906904323967238,0.23833414179808554,0.015871714193314495,93.43930679567929,4.048372693303224e-05,3.4047086955979466e-05,7.025936065474525e-05,2.064025402069092,0.5266789793968201,7.025936065474525e-05,21.60503387451172,19.1566104888916,7.382284641265869,8.211793899536133,10.974113464355469,5.508058547973633,1256.0,-0.25537971981348095,-0.9731007896225278,-0.2665176908502957,-0.2651971217672036,-1.0286478261808019,-0.06422460078829736,69.0,0.9191331731862216,,,,
synthetic_niah_133,niah_single_1,disagreement_replication,64,32,physical_delete_median_aor_69,median_aor,69,21,22,0.002674894706049705,0.0032523073409419807,0.7729420255971136,0.636406093681068,0.82246061815147,0.0027217938046416794,0.016290457117395483,0.09695389367288978,0.997756221486624,0.16707903191588522,0.016290457117395483,109.45940566635599,2.4865782781043035e-05,5.223453990765847e-05,5.230383976595476e-05,2.1480348110198975,0.502345621585846,5.230383976595476e-05,17.55145835876465,17.560226440429688,5.66832971572876,8.429729461669922,11.107402801513672,7.902377128601074,1256.0,-0.25537971981348095,-0.9731007896225278,-0.2665176908502957,-0.2651971217672036,-1.0286478261808019,-0.06422460078829736,69.0,0.9191331731862216,,,,
synthetic_niah_133,niah_single_1,disagreement_replication,64,32,physical_delete_median_aor_69,median_aor,69,22,23,0.001754130054393548,0.0022838300277074814,0.8056274388540352,0.593612130802632,0.7680650631230869,0.0016543298939362453,0.017372500726572072,0.13903440139253181,0.9912560364826738,0.09522692903997802,0.017372500726572072,126.33947422043482,1.3094323085829853e-05,2.8666567231994122e-05,4.1416053136345e-05,1.380212426185608,0.6223254799842834,4.1416053136345e-05,20.55758285522461,19.77787971496582,6.742712020874023,9.549707412719727,10.977496147155762,11.311753273010254,1256.0,-0.25537971981348095,-0.9731007896225278,-0.2665176908502957,-0.2651971217672036,-1.0286478261808019,-0.06422460078829736,69.0,0.9191331731862216,8.62180781558011e-13,1.368776622708287e-10,8.620660994189723e-13,1.369072592594801e-10
synthetic_niah_133,niah_single_1,disagreement_replication,64,32,physical_delete_median_aor_69,median_aor,69,23,24,0.0015005541864449657,0.0022790804271751084,0.7321239564790563,0.6851490642778324,0.6584033492424327,0.0013827217740522285,0.018121460953504778,0.022046791411095324,1.001228083302276,0.07630299662924271,0.018121460953504778,147.79172017105404,9.355881185034367e-06,2.5832303435890935e-05,2.7326475901645608e-05,1.4207690954208374,0.6363845467567444,2.7326475901645608e-05,19.531309127807617,18.62405014038086,8.651253700256348,12.218639373779297,13.64395809173584,14.433809280395508,1256.0,-0.25537971981348095,-0.9731007896225278,-0.2665176908502957,-0.2651971217672036,-1.0286478261808019,-0.06422460078829736,69.0,0.9191331731862216,,,,
synthetic_niah_133,niah_single_1,disagreement_replication,64,32,physical_delete_median_aor_69,median_aor,69,24,25,0.0009554945049551671,0.0026331613314720284,0.2840605608315815,0.9620397500850228,0.36286971616016117,0.0010029493259320912,0.019407372746144628,-0.03129378436335785,1.0029482266404186,0.05167877893886137,0.019407372746144628,177.16436628771237,5.661123322639926e-06,2.2527427063323557e-05,2.8122261937824078e-05,1.6729826927185059,0.5531049370765686,2.8122261937824078e-05,17.852066040039062,18.29132080078125,6.0780720710754395,8.909149169921875,15.742053031921387,76.08841705322266,1256.0,-0.25537971981348095,-0.9731007896225278,-0.2665176908502957,-0.2651971217672036,-1.0286478261808019,-0.06422460078829736,69.0,0.9191331731862216,,,,
synthetic_niah_133,niah_single_1,disagreement_replication,64,32,physical_delete_median_aor_69,median_aor,69,25,26,0.0013697606556426238,0.003597576654490453,-0.12072045451142008,1.1121576081460138,0.38074537034058875,0.0014331180233216096,0.019183366463865058,0.1253571411382467,0.9934037932751464,0.0747062840102188,0.019183366463865058,198.82615427092023,7.207894899827137e-06,2.405499435553793e-05,2.3493463231716305e-05,1.5769243240356445,0.5969547629356384,2.3493463231716305e-05,17.320770263671875,17.7334041595459,8.267784118652344,11.696534156799316,20.901975631713867,68.09579467773438,1256.0,-0.25537971981348095,-0.9731007896225278,-0.2665176908502957,-0.2651971217672036,-1.0286478261808019,-0.06422460078829736,69.0,0.9191331731862216,,,,
synthetic_niah_133,niah_single_1,disagreement_replication,64,32,physical_delete_median_aor_69,median_aor,69,26,27,0.0012572443661101563,0.0021792305294269024,0.7359368222944598,0.695473184907918,0.5769212339553579,0.001002653763904059,0.0208216872224312,-0.024052465130123178,1.0023149683550223,0.04815429956242452,0.0208216872224312,230.37303827520182,4.3523051630125945e-06,2.7059884814661928e-05,1.1810850992333144e-05,1.639954924583435,0.6503419876098633,1.1810850992333144e-05,17.313697814941406,17.52557945251465,8.870418548583984,12.777847290039062,25.82337188720703,177.8805389404297,1256.0,-0.25537971981348095,-0.9731007896225278,-0.2665176908502957,-0.2651971217672036,-1.0286478261808019,-0.06422460078829736,69.0,0.9191331731862216,1.1462510167428897e-13,1.2879199856418707e-10,1.157835923335928e-13,1.2881747014267922e-10
synthetic_niah_133,niah_single_1,disagreement_replication,64,32,physical_delete_median_aor_69,median_aor,69,27,28,0.002231970212630823,0.007220713335433884,0.1399073603908734,1.0045169566459895,0.3091066088551079,0.0025508511287246987,0.0220360213997692,0.15994629291727558,0.9881142480008637,0.1157582433983031,0.0220360213997692,188.10574473723503,1.3560729536931386e-05,4.0038103179540485e-05,2.429899359412957e-05,2.72510027885437,0.23060201108455658,2.429899359412957e-05,15.959403038024902,16.119165420532227,4.62019681930542,14.177428245544434,25.58631706237793,156.56048583984375,1256.0,-0.25537971981348095,-0.9731007896225278,-0.2665176908502957,-0.2651971217672036,-1.0286478261808019,-0.06422460078829736,69.0,0.9191331731862216,,,,
synthetic_niah_133,niah_single_1,disagreement_replication,64,32,physical_delete_high_age_95,high_age,95,0,1,0.0014245084043241134,0.0014243143212763292,0.9999350917068043,0.011395299192104616,1.000136264197365,0.0021983557893023326,0.0021995213016241665,0.999924718885673,0.012278568073872348,0.9994701063722488,0.0021995213016241665,21.01281278319425,0.00010461977708479592,0.00015332114708144218,0.0003540582547429949,1.411821961402893,0.6184832453727722,0.0003540582547429949,779.73486328125,778.855224609375,1842.2645263671875,3.1908457279205322,4.138799667358398,0.8867790699005127,1230.0,-0.2448452667045499,-0.5277629836162299,-0.26964199616544937,-0.2651968284343615,0.17042312836000864,0.2966190561841341,95.0,0.9833104706872606,6.662538703663016e-13,7.123180776447529e-13,6.670622007481557e-13,7.117954513355453e-13
synthetic_niah_133,niah_single_1,disagreement_replication,64,32,physical_delete_high_age_95,high_age,95,1,2,0.0206439071890828,0.020689103947604474,0.9996492249015557,0.026547880345737226,0.9978154318023567,0.02045169129575742,0.020371508953730043,0.9943812282555041,0.10628860067675118,1.0039360040637881,0.020371508953730043,26.214639425616646,0.0007801629831220284,0.0007660735864192247,0.002277231542393565,2.781566858291626,0.2578265368938446,0.002277231542393565,90.65534210205078,91.1212158203125,3907.772216796875,3.441288709640503,3.9774010181427,0.5203296542167664,1230.0,-0.2448452667045499,-0.5277629836162299,-0.26964199616544937,-0.2651968284343615,0.17042312836000864,0.2966190561841341,95.0,0.9833104706872606,,,,
synthetic_niah_133,niah_single_1,disagreement_replication,64,32,physical_delete_high_age_95,high_age,95,2,3,0.00015862070524220296,0.005232789822395668,-0.05702942055220233,1.0021857687853248,0.03031283705745771,0.00015744211578942643,0.020657284228325534,-0.02173465511291905,1.0001946790841423,0.00762162702750344,0.020657284228325534,31.697085291878896,4.96708496505717e-06,7.776729034958407e-06,6.648655926255742e-06,1.8960641622543335,0.5040650963783264,6.648655926255742e-06,30.040130615234375,27.404380798339844,49.29001998901367,6.183989524841309,5.931710720062256,1.3283287286758423,1230.0,-0.2448452667045499,-0.5277629836162299,-0.26964199616544937,-0.2651968284343615,0.17042312836000864,0.2966190561841341,95.0,0.9833104706872606,,,,
synthetic_niah_133,niah_single_1,disagreement_replication,64,32,physical_delete_high_age_95,high_age,95,3,4,0.0008750789459687322,0.004945770556303297,-0.17330070004320058,1.04529028309583,0.1769348043963462,0.0008097221141748147,0.022461463296060868,-0.041366359826433365,1.002138724446866,0.03604939284239857,0.022461463296060868,41.15118805320133,1.9676761534271738e-05,1.4873146028548945e-05,2.389507608313579e-05,1.7060331106185913,0.5560732483863831,2.389507608313579e-05,21.822959899902344,21.856807708740234,10.181211471557617,6.734614372253418,6.505712032318115,1.3591519594192505,1230.0,-0.2448452667045499,-0.5277629836162299,-0.26964199616544937,-0.2651968284343615,0.17042312836000864,0.2966190561841341,95.0,0.9833104706872606,,,,
synthetic_niah_133,niah_single_1,disagreement_replication,64,32,physical_delete_high_age_95,high_age,95,4,5,0.0008789647645092043,0.004345132725899047,0.15553835498842072,0.9889354252532326,0.20228720730903302,0.0007979496758635566,0.02196487099914489,0.22820566781321655,0.9923401839224297,0.03632844808852378,0.02196487099914489,43.26108336467255,1.844497672740139e-05,2.184343793487642e-05,3.334290158818476e-05,1.903607726097107,0.48894813656806946,3.334290158818476e-05,18.704326629638672,18.92776870727539,7.425734996795654,5.834247589111328,6.842994689941406,1.9614254236221313,1230.0,-0.2448452667045499,-0.5277629836162299,-0.26964199616544937,-0.2651968284343615,0.17042312836000864,0.2966190561841341,95.0,0.9833104706872606,2.5347457928905986e-13,1.0945464474616369e-10,2.5583407929776355e-13,1.0947560032668257e-10
synthetic_niah_133,niah_single_1,disagreement_replication,64,32,physical_delete_high_age_95,high_age,95,5,6,0.006127882987558327,0.006905926040909732,0.5466043544188206,0.904058817583339,0.8873368975076785,0.0046861234984766345,0.018532718902664395,0.22199607669466925,0.9755358140605235,0.25285677309889615,0.018532718902664395,44.718926946456186,0.00010479060698588594,6.863037560833618e-05,0.00013885674707125872,1.6614059209823608,0.5278093218803406,0.00013885674707125872,17.286388397216797,17.87806510925293,5.498664855957031,7.476709842681885,7.743190765380859,1.431121826171875,1230.0,-0.2448452667045499,-0.5277629836162299,-0.26964199616544937,-0.2651968284343615,0.17042312836000864,0.2966190561841341,95.0,0.9833104706872606,,,,
synthetic_niah_133,niah_single_1,disagreement_replication,64,32,physical_delete_high_age_95,high_age,95,6,7,0.006829220436555032,0.007386753667271143,0.889748946269983,0.45777288808763367,0.9245225635198313,0.0057018160100257495,0.018700116539074267,0.42889388763449693,0.9118237339868746,0.30490804686225836,0.018700116539074267,47.64017265242784,0.0001196850408503961,0.00018630684644449502,0.00039242784259840846,1.2843621969223022,0.6511123180389404,0.00039242784259840846,17.108108520507812,19.825233459472656,7.186324596405029,6.883460998535156,6.853833198547363,1.1486907005310059,1230.0,-0.2448452667045499,-0.5277629836162299,-0.26964199616544937,-0.2651968284343615,0.17042312836000864,0.2966190561841341,95.0,0.9833104706872606,,,,
synthetic_niah_133,niah_single_1,disagreement_replication,64,32,physical_delete_high_age_95,high_age,95,7,8,0.010509198810014369,0.010573028382505264,0.7707714789091855,0.6750746432336352,0.9939629810701623,0.00994676620502619,0.018472844478332088,0.5153693995168247,0.8572789825020487,0.5384534155902926,0.018472844478332088,50.64912869100604,0.0001963857318396965,0.00041897688060998917,0.0006993067217990756,2.3671629428863525,0.33941546082496643,0.0006993067217990756,32.69118881225586,33.45863723754883,195.766357421875,4.593262195587158,6.135419845581055,1.3554710149765015,1230.0,-0.2448452667045499,-0.5277629836162299,-0.26964199616544937,-0.2651968284343615,0.17042312836000864,0.2966190561841341,95.0,0.9833104706872606,9.079929646250702e-11,2.984899151060148e-11,9.078263006103498e-11,2.984739461946274e-11
synthetic_niah_133,niah_single_1,disagreement_replication,64,32,physical_delete_high_age_95,high_age,95,8,9,0.0018808851267904671,0.0029670075951092616,0.5038724373301955,0.8735149760519576,0.6339333710809738,0.0016204733039171275,0.016271999895698695,0.1339672629119794,0.9915819692682023,0.09958660977778644,0.016271999895698695,54.29036755691034,2.9848265481320466e-05,3.3973708923440427e-05,4.9370850319974124e-05,1.499826431274414,0.6087373495101929,4.9370850319974124e-05,25.10891342163086,21.168249130249023,13.13172721862793,10.275201797485352,8.248403549194336,3.0836923122406006,1230.0,-0.2448452667045499,-0.5277629836162299,-0.26964199616544937,-0.2651968284343615,0.17042312836000864,0.2966190561841341,95.0,0.9833104706872606,,,,
synthetic_niah_133,niah_single_1,disagreement_replication,64,32,physical_delete_high_age_95,high_age,95,9,10,0.007548451312940527,0.00790593630635498,0.9402798714730911,0.34071116169847865,0.9547827126905768,0.006087133707178485,0.016225308125685105,0.3990838769844522,0.9172264017688536,0.3751629035347801,0.016225308125685105,54.19109960427943,0.00011232718567492933,0.00016256023081950843,0.0002581922453828156,1.895373821258545,0.5506073236465454,0.0002581922453828156,18.177650451660156,19.857507705688477,6.858511447906494,8.243757247924805,7.541752815246582,2.8089284896850586,1230.0,-0.2448452667045499,-0.5277629836162299,-0.26964199616544937,-0.2651968284343615,0.17042312836000864,0.2966190561841341,95.0,0.9833104706872606,,,,
synthetic_niah_133,niah_single_1,disagreement_replication,64,32,physical_delete_high_age_95,high_age,95,10,11,0.013360771128468951,0.013346147994768073,0.9315490995006567,0.37020670219812535,1.0010956819680563,0.01191832269715822,0.018666419412580293,0.6356878365210467,0.7719513111520793,0.6384900303443214,0.018666419412580293,50.300928209744924,0.00023694041285801272,0.00023913824406918138,0.0002721364435274154,2.110436201095581,0.4786365032196045,0.0002721364435274154,18.50423812866211,20.039325714111328,11.172109603881836,9.281012535095215,8.528508186340332,3.9402594566345215,1230.0,-0.2448452667045499,-0.5277629836162299,-0.26964199616544937,-0.2651968284343615,0.17042312836000864,0.2966190561841341,95.0,0.9833104706872606,1.664726396870717e-10,1.3041080101540103e-10,1.664194301158557e-10,1.3037957722537616e-10
synthetic_niah_133,niah_single_1,disagreement_replication,64,32,physical_delete_high_age_95,high_age,95,11,12,0.004657715190053857,0.00636520672031237,0.6353450787737918,0.77822219685228,0.7317460994927878,0.003849296276559495,0.016860941943961094,0.19818620679697146,0.9806267716144981,0.22829663309161424,0.016860941943961094,55.043961344130174,6.993130913115103e-05,0.00013917301839683205,0.00021159768220968544,2.422856569290161,0.3683493137359619,0.00021159768220968544,18.713645935058594,19.573345184326172,7.891721725463867,7.454854965209961,7.319460868835449,1.1741032600402832,1230.0,-0.2448452667045499,-0.5277629836162299,-0.26964199616544937,-0.2651968284343615,0.17042312836000864,0.2966190561841341,95.0,0.9833104706872606,,,,
synthetic_niah_133,niah_single_1,disagreement_replication,64,32,physical_delete_high_age_95,high_age,95,12,13,0.001347878438860283,0.0023616510028158506,0.5171724888089573,0.8575556133009375,0.5707356579160836,0.0011249263343444346,0.015979631239605357,0.06419163353784292,0.9979568864194134,0.0703975152790958,0.015979631239605357,57.39847149795267,1.9598541650792203e-05,2.8424887204892002e-05,4.39132381870877e-05,1.5362673997879028,0.6311917901039124,4.39132381870877e-05,20.051952362060547,18.491683959960938,7.02222204208374,9.788440704345703,8.664098739624023,1.3399546146392822,1230.0,-0.2448452667045499,-0.5277629836162299,-0.26964199616544937,-0.2651968284343615,0.17042312836000864,0.2966190561841341,95.0,0.9833104706872606,,,,
synthetic_niah_133,niah_single_1,disagreement_replication,64,32,physical_delete_high_age_95,high_age,95,13,14,0.0009585238283815754,0.0018068053353305312,0.5840161220520312,0.8135037424845925,0.5305075259843784,0.0009079976224890226,0.015315202628014774,0.08216575288551738,0.9968812420933306,0.059287339811495615,0.015315202628014774,57.79550201630712,1.5710524016779527e-05,1.636097840673756e-05,2.065723128907848e-05,2.102073907852173,0.4139859974384308,2.065723128907848e-05,21.14990997314453,19.95514488220215,6.118988037109375,8.795851707458496,7.886355876922607,2.4690704345703125,1230.0,-0.2448452667045499,-0.5277629836162299,-0.26964199616544937,-0.2651968284343615,0.17042312836000864,0.2966190561841341,95.0,0.9833104706872606,,,,
synthetic_niah_133,niah_single_1,disagreement_replication,64,32,physical_delete_high_age_95,high_age,95,14,15,0.00077103592165733,0.001760044499404388,0.4169012491491619,0.9091984286826359,0.43807751560727826,0.0006685123544812492,0.014868863665038475,0.053835357147389865,0.9985892631325751,0.044960554454012425,0.014868863665038475,57.243178450033355,1.1678463226230227e-05,8.898915439203847e-06,1.821435034798924e-05,1.04244065284729,0.7370651364326477,1.821435034798924e-05,23.046329498291016,20.127763748168945,12.01481819152832,12.259431838989258,9.913057327270508,2.824272871017456,1230.0,-0.2448452667045499,-0.5277629836162299,-0.26964199616544937,-0.2651968284343615,0.17042312836000864,0.2966190561841341,95.0,0.9833104706872606,2.294037309543881e-13,1.0026284876576991e-10,2.307083808941501e-13,1.0024844291181227e-10
synthetic_niah_133,niah_single_1,disagreement_replication,64,32,physical_delete_high_age_95,high_age,95,15,16,0.0030748719896133256,0.0039715394415365075,0.6827132194138281,0.7363948549619176,0.7742267286721747,0.002814200781078838,0.014059282657075869,0.2763969973228319,0.964062110006186,0.20016674034663387,0.014059282657075869,59.20871359275409,4.7530179433306206e-05,7.060256757540628e-05,6.918230064911768e-05,2.0636355876922607,0.4981137216091156,6.918230064911768e-05,54.69827651977539,55.98111343383789,1388.4754638671875,10.038311004638672,8.448561668395996,3.584336280822754,1230.0,-0.2448452667045499,-0.5277629836162299,-0.26964199616544937,-0.2651968284343615,0.17042312836000864,0.2966190561841341,95.0,0.9833104706872606,,,,
synthetic_niah_133,niah_single_1,disagreement_replication,64,32,physical_delete_high_age_95,high_age,95,16,17,0.0023244635111746123,0.002631205722684941,0.7984209650826631,0.6080699308821051,0.8834214258255253,0.0019920800091102176,0.014041743584906572,0.26080248416522034,0.9726907912171269,0.14186842232694652,0.014041743584906572,60.3710732060811,3.299726016647254e-05,7.16140930308029e-05,6.568657408934087e-05,2.248870611190796,0.4799222946166992,6.568657408934087e-05,20.44622039794922,18.625757217407227,6.864891529083252,12.276296615600586,9.167845726013184,3.306584358215332,1230.0,-0.2448452667045499,-0.5277629836162299,-0.26964199616544937,-0.2651968284343615,0.17042312836000864,0.2966190561841341,95.0,0.9833104706872606,,,,
synthetic_niah_133,niah_single_1,disagreement_replication,64,32,physical_delete_high_age_95,high_age,95,17,18,0.002093920225362277,0.002636079765032518,0.7822440227226973,0.6230893893652946,0.7943311325924338,0.0017379346570319122,0.01402306331272566,0.19487705150204737,0.983389977593423,0.12393402342088622,0.01402306331272566,68.81758658770195,2.5254222695198232e-05,3.539031240507029e-05,4.922966763842851e-05,2.0828449726104736,0.453904390335083,4.922966763842851e-05,18.171056747436523,17.181686401367188,7.527523517608643,10.439921379089355,9.698439598083496,4.968943119049072,1230.0,-0.2448452667045499,-0.5277629836162299,-0.26964199616544937,-0.2651968284343615,0.17042312836000864,0.2966190561841341,95.0,0.9833104706872606,,,,
synthetic_niah_133,niah_single_1,disagreement_replication,64,32,physical_delete_high_age_95,high_age,95,18,19,0.0025184713035521496,0.0032190527077092424,0.7672979160616787,0.6414677686194624,0.7823641090190027,0.002290085692671925,0.014055667484584899,0.07770537286819709,1.0006123430362839,0.16292970043461136,0.014055667484584899,75.27296315625291,3.042374840376784e-05,2.3440383301931433e-05,5.1991599320899695e-05,2.0303046703338623,0.44935813546180725,5.1991599320899695e-05,23.028339385986328,22.865230560302734,7.419678688049316,9.547978401184082,9.435843467712402,3.749824285507202,1230.0,-0.2448452667045499,-0.5277629836162299,-0.26964199616544937,-0.2651968284343615,0.17042312836000864,0.2966190561841341,95.0,0.9833104706872606,7.509764780361829e-12,1.4430215950122882e-10,7.508456706003161e-12,1.442761583191461e-10
synthetic_niah_133,niah_single_1,disagreement_replication,64,32,physical_delete_high_age_95,high_age,95,19,20,0.00017328407302959968,0.002382733792663475,-0.0665630221577276,1.0074574377608507,0.07272489841842497,0.00015301202834823704,0.01618003607186972,0.018945294254535176,0.9998655442463038,0.009456840990253453,0.01618003607186972,86.18567012760121,1.7753766736592849e-06,2.842299409167026e-06,4.4572002479981165e-06,1.234140396118164,0.6366717219352722,4.4572002479981165e-06,20.71072006225586,19.593412399291992,8.544572830200195,8.837669372558594,10.084399223327637,2.819760799407959,1230.0,-0.2448452667045499,-0.5277629836162299,-0.26964199616544937,-0.2651968284343615,0.17042312836000864,0.2966190561841341,95.0,0.9833104706872606,,,,
synthetic_niah_133,niah_single_1,disagreement_replication,64,32,physical_delete_high_age_95,high_age,95,20,21,0.005394600097660325,0.004886614241106284,0.868668906073696,0.5484283661530199,1.1039545647538238,0.005406798785302938,0.017207177424563094,0.23341745172461692,0.9757279152670852,0.31421764603791325,0.017207177424563094,93.43930679567929,5.786428614165354e-05,4.600794636644423e-05,8.262363553512841e-05,2.064025402069092,0.5266789793968201,8.262363553512841e-05,19.451398849487305,19.1566104888916,7.382284641265869,10.094315528869629,10.974113464355469,5.508058547973633,1230.0,-0.2448452667045499,-0.5277629836162299,-0.26964199616544937,-0.2651968284343615,0.17042312836000864,0.2966190561841341,95.0,0.9833104706872606,,,,
synthetic_niah_133,niah_single_1,disagreement_replication,64,32,physical_delete_high_age_95,high_age,95,21,22,0.0022066665416445056,0.003011162309463141,0.6824529326520469,0.7326634461985853,0.7328288264998679,0.0020030017743727243,0.017751438145569492,0.13526206342664424,0.991063621194726,0.11283602815429607,0.017751438145569492,109.45940566635599,1.8299037548934704e-05,4.176583024673164e-05,4.5327062252908945e-05,2.1480348110198975,0.502345621585846,4.5327062252908945e-05,18.112720489501953,17.560226440429688,5.66832971572876,9.580936431884766,11.107402801513672,7.902377128601074,1230.0,-0.2448452667045499,-0.5277629836162299,-0.26964199616544937,-0.2651968284343615,0.17042312836000864,0.2966190561841341,95.0,0.9833104706872606,,,,
synthetic_niah_133,niah_single_1,disagreement_replication,64,32,physical_delete_high_age_95,high_age,95,22,23,0.0019145934231823327,0.0021518295943119123,0.85756561812193,0.5153805739841523,0.8897514135149535,0.0018220808766081407,0.018501559042268804,0.10334006559041807,0.9946579443285065,0.09848255881817315,0.018501559042268804,126.33947422043482,1.4422102734328362e-05,3.8270467484835535e-05,6.284979463089257e-05,1.380212426185608,0.6223254799842834,6.284979463089257e-05,19.526878356933594,19.77787971496582,6.742712020874023,8.919548034667969,10.977496147155762,11.311753273010254,1230.0,-0.2448452667045499,-0.5277629836162299,-0.26964199616544937,-0.2651968284343615,0.17042312836000864,0.2966190561841341,95.0,0.9833104706872606,1.0558841504089614e-12,1.7762064078933297e-10,1.0577218909665095e-12,1.775919322021052e-10
synthetic_niah_133,niah_single_1,disagreement_replication,64,32,physical_delete_high_age_95,high_age,95,23,24,0.0013745077108163746,0.0020429056047174686,0.5725917996746117,0.8259445013694883,0.6728199813257977,0.0013839588571948802,0.0195830481990376,0.07950545107150991,0.9968735757515783,0.07067126849347663,0.0195830481990376,147.79172017105404,9.36425163461855e-06,2.479151044099126e-05,2.962058897537645e-05,1.4207690954208374,0.6363845467567444,2.962058897537645e-05,18.415111541748047,18.62405014038086,8.651253700256348,10.909497261047363,13.64395809173584,14.433809280395508,1230.0,-0.2448452667045499,-0.5277629836162299,-0.26964199616544937,-0.2651968284343615,0.17042312836000864,0.2966190561841341,95.0,0.9833104706872606,,,,
synthetic_niah_133,niah_single_1,disagreement_replication,64,32,physical_delete_high_age_95,high_age,95,24,25,0.001489346114157154,0.003357009146530984,0.30254023836731625,0.9635258824505155,0.44365268283412096,0.0015793257335459474,0.0208365805993083,0.044259992821885,0.9995176644236247,0.07579582100905632,0.0208365805993083,177.16436628771237,8.914466078247051e-06,3.808716428466141e-05,2.0557896277750842e-05,1.6729826927185059,0.5531049370765686,2.0557896277750842e-05,18.352245330810547,18.29132080078125,6.0780720710754395,9.766672134399414,15.742053031921387,76.08841705322266,1230.0,-0.2448452667045499,-0.5277629836162299,-0.26964199616544937,-0.2651968284343615,0.17042312836000864,0.2966190561841341,95.0,0.9833104706872606,,,,
synthetic_niah_133,niah_single_1,disagreement_replication,64,32,physical_delete_high_age_95,high_age,95,25,26,0.0016789160588831357,0.0060314369547992295,0.07073531600193429,1.0188743235428037,0.27836087344778065,0.0017192809960852218,0.020257022004987905,0.06575836864993795,0.9980186465471836,0.08487333407950495,0.020257022004987905,198.82615427092023,8.647157122711996e-06,2.8604021281353198e-05,1.6036099623306654e-05,1.5769243240356445,0.5969547629356384,1.6036099623306654e-05,17.615055084228516,17.7334041595459,8.267784118652344,12.625165939331055,20.901975631713867,68.09579467773438,1230.0,-0.2448452667045499,-0.5277629836162299,-0.26964199616544937,-0.2651968284343615,0.17042312836000864,0.2966190561841341,95.0,0.9833104706872606,,,,
synthetic_niah_133,niah_single_1,disagreement_replication,64,32,physical_delete_high_age_95,high_age,95,26,27,0.010648469779384485,0.009695767769494618,0.9913692300673426,0.1691525798955792,1.0982595739233063,0.0073095727125538044,0.022851684324876314,0.3497700095980976,0.9373126155776687,0.3198701946270373,0.022851684324876314,230.37303827520182,3.172928901437609e-05,0.00016796926502138376,0.00010316789121134207,1.639954924583435,0.6503419876098633,0.00010316789121134207,17.722370147705078,17.52557945251465,8.870418548583984,11.777603149414062,25.82337188720703,177.8805389404297,1230.0,-0.2448452667045499,-0.5277629836162299,-0.26964199616544937,-0.2651968284343615,0.17042312836000864,0.2966190561841341,95.0,0.9833104706872606,3.294354144029737e-12,1.931215064327631e-10,3.293774511775913e-12,1.9309702905999538e-10
synthetic_niah_133,niah_single_1,disagreement_replication,64,32,physical_delete_high_age_95,high_age,95,27,28,0.015522353127649784,0.01632411025824858,0.9198135037432136,0.3935842503096516,0.9508850946290522,0.015752821846142188,0.028011610419308632,0.5436569938227402,0.83951602693482,0.562367590093415,0.028011610419308632,188.10574473723503,8.374450162671697e-05,0.0004993228940293193,0.00025263798306696117,2.72510027885437,0.23060201108455658,0.00025263798306696117,16.01202964782715,16.119165420532227,4.62019681930542,11.511102676391602,25.58631706237793,156.56048583984375,1230.0,-0.2448452667045499,-0.5277629836162299,-0.26964199616544937,-0.2651968284343615,0.17042312836000864,0.2966190561841341,95.0,0.9833104706872606,,,,
synthetic_niah_133,niah_single_1,disagreement_replication,64,32,physical_delete_median_aov_52,median_aov,52,0,1,0.009584590239514896,0.009584718242159855,0.9999985922622527,0.0016779798117372785,0.9999866451322068,0.014998366911391376,0.014997818351101068,0.9999983947830388,0.0017921744198963262,1.0000365760057541,0.014997818351101068,21.01281278319425,0.0007137724523671033,0.0002543425071053207,0.0007113126921467483,1.411821961402893,0.6184832453727722,0.0007113126921467483,778.5771484375,778.855224609375,1842.2645263671875,4.936966896057129,4.138799667358398,0.8867790699005127,1273.0,-0.27985829879986823,0.6952433611077021,-0.26692736738866474,-0.271650388259699,-0.7860055351588321,0.0945259236471955,52.0,0.23042440288017585,1.4739353945041985e-11,1.4641995544175405e-11,1.4740263319948636e-11,1.4642409534002887e-11
synthetic_niah_133,niah_single_1,disagreement_replication,64,32,physical_delete_median_aov_52,median_aov,52,1,2,0.009089867838853705,0.009510687680962176,0.9485888286300176,0.3165921017340906,0.9557529532852983,0.009784052109984216,0.017866607900998865,0.6115688953961765,0.7937716137791452,0.5476166580807552,0.017866607900998865,26.214639425616646,0.0003732285594751821,0.00033740836079232395,0.0008644624031148851,2.781566858291626,0.2578265368938446,0.0008644624031148851,91.4329605102539,91.1212158203125,3907.772216796875,4.411848068237305,3.9774010181427,0.5203296542167664,1273.0,-0.27985829879986823,0.6952433611077021,-0.26692736738866474,-0.271650388259699,-0.7860055351588321,0.0945259236471955,52.0,0.23042440288017585,,,,
synthetic_niah_133,niah_single_1,disagreement_replication,64,32,physical_delete_median_aov_52,median_aov,52,2,3,0.001091307535793163,0.004014092722177426,0.22307876353161946,0.9760206741468175,0.2718690402351215,0.001004750373068612,0.01742469429242568,0.16452446041378632,0.99214474424339,0.05766243907678575,0.01742469429242568,31.697085291878896,3.169850993605519e-05,4.102574530406855e-05,4.7642992285545915e-05,1.8960641622543335,0.5040650963783264,4.7642992285545915e-05,27.0201358795166,27.404380798339844,49.29001998901367,5.493175506591797,5.931710720062256,1.3283287286758423,1273.0,-0.27985829879986823,0.6952433611077021,-0.26692736738866474,-0.271650388259699,-0.7860055351588321,0.0945259236471955,52.0,0.23042440288017585,,,,
synthetic_niah_133,niah_single_1,disagreement_replication,64,32,physical_delete_median_aov_52,median_aov,52,3,4,0.006962712244552227,0.007892140275283342,0.8441225684085112,0.537503068918059,0.8822337162908895,0.006561969083318442,0.018574040519147586,0.4304404992668254,0.9059103830798656,0.35328710931549046,0.018574040519147586,41.15118805320133,0.00015946001546382957,0.00011202398309251294,0.00017064539133571088,1.7060331106185913,0.5560732483863831,0.00017064539133571088,21.615161895751953,21.856807708740234,10.181211471557617,8.262857437133789,6.505712032318115,1.3591519594192505,1273.0,-0.27985829879986823,0.6952433611077021,-0.26692736738866474,-0.271650388259699,-0.7860055351588321,0.0945259236471955,52.0,0.23042440288017585,,,,
synthetic_niah_133,niah_single_1,disagreement_replication,64,32,physical_delete_median_aov_52,median_aov,52,4,5,0.0016362272460522353,0.00555779117532606,0.20070485317982137,0.9841223493241636,0.2944024333473167,0.001490578324917244,0.01741481787252531,0.11002509276609308,0.9942290626785648,0.08559253021352994,0.01741481787252531,43.26108336467255,3.445540908793943e-05,3.131139965262264e-05,3.882882811012678e-05,1.903607726097107,0.48894813656806946,3.882882811012678e-05,21.294952392578125,18.92776870727539,7.425734996795654,7.846585750579834,6.842994689941406,1.9614254236221313,1273.0,-0.27985829879986823,0.6952433611077021,-0.26692736738866474,-0.271650388259699,-0.7860055351588321,0.0945259236471955,52.0,0.23042440288017585,3.057094208971494e-13,6.862788047236776e-11,3.0423052400744295e-13,6.861833429106246e-11
synthetic_niah_133,niah_single_1,disagreement_replication,64,32,physical_delete_median_aov_52,median_aov,52,5,6,0.001453132731053051,0.005503225503723371,0.38866870957417193,0.9297667361078594,0.26405109695575635,0.001281129627568556,0.014482431537865765,0.19393314602015668,0.9866682924702073,0.08846094830270142,0.014482431537865765,44.718926946456186,2.8648487677320728e-05,3.217692210455425e-05,4.135496783419512e-05,1.6614059209823608,0.5278093218803406,4.135496783419512e-05,19.467758178710938,17.87806510925293,5.498664855957031,8.155988693237305,7.743190765380859,1.431121826171875,1273.0,-0.27985829879986823,0.6952433611077021,-0.26692736738866474,-0.271650388259699,-0.7860055351588321,0.0945259236471955,52.0,0.23042440288017585,,,,
synthetic_niah_133,niah_single_1,disagreement_replication,64,32,physical_delete_median_aov_52,median_aov,52,6,7,0.002513412292809951,0.003555218469377221,0.6998930412816372,0.7142826698834419,0.7069642314415163,0.00251047575091128,0.013296512092581182,0.18987356943287673,0.9818091286038806,0.18880708966616933,0.013296512092581182,47.64017265242784,5.269661319716777e-05,4.6072123950580135e-05,8.28678603284061e-05,1.2843621969223022,0.6511123180389404,8.28678603284061e-05,21.89562225341797,19.825233459472656,7.186324596405029,8.018152236938477,6.853833198547363,1.1486907005310059,1273.0,-0.27985829879986823,0.6952433611077021,-0.26692736738866474,-0.271650388259699,-0.7860055351588321,0.0945259236471955,52.0,0.23042440288017585,,,,
synthetic_niah_133,niah_single_1,disagreement_replication,64,32,physical_delete_median_aov_52,median_aov,52,7,8,0.01567462570807513,0.0157250422063599,0.9876587277200787,0.15688750243145133,0.9967938719894578,0.016102625668275364,0.02020189553483408,0.810645896819672,0.5856937176471746,0.7970848894109785,0.02020189553483408,50.64912869100604,0.00031792502821741076,0.000341455772286281,0.0005932993954047561,2.3671629428863525,0.33941546082496643,0.0005932993954047561,34.50984191894531,33.45863723754883,195.766357421875,7.030093193054199,6.135419845581055,1.3554710149765015,1273.0,-0.27985829879986823,0.6952433611077021,-0.26692736738866474,-0.271650388259699,-0.7860055351588321,0.0945259236471955,52.0,0.23042440288017585,1.7693514851571757e-10,1.6557874633581175e-10,1.7697140676691276e-10,1.6559080861653276e-10
synthetic_niah_133,niah_single_1,disagreement_replication,64,32,physical_delete_median_aov_52,median_aov,52,8,9,0.012967300525344966,0.012120013756777884,0.9081558370174527,0.44879478665063965,1.069908069872714,0.012837162795291079,0.02322050681805353,0.6333636662518201,0.7780327489613772,0.5528373215915517,0.02322050681805353,54.29036755691034,0.00023645378311050138,0.0002406037092441693,0.0004895254387520254,1.499826431274414,0.6087373495101929,0.0004895254387520254,21.00137710571289,21.168249130249023,13.13172721862793,9.011409759521484,8.248403549194336,3.0836923122406006,1273.0,-0.27985829879986823,0.6952433611077021,-0.26692736738866474,-0.271650388259699,-0.7860055351588321,0.0945259236471955,52.0,0.23042440288017585,,,,
synthetic_niah_133,niah_single_1,disagreement_replication,64,32,physical_delete_median_aov_52,median_aov,52,9,10,0.017787316646754134,0.01778526067691886,0.929839751624078,0.3746154443090289,1.0001155996458317,0.020364865425323134,0.028855721880174413,0.6397475527275142,0.7714137126188042,0.7057479105838971,0.028855721880174413,54.19109960427943,0.00037579723559835157,0.0003021923766937107,0.0006609248812310398,1.895373821258545,0.5506073236465454,0.0006609248812310398,22.122299194335938,19.857507705688477,6.858511447906494,7.65231466293335,7.541752815246582,2.8089284896850586,1273.0,-0.27985829879986823,0.6952433611077021,-0.26692736738866474,-0.271650388259699,-0.7860055351588321,0.0945259236471955,52.0,0.23042440288017585,,,,
synthetic_niah_133,niah_single_1,disagreement_replication,64,32,physical_delete_median_aov_52,median_aov,52,10,11,0.007673532484014086,0.014037856519886682,0.48584393415210014,0.8761568248756015,0.5466313516699222,0.006419575721893446,0.02456467304794318,0.2683719540569311,0.9633410776921986,0.26133365216643756,0.02456467304794318,50.300928209744924,0.00012762340478340847,5.6125474657164887e-05,0.00016597268404439092,2.110436201095581,0.4786365032196045,0.00016597268404439092,22.746623992919922,20.039325714111328,11.172109603881836,8.900398254394531,8.528508186340332,3.9402594566345215,1273.0,-0.27985829879986823,0.6952433611077021,-0.26692736738866474,-0.271650388259699,-0.7860055351588321,0.0945259236471955,52.0,0.23042440288017585,3.45428200872472e-11,4.25749298993362e-10,3.4540162619446294e-11,4.2565639101811965e-10
synthetic_niah_133,niah_single_1,disagreement_replication,64,32,physical_delete_median_aov_52,median_aov,52,11,12,0.0003661107566210729,0.008607913542076882,0.04190292256090962,0.9991218847917871,0.04253188125455303,0.0003459932706996461,0.023581989166427633,-0.08888991710607089,1.0014108240904525,0.014671928998772397,0.023581989166427633,55.043961344130174,6.285762547802937e-06,1.2753502232953906e-05,1.911956314870622e-05,2.422856569290161,0.3683493137359619,1.911956314870622e-05,21.520401000976562,19.573345184326172,7.891721725463867,6.932103157043457,7.319460868835449,1.1741032600402832,1273.0,-0.27985829879986823,0.6952433611077021,-0.26692736738866474,-0.271650388259699,-0.7860055351588321,0.0945259236471955,52.0,0.23042440288017585,,,,
synthetic_niah_133,niah_single_1,disagreement_replication,64,32,physical_delete_median_aov_52,median_aov,52,12,13,0.00031350307839422234,0.003260357313940424,0.21096168060520906,0.9842131386600937,0.09615604923232378,0.0002551893634161855,0.02249761283892657,0.034802420406404536,0.9996695144637767,0.01134295292763876,0.02249761283892657,57.39847149795267,4.445926115389462e-06,9.020027391670737e-06,9.084225894184783e-06,1.5362673997879028,0.6311917901039124,9.084225894184783e-06,20.61808204650879,18.491683959960938,7.02222204208374,8.818796157836914,8.664098739624023,1.3399546146392822,1273.0,-0.27985829879986823,0.6952433611077021,-0.26692736738866474,-0.271650388259699,-0.7860055351588321,0.0945259236471955,52.0,0.23042440288017585,,,,
synthetic_niah_133,niah_single_1,disagreement_replication,64,32,physical_delete_median_aov_52,median_aov,52,13,14,0.0008870571520773063,0.003167202569570901,0.4080520968448075,0.9218846944339211,0.28007591323642006,0.0008396842971612645,0.02234277606629886,0.0918976511929968,0.9972487257302574,0.0375819143811685,0.02234277606629886,57.79550201630712,1.4528540593424482e-05,1.3493048754753545e-05,1.8973578335135244e-05,2.102073907852173,0.4139859974384308,1.8973578335135244e-05,22.731571197509766,19.95514488220215,6.118988037109375,9.0466947555542,7.886355876922607,2.4690704345703125,1273.0,-0.27985829879986823,0.6952433611077021,-0.26692736738866474,-0.271650388259699,-0.7860055351588321,0.0945259236471955,52.0,0.23042440288017585,,,,
synthetic_niah_133,niah_single_1,disagreement_replication,64,32,physical_delete_median_aov_52,median_aov,52,14,15,5.197223412429362e-05,0.003141258873519484,-0.0024411706308048705,1.0001772426141669,0.016545033764142986,4.387424697758858e-05,0.021651810100064235,-0.004365842567510252,1.0000108997428352,0.002026354691585736,0.021651810100064235,57.243178450033355,7.664537184266541e-07,1.0200218412137474e-06,1.8137329789169598e-06,1.04244065284729,0.7370651364326477,1.8137329789169598e-06,19.901615142822266,20.127763748168945,12.01481819152832,9.916586875915527,9.913057327270508,2.824272871017456,1273.0,-0.27985829879986823,0.6952433611077021,-0.26692736738866474,-0.271650388259699,-0.7860055351588321,0.0945259236471955,52.0,0.23042440288017585,1.4941005545015845e-15,4.2194955460700066e-10,2.7434908061375782e-15,4.218618006074372e-10
synthetic_niah_133,niah_single_1,disagreement_replication,64,32,physical_delete_median_aov_52,median_aov,52,15,16,0.0005116130326375709,0.005957856482427211,-0.024732402871520134,1.0057940353119506,0.08587199677376944,0.0004614135376125064,0.019230723711300836,0.07873064086400794,0.9983975331142749,0.023993560748905105,0.019230723711300836,59.20871359275409,7.79300055032734e-06,8.572225851821713e-06,1.028856058837846e-05,2.0636355876922607,0.4981137216091156,1.028856058837846e-05,57.32228469848633,55.98111343383789,1388.4754638671875,8.324978828430176,8.448561668395996,3.584336280822754,1273.0,-0.27985829879986823,0.6952433611077021,-0.26692736738866474,-0.271650388259699,-0.7860055351588321,0.0945259236471955,52.0,0.23042440288017585,,,,
synthetic_niah_133,niah_single_1,disagreement_replication,64,32,physical_delete_median_aov_52,median_aov,52,16,17,0.00018002563565255273,0.0027100727251214802,0.1210118080618589,0.9941506410824307,0.0664283411968153,0.00018896233086976907,0.01889387762146729,-0.025275303750072867,1.00030275118622,0.010001246681891778,0.01889387762146729,60.3710732060811,3.130014439609716e-06,4.445696049515391e-06,4.849755896429997e-06,2.248870611190796,0.4799222946166992,4.849755896429997e-06,21.003921508789062,18.625757217407227,6.864891529083252,8.420764923095703,9.167845726013184,3.306584358215332,1273.0,-0.27985829879986823,0.6952433611077021,-0.26692736738866474,-0.271650388259699,-0.7860055351588321,0.0945259236471955,52.0,0.23042440288017585,,,,
synthetic_niah_133,niah_single_1,disagreement_replication,64,32,physical_delete_median_aov_52,median_aov,52,17,18,0.00021638758608413079,0.0022517387490243916,0.12768932164278868,0.9923172118128071,0.0960979981260636,0.0002111647919890524,0.018966117287539035,0.015069411441116103,0.9998941953749773,0.011133791317835526,0.018966117287539035,68.81758658770195,3.068471337917982e-06,2.6060752134071663e-06,4.899598934571259e-06,2.0828449726104736,0.453904390335083,4.899598934571259e-06,20.371967315673828,17.181686401367188,7.527523517608643,10.081592559814453,9.698439598083496,4.968943119049072,1273.0,-0.27985829879986823,0.6952433611077021,-0.26692736738866474,-0.271650388259699,-0.7860055351588321,0.0945259236471955,52.0,0.23042440288017585,,,,
synthetic_niah_133,niah_single_1,disagreement_replication,64,32,physical_delete_median_aov_52,median_aov,52,18,19,0.0007325044233320265,0.003714261779946841,0.16821570308720232,0.9861766466861058,0.19721400017812157,0.0006662211977915389,0.019394804446126918,0.029413693861406614,0.9995795149220577,0.034350498332793515,0.019394804446126918,75.27296315625291,8.850736969243332e-06,8.05180116003612e-06,1.4791575267736334e-05,2.0303046703338623,0.44935813546180725,1.4791575267736334e-05,25.274246215820312,22.865230560302734,7.419678688049316,10.72279167175293,9.435843467712402,3.749824285507202,1273.0,-0.27985829879986823,0.6952433611077021,-0.26692736738866474,-0.271650388259699,-0.7860055351588321,0.0945259236471955,52.0,0.23042440288017585,3.553813428411626e-13,4.2287870533173087e-10,3.5429923949553696e-13,4.227832744710973e-10
synthetic_niah_133,niah_single_1,disagreement_replication,64,32,physical_delete_median_aov_52,median_aov,52,19,20,2.9479266045749826e-05,0.003542311800022988,-0.009280503049435965,1.0001118546643415,0.008322041567757676,2.9345913971876254e-05,0.021078339794801896,0.04423030554513751,0.9999393885225548,0.0013922308045870488,0.021078339794801896,86.18567012760121,3.4049644132752574e-07,3.874904450640315e-07,7.610676675540162e-07,1.234140396118164,0.6366717219352722,7.610676675540162e-07,21.775312423706055,19.593412399291992,8.544572830200195,10.059510231018066,10.084399223327637,2.819760799407959,1273.0,-0.27985829879986823,0.6952433611077021,-0.26692736738866474,-0.271650388259699,-0.7860055351588321,0.0945259236471955,52.0,0.23042440288017585,,,,
synthetic_niah_133,niah_single_1,disagreement_replication,64,32,physical_delete_median_aov_52,median_aov,52,20,21,0.00028683255025819344,0.0030204374058042886,0.24911428945952613,0.9806652894012428,0.09496391142123836,0.0002830661249133644,0.02158043885216194,-0.011416225247608046,1.0002357415779786,0.013116791871218442,0.02158043885216194,93.43930679567929,3.029411653623843e-06,1.714481527415046e-06,3.986026058555581e-06,2.064025402069092,0.5266789793968201,3.986026058555581e-06,22.259708404541016,19.1566104888916,7.382284641265869,12.441207885742188,10.974113464355469,5.508058547973633,1273.0,-0.27985829879986823,0.6952433611077021,-0.26692736738866474,-0.271650388259699,-0.7860055351588321,0.0945259236471955,52.0,0.23042440288017585,,,,
synthetic_niah_133,niah_single_1,disagreement_replication,64,32,physical_delete_median_aov_52,median_aov,52,21,22,0.0010432420903393035,0.0030622824349341798,0.38682733439546696,0.9233063851287622,0.34067468057097317,0.0010738979218278919,0.02215515484543226,0.0803917842109704,0.9972743118559526,0.048471695608541324,0.02215515484543226,109.45940566635599,9.810924107346681e-06,9.090070307138376e-06,1.3570499504567124e-05,2.1480348110198975,0.502345621585846,1.3570499504567124e-05,19.753372192382812,17.560226440429688,5.66832971572876,12.996759414672852,11.107402801513672,7.902377128601074,1273.0,-0.27985829879986823,0.6952433611077021,-0.26692736738866474,-0.271650388259699,-0.7860055351588321,0.0945259236471955,52.0,0.23042440288017585,,,,
synthetic_niah_133,niah_single_1,disagreement_replication,64,32,physical_delete_median_aov_52,median_aov,52,22,23,0.0003998595147032552,0.0016978522621340065,0.315983184716096,0.9521715805931451,0.23550901549035688,0.0003756799755643644,0.02388841664003584,0.0006205852646754897,1.0001138945166397,0.01572644940120237,0.02388841664003584,126.33947422043482,2.973575581839804e-06,4.204890046821674e-06,4.72191004519118e-06,1.380212426185608,0.6223254799842834,4.72191004519118e-06,21.710220336914062,19.77787971496582,6.742712020874023,13.274996757507324,10.977496147155762,11.311753273010254,1273.0,-0.27985829879986823,0.6952433611077021,-0.26692736738866474,-0.271650388259699,-0.7860055351588321,0.0945259236471955,52.0,0.23042440288017585,9.973473353378279e-14,4.3406972121327164e-10,9.838309562151654e-14,4.339780494700743e-10
synthetic_niah_133,niah_single_1,disagreement_replication,64,32,physical_delete_median_aov_52,median_aov,52,23,24,0.0005045148566083915,0.002404419236194575,0.15454745793408745,0.9895307165105907,0.2098281568429293,0.0005526264842826083,0.02566698003995295,-0.010648319080850302,1.0004609430912323,0.021530639109953557,0.02566698003995295,147.79172017105404,3.7392249284533586e-06,3.5947766718891216e-06,8.37170136946952e-06,1.4207690954208374,0.6363845467567444,8.37170136946952e-06,19.755434036254883,18.62405014038086,8.651253700256348,15.457399368286133,13.64395809173584,14.433809280395508,1273.0,-0.27985829879986823,0.6952433611077021,-0.26692736738866474,-0.271650388259699,-0.7860055351588321,0.0945259236471955,52.0,0.23042440288017585,,,,
synthetic_niah_133,niah_single_1,disagreement_replication,64,32,physical_delete_median_aov_52,median_aov,52,24,25,0.0009830079742642417,0.0026780830904631603,0.34112457002447527,0.940375720644961,0.36705656286946486,0.0009854967370600107,0.027978295851845254,0.07350533996143906,0.9980292858530936,0.03522361555823687,0.027978295851845254,177.16436628771237,5.562612604950017e-06,1.2111558135075029e-05,1.1110460036434233e-05,1.6729826927185059,0.5531049370765686,1.1110460036434233e-05,19.1864070892334,18.29132080078125,6.0780720710754395,20.757770538330078,15.742053031921387,76.08841705322266,1273.0,-0.27985829879986823,0.6952433611077021,-0.26692736738866474,-0.271650388259699,-0.7860055351588321,0.0945259236471955,52.0,0.23042440288017585,,,,
synthetic_niah_133,niah_single_1,disagreement_replication,64,32,physical_delete_median_aov_52,median_aov,52,25,26,0.00034406313375767895,0.004657993397540142,0.1202742473178384,0.9938248913530313,0.07386509691906747,0.0003692279356031569,0.028743344007853423,-0.01675471573463784,1.0002976872957001,0.012845684743649671,0.028743344007853423,198.82615427092023,1.857039064891068e-06,1.7943870034287102e-06,3.2748539524618536e-06,1.5769243240356445,0.5969547629356384,3.2748539524618536e-06,20.675708770751953,17.7334041595459,8.267784118652344,28.0583553314209,20.901975631713867,68.09579467773438,1273.0,-0.27985829879986823,0.6952433611077021,-0.26692736738866474,-0.271650388259699,-0.7860055351588321,0.0945259236471955,52.0,0.23042440288017585,,,,
synthetic_niah_133,niah_single_1,disagreement_replication,64,32,physical_delete_median_aov_52,median_aov,52,26,27,0.00042895498735719785,0.0036068860213896298,0.1391040334717068,0.9904833130239663,0.1189266821333971,0.0004770058599420144,0.031439354569202604,0.04003942653008426,0.9995074890232838,0.015172253580844192,0.031439354569202604,230.37303827520182,2.070580235922343e-06,1.5151913430599961e-06,2.4047728857112816e-06,1.639954924583435,0.6503419876098633,2.4047728857112816e-06,19.465076446533203,17.52557945251465,8.870418548583984,39.079994201660156,25.82337188720703,177.8805389404297,1273.0,-0.27985829879986823,0.6952433611077021,-0.26692736738866474,-0.271650388259699,-0.7860055351588321,0.0945259236471955,52.0,0.23042440288017585,2.007767274059243e-14,4.422006827878151e-10,2.086206232454032e-14,4.421105929729625e-10
synthetic_niah_133,niah_single_1,disagreement_replication,64,32,physical_delete_median_aov_52,median_aov,52,27,28,0.00019835914865346644,0.008329720399638713,0.0580807153175162,0.9988998337601538,0.023813422196268426,0.0002217414037336415,0.03402930598564352,0.007437283504147314,0.9999727672433812,0.00651618942294007,0.03402930598564352,188.10574473723503,1.1788125027409032e-06,1.0785187214423786e-06,7.167858484535827e-07,2.72510027885437,0.23060201108455658,7.167858484535827e-07,17.093856811523438,16.119165420532227,4.62019681930542,36.83058166503906,25.58631706237793,156.56048583984375,1273.0,-0.27985829879986823,0.6952433611077021,-0.26692736738866474,-0.271650388259699,-0.7860055351588321,0.0945259236471955,52.0,0.23042440288017585,,,,
synthetic_niah_133,niah_single_1,disagreement_replication,64,32,physical_delete_high_random_33,high_random,33,0,1,0.001327767379379605,0.0013270021602829727,0.9999270398783479,0.012096979650714598,1.0005766524874904,0.0019658079924479857,0.0019636894544307207,0.9999075809480485,0.01364556512976001,1.0010788559323802,0.0019636894544307207,21.01281278319425,9.355282478032695e-05,0.00010711993672885001,0.0002568576019257307,1.411821961402893,0.6184832453727722,0.0002568576019257307,779.1220703125,778.855224609375,1842.2645263671875,3.609076499938965,4.138799667358398,0.8867790699005127,1292.0,-0.20977735182002727,-1.7292673359011843,-0.25653659524965994,-0.2480374124154494,0.734470156899959,-0.974377808841079,33.0,0.9673012370410341,2.8148697525335084e-13,2.309367336823001e-13,2.811143815641373e-13,2.3211201336599374e-13
synthetic_niah_133,niah_single_1,disagreement_replication,64,32,physical_delete_high_random_33,high_random,33,1,2,0.016375184653328448,0.01631572007506097,0.9996923256874558,0.025117216835388912,1.00364461868639,0.016888026650601462,0.016997249779765848,0.993967201295687,0.10967842677691692,0.993574070477307,0.016997249779765848,26.214639425616646,0.0006442212069527332,0.0005616907146759331,0.0016221331898123026,2.781566858291626,0.2578265368938446,0.0016221331898123026,91.79364013671875,91.1212158203125,3907.772216796875,3.4495902061462402,3.9774010181427,0.5203296542167664,1292.0,-0.20977735182002727,-1.7292673359011843,-0.25653659524965994,-0.2480374124154494,0.734470156899959,-0.974377808841079,33.0,0.9673012370410341,,,,
synthetic_niah_133,niah_single_1,disagreement_replication,64,32,physical_delete_high_random_33,high_random,33,2,3,0.0011537680618127352,0.004499457261481416,0.24875523939248728,0.9685967365986436,0.25642382953380133,0.0010197525719060291,0.017188317913374457,0.13090577883212115,0.9939753627666238,0.05932823543556558,0.017188317913374457,31.697085291878896,3.217180893813286e-05,4.489332786761224e-05,5.9521084040170535e-05,1.8960641622543335,0.5040650963783264,5.9521084040170535e-05,25.926563262939453,27.404380798339844,49.29001998901367,4.710477352142334,5.931710720062256,1.3283287286758423,1292.0,-0.20977735182002727,-1.7292673359011843,-0.25653659524965994,-0.2480374124154494,0.734470156899959,-0.974377808841079,33.0,0.9673012370410341,,,,
synthetic_niah_133,niah_single_1,disagreement_replication,64,32,physical_delete_high_random_33,high_random,33,3,4,0.004670624809009293,0.006091703088438799,0.8044373411707278,0.5952337637999897,0.7667190506828025,0.004411894033415646,0.018336506210505824,0.22706123097998343,0.9739746858200102,0.24060712453978117,0.018336506210505824,41.15118805320133,0.00010721182648996266,9.541679173707962e-05,0.00024800209212116897,1.7060331106185913,0.5560732483863831,0.00024800209212116897,21.58446502685547,21.856807708740234,10.181211471557617,5.000554084777832,6.505712032318115,1.3591519594192505,1292.0,-0.20977735182002727,-1.7292673359011843,-0.25653659524965994,-0.2480374124154494,0.734470156899959,-0.974377808841079,33.0,0.9673012370410341,,,,
synthetic_niah_133,niah_single_1,disagreement_replication,64,32,physical_delete_high_random_33,high_random,33,4,5,0.013450275003070486,0.013796775180066997,0.9532981454725973,0.30280134804163344,0.9748854226821699,0.013733871959625624,0.023881393121514743,0.6906544741221887,0.7323607744403072,0.5750867166644805,0.023881393121514743,43.26108336467255,0.00031746481806419223,0.0002954455849248916,0.0007769001531414688,1.903607726097107,0.48894813656806946,0.0007769001531414688,17.043724060058594,18.92776870727539,7.425734996795654,4.29323673248291,6.842994689941406,1.9614254236221313,1292.0,-0.20977735182002727,-1.7292673359011843,-0.25653659524965994,-0.2480374124154494,0.734470156899959,-0.974377808841079,33.0,0.9673012370410341,1.5465851992511905e-11,2.5259326981517367e-10,1.546416699993756e-11,2.5265366288066317e-10
synthetic_niah_133,niah_single_1,disagreement_replication,64,32,physical_delete_high_random_33,high_random,33,5,6,0.008115806105132864,0.010801270958536549,0.6718305623553871,0.7449637775197476,0.7513751054193039,0.007068554754707555,0.021099120877229795,0.3708931350641368,0.929368286245446,0.3350165533359236,0.021099120877229795,44.718926946456186,0.00015806628730539592,0.00026556095690466464,0.0004349679220467806,1.6614059209823608,0.5278093218803406,0.0004349679220467806,16.83338165283203,17.87806510925293,5.498664855957031,5.426353454589844,7.743190765380859,1.431121826171875,1292.0,-0.20977735182002727,-1.7292673359011843,-0.25653659524965994,-0.2480374124154494,0.734470156899959,-0.974377808841079,33.0,0.9673012370410341,,,,
synthetic_niah_133,niah_single_1,disagreement_replication,64,32,physical_delete_high_random_33,high_random,33,6,7,0.0008951623412687267,0.003100768996462702,0.20275171170247924,0.9829940015362649,0.2886904320476342,0.0007837615252506953,0.0187487488122473,-0.1646780902519787,1.0077280060368825,0.0418034042217642,0.0187487488122473,47.64017265242784,1.645169363614288e-05,3.0259485356509686e-05,3.441199805820361e-05,1.2843621969223022,0.6511123180389404,3.441199805820361e-05,18.486602783203125,19.825233459472656,7.186324596405029,5.544539451599121,6.853833198547363,1.1486907005310059,1292.0,-0.20977735182002727,-1.7292673359011843,-0.25653659524965994,-0.2480374124154494,0.734470156899959,-0.974377808841079,33.0,0.9673012370410341,,,,
synthetic_niah_133,niah_single_1,disagreement_replication,64,32,physical_delete_high_random_33,high_random,33,7,8,0.00912137671117061,0.010212930081970705,0.8713588848964978,0.4911285569278152,0.8931204500531089,0.008434539109104064,0.01873467431882929,0.5228506562771306,0.8555137903285344,0.45021007387499273,0.01873467431882929,50.64912869100604,0.00016652880961803826,0.00037836984847672284,0.0004967757849954069,2.3671629428863525,0.33941546082496643,0.0004967757849954069,32.52262878417969,33.45863723754883,195.766357421875,5.0304155349731445,6.135419845581055,1.3554710149765015,1292.0,-0.20977735182002727,-1.7292673359011843,-0.25653659524965994,-0.2480374124154494,0.734470156899959,-0.974377808841079,33.0,0.9673012370410341,2.3004780917626006e-11,2.8846636644459006e-10,2.300386743141367e-11,2.885262640823248e-10
synthetic_niah_133,niah_single_1,disagreement_replication,64,32,physical_delete_high_random_33,high_random,33,8,9,0.0028045598947307403,0.004341893953176678,0.564835018506605,0.8291789977754555,0.6459300768225417,0.002474819199709984,0.016717803767983475,0.1911436236347902,0.9825082560057111,0.14803494729669864,0.016717803767983475,54.29036755691034,4.558486728084376e-05,6.688955909339711e-05,9.728545410325751e-05,1.499826431274414,0.6087373495101929,9.728545410325751e-05,19.28644371032715,21.168249130249023,13.13172721862793,6.159232139587402,8.248403549194336,3.0836923122406006,1292.0,-0.20977735182002727,-1.7292673359011843,-0.25653659524965994,-0.2480374124154494,0.734470156899959,-0.974377808841079,33.0,0.9673012370410341,,,,
synthetic_niah_133,niah_single_1,disagreement_replication,64,32,physical_delete_high_random_33,high_random,33,9,10,0.02496931514833744,0.02428682228006149,0.9916204929145789,0.13423729769362702,1.028101365440313,0.023131830670642787,0.028629531520721088,0.8324487256254699,0.5546424787037052,0.8079709810794755,0.028629531520721088,54.19109960427943,0.0004268566395507517,0.0008209263905882835,0.0014803860103711486,1.895373821258545,0.5506073236465454,0.0014803860103711486,17.394344329833984,19.857507705688477,6.858511447906494,4.92006254196167,7.541752815246582,2.8089284896850586,1292.0,-0.20977735182002727,-1.7292673359011843,-0.25653659524965994,-0.2480374124154494,0.734470156899959,-0.974377808841079,33.0,0.9673012370410341,,,,
synthetic_niah_133,niah_single_1,disagreement_replication,64,32,physical_delete_high_random_33,high_random,33,10,11,0.01026488713669347,0.012207870354259485,0.687689724739222,0.7419827403258911,0.8408417552625725,0.00859242437577598,0.024926966819489714,0.3086907843513588,0.9518439730656566,0.3447039681160805,0.024926966819489714,50.300928209744924,0.00017082039400838228,0.0003159784246236086,0.00040205882396548986,2.110436201095581,0.4786365032196045,0.00040205882396548986,18.12371063232422,20.039325714111328,11.172109603881836,5.698949813842773,8.528508186340332,3.9402594566345215,1292.0,-0.20977735182002727,-1.7292673359011843,-0.25653659524965994,-0.2480374124154494,0.734470156899959,-0.974377808841079,33.0,0.9673012370410341,1.045585025458897e-10,3.9070462052067857e-10,1.0454368445959154e-10,3.907294195922058e-10
synthetic_niah_133,niah_single_1,disagreement_replication,64,32,physical_delete_high_random_33,high_random,33,11,12,0.01622851241719572,0.01790265161894232,0.883760031758202,0.4684919419451146,0.9064865229251717,0.014315798291848977,0.027102014450303958,0.5722603948391475,0.8212537288590842,0.5282189749437027,0.027102014450303958,55.043961344130174,0.0002600793609738191,0.000508079887367785,0.0009764780406840146,2.422856569290161,0.3683493137359619,0.0009764780406840146,17.691280364990234,19.573345184326172,7.891721725463867,6.42434024810791,7.319460868835449,1.1741032600402832,1292.0,-0.20977735182002727,-1.7292673359011843,-0.25653659524965994,-0.2480374124154494,0.734470156899959,-0.974377808841079,33.0,0.9673012370410341,,,,
synthetic_niah_133,niah_single_1,disagreement_replication,64,32,physical_delete_high_random_33,high_random,33,12,13,0.0023933209405693394,0.005618465553987904,0.34354243402517337,0.9427478875484393,0.425974123641391,0.0022344533594340593,0.02605431261966671,0.12304262036139652,0.9931014075779084,0.08576136289035756,0.02605431261966671,57.39847149795267,3.892879550832219e-05,0.00010853490675799549,0.00011487851588753983,1.5362673997879028,0.6311917901039124,0.00011487851588753983,15.541196823120117,18.491683959960938,7.02222204208374,6.460178375244141,8.664098739624023,1.3399546146392822,1292.0,-0.20977735182002727,-1.7292673359011843,-0.25653659524965994,-0.2480374124154494,0.734470156899959,-0.974377808841079,33.0,0.9673012370410341,,,,
synthetic_niah_133,niah_single_1,disagreement_replication,64,32,physical_delete_high_random_33,high_random,33,13,14,0.010801673473475094,0.01106874862298847,0.9463625725152076,0.32445129519925947,0.975871242666159,0.009687292499467835,0.027649885269314414,0.4290879025524694,0.9066875676443904,0.35035561287549727,0.027649885269314414,57.79550201630712,0.00016761325988196357,0.00017743150237947702,0.00042898315587081015,2.102073907852173,0.4139859974384308,0.00042898315587081015,16.09499168395996,19.95514488220215,6.118988037109375,5.5780487060546875,7.886355876922607,2.4690704345703125,1292.0,-0.20977735182002727,-1.7292673359011843,-0.25653659524965994,-0.2480374124154494,0.734470156899959,-0.974377808841079,33.0,0.9673012370410341,,,,
synthetic_niah_133,niah_single_1,disagreement_replication,64,32,physical_delete_high_random_33,high_random,33,14,15,0.0008498908228487087,0.004293709377976777,0.10915301461083114,0.9979822140522108,0.19793859994529547,0.0007025970757068413,0.027081389884342662,0.10468458657777904,0.9976177784429789,0.02594390755819567,0.027081389884342662,57.243178450033355,1.227390048440666e-05,1.567129038448911e-05,2.7088775823358446e-05,1.04244065284729,0.7370651364326477,2.7088775823358446e-05,21.021228790283203,20.127763748168945,12.01481819152832,9.167121887207031,9.913057327270508,2.824272871017456,1292.0,-0.20977735182002727,-1.7292673359011843,-0.25653659524965994,-0.2480374124154494,0.734470156899959,-0.974377808841079,33.0,0.9673012370410341,5.788181431703226e-13,6.356309679675744e-10,5.788293312106666e-13,6.35405931489057e-10
synthetic_niah_133,niah_single_1,disagreement_replication,64,32,physical_delete_high_random_33,high_random,33,15,16,0.004821032470565649,0.008662985042203647,0.4657562616354923,0.889554514344043,0.5565093841301727,0.004386139200041323,0.024385724511812507,0.22502221107474585,0.9753994951030701,0.17986503529623105,0.024385724511812507,59.20871359275409,7.407928552898158e-05,0.00010841803305083886,0.00019534971215762198,2.0636355876922607,0.4981137216091156,0.00019534971215762198,55.12855911254883,55.98111343383789,1388.4754638671875,5.646135330200195,8.448561668395996,3.584336280822754,1292.0,-0.20977735182002727,-1.7292673359011843,-0.25653659524965994,-0.2480374124154494,0.734470156899959,-0.974377808841079,33.0,0.9673012370410341,,,,
synthetic_niah_133,niah_single_1,disagreement_replication,64,32,physical_delete_high_random_33,high_random,33,16,17,0.005494572085015533,0.0071557445485725775,0.6064850124351826,0.8113051866093101,0.7678547001949065,0.004454362471870592,0.02367908948728878,0.21934709167091837,0.97614669727808,0.18811375641203382,0.02367908948728878,60.3710732060811,7.378305925861709e-05,0.00030141891329549253,0.00025295428349636495,2.248870611190796,0.4799222946166992,0.00025295428349636495,16.28431510925293,18.625757217407227,6.864891529083252,6.409384727478027,9.167845726013184,3.306584358215332,1292.0,-0.20977735182002727,-1.7292673359011843,-0.25653659524965994,-0.2480374124154494,0.734470156899959,-0.974377808841079,33.0,0.9673012370410341,,,,
synthetic_niah_133,niah_single_1,disagreement_replication,64,32,physical_delete_high_random_33,high_random,33,17,18,0.004141435470426228,0.005034655597486218,0.8720879699211769,0.49184657357685896,0.8225856546163811,0.0035487237063122953,0.023567102636882855,0.17442801385111412,0.9849586880774265,0.15057954984922464,0.023567102636882855,68.81758658770195,5.156710489679494e-05,8.258526213467121e-05,0.00011077193630626425,2.0828449726104736,0.453904390335083,0.00011077193630626425,15.149887084960938,17.181686401367188,7.527523517608643,8.116369247436523,9.698439598083496,4.968943119049072,1292.0,-0.20977735182002727,-1.7292673359011843,-0.25653659524965994,-0.2480374124154494,0.734470156899959,-0.974377808841079,33.0,0.9673012370410341,,,,
synthetic_niah_133,niah_single_1,disagreement_replication,64,32,physical_delete_high_random_33,high_random,33,18,19,0.00680541798286801,0.0078075882249060355,0.8491945584253886,0.5285569671622495,0.8716415091101853,0.006975641468261586,0.025183082563960162,0.4167352819384296,0.9197056362221707,0.2769971249764521,0.025183082563960162,75.27296315625291,9.26712749939368e-05,0.00011198068386875093,0.0002496264933142811,2.0303046703338623,0.44935813546180725,0.0002496264933142811,21.19512176513672,22.865230560302734,7.419678688049316,7.451329231262207,9.435843467712402,3.749824285507202,1292.0,-0.20977735182002727,-1.7292673359011843,-0.25653659524965994,-0.2480374124154494,0.734470156899959,-0.974377808841079,33.0,0.9673012370410341,6.007699501958848e-11,5.245404846836728e-10,6.007736321953424e-11,5.243460413642853e-10
synthetic_niah_133,niah_single_1,disagreement_replication,64,32,physical_delete_high_random_33,high_random,33,19,20,0.002713489344033495,0.006759442472289662,0.4414531789396263,0.8981761502019041,0.40143685742684343,0.002409167804337094,0.026060542115119243,0.13589377634781663,0.9916756901426667,0.09244503793109489,0.026060542115119243,86.18567012760121,2.7953229356692687e-05,3.274935806985013e-05,7.032113353488967e-05,1.234140396118164,0.6366717219352722,7.032113353488967e-05,17.92802619934082,19.593412399291992,8.544572830200195,9.028904914855957,10.084399223327637,2.819760799407959,1292.0,-0.20977735182002727,-1.7292673359011843,-0.25653659524965994,-0.2480374124154494,0.734470156899959,-0.974377808841079,33.0,0.9673012370410341,,,,
synthetic_niah_133,niah_single_1,disagreement_replication,64,32,physical_delete_high_random_33,high_random,33,20,21,0.0030309004314475496,0.004193962846306172,0.11769912080788686,1.1628202376131445,0.7226817553038201,0.0029792957593685627,0.02648296369229506,0.10285843056531423,0.9947427183479213,0.11249857810420809,0.02648296369229506,93.43930679567929,3.1884823010120275e-05,5.205696288612671e-05,6.872116500744596e-05,2.064025402069092,0.5266789793968201,6.872116500744596e-05,19.235164642333984,19.1566104888916,7.382284641265869,7.303546905517578,10.974113464355469,5.508058547973633,1292.0,-0.20977735182002727,-1.7292673359011843,-0.25653659524965994,-0.2480374124154494,0.734470156899959,-0.974377808841079,33.0,0.9673012370410341,,,,
synthetic_niah_133,niah_single_1,disagreement_replication,64,32,physical_delete_high_random_33,high_random,33,21,22,0.009121662819786951,0.00941009262790139,0.9574614256186951,0.28880604252912484,0.9693488874637396,0.008723824083275017,0.029590889633213872,0.4846908346154477,0.8950574325943587,0.29481452539646136,0.029590889633213872,109.45940566635599,7.969917276790419e-05,0.00017295921861659735,0.00022945235832594335,2.1480348110198975,0.502345621585846,0.00022945235832594335,16.658470153808594,17.560226440429688,5.66832971572876,8.359691619873047,11.107402801513672,7.902377128601074,1292.0,-0.20977735182002727,-1.7292673359011843,-0.25653659524965994,-0.2480374124154494,0.734470156899959,-0.974377808841079,33.0,0.9673012370410341,,,,
synthetic_niah_133,niah_single_1,disagreement_replication,64,32,physical_delete_high_random_33,high_random,33,22,23,0.0025708563776103374,0.0037477644015481903,0.7388461862279301,0.6759453643364791,0.6859706486748004,0.00251010599986889,0.032860464505884646,0.21169368291898277,0.9866578611433584,0.07638680820897649,0.032860464505884646,126.33947422043482,1.9867947174525218e-05,5.965462696622126e-05,7.96926615294069e-05,1.380212426185608,0.6223254799842834,7.96926615294069e-05,17.96274757385254,19.77787971496582,6.742712020874023,8.189162254333496,10.977496147155762,11.311753273010254,1292.0,-0.20977735182002727,-1.7292673359011843,-0.25653659524965994,-0.2480374124154494,0.734470156899959,-0.974377808841079,33.0,0.9673012370410341,1.2354990859903425e-12,5.046866916570378e-10,1.2360899257106174e-12,5.045104395169963e-10
synthetic_niah_133,niah_single_1,disagreement_replication,64,32,physical_delete_high_random_33,high_random,33,23,24,0.0039105861936301525,0.005926498425661656,0.7135228769029583,0.7026849448214932,0.6598476727332565,0.004070622445809441,0.03498019456414713,0.16379596410501404,0.9876336193280323,0.11636934832779963,0.03498019456414713,147.79172017105404,2.7542966825868898e-05,5.606164631899446e-05,5.179709114599973e-05,1.4207690954208374,0.6363845467567444,5.179709114599973e-05,16.908910751342773,18.62405014038086,8.651253700256348,11.948863983154297,13.64395809173584,14.433809280395508,1292.0,-0.20977735182002727,-1.7292673359011843,-0.25653659524965994,-0.2480374124154494,0.734470156899959,-0.974377808841079,33.0,0.9673012370410341,,,,
synthetic_niah_133,niah_single_1,disagreement_replication,64,32,physical_delete_high_random_33,high_random,33,24,25,0.0015041633346705517,0.00616503340145664,-0.045854725121704666,1.0401457831352683,0.24398299842384574,0.0016061269151361021,0.03757789558574374,-0.012240849342508532,1.0014355670043198,0.042741268240295845,0.03757789558574374,177.16436628771237,9.065744702452045e-06,5.0945196562679484e-05,4.0605274989502504e-05,1.6729826927185059,0.5531049370765686,4.0605274989502504e-05,15.226600646972656,18.29132080078125,6.0780720710754395,7.668862342834473,15.742053031921387,76.08841705322266,1292.0,-0.20977735182002727,-1.7292673359011843,-0.25653659524965994,-0.2480374124154494,0.734470156899959,-0.974377808841079,33.0,0.9673012370410341,,,,
synthetic_niah_133,niah_single_1,disagreement_replication,64,32,physical_delete_high_random_33,high_random,33,25,26,0.003550103444796563,0.007850138920608386,0.352028654603463,0.9413378949977503,0.4522344738991485,0.0036667003087239745,0.038543528566356955,0.11148241382378754,0.993900913903318,0.0951314123306418,0.038543528566356955,198.82615427092023,1.8441740334260722e-05,8.997085387818515e-05,6.505185592686757e-05,1.5769243240356445,0.5969547629356384,6.505185592686757e-05,14.91442584991455,17.7334041595459,8.267784118652344,9.367281913757324,20.901975631713867,68.09579467773438,1292.0,-0.20977735182002727,-1.7292673359011843,-0.25653659524965994,-0.2480374124154494,0.734470156899959,-0.974377808841079,33.0,0.9673012370410341,,,,
synthetic_niah_133,niah_single_1,disagreement_replication,64,32,physical_delete_high_random_33,high_random,33,26,27,0.005635163410813873,0.010745592245008321,0.7712693694288086,0.6827005289060257,0.5244162706277627,0.005532654186378182,0.041853884831133975,0.11281118581477016,0.9938053958132481,0.13218974077795975,0.041853884831133975,230.37303827520182,2.401606641037966e-05,0.00017952756024897099,6.972700066398829e-05,1.639954924583435,0.6503419876098633,6.972700066398829e-05,14.970094680786133,17.52557945251465,8.870418548583984,11.243951797485352,25.82337188720703,177.8805389404297,1292.0,-0.20977735182002727,-1.7292673359011843,-0.25653659524965994,-0.2480374124154494,0.734470156899959,-0.974377808841079,33.0,0.9673012370410341,2.1582716984833155e-12,5.366082660396228e-10,2.1583450381563932e-12,5.363950541974088e-10
synthetic_niah_133,niah_single_1,disagreement_replication,64,32,physical_delete_high_random_33,high_random,33,27,28,0.009795416454345132,0.01580508873740455,0.5514082654438643,0.8370312761110575,0.6197634582818355,0.010569012189663423,0.0442200154881404,0.1780951782525737,0.9858968938046833,0.2390096899106239,0.0442200154881404,188.10574473723503,5.618654658541811e-05,0.00025005979114212096,0.0001388709933962673,2.72510027885437,0.23060201108455658,0.0001388709933962673,15.352031707763672,16.119165420532227,4.62019681930542,13.103914260864258,25.58631706237793,156.56048583984375,1292.0,-0.20977735182002727,-1.7292673359011843,-0.25653659524965994,-0.2480374124154494,0.734470156899959,-0.974377808841079,33.0,0.9673012370410341,,,,
