record_scope,sample_id,sample_cluster,task,strategy,stale_anchor,refresh_anchor,refresh_lag,stale_future_step,global_generation_index,target_horizon_condition,same_reference_token_verified,reference_token_id,reference_token_position,stale_loss,refreshed_loss,refresh_benefit,stale_approx_kl,refreshed_approx_kl,refresh_benefit_approx_kl,stale_attention_output_error,refreshed_attention_output_error,refresh_benefit_attention_output_error,layer,head,metric,counterfactual_scope
global_output,gov_report:0,gov_report::gov_report:0,gov_report,attention_weighted_v_ridge_leverage,0,16,16,17,16,64,True,9954.0,936.0,0.0012080717129805407,0.0026301319008865676,-0.0014220601879060268,0.0003508363663745573,0.0011310893851756707,-0.0007802530188011134,0.32286814227700233,0.23304068172971407,0.08982746054728827,,,delta_nll_and_approx_kl,sparse_saved_cross_anchor_same_token;oracle_is_H64_conditioned
global_output,gov_report:0,gov_report::gov_report:0,gov_report,future_attention_oracle,0,16,16,17,16,64,True,9954.0,936.0,0.0025540312050083003,0.005645755794475349,-0.0030917245894670486,0.0010782979831021311,0.0033300351617397486,-0.0022517371786376175,0.1810705028474331,0.19240066595375538,-0.011330163106322289,,,delta_nll_and_approx_kl,sparse_saved_cross_anchor_same_token;oracle_is_H64_conditioned
global_output,gov_report:0,gov_report::gov_report:0,gov_report,snapkv,0,16,16,17,16,64,True,9954.0,936.0,0.0014076622897931657,0.0008487320734360537,0.0005589302163571119,0.00042313313434133153,0.00018667324074877898,0.00023645989359255255,0.22804428016146025,0.12378634264071782,0.10425793752074243,,,delta_nll_and_approx_kl,sparse_saved_cross_anchor_same_token;oracle_is_H64_conditioned
global_output,gov_report:0,gov_report::gov_report:0,gov_report,v_ridge_leverage,0,16,16,17,16,64,True,9954.0,936.0,0.9356791257156232,1.7242888092292645,-0.7886096835136414,0.925389411957043,1.7124163603229174,-0.7870269483658744,0.5117888674139977,0.39433542390664417,0.11745344350735348,,,delta_nll_and_approx_kl,sparse_saved_cross_anchor_same_token;oracle_is_H64_conditioned
global_output,gov_report:1,gov_report::gov_report:1,gov_report,attention_weighted_v_ridge_leverage,0,16,16,17,16,64,True,279.0,977.0,-0.005857659205645405,-0.007348319217413746,0.001490660011768341,0.005752381113788145,0.00157611026532778,0.004176270848460365,0.23375600886841616,0.21733644977211952,0.016419559096296638,,,delta_nll_and_approx_kl,sparse_saved_cross_anchor_same_token;oracle_is_H64_conditioned
global_output,gov_report:1,gov_report::gov_report:1,gov_report,future_attention_oracle,0,16,16,17,16,64,True,279.0,977.0,-0.00780636228606113,-0.00660767562672504,-0.00119868665933609,0.0007588248239148447,0.0007618700696970323,-3.0452457821875936e-06,0.1761323343962431,0.13691448171933493,0.039217852676908166,,,delta_nll_and_approx_kl,sparse_saved_cross_anchor_same_token;oracle_is_H64_conditioned
global_output,gov_report:1,gov_report::gov_report:1,gov_report,snapkv,0,16,16,17,16,64,True,279.0,977.0,0.0019953533263503687,-0.0005029492823780402,0.002498302608728409,0.010700391736209717,0.003401714622168338,0.007298677114041379,0.23543903045356274,0.1621132337798675,0.07332579667369524,,,delta_nll_and_approx_kl,sparse_saved_cross_anchor_same_token;oracle_is_H64_conditioned
global_output,gov_report:1,gov_report::gov_report:1,gov_report,v_ridge_leverage,0,16,16,17,16,64,True,279.0,977.0,0.06420567475274197,0.09562846861794583,-0.03142279386520386,0.08757387474603837,0.11385829229619063,-0.02628441755015226,0.3154938978453477,0.3089364307622115,0.006557467083136204,,,delta_nll_and_approx_kl,sparse_saved_cross_anchor_same_token;oracle_is_H64_conditioned
global_output,gov_report:2,gov_report::gov_report:2,gov_report,attention_weighted_v_ridge_leverage,0,16,16,17,16,64,True,5837.0,1038.0,0.2730652133309519,-0.03934216105106714,0.31240737438201904,0.20237419269103357,0.0549797887121419,0.14739440397889167,0.2513057899971803,0.2415168397128582,0.009788950284322084,,,delta_nll_and_approx_kl,sparse_saved_cross_anchor_same_token;oracle_is_H64_conditioned
global_output,gov_report:2,gov_report::gov_report:2,gov_report,future_attention_oracle,0,16,16,17,16,64,True,5837.0,1038.0,-0.19311350189808252,-0.23083322846058252,0.0377197265625,0.0643792529096485,0.05292800036253318,0.011451252547115313,0.11694437389572461,0.12241412916531165,-0.00546975526958704,,,delta_nll_and_approx_kl,sparse_saved_cross_anchor_same_token;oracle_is_H64_conditioned
global_output,gov_report:2,gov_report::gov_report:2,gov_report,snapkv,0,16,16,17,16,64,True,5837.0,1038.0,0.9072108308159983,-0.07179885708454492,0.9790096879005432,0.6837769922606982,0.1562923132886116,0.5274846789720866,0.2663539405912161,0.22978132342298827,0.03657261716822782,,,delta_nll_and_approx_kl,sparse_saved_cross_anchor_same_token;oracle_is_H64_conditioned
global_output,gov_report:2,gov_report::gov_report:2,gov_report,v_ridge_leverage,0,16,16,17,16,64,True,5837.0,1038.0,0.1271783748948252,-0.18576675259235742,0.3129451274871826,0.18687983040363484,0.17384533786514286,0.013034492538491982,0.4171001085390647,0.38678769022226334,0.03031241831680137,,,delta_nll_and_approx_kl,sparse_saved_cross_anchor_same_token;oracle_is_H64_conditioned
global_output,gov_report:3,gov_report::gov_report:3,gov_report,attention_weighted_v_ridge_leverage,0,16,16,17,16,64,True,35654.0,911.0,0.2001082328596091,0.023268568281171298,0.1768396645784378,0.11606849500831336,0.006124884450321326,0.10994361055799204,0.27010649877289933,0.23663286616404852,0.033473632608850806,,,delta_nll_and_approx_kl,sparse_saved_cross_anchor_same_token;oracle_is_H64_conditioned
global_output,gov_report:3,gov_report::gov_report:3,gov_report,future_attention_oracle,0,16,16,17,16,64,True,35654.0,911.0,-0.0009728419146561862,0.001504107330081439,-0.002476949244737625,0.000675678159487337,0.0010228729892547018,-0.00034719482976736473,0.1558887461821238,0.14071134477853775,0.01517740140358606,,,delta_nll_and_approx_kl,sparse_saved_cross_anchor_same_token;oracle_is_H64_conditioned
global_output,gov_report:3,gov_report::gov_report:3,gov_report,snapkv,0,16,16,17,16,64,True,35654.0,911.0,-0.017398403074505353,-0.008326080676081205,-0.009072322398424149,0.054057963572781836,0.004544562644078078,0.04951340092870376,0.31835453522702056,0.20331363007426262,0.11504090515275794,,,delta_nll_and_approx_kl,sparse_saved_cross_anchor_same_token;oracle_is_H64_conditioned
global_output,gov_report:3,gov_report::gov_report:3,gov_report,v_ridge_leverage,0,16,16,17,16,64,True,35654.0,911.0,4.616108420256612,3.3428492573537802,1.273259162902832,4.275138049777893,3.044073477586826,1.231064572191067,0.37335381532708806,0.38191928528249264,-0.008565469955404581,,,delta_nll_and_approx_kl,sparse_saved_cross_anchor_same_token;oracle_is_H64_conditioned
global_output,gov_report:4,gov_report::gov_report:4,gov_report,attention_weighted_v_ridge_leverage,0,16,16,17,16,64,True,320.0,997.0,0.004615702264548105,0.00375108566933946,0.0008646165952086449,0.001075940726770838,0.0007823633618179876,0.00029357736495285044,0.2798785964647929,0.17692767021556696,0.10295092624922594,,,delta_nll_and_approx_kl,sparse_saved_cross_anchor_same_token;oracle_is_H64_conditioned
global_output,gov_report:4,gov_report::gov_report:4,gov_report,future_attention_oracle,0,16,16,17,16,64,True,320.0,997.0,-0.0009451307649008811,-0.0017556533510081351,0.000810522586107254,0.0001552503413614003,0.00021672091470479124,-6.147057334339093e-05,0.15425918127099672,0.11103672875712316,0.04322245251387356,,,delta_nll_and_approx_kl,sparse_saved_cross_anchor_same_token;oracle_is_H64_conditioned
global_output,gov_report:4,gov_report::gov_report:4,gov_report,snapkv,0,16,16,17,16,64,True,320.0,997.0,0.0011125174989707887,-0.0014807539353363097,0.0025932714343070984,0.0015481266422336458,0.0006073037095803225,0.0009408229326533233,0.2779540146390597,0.2459426587447524,0.032011355894307314,,,delta_nll_and_approx_kl,sparse_saved_cross_anchor_same_token;oracle_is_H64_conditioned
global_output,gov_report:4,gov_report::gov_report:4,gov_report,v_ridge_leverage,0,16,16,17,16,64,True,320.0,997.0,0.24491464492732362,0.0943872198169835,0.15052742511034012,0.2145977671358636,0.07252595641723654,0.14207181071862707,0.4286535494029522,0.5073873400688171,-0.07873379066586494,,,delta_nll_and_approx_kl,sparse_saved_cross_anchor_same_token;oracle_is_H64_conditioned
global_output,reasoning_long_generation_0,reasoning_long_generation::reasoning_long_generation_0,reasoning_long_generation,attention_weighted_v_ridge_leverage,0,16,16,17,16,64,True,24308.0,504.0,0.000561689743133087,0.00018352865643223026,0.0003781610867008567,0.00013807401312357793,1.2319455138865837e-05,0.0001257545579847121,0.17874480100969473,0.10611339534322421,0.07263140566647051,,,delta_nll_and_approx_kl,sparse_saved_cross_anchor_same_token;oracle_is_H64_conditioned
global_output,reasoning_long_generation_0,reasoning_long_generation::reasoning_long_generation_0,reasoning_long_generation,future_attention_oracle,0,16,16,17,16,64,True,24308.0,504.0,0.00029087522468884686,7.569430797715881e-05,0.00021518091671168804,5.753159399726037e-05,2.4080304602568344e-06,5.5123563537003534e-05,0.1403571187208096,0.025493710457036894,0.11486340826377271,,,delta_nll_and_approx_kl,sparse_saved_cross_anchor_same_token;oracle_is_H64_conditioned
global_output,reasoning_long_generation_0,reasoning_long_generation::reasoning_long_generation_0,reasoning_long_generation,snapkv,0,16,16,17,16,64,True,24308.0,504.0,-0.0002029908175451567,-0.00020596732449362776,2.9765069484710693e-06,4.3030247737496404e-05,1.707166250096329e-05,2.5958585236533115e-05,0.16095603567858538,0.04469126959641775,0.11626476608216763,,,delta_nll_and_approx_kl,sparse_saved_cross_anchor_same_token;oracle_is_H64_conditioned
global_output,reasoning_long_generation_0,reasoning_long_generation::reasoning_long_generation_0,reasoning_long_generation,v_ridge_leverage,0,16,16,17,16,64,True,24308.0,504.0,-8.691216882894537e-05,-0.00019179911416600248,0.00010488694533705711,2.213879779195087e-05,2.0755734571662687e-05,1.383063220288183e-06,0.18250431368748346,0.08753903458515803,0.09496527910232543,,,delta_nll_and_approx_kl,sparse_saved_cross_anchor_same_token;oracle_is_H64_conditioned
global_output,reasoning_long_generation_1,reasoning_long_generation::reasoning_long_generation_1,reasoning_long_generation,attention_weighted_v_ridge_leverage,0,16,16,17,16,64,True,13.0,501.0,0.009611314508333635,8.570376053285145e-06,0.00960274413228035,0.0029537323716625,1.4019587928159785e-06,0.002952330412869684,0.14284255324552456,0.10486950849493344,0.037973044750591115,,,delta_nll_and_approx_kl,sparse_saved_cross_anchor_same_token;oracle_is_H64_conditioned
global_output,reasoning_long_generation_1,reasoning_long_generation::reasoning_long_generation_1,reasoning_long_generation,future_attention_oracle,0,16,16,17,16,64,True,13.0,501.0,0.0032523436203746314,-0.0008464135497661118,0.004098757170140743,0.00045748241536691984,3.995218992902318e-05,0.00041753022543789664,0.08479917297760646,0.014301587517062822,0.07049758546054363,,,delta_nll_and_approx_kl,sparse_saved_cross_anchor_same_token;oracle_is_H64_conditioned
global_output,reasoning_long_generation_1,reasoning_long_generation::reasoning_long_generation_1,reasoning_long_generation,snapkv,0,16,16,17,16,64,True,13.0,501.0,0.0014174975186733718,-0.0019721906900258546,0.0033896882086992264,0.00010424379785673466,0.00023939944193905285,-0.0001351556440823182,0.10213686929394801,0.03711494353289405,0.06502192576105395,,,delta_nll_and_approx_kl,sparse_saved_cross_anchor_same_token;oracle_is_H64_conditioned
global_output,reasoning_long_generation_1,reasoning_long_generation::reasoning_long_generation_1,reasoning_long_generation,v_ridge_leverage,0,16,16,17,16,64,True,13.0,501.0,0.004958473491683435,-0.0002861857682319169,0.005244659259915352,0.0009656039072367838,6.147298636729402e-06,0.0009594566086000545,0.17917883830765882,0.1309284490222732,0.04825038928538561,,,delta_nll_and_approx_kl,sparse_saved_cross_anchor_same_token;oracle_is_H64_conditioned
global_output,reasoning_long_generation_2,reasoning_long_generation::reasoning_long_generation_2,reasoning_long_generation,attention_weighted_v_ridge_leverage,0,16,16,17,16,64,True,279.0,503.0,0.011354983151299791,-3.762327100531593e-05,0.011392606422305107,0.0038569822728222037,0.000683389295891601,0.0031735929769306026,0.18962368369102478,0.1726229644070069,0.01700071928401789,,,delta_nll_and_approx_kl,sparse_saved_cross_anchor_same_token;oracle_is_H64_conditioned
global_output,reasoning_long_generation_2,reasoning_long_generation::reasoning_long_generation_2,reasoning_long_generation,future_attention_oracle,0,16,16,17,16,64,True,279.0,503.0,0.00081416621838315,7.225498897867055e-06,0.0008069407194852829,0.0001626479242887124,6.951784690949854e-06,0.00015569613959776256,0.07403885138531525,0.02809721635033687,0.04594163503497839,,,delta_nll_and_approx_kl,sparse_saved_cross_anchor_same_token;oracle_is_H64_conditioned
global_output,reasoning_long_generation_2,reasoning_long_generation::reasoning_long_generation_2,reasoning_long_generation,snapkv,0,16,16,17,16,64,True,279.0,503.0,-0.0029177979376484586,-0.0007190384712387754,-0.0021987594664096832,0.0005248929148086237,9.958919100463035e-05,0.00042530372380399333,0.09104444521168868,0.06759356055408716,0.02345088465760152,,,delta_nll_and_approx_kl,sparse_saved_cross_anchor_same_token;oracle_is_H64_conditioned
global_output,reasoning_long_generation_2,reasoning_long_generation::reasoning_long_generation_2,reasoning_long_generation,v_ridge_leverage,0,16,16,17,16,64,True,279.0,503.0,-0.001099835782902403,0.0008383861932586001,-0.0019382219761610031,0.00025286623007499793,0.0003676280852256304,-0.0001147618551506325,0.17156403698027134,0.14718173568447432,0.02438230129579702,,,delta_nll_and_approx_kl,sparse_saved_cross_anchor_same_token;oracle_is_H64_conditioned
global_output,reasoning_long_generation_3,reasoning_long_generation::reasoning_long_generation_3,reasoning_long_generation,attention_weighted_v_ridge_leverage,0,16,16,17,16,64,True,279.0,513.0,0.006948424341931769,-0.0005644766363950282,0.0075129009783267975,0.002670599101789678,0.001109607223648614,0.0015609918781410638,0.2019045203924179,0.1871050906678041,0.014799429724613816,,,delta_nll_and_approx_kl,sparse_saved_cross_anchor_same_token;oracle_is_H64_conditioned
global_output,reasoning_long_generation_3,reasoning_long_generation::reasoning_long_generation_3,reasoning_long_generation,future_attention_oracle,0,16,16,17,16,64,True,279.0,513.0,0.001370085242047736,0.0006519070145039052,0.0007181782275438309,0.00025897701249071275,1.4589127880931395e-05,0.00024438788460978136,0.07258016926546891,0.028048768173903227,0.044531401091565684,,,delta_nll_and_approx_kl,sparse_saved_cross_anchor_same_token;oracle_is_H64_conditioned
global_output,reasoning_long_generation_3,reasoning_long_generation::reasoning_long_generation_3,reasoning_long_generation,snapkv,0,16,16,17,16,64,True,279.0,513.0,-0.0032948983583303004,-0.0009092317644210368,-0.0023856665939092636,0.0004933877081743073,6.109016355393984e-05,0.0004322975446203674,0.09314526990056038,0.05966041671733061,0.03348485318322977,,,delta_nll_and_approx_kl,sparse_saved_cross_anchor_same_token;oracle_is_H64_conditioned
global_output,reasoning_long_generation_3,reasoning_long_generation::reasoning_long_generation_3,reasoning_long_generation,v_ridge_leverage,0,16,16,17,16,64,True,279.0,513.0,-0.002900934008106759,-0.0014881791297050029,-0.0014127548784017563,0.001082556778325762,0.0005837615131741355,0.0004987952651516266,0.15257250517606735,0.1315523919959863,0.02102011318008104,,,delta_nll_and_approx_kl,sparse_saved_cross_anchor_same_token;oracle_is_H64_conditioned
global_output,reasoning_long_generation_4,reasoning_long_generation::reasoning_long_generation_4,reasoning_long_generation,attention_weighted_v_ridge_leverage,0,16,16,17,16,64,True,279.0,511.0,0.010502856937534943,6.0117584951058234e-05,0.010442739352583885,0.0028806583415766714,0.0003284645936148866,0.002552193747961785,0.18395480886101723,0.1673439803222815,0.016610828538735717,,,delta_nll_and_approx_kl,sparse_saved_cross_anchor_same_token;oracle_is_H64_conditioned
global_output,reasoning_long_generation_4,reasoning_long_generation::reasoning_long_generation_4,reasoning_long_generation,future_attention_oracle,0,16,16,17,16,64,True,279.0,511.0,0.0017137460087610634,0.00043930184591545185,0.0012744441628456116,0.0002966512514775307,9.03627643845138e-06,0.0002876149750390793,0.07232758278648059,0.02940873879318436,0.042918843993296235,,,delta_nll_and_approx_kl,sparse_saved_cross_anchor_same_token;oracle_is_H64_conditioned
global_output,reasoning_long_generation_4,reasoning_long_generation::reasoning_long_generation_4,reasoning_long_generation,snapkv,0,16,16,17,16,64,True,279.0,511.0,-0.0031284571016954033,-0.0004380282337592689,-0.0026904288679361343,0.0005260824814621333,5.243668599967666e-05,0.0004736457954624566,0.09816608391702175,0.06030769428859154,0.03785838962843021,,,delta_nll_and_approx_kl,sparse_saved_cross_anchor_same_token;oracle_is_H64_conditioned
global_output,reasoning_long_generation_4,reasoning_long_generation::reasoning_long_generation_4,reasoning_long_generation,v_ridge_leverage,0,16,16,17,16,64,True,279.0,511.0,0.0019569366847349556,-0.00017287324618564526,0.002129809930920601,0.0003618550262307296,0.00019709211090543442,0.0001647629153252952,0.16968086237708727,0.13734076327333847,0.0323400991037488,,,delta_nll_and_approx_kl,sparse_saved_cross_anchor_same_token;oracle_is_H64_conditioned
global_output,synthetic_niah_0,niah_single_1::synthetic_niah_0,niah_single_1,attention_weighted_v_ridge_leverage,0,16,16,17,16,64,True,2832.0,1278.0,4.4786327812573745e-05,-9.556431727730796e-06,5.434275954030454e-05,8.001822506703544e-06,4.999363192168305e-07,7.501886187486714e-06,0.09890948608517647,0.07649839273653924,0.022411093348637223,,,delta_nll_and_approx_kl,sparse_saved_cross_anchor_same_token;oracle_is_H64_conditioned
global_output,synthetic_niah_0,niah_single_1::synthetic_niah_0,niah_single_1,future_attention_oracle,0,16,16,17,16,64,True,2832.0,1278.0,5.3008974823853805e-05,-2.607555913414217e-07,5.326973041519523e-05,9.108262093734738e-06,5.573368973819518e-07,8.550925196352786e-06,0.06102436097959677,0.046738980299172304,0.014285380680424467,,,delta_nll_and_approx_kl,sparse_saved_cross_anchor_same_token;oracle_is_H64_conditioned
global_output,synthetic_niah_0,niah_single_1::synthetic_niah_0,niah_single_1,snapkv,0,16,16,17,16,64,True,2832.0,1278.0,3.132007277173443e-05,-1.4323464533561037e-05,4.564353730529547e-05,6.16257231481874e-06,7.65666561379978e-07,5.396905753438762e-06,0.06613836872080962,0.053296245906191565,0.012842122814618058,,,delta_nll_and_approx_kl,sparse_saved_cross_anchor_same_token;oracle_is_H64_conditioned
global_output,synthetic_niah_0,niah_single_1::synthetic_niah_0,niah_single_1,v_ridge_leverage,0,16,16,17,16,64,True,2832.0,1278.0,2.238219912698014e-05,-1.1820767944925592e-05,3.420296707190573e-05,4.993676144428091e-06,6.64247444940318e-07,4.329428699487773e-06,0.09819212928414345,0.08302271979240079,0.015169409491742655,,,delta_nll_and_approx_kl,sparse_saved_cross_anchor_same_token;oracle_is_H64_conditioned
global_output,synthetic_niah_1,niah_single_1::synthetic_niah_1,niah_single_1,attention_weighted_v_ridge_leverage,0,16,16,17,16,64,True,18.0,1280.0,5.788612900659018e-05,-3.1424924884504435e-08,5.7917553931474686e-05,1.1779142843025664e-05,1.2286726554723608e-06,1.0550470187553303e-05,0.13861080134908357,0.1099734753370285,0.02863732601205507,,,delta_nll_and_approx_kl,sparse_saved_cross_anchor_same_token;oracle_is_H64_conditioned
global_output,synthetic_niah_1,niah_single_1::synthetic_niah_1,niah_single_1,future_attention_oracle,0,16,16,17,16,64,True,18.0,1280.0,6.360619584455662e-05,5.093119334276253e-06,5.851307651028037e-05,1.0572609761008568e-05,1.0521899107375924e-06,9.520419850270976e-06,0.09239163932700951,0.07898200893153746,0.01340963039547205,,,delta_nll_and_approx_kl,sparse_saved_cross_anchor_same_token;oracle_is_H64_conditioned
global_output,synthetic_niah_1,niah_single_1::synthetic_niah_1,niah_single_1,snapkv,0,16,16,17,16,64,True,18.0,1280.0,2.3445849301140242e-05,-2.4149413277996246e-06,2.5860790628939867e-05,7.338157353066515e-06,1.8501325293685144e-06,5.488024823698001e-06,0.1325126507629951,0.10109134546170633,0.03142130530128877,,,delta_nll_and_approx_kl,sparse_saved_cross_anchor_same_token;oracle_is_H64_conditioned
global_output,synthetic_niah_1,niah_single_1::synthetic_niah_1,niah_single_1,v_ridge_leverage,0,16,16,17,16,64,True,18.0,1280.0,4.835261636770838e-05,-3.1424924884504435e-08,4.838404129259288e-05,1.1023290026084315e-05,1.5798593335121594e-06,9.443430692572155e-06,0.14907826483249664,0.11724036062757175,0.0318379042049249,,,delta_nll_and_approx_kl,sparse_saved_cross_anchor_same_token;oracle_is_H64_conditioned
global_output,synthetic_niah_2,niah_single_1::synthetic_niah_2,niah_single_1,attention_weighted_v_ridge_leverage,0,16,16,17,16,64,True,43870.0,1278.0,3.986721608839616e-06,-2.0928839461475945e-06,6.079605554987211e-06,7.125743484129138e-07,2.542927053921066e-07,4.5828164302080723e-07,0.15753101060787836,0.12407634453848004,0.033454666069398314,,,delta_nll_and_approx_kl,sparse_saved_cross_anchor_same_token;oracle_is_H64_conditioned
global_output,synthetic_niah_2,niah_single_1::synthetic_niah_2,niah_single_1,future_attention_oracle,0,16,16,17,16,64,True,43870.0,1278.0,3.986721608839616e-06,-1.8544671860354356e-06,5.841188794875052e-06,6.953388077702374e-07,1.907823132602497e-07,5.045564945099877e-07,0.088729798172911,0.07313581338773172,0.015593984785179288,,,delta_nll_and_approx_kl,sparse_saved_cross_anchor_same_token;oracle_is_H64_conditioned
global_output,synthetic_niah_2,niah_single_1::synthetic_niah_2,niah_single_1,snapkv,0,16,16,17,16,64,True,43870.0,1278.0,3.5098908170994036e-06,-2.3313007062597535e-06,5.841191523359157e-06,5.878256816790623e-07,3.230298659782496e-07,2.6479581570081267e-07,0.09436947107315063,0.07328212602684896,0.021087345046301678,,,delta_nll_and_approx_kl,sparse_saved_cross_anchor_same_token;oracle_is_H64_conditioned
global_output,synthetic_niah_2,niah_single_1::synthetic_niah_2,niah_single_1,v_ridge_leverage,0,16,16,17,16,64,True,43870.0,1278.0,3.2714749664819465e-06,-2.0928839461475945e-06,5.364358912629541e-06,5.245949782339389e-07,2.6599632252824116e-07,2.585986557056977e-07,0.15802742168307304,0.12861316037985185,0.029414261303221195,,,delta_nll_and_approx_kl,sparse_saved_cross_anchor_same_token;oracle_is_H64_conditioned
global_output,synthetic_niah_3,niah_single_1::synthetic_niah_3,niah_single_1,attention_weighted_v_ridge_leverage,0,16,16,17,16,64,True,21.0,1278.0,0.00016769166042251982,7.320383384978868e-05,9.448782657273114e-05,3.1951813012728984e-05,7.748308315973674e-06,2.420350469675531e-05,0.11784864403307438,0.08274250105023384,0.03510614298284054,,,delta_nll_and_approx_kl,sparse_saved_cross_anchor_same_token;oracle_is_H64_conditioned
global_output,synthetic_niah_3,niah_single_1::synthetic_niah_3,niah_single_1,future_attention_oracle,0,16,16,17,16,64,True,21.0,1278.0,9.381796054697134e-05,3.400007200582422e-05,5.981788854114711e-05,1.1076290797131228e-05,1.8873274437349966e-06,9.188963353396232e-06,0.07832379421840112,0.04161816121389469,0.03670563300450643,,,delta_nll_and_approx_kl,sparse_saved_cross_anchor_same_token;oracle_is_H64_conditioned
global_output,synthetic_niah_3,niah_single_1::synthetic_niah_3,niah_single_1,snapkv,0,16,16,17,16,64,True,21.0,1278.0,0.00014076415619967975,8.452376870593525e-05,5.624038749374449e-05,2.4203423504022055e-05,1.0070425610714773e-05,1.4132997893307282e-05,0.09985845349729061,0.057807885110378265,0.042050568386912346,,,delta_nll_and_approx_kl,sparse_saved_cross_anchor_same_token;oracle_is_H64_conditioned
global_output,synthetic_niah_3,niah_single_1::synthetic_niah_3,niah_single_1,v_ridge_leverage,0,16,16,17,16,64,True,21.0,1278.0,0.00015160673002867497,9.417541379264094e-05,5.7431316236034036e-05,2.6450187523263647e-05,1.2295960046430093e-05,1.4154227476833553e-05,0.12543577949206033,0.08514538779854774,0.04029039169351259,,,delta_nll_and_approx_kl,sparse_saved_cross_anchor_same_token;oracle_is_H64_conditioned
global_output,synthetic_niah_4,niah_single_1::synthetic_niah_4,niah_single_1,attention_weighted_v_ridge_leverage,0,16,16,17,16,64,True,21.0,1280.0,9.520450654676438e-05,-1.491249898677438e-05,0.00011011700553353876,1.7914743934965857e-05,1.0136621318076054e-06,1.690108180315825e-05,0.12477777463694413,0.10700288973748684,0.01777488489945729,,,delta_nll_and_approx_kl,sparse_saved_cross_anchor_same_token;oracle_is_H64_conditioned
global_output,synthetic_niah_4,niah_single_1::synthetic_niah_4,niah_single_1,future_attention_oracle,0,16,16,17,16,64,True,21.0,1280.0,9.496617527915419e-05,-1.5627580101096328e-05,0.00011059375538025051,1.81743991545471e-05,7.874059585752892e-07,1.738699319597181e-05,0.08377581524352233,0.07818870432674885,0.005587110916773483,,,delta_nll_and_approx_kl,sparse_saved_cross_anchor_same_token;oracle_is_H64_conditioned
global_output,synthetic_niah_4,niah_single_1::synthetic_niah_4,niah_single_1,snapkv,0,16,16,17,16,64,True,21.0,1280.0,5.5044189107178454e-05,-1.4793318801054056e-05,6.983750790823251e-05,7.1978007491749724e-06,1.452946797595949e-06,5.7448539515790234e-06,0.10650753726561864,0.09004511497914791,0.016462422286470726,,,delta_nll_and_approx_kl,sparse_saved_cross_anchor_same_token;oracle_is_H64_conditioned
global_output,synthetic_niah_4,niah_single_1::synthetic_niah_4,niah_single_1,v_ridge_leverage,0,16,16,17,16,64,True,21.0,1280.0,7.923593326708556e-05,-1.5627580101096328e-05,9.486351336818188e-05,1.3216044058786208e-05,1.229687972719249e-06,1.1986356086066959e-05,0.13422318237523237,0.11567777146895726,0.01854541090627511,,,delta_nll_and_approx_kl,sparse_saved_cross_anchor_same_token;oracle_is_H64_conditioned
global_output,gov_report:0,gov_report::gov_report:0,gov_report,attention_weighted_v_ridge_leverage,0,48,48,49,48,64,True,9954.0,968.0,0.00437124794836663,0.0001868448990727245,0.0041844030492939055,0.0032583292034778603,0.00017916879441072948,0.003079160409067131,0.3278120259443919,0.18631753077109656,0.14149449517329535,,,delta_nll_and_approx_kl,sparse_saved_cross_anchor_same_token;oracle_is_H64_conditioned
global_output,gov_report:0,gov_report::gov_report:0,gov_report,future_attention_oracle,0,48,48,49,48,64,True,9954.0,968.0,0.0010622321816491365,-0.00013800408203579195,0.0012002362636849284,0.000528344631479679,4.92415623482507e-05,0.0004791030691314283,0.2273749647041162,0.11737697757780552,0.10999798712631068,,,delta_nll_and_approx_kl,sparse_saved_cross_anchor_same_token;oracle_is_H64_conditioned
global_output,gov_report:0,gov_report::gov_report:0,gov_report,snapkv,0,48,48,49,48,64,True,9954.0,968.0,0.006199555234271514,-0.0002790787592665822,0.0064786339935380965,0.004851677476457646,0.00011102129167875117,0.0047406561847788955,0.2749021102984746,0.11658602704604466,0.15831608325242996,,,delta_nll_and_approx_kl,sparse_saved_cross_anchor_same_token;oracle_is_H64_conditioned
global_output,gov_report:0,gov_report::gov_report:0,gov_report,v_ridge_leverage,0,48,48,49,48,64,True,9954.0,968.0,0.02256304001923226,0.0036349047396662115,0.01892813527956605,0.020498578826653888,0.002824970526729795,0.017673608299924093,0.42809003839890164,0.3446033795674642,0.08348665883143747,,,delta_nll_and_approx_kl,sparse_saved_cross_anchor_same_token;oracle_is_H64_conditioned
global_output,gov_report:1,gov_report::gov_report:1,gov_report,attention_weighted_v_ridge_leverage,0,48,48,49,48,64,True,17.0,1009.0,0.6251454744556852,0.00041410781665973673,0.6247313666390255,0.6237354138726922,0.00020585215886929673,0.6235295617138229,0.4642783037076394,0.42203075004120666,0.042247553666432736,,,delta_nll_and_approx_kl,sparse_saved_cross_anchor_same_token;oracle_is_H64_conditioned
global_output,gov_report:1,gov_report::gov_report:1,gov_report,future_attention_oracle,0,48,48,49,48,64,True,17.0,1009.0,0.012000123977095711,2.881198788884376e-06,0.011997242778306827,0.011296865727023594,1.3140788474321027e-06,0.011295551648176161,0.2712493818253279,0.08583313940713803,0.18541624241818982,,,delta_nll_and_approx_kl,sparse_saved_cross_anchor_same_token;oracle_is_H64_conditioned
global_output,gov_report:1,gov_report::gov_report:1,gov_report,snapkv,0,48,48,49,48,64,True,17.0,1009.0,0.280798325322003,-2.8465227323692943e-05,0.2808267905493267,0.2795933440411491,8.163409278610248e-06,0.2795851806318705,0.3385672327131033,0.10208098823204637,0.23648624448105693,,,delta_nll_and_approx_kl,sparse_saved_cross_anchor_same_token;oracle_is_H64_conditioned
global_output,gov_report:1,gov_report::gov_report:1,gov_report,v_ridge_leverage,0,48,48,49,48,64,True,17.0,1009.0,0.8977196607807585,0.0013777007184856416,0.8963419600622728,0.8962476025525724,0.0010129375567491038,0.8952346649958233,0.3674938213080168,0.3119593703498443,0.0555344509581725,,,delta_nll_and_approx_kl,sparse_saved_cross_anchor_same_token;oracle_is_H64_conditioned
global_output,gov_report:2,gov_report::gov_report:2,gov_report,attention_weighted_v_ridge_leverage,0,48,48,49,48,64,True,15.0,1070.0,9.790877733450998e-06,1.0625330936875343e-05,-8.344532034243457e-07,6.53963055386411e-06,6.2676076790371e-06,2.720228748270098e-07,0.3972778630753358,0.3800629998246829,0.017214863250652912,,,delta_nll_and_approx_kl,sparse_saved_cross_anchor_same_token;oracle_is_H64_conditioned
global_output,gov_report:2,gov_report::gov_report:2,gov_report,future_attention_oracle,0,48,48,49,48,64,True,15.0,1070.0,1.2890271058552116e-05,-2.2261573207060792e-07,1.3112886790622724e-05,7.790873397988452e-06,2.654071122395924e-08,7.764332686764494e-06,0.25980712845921516,0.12251375398288171,0.13729337447633344,,,delta_nll_and_approx_kl,sparse_saved_cross_anchor_same_token;oracle_is_H64_conditioned
global_output,gov_report:2,gov_report::gov_report:2,gov_report,snapkv,0,48,48,49,48,64,True,15.0,1070.0,8.667685953156479e-05,-1.5339138244030437e-06,8.821077335596783e-05,7.614512711646144e-05,5.456213419054461e-07,7.559950577455599e-05,0.3845350022117297,0.23898804311951002,0.14554695909221968,,,delta_nll_and_approx_kl,sparse_saved_cross_anchor_same_token;oracle_is_H64_conditioned
global_output,gov_report:2,gov_report::gov_report:2,gov_report,v_ridge_leverage,0,48,48,49,48,64,True,15.0,1070.0,0.0002732051133662594,0.000374380621828152,-0.0001011755084618926,0.0002617008882993226,0.00036548373535447224,-0.00010378284705514962,0.39595761771003407,0.4751158195237319,-0.07915820181369781,,,delta_nll_and_approx_kl,sparse_saved_cross_anchor_same_token;oracle_is_H64_conditioned
global_output,gov_report:3,gov_report::gov_report:3,gov_report,attention_weighted_v_ridge_leverage,0,48,48,49,48,64,True,553.0,943.0,0.016462283400642264,0.0011210704276436445,0.015341212972998619,0.013874898559039719,0.0006989111567898953,0.013175987402249824,0.28914562861124676,0.16807790473103523,0.12106772388021153,,,delta_nll_and_approx_kl,sparse_saved_cross_anchor_same_token;oracle_is_H64_conditioned
global_output,gov_report:3,gov_report::gov_report:3,gov_report,future_attention_oracle,0,48,48,49,48,64,True,553.0,943.0,-0.00014486913028122217,-0.00010660597513378889,-3.826315514743328e-05,0.00012074481043889028,2.939007943871368e-05,9.13547310001766e-05,0.13088552902142206,0.10269005596637726,0.0281954730550448,,,delta_nll_and_approx_kl,sparse_saved_cross_anchor_same_token;oracle_is_H64_conditioned
global_output,gov_report:3,gov_report::gov_report:3,gov_report,snapkv,0,48,48,49,48,64,True,553.0,943.0,0.027972517726766455,9.59956628321379e-06,0.02796291816048324,0.030155307921575787,2.2326533104779203e-05,0.03013298138847101,0.45040885359048843,0.13780522346496582,0.3126036301255226,,,delta_nll_and_approx_kl,sparse_saved_cross_anchor_same_token;oracle_is_H64_conditioned
global_output,gov_report:3,gov_report::gov_report:3,gov_report,v_ridge_leverage,0,48,48,49,48,64,True,553.0,943.0,0.008281856035637247,0.0012764117734604952,0.007005444262176752,0.006160160288848747,0.000455197062665618,0.005704963226183128,0.3778911766906579,0.39770105356971425,-0.019809876879056332,,,delta_nll_and_approx_kl,sparse_saved_cross_anchor_same_token;oracle_is_H64_conditioned
global_output,gov_report:4,gov_report::gov_report:4,gov_report,attention_weighted_v_ridge_leverage,0,48,48,49,48,64,True,23148.0,1029.0,0.03602396822534715,0.01142190149985467,0.024602066725492477,0.0233444736717937,0.004752240356033464,0.018592233315760237,0.29827822744846344,0.22765123844146729,0.07062698900699615,,,delta_nll_and_approx_kl,sparse_saved_cross_anchor_same_token;oracle_is_H64_conditioned
global_output,gov_report:4,gov_report::gov_report:4,gov_report,future_attention_oracle,0,48,48,49,48,64,True,23148.0,1029.0,0.015286731859671221,0.0018520731013289549,0.013434658758342266,0.008450489488236743,0.00035190840234081166,0.008098581085895932,0.2626260481774807,0.15438223319749036,0.10824381497999033,,,delta_nll_and_approx_kl,sparse_saved_cross_anchor_same_token;oracle_is_H64_conditioned
global_output,gov_report:4,gov_report::gov_report:4,gov_report,snapkv,0,48,48,49,48,64,True,23148.0,1029.0,1.6453146090265385,0.004138028575109587,1.641176580451429,1.6269713397882792,0.0019208563367520723,1.6250504834515271,0.7190773052473863,0.28841671471794444,0.4306605905294419,,,delta_nll_and_approx_kl,sparse_saved_cross_anchor_same_token;oracle_is_H64_conditioned
global_output,gov_report:4,gov_report::gov_report:4,gov_report,v_ridge_leverage,0,48,48,49,48,64,True,23148.0,1029.0,5.2062924256082646,4.320879255747425,0.8854131698608398,5.190363457713399,4.3333922178594895,0.8569712398539098,0.8277551134427389,0.6845678562919298,0.14318725715080904,,,delta_nll_and_approx_kl,sparse_saved_cross_anchor_same_token;oracle_is_H64_conditioned
global_output,reasoning_long_generation_0,reasoning_long_generation::reasoning_long_generation_0,reasoning_long_generation,attention_weighted_v_ridge_leverage,0,48,48,49,48,64,True,13.0,536.0,0.07115053497427937,6.460505304062281e-06,0.0711440744689753,0.07110625106937597,1.8418786269060966e-06,0.07110440919074906,0.7238109943767389,0.29099226246277493,0.43281873191396397,,,delta_nll_and_approx_kl,sparse_saved_cross_anchor_same_token;oracle_is_H64_conditioned
global_output,reasoning_long_generation_0,reasoning_long_generation::reasoning_long_generation_0,reasoning_long_generation,future_attention_oracle,0,48,48,49,48,64,True,13.0,536.0,0.04875358306044575,3.8095340926247445e-07,0.048753202107036486,0.04870796243115205,1.3692293667552653e-08,0.048707948738858385,0.7196395415812731,0.013280454402168592,0.7063590871791045,,,delta_nll_and_approx_kl,sparse_saved_cross_anchor_same_token;oracle_is_H64_conditioned
global_output,reasoning_long_generation_0,reasoning_long_generation::reasoning_long_generation_0,reasoning_long_generation,snapkv,0,48,48,49,48,64,True,13.0,536.0,0.03934361152523991,1.4253846813971904e-07,0.03934346898677177,0.03929286177918959,1.1008604330875602e-08,0.03929285077058526,0.7354811976353327,0.017563917208462954,0.7179172804268698,,,delta_nll_and_approx_kl,sparse_saved_cross_anchor_same_token;oracle_is_H64_conditioned
global_output,reasoning_long_generation_0,reasoning_long_generation::reasoning_long_generation_0,reasoning_long_generation,v_ridge_leverage,0,48,48,49,48,64,True,13.0,536.0,0.07398242615336414,1.6473803682970356e-05,0.07396595234968117,0.07393691298417526,5.699776419898224e-06,0.07393121320775536,0.7511794505019983,0.20621867012232542,0.5449607803796729,,,delta_nll_and_approx_kl,sparse_saved_cross_anchor_same_token;oracle_is_H64_conditioned
global_output,reasoning_long_generation_1,reasoning_long_generation::reasoning_long_generation_1,reasoning_long_generation,attention_weighted_v_ridge_leverage,0,48,48,49,48,64,True,220.0,533.0,0.01590685180129725,0.02055688208641726,-0.00465003028512001,0.0101916121778793,0.014081885696595122,-0.0038902735187158217,0.3728359155356884,0.31742516811937094,0.05541074741631746,,,delta_nll_and_approx_kl,sparse_saved_cross_anchor_same_token;oracle_is_H64_conditioned
global_output,reasoning_long_generation_1,reasoning_long_generation::reasoning_long_generation_1,reasoning_long_generation,future_attention_oracle,0,48,48,49,48,64,True,220.0,533.0,0.005233779612204614,0.00022515032181757988,0.005008629290387034,0.002403078618042895,9.152450500379527e-06,0.0023939261675425152,0.09834899039318164,0.0238286293266962,0.07452036106648544,,,delta_nll_and_approx_kl,sparse_saved_cross_anchor_same_token;oracle_is_H64_conditioned
global_output,reasoning_long_generation_1,reasoning_long_generation::reasoning_long_generation_1,reasoning_long_generation,snapkv,0,48,48,49,48,64,True,220.0,533.0,0.006117570276579443,0.00044398621397334637,0.005673584062606096,0.0030007770442032904,3.4382287138018166e-05,0.0029663947570652723,0.1179839838296175,0.046386622435723744,0.07159736139389375,,,delta_nll_and_approx_kl,sparse_saved_cross_anchor_same_token;oracle_is_H64_conditioned
global_output,reasoning_long_generation_1,reasoning_long_generation::reasoning_long_generation_1,reasoning_long_generation,v_ridge_leverage,0,48,48,49,48,64,True,220.0,533.0,0.015773922267577234,0.024727778571865144,-0.00895385630428791,0.009898041247253457,0.017698184786922862,-0.007800143539669405,0.18630509171634912,0.30691633738266927,-0.12061124566632014,,,delta_nll_and_approx_kl,sparse_saved_cross_anchor_same_token;oracle_is_H64_conditioned
global_output,reasoning_long_generation_2,reasoning_long_generation::reasoning_long_generation_2,reasoning_long_generation,attention_weighted_v_ridge_leverage,0,48,48,49,48,64,True,304.0,535.0,-0.09850060237154779,-0.018544771201465693,-0.07995583117008209,0.029232877806428713,0.004218185382397344,0.02501469242403137,0.39193559375902015,0.3189895488321781,0.07294604492684204,,,delta_nll_and_approx_kl,sparse_saved_cross_anchor_same_token;oracle_is_H64_conditioned
global_output,reasoning_long_generation_2,reasoning_long_generation::reasoning_long_generation_2,reasoning_long_generation,future_attention_oracle,0,48,48,49,48,64,True,304.0,535.0,-0.031665631062839594,0.005352638237621221,-0.037018269300460815,0.004352005711668997,0.0003259400441628889,0.004026065667506108,0.23054060650368532,0.02328796995182832,0.207252636551857,,,delta_nll_and_approx_kl,sparse_saved_cross_anchor_same_token;oracle_is_H64_conditioned
global_output,reasoning_long_generation_2,reasoning_long_generation::reasoning_long_generation_2,reasoning_long_generation,snapkv,0,48,48,49,48,64,True,304.0,535.0,-0.045705266721103754,0.015740863554622564,-0.06144613027572632,0.010376398682448721,0.0015847455179819826,0.008791653164466739,0.23861251212656498,0.0386099424213171,0.20000256970524788,,,delta_nll_and_approx_kl,sparse_saved_cross_anchor_same_token;oracle_is_H64_conditioned
global_output,reasoning_long_generation_2,reasoning_long_generation::reasoning_long_generation_2,reasoning_long_generation,v_ridge_leverage,0,48,48,49,48,64,True,304.0,535.0,-0.030871399171207514,0.07065712618127051,-0.10152852535247803,0.13390881048066933,0.03356998792495071,0.10033882255571862,0.38919047514597577,0.29967738315463066,0.0895130919913451,,,delta_nll_and_approx_kl,sparse_saved_cross_anchor_same_token;oracle_is_H64_conditioned
global_output,reasoning_long_generation_3,reasoning_long_generation::reasoning_long_generation_3,reasoning_long_generation,attention_weighted_v_ridge_leverage,0,48,48,49,48,64,True,23316.0,545.0,0.3407627016065362,0.0759282678125146,0.2648344337940216,0.15978004682255056,0.021416006747404445,0.13836404007514613,0.18498615698384432,0.13456876998558678,0.05041738699825754,,,delta_nll_and_approx_kl,sparse_saved_cross_anchor_same_token;oracle_is_H64_conditioned
global_output,reasoning_long_generation_3,reasoning_long_generation::reasoning_long_generation_3,reasoning_long_generation,future_attention_oracle,0,48,48,49,48,64,True,23316.0,545.0,0.005416509485030474,0.028418061113143267,-0.023001551628112793,0.012122309892908963,0.002645913159237287,0.009476396733671677,0.13360959182258134,0.04480743437303166,0.08880215744954967,,,delta_nll_and_approx_kl,sparse_saved_cross_anchor_same_token;oracle_is_H64_conditioned
global_output,reasoning_long_generation_3,reasoning_long_generation::reasoning_long_generation_3,reasoning_long_generation,snapkv,0,48,48,49,48,64,True,23316.0,545.0,0.02655359802224666,0.04032763538339168,-0.01377403736114502,0.036671036745831345,0.019817810831426044,0.0168532259144053,0.17225098407592063,0.09470664958159129,0.07754433449432933,,,delta_nll_and_approx_kl,sparse_saved_cross_anchor_same_token;oracle_is_H64_conditioned
global_output,reasoning_long_generation_3,reasoning_long_generation::reasoning_long_generation_3,reasoning_long_generation,v_ridge_leverage,0,48,48,49,48,64,True,23316.0,545.0,0.9549183517453912,0.4982666641233209,0.4566516876220703,0.6421394059775505,0.24097363847982822,0.40116576749772226,0.21404243410991816,0.20912916259112535,0.004913271518792811,,,delta_nll_and_approx_kl,sparse_saved_cross_anchor_same_token;oracle_is_H64_conditioned
global_output,reasoning_long_generation_4,reasoning_long_generation::reasoning_long_generation_4,reasoning_long_generation,attention_weighted_v_ridge_leverage,0,48,48,49,48,64,True,510.0,543.0,0.9205628235699947,0.021734555518847287,0.8988282680511475,0.3023539903977116,0.0014112429255187572,0.30094274747219285,0.17514183248082796,0.13174417583892742,0.04339765664190054,,,delta_nll_and_approx_kl,sparse_saved_cross_anchor_same_token;oracle_is_H64_conditioned
global_output,reasoning_long_generation_4,reasoning_long_generation::reasoning_long_generation_4,reasoning_long_generation,future_attention_oracle,0,48,48,49,48,64,True,510.0,543.0,0.9227045376660641,0.008651514804583371,0.9140530228614807,0.3144693247293782,0.0001081744131664423,0.31436115031621176,0.15518415781358877,0.01318372021584461,0.14200043759774417,,,delta_nll_and_approx_kl,sparse_saved_cross_anchor_same_token;oracle_is_H64_conditioned
global_output,reasoning_long_generation_4,reasoning_long_generation::reasoning_long_generation_4,reasoning_long_generation,snapkv,0,48,48,49,48,64,True,510.0,543.0,1.0014273722531613,0.011877556598406613,0.9895498156547546,0.33098631050600674,0.00016156036571871773,0.330824750140288,0.17858056786159673,0.03118046202386419,0.14740010583773255,,,delta_nll_and_approx_kl,sparse_saved_cross_anchor_same_token;oracle_is_H64_conditioned
global_output,reasoning_long_generation_4,reasoning_long_generation::reasoning_long_generation_4,reasoning_long_generation,v_ridge_leverage,0,48,48,49,48,64,True,510.0,543.0,0.9671092827679928,0.011858304298144162,0.9552509784698486,0.34709382405316663,0.0020637638862280993,0.34503006016693855,0.19418544818957648,0.12603576784022152,0.06814968034935495,,,delta_nll_and_approx_kl,sparse_saved_cross_anchor_same_token;oracle_is_H64_conditioned
global_output,synthetic_niah_0,niah_single_1::synthetic_niah_0,niah_single_1,attention_weighted_v_ridge_leverage,0,48,48,49,48,64,True,12239.0,1310.0,0.36500249612858227,0.05231581438114574,0.3126866817474365,0.12035483292000461,0.029094926857461376,0.09125990606254324,0.2105627296708311,0.07887652277046679,0.1316862069003643,,,delta_nll_and_approx_kl,sparse_saved_cross_anchor_same_token;oracle_is_H64_conditioned
global_output,synthetic_niah_0,niah_single_1::synthetic_niah_0,niah_single_1,future_attention_oracle,0,48,48,49,48,64,True,12239.0,1310.0,0.3634872268491023,0.035895390396618154,0.32759183645248413,0.12346316003012263,0.02813190208508619,0.09533125794503644,0.20928267186961116,0.08006273015875347,0.1292199417108577,,,delta_nll_and_approx_kl,sparse_saved_cross_anchor_same_token;oracle_is_H64_conditioned
global_output,synthetic_niah_0,niah_single_1::synthetic_niah_0,niah_single_1,snapkv,0,48,48,49,48,64,True,12239.0,1310.0,0.32409392107059887,-0.18332804929683277,0.5074219703674316,0.09277099114895818,0.08820147208283001,0.0045695190661281665,0.21945465463977598,0.19470465454746014,0.024750000092315844,,,delta_nll_and_approx_kl,sparse_saved_cross_anchor_same_token;oracle_is_H64_conditioned
global_output,synthetic_niah_0,niah_single_1::synthetic_niah_0,niah_single_1,v_ridge_leverage,0,48,48,49,48,64,True,12239.0,1310.0,0.36884198892643383,0.06311128843357494,0.3057307004928589,0.12126593069414156,0.029762408595959713,0.09150352209818184,0.21364340926750933,0.08698922854879736,0.12665418071871198,,,delta_nll_and_approx_kl,sparse_saved_cross_anchor_same_token;oracle_is_H64_conditioned
global_output,synthetic_niah_1,niah_single_1::synthetic_niah_1,niah_single_1,attention_weighted_v_ridge_leverage,0,48,48,49,48,64,True,8500.0,1312.0,0.15386092080805724,0.08693563356135314,0.0669252872467041,0.09015817470856836,0.0027466908231932674,0.08741148388537509,0.17608292742321888,0.04674850373218457,0.12933442369103432,,,delta_nll_and_approx_kl,sparse_saved_cross_anchor_same_token;oracle_is_H64_conditioned
global_output,synthetic_niah_1,niah_single_1::synthetic_niah_1,niah_single_1,future_attention_oracle,0,48,48,49,48,64,True,8500.0,1312.0,0.13375436677668517,0.000914091012219842,0.13284027576446533,0.08427290343203483,0.0009519962906323143,0.08332090714140251,0.16525031781444946,0.02594836599503954,0.1393019518194099,,,delta_nll_and_approx_kl,sparse_saved_cross_anchor_same_token;oracle_is_H64_conditioned
global_output,synthetic_niah_1,niah_single_1::synthetic_niah_1,niah_single_1,snapkv,0,48,48,49,48,64,True,8500.0,1312.0,0.30032157315943664,0.41387819661829894,-0.1135566234588623,0.1101838024904119,0.053919105672702534,0.05626469681770937,0.16972006733218828,0.03990260620291034,0.12981746112927794,,,delta_nll_and_approx_kl,sparse_saved_cross_anchor_same_token;oracle_is_H64_conditioned
global_output,synthetic_niah_1,niah_single_1::synthetic_niah_1,niah_single_1,v_ridge_leverage,0,48,48,49,48,64,True,8500.0,1312.0,0.1795479001018805,0.0648506821605963,0.11469721794128418,0.09276272462710848,0.0025346974300254664,0.09022802719708302,0.1796378285313646,0.04255580808967352,0.13708202044169107,,,delta_nll_and_approx_kl,sparse_saved_cross_anchor_same_token;oracle_is_H64_conditioned
global_output,synthetic_niah_2,niah_single_1::synthetic_niah_2,niah_single_1,attention_weighted_v_ridge_leverage,0,48,48,49,48,64,True,16587.0,1310.0,-0.10406779980254299,0.009006979707955054,-0.11307477951049805,0.20369716442409339,0.0005630057452453858,0.203134158678848,0.1876835816850265,0.03390167381924888,0.1537819078657776,,,delta_nll_and_approx_kl,sparse_saved_cross_anchor_same_token;oracle_is_H64_conditioned
global_output,synthetic_niah_2,niah_single_1::synthetic_niah_2,niah_single_1,future_attention_oracle,0,48,48,49,48,64,True,16587.0,1310.0,-0.013109562154532739,0.011593702081917456,-0.024703264236450195,0.19960674244451546,0.0003370917046236749,0.19926965073989178,0.17210038906584182,0.0186644170122842,0.15343597205355763,,,delta_nll_and_approx_kl,sparse_saved_cross_anchor_same_token;oracle_is_H64_conditioned
global_output,synthetic_niah_2,niah_single_1::synthetic_niah_2,niah_single_1,snapkv,0,48,48,49,48,64,True,16587.0,1310.0,-0.07781576847624905,-0.004778859372855493,-0.07303690910339355,0.1988450319084435,0.0006155947786765219,0.19822943712976698,0.17613909114152193,0.021568640988940995,0.15457045015258095,,,delta_nll_and_approx_kl,sparse_saved_cross_anchor_same_token;oracle_is_H64_conditioned
global_output,synthetic_niah_2,niah_single_1::synthetic_niah_2,niah_single_1,v_ridge_leverage,0,48,48,49,48,64,True,16587.0,1310.0,-0.08829974865508206,0.0008784558813559329,-0.08917820453643799,0.20754912716740748,0.0005563254834358845,0.2069928016839716,0.19050676841288805,0.03389486732582251,0.15661190108706555,,,delta_nll_and_approx_kl,sparse_saved_cross_anchor_same_token;oracle_is_H64_conditioned
global_output,synthetic_niah_3,niah_single_1::synthetic_niah_3,niah_single_1,attention_weighted_v_ridge_leverage,0,48,48,49,48,64,True,358.0,1310.0,0.14413083679050942,0.0034943628963901574,0.14063647389411926,0.05970900105825977,0.0001012448498276823,0.05960775620843209,0.2578574437648058,0.04630309032897154,0.21155435343583426,,,delta_nll_and_approx_kl,sparse_saved_cross_anchor_same_token;oracle_is_H64_conditioned
global_output,synthetic_niah_3,niah_single_1::synthetic_niah_3,niah_single_1,future_attention_oracle,0,48,48,49,48,64,True,358.0,1310.0,0.15326089746326943,-0.0014552664104030555,0.15471616387367249,0.06357050236740863,3.762486411827234e-05,0.06353287750329036,0.23610858370860419,0.025224187411367893,0.2108843962972363,,,delta_nll_and_approx_kl,sparse_saved_cross_anchor_same_token;oracle_is_H64_conditioned
global_output,synthetic_niah_3,niah_single_1::synthetic_niah_3,niah_single_1,snapkv,0,48,48,49,48,64,True,358.0,1310.0,0.15018461233944436,0.0004572082218601281,0.14972740411758423,0.062419918318248065,3.5022048100103224e-05,0.06238489627014796,0.2390834540128708,0.03085154915849368,0.20823190485437712,,,delta_nll_and_approx_kl,sparse_saved_cross_anchor_same_token;oracle_is_H64_conditioned
global_output,synthetic_niah_3,niah_single_1::synthetic_niah_3,niah_single_1,v_ridge_leverage,0,48,48,49,48,64,True,358.0,1310.0,0.15197108275265236,0.0030951905903293664,0.148875892162323,0.06452659079914527,0.00010429410310068901,0.06442229669604459,0.26201921328902245,0.04866886946062247,0.21335034382839999,,,delta_nll_and_approx_kl,sparse_saved_cross_anchor_same_token;oracle_is_H64_conditioned
global_output,synthetic_niah_4,niah_single_1::synthetic_niah_4,niah_single_1,attention_weighted_v_ridge_leverage,0,48,48,49,48,64,True,74.0,1312.0,4.413168551664626e-05,-5.694134070921564e-06,4.982581958756782e-05,2.297112570521375e-05,3.1650681799922054e-07,2.2654618887214528e-05,0.3094215467572212,0.06249459545748929,0.24692695129973194,,,delta_nll_and_approx_kl,sparse_saved_cross_anchor_same_token;oracle_is_H64_conditioned
global_output,synthetic_niah_4,niah_single_1::synthetic_niah_4,niah_single_1,future_attention_oracle,0,48,48,49,48,64,True,74.0,1312.0,2.7205487075576684e-05,-4.621305034646639e-06,3.182679211022332e-05,1.2886547382413701e-05,2.1664640242018504e-07,1.2669900979993517e-05,0.2379541229456663,0.038992532063275576,0.19896159088239074,,,delta_nll_and_approx_kl,sparse_saved_cross_anchor_same_token;oracle_is_H64_conditioned
global_output,synthetic_niah_4,niah_single_1::synthetic_niah_4,niah_single_1,snapkv,0,48,48,49,48,64,True,74.0,1312.0,2.3748694164993367e-05,-3.906082039151215e-06,2.7654776204144582e-05,1.1344117868591533e-05,1.6365081175260825e-07,1.1180467056838925e-05,0.2409048123906056,0.048154923832044005,0.1927498885585616,,,delta_nll_and_approx_kl,sparse_saved_cross_anchor_same_token;oracle_is_H64_conditioned
global_output,synthetic_niah_4,niah_single_1::synthetic_niah_4,niah_single_1,v_ridge_leverage,0,48,48,49,48,64,True,74.0,1312.0,1.719267072886055e-05,-5.217322378570088e-06,2.2409993107430637e-05,9.656152483270167e-06,2.954691023961962e-07,9.36068338087397e-06,0.2630065840979417,0.06092326424550265,0.20208331985243905,,,delta_nll_and_approx_kl,sparse_saved_cross_anchor_same_token;oracle_is_H64_conditioned
global_output,gov_report:0,gov_report::gov_report:0,gov_report,attention_weighted_v_ridge_leverage,16,48,32,33,48,64,True,9954.0,968.0,0.004180747778374183,0.0001868448990727245,0.003993902879301459,0.003038441280803647,0.00017916879441072948,0.0028592724863929176,0.26986047128836316,0.18631753077109656,0.0835429405172666,,,delta_nll_and_approx_kl,sparse_saved_cross_anchor_same_token;oracle_is_H64_conditioned
global_output,gov_report:0,gov_report::gov_report:0,gov_report,future_attention_oracle,16,48,32,33,48,64,True,9954.0,968.0,0.002434664634275663,-0.00013800408203579195,0.0025726687163114548,0.0014846822544328313,4.92415623482507e-05,0.0014354406920845807,0.20491760037839413,0.11737697757780552,0.08754062280058861,,,delta_nll_and_approx_kl,sparse_saved_cross_anchor_same_token;oracle_is_H64_conditioned
global_output,gov_report:0,gov_report::gov_report:0,gov_report,snapkv,16,48,32,33,48,64,True,9954.0,968.0,0.0022157439917656063,-0.0002790787592665822,0.0024948227510321885,0.0013239192926759163,0.00011102129167875117,0.001212898000997165,0.24299550553162894,0.11658602704604466,0.12640947848558426,,,delta_nll_and_approx_kl,sparse_saved_cross_anchor_same_token;oracle_is_H64_conditioned
global_output,gov_report:0,gov_report::gov_report:0,gov_report,v_ridge_leverage,16,48,32,33,48,64,True,9954.0,968.0,0.04074939316626214,0.0036349047396662115,0.037114488426595926,0.038409235172791385,0.002824970526729795,0.03558426464606159,0.4623636156320572,0.3446033795674642,0.11776023606459302,,,delta_nll_and_approx_kl,sparse_saved_cross_anchor_same_token;oracle_is_H64_conditioned
global_output,gov_report:1,gov_report::gov_report:1,gov_report,attention_weighted_v_ridge_leverage,16,48,32,33,48,64,True,17.0,1009.0,0.365942368290753,0.00041410781665973673,0.36552826047409326,0.3646465403390581,0.00020585215886929673,0.36444068818018877,0.4578084759414196,0.42203075004120666,0.03577772590021294,,,delta_nll_and_approx_kl,sparse_saved_cross_anchor_same_token;oracle_is_H64_conditioned
global_output,gov_report:1,gov_report::gov_report:1,gov_report,future_attention_oracle,16,48,32,33,48,64,True,17.0,1009.0,0.0030448844259538532,2.881198788884376e-06,0.003042003227164969,0.0025551464551115503,1.3140788474321027e-06,0.002553832376264118,0.21444006015857062,0.08583313940713803,0.1286069207514326,,,delta_nll_and_approx_kl,sparse_saved_cross_anchor_same_token;oracle_is_H64_conditioned
global_output,gov_report:1,gov_report::gov_report:1,gov_report,snapkv,16,48,32,33,48,64,True,17.0,1009.0,0.00760480249989115,-2.8465227323692943e-05,0.007633267727214843,0.006968162009107241,8.163409278610248e-06,0.006959998599828631,0.2843690092364947,0.10208098823204637,0.18228802100444835,,,delta_nll_and_approx_kl,sparse_saved_cross_anchor_same_token;oracle_is_H64_conditioned
global_output,gov_report:1,gov_report::gov_report:1,gov_report,v_ridge_leverage,16,48,32,33,48,64,True,17.0,1009.0,0.3515678141334959,0.0013777007184856416,0.3501901134150103,0.3502841353214406,0.0010129375567491038,0.3492711977646915,0.3803702959169944,0.3119593703498443,0.06841092556715012,,,delta_nll_and_approx_kl,sparse_saved_cross_anchor_same_token;oracle_is_H64_conditioned
global_output,gov_report:2,gov_report::gov_report:2,gov_report,attention_weighted_v_ridge_leverage,16,48,32,33,48,64,True,15.0,1070.0,1.2175028054173254e-05,1.0625330936875343e-05,1.5496971172979102e-06,8.096440503590295e-06,6.2676076790371e-06,1.8288328245531945e-06,0.4553797282278538,0.3800629998246829,0.07531672840317089,,,delta_nll_and_approx_kl,sparse_saved_cross_anchor_same_token;oracle_is_H64_conditioned
global_output,gov_report:2,gov_report::gov_report:2,gov_report,future_attention_oracle,16,48,32,33,48,64,True,15.0,1070.0,8.24117697817428e-06,-2.2261573207060792e-07,8.463792710244888e-06,4.106714710893431e-06,2.654071122395924e-08,4.080173999669472e-06,0.20109821980198225,0.12251375398288171,0.07858446581910054,,,delta_nll_and_approx_kl,sparse_saved_cross_anchor_same_token;oracle_is_H64_conditioned
global_output,gov_report:2,gov_report::gov_report:2,gov_report,snapkv,16,48,32,33,48,64,True,15.0,1070.0,2.8768094253450727e-06,-1.5339138244030437e-06,4.410723249748116e-06,1.6488139815348564e-06,5.456213419054461e-07,1.1031926396294102e-06,0.29517608135938644,0.23898804311951002,0.05618803823987642,,,delta_nll_and_approx_kl,sparse_saved_cross_anchor_same_token;oracle_is_H64_conditioned
global_output,gov_report:2,gov_report::gov_report:2,gov_report,v_ridge_leverage,16,48,32,33,48,64,True,15.0,1070.0,0.00019800205237885393,0.000374380621828152,-0.00017637856944929808,0.00018897053408399646,0.00036548373535447224,-0.00017651320127047579,0.4185627078016599,0.4751158195237319,-0.056553111722072,,,delta_nll_and_approx_kl,sparse_saved_cross_anchor_same_token;oracle_is_H64_conditioned
global_output,gov_report:3,gov_report::gov_report:3,gov_report,attention_weighted_v_ridge_leverage,16,48,32,33,48,64,True,553.0,943.0,0.021390387980090964,0.0011210704276436445,0.02026931755244732,0.018781775316464206,0.0006989111567898953,0.018082864159674313,0.28397201249996823,0.16807790473103523,0.115894107768933,,,delta_nll_and_approx_kl,sparse_saved_cross_anchor_same_token;oracle_is_H64_conditioned
global_output,gov_report:3,gov_report::gov_report:3,gov_report,future_attention_oracle,16,48,32,33,48,64,True,553.0,943.0,6.035394790160353e-06,-0.00010660597513378889,0.00011264136992394924,7.999485911740129e-05,2.939007943871368e-05,5.060477967868761e-05,0.1189330704510212,0.10269005596637726,0.016243014484643936,,,delta_nll_and_approx_kl,sparse_saved_cross_anchor_same_token;oracle_is_H64_conditioned
global_output,gov_report:3,gov_report::gov_report:3,gov_report,snapkv,16,48,32,33,48,64,True,553.0,943.0,-0.001189941581515086,9.59956628321379e-06,-0.0011995411477982998,0.0006272648496201378,2.2326533104779203e-05,0.0006049383165153586,0.22143857181072235,0.13780522346496582,0.08363334834575653,,,delta_nll_and_approx_kl,sparse_saved_cross_anchor_same_token;oracle_is_H64_conditioned
global_output,gov_report:3,gov_report::gov_report:3,gov_report,v_ridge_leverage,16,48,32,33,48,64,True,553.0,943.0,0.010422493522810328,0.0012764117734604952,0.009146081749349833,0.008084453780829323,0.000455197062665618,0.007629256718163705,0.3837646258374055,0.39770105356971425,-0.013936427732308743,,,delta_nll_and_approx_kl,sparse_saved_cross_anchor_same_token;oracle_is_H64_conditioned
global_output,gov_report:4,gov_report::gov_report:4,gov_report,attention_weighted_v_ridge_leverage,16,48,32,33,48,64,True,23148.0,1029.0,0.02815308920107995,0.01142190149985467,0.01673118770122528,0.01753667800772066,0.004752240356033464,0.012784437651687196,0.2741635739803314,0.22765123844146729,0.046512335538864136,,,delta_nll_and_approx_kl,sparse_saved_cross_anchor_same_token;oracle_is_H64_conditioned
global_output,gov_report:4,gov_report::gov_report:4,gov_report,future_attention_oracle,16,48,32,33,48,64,True,23148.0,1029.0,0.022423529392110453,0.0018520731013289549,0.020571456290781498,0.013942582288763716,0.00035190840234081166,0.013590673886422905,0.22670562627414861,0.15438223319749036,0.07232339307665825,,,delta_nll_and_approx_kl,sparse_saved_cross_anchor_same_token;oracle_is_H64_conditioned
global_output,gov_report:4,gov_report::gov_report:4,gov_report,snapkv,16,48,32,33,48,64,True,23148.0,1029.0,1.6035516609903446,0.004138028575109587,1.599413632415235,1.5905862004650944,0.0019208563367520723,1.5886653441283423,0.560706460227569,0.28841671471794444,0.27228974550962454,,,delta_nll_and_approx_kl,sparse_saved_cross_anchor_same_token;oracle_is_H64_conditioned
global_output,gov_report:4,gov_report::gov_report:4,gov_report,v_ridge_leverage,16,48,32,33,48,64,True,23148.0,1029.0,5.990635668253528,4.320879255747425,1.6697564125061035,5.966435691662341,4.3333922178594895,1.6330434738028519,0.8336102652053038,0.6845678562919298,0.14904240891337395,,,delta_nll_and_approx_kl,sparse_saved_cross_anchor_same_token;oracle_is_H64_conditioned
global_output,reasoning_long_generation_0,reasoning_long_generation::reasoning_long_generation_0,reasoning_long_generation,attention_weighted_v_ridge_leverage,16,48,32,33,48,64,True,13.0,536.0,0.09342388920659062,6.460505304062281e-06,0.09341742870128655,0.09337711576062853,1.8418786269060966e-06,0.09337527388200162,0.7148958382507166,0.29099226246277493,0.42390357578794163,,,delta_nll_and_approx_kl,sparse_saved_cross_anchor_same_token;oracle_is_H64_conditioned
global_output,reasoning_long_generation_0,reasoning_long_generation::reasoning_long_generation_0,reasoning_long_generation,future_attention_oracle,16,48,32,33,48,64,True,13.0,536.0,0.06040059514516827,3.8095340926247445e-07,0.060400214191759005,0.060347762458159634,1.3692293667552653e-08,0.06034774876586597,0.7097183472166458,0.013280454402168592,0.6964378928144772,,,delta_nll_and_approx_kl,sparse_saved_cross_anchor_same_token;oracle_is_H64_conditioned
global_output,reasoning_long_generation_0,reasoning_long_generation::reasoning_long_generation_0,reasoning_long_generation,snapkv,16,48,32,33,48,64,True,13.0,536.0,0.05000962801450726,1.4253846813971904e-07,0.05000948547603912,0.04995260381149044,1.1008604330875602e-08,0.04995259280288611,0.7217619027942419,0.017563917208462954,0.704197985585779,,,delta_nll_and_approx_kl,sparse_saved_cross_anchor_same_token;oracle_is_H64_conditioned
global_output,reasoning_long_generation_0,reasoning_long_generation::reasoning_long_generation_0,reasoning_long_generation,v_ridge_leverage,16,48,32,33,48,64,True,13.0,536.0,0.09098003171557423,1.6473803682970356e-05,0.09096355791189126,0.09092882638832658,5.699776419898224e-06,0.09092312661190668,0.7491056006401777,0.20621867012232542,0.5428869305178523,,,delta_nll_and_approx_kl,sparse_saved_cross_anchor_same_token;oracle_is_H64_conditioned
global_output,reasoning_long_generation_1,reasoning_long_generation::reasoning_long_generation_1,reasoning_long_generation,attention_weighted_v_ridge_leverage,16,48,32,33,48,64,True,220.0,533.0,0.007541472154876772,0.02055688208641726,-0.01301540993154049,0.003810493990670824,0.014081885696595122,-0.0102713917059243,0.36118614363173646,0.31742516811937094,0.04376097551236552,,,delta_nll_and_approx_kl,sparse_saved_cross_anchor_same_token;oracle_is_H64_conditioned
global_output,reasoning_long_generation_1,reasoning_long_generation::reasoning_long_generation_1,reasoning_long_generation,future_attention_oracle,16,48,32,33,48,64,True,220.0,533.0,0.0031277463466139466,0.00022515032181757988,0.0029025960247963667,0.00110725107880836,9.152450500379527e-06,0.0010980986283079806,0.09114847363283236,0.0238286293266962,0.06731984430613616,,,delta_nll_and_approx_kl,sparse_saved_cross_anchor_same_token;oracle_is_H64_conditioned
global_output,reasoning_long_generation_1,reasoning_long_generation::reasoning_long_generation_1,reasoning_long_generation,snapkv,16,48,32,33,48,64,True,220.0,533.0,0.004149439341595951,0.00044398621397334637,0.0037054531276226044,0.001649798386490931,3.4382287138018166e-05,0.0016154160993529128,0.11343916567663352,0.046386622435723744,0.06705254324090978,,,delta_nll_and_approx_kl,sparse_saved_cross_anchor_same_token;oracle_is_H64_conditioned
global_output,reasoning_long_generation_1,reasoning_long_generation::reasoning_long_generation_1,reasoning_long_generation,v_ridge_leverage,16,48,32,33,48,64,True,220.0,533.0,0.023187855321189943,0.024727778571865144,-0.0015399232506752014,0.01628792223738559,0.017698184786922862,-0.0014102625495372723,0.18476734713961682,0.30691633738266927,-0.12214899024305245,,,delta_nll_and_approx_kl,sparse_saved_cross_anchor_same_token;oracle_is_H64_conditioned
global_output,reasoning_long_generation_2,reasoning_long_generation::reasoning_long_generation_2,reasoning_long_generation,attention_weighted_v_ridge_leverage,16,48,32,33,48,64,True,304.0,535.0,-0.09502335680231866,-0.018544771201465693,-0.07647858560085297,0.0241151859170565,0.004218185382397344,0.019897000534659155,0.38244830071926117,0.3189895488321781,0.06345875188708305,,,delta_nll_and_approx_kl,sparse_saved_cross_anchor_same_token;oracle_is_H64_conditioned
global_output,reasoning_long_generation_2,reasoning_long_generation::reasoning_long_generation_2,reasoning_long_generation,future_attention_oracle,16,48,32,33,48,64,True,304.0,535.0,-0.0074195940564614205,0.005352638237621221,-0.012772232294082642,0.0024241717196432366,0.0003259400441628889,0.0020982316754803478,0.21425116962442795,0.02328796995182832,0.19096319967259962,,,delta_nll_and_approx_kl,sparse_saved_cross_anchor_same_token;oracle_is_H64_conditioned
global_output,reasoning_long_generation_2,reasoning_long_generation::reasoning_long_generation_2,reasoning_long_generation,snapkv,16,48,32,33,48,64,True,304.0,535.0,-0.012807794339511958,0.015740863554622564,-0.02854865789413452,0.005605074011258939,0.0015847455179819826,0.004020328493276956,0.21906324538091818,0.0386099424213171,0.18045330295960108,,,delta_nll_and_approx_kl,sparse_saved_cross_anchor_same_token;oracle_is_H64_conditioned
global_output,reasoning_long_generation_2,reasoning_long_generation::reasoning_long_generation_2,reasoning_long_generation,v_ridge_leverage,16,48,32,33,48,64,True,304.0,535.0,0.03879096316590491,0.07065712618127051,-0.0318661630153656,0.11217148540094019,0.03356998792495071,0.07860149747598948,0.37396127233902615,0.29967738315463066,0.07428388918439549,,,delta_nll_and_approx_kl,sparse_saved_cross_anchor_same_token;oracle_is_H64_conditioned
global_output,reasoning_long_generation_3,reasoning_long_generation::reasoning_long_generation_3,reasoning_long_generation,attention_weighted_v_ridge_leverage,16,48,32,33,48,64,True,23316.0,545.0,0.39342727956750423,0.0759282678125146,0.3174990117549896,0.1850558281053375,0.021416006747404445,0.16363982135793304,0.1687762335198689,0.13456876998558678,0.03420746353428211,,,delta_nll_and_approx_kl,sparse_saved_cross_anchor_same_token;oracle_is_H64_conditioned
global_output,reasoning_long_generation_3,reasoning_long_generation::reasoning_long_generation_3,reasoning_long_generation,future_attention_oracle,16,48,32,33,48,64,True,23316.0,545.0,-0.0006547600271460396,0.028418061113143267,-0.029072821140289307,0.006255605758863369,0.002645913159237287,0.0036096925996260817,0.11316223802047413,0.04480743437303166,0.06835480364744248,,,delta_nll_and_approx_kl,sparse_saved_cross_anchor_same_token;oracle_is_H64_conditioned
global_output,reasoning_long_generation_3,reasoning_long_generation::reasoning_long_generation_3,reasoning_long_generation,snapkv,16,48,32,33,48,64,True,23316.0,545.0,0.043168303346419634,0.04032763538339168,0.002840667963027954,0.029055906171201185,0.019817810831426044,0.00923809533977514,0.15666659846283437,0.09470664958159129,0.06195994888124308,,,delta_nll_and_approx_kl,sparse_saved_cross_anchor_same_token;oracle_is_H64_conditioned
global_output,reasoning_long_generation_3,reasoning_long_generation::reasoning_long_generation_3,reasoning_long_generation,v_ridge_leverage,16,48,32,33,48,64,True,23316.0,545.0,1.0975376039502862,0.4982666641233209,0.5992709398269653,0.7444692220351521,0.24097363847982822,0.5034955835553239,0.207334202553587,0.20912916259112535,-0.0017949600375383457,,,delta_nll_and_approx_kl,sparse_saved_cross_anchor_same_token;oracle_is_H64_conditioned
global_output,reasoning_long_generation_4,reasoning_long_generation::reasoning_long_generation_4,reasoning_long_generation,attention_weighted_v_ridge_leverage,16,48,32,33,48,64,True,510.0,543.0,0.6534107525708492,0.021734555518847287,0.631676197052002,0.19036751874080263,0.0014112429255187572,0.18895627581528388,0.1675616279244423,0.13174417583892742,0.03581745208551487,,,delta_nll_and_approx_kl,sparse_saved_cross_anchor_same_token;oracle_is_H64_conditioned
global_output,reasoning_long_generation_4,reasoning_long_generation::reasoning_long_generation_4,reasoning_long_generation,future_attention_oracle,16,48,32,33,48,64,True,510.0,543.0,0.6480321486356075,0.008651514804583371,0.6393806338310242,0.20367111400894963,0.0001081744131664423,0.2035629395957832,0.13507070889075598,0.01318372021584461,0.12188698867491136,,,delta_nll_and_approx_kl,sparse_saved_cross_anchor_same_token;oracle_is_H64_conditioned
global_output,reasoning_long_generation_4,reasoning_long_generation::reasoning_long_generation_4,reasoning_long_generation,snapkv,16,48,32,33,48,64,True,510.0,543.0,0.7287368376614864,0.011877556598406613,0.7168592810630798,0.21529192882505643,0.00016156036571871773,0.21513036845933772,0.16382087456683317,0.03118046202386419,0.132640412542969,,,delta_nll_and_approx_kl,sparse_saved_cross_anchor_same_token;oracle_is_H64_conditioned
global_output,reasoning_long_generation_4,reasoning_long_generation::reasoning_long_generation_4,reasoning_long_generation,v_ridge_leverage,16,48,32,33,48,64,True,510.0,543.0,0.6285706360699947,0.011858304298144162,0.6167123317718506,0.20688966103081102,0.0020637638862280993,0.20482589714458294,0.17353980305294195,0.12603576784022152,0.047504035212720425,,,delta_nll_and_approx_kl,sparse_saved_cross_anchor_same_token;oracle_is_H64_conditioned
global_output,synthetic_niah_0,niah_single_1::synthetic_niah_0,niah_single_1,attention_weighted_v_ridge_leverage,16,48,32,33,48,64,True,12239.0,1310.0,0.0015001128964655663,0.05231581438114574,-0.050815701484680176,0.020050826288915694,0.029094926857461376,-0.009044100568545682,0.1725801340999169,0.07887652277046679,0.09370361132945011,,,delta_nll_and_approx_kl,sparse_saved_cross_anchor_same_token;oracle_is_H64_conditioned
global_output,synthetic_niah_0,niah_single_1::synthetic_niah_0,niah_single_1,future_attention_oracle,16,48,32,33,48,64,True,12239.0,1310.0,0.00531230676701,0.035895390396618154,-0.030583083629608154,0.023775246979839366,0.02813190208508619,-0.004356655105246823,0.17014307797277675,0.08006273015875347,0.09008034781402328,,,delta_nll_and_approx_kl,sparse_saved_cross_anchor_same_token;oracle_is_H64_conditioned
global_output,synthetic_niah_0,niah_single_1::synthetic_niah_0,niah_single_1,snapkv,16,48,32,33,48,64,True,12239.0,1310.0,-0.1629638243860967,-0.18332804929683277,0.020364224910736084,0.03961778006599182,0.08820147208283001,-0.04858369201683819,0.19054893983229704,0.19470465454746014,-0.0041557147151631,,,delta_nll_and_approx_kl,sparse_saved_cross_anchor_same_token;oracle_is_H64_conditioned
global_output,synthetic_niah_0,niah_single_1::synthetic_niah_0,niah_single_1,v_ridge_leverage,16,48,32,33,48,64,True,12239.0,1310.0,-0.006040709132648203,0.06311128843357494,-0.06915199756622314,0.019601568586258798,0.029762408595959713,-0.010160840009700915,0.17560481986765808,0.08698922854879736,0.08861559131886072,,,delta_nll_and_approx_kl,sparse_saved_cross_anchor_same_token;oracle_is_H64_conditioned
global_output,synthetic_niah_1,niah_single_1::synthetic_niah_1,niah_single_1,attention_weighted_v_ridge_leverage,16,48,32,33,48,64,True,8500.0,1312.0,0.3290204943630499,0.08693563356135314,0.24208486080169678,0.05180967857520138,0.0027466908231932674,0.04906298775200811,0.10151783842593431,0.04674850373218457,0.05476933469374975,,,delta_nll_and_approx_kl,sparse_saved_cross_anchor_same_token;oracle_is_H64_conditioned
global_output,synthetic_niah_1,niah_single_1::synthetic_niah_1,niah_single_1,future_attention_oracle,16,48,32,33,48,64,True,8500.0,1312.0,0.28824114217493957,0.000914091012219842,0.2873270511627197,0.047700204130563216,0.0009519962906323143,0.0467482078399309,0.08507512665043275,0.02594836599503954,0.05912676065539321,,,delta_nll_and_approx_kl,sparse_saved_cross_anchor_same_token;oracle_is_H64_conditioned
global_output,synthetic_niah_1,niah_single_1::synthetic_niah_1,niah_single_1,snapkv,16,48,32,33,48,64,True,8500.0,1312.0,0.5381185950252814,0.41387819661829894,0.12424039840698242,0.10081120155191634,0.053919105672702534,0.0468920958792138,0.09859222049514453,0.03990260620291034,0.05868961429223419,,,delta_nll_and_approx_kl,sparse_saved_cross_anchor_same_token;oracle_is_H64_conditioned
global_output,synthetic_niah_1,niah_single_1::synthetic_niah_1,niah_single_1,v_ridge_leverage,16,48,32,33,48,64,True,8500.0,1312.0,0.3168079794857306,0.0648506821605963,0.2519572973251343,0.05065056536855768,0.0025346974300254664,0.04811586793853221,0.10641094421346982,0.04255580808967352,0.0638551361237963,,,delta_nll_and_approx_kl,sparse_saved_cross_anchor_same_token;oracle_is_H64_conditioned
global_output,synthetic_niah_2,niah_single_1::synthetic_niah_2,niah_single_1,attention_weighted_v_ridge_leverage,16,48,32,33,48,64,True,16587.0,1310.0,0.15624678397583835,0.009006979707955054,0.1472398042678833,0.04370132582669729,0.0005630057452453858,0.04313832008145191,0.128304789463679,0.03390167381924888,0.0944031156444301,,,delta_nll_and_approx_kl,sparse_saved_cross_anchor_same_token;oracle_is_H64_conditioned
global_output,synthetic_niah_2,niah_single_1::synthetic_niah_2,niah_single_1,future_attention_oracle,16,48,32,33,48,64,True,16587.0,1310.0,0.19841456675934666,0.011593702081917456,0.1868208646774292,0.05053015399739036,0.0003370917046236749,0.05019306229276668,0.11221469721446435,0.0186644170122842,0.09355028020218015,,,delta_nll_and_approx_kl,sparse_saved_cross_anchor_same_token;oracle_is_H64_conditioned
global_output,synthetic_niah_2,niah_single_1::synthetic_niah_2,niah_single_1,snapkv,16,48,32,33,48,64,True,16587.0,1310.0,0.17578292155670994,-0.004778859372855493,0.18056178092956543,0.04543060009904324,0.0006155947786765219,0.04481500532036672,0.11713480204343796,0.021568640988940995,0.09556616105449696,,,delta_nll_and_approx_kl,sparse_saved_cross_anchor_same_token;oracle_is_H64_conditioned
global_output,synthetic_niah_2,niah_single_1::synthetic_niah_2,niah_single_1,v_ridge_leverage,16,48,32,33,48,64,True,16587.0,1310.0,0.1831864144842612,0.0008784558813559329,0.18230795860290527,0.046661110947740836,0.0005563254834358845,0.04610478546430495,0.129273757028083,0.03389486732582251,0.0953788897022605,,,delta_nll_and_approx_kl,sparse_saved_cross_anchor_same_token;oracle_is_H64_conditioned
global_output,synthetic_niah_3,niah_single_1::synthetic_niah_3,niah_single_1,attention_weighted_v_ridge_leverage,16,48,32,33,48,64,True,358.0,1310.0,-0.036624741190962595,0.0034943628963901574,-0.04011910408735275,0.010189684907008193,0.0001012448498276823,0.010088440057180511,0.14790695098539194,0.04630309032897154,0.10160386065642041,,,delta_nll_and_approx_kl,sparse_saved_cross_anchor_same_token;oracle_is_H64_conditioned
global_output,synthetic_niah_3,niah_single_1::synthetic_niah_3,niah_single_1,future_attention_oracle,16,48,32,33,48,64,True,358.0,1310.0,-0.03273819797664146,-0.0014552664104030555,-0.0312829315662384,0.008257556790470378,3.762486411827234e-05,0.008219931926352106,0.12955881655216217,0.025224187411367893,0.10433462914079428,,,delta_nll_and_approx_kl,sparse_saved_cross_anchor_same_token;oracle_is_H64_conditioned
global_output,synthetic_niah_3,niah_single_1::synthetic_niah_3,niah_single_1,snapkv,16,48,32,33,48,64,True,358.0,1310.0,-0.03304048293261985,0.0004572082218601281,-0.03349769115447998,0.008491373734979967,3.5022048100103224e-05,0.008456351686879865,0.1316097490489483,0.03085154915849368,0.1007581998904546,,,delta_nll_and_approx_kl,sparse_saved_cross_anchor_same_token;oracle_is_H64_conditioned
global_output,synthetic_niah_3,niah_single_1::synthetic_niah_3,niah_single_1,v_ridge_leverage,16,48,32,33,48,64,True,358.0,1310.0,-0.03232468330293159,0.0030951905903293664,-0.035419873893260956,0.008241422232221185,0.00010429410310068901,0.008137128129120496,0.14972331995765367,0.04866886946062247,0.10105445049703121,,,delta_nll_and_approx_kl,sparse_saved_cross_anchor_same_token;oracle_is_H64_conditioned
global_output,synthetic_niah_4,niah_single_1::synthetic_niah_4,niah_single_1,attention_weighted_v_ridge_leverage,16,48,32,33,48,64,True,74.0,1312.0,1.3855043452082327e-05,-5.694134070921564e-06,1.954917752300389e-05,7.990235096782006e-06,3.1650681799922054e-07,7.673728278782786e-06,0.23526393870512644,0.06249459545748929,0.17276934324763715,,,delta_nll_and_approx_kl,sparse_saved_cross_anchor_same_token;oracle_is_H64_conditioned
global_output,synthetic_niah_4,niah_single_1::synthetic_niah_4,niah_single_1,future_attention_oracle,16,48,32,33,48,64,True,74.0,1312.0,2.041108871608799e-05,-4.621305034646639e-06,2.5032393750734627e-05,9.723225634831338e-06,2.1664640242018504e-07,9.506579232411154e-06,0.21850909603138766,0.038992532063275576,0.17951656396811208,,,delta_nll_and_approx_kl,sparse_saved_cross_anchor_same_token;oracle_is_H64_conditioned
global_output,synthetic_niah_4,niah_single_1::synthetic_niah_4,niah_single_1,snapkv,16,48,32,33,48,64,True,74.0,1312.0,1.886148436724966e-05,-3.906082039151215e-06,2.2767566406400874e-05,9.23660318781733e-06,1.6365081175260825e-07,9.072952376064722e-06,0.21813725059231123,0.048154923832044005,0.16998232676026723,,,delta_nll_and_approx_kl,sparse_saved_cross_anchor_same_token;oracle_is_H64_conditioned
global_output,synthetic_niah_4,niah_single_1::synthetic_niah_4,niah_single_1,v_ridge_leverage,16,48,32,33,48,64,True,74.0,1312.0,1.1471017732134214e-05,-5.217322378570088e-06,1.6688340110704303e-05,7.557363020962828e-06,2.954691023961962e-07,7.261893918566632e-06,0.2387701335052649,0.06092326424550265,0.17784686925976226,,,delta_nll_and_approx_kl,sparse_saved_cross_anchor_same_token;oracle_is_H64_conditioned
diagnostic_attention_head,gov_report:0,gov_report::gov_report:0,gov_report,attention_weighted_v_ridge_leverage,0,16,16,17,16,64,True,,,,,,,,,0.1447974592447281,0.14786358177661896,-0.003066122531890869,0.0,0.0,attention_output_relative_error,sparse_saved_cross_anchor_same_token
diagnostic_attention_head,gov_report:0,gov_report::gov_report:0,gov_report,attention_weighted_v_ridge_leverage,0,16,16,17,16,64,True,,,,,,,,,0.08241058140993118,0.0816064402461052,0.0008041411638259888,0.0,11.0,attention_output_relative_error,sparse_saved_cross_anchor_same_token
diagnostic_attention_head,gov_report:0,gov_report::gov_report:0,gov_report,attention_weighted_v_ridge_leverage,0,16,16,17,16,64,True,,,,,,,,,0.5277019143104553,0.22436536848545074,0.3033365458250046,14.0,0.0,attention_output_relative_error,sparse_saved_cross_anchor_same_token
diagnostic_attention_head,gov_report:0,gov_report::gov_report:0,gov_report,attention_weighted_v_ridge_leverage,0,16,16,17,16,64,True,,,,,,,,,0.6482823491096497,0.39680492877960205,0.2514774203300476,14.0,11.0,attention_output_relative_error,sparse_saved_cross_anchor_same_token
diagnostic_attention_head,gov_report:0,gov_report::gov_report:0,gov_report,attention_weighted_v_ridge_leverage,0,16,16,17,16,64,True,,,,,,,,,0.23009315133094788,0.2266981452703476,0.0033950060606002808,27.0,0.0,attention_output_relative_error,sparse_saved_cross_anchor_same_token
diagnostic_attention_head,gov_report:0,gov_report::gov_report:0,gov_report,attention_weighted_v_ridge_leverage,0,16,16,17,16,64,True,,,,,,,,,0.3039233982563019,0.3209056258201599,-0.016982227563858032,27.0,11.0,attention_output_relative_error,sparse_saved_cross_anchor_same_token
diagnostic_attention_head,gov_report:0,gov_report::gov_report:0,gov_report,future_attention_oracle,0,16,16,17,16,64,True,,,,,,,,,0.056973814964294434,0.03594563156366348,0.02102818340063095,0.0,0.0,attention_output_relative_error,sparse_saved_cross_anchor_same_token
diagnostic_attention_head,gov_report:0,gov_report::gov_report:0,gov_report,future_attention_oracle,0,16,16,17,16,64,True,,,,,,,,,0.049123384058475494,0.033537257462739944,0.01558612659573555,0.0,11.0,attention_output_relative_error,sparse_saved_cross_anchor_same_token
diagnostic_attention_head,gov_report:0,gov_report::gov_report:0,gov_report,future_attention_oracle,0,16,16,17,16,64,True,,,,,,,,,0.15601713955402374,0.23333154618740082,-0.07731440663337708,14.0,0.0,attention_output_relative_error,sparse_saved_cross_anchor_same_token
diagnostic_attention_head,gov_report:0,gov_report::gov_report:0,gov_report,future_attention_oracle,0,16,16,17,16,64,True,,,,,,,,,0.3603874444961548,0.26069435477256775,0.09969308972358704,14.0,11.0,attention_output_relative_error,sparse_saved_cross_anchor_same_token
diagnostic_attention_head,gov_report:0,gov_report::gov_report:0,gov_report,future_attention_oracle,0,16,16,17,16,64,True,,,,,,,,,0.18452627956867218,0.25116387009620667,-0.06663759052753448,27.0,0.0,attention_output_relative_error,sparse_saved_cross_anchor_same_token
diagnostic_attention_head,gov_report:0,gov_report::gov_report:0,gov_report,future_attention_oracle,0,16,16,17,16,64,True,,,,,,,,,0.2793949544429779,0.3397313356399536,-0.06033638119697571,27.0,11.0,attention_output_relative_error,sparse_saved_cross_anchor_same_token
diagnostic_attention_head,gov_report:0,gov_report::gov_report:0,gov_report,snapkv,0,16,16,17,16,64,True,,,,,,,,,0.05600626766681671,0.06316519528627396,-0.007158927619457245,0.0,0.0,attention_output_relative_error,sparse_saved_cross_anchor_same_token
diagnostic_attention_head,gov_report:0,gov_report::gov_report:0,gov_report,snapkv,0,16,16,17,16,64,True,,,,,,,,,0.04250999540090561,0.028029508888721466,0.014480486512184143,0.0,11.0,attention_output_relative_error,sparse_saved_cross_anchor_same_token
diagnostic_attention_head,gov_report:0,gov_report::gov_report:0,gov_report,snapkv,0,16,16,17,16,64,True,,,,,,,,,0.2196766883134842,0.08390691876411438,0.1357697695493698,14.0,0.0,attention_output_relative_error,sparse_saved_cross_anchor_same_token
diagnostic_attention_head,gov_report:0,gov_report::gov_report:0,gov_report,snapkv,0,16,16,17,16,64,True,,,,,,,,,0.5883976817131042,0.2154461294412613,0.37295155227184296,14.0,11.0,attention_output_relative_error,sparse_saved_cross_anchor_same_token
diagnostic_attention_head,gov_report:0,gov_report::gov_report:0,gov_report,snapkv,0,16,16,17,16,64,True,,,,,,,,,0.2117920219898224,0.1543339043855667,0.057458117604255676,27.0,0.0,attention_output_relative_error,sparse_saved_cross_anchor_same_token
diagnostic_attention_head,gov_report:0,gov_report::gov_report:0,gov_report,snapkv,0,16,16,17,16,64,True,,,,,,,,,0.2498830258846283,0.19783639907836914,0.052046626806259155,27.0,11.0,attention_output_relative_error,sparse_saved_cross_anchor_same_token
diagnostic_attention_head,gov_report:0,gov_report::gov_report:0,gov_report,v_ridge_leverage,0,16,16,17,16,64,True,,,,,,,,,0.14545275270938873,0.14721156656742096,-0.0017588138580322266,0.0,0.0,attention_output_relative_error,sparse_saved_cross_anchor_same_token
diagnostic_attention_head,gov_report:0,gov_report::gov_report:0,gov_report,v_ridge_leverage,0,16,16,17,16,64,True,,,,,,,,,0.07693421840667725,0.07624764740467072,0.0006865710020065308,0.0,11.0,attention_output_relative_error,sparse_saved_cross_anchor_same_token
diagnostic_attention_head,gov_report:0,gov_report::gov_report:0,gov_report,v_ridge_leverage,0,16,16,17,16,64,True,,,,,,,,,0.5314314365386963,0.4588093161582947,0.07262212038040161,14.0,0.0,attention_output_relative_error,sparse_saved_cross_anchor_same_token
diagnostic_attention_head,gov_report:0,gov_report::gov_report:0,gov_report,v_ridge_leverage,0,16,16,17,16,64,True,,,,,,,,,0.9633437395095825,0.5335382223129272,0.4298055171966553,14.0,11.0,attention_output_relative_error,sparse_saved_cross_anchor_same_token
diagnostic_attention_head,gov_report:0,gov_report::gov_report:0,gov_report,v_ridge_leverage,0,16,16,17,16,64,True,,,,,,,,,0.5317798852920532,0.4834386706352234,0.048341214656829834,27.0,0.0,attention_output_relative_error,sparse_saved_cross_anchor_same_token
diagnostic_attention_head,gov_report:0,gov_report::gov_report:0,gov_report,v_ridge_leverage,0,16,16,17,16,64,True,,,,,,,,,0.8217911720275879,0.6667671203613281,0.15502405166625977,27.0,11.0,attention_output_relative_error,sparse_saved_cross_anchor_same_token
diagnostic_attention_head,gov_report:1,gov_report::gov_report:1,gov_report,attention_weighted_v_ridge_leverage,0,16,16,17,16,64,True,,,,,,,,,0.06936375796794891,0.07072336971759796,-0.0013596117496490479,0.0,0.0,attention_output_relative_error,sparse_saved_cross_anchor_same_token
diagnostic_attention_head,gov_report:1,gov_report::gov_report:1,gov_report,attention_weighted_v_ridge_leverage,0,16,16,17,16,64,True,,,,,,,,,0.05041933432221413,0.04644685238599777,0.003972481936216354,0.0,11.0,attention_output_relative_error,sparse_saved_cross_anchor_same_token
diagnostic_attention_head,gov_report:1,gov_report::gov_report:1,gov_report,attention_weighted_v_ridge_leverage,0,16,16,17,16,64,True,,,,,,,,,0.5775620937347412,0.5218267440795898,0.05573534965515137,14.0,0.0,attention_output_relative_error,sparse_saved_cross_anchor_same_token
diagnostic_attention_head,gov_report:1,gov_report::gov_report:1,gov_report,attention_weighted_v_ridge_leverage,0,16,16,17,16,64,True,,,,,,,,,0.326740562915802,0.2819693982601166,0.044771164655685425,14.0,11.0,attention_output_relative_error,sparse_saved_cross_anchor_same_token
diagnostic_attention_head,gov_report:1,gov_report::gov_report:1,gov_report,attention_weighted_v_ridge_leverage,0,16,16,17,16,64,True,,,,,,,,,0.12975424528121948,0.1325184851884842,-0.0027642399072647095,27.0,0.0,attention_output_relative_error,sparse_saved_cross_anchor_same_token
diagnostic_attention_head,gov_report:1,gov_report::gov_report:1,gov_report,attention_weighted_v_ridge_leverage,0,16,16,17,16,64,True,,,,,,,,,0.24869605898857117,0.2505338490009308,-0.0018377900123596191,27.0,11.0,attention_output_relative_error,sparse_saved_cross_anchor_same_token
diagnostic_attention_head,gov_report:1,gov_report::gov_report:1,gov_report,future_attention_oracle,0,16,16,17,16,64,True,,,,,,,,,0.030652757734060287,0.029090696945786476,0.0015620607882738113,0.0,0.0,attention_output_relative_error,sparse_saved_cross_anchor_same_token
diagnostic_attention_head,gov_report:1,gov_report::gov_report:1,gov_report,future_attention_oracle,0,16,16,17,16,64,True,,,,,,,,,0.03629153221845627,0.014071861281991005,0.022219670936465263,0.0,11.0,attention_output_relative_error,sparse_saved_cross_anchor_same_token
diagnostic_attention_head,gov_report:1,gov_report::gov_report:1,gov_report,future_attention_oracle,0,16,16,17,16,64,True,,,,,,,,,0.5172743797302246,0.3876408338546753,0.12963354587554932,14.0,0.0,attention_output_relative_error,sparse_saved_cross_anchor_same_token
diagnostic_attention_head,gov_report:1,gov_report::gov_report:1,gov_report,future_attention_oracle,0,16,16,17,16,64,True,,,,,,,,,0.28271207213401794,0.03764761611819267,0.24506445601582527,14.0,11.0,attention_output_relative_error,sparse_saved_cross_anchor_same_token
diagnostic_attention_head,gov_report:1,gov_report::gov_report:1,gov_report,future_attention_oracle,0,16,16,17,16,64,True,,,,,,,,,0.04705289006233215,0.05347944796085358,-0.006426557898521423,27.0,0.0,attention_output_relative_error,sparse_saved_cross_anchor_same_token
diagnostic_attention_head,gov_report:1,gov_report::gov_report:1,gov_report,future_attention_oracle,0,16,16,17,16,64,True,,,,,,,,,0.1428103744983673,0.2995564341545105,-0.1567460596561432,27.0,11.0,attention_output_relative_error,sparse_saved_cross_anchor_same_token
diagnostic_attention_head,gov_report:1,gov_report::gov_report:1,gov_report,snapkv,0,16,16,17,16,64,True,,,,,,,,,0.05707878619432449,0.06684752553701401,-0.009768739342689514,0.0,0.0,attention_output_relative_error,sparse_saved_cross_anchor_same_token
diagnostic_attention_head,gov_report:1,gov_report::gov_report:1,gov_report,snapkv,0,16,16,17,16,64,True,,,,,,,,,0.03533865138888359,0.012640092521905899,0.02269855886697769,0.0,11.0,attention_output_relative_error,sparse_saved_cross_anchor_same_token
diagnostic_attention_head,gov_report:1,gov_report::gov_report:1,gov_report,snapkv,0,16,16,17,16,64,True,,,,,,,,,0.5966697335243225,0.43752521276474,0.15914452075958252,14.0,0.0,attention_output_relative_error,sparse_saved_cross_anchor_same_token
diagnostic_attention_head,gov_report:1,gov_report::gov_report:1,gov_report,snapkv,0,16,16,17,16,64,True,,,,,,,,,0.31215211749076843,0.14580555260181427,0.16634656488895416,14.0,11.0,attention_output_relative_error,sparse_saved_cross_anchor_same_token
diagnostic_attention_head,gov_report:1,gov_report::gov_report:1,gov_report,snapkv,0,16,16,17,16,64,True,,,,,,,,,0.18420618772506714,0.12058570981025696,0.06362047791481018,27.0,0.0,attention_output_relative_error,sparse_saved_cross_anchor_same_token
diagnostic_attention_head,gov_report:1,gov_report::gov_report:1,gov_report,snapkv,0,16,16,17,16,64,True,,,,,,,,,0.22718870639801025,0.18927530944347382,0.03791339695453644,27.0,11.0,attention_output_relative_error,sparse_saved_cross_anchor_same_token
diagnostic_attention_head,gov_report:1,gov_report::gov_report:1,gov_report,v_ridge_leverage,0,16,16,17,16,64,True,,,,,,,,,0.07094118744134903,0.07154957950115204,-0.000608392059803009,0.0,0.0,attention_output_relative_error,sparse_saved_cross_anchor_same_token
diagnostic_attention_head,gov_report:1,gov_report::gov_report:1,gov_report,v_ridge_leverage,0,16,16,17,16,64,True,,,,,,,,,0.05020895600318909,0.04547814279794693,0.004730813205242157,0.0,11.0,attention_output_relative_error,sparse_saved_cross_anchor_same_token
diagnostic_attention_head,gov_report:1,gov_report::gov_report:1,gov_report,v_ridge_leverage,0,16,16,17,16,64,True,,,,,,,,,0.48673325777053833,0.31523987650871277,0.17149338126182556,14.0,0.0,attention_output_relative_error,sparse_saved_cross_anchor_same_token
diagnostic_attention_head,gov_report:1,gov_report::gov_report:1,gov_report,v_ridge_leverage,0,16,16,17,16,64,True,,,,,,,,,0.4452022910118103,0.36387497186660767,0.08132731914520264,14.0,11.0,attention_output_relative_error,sparse_saved_cross_anchor_same_token
diagnostic_attention_head,gov_report:1,gov_report::gov_report:1,gov_report,v_ridge_leverage,0,16,16,17,16,64,True,,,,,,,,,0.2929159104824066,0.2965501844882965,-0.0036342740058898926,27.0,0.0,attention_output_relative_error,sparse_saved_cross_anchor_same_token
diagnostic_attention_head,gov_report:1,gov_report::gov_report:1,gov_report,v_ridge_leverage,0,16,16,17,16,64,True,,,,,,,,,0.546961784362793,0.760925829410553,-0.21396404504776,27.0,11.0,attention_output_relative_error,sparse_saved_cross_anchor_same_token
diagnostic_attention_head,gov_report:2,gov_report::gov_report:2,gov_report,attention_weighted_v_ridge_leverage,0,16,16,17,16,64,True,,,,,,,,,0.12441634386777878,0.12821900844573975,-0.003802664577960968,0.0,0.0,attention_output_relative_error,sparse_saved_cross_anchor_same_token
diagnostic_attention_head,gov_report:2,gov_report::gov_report:2,gov_report,attention_weighted_v_ridge_leverage,0,16,16,17,16,64,True,,,,,,,,,0.061767011880874634,0.05769432336091995,0.004072688519954681,0.0,11.0,attention_output_relative_error,sparse_saved_cross_anchor_same_token
diagnostic_attention_head,gov_report:2,gov_report::gov_report:2,gov_report,attention_weighted_v_ridge_leverage,0,16,16,17,16,64,True,,,,,,,,,0.5827281475067139,0.5806020498275757,0.0021260976791381836,14.0,0.0,attention_output_relative_error,sparse_saved_cross_anchor_same_token
diagnostic_attention_head,gov_report:2,gov_report::gov_report:2,gov_report,attention_weighted_v_ridge_leverage,0,16,16,17,16,64,True,,,,,,,,,0.22506773471832275,0.12020613253116608,0.10486160218715668,14.0,11.0,attention_output_relative_error,sparse_saved_cross_anchor_same_token
diagnostic_attention_head,gov_report:2,gov_report::gov_report:2,gov_report,attention_weighted_v_ridge_leverage,0,16,16,17,16,64,True,,,,,,,,,0.21017633378505707,0.23552460968494415,-0.025348275899887085,27.0,0.0,attention_output_relative_error,sparse_saved_cross_anchor_same_token
diagnostic_attention_head,gov_report:2,gov_report::gov_report:2,gov_report,attention_weighted_v_ridge_leverage,0,16,16,17,16,64,True,,,,,,,,,0.3036791682243347,0.3268549144268036,-0.023175746202468872,27.0,11.0,attention_output_relative_error,sparse_saved_cross_anchor_same_token
diagnostic_attention_head,gov_report:2,gov_report::gov_report:2,gov_report,future_attention_oracle,0,16,16,17,16,64,True,,,,,,,,,0.04899447411298752,0.05167841166257858,-0.0026839375495910645,0.0,0.0,attention_output_relative_error,sparse_saved_cross_anchor_same_token
diagnostic_attention_head,gov_report:2,gov_report::gov_report:2,gov_report,future_attention_oracle,0,16,16,17,16,64,True,,,,,,,,,0.03809002786874771,0.02458023838698864,0.013509789481759071,0.0,11.0,attention_output_relative_error,sparse_saved_cross_anchor_same_token
diagnostic_attention_head,gov_report:2,gov_report::gov_report:2,gov_report,future_attention_oracle,0,16,16,17,16,64,True,,,,,,,,,0.09942751377820969,0.11883235722780228,-0.01940484344959259,14.0,0.0,attention_output_relative_error,sparse_saved_cross_anchor_same_token
diagnostic_attention_head,gov_report:2,gov_report::gov_report:2,gov_report,future_attention_oracle,0,16,16,17,16,64,True,,,,,,,,,0.16149477660655975,0.20180664956569672,-0.04031187295913696,14.0,11.0,attention_output_relative_error,sparse_saved_cross_anchor_same_token
diagnostic_attention_head,gov_report:2,gov_report::gov_report:2,gov_report,future_attention_oracle,0,16,16,17,16,64,True,,,,,,,,,0.1203775405883789,0.1044517308473587,0.015925809741020203,27.0,0.0,attention_output_relative_error,sparse_saved_cross_anchor_same_token
diagnostic_attention_head,gov_report:2,gov_report::gov_report:2,gov_report,future_attention_oracle,0,16,16,17,16,64,True,,,,,,,,,0.2332819104194641,0.233135387301445,0.000146523118019104,27.0,11.0,attention_output_relative_error,sparse_saved_cross_anchor_same_token
diagnostic_attention_head,gov_report:2,gov_report::gov_report:2,gov_report,snapkv,0,16,16,17,16,64,True,,,,,,,,,0.08367042988538742,0.11590345203876495,-0.03223302215337753,0.0,0.0,attention_output_relative_error,sparse_saved_cross_anchor_same_token
diagnostic_attention_head,gov_report:2,gov_report::gov_report:2,gov_report,snapkv,0,16,16,17,16,64,True,,,,,,,,,0.0354573093354702,0.02005118876695633,0.01540612056851387,0.0,11.0,attention_output_relative_error,sparse_saved_cross_anchor_same_token
diagnostic_attention_head,gov_report:2,gov_report::gov_report:2,gov_report,snapkv,0,16,16,17,16,64,True,,,,,,,,,0.2351308912038803,0.38047856092453003,-0.14534766972064972,14.0,0.0,attention_output_relative_error,sparse_saved_cross_anchor_same_token
diagnostic_attention_head,gov_report:2,gov_report::gov_report:2,gov_report,snapkv,0,16,16,17,16,64,True,,,,,,,,,0.49841541051864624,0.3128449618816376,0.18557044863700867,14.0,11.0,attention_output_relative_error,sparse_saved_cross_anchor_same_token
diagnostic_attention_head,gov_report:2,gov_report::gov_report:2,gov_report,snapkv,0,16,16,17,16,64,True,,,,,,,,,0.2799273431301117,0.23517298698425293,0.044754356145858765,27.0,0.0,attention_output_relative_error,sparse_saved_cross_anchor_same_token
diagnostic_attention_head,gov_report:2,gov_report::gov_report:2,gov_report,snapkv,0,16,16,17,16,64,True,,,,,,,,,0.46552225947380066,0.3142367899417877,0.15128546953201294,27.0,11.0,attention_output_relative_error,sparse_saved_cross_anchor_same_token
diagnostic_attention_head,gov_report:2,gov_report::gov_report:2,gov_report,v_ridge_leverage,0,16,16,17,16,64,True,,,,,,,,,0.12434333562850952,0.1272030621767044,-0.0028597265481948853,0.0,0.0,attention_output_relative_error,sparse_saved_cross_anchor_same_token
diagnostic_attention_head,gov_report:2,gov_report::gov_report:2,gov_report,v_ridge_leverage,0,16,16,17,16,64,True,,,,,,,,,0.06000063940882683,0.05609956383705139,0.0039010755717754364,0.0,11.0,attention_output_relative_error,sparse_saved_cross_anchor_same_token
diagnostic_attention_head,gov_report:2,gov_report::gov_report:2,gov_report,v_ridge_leverage,0,16,16,17,16,64,True,,,,,,,,,0.6418793797492981,0.6012790203094482,0.040600359439849854,14.0,0.0,attention_output_relative_error,sparse_saved_cross_anchor_same_token
diagnostic_attention_head,gov_report:2,gov_report::gov_report:2,gov_report,v_ridge_leverage,0,16,16,17,16,64,True,,,,,,,,,0.7647526860237122,0.4108456075191498,0.3539070785045624,14.0,11.0,attention_output_relative_error,sparse_saved_cross_anchor_same_token
diagnostic_attention_head,gov_report:2,gov_report::gov_report:2,gov_report,v_ridge_leverage,0,16,16,17,16,64,True,,,,,,,,,0.3519957661628723,0.41959312558174133,-0.06759735941886902,27.0,0.0,attention_output_relative_error,sparse_saved_cross_anchor_same_token
diagnostic_attention_head,gov_report:2,gov_report::gov_report:2,gov_report,v_ridge_leverage,0,16,16,17,16,64,True,,,,,,,,,0.5596288442611694,0.7057057619094849,-0.14607691764831543,27.0,11.0,attention_output_relative_error,sparse_saved_cross_anchor_same_token
diagnostic_attention_head,gov_report:3,gov_report::gov_report:3,gov_report,attention_weighted_v_ridge_leverage,0,16,16,17,16,64,True,,,,,,,,,0.0969182476401329,0.09605091065168381,0.0008673369884490967,0.0,0.0,attention_output_relative_error,sparse_saved_cross_anchor_same_token
diagnostic_attention_head,gov_report:3,gov_report::gov_report:3,gov_report,attention_weighted_v_ridge_leverage,0,16,16,17,16,64,True,,,,,,,,,0.06024611368775368,0.05418629199266434,0.00605982169508934,0.0,11.0,attention_output_relative_error,sparse_saved_cross_anchor_same_token
diagnostic_attention_head,gov_report:3,gov_report::gov_report:3,gov_report,attention_weighted_v_ridge_leverage,0,16,16,17,16,64,True,,,,,,,,,0.6711028218269348,0.5634000301361084,0.10770279169082642,14.0,0.0,attention_output_relative_error,sparse_saved_cross_anchor_same_token
diagnostic_attention_head,gov_report:3,gov_report::gov_report:3,gov_report,attention_weighted_v_ridge_leverage,0,16,16,17,16,64,True,,,,,,,,,0.2525984048843384,0.16599218547344208,0.0866062194108963,14.0,11.0,attention_output_relative_error,sparse_saved_cross_anchor_same_token
diagnostic_attention_head,gov_report:3,gov_report::gov_report:3,gov_report,attention_weighted_v_ridge_leverage,0,16,16,17,16,64,True,,,,,,,,,0.1979888677597046,0.1919049620628357,0.0060839056968688965,27.0,0.0,attention_output_relative_error,sparse_saved_cross_anchor_same_token
diagnostic_attention_head,gov_report:3,gov_report::gov_report:3,gov_report,attention_weighted_v_ridge_leverage,0,16,16,17,16,64,True,,,,,,,,,0.3417845368385315,0.34826281666755676,-0.0064782798290252686,27.0,11.0,attention_output_relative_error,sparse_saved_cross_anchor_same_token
diagnostic_attention_head,gov_report:3,gov_report::gov_report:3,gov_report,future_attention_oracle,0,16,16,17,16,64,True,,,,,,,,,0.07437101751565933,0.04028806462883949,0.03408295288681984,0.0,0.0,attention_output_relative_error,sparse_saved_cross_anchor_same_token
diagnostic_attention_head,gov_report:3,gov_report::gov_report:3,gov_report,future_attention_oracle,0,16,16,17,16,64,True,,,,,,,,,0.0339868888258934,0.012725580483675003,0.0212613083422184,0.0,11.0,attention_output_relative_error,sparse_saved_cross_anchor_same_token
diagnostic_attention_head,gov_report:3,gov_report::gov_report:3,gov_report,future_attention_oracle,0,16,16,17,16,64,True,,,,,,,,,0.3467870056629181,0.38419151306152344,-0.03740450739860535,14.0,0.0,attention_output_relative_error,sparse_saved_cross_anchor_same_token
diagnostic_attention_head,gov_report:3,gov_report::gov_report:3,gov_report,future_attention_oracle,0,16,16,17,16,64,True,,,,,,,,,0.18711179494857788,0.0661005973815918,0.12101119756698608,14.0,11.0,attention_output_relative_error,sparse_saved_cross_anchor_same_token
diagnostic_attention_head,gov_report:3,gov_report::gov_report:3,gov_report,future_attention_oracle,0,16,16,17,16,64,True,,,,,,,,,0.10534755885601044,0.1187610998749733,-0.01341354101896286,27.0,0.0,attention_output_relative_error,sparse_saved_cross_anchor_same_token
diagnostic_attention_head,gov_report:3,gov_report::gov_report:3,gov_report,future_attention_oracle,0,16,16,17,16,64,True,,,,,,,,,0.18772821128368378,0.22220121324062347,-0.0344730019569397,27.0,11.0,attention_output_relative_error,sparse_saved_cross_anchor_same_token
diagnostic_attention_head,gov_report:3,gov_report::gov_report:3,gov_report,snapkv,0,16,16,17,16,64,True,,,,,,,,,0.08653905242681503,0.0835467055439949,0.0029923468828201294,0.0,0.0,attention_output_relative_error,sparse_saved_cross_anchor_same_token
diagnostic_attention_head,gov_report:3,gov_report::gov_report:3,gov_report,snapkv,0,16,16,17,16,64,True,,,,,,,,,0.03377273306250572,0.023268751800060272,0.01050398126244545,0.0,11.0,attention_output_relative_error,sparse_saved_cross_anchor_same_token
diagnostic_attention_head,gov_report:3,gov_report::gov_report:3,gov_report,snapkv,0,16,16,17,16,64,True,,,,,,,,,0.5566986799240112,0.5681979060173035,-0.011499226093292236,14.0,0.0,attention_output_relative_error,sparse_saved_cross_anchor_same_token
diagnostic_attention_head,gov_report:3,gov_report::gov_report:3,gov_report,snapkv,0,16,16,17,16,64,True,,,,,,,,,0.42822134494781494,0.11749269813299179,0.31072864681482315,14.0,11.0,attention_output_relative_error,sparse_saved_cross_anchor_same_token
diagnostic_attention_head,gov_report:3,gov_report::gov_report:3,gov_report,snapkv,0,16,16,17,16,64,True,,,,,,,,,0.2859317660331726,0.16482631862163544,0.12110544741153717,27.0,0.0,attention_output_relative_error,sparse_saved_cross_anchor_same_token
diagnostic_attention_head,gov_report:3,gov_report::gov_report:3,gov_report,snapkv,0,16,16,17,16,64,True,,,,,,,,,0.518963634967804,0.26254940032958984,0.2564142346382141,27.0,11.0,attention_output_relative_error,sparse_saved_cross_anchor_same_token
diagnostic_attention_head,gov_report:3,gov_report::gov_report:3,gov_report,v_ridge_leverage,0,16,16,17,16,64,True,,,,,,,,,0.105998195707798,0.10189000517129898,0.0041081905364990234,0.0,0.0,attention_output_relative_error,sparse_saved_cross_anchor_same_token
diagnostic_attention_head,gov_report:3,gov_report::gov_report:3,gov_report,v_ridge_leverage,0,16,16,17,16,64,True,,,,,,,,,0.059879571199417114,0.0531877838075161,0.006691787391901016,0.0,11.0,attention_output_relative_error,sparse_saved_cross_anchor_same_token
diagnostic_attention_head,gov_report:3,gov_report::gov_report:3,gov_report,v_ridge_leverage,0,16,16,17,16,64,True,,,,,,,,,0.3632570505142212,0.44872191548347473,-0.08546486496925354,14.0,0.0,attention_output_relative_error,sparse_saved_cross_anchor_same_token
diagnostic_attention_head,gov_report:3,gov_report::gov_report:3,gov_report,v_ridge_leverage,0,16,16,17,16,64,True,,,,,,,,,0.8572657108306885,0.6734073758125305,0.18385833501815796,14.0,11.0,attention_output_relative_error,sparse_saved_cross_anchor_same_token
diagnostic_attention_head,gov_report:3,gov_report::gov_report:3,gov_report,v_ridge_leverage,0,16,16,17,16,64,True,,,,,,,,,0.38541379570961,0.4381416440010071,-0.052727848291397095,27.0,0.0,attention_output_relative_error,sparse_saved_cross_anchor_same_token
diagnostic_attention_head,gov_report:3,gov_report::gov_report:3,gov_report,v_ridge_leverage,0,16,16,17,16,64,True,,,,,,,,,0.46830856800079346,0.5761669874191284,-0.10785841941833496,27.0,11.0,attention_output_relative_error,sparse_saved_cross_anchor_same_token
diagnostic_attention_head,gov_report:4,gov_report::gov_report:4,gov_report,attention_weighted_v_ridge_leverage,0,16,16,17,16,64,True,,,,,,,,,0.15881918370723724,0.16272489726543427,-0.0039057135581970215,0.0,0.0,attention_output_relative_error,sparse_saved_cross_anchor_same_token
diagnostic_attention_head,gov_report:4,gov_report::gov_report:4,gov_report,attention_weighted_v_ridge_leverage,0,16,16,17,16,64,True,,,,,,,,,0.06142069399356842,0.05917247757315636,0.0022482164204120636,0.0,11.0,attention_output_relative_error,sparse_saved_cross_anchor_same_token
diagnostic_attention_head,gov_report:4,gov_report::gov_report:4,gov_report,attention_weighted_v_ridge_leverage,0,16,16,17,16,64,True,,,,,,,,,0.2757384777069092,0.24752220511436462,0.028216272592544556,14.0,0.0,attention_output_relative_error,sparse_saved_cross_anchor_same_token
diagnostic_attention_head,gov_report:4,gov_report::gov_report:4,gov_report,attention_weighted_v_ridge_leverage,0,16,16,17,16,64,True,,,,,,,,,0.49037855863571167,0.16050083935260773,0.32987771928310394,14.0,11.0,attention_output_relative_error,sparse_saved_cross_anchor_same_token
diagnostic_attention_head,gov_report:4,gov_report::gov_report:4,gov_report,attention_weighted_v_ridge_leverage,0,16,16,17,16,64,True,,,,,,,,,0.1931591033935547,0.14939656853675842,0.043762534856796265,27.0,0.0,attention_output_relative_error,sparse_saved_cross_anchor_same_token
diagnostic_attention_head,gov_report:4,gov_report::gov_report:4,gov_report,attention_weighted_v_ridge_leverage,0,16,16,17,16,64,True,,,,,,,,,0.4997555613517761,0.2822490334510803,0.2175065279006958,27.0,11.0,attention_output_relative_error,sparse_saved_cross_anchor_same_token
diagnostic_attention_head,gov_report:4,gov_report::gov_report:4,gov_report,future_attention_oracle,0,16,16,17,16,64,True,,,,,,,,,0.049611590802669525,0.03230920433998108,0.017302386462688446,0.0,0.0,attention_output_relative_error,sparse_saved_cross_anchor_same_token
diagnostic_attention_head,gov_report:4,gov_report::gov_report:4,gov_report,future_attention_oracle,0,16,16,17,16,64,True,,,,,,,,,0.038947511464357376,0.02142360620200634,0.017523905262351036,0.0,11.0,attention_output_relative_error,sparse_saved_cross_anchor_same_token
diagnostic_attention_head,gov_report:4,gov_report::gov_report:4,gov_report,future_attention_oracle,0,16,16,17,16,64,True,,,,,,,,,0.1796654462814331,0.1939222812652588,-0.014256834983825684,14.0,0.0,attention_output_relative_error,sparse_saved_cross_anchor_same_token
diagnostic_attention_head,gov_report:4,gov_report::gov_report:4,gov_report,future_attention_oracle,0,16,16,17,16,64,True,,,,,,,,,0.4050687253475189,0.14901863038539886,0.25605009496212006,14.0,11.0,attention_output_relative_error,sparse_saved_cross_anchor_same_token
diagnostic_attention_head,gov_report:4,gov_report::gov_report:4,gov_report,future_attention_oracle,0,16,16,17,16,64,True,,,,,,,,,0.06150918826460838,0.0773530974984169,-0.015843909233808517,27.0,0.0,attention_output_relative_error,sparse_saved_cross_anchor_same_token
diagnostic_attention_head,gov_report:4,gov_report::gov_report:4,gov_report,future_attention_oracle,0,16,16,17,16,64,True,,,,,,,,,0.19075262546539307,0.19219355285167694,-0.0014409273862838745,27.0,11.0,attention_output_relative_error,sparse_saved_cross_anchor_same_token
diagnostic_attention_head,gov_report:4,gov_report::gov_report:4,gov_report,snapkv,0,16,16,17,16,64,True,,,,,,,,,0.06655076146125793,0.0889468789100647,-0.022396117448806763,0.0,0.0,attention_output_relative_error,sparse_saved_cross_anchor_same_token
diagnostic_attention_head,gov_report:4,gov_report::gov_report:4,gov_report,snapkv,0,16,16,17,16,64,True,,,,,,,,,0.038853295147418976,0.019197771325707436,0.01965552382171154,0.0,11.0,attention_output_relative_error,sparse_saved_cross_anchor_same_token
diagnostic_attention_head,gov_report:4,gov_report::gov_report:4,gov_report,snapkv,0,16,16,17,16,64,True,,,,,,,,,0.6658740639686584,0.6593376994132996,0.006536364555358887,14.0,0.0,attention_output_relative_error,sparse_saved_cross_anchor_same_token
diagnostic_attention_head,gov_report:4,gov_report::gov_report:4,gov_report,snapkv,0,16,16,17,16,64,True,,,,,,,,,0.6110270619392395,0.2905355989933014,0.3204914629459381,14.0,11.0,attention_output_relative_error,sparse_saved_cross_anchor_same_token
diagnostic_attention_head,gov_report:4,gov_report::gov_report:4,gov_report,snapkv,0,16,16,17,16,64,True,,,,,,,,,0.10058727115392685,0.13838323950767517,-0.03779596835374832,27.0,0.0,attention_output_relative_error,sparse_saved_cross_anchor_same_token
diagnostic_attention_head,gov_report:4,gov_report::gov_report:4,gov_report,snapkv,0,16,16,17,16,64,True,,,,,,,,,0.1848316341638565,0.2792547643184662,-0.09442313015460968,27.0,11.0,attention_output_relative_error,sparse_saved_cross_anchor_same_token
diagnostic_attention_head,gov_report:4,gov_report::gov_report:4,gov_report,v_ridge_leverage,0,16,16,17,16,64,True,,,,,,,,,0.16322588920593262,0.16759809851646423,-0.004372209310531616,0.0,0.0,attention_output_relative_error,sparse_saved_cross_anchor_same_token
diagnostic_attention_head,gov_report:4,gov_report::gov_report:4,gov_report,v_ridge_leverage,0,16,16,17,16,64,True,,,,,,,,,0.06087131053209305,0.058132678270339966,0.0027386322617530823,0.0,11.0,attention_output_relative_error,sparse_saved_cross_anchor_same_token
diagnostic_attention_head,gov_report:4,gov_report::gov_report:4,gov_report,v_ridge_leverage,0,16,16,17,16,64,True,,,,,,,,,0.38490748405456543,0.7448889017105103,-0.3599814176559448,14.0,0.0,attention_output_relative_error,sparse_saved_cross_anchor_same_token
diagnostic_attention_head,gov_report:4,gov_report::gov_report:4,gov_report,v_ridge_leverage,0,16,16,17,16,64,True,,,,,,,,,0.7508192658424377,0.6417260766029358,0.10909318923950195,14.0,11.0,attention_output_relative_error,sparse_saved_cross_anchor_same_token
diagnostic_attention_head,gov_report:4,gov_report::gov_report:4,gov_report,v_ridge_leverage,0,16,16,17,16,64,True,,,,,,,,,0.5058890581130981,0.564099133014679,-0.05821007490158081,27.0,0.0,attention_output_relative_error,sparse_saved_cross_anchor_same_token
diagnostic_attention_head,gov_report:4,gov_report::gov_report:4,gov_report,v_ridge_leverage,0,16,16,17,16,64,True,,,,,,,,,0.7062082886695862,0.8678791522979736,-0.16167086362838745,27.0,11.0,attention_output_relative_error,sparse_saved_cross_anchor_same_token
diagnostic_attention_head,reasoning_long_generation_0,reasoning_long_generation::reasoning_long_generation_0,reasoning_long_generation,attention_weighted_v_ridge_leverage,0,16,16,17,16,64,True,,,,,,,,,0.12074971199035645,0.1285896897315979,-0.007839977741241455,0.0,0.0,attention_output_relative_error,sparse_saved_cross_anchor_same_token
diagnostic_attention_head,reasoning_long_generation_0,reasoning_long_generation::reasoning_long_generation_0,reasoning_long_generation,attention_weighted_v_ridge_leverage,0,16,16,17,16,64,True,,,,,,,,,0.04112853482365608,0.03359866514801979,0.0075298696756362915,0.0,11.0,attention_output_relative_error,sparse_saved_cross_anchor_same_token
diagnostic_attention_head,reasoning_long_generation_0,reasoning_long_generation::reasoning_long_generation_0,reasoning_long_generation,attention_weighted_v_ridge_leverage,0,16,16,17,16,64,True,,,,,,,,,0.36088448762893677,0.1818046271800995,0.17907986044883728,14.0,0.0,attention_output_relative_error,sparse_saved_cross_anchor_same_token
diagnostic_attention_head,reasoning_long_generation_0,reasoning_long_generation::reasoning_long_generation_0,reasoning_long_generation,attention_weighted_v_ridge_leverage,0,16,16,17,16,64,True,,,,,,,,,0.3506540358066559,0.19619391858577728,0.1544601172208786,14.0,11.0,attention_output_relative_error,sparse_saved_cross_anchor_same_token
diagnostic_attention_head,reasoning_long_generation_0,reasoning_long_generation::reasoning_long_generation_0,reasoning_long_generation,attention_weighted_v_ridge_leverage,0,16,16,17,16,64,True,,,,,,,,,0.07634877413511276,0.0373997800052166,0.038948994129896164,27.0,0.0,attention_output_relative_error,sparse_saved_cross_anchor_same_token
diagnostic_attention_head,reasoning_long_generation_0,reasoning_long_generation::reasoning_long_generation_0,reasoning_long_generation,attention_weighted_v_ridge_leverage,0,16,16,17,16,64,True,,,,,,,,,0.12270326167345047,0.059093691408634186,0.06360957026481628,27.0,11.0,attention_output_relative_error,sparse_saved_cross_anchor_same_token
diagnostic_attention_head,reasoning_long_generation_0,reasoning_long_generation::reasoning_long_generation_0,reasoning_long_generation,future_attention_oracle,0,16,16,17,16,64,True,,,,,,,,,0.030781351029872894,0.021842891350388527,0.008938459679484367,0.0,0.0,attention_output_relative_error,sparse_saved_cross_anchor_same_token
diagnostic_attention_head,reasoning_long_generation_0,reasoning_long_generation::reasoning_long_generation_0,reasoning_long_generation,future_attention_oracle,0,16,16,17,16,64,True,,,,,,,,,0.03342262655496597,0.02147676609456539,0.011945860460400581,0.0,11.0,attention_output_relative_error,sparse_saved_cross_anchor_same_token
diagnostic_attention_head,reasoning_long_generation_0,reasoning_long_generation::reasoning_long_generation_0,reasoning_long_generation,future_attention_oracle,0,16,16,17,16,64,True,,,,,,,,,0.3275538980960846,0.051936715841293335,0.27561718225479126,14.0,0.0,attention_output_relative_error,sparse_saved_cross_anchor_same_token
diagnostic_attention_head,reasoning_long_generation_0,reasoning_long_generation::reasoning_long_generation_0,reasoning_long_generation,future_attention_oracle,0,16,16,17,16,64,True,,,,,,,,,0.2953316867351532,0.03164232522249222,0.263689361512661,14.0,11.0,attention_output_relative_error,sparse_saved_cross_anchor_same_token
diagnostic_attention_head,reasoning_long_generation_0,reasoning_long_generation::reasoning_long_generation_0,reasoning_long_generation,future_attention_oracle,0,16,16,17,16,64,True,,,,,,,,,0.060446847230196,0.009169057942926884,0.051277789287269115,27.0,0.0,attention_output_relative_error,sparse_saved_cross_anchor_same_token
diagnostic_attention_head,reasoning_long_generation_0,reasoning_long_generation::reasoning_long_generation_0,reasoning_long_generation,future_attention_oracle,0,16,16,17,16,64,True,,,,,,,,,0.09460630267858505,0.016894506290555,0.07771179638803005,27.0,11.0,attention_output_relative_error,sparse_saved_cross_anchor_same_token
diagnostic_attention_head,reasoning_long_generation_0,reasoning_long_generation::reasoning_long_generation_0,reasoning_long_generation,snapkv,0,16,16,17,16,64,True,,,,,,,,,0.032900042831897736,0.02364615723490715,0.009253885596990585,0.0,0.0,attention_output_relative_error,sparse_saved_cross_anchor_same_token
diagnostic_attention_head,reasoning_long_generation_0,reasoning_long_generation::reasoning_long_generation_0,reasoning_long_generation,snapkv,0,16,16,17,16,64,True,,,,,,,,,0.039358559995889664,0.023832248523831367,0.015526311472058296,0.0,11.0,attention_output_relative_error,sparse_saved_cross_anchor_same_token
diagnostic_attention_head,reasoning_long_generation_0,reasoning_long_generation::reasoning_long_generation_0,reasoning_long_generation,snapkv,0,16,16,17,16,64,True,,,,,,,,,0.39714035391807556,0.12123319506645203,0.27590715885162354,14.0,0.0,attention_output_relative_error,sparse_saved_cross_anchor_same_token
diagnostic_attention_head,reasoning_long_generation_0,reasoning_long_generation::reasoning_long_generation_0,reasoning_long_generation,snapkv,0,16,16,17,16,64,True,,,,,,,,,0.31086206436157227,0.056071363389492035,0.25479070097208023,14.0,11.0,attention_output_relative_error,sparse_saved_cross_anchor_same_token
diagnostic_attention_head,reasoning_long_generation_0,reasoning_long_generation::reasoning_long_generation_0,reasoning_long_generation,snapkv,0,16,16,17,16,64,True,,,,,,,,,0.07006540149450302,0.016556546092033386,0.053508855402469635,27.0,0.0,attention_output_relative_error,sparse_saved_cross_anchor_same_token
diagnostic_attention_head,reasoning_long_generation_0,reasoning_long_generation::reasoning_long_generation_0,reasoning_long_generation,snapkv,0,16,16,17,16,64,True,,,,,,,,,0.11540979146957397,0.026808107271790504,0.08860168419778347,27.0,11.0,attention_output_relative_error,sparse_saved_cross_anchor_same_token
diagnostic_attention_head,reasoning_long_generation_0,reasoning_long_generation::reasoning_long_generation_0,reasoning_long_generation,v_ridge_leverage,0,16,16,17,16,64,True,,,,,,,,,0.123121477663517,0.12838943302631378,-0.0052679553627967834,0.0,0.0,attention_output_relative_error,sparse_saved_cross_anchor_same_token
diagnostic_attention_head,reasoning_long_generation_0,reasoning_long_generation::reasoning_long_generation_0,reasoning_long_generation,v_ridge_leverage,0,16,16,17,16,64,True,,,,,,,,,0.040657319128513336,0.03428412228822708,0.006373196840286255,0.0,11.0,attention_output_relative_error,sparse_saved_cross_anchor_same_token
diagnostic_attention_head,reasoning_long_generation_0,reasoning_long_generation::reasoning_long_generation_0,reasoning_long_generation,v_ridge_leverage,0,16,16,17,16,64,True,,,,,,,,,0.31613051891326904,0.07227355241775513,0.24385696649551392,14.0,0.0,attention_output_relative_error,sparse_saved_cross_anchor_same_token
diagnostic_attention_head,reasoning_long_generation_0,reasoning_long_generation::reasoning_long_generation_0,reasoning_long_generation,v_ridge_leverage,0,16,16,17,16,64,True,,,,,,,,,0.3006061613559723,0.06937699764966965,0.23122916370630264,14.0,11.0,attention_output_relative_error,sparse_saved_cross_anchor_same_token
diagnostic_attention_head,reasoning_long_generation_0,reasoning_long_generation::reasoning_long_generation_0,reasoning_long_generation,v_ridge_leverage,0,16,16,17,16,64,True,,,,,,,,,0.11287996172904968,0.07976481318473816,0.03311514854431152,27.0,0.0,attention_output_relative_error,sparse_saved_cross_anchor_same_token
diagnostic_attention_head,reasoning_long_generation_0,reasoning_long_generation::reasoning_long_generation_0,reasoning_long_generation,v_ridge_leverage,0,16,16,17,16,64,True,,,,,,,,,0.20163044333457947,0.14114528894424438,0.06048515439033508,27.0,11.0,attention_output_relative_error,sparse_saved_cross_anchor_same_token
diagnostic_attention_head,reasoning_long_generation_1,reasoning_long_generation::reasoning_long_generation_1,reasoning_long_generation,attention_weighted_v_ridge_leverage,0,16,16,17,16,64,True,,,,,,,,,0.17237338423728943,0.18383215367794037,-0.01145876944065094,0.0,0.0,attention_output_relative_error,sparse_saved_cross_anchor_same_token
diagnostic_attention_head,reasoning_long_generation_1,reasoning_long_generation::reasoning_long_generation_1,reasoning_long_generation,attention_weighted_v_ridge_leverage,0,16,16,17,16,64,True,,,,,,,,,0.02993663214147091,0.02525533176958561,0.0046813003718853,0.0,11.0,attention_output_relative_error,sparse_saved_cross_anchor_same_token
diagnostic_attention_head,reasoning_long_generation_1,reasoning_long_generation::reasoning_long_generation_1,reasoning_long_generation,attention_weighted_v_ridge_leverage,0,16,16,17,16,64,True,,,,,,,,,0.09369406849145889,0.030832497403025627,0.06286157108843327,14.0,0.0,attention_output_relative_error,sparse_saved_cross_anchor_same_token
diagnostic_attention_head,reasoning_long_generation_1,reasoning_long_generation::reasoning_long_generation_1,reasoning_long_generation,attention_weighted_v_ridge_leverage,0,16,16,17,16,64,True,,,,,,,,,0.18180494010448456,0.09612122178077698,0.08568371832370758,14.0,11.0,attention_output_relative_error,sparse_saved_cross_anchor_same_token
diagnostic_attention_head,reasoning_long_generation_1,reasoning_long_generation::reasoning_long_generation_1,reasoning_long_generation,attention_weighted_v_ridge_leverage,0,16,16,17,16,64,True,,,,,,,,,0.10966458916664124,0.05737239122390747,0.052292197942733765,27.0,0.0,attention_output_relative_error,sparse_saved_cross_anchor_same_token
diagnostic_attention_head,reasoning_long_generation_1,reasoning_long_generation::reasoning_long_generation_1,reasoning_long_generation,attention_weighted_v_ridge_leverage,0,16,16,17,16,64,True,,,,,,,,,0.26958170533180237,0.23580345511436462,0.033778250217437744,27.0,11.0,attention_output_relative_error,sparse_saved_cross_anchor_same_token
diagnostic_attention_head,reasoning_long_generation_1,reasoning_long_generation::reasoning_long_generation_1,reasoning_long_generation,future_attention_oracle,0,16,16,17,16,64,True,,,,,,,,,0.03479619324207306,0.020640043541789055,0.014156149700284004,0.0,0.0,attention_output_relative_error,sparse_saved_cross_anchor_same_token
diagnostic_attention_head,reasoning_long_generation_1,reasoning_long_generation::reasoning_long_generation_1,reasoning_long_generation,future_attention_oracle,0,16,16,17,16,64,True,,,,,,,,,0.021757863461971283,0.009867608547210693,0.01189025491476059,0.0,11.0,attention_output_relative_error,sparse_saved_cross_anchor_same_token
diagnostic_attention_head,reasoning_long_generation_1,reasoning_long_generation::reasoning_long_generation_1,reasoning_long_generation,future_attention_oracle,0,16,16,17,16,64,True,,,,,,,,,0.0786648690700531,0.006555065046995878,0.07210980402305722,14.0,0.0,attention_output_relative_error,sparse_saved_cross_anchor_same_token
diagnostic_attention_head,reasoning_long_generation_1,reasoning_long_generation::reasoning_long_generation_1,reasoning_long_generation,future_attention_oracle,0,16,16,17,16,64,True,,,,,,,,,0.1672762632369995,0.00560730742290616,0.16166895581409335,14.0,11.0,attention_output_relative_error,sparse_saved_cross_anchor_same_token
diagnostic_attention_head,reasoning_long_generation_1,reasoning_long_generation::reasoning_long_generation_1,reasoning_long_generation,future_attention_oracle,0,16,16,17,16,64,True,,,,,,,,,0.06893875449895859,0.009589800611138344,0.059348953887820244,27.0,0.0,attention_output_relative_error,sparse_saved_cross_anchor_same_token
diagnostic_attention_head,reasoning_long_generation_1,reasoning_long_generation::reasoning_long_generation_1,reasoning_long_generation,future_attention_oracle,0,16,16,17,16,64,True,,,,,,,,,0.1373610943555832,0.03354969993233681,0.10381139442324638,27.0,11.0,attention_output_relative_error,sparse_saved_cross_anchor_same_token
diagnostic_attention_head,reasoning_long_generation_1,reasoning_long_generation::reasoning_long_generation_1,reasoning_long_generation,snapkv,0,16,16,17,16,64,True,,,,,,,,,0.0399429053068161,0.022995691746473312,0.01694721356034279,0.0,0.0,attention_output_relative_error,sparse_saved_cross_anchor_same_token
diagnostic_attention_head,reasoning_long_generation_1,reasoning_long_generation::reasoning_long_generation_1,reasoning_long_generation,snapkv,0,16,16,17,16,64,True,,,,,,,,,0.024183714762330055,0.011610315181314945,0.01257339958101511,0.0,11.0,attention_output_relative_error,sparse_saved_cross_anchor_same_token
diagnostic_attention_head,reasoning_long_generation_1,reasoning_long_generation::reasoning_long_generation_1,reasoning_long_generation,snapkv,0,16,16,17,16,64,True,,,,,,,,,0.08131220936775208,0.02133203111588955,0.059980178251862526,14.0,0.0,attention_output_relative_error,sparse_saved_cross_anchor_same_token
diagnostic_attention_head,reasoning_long_generation_1,reasoning_long_generation::reasoning_long_generation_1,reasoning_long_generation,snapkv,0,16,16,17,16,64,True,,,,,,,,,0.17734546959400177,0.014117153361439705,0.16322831623256207,14.0,11.0,attention_output_relative_error,sparse_saved_cross_anchor_same_token
diagnostic_attention_head,reasoning_long_generation_1,reasoning_long_generation::reasoning_long_generation_1,reasoning_long_generation,snapkv,0,16,16,17,16,64,True,,,,,,,,,0.08704845607280731,0.030855422839522362,0.05619303323328495,27.0,0.0,attention_output_relative_error,sparse_saved_cross_anchor_same_token
diagnostic_attention_head,reasoning_long_generation_1,reasoning_long_generation::reasoning_long_generation_1,reasoning_long_generation,snapkv,0,16,16,17,16,64,True,,,,,,,,,0.20298846065998077,0.12177904695272446,0.08120941370725632,27.0,11.0,attention_output_relative_error,sparse_saved_cross_anchor_same_token
diagnostic_attention_head,reasoning_long_generation_1,reasoning_long_generation::reasoning_long_generation_1,reasoning_long_generation,v_ridge_leverage,0,16,16,17,16,64,True,,,,,,,,,0.1676461398601532,0.18430618941783905,-0.016660049557685852,0.0,0.0,attention_output_relative_error,sparse_saved_cross_anchor_same_token
diagnostic_attention_head,reasoning_long_generation_1,reasoning_long_generation::reasoning_long_generation_1,reasoning_long_generation,v_ridge_leverage,0,16,16,17,16,64,True,,,,,,,,,0.030870314687490463,0.025576477870345116,0.005293836817145348,0.0,11.0,attention_output_relative_error,sparse_saved_cross_anchor_same_token
diagnostic_attention_head,reasoning_long_generation_1,reasoning_long_generation::reasoning_long_generation_1,reasoning_long_generation,v_ridge_leverage,0,16,16,17,16,64,True,,,,,,,,,0.08559286594390869,0.03539760410785675,0.05019526183605194,14.0,0.0,attention_output_relative_error,sparse_saved_cross_anchor_same_token
diagnostic_attention_head,reasoning_long_generation_1,reasoning_long_generation::reasoning_long_generation_1,reasoning_long_generation,v_ridge_leverage,0,16,16,17,16,64,True,,,,,,,,,0.1753135770559311,0.012964732944965363,0.16234884411096573,14.0,11.0,attention_output_relative_error,sparse_saved_cross_anchor_same_token
diagnostic_attention_head,reasoning_long_generation_1,reasoning_long_generation::reasoning_long_generation_1,reasoning_long_generation,v_ridge_leverage,0,16,16,17,16,64,True,,,,,,,,,0.19152258336544037,0.15954318642616272,0.03197939693927765,27.0,0.0,attention_output_relative_error,sparse_saved_cross_anchor_same_token
diagnostic_attention_head,reasoning_long_generation_1,reasoning_long_generation::reasoning_long_generation_1,reasoning_long_generation,v_ridge_leverage,0,16,16,17,16,64,True,,,,,,,,,0.4241275489330292,0.36778250336647034,0.05634504556655884,27.0,11.0,attention_output_relative_error,sparse_saved_cross_anchor_same_token
diagnostic_attention_head,reasoning_long_generation_2,reasoning_long_generation::reasoning_long_generation_2,reasoning_long_generation,attention_weighted_v_ridge_leverage,0,16,16,17,16,64,True,,,,,,,,,0.10847689211368561,0.11521365493535995,-0.006736762821674347,0.0,0.0,attention_output_relative_error,sparse_saved_cross_anchor_same_token
diagnostic_attention_head,reasoning_long_generation_2,reasoning_long_generation::reasoning_long_generation_2,reasoning_long_generation,attention_weighted_v_ridge_leverage,0,16,16,17,16,64,True,,,,,,,,,0.10254521667957306,0.08256789296865463,0.019977323710918427,0.0,11.0,attention_output_relative_error,sparse_saved_cross_anchor_same_token
diagnostic_attention_head,reasoning_long_generation_2,reasoning_long_generation::reasoning_long_generation_2,reasoning_long_generation,attention_weighted_v_ridge_leverage,0,16,16,17,16,64,True,,,,,,,,,0.07529889047145844,0.059297073632478714,0.01600181683897972,14.0,0.0,attention_output_relative_error,sparse_saved_cross_anchor_same_token
diagnostic_attention_head,reasoning_long_generation_2,reasoning_long_generation::reasoning_long_generation_2,reasoning_long_generation,attention_weighted_v_ridge_leverage,0,16,16,17,16,64,True,,,,,,,,,0.4376743733882904,0.4047083854675293,0.03296598792076111,14.0,11.0,attention_output_relative_error,sparse_saved_cross_anchor_same_token
diagnostic_attention_head,reasoning_long_generation_2,reasoning_long_generation::reasoning_long_generation_2,reasoning_long_generation,attention_weighted_v_ridge_leverage,0,16,16,17,16,64,True,,,,,,,,,0.1777063012123108,0.13992609083652496,0.03778021037578583,27.0,0.0,attention_output_relative_error,sparse_saved_cross_anchor_same_token
diagnostic_attention_head,reasoning_long_generation_2,reasoning_long_generation::reasoning_long_generation_2,reasoning_long_generation,attention_weighted_v_ridge_leverage,0,16,16,17,16,64,True,,,,,,,,,0.23604042828083038,0.23402468860149384,0.002015739679336548,27.0,11.0,attention_output_relative_error,sparse_saved_cross_anchor_same_token
diagnostic_attention_head,reasoning_long_generation_2,reasoning_long_generation::reasoning_long_generation_2,reasoning_long_generation,future_attention_oracle,0,16,16,17,16,64,True,,,,,,,,,0.041179317981004715,0.025527000427246094,0.01565231755375862,0.0,0.0,attention_output_relative_error,sparse_saved_cross_anchor_same_token
diagnostic_attention_head,reasoning_long_generation_2,reasoning_long_generation::reasoning_long_generation_2,reasoning_long_generation,future_attention_oracle,0,16,16,17,16,64,True,,,,,,,,,0.06879058480262756,0.031695157289505005,0.03709542751312256,0.0,11.0,attention_output_relative_error,sparse_saved_cross_anchor_same_token
diagnostic_attention_head,reasoning_long_generation_2,reasoning_long_generation::reasoning_long_generation_2,reasoning_long_generation,future_attention_oracle,0,16,16,17,16,64,True,,,,,,,,,0.05112048611044884,0.0113486647605896,0.03977182134985924,14.0,0.0,attention_output_relative_error,sparse_saved_cross_anchor_same_token
diagnostic_attention_head,reasoning_long_generation_2,reasoning_long_generation::reasoning_long_generation_2,reasoning_long_generation,future_attention_oracle,0,16,16,17,16,64,True,,,,,,,,,0.13622426986694336,0.015811393037438393,0.12041287682950497,14.0,11.0,attention_output_relative_error,sparse_saved_cross_anchor_same_token
diagnostic_attention_head,reasoning_long_generation_2,reasoning_long_generation::reasoning_long_generation_2,reasoning_long_generation,future_attention_oracle,0,16,16,17,16,64,True,,,,,,,,,0.05353910103440285,0.0323062390089035,0.021232862025499344,27.0,0.0,attention_output_relative_error,sparse_saved_cross_anchor_same_token
diagnostic_attention_head,reasoning_long_generation_2,reasoning_long_generation::reasoning_long_generation_2,reasoning_long_generation,future_attention_oracle,0,16,16,17,16,64,True,,,,,,,,,0.09337934851646423,0.05189484357833862,0.04148450493812561,27.0,11.0,attention_output_relative_error,sparse_saved_cross_anchor_same_token
diagnostic_attention_head,reasoning_long_generation_2,reasoning_long_generation::reasoning_long_generation_2,reasoning_long_generation,snapkv,0,16,16,17,16,64,True,,,,,,,,,0.05555659532546997,0.04354148358106613,0.012015111744403839,0.0,0.0,attention_output_relative_error,sparse_saved_cross_anchor_same_token
diagnostic_attention_head,reasoning_long_generation_2,reasoning_long_generation::reasoning_long_generation_2,reasoning_long_generation,snapkv,0,16,16,17,16,64,True,,,,,,,,,0.0807320848107338,0.04106515273451805,0.039666932076215744,0.0,11.0,attention_output_relative_error,sparse_saved_cross_anchor_same_token
diagnostic_attention_head,reasoning_long_generation_2,reasoning_long_generation::reasoning_long_generation_2,reasoning_long_generation,snapkv,0,16,16,17,16,64,True,,,,,,,,,0.06982844322919846,0.024618113413453102,0.045210329815745354,14.0,0.0,attention_output_relative_error,sparse_saved_cross_anchor_same_token
diagnostic_attention_head,reasoning_long_generation_2,reasoning_long_generation::reasoning_long_generation_2,reasoning_long_generation,snapkv,0,16,16,17,16,64,True,,,,,,,,,0.14013320207595825,0.1136096715927124,0.02652353048324585,14.0,11.0,attention_output_relative_error,sparse_saved_cross_anchor_same_token
diagnostic_attention_head,reasoning_long_generation_2,reasoning_long_generation::reasoning_long_generation_2,reasoning_long_generation,snapkv,0,16,16,17,16,64,True,,,,,,,,,0.059416722506284714,0.08662602305412292,-0.02720930054783821,27.0,0.0,attention_output_relative_error,sparse_saved_cross_anchor_same_token
diagnostic_attention_head,reasoning_long_generation_2,reasoning_long_generation::reasoning_long_generation_2,reasoning_long_generation,snapkv,0,16,16,17,16,64,True,,,,,,,,,0.14059962332248688,0.09610091894865036,0.04449870437383652,27.0,11.0,attention_output_relative_error,sparse_saved_cross_anchor_same_token
diagnostic_attention_head,reasoning_long_generation_2,reasoning_long_generation::reasoning_long_generation_2,reasoning_long_generation,v_ridge_leverage,0,16,16,17,16,64,True,,,,,,,,,0.10479100793600082,0.11719641089439392,-0.012405402958393097,0.0,0.0,attention_output_relative_error,sparse_saved_cross_anchor_same_token
diagnostic_attention_head,reasoning_long_generation_2,reasoning_long_generation::reasoning_long_generation_2,reasoning_long_generation,v_ridge_leverage,0,16,16,17,16,64,True,,,,,,,,,0.1026758924126625,0.08333007246255875,0.01934581995010376,0.0,11.0,attention_output_relative_error,sparse_saved_cross_anchor_same_token
diagnostic_attention_head,reasoning_long_generation_2,reasoning_long_generation::reasoning_long_generation_2,reasoning_long_generation,v_ridge_leverage,0,16,16,17,16,64,True,,,,,,,,,0.05617545172572136,0.04002752900123596,0.016147922724485397,14.0,0.0,attention_output_relative_error,sparse_saved_cross_anchor_same_token
diagnostic_attention_head,reasoning_long_generation_2,reasoning_long_generation::reasoning_long_generation_2,reasoning_long_generation,v_ridge_leverage,0,16,16,17,16,64,True,,,,,,,,,0.1802528202533722,0.12703639268875122,0.05321642756462097,14.0,11.0,attention_output_relative_error,sparse_saved_cross_anchor_same_token
diagnostic_attention_head,reasoning_long_generation_2,reasoning_long_generation::reasoning_long_generation_2,reasoning_long_generation,v_ridge_leverage,0,16,16,17,16,64,True,,,,,,,,,0.16842423379421234,0.17100867629051208,-0.0025844424962997437,27.0,0.0,attention_output_relative_error,sparse_saved_cross_anchor_same_token
diagnostic_attention_head,reasoning_long_generation_2,reasoning_long_generation::reasoning_long_generation_2,reasoning_long_generation,v_ridge_leverage,0,16,16,17,16,64,True,,,,,,,,,0.4170648157596588,0.3444913327693939,0.07257348299026489,27.0,11.0,attention_output_relative_error,sparse_saved_cross_anchor_same_token
diagnostic_attention_head,reasoning_long_generation_3,reasoning_long_generation::reasoning_long_generation_3,reasoning_long_generation,attention_weighted_v_ridge_leverage,0,16,16,17,16,64,True,,,,,,,,,0.09377957135438919,0.10099068284034729,-0.007211111485958099,0.0,0.0,attention_output_relative_error,sparse_saved_cross_anchor_same_token
diagnostic_attention_head,reasoning_long_generation_3,reasoning_long_generation::reasoning_long_generation_3,reasoning_long_generation,attention_weighted_v_ridge_leverage,0,16,16,17,16,64,True,,,,,,,,,0.10608187317848206,0.08173715323209763,0.02434471994638443,0.0,11.0,attention_output_relative_error,sparse_saved_cross_anchor_same_token
diagnostic_attention_head,reasoning_long_generation_3,reasoning_long_generation::reasoning_long_generation_3,reasoning_long_generation,attention_weighted_v_ridge_leverage,0,16,16,17,16,64,True,,,,,,,,,0.08083302527666092,0.06264489889144897,0.018188126385211945,14.0,0.0,attention_output_relative_error,sparse_saved_cross_anchor_same_token
diagnostic_attention_head,reasoning_long_generation_3,reasoning_long_generation::reasoning_long_generation_3,reasoning_long_generation,attention_weighted_v_ridge_leverage,0,16,16,17,16,64,True,,,,,,,,,0.49580955505371094,0.46795275807380676,0.027856796979904175,14.0,11.0,attention_output_relative_error,sparse_saved_cross_anchor_same_token
diagnostic_attention_head,reasoning_long_generation_3,reasoning_long_generation::reasoning_long_generation_3,reasoning_long_generation,attention_weighted_v_ridge_leverage,0,16,16,17,16,64,True,,,,,,,,,0.19367875158786774,0.12746824324131012,0.06621050834655762,27.0,0.0,attention_output_relative_error,sparse_saved_cross_anchor_same_token
diagnostic_attention_head,reasoning_long_generation_3,reasoning_long_generation::reasoning_long_generation_3,reasoning_long_generation,attention_weighted_v_ridge_leverage,0,16,16,17,16,64,True,,,,,,,,,0.2412443459033966,0.2818368077278137,-0.040592461824417114,27.0,11.0,attention_output_relative_error,sparse_saved_cross_anchor_same_token
diagnostic_attention_head,reasoning_long_generation_3,reasoning_long_generation::reasoning_long_generation_3,reasoning_long_generation,future_attention_oracle,0,16,16,17,16,64,True,,,,,,,,,0.04167528450489044,0.024121005088090897,0.017554279416799545,0.0,0.0,attention_output_relative_error,sparse_saved_cross_anchor_same_token
diagnostic_attention_head,reasoning_long_generation_3,reasoning_long_generation::reasoning_long_generation_3,reasoning_long_generation,future_attention_oracle,0,16,16,17,16,64,True,,,,,,,,,0.07264150679111481,0.03643506392836571,0.0362064428627491,0.0,11.0,attention_output_relative_error,sparse_saved_cross_anchor_same_token
diagnostic_attention_head,reasoning_long_generation_3,reasoning_long_generation::reasoning_long_generation_3,reasoning_long_generation,future_attention_oracle,0,16,16,17,16,64,True,,,,,,,,,0.05189453810453415,0.01116130966693163,0.04073322843760252,14.0,0.0,attention_output_relative_error,sparse_saved_cross_anchor_same_token
diagnostic_attention_head,reasoning_long_generation_3,reasoning_long_generation::reasoning_long_generation_3,reasoning_long_generation,future_attention_oracle,0,16,16,17,16,64,True,,,,,,,,,0.11967603862285614,0.015777479857206345,0.1038985587656498,14.0,11.0,attention_output_relative_error,sparse_saved_cross_anchor_same_token
diagnostic_attention_head,reasoning_long_generation_3,reasoning_long_generation::reasoning_long_generation_3,reasoning_long_generation,future_attention_oracle,0,16,16,17,16,64,True,,,,,,,,,0.05091487988829613,0.03128274530172348,0.019632134586572647,27.0,0.0,attention_output_relative_error,sparse_saved_cross_anchor_same_token
diagnostic_attention_head,reasoning_long_generation_3,reasoning_long_generation::reasoning_long_generation_3,reasoning_long_generation,future_attention_oracle,0,16,16,17,16,64,True,,,,,,,,,0.09867876768112183,0.0495150052011013,0.04916376248002052,27.0,11.0,attention_output_relative_error,sparse_saved_cross_anchor_same_token
diagnostic_attention_head,reasoning_long_generation_3,reasoning_long_generation::reasoning_long_generation_3,reasoning_long_generation,snapkv,0,16,16,17,16,64,True,,,,,,,,,0.056252866983413696,0.04316994175314903,0.013082925230264664,0.0,0.0,attention_output_relative_error,sparse_saved_cross_anchor_same_token
diagnostic_attention_head,reasoning_long_generation_3,reasoning_long_generation::reasoning_long_generation_3,reasoning_long_generation,snapkv,0,16,16,17,16,64,True,,,,,,,,,0.07097748667001724,0.035077426582574844,0.0359000600874424,0.0,11.0,attention_output_relative_error,sparse_saved_cross_anchor_same_token
diagnostic_attention_head,reasoning_long_generation_3,reasoning_long_generation::reasoning_long_generation_3,reasoning_long_generation,snapkv,0,16,16,17,16,64,True,,,,,,,,,0.07296472787857056,0.026806753128767014,0.04615797474980354,14.0,0.0,attention_output_relative_error,sparse_saved_cross_anchor_same_token
diagnostic_attention_head,reasoning_long_generation_3,reasoning_long_generation::reasoning_long_generation_3,reasoning_long_generation,snapkv,0,16,16,17,16,64,True,,,,,,,,,0.1272910237312317,0.07917318493127823,0.04811783879995346,14.0,11.0,attention_output_relative_error,sparse_saved_cross_anchor_same_token
diagnostic_attention_head,reasoning_long_generation_3,reasoning_long_generation::reasoning_long_generation_3,reasoning_long_generation,snapkv,0,16,16,17,16,64,True,,,,,,,,,0.09651021659374237,0.08543043583631516,0.011079780757427216,27.0,0.0,attention_output_relative_error,sparse_saved_cross_anchor_same_token
diagnostic_attention_head,reasoning_long_generation_3,reasoning_long_generation::reasoning_long_generation_3,reasoning_long_generation,snapkv,0,16,16,17,16,64,True,,,,,,,,,0.13487529754638672,0.08830475807189941,0.046570539474487305,27.0,11.0,attention_output_relative_error,sparse_saved_cross_anchor_same_token
diagnostic_attention_head,reasoning_long_generation_3,reasoning_long_generation::reasoning_long_generation_3,reasoning_long_generation,v_ridge_leverage,0,16,16,17,16,64,True,,,,,,,,,0.09007430076599121,0.09173641353845596,-0.0016621127724647522,0.0,0.0,attention_output_relative_error,sparse_saved_cross_anchor_same_token
diagnostic_attention_head,reasoning_long_generation_3,reasoning_long_generation::reasoning_long_generation_3,reasoning_long_generation,v_ridge_leverage,0,16,16,17,16,64,True,,,,,,,,,0.1039699912071228,0.07968156784772873,0.024288423359394073,0.0,11.0,attention_output_relative_error,sparse_saved_cross_anchor_same_token
diagnostic_attention_head,reasoning_long_generation_3,reasoning_long_generation::reasoning_long_generation_3,reasoning_long_generation,v_ridge_leverage,0,16,16,17,16,64,True,,,,,,,,,0.06501895189285278,0.015403665602207184,0.0496152862906456,14.0,0.0,attention_output_relative_error,sparse_saved_cross_anchor_same_token
diagnostic_attention_head,reasoning_long_generation_3,reasoning_long_generation::reasoning_long_generation_3,reasoning_long_generation,v_ridge_leverage,0,16,16,17,16,64,True,,,,,,,,,0.15014123916625977,0.11963185667991638,0.030509382486343384,14.0,11.0,attention_output_relative_error,sparse_saved_cross_anchor_same_token
diagnostic_attention_head,reasoning_long_generation_3,reasoning_long_generation::reasoning_long_generation_3,reasoning_long_generation,v_ridge_leverage,0,16,16,17,16,64,True,,,,,,,,,0.16078899800777435,0.17261065542697906,-0.011821657419204712,27.0,0.0,attention_output_relative_error,sparse_saved_cross_anchor_same_token
diagnostic_attention_head,reasoning_long_generation_3,reasoning_long_generation::reasoning_long_generation_3,reasoning_long_generation,v_ridge_leverage,0,16,16,17,16,64,True,,,,,,,,,0.3454415500164032,0.3102501928806305,0.035191357135772705,27.0,11.0,attention_output_relative_error,sparse_saved_cross_anchor_same_token
diagnostic_attention_head,reasoning_long_generation_4,reasoning_long_generation::reasoning_long_generation_4,reasoning_long_generation,attention_weighted_v_ridge_leverage,0,16,16,17,16,64,True,,,,,,,,,0.10663934051990509,0.11171816289424896,-0.005078822374343872,0.0,0.0,attention_output_relative_error,sparse_saved_cross_anchor_same_token
diagnostic_attention_head,reasoning_long_generation_4,reasoning_long_generation::reasoning_long_generation_4,reasoning_long_generation,attention_weighted_v_ridge_leverage,0,16,16,17,16,64,True,,,,,,,,,0.10458293557167053,0.0849885642528534,0.01959437131881714,0.0,11.0,attention_output_relative_error,sparse_saved_cross_anchor_same_token
diagnostic_attention_head,reasoning_long_generation_4,reasoning_long_generation::reasoning_long_generation_4,reasoning_long_generation,attention_weighted_v_ridge_leverage,0,16,16,17,16,64,True,,,,,,,,,0.08452381938695908,0.06317908316850662,0.021344736218452454,14.0,0.0,attention_output_relative_error,sparse_saved_cross_anchor_same_token
diagnostic_attention_head,reasoning_long_generation_4,reasoning_long_generation::reasoning_long_generation_4,reasoning_long_generation,attention_weighted_v_ridge_leverage,0,16,16,17,16,64,True,,,,,,,,,0.43840616941452026,0.40752288699150085,0.03088328242301941,14.0,11.0,attention_output_relative_error,sparse_saved_cross_anchor_same_token
diagnostic_attention_head,reasoning_long_generation_4,reasoning_long_generation::reasoning_long_generation_4,reasoning_long_generation,attention_weighted_v_ridge_leverage,0,16,16,17,16,64,True,,,,,,,,,0.15192380547523499,0.1318763643503189,0.020047441124916077,27.0,0.0,attention_output_relative_error,sparse_saved_cross_anchor_same_token
diagnostic_attention_head,reasoning_long_generation_4,reasoning_long_generation::reasoning_long_generation_4,reasoning_long_generation,attention_weighted_v_ridge_leverage,0,16,16,17,16,64,True,,,,,,,,,0.21765278279781342,0.20477882027626038,0.01287396252155304,27.0,11.0,attention_output_relative_error,sparse_saved_cross_anchor_same_token
diagnostic_attention_head,reasoning_long_generation_4,reasoning_long_generation::reasoning_long_generation_4,reasoning_long_generation,future_attention_oracle,0,16,16,17,16,64,True,,,,,,,,,0.040126699954271317,0.024829523637890816,0.0152971763163805,0.0,0.0,attention_output_relative_error,sparse_saved_cross_anchor_same_token
diagnostic_attention_head,reasoning_long_generation_4,reasoning_long_generation::reasoning_long_generation_4,reasoning_long_generation,future_attention_oracle,0,16,16,17,16,64,True,,,,,,,,,0.06763923168182373,0.02538166381418705,0.04225756786763668,0.0,11.0,attention_output_relative_error,sparse_saved_cross_anchor_same_token
diagnostic_attention_head,reasoning_long_generation_4,reasoning_long_generation::reasoning_long_generation_4,reasoning_long_generation,future_attention_oracle,0,16,16,17,16,64,True,,,,,,,,,0.05680185183882713,0.014610257931053638,0.042191593907773495,14.0,0.0,attention_output_relative_error,sparse_saved_cross_anchor_same_token
diagnostic_attention_head,reasoning_long_generation_4,reasoning_long_generation::reasoning_long_generation_4,reasoning_long_generation,future_attention_oracle,0,16,16,17,16,64,True,,,,,,,,,0.12173054367303848,0.01832973212003708,0.1034008115530014,14.0,11.0,attention_output_relative_error,sparse_saved_cross_anchor_same_token
diagnostic_attention_head,reasoning_long_generation_4,reasoning_long_generation::reasoning_long_generation_4,reasoning_long_generation,future_attention_oracle,0,16,16,17,16,64,True,,,,,,,,,0.05149611830711365,0.03143521025776863,0.020060908049345016,27.0,0.0,attention_output_relative_error,sparse_saved_cross_anchor_same_token
diagnostic_attention_head,reasoning_long_generation_4,reasoning_long_generation::reasoning_long_generation_4,reasoning_long_generation,future_attention_oracle,0,16,16,17,16,64,True,,,,,,,,,0.0961710512638092,0.061866044998168945,0.03430500626564026,27.0,11.0,attention_output_relative_error,sparse_saved_cross_anchor_same_token
diagnostic_attention_head,reasoning_long_generation_4,reasoning_long_generation::reasoning_long_generation_4,reasoning_long_generation,snapkv,0,16,16,17,16,64,True,,,,,,,,,0.052664171904325485,0.03935055062174797,0.013313621282577515,0.0,0.0,attention_output_relative_error,sparse_saved_cross_anchor_same_token
diagnostic_attention_head,reasoning_long_generation_4,reasoning_long_generation::reasoning_long_generation_4,reasoning_long_generation,snapkv,0,16,16,17,16,64,True,,,,,,,,,0.06840494275093079,0.026247404515743256,0.04215753823518753,0.0,11.0,attention_output_relative_error,sparse_saved_cross_anchor_same_token
diagnostic_attention_head,reasoning_long_generation_4,reasoning_long_generation::reasoning_long_generation_4,reasoning_long_generation,snapkv,0,16,16,17,16,64,True,,,,,,,,,0.08661983162164688,0.02788851223886013,0.05873131938278675,14.0,0.0,attention_output_relative_error,sparse_saved_cross_anchor_same_token
diagnostic_attention_head,reasoning_long_generation_4,reasoning_long_generation::reasoning_long_generation_4,reasoning_long_generation,snapkv,0,16,16,17,16,64,True,,,,,,,,,0.13946014642715454,0.08757749199867249,0.051882654428482056,14.0,11.0,attention_output_relative_error,sparse_saved_cross_anchor_same_token
diagnostic_attention_head,reasoning_long_generation_4,reasoning_long_generation::reasoning_long_generation_4,reasoning_long_generation,snapkv,0,16,16,17,16,64,True,,,,,,,,,0.07590475678443909,0.056555263698101044,0.019349493086338043,27.0,0.0,attention_output_relative_error,sparse_saved_cross_anchor_same_token
diagnostic_attention_head,reasoning_long_generation_4,reasoning_long_generation::reasoning_long_generation_4,reasoning_long_generation,snapkv,0,16,16,17,16,64,True,,,,,,,,,0.16594265401363373,0.12422694265842438,0.04171571135520935,27.0,11.0,attention_output_relative_error,sparse_saved_cross_anchor_same_token
diagnostic_attention_head,reasoning_long_generation_4,reasoning_long_generation::reasoning_long_generation_4,reasoning_long_generation,v_ridge_leverage,0,16,16,17,16,64,True,,,,,,,,,0.10704712569713593,0.11783875524997711,-0.010791629552841187,0.0,0.0,attention_output_relative_error,sparse_saved_cross_anchor_same_token
diagnostic_attention_head,reasoning_long_generation_4,reasoning_long_generation::reasoning_long_generation_4,reasoning_long_generation,v_ridge_leverage,0,16,16,17,16,64,True,,,,,,,,,0.10238669067621231,0.0866108164191246,0.015775874257087708,0.0,11.0,attention_output_relative_error,sparse_saved_cross_anchor_same_token
diagnostic_attention_head,reasoning_long_generation_4,reasoning_long_generation::reasoning_long_generation_4,reasoning_long_generation,v_ridge_leverage,0,16,16,17,16,64,True,,,,,,,,,0.08195339143276215,0.023033710196614265,0.05891968123614788,14.0,0.0,attention_output_relative_error,sparse_saved_cross_anchor_same_token
diagnostic_attention_head,reasoning_long_generation_4,reasoning_long_generation::reasoning_long_generation_4,reasoning_long_generation,v_ridge_leverage,0,16,16,17,16,64,True,,,,,,,,,0.15908317267894745,0.10379031300544739,0.05529285967350006,14.0,11.0,attention_output_relative_error,sparse_saved_cross_anchor_same_token
diagnostic_attention_head,reasoning_long_generation_4,reasoning_long_generation::reasoning_long_generation_4,reasoning_long_generation,v_ridge_leverage,0,16,16,17,16,64,True,,,,,,,,,0.181743323802948,0.15334735810756683,0.028395965695381165,27.0,0.0,attention_output_relative_error,sparse_saved_cross_anchor_same_token
diagnostic_attention_head,reasoning_long_generation_4,reasoning_long_generation::reasoning_long_generation_4,reasoning_long_generation,v_ridge_leverage,0,16,16,17,16,64,True,,,,,,,,,0.3858714699745178,0.33942362666130066,0.04644784331321716,27.0,11.0,attention_output_relative_error,sparse_saved_cross_anchor_same_token
diagnostic_attention_head,synthetic_niah_0,niah_single_1::synthetic_niah_0,niah_single_1,attention_weighted_v_ridge_leverage,0,16,16,17,16,64,True,,,,,,,,,0.17074504494667053,0.1600145548582077,0.01073049008846283,0.0,0.0,attention_output_relative_error,sparse_saved_cross_anchor_same_token
diagnostic_attention_head,synthetic_niah_0,niah_single_1::synthetic_niah_0,niah_single_1,attention_weighted_v_ridge_leverage,0,16,16,17,16,64,True,,,,,,,,,0.10174974054098129,0.09588882327079773,0.005860917270183563,0.0,11.0,attention_output_relative_error,sparse_saved_cross_anchor_same_token
diagnostic_attention_head,synthetic_niah_0,niah_single_1::synthetic_niah_0,niah_single_1,attention_weighted_v_ridge_leverage,0,16,16,17,16,64,True,,,,,,,,,0.028621800243854523,0.006489336956292391,0.022132463287562132,14.0,0.0,attention_output_relative_error,sparse_saved_cross_anchor_same_token
diagnostic_attention_head,synthetic_niah_0,niah_single_1::synthetic_niah_0,niah_single_1,attention_weighted_v_ridge_leverage,0,16,16,17,16,64,True,,,,,,,,,0.15178877115249634,0.031233666464686394,0.12055510468780994,14.0,11.0,attention_output_relative_error,sparse_saved_cross_anchor_same_token
diagnostic_attention_head,synthetic_niah_0,niah_single_1::synthetic_niah_0,niah_single_1,attention_weighted_v_ridge_leverage,0,16,16,17,16,64,True,,,,,,,,,0.06019233912229538,0.0666293129324913,-0.006436973810195923,27.0,0.0,attention_output_relative_error,sparse_saved_cross_anchor_same_token
diagnostic_attention_head,synthetic_niah_0,niah_single_1::synthetic_niah_0,niah_single_1,attention_weighted_v_ridge_leverage,0,16,16,17,16,64,True,,,,,,,,,0.08035922050476074,0.09873466193675995,-0.018375441431999207,27.0,11.0,attention_output_relative_error,sparse_saved_cross_anchor_same_token
diagnostic_attention_head,synthetic_niah_0,niah_single_1::synthetic_niah_0,niah_single_1,future_attention_oracle,0,16,16,17,16,64,True,,,,,,,,,0.0820651724934578,0.08343486487865448,-0.0013696923851966858,0.0,0.0,attention_output_relative_error,sparse_saved_cross_anchor_same_token
diagnostic_attention_head,synthetic_niah_0,niah_single_1::synthetic_niah_0,niah_single_1,future_attention_oracle,0,16,16,17,16,64,True,,,,,,,,,0.041733622550964355,0.042795248329639435,-0.0010616257786750793,0.0,11.0,attention_output_relative_error,sparse_saved_cross_anchor_same_token
diagnostic_attention_head,synthetic_niah_0,niah_single_1::synthetic_niah_0,niah_single_1,future_attention_oracle,0,16,16,17,16,64,True,,,,,,,,,0.021991383284330368,0.00304225436411798,0.018949128920212388,14.0,0.0,attention_output_relative_error,sparse_saved_cross_anchor_same_token
diagnostic_attention_head,synthetic_niah_0,niah_single_1::synthetic_niah_0,niah_single_1,future_attention_oracle,0,16,16,17,16,64,True,,,,,,,,,0.1390315443277359,0.0249783918261528,0.1140531525015831,14.0,11.0,attention_output_relative_error,sparse_saved_cross_anchor_same_token
diagnostic_attention_head,synthetic_niah_0,niah_single_1::synthetic_niah_0,niah_single_1,future_attention_oracle,0,16,16,17,16,64,True,,,,,,,,,0.020586110651493073,0.04364719241857529,-0.023061081767082214,27.0,0.0,attention_output_relative_error,sparse_saved_cross_anchor_same_token
diagnostic_attention_head,synthetic_niah_0,niah_single_1::synthetic_niah_0,niah_single_1,future_attention_oracle,0,16,16,17,16,64,True,,,,,,,,,0.06073833256959915,0.08253592997789383,-0.021797597408294678,27.0,11.0,attention_output_relative_error,sparse_saved_cross_anchor_same_token
diagnostic_attention_head,synthetic_niah_0,niah_single_1::synthetic_niah_0,niah_single_1,snapkv,0,16,16,17,16,64,True,,,,,,,,,0.06745840609073639,0.06593036651611328,0.001528039574623108,0.0,0.0,attention_output_relative_error,sparse_saved_cross_anchor_same_token
diagnostic_attention_head,synthetic_niah_0,niah_single_1::synthetic_niah_0,niah_single_1,snapkv,0,16,16,17,16,64,True,,,,,,,,,0.04434873163700104,0.040788836777210236,0.003559894859790802,0.0,11.0,attention_output_relative_error,sparse_saved_cross_anchor_same_token
diagnostic_attention_head,synthetic_niah_0,niah_single_1::synthetic_niah_0,niah_single_1,snapkv,0,16,16,17,16,64,True,,,,,,,,,0.021240204572677612,0.003777378937229514,0.017462825635448098,14.0,0.0,attention_output_relative_error,sparse_saved_cross_anchor_same_token
diagnostic_attention_head,synthetic_niah_0,niah_single_1::synthetic_niah_0,niah_single_1,snapkv,0,16,16,17,16,64,True,,,,,,,,,0.14546909928321838,0.040142834186553955,0.10532626509666443,14.0,11.0,attention_output_relative_error,sparse_saved_cross_anchor_same_token
diagnostic_attention_head,synthetic_niah_0,niah_single_1::synthetic_niah_0,niah_single_1,snapkv,0,16,16,17,16,64,True,,,,,,,,,0.0404888354241848,0.06915514916181564,-0.028666313737630844,27.0,0.0,attention_output_relative_error,sparse_saved_cross_anchor_same_token
diagnostic_attention_head,synthetic_niah_0,niah_single_1::synthetic_niah_0,niah_single_1,snapkv,0,16,16,17,16,64,True,,,,,,,,,0.07782493531703949,0.09998290985822678,-0.022157974541187286,27.0,11.0,attention_output_relative_error,sparse_saved_cross_anchor_same_token
diagnostic_attention_head,synthetic_niah_0,niah_single_1::synthetic_niah_0,niah_single_1,v_ridge_leverage,0,16,16,17,16,64,True,,,,,,,,,0.20950789749622345,0.19277437031269073,0.016733527183532715,0.0,0.0,attention_output_relative_error,sparse_saved_cross_anchor_same_token
diagnostic_attention_head,synthetic_niah_0,niah_single_1::synthetic_niah_0,niah_single_1,v_ridge_leverage,0,16,16,17,16,64,True,,,,,,,,,0.09078246355056763,0.07792007178068161,0.012862391769886017,0.0,11.0,attention_output_relative_error,sparse_saved_cross_anchor_same_token
diagnostic_attention_head,synthetic_niah_0,niah_single_1::synthetic_niah_0,niah_single_1,v_ridge_leverage,0,16,16,17,16,64,True,,,,,,,,,0.02087762951850891,0.007810476701706648,0.013067152816802263,14.0,0.0,attention_output_relative_error,sparse_saved_cross_anchor_same_token
diagnostic_attention_head,synthetic_niah_0,niah_single_1::synthetic_niah_0,niah_single_1,v_ridge_leverage,0,16,16,17,16,64,True,,,,,,,,,0.14788036048412323,0.037709955126047134,0.1101704053580761,14.0,11.0,attention_output_relative_error,sparse_saved_cross_anchor_same_token
diagnostic_attention_head,synthetic_niah_0,niah_single_1::synthetic_niah_0,niah_single_1,v_ridge_leverage,0,16,16,17,16,64,True,,,,,,,,,0.04039493948221207,0.07397777587175369,-0.033582836389541626,27.0,0.0,attention_output_relative_error,sparse_saved_cross_anchor_same_token
diagnostic_attention_head,synthetic_niah_0,niah_single_1::synthetic_niah_0,niah_single_1,v_ridge_leverage,0,16,16,17,16,64,True,,,,,,,,,0.0797094851732254,0.10794366896152496,-0.02823418378829956,27.0,11.0,attention_output_relative_error,sparse_saved_cross_anchor_same_token
diagnostic_attention_head,synthetic_niah_1,niah_single_1::synthetic_niah_1,niah_single_1,attention_weighted_v_ridge_leverage,0,16,16,17,16,64,True,,,,,,,,,0.1280769258737564,0.12500932812690735,0.00306759774684906,0.0,0.0,attention_output_relative_error,sparse_saved_cross_anchor_same_token
diagnostic_attention_head,synthetic_niah_1,niah_single_1::synthetic_niah_1,niah_single_1,attention_weighted_v_ridge_leverage,0,16,16,17,16,64,True,,,,,,,,,0.08105878531932831,0.0716225728392601,0.009436212480068207,0.0,11.0,attention_output_relative_error,sparse_saved_cross_anchor_same_token
diagnostic_attention_head,synthetic_niah_1,niah_single_1::synthetic_niah_1,niah_single_1,attention_weighted_v_ridge_leverage,0,16,16,17,16,64,True,,,,,,,,,0.24678294360637665,0.19136802852153778,0.05541491508483887,14.0,0.0,attention_output_relative_error,sparse_saved_cross_anchor_same_token
diagnostic_attention_head,synthetic_niah_1,niah_single_1::synthetic_niah_1,niah_single_1,attention_weighted_v_ridge_leverage,0,16,16,17,16,64,True,,,,,,,,,0.13158239424228668,0.05806328356266022,0.07351911067962646,14.0,11.0,attention_output_relative_error,sparse_saved_cross_anchor_same_token
diagnostic_attention_head,synthetic_niah_1,niah_single_1::synthetic_niah_1,niah_single_1,attention_weighted_v_ridge_leverage,0,16,16,17,16,64,True,,,,,,,,,0.06928176432847977,0.06610555201768875,0.0031762123107910156,27.0,0.0,attention_output_relative_error,sparse_saved_cross_anchor_same_token
diagnostic_attention_head,synthetic_niah_1,niah_single_1::synthetic_niah_1,niah_single_1,attention_weighted_v_ridge_leverage,0,16,16,17,16,64,True,,,,,,,,,0.17488199472427368,0.14767208695411682,0.02720990777015686,27.0,11.0,attention_output_relative_error,sparse_saved_cross_anchor_same_token
diagnostic_attention_head,synthetic_niah_1,niah_single_1::synthetic_niah_1,niah_single_1,future_attention_oracle,0,16,16,17,16,64,True,,,,,,,,,0.031960174441337585,0.02817489020526409,0.003785284236073494,0.0,0.0,attention_output_relative_error,sparse_saved_cross_anchor_same_token
diagnostic_attention_head,synthetic_niah_1,niah_single_1::synthetic_niah_1,niah_single_1,future_attention_oracle,0,16,16,17,16,64,True,,,,,,,,,0.04125230014324188,0.027911674231290817,0.013340625911951065,0.0,11.0,attention_output_relative_error,sparse_saved_cross_anchor_same_token
diagnostic_attention_head,synthetic_niah_1,niah_single_1::synthetic_niah_1,niah_single_1,future_attention_oracle,0,16,16,17,16,64,True,,,,,,,,,0.18330161273479462,0.1638696938753128,0.01943191885948181,14.0,0.0,attention_output_relative_error,sparse_saved_cross_anchor_same_token
diagnostic_attention_head,synthetic_niah_1,niah_single_1::synthetic_niah_1,niah_single_1,future_attention_oracle,0,16,16,17,16,64,True,,,,,,,,,0.12508942186832428,0.055281467735767365,0.06980795413255692,14.0,11.0,attention_output_relative_error,sparse_saved_cross_anchor_same_token
diagnostic_attention_head,synthetic_niah_1,niah_single_1::synthetic_niah_1,niah_single_1,future_attention_oracle,0,16,16,17,16,64,True,,,,,,,,,0.049580808728933334,0.053934115916490555,-0.0043533071875572205,27.0,0.0,attention_output_relative_error,sparse_saved_cross_anchor_same_token
diagnostic_attention_head,synthetic_niah_1,niah_single_1::synthetic_niah_1,niah_single_1,future_attention_oracle,0,16,16,17,16,64,True,,,,,,,,,0.12316551804542542,0.14472021162509918,-0.021554693579673767,27.0,11.0,attention_output_relative_error,sparse_saved_cross_anchor_same_token
diagnostic_attention_head,synthetic_niah_1,niah_single_1::synthetic_niah_1,niah_single_1,snapkv,0,16,16,17,16,64,True,,,,,,,,,0.039860185235738754,0.04152083769440651,-0.0016606524586677551,0.0,0.0,attention_output_relative_error,sparse_saved_cross_anchor_same_token
diagnostic_attention_head,synthetic_niah_1,niah_single_1::synthetic_niah_1,niah_single_1,snapkv,0,16,16,17,16,64,True,,,,,,,,,0.03749561309814453,0.030460579320788383,0.007035033777356148,0.0,11.0,attention_output_relative_error,sparse_saved_cross_anchor_same_token
diagnostic_attention_head,synthetic_niah_1,niah_single_1::synthetic_niah_1,niah_single_1,snapkv,0,16,16,17,16,64,True,,,,,,,,,0.28503644466400146,0.20595552027225494,0.07908092439174652,14.0,0.0,attention_output_relative_error,sparse_saved_cross_anchor_same_token
diagnostic_attention_head,synthetic_niah_1,niah_single_1::synthetic_niah_1,niah_single_1,snapkv,0,16,16,17,16,64,True,,,,,,,,,0.1524239480495453,0.07022843509912491,0.08219551295042038,14.0,11.0,attention_output_relative_error,sparse_saved_cross_anchor_same_token
diagnostic_attention_head,synthetic_niah_1,niah_single_1::synthetic_niah_1,niah_single_1,snapkv,0,16,16,17,16,64,True,,,,,,,,,0.08487190306186676,0.08648049086332321,-0.0016085878014564514,27.0,0.0,attention_output_relative_error,sparse_saved_cross_anchor_same_token
diagnostic_attention_head,synthetic_niah_1,niah_single_1::synthetic_niah_1,niah_single_1,snapkv,0,16,16,17,16,64,True,,,,,,,,,0.1953878104686737,0.17190220952033997,0.02348560094833374,27.0,11.0,attention_output_relative_error,sparse_saved_cross_anchor_same_token
diagnostic_attention_head,synthetic_niah_1,niah_single_1::synthetic_niah_1,niah_single_1,v_ridge_leverage,0,16,16,17,16,64,True,,,,,,,,,0.15566962957382202,0.14881446957588196,0.0068551599979400635,0.0,0.0,attention_output_relative_error,sparse_saved_cross_anchor_same_token
diagnostic_attention_head,synthetic_niah_1,niah_single_1::synthetic_niah_1,niah_single_1,v_ridge_leverage,0,16,16,17,16,64,True,,,,,,,,,0.07056088000535965,0.06143263727426529,0.00912824273109436,0.0,11.0,attention_output_relative_error,sparse_saved_cross_anchor_same_token
diagnostic_attention_head,synthetic_niah_1,niah_single_1::synthetic_niah_1,niah_single_1,v_ridge_leverage,0,16,16,17,16,64,True,,,,,,,,,0.25960949063301086,0.1937849521636963,0.06582453846931458,14.0,0.0,attention_output_relative_error,sparse_saved_cross_anchor_same_token
diagnostic_attention_head,synthetic_niah_1,niah_single_1::synthetic_niah_1,niah_single_1,v_ridge_leverage,0,16,16,17,16,64,True,,,,,,,,,0.13611017167568207,0.05988305062055588,0.07622712105512619,14.0,11.0,attention_output_relative_error,sparse_saved_cross_anchor_same_token
diagnostic_attention_head,synthetic_niah_1,niah_single_1::synthetic_niah_1,niah_single_1,v_ridge_leverage,0,16,16,17,16,64,True,,,,,,,,,0.08158784359693527,0.07829921692609787,0.0032886266708374023,27.0,0.0,attention_output_relative_error,sparse_saved_cross_anchor_same_token
diagnostic_attention_head,synthetic_niah_1,niah_single_1::synthetic_niah_1,niah_single_1,v_ridge_leverage,0,16,16,17,16,64,True,,,,,,,,,0.19093157351016998,0.16122783720493317,0.029703736305236816,27.0,11.0,attention_output_relative_error,sparse_saved_cross_anchor_same_token
diagnostic_attention_head,synthetic_niah_2,niah_single_1::synthetic_niah_2,niah_single_1,attention_weighted_v_ridge_leverage,0,16,16,17,16,64,True,,,,,,,,,0.22703491151332855,0.2274450957775116,-0.00041018426418304443,0.0,0.0,attention_output_relative_error,sparse_saved_cross_anchor_same_token
diagnostic_attention_head,synthetic_niah_2,niah_single_1::synthetic_niah_2,niah_single_1,attention_weighted_v_ridge_leverage,0,16,16,17,16,64,True,,,,,,,,,0.3726329207420349,0.3593403995037079,0.013292521238327026,0.0,11.0,attention_output_relative_error,sparse_saved_cross_anchor_same_token
diagnostic_attention_head,synthetic_niah_2,niah_single_1::synthetic_niah_2,niah_single_1,attention_weighted_v_ridge_leverage,0,16,16,17,16,64,True,,,,,,,,,0.07007506489753723,0.011498014442622662,0.05857705045491457,14.0,0.0,attention_output_relative_error,sparse_saved_cross_anchor_same_token
diagnostic_attention_head,synthetic_niah_2,niah_single_1::synthetic_niah_2,niah_single_1,attention_weighted_v_ridge_leverage,0,16,16,17,16,64,True,,,,,,,,,0.08904485404491425,0.05091185122728348,0.03813300281763077,14.0,11.0,attention_output_relative_error,sparse_saved_cross_anchor_same_token
diagnostic_attention_head,synthetic_niah_2,niah_single_1::synthetic_niah_2,niah_single_1,attention_weighted_v_ridge_leverage,0,16,16,17,16,64,True,,,,,,,,,0.09359341114759445,0.051337264478206635,0.04225614666938782,27.0,0.0,attention_output_relative_error,sparse_saved_cross_anchor_same_token
diagnostic_attention_head,synthetic_niah_2,niah_single_1::synthetic_niah_2,niah_single_1,attention_weighted_v_ridge_leverage,0,16,16,17,16,64,True,,,,,,,,,0.09280490130186081,0.043925441801548004,0.048879459500312805,27.0,11.0,attention_output_relative_error,sparse_saved_cross_anchor_same_token
diagnostic_attention_head,synthetic_niah_2,niah_single_1::synthetic_niah_2,niah_single_1,future_attention_oracle,0,16,16,17,16,64,True,,,,,,,,,0.10363496840000153,0.11234822124242783,-0.0087132528424263,0.0,0.0,attention_output_relative_error,sparse_saved_cross_anchor_same_token
diagnostic_attention_head,synthetic_niah_2,niah_single_1::synthetic_niah_2,niah_single_1,future_attention_oracle,0,16,16,17,16,64,True,,,,,,,,,0.15450017154216766,0.17401815950870514,-0.019517987966537476,0.0,11.0,attention_output_relative_error,sparse_saved_cross_anchor_same_token
diagnostic_attention_head,synthetic_niah_2,niah_single_1::synthetic_niah_2,niah_single_1,future_attention_oracle,0,16,16,17,16,64,True,,,,,,,,,0.05649120733141899,0.025768814608454704,0.030722392722964287,14.0,0.0,attention_output_relative_error,sparse_saved_cross_anchor_same_token
diagnostic_attention_head,synthetic_niah_2,niah_single_1::synthetic_niah_2,niah_single_1,future_attention_oracle,0,16,16,17,16,64,True,,,,,,,,,0.07901492714881897,0.04368456453084946,0.03533036261796951,14.0,11.0,attention_output_relative_error,sparse_saved_cross_anchor_same_token
diagnostic_attention_head,synthetic_niah_2,niah_single_1::synthetic_niah_2,niah_single_1,future_attention_oracle,0,16,16,17,16,64,True,,,,,,,,,0.06673501431941986,0.042913734912872314,0.023821279406547546,27.0,0.0,attention_output_relative_error,sparse_saved_cross_anchor_same_token
diagnostic_attention_head,synthetic_niah_2,niah_single_1::synthetic_niah_2,niah_single_1,future_attention_oracle,0,16,16,17,16,64,True,,,,,,,,,0.07200250029563904,0.040081385523080826,0.03192111477255821,27.0,11.0,attention_output_relative_error,sparse_saved_cross_anchor_same_token
diagnostic_attention_head,synthetic_niah_2,niah_single_1::synthetic_niah_2,niah_single_1,snapkv,0,16,16,17,16,64,True,,,,,,,,,0.07640860974788666,0.08659243583679199,-0.010183826088905334,0.0,0.0,attention_output_relative_error,sparse_saved_cross_anchor_same_token
diagnostic_attention_head,synthetic_niah_2,niah_single_1::synthetic_niah_2,niah_single_1,snapkv,0,16,16,17,16,64,True,,,,,,,,,0.17957721650600433,0.17253535985946655,0.007041856646537781,0.0,11.0,attention_output_relative_error,sparse_saved_cross_anchor_same_token
diagnostic_attention_head,synthetic_niah_2,niah_single_1::synthetic_niah_2,niah_single_1,snapkv,0,16,16,17,16,64,True,,,,,,,,,0.07339448481798172,0.0215949434787035,0.05179954133927822,14.0,0.0,attention_output_relative_error,sparse_saved_cross_anchor_same_token
diagnostic_attention_head,synthetic_niah_2,niah_single_1::synthetic_niah_2,niah_single_1,snapkv,0,16,16,17,16,64,True,,,,,,,,,0.0765082985162735,0.0580463781952858,0.0184619203209877,14.0,11.0,attention_output_relative_error,sparse_saved_cross_anchor_same_token
diagnostic_attention_head,synthetic_niah_2,niah_single_1::synthetic_niah_2,niah_single_1,snapkv,0,16,16,17,16,64,True,,,,,,,,,0.08203642070293427,0.05522352084517479,0.026812899857759476,27.0,0.0,attention_output_relative_error,sparse_saved_cross_anchor_same_token
diagnostic_attention_head,synthetic_niah_2,niah_single_1::synthetic_niah_2,niah_single_1,snapkv,0,16,16,17,16,64,True,,,,,,,,,0.07829179614782333,0.04570011794567108,0.03259167820215225,27.0,11.0,attention_output_relative_error,sparse_saved_cross_anchor_same_token
diagnostic_attention_head,synthetic_niah_2,niah_single_1::synthetic_niah_2,niah_single_1,v_ridge_leverage,0,16,16,17,16,64,True,,,,,,,,,0.26622745394706726,0.263613224029541,0.002614229917526245,0.0,0.0,attention_output_relative_error,sparse_saved_cross_anchor_same_token
diagnostic_attention_head,synthetic_niah_2,niah_single_1::synthetic_niah_2,niah_single_1,v_ridge_leverage,0,16,16,17,16,64,True,,,,,,,,,0.3538818061351776,0.3354686498641968,0.018413156270980835,0.0,11.0,attention_output_relative_error,sparse_saved_cross_anchor_same_token
diagnostic_attention_head,synthetic_niah_2,niah_single_1::synthetic_niah_2,niah_single_1,v_ridge_leverage,0,16,16,17,16,64,True,,,,,,,,,0.07412904500961304,0.007710978854447603,0.06641806615516543,14.0,0.0,attention_output_relative_error,sparse_saved_cross_anchor_same_token
diagnostic_attention_head,synthetic_niah_2,niah_single_1::synthetic_niah_2,niah_single_1,v_ridge_leverage,0,16,16,17,16,64,True,,,,,,,,,0.07625051587820053,0.04993336647748947,0.02631714940071106,14.0,11.0,attention_output_relative_error,sparse_saved_cross_anchor_same_token
diagnostic_attention_head,synthetic_niah_2,niah_single_1::synthetic_niah_2,niah_single_1,v_ridge_leverage,0,16,16,17,16,64,True,,,,,,,,,0.08733904361724854,0.05988765135407448,0.027451392263174057,27.0,0.0,attention_output_relative_error,sparse_saved_cross_anchor_same_token
diagnostic_attention_head,synthetic_niah_2,niah_single_1::synthetic_niah_2,niah_single_1,v_ridge_leverage,0,16,16,17,16,64,True,,,,,,,,,0.09033666551113129,0.0550650916993618,0.035271573811769485,27.0,11.0,attention_output_relative_error,sparse_saved_cross_anchor_same_token
diagnostic_attention_head,synthetic_niah_3,niah_single_1::synthetic_niah_3,niah_single_1,attention_weighted_v_ridge_leverage,0,16,16,17,16,64,True,,,,,,,,,0.13591964542865753,0.13206064701080322,0.003858998417854309,0.0,0.0,attention_output_relative_error,sparse_saved_cross_anchor_same_token
diagnostic_attention_head,synthetic_niah_3,niah_single_1::synthetic_niah_3,niah_single_1,attention_weighted_v_ridge_leverage,0,16,16,17,16,64,True,,,,,,,,,0.10373862087726593,0.09263996034860611,0.01109866052865982,0.0,11.0,attention_output_relative_error,sparse_saved_cross_anchor_same_token
diagnostic_attention_head,synthetic_niah_3,niah_single_1::synthetic_niah_3,niah_single_1,attention_weighted_v_ridge_leverage,0,16,16,17,16,64,True,,,,,,,,,0.16961106657981873,0.126027911901474,0.04358315467834473,14.0,0.0,attention_output_relative_error,sparse_saved_cross_anchor_same_token
diagnostic_attention_head,synthetic_niah_3,niah_single_1::synthetic_niah_3,niah_single_1,attention_weighted_v_ridge_leverage,0,16,16,17,16,64,True,,,,,,,,,0.1422361135482788,0.0360863171517849,0.10614979639649391,14.0,11.0,attention_output_relative_error,sparse_saved_cross_anchor_same_token
diagnostic_attention_head,synthetic_niah_3,niah_single_1::synthetic_niah_3,niah_single_1,attention_weighted_v_ridge_leverage,0,16,16,17,16,64,True,,,,,,,,,0.05153780058026314,0.04755905270576477,0.003978747874498367,27.0,0.0,attention_output_relative_error,sparse_saved_cross_anchor_same_token
diagnostic_attention_head,synthetic_niah_3,niah_single_1::synthetic_niah_3,niah_single_1,attention_weighted_v_ridge_leverage,0,16,16,17,16,64,True,,,,,,,,,0.10404861718416214,0.06208111718297005,0.04196750000119209,27.0,11.0,attention_output_relative_error,sparse_saved_cross_anchor_same_token
diagnostic_attention_head,synthetic_niah_3,niah_single_1::synthetic_niah_3,niah_single_1,future_attention_oracle,0,16,16,17,16,64,True,,,,,,,,,0.03193720802664757,0.029020626097917557,0.002916581928730011,0.0,0.0,attention_output_relative_error,sparse_saved_cross_anchor_same_token
diagnostic_attention_head,synthetic_niah_3,niah_single_1::synthetic_niah_3,niah_single_1,future_attention_oracle,0,16,16,17,16,64,True,,,,,,,,,0.04872772470116615,0.03808671981096268,0.010641004890203476,0.0,11.0,attention_output_relative_error,sparse_saved_cross_anchor_same_token
diagnostic_attention_head,synthetic_niah_3,niah_single_1::synthetic_niah_3,niah_single_1,future_attention_oracle,0,16,16,17,16,64,True,,,,,,,,,0.1160641685128212,0.08180016279220581,0.03426400572061539,14.0,0.0,attention_output_relative_error,sparse_saved_cross_anchor_same_token
diagnostic_attention_head,synthetic_niah_3,niah_single_1::synthetic_niah_3,niah_single_1,future_attention_oracle,0,16,16,17,16,64,True,,,,,,,,,0.1471932977437973,0.023964107036590576,0.12322919070720673,14.0,11.0,attention_output_relative_error,sparse_saved_cross_anchor_same_token
diagnostic_attention_head,synthetic_niah_3,niah_single_1::synthetic_niah_3,niah_single_1,future_attention_oracle,0,16,16,17,16,64,True,,,,,,,,,0.031154537573456764,0.027106324210762978,0.004048213362693787,27.0,0.0,attention_output_relative_error,sparse_saved_cross_anchor_same_token
diagnostic_attention_head,synthetic_niah_3,niah_single_1::synthetic_niah_3,niah_single_1,future_attention_oracle,0,16,16,17,16,64,True,,,,,,,,,0.0948658287525177,0.04973102733492851,0.04513480141758919,27.0,11.0,attention_output_relative_error,sparse_saved_cross_anchor_same_token
diagnostic_attention_head,synthetic_niah_3,niah_single_1::synthetic_niah_3,niah_single_1,snapkv,0,16,16,17,16,64,True,,,,,,,,,0.03215333819389343,0.030527647584676743,0.00162569060921669,0.0,0.0,attention_output_relative_error,sparse_saved_cross_anchor_same_token
diagnostic_attention_head,synthetic_niah_3,niah_single_1::synthetic_niah_3,niah_single_1,snapkv,0,16,16,17,16,64,True,,,,,,,,,0.04658781364560127,0.03370781987905502,0.01287999376654625,0.0,11.0,attention_output_relative_error,sparse_saved_cross_anchor_same_token
diagnostic_attention_head,synthetic_niah_3,niah_single_1::synthetic_niah_3,niah_single_1,snapkv,0,16,16,17,16,64,True,,,,,,,,,0.1903935968875885,0.12481939047574997,0.06557420641183853,14.0,0.0,attention_output_relative_error,sparse_saved_cross_anchor_same_token
diagnostic_attention_head,synthetic_niah_3,niah_single_1::synthetic_niah_3,niah_single_1,snapkv,0,16,16,17,16,64,True,,,,,,,,,0.14906570315361023,0.03701561689376831,0.11205008625984192,14.0,11.0,attention_output_relative_error,sparse_saved_cross_anchor_same_token
diagnostic_attention_head,synthetic_niah_3,niah_single_1::synthetic_niah_3,niah_single_1,snapkv,0,16,16,17,16,64,True,,,,,,,,,0.058810651302337646,0.05333106592297554,0.005479585379362106,27.0,0.0,attention_output_relative_error,sparse_saved_cross_anchor_same_token
diagnostic_attention_head,synthetic_niah_3,niah_single_1::synthetic_niah_3,niah_single_1,snapkv,0,16,16,17,16,64,True,,,,,,,,,0.12213961780071259,0.067445769906044,0.05469384789466858,27.0,11.0,attention_output_relative_error,sparse_saved_cross_anchor_same_token
diagnostic_attention_head,synthetic_niah_3,niah_single_1::synthetic_niah_3,niah_single_1,v_ridge_leverage,0,16,16,17,16,64,True,,,,,,,,,0.1637773960828781,0.1513277143239975,0.012449681758880615,0.0,0.0,attention_output_relative_error,sparse_saved_cross_anchor_same_token
diagnostic_attention_head,synthetic_niah_3,niah_single_1::synthetic_niah_3,niah_single_1,v_ridge_leverage,0,16,16,17,16,64,True,,,,,,,,,0.09007129073143005,0.0796256959438324,0.010445594787597656,0.0,11.0,attention_output_relative_error,sparse_saved_cross_anchor_same_token
diagnostic_attention_head,synthetic_niah_3,niah_single_1::synthetic_niah_3,niah_single_1,v_ridge_leverage,0,16,16,17,16,64,True,,,,,,,,,0.18310031294822693,0.12398689985275269,0.05911341309547424,14.0,0.0,attention_output_relative_error,sparse_saved_cross_anchor_same_token
diagnostic_attention_head,synthetic_niah_3,niah_single_1::synthetic_niah_3,niah_single_1,v_ridge_leverage,0,16,16,17,16,64,True,,,,,,,,,0.14031758904457092,0.03791246563196182,0.1024051234126091,14.0,11.0,attention_output_relative_error,sparse_saved_cross_anchor_same_token
diagnostic_attention_head,synthetic_niah_3,niah_single_1::synthetic_niah_3,niah_single_1,v_ridge_leverage,0,16,16,17,16,64,True,,,,,,,,,0.05802440643310547,0.051252029836177826,0.006772376596927643,27.0,0.0,attention_output_relative_error,sparse_saved_cross_anchor_same_token
diagnostic_attention_head,synthetic_niah_3,niah_single_1::synthetic_niah_3,niah_single_1,v_ridge_leverage,0,16,16,17,16,64,True,,,,,,,,,0.11732368171215057,0.06676752120256424,0.050556160509586334,27.0,11.0,attention_output_relative_error,sparse_saved_cross_anchor_same_token
diagnostic_attention_head,synthetic_niah_4,niah_single_1::synthetic_niah_4,niah_single_1,attention_weighted_v_ridge_leverage,0,16,16,17,16,64,True,,,,,,,,,0.15144963562488556,0.14924350380897522,0.0022061318159103394,0.0,0.0,attention_output_relative_error,sparse_saved_cross_anchor_same_token
diagnostic_attention_head,synthetic_niah_4,niah_single_1::synthetic_niah_4,niah_single_1,attention_weighted_v_ridge_leverage,0,16,16,17,16,64,True,,,,,,,,,0.08857598900794983,0.08063837885856628,0.007937610149383545,0.0,11.0,attention_output_relative_error,sparse_saved_cross_anchor_same_token
diagnostic_attention_head,synthetic_niah_4,niah_single_1::synthetic_niah_4,niah_single_1,attention_weighted_v_ridge_leverage,0,16,16,17,16,64,True,,,,,,,,,0.15673178434371948,0.10651464760303497,0.05021713674068451,14.0,0.0,attention_output_relative_error,sparse_saved_cross_anchor_same_token
diagnostic_attention_head,synthetic_niah_4,niah_single_1::synthetic_niah_4,niah_single_1,attention_weighted_v_ridge_leverage,0,16,16,17,16,64,True,,,,,,,,,0.05533735081553459,0.032433245331048965,0.022904105484485626,14.0,11.0,attention_output_relative_error,sparse_saved_cross_anchor_same_token
diagnostic_attention_head,synthetic_niah_4,niah_single_1::synthetic_niah_4,niah_single_1,attention_weighted_v_ridge_leverage,0,16,16,17,16,64,True,,,,,,,,,0.10041385143995285,0.09319408237934113,0.007219769060611725,27.0,0.0,attention_output_relative_error,sparse_saved_cross_anchor_same_token
diagnostic_attention_head,synthetic_niah_4,niah_single_1::synthetic_niah_4,niah_single_1,attention_weighted_v_ridge_leverage,0,16,16,17,16,64,True,,,,,,,,,0.1961580365896225,0.17999348044395447,0.01616455614566803,27.0,11.0,attention_output_relative_error,sparse_saved_cross_anchor_same_token
diagnostic_attention_head,synthetic_niah_4,niah_single_1::synthetic_niah_4,niah_single_1,future_attention_oracle,0,16,16,17,16,64,True,,,,,,,,,0.03994704410433769,0.03308141231536865,0.00686563178896904,0.0,0.0,attention_output_relative_error,sparse_saved_cross_anchor_same_token
diagnostic_attention_head,synthetic_niah_4,niah_single_1::synthetic_niah_4,niah_single_1,future_attention_oracle,0,16,16,17,16,64,True,,,,,,,,,0.04644089937210083,0.04201459884643555,0.004426300525665283,0.0,11.0,attention_output_relative_error,sparse_saved_cross_anchor_same_token
diagnostic_attention_head,synthetic_niah_4,niah_single_1::synthetic_niah_4,niah_single_1,future_attention_oracle,0,16,16,17,16,64,True,,,,,,,,,0.10477805137634277,0.09135347604751587,0.013424575328826904,14.0,0.0,attention_output_relative_error,sparse_saved_cross_anchor_same_token
diagnostic_attention_head,synthetic_niah_4,niah_single_1::synthetic_niah_4,niah_single_1,future_attention_oracle,0,16,16,17,16,64,True,,,,,,,,,0.04724395275115967,0.03167668357491493,0.015567269176244736,14.0,11.0,attention_output_relative_error,sparse_saved_cross_anchor_same_token
diagnostic_attention_head,synthetic_niah_4,niah_single_1::synthetic_niah_4,niah_single_1,future_attention_oracle,0,16,16,17,16,64,True,,,,,,,,,0.08391806483268738,0.08288910239934921,0.0010289624333381653,27.0,0.0,attention_output_relative_error,sparse_saved_cross_anchor_same_token
diagnostic_attention_head,synthetic_niah_4,niah_single_1::synthetic_niah_4,niah_single_1,future_attention_oracle,0,16,16,17,16,64,True,,,,,,,,,0.18032687902450562,0.18811695277690887,-0.007790073752403259,27.0,11.0,attention_output_relative_error,sparse_saved_cross_anchor_same_token
diagnostic_attention_head,synthetic_niah_4,niah_single_1::synthetic_niah_4,niah_single_1,snapkv,0,16,16,17,16,64,True,,,,,,,,,0.048299919813871384,0.04430360719561577,0.003996312618255615,0.0,0.0,attention_output_relative_error,sparse_saved_cross_anchor_same_token
diagnostic_attention_head,synthetic_niah_4,niah_single_1::synthetic_niah_4,niah_single_1,snapkv,0,16,16,17,16,64,True,,,,,,,,,0.042735181748867035,0.033248867839574814,0.009486313909292221,0.0,11.0,attention_output_relative_error,sparse_saved_cross_anchor_same_token
diagnostic_attention_head,synthetic_niah_4,niah_single_1::synthetic_niah_4,niah_single_1,snapkv,0,16,16,17,16,64,True,,,,,,,,,0.16852028667926788,0.11723102629184723,0.051289260387420654,14.0,0.0,attention_output_relative_error,sparse_saved_cross_anchor_same_token
diagnostic_attention_head,synthetic_niah_4,niah_single_1::synthetic_niah_4,niah_single_1,snapkv,0,16,16,17,16,64,True,,,,,,,,,0.0544017069041729,0.04018745198845863,0.014214254915714264,14.0,11.0,attention_output_relative_error,sparse_saved_cross_anchor_same_token
diagnostic_attention_head,synthetic_niah_4,niah_single_1::synthetic_niah_4,niah_single_1,snapkv,0,16,16,17,16,64,True,,,,,,,,,0.12065289914608002,0.11048262566328049,0.01017027348279953,27.0,0.0,attention_output_relative_error,sparse_saved_cross_anchor_same_token
diagnostic_attention_head,synthetic_niah_4,niah_single_1::synthetic_niah_4,niah_single_1,snapkv,0,16,16,17,16,64,True,,,,,,,,,0.20443522930145264,0.19481711089611053,0.009618118405342102,27.0,11.0,attention_output_relative_error,sparse_saved_cross_anchor_same_token
diagnostic_attention_head,synthetic_niah_4,niah_single_1::synthetic_niah_4,niah_single_1,v_ridge_leverage,0,16,16,17,16,64,True,,,,,,,,,0.17736485600471497,0.1703481823205948,0.007016673684120178,0.0,0.0,attention_output_relative_error,sparse_saved_cross_anchor_same_token
diagnostic_attention_head,synthetic_niah_4,niah_single_1::synthetic_niah_4,niah_single_1,v_ridge_leverage,0,16,16,17,16,64,True,,,,,,,,,0.0811569094657898,0.0726403221487999,0.008516587316989899,0.0,11.0,attention_output_relative_error,sparse_saved_cross_anchor_same_token
diagnostic_attention_head,synthetic_niah_4,niah_single_1::synthetic_niah_4,niah_single_1,v_ridge_leverage,0,16,16,17,16,64,True,,,,,,,,,0.17466223239898682,0.12637263536453247,0.048289597034454346,14.0,0.0,attention_output_relative_error,sparse_saved_cross_anchor_same_token
diagnostic_attention_head,synthetic_niah_4,niah_single_1::synthetic_niah_4,niah_single_1,v_ridge_leverage,0,16,16,17,16,64,True,,,,,,,,,0.05677332356572151,0.03274626284837723,0.024027060717344284,14.0,11.0,attention_output_relative_error,sparse_saved_cross_anchor_same_token
diagnostic_attention_head,synthetic_niah_4,niah_single_1::synthetic_niah_4,niah_single_1,v_ridge_leverage,0,16,16,17,16,64,True,,,,,,,,,0.11017706245183945,0.10488557815551758,0.005291484296321869,27.0,0.0,attention_output_relative_error,sparse_saved_cross_anchor_same_token
diagnostic_attention_head,synthetic_niah_4,niah_single_1::synthetic_niah_4,niah_single_1,v_ridge_leverage,0,16,16,17,16,64,True,,,,,,,,,0.20520471036434174,0.18707364797592163,0.018131062388420105,27.0,11.0,attention_output_relative_error,sparse_saved_cross_anchor_same_token
diagnostic_attention_head,gov_report:0,gov_report::gov_report:0,gov_report,attention_weighted_v_ridge_leverage,0,48,48,49,48,64,True,,,,,,,,,0.14001739025115967,0.14950890839099884,-0.009491518139839172,0.0,0.0,attention_output_relative_error,sparse_saved_cross_anchor_same_token
diagnostic_attention_head,gov_report:0,gov_report::gov_report:0,gov_report,attention_weighted_v_ridge_leverage,0,48,48,49,48,64,True,,,,,,,,,0.19572961330413818,0.15698395669460297,0.03874565660953522,0.0,11.0,attention_output_relative_error,sparse_saved_cross_anchor_same_token
diagnostic_attention_head,gov_report:0,gov_report::gov_report:0,gov_report,attention_weighted_v_ridge_leverage,0,48,48,49,48,64,True,,,,,,,,,0.4325539469718933,0.1394018977880478,0.2931520491838455,14.0,0.0,attention_output_relative_error,sparse_saved_cross_anchor_same_token
diagnostic_attention_head,gov_report:0,gov_report::gov_report:0,gov_report,attention_weighted_v_ridge_leverage,0,48,48,49,48,64,True,,,,,,,,,0.5159668326377869,0.3196922242641449,0.19627460837364197,14.0,11.0,attention_output_relative_error,sparse_saved_cross_anchor_same_token
diagnostic_attention_head,gov_report:0,gov_report::gov_report:0,gov_report,attention_weighted_v_ridge_leverage,0,48,48,49,48,64,True,,,,,,,,,0.37817519903182983,0.16881698369979858,0.20935821533203125,27.0,0.0,attention_output_relative_error,sparse_saved_cross_anchor_same_token
diagnostic_attention_head,gov_report:0,gov_report::gov_report:0,gov_report,attention_weighted_v_ridge_leverage,0,48,48,49,48,64,True,,,,,,,,,0.30442917346954346,0.1835012137889862,0.12092795968055725,27.0,11.0,attention_output_relative_error,sparse_saved_cross_anchor_same_token
diagnostic_attention_head,gov_report:0,gov_report::gov_report:0,gov_report,future_attention_oracle,0,48,48,49,48,64,True,,,,,,,,,0.06897277384996414,0.042783189564943314,0.026189584285020828,0.0,0.0,attention_output_relative_error,sparse_saved_cross_anchor_same_token
diagnostic_attention_head,gov_report:0,gov_report::gov_report:0,gov_report,future_attention_oracle,0,48,48,49,48,64,True,,,,,,,,,0.18609124422073364,0.0457325354218483,0.14035870879888535,0.0,11.0,attention_output_relative_error,sparse_saved_cross_anchor_same_token
diagnostic_attention_head,gov_report:0,gov_report::gov_report:0,gov_report,future_attention_oracle,0,48,48,49,48,64,True,,,,,,,,,0.20873497426509857,0.04993857443332672,0.15879639983177185,14.0,0.0,attention_output_relative_error,sparse_saved_cross_anchor_same_token
diagnostic_attention_head,gov_report:0,gov_report::gov_report:0,gov_report,future_attention_oracle,0,48,48,49,48,64,True,,,,,,,,,0.506883442401886,0.16443608701229095,0.34244735538959503,14.0,11.0,attention_output_relative_error,sparse_saved_cross_anchor_same_token
diagnostic_attention_head,gov_report:0,gov_report::gov_report:0,gov_report,future_attention_oracle,0,48,48,49,48,64,True,,,,,,,,,0.21886888146400452,0.19469566643238068,0.02417321503162384,27.0,0.0,attention_output_relative_error,sparse_saved_cross_anchor_same_token
diagnostic_attention_head,gov_report:0,gov_report::gov_report:0,gov_report,future_attention_oracle,0,48,48,49,48,64,True,,,,,,,,,0.17469847202301025,0.20667581260204315,-0.0319773405790329,27.0,11.0,attention_output_relative_error,sparse_saved_cross_anchor_same_token
diagnostic_attention_head,gov_report:0,gov_report::gov_report:0,gov_report,snapkv,0,48,48,49,48,64,True,,,,,,,,,0.11698289215564728,0.09955542534589767,0.017427466809749603,0.0,0.0,attention_output_relative_error,sparse_saved_cross_anchor_same_token
diagnostic_attention_head,gov_report:0,gov_report::gov_report:0,gov_report,snapkv,0,48,48,49,48,64,True,,,,,,,,,0.18617048859596252,0.03822226822376251,0.1479482203722,0.0,11.0,attention_output_relative_error,sparse_saved_cross_anchor_same_token
diagnostic_attention_head,gov_report:0,gov_report::gov_report:0,gov_report,snapkv,0,48,48,49,48,64,True,,,,,,,,,0.26797011494636536,0.12523426115512848,0.14273585379123688,14.0,0.0,attention_output_relative_error,sparse_saved_cross_anchor_same_token
diagnostic_attention_head,gov_report:0,gov_report::gov_report:0,gov_report,snapkv,0,48,48,49,48,64,True,,,,,,,,,0.5666107535362244,0.182576522231102,0.3840342313051224,14.0,11.0,attention_output_relative_error,sparse_saved_cross_anchor_same_token
diagnostic_attention_head,gov_report:0,gov_report::gov_report:0,gov_report,snapkv,0,48,48,49,48,64,True,,,,,,,,,0.29265496134757996,0.13035482168197632,0.16230013966560364,27.0,0.0,attention_output_relative_error,sparse_saved_cross_anchor_same_token
diagnostic_attention_head,gov_report:0,gov_report::gov_report:0,gov_report,snapkv,0,48,48,49,48,64,True,,,,,,,,,0.2190234512090683,0.12357286363840103,0.09545058757066727,27.0,11.0,attention_output_relative_error,sparse_saved_cross_anchor_same_token
diagnostic_attention_head,gov_report:0,gov_report::gov_report:0,gov_report,v_ridge_leverage,0,48,48,49,48,64,True,,,,,,,,,0.14170147478580475,0.16128239035606384,-0.019580915570259094,0.0,0.0,attention_output_relative_error,sparse_saved_cross_anchor_same_token
diagnostic_attention_head,gov_report:0,gov_report::gov_report:0,gov_report,v_ridge_leverage,0,48,48,49,48,64,True,,,,,,,,,0.19399717450141907,0.15026366710662842,0.04373350739479065,0.0,11.0,attention_output_relative_error,sparse_saved_cross_anchor_same_token
diagnostic_attention_head,gov_report:0,gov_report::gov_report:0,gov_report,v_ridge_leverage,0,48,48,49,48,64,True,,,,,,,,,0.5825436115264893,0.19077140092849731,0.39177221059799194,14.0,0.0,attention_output_relative_error,sparse_saved_cross_anchor_same_token
diagnostic_attention_head,gov_report:0,gov_report::gov_report:0,gov_report,v_ridge_leverage,0,48,48,49,48,64,True,,,,,,,,,0.6726827621459961,0.9964276552200317,-0.32374489307403564,14.0,11.0,attention_output_relative_error,sparse_saved_cross_anchor_same_token
diagnostic_attention_head,gov_report:0,gov_report::gov_report:0,gov_report,v_ridge_leverage,0,48,48,49,48,64,True,,,,,,,,,0.5703093409538269,0.31030309200286865,0.26000624895095825,27.0,0.0,attention_output_relative_error,sparse_saved_cross_anchor_same_token
diagnostic_attention_head,gov_report:0,gov_report::gov_report:0,gov_report,v_ridge_leverage,0,48,48,49,48,64,True,,,,,,,,,0.40730586647987366,0.2585720717906952,0.14873379468917847,27.0,11.0,attention_output_relative_error,sparse_saved_cross_anchor_same_token
diagnostic_attention_head,gov_report:1,gov_report::gov_report:1,gov_report,attention_weighted_v_ridge_leverage,0,48,48,49,48,64,True,,,,,,,,,0.26197442412376404,0.2510097920894623,0.010964632034301758,0.0,0.0,attention_output_relative_error,sparse_saved_cross_anchor_same_token
diagnostic_attention_head,gov_report:1,gov_report::gov_report:1,gov_report,attention_weighted_v_ridge_leverage,0,48,48,49,48,64,True,,,,,,,,,0.05559040978550911,0.05179430916905403,0.003796100616455078,0.0,11.0,attention_output_relative_error,sparse_saved_cross_anchor_same_token
diagnostic_attention_head,gov_report:1,gov_report::gov_report:1,gov_report,attention_weighted_v_ridge_leverage,0,48,48,49,48,64,True,,,,,,,,,1.0526565313339233,1.051680564880371,0.0009759664535522461,14.0,0.0,attention_output_relative_error,sparse_saved_cross_anchor_same_token
diagnostic_attention_head,gov_report:1,gov_report::gov_report:1,gov_report,attention_weighted_v_ridge_leverage,0,48,48,49,48,64,True,,,,,,,,,0.6408648490905762,0.4800753593444824,0.16078948974609375,14.0,11.0,attention_output_relative_error,sparse_saved_cross_anchor_same_token
diagnostic_attention_head,gov_report:1,gov_report::gov_report:1,gov_report,attention_weighted_v_ridge_leverage,0,48,48,49,48,64,True,,,,,,,,,0.2896844744682312,0.31414392590522766,-0.02445945143699646,27.0,0.0,attention_output_relative_error,sparse_saved_cross_anchor_same_token
diagnostic_attention_head,gov_report:1,gov_report::gov_report:1,gov_report,attention_weighted_v_ridge_leverage,0,48,48,49,48,64,True,,,,,,,,,0.4848991334438324,0.3834805488586426,0.10141858458518982,27.0,11.0,attention_output_relative_error,sparse_saved_cross_anchor_same_token
diagnostic_attention_head,gov_report:1,gov_report::gov_report:1,gov_report,future_attention_oracle,0,48,48,49,48,64,True,,,,,,,,,0.17506831884384155,0.06149013340473175,0.1135781854391098,0.0,0.0,attention_output_relative_error,sparse_saved_cross_anchor_same_token
diagnostic_attention_head,gov_report:1,gov_report::gov_report:1,gov_report,future_attention_oracle,0,48,48,49,48,64,True,,,,,,,,,0.05101180449128151,0.00946812890470028,0.04154367558658123,0.0,11.0,attention_output_relative_error,sparse_saved_cross_anchor_same_token
diagnostic_attention_head,gov_report:1,gov_report::gov_report:1,gov_report,future_attention_oracle,0,48,48,49,48,64,True,,,,,,,,,0.31165921688079834,0.019129186868667603,0.29253003001213074,14.0,0.0,attention_output_relative_error,sparse_saved_cross_anchor_same_token
diagnostic_attention_head,gov_report:1,gov_report::gov_report:1,gov_report,future_attention_oracle,0,48,48,49,48,64,True,,,,,,,,,0.5268148183822632,0.12096159905195236,0.4058532193303108,14.0,11.0,attention_output_relative_error,sparse_saved_cross_anchor_same_token
diagnostic_attention_head,gov_report:1,gov_report::gov_report:1,gov_report,future_attention_oracle,0,48,48,49,48,64,True,,,,,,,,,0.1623082011938095,0.12313821911811829,0.03916998207569122,27.0,0.0,attention_output_relative_error,sparse_saved_cross_anchor_same_token
diagnostic_attention_head,gov_report:1,gov_report::gov_report:1,gov_report,future_attention_oracle,0,48,48,49,48,64,True,,,,,,,,,0.40063393115997314,0.1808115690946579,0.21982236206531525,27.0,11.0,attention_output_relative_error,sparse_saved_cross_anchor_same_token
diagnostic_attention_head,gov_report:1,gov_report::gov_report:1,gov_report,snapkv,0,48,48,49,48,64,True,,,,,,,,,0.20327848196029663,0.09434045851230621,0.10893802344799042,0.0,0.0,attention_output_relative_error,sparse_saved_cross_anchor_same_token
diagnostic_attention_head,gov_report:1,gov_report::gov_report:1,gov_report,snapkv,0,48,48,49,48,64,True,,,,,,,,,0.050280530005693436,0.010803504846990108,0.03947702515870333,0.0,11.0,attention_output_relative_error,sparse_saved_cross_anchor_same_token
diagnostic_attention_head,gov_report:1,gov_report::gov_report:1,gov_report,snapkv,0,48,48,49,48,64,True,,,,,,,,,0.5196259617805481,0.05074513703584671,0.4688808247447014,14.0,0.0,attention_output_relative_error,sparse_saved_cross_anchor_same_token
diagnostic_attention_head,gov_report:1,gov_report::gov_report:1,gov_report,snapkv,0,48,48,49,48,64,True,,,,,,,,,0.4818797707557678,0.1990012228488922,0.2828785479068756,14.0,11.0,attention_output_relative_error,sparse_saved_cross_anchor_same_token
diagnostic_attention_head,gov_report:1,gov_report::gov_report:1,gov_report,snapkv,0,48,48,49,48,64,True,,,,,,,,,0.24097014963626862,0.08579503744840622,0.1551751121878624,27.0,0.0,attention_output_relative_error,sparse_saved_cross_anchor_same_token
diagnostic_attention_head,gov_report:1,gov_report::gov_report:1,gov_report,snapkv,0,48,48,49,48,64,True,,,,,,,,,0.5353685021400452,0.17180056869983673,0.36356793344020844,27.0,11.0,attention_output_relative_error,sparse_saved_cross_anchor_same_token
diagnostic_attention_head,gov_report:1,gov_report::gov_report:1,gov_report,v_ridge_leverage,0,48,48,49,48,64,True,,,,,,,,,0.26775458455085754,0.2581453323364258,0.009609252214431763,0.0,0.0,attention_output_relative_error,sparse_saved_cross_anchor_same_token
diagnostic_attention_head,gov_report:1,gov_report::gov_report:1,gov_report,v_ridge_leverage,0,48,48,49,48,64,True,,,,,,,,,0.05528624728322029,0.04150494560599327,0.01378130167722702,0.0,11.0,attention_output_relative_error,sparse_saved_cross_anchor_same_token
diagnostic_attention_head,gov_report:1,gov_report::gov_report:1,gov_report,v_ridge_leverage,0,48,48,49,48,64,True,,,,,,,,,0.446124792098999,0.03406652808189392,0.4120582640171051,14.0,0.0,attention_output_relative_error,sparse_saved_cross_anchor_same_token
diagnostic_attention_head,gov_report:1,gov_report::gov_report:1,gov_report,v_ridge_leverage,0,48,48,49,48,64,True,,,,,,,,,0.595550000667572,0.46956121921539307,0.12598878145217896,14.0,11.0,attention_output_relative_error,sparse_saved_cross_anchor_same_token
diagnostic_attention_head,gov_report:1,gov_report::gov_report:1,gov_report,v_ridge_leverage,0,48,48,49,48,64,True,,,,,,,,,0.342210590839386,0.3986782729625702,-0.056467682123184204,27.0,0.0,attention_output_relative_error,sparse_saved_cross_anchor_same_token
diagnostic_attention_head,gov_report:1,gov_report::gov_report:1,gov_report,v_ridge_leverage,0,48,48,49,48,64,True,,,,,,,,,0.4980367124080658,0.6697999238967896,-0.17176321148872375,27.0,11.0,attention_output_relative_error,sparse_saved_cross_anchor_same_token
diagnostic_attention_head,gov_report:2,gov_report::gov_report:2,gov_report,attention_weighted_v_ridge_leverage,0,48,48,49,48,64,True,,,,,,,,,0.11418546736240387,0.11731225252151489,-0.003126785159111023,0.0,0.0,attention_output_relative_error,sparse_saved_cross_anchor_same_token
diagnostic_attention_head,gov_report:2,gov_report::gov_report:2,gov_report,attention_weighted_v_ridge_leverage,0,48,48,49,48,64,True,,,,,,,,,0.10242363065481186,0.09007386863231659,0.01234976202249527,0.0,11.0,attention_output_relative_error,sparse_saved_cross_anchor_same_token
diagnostic_attention_head,gov_report:2,gov_report::gov_report:2,gov_report,attention_weighted_v_ridge_leverage,0,48,48,49,48,64,True,,,,,,,,,0.6395379304885864,0.25817570090293884,0.3813622295856476,14.0,0.0,attention_output_relative_error,sparse_saved_cross_anchor_same_token
diagnostic_attention_head,gov_report:2,gov_report::gov_report:2,gov_report,attention_weighted_v_ridge_leverage,0,48,48,49,48,64,True,,,,,,,,,0.7313470244407654,0.8356256484985352,-0.10427862405776978,14.0,11.0,attention_output_relative_error,sparse_saved_cross_anchor_same_token
diagnostic_attention_head,gov_report:2,gov_report::gov_report:2,gov_report,attention_weighted_v_ridge_leverage,0,48,48,49,48,64,True,,,,,,,,,0.33329641819000244,0.4328766465187073,-0.09958022832870483,27.0,0.0,attention_output_relative_error,sparse_saved_cross_anchor_same_token
diagnostic_attention_head,gov_report:2,gov_report::gov_report:2,gov_report,attention_weighted_v_ridge_leverage,0,48,48,49,48,64,True,,,,,,,,,0.46287670731544495,0.5463138818740845,-0.08343717455863953,27.0,11.0,attention_output_relative_error,sparse_saved_cross_anchor_same_token
diagnostic_attention_head,gov_report:2,gov_report::gov_report:2,gov_report,future_attention_oracle,0,48,48,49,48,64,True,,,,,,,,,0.06544503569602966,0.035405416041612625,0.030039619654417038,0.0,0.0,attention_output_relative_error,sparse_saved_cross_anchor_same_token
diagnostic_attention_head,gov_report:2,gov_report::gov_report:2,gov_report,future_attention_oracle,0,48,48,49,48,64,True,,,,,,,,,0.07590823620557785,0.027136152610182762,0.04877208359539509,0.0,11.0,attention_output_relative_error,sparse_saved_cross_anchor_same_token
diagnostic_attention_head,gov_report:2,gov_report::gov_report:2,gov_report,future_attention_oracle,0,48,48,49,48,64,True,,,,,,,,,0.6223979592323303,0.16570495069026947,0.45669300854206085,14.0,0.0,attention_output_relative_error,sparse_saved_cross_anchor_same_token
diagnostic_attention_head,gov_report:2,gov_report::gov_report:2,gov_report,future_attention_oracle,0,48,48,49,48,64,True,,,,,,,,,0.41632598638534546,0.16305601596832275,0.2532699704170227,14.0,11.0,attention_output_relative_error,sparse_saved_cross_anchor_same_token
diagnostic_attention_head,gov_report:2,gov_report::gov_report:2,gov_report,future_attention_oracle,0,48,48,49,48,64,True,,,,,,,,,0.15362657606601715,0.10052194446325302,0.05310463160276413,27.0,0.0,attention_output_relative_error,sparse_saved_cross_anchor_same_token
diagnostic_attention_head,gov_report:2,gov_report::gov_report:2,gov_report,future_attention_oracle,0,48,48,49,48,64,True,,,,,,,,,0.22513897716999054,0.2432580441236496,-0.018119066953659058,27.0,11.0,attention_output_relative_error,sparse_saved_cross_anchor_same_token
diagnostic_attention_head,gov_report:2,gov_report::gov_report:2,gov_report,snapkv,0,48,48,49,48,64,True,,,,,,,,,0.08346471190452576,0.06921803206205368,0.014246679842472076,0.0,0.0,attention_output_relative_error,sparse_saved_cross_anchor_same_token
diagnostic_attention_head,gov_report:2,gov_report::gov_report:2,gov_report,snapkv,0,48,48,49,48,64,True,,,,,,,,,0.07612507045269012,0.026002943515777588,0.05012212693691254,0.0,11.0,attention_output_relative_error,sparse_saved_cross_anchor_same_token
diagnostic_attention_head,gov_report:2,gov_report::gov_report:2,gov_report,snapkv,0,48,48,49,48,64,True,,,,,,,,,0.6182605624198914,0.4775986671447754,0.14066189527511597,14.0,0.0,attention_output_relative_error,sparse_saved_cross_anchor_same_token
diagnostic_attention_head,gov_report:2,gov_report::gov_report:2,gov_report,snapkv,0,48,48,49,48,64,True,,,,,,,,,0.7418661713600159,0.4506045877933502,0.29126158356666565,14.0,11.0,attention_output_relative_error,sparse_saved_cross_anchor_same_token
diagnostic_attention_head,gov_report:2,gov_report::gov_report:2,gov_report,snapkv,0,48,48,49,48,64,True,,,,,,,,,0.306890070438385,0.12733577191829681,0.1795542985200882,27.0,0.0,attention_output_relative_error,sparse_saved_cross_anchor_same_token
diagnostic_attention_head,gov_report:2,gov_report::gov_report:2,gov_report,snapkv,0,48,48,49,48,64,True,,,,,,,,,0.48060342669487,0.2831682562828064,0.1974351704120636,27.0,11.0,attention_output_relative_error,sparse_saved_cross_anchor_same_token
diagnostic_attention_head,gov_report:2,gov_report::gov_report:2,gov_report,v_ridge_leverage,0,48,48,49,48,64,True,,,,,,,,,0.11252010613679886,0.12085438519716263,-0.00833427906036377,0.0,0.0,attention_output_relative_error,sparse_saved_cross_anchor_same_token
diagnostic_attention_head,gov_report:2,gov_report::gov_report:2,gov_report,v_ridge_leverage,0,48,48,49,48,64,True,,,,,,,,,0.0978921502828598,0.07502464950084686,0.02286750078201294,0.0,11.0,attention_output_relative_error,sparse_saved_cross_anchor_same_token
diagnostic_attention_head,gov_report:2,gov_report::gov_report:2,gov_report,v_ridge_leverage,0,48,48,49,48,64,True,,,,,,,,,0.6262951493263245,0.41404518485069275,0.2122499644756317,14.0,0.0,attention_output_relative_error,sparse_saved_cross_anchor_same_token
diagnostic_attention_head,gov_report:2,gov_report::gov_report:2,gov_report,v_ridge_leverage,0,48,48,49,48,64,True,,,,,,,,,0.48422935605049133,0.6734574437141418,-0.1892280876636505,14.0,11.0,attention_output_relative_error,sparse_saved_cross_anchor_same_token
diagnostic_attention_head,gov_report:2,gov_report::gov_report:2,gov_report,v_ridge_leverage,0,48,48,49,48,64,True,,,,,,,,,0.4283653795719147,0.7803665399551392,-0.3520011603832245,27.0,0.0,attention_output_relative_error,sparse_saved_cross_anchor_same_token
diagnostic_attention_head,gov_report:2,gov_report::gov_report:2,gov_report,v_ridge_leverage,0,48,48,49,48,64,True,,,,,,,,,0.6264435648918152,0.786946713924408,-0.16050314903259277,27.0,11.0,attention_output_relative_error,sparse_saved_cross_anchor_same_token
diagnostic_attention_head,gov_report:3,gov_report::gov_report:3,gov_report,attention_weighted_v_ridge_leverage,0,48,48,49,48,64,True,,,,,,,,,0.15300552546977997,0.1580604761838913,-0.005054950714111328,0.0,0.0,attention_output_relative_error,sparse_saved_cross_anchor_same_token
diagnostic_attention_head,gov_report:3,gov_report::gov_report:3,gov_report,attention_weighted_v_ridge_leverage,0,48,48,49,48,64,True,,,,,,,,,0.09202225506305695,0.08843433111906052,0.0035879239439964294,0.0,11.0,attention_output_relative_error,sparse_saved_cross_anchor_same_token
diagnostic_attention_head,gov_report:3,gov_report::gov_report:3,gov_report,attention_weighted_v_ridge_leverage,0,48,48,49,48,64,True,,,,,,,,,0.5890213847160339,0.13953280448913574,0.4494885802268982,14.0,0.0,attention_output_relative_error,sparse_saved_cross_anchor_same_token
diagnostic_attention_head,gov_report:3,gov_report::gov_report:3,gov_report,attention_weighted_v_ridge_leverage,0,48,48,49,48,64,True,,,,,,,,,0.30881819128990173,0.15375377237796783,0.1550644189119339,14.0,11.0,attention_output_relative_error,sparse_saved_cross_anchor_same_token
diagnostic_attention_head,gov_report:3,gov_report::gov_report:3,gov_report,attention_weighted_v_ridge_leverage,0,48,48,49,48,64,True,,,,,,,,,0.21609941124916077,0.14517533779144287,0.0709240734577179,27.0,0.0,attention_output_relative_error,sparse_saved_cross_anchor_same_token
diagnostic_attention_head,gov_report:3,gov_report::gov_report:3,gov_report,attention_weighted_v_ridge_leverage,0,48,48,49,48,64,True,,,,,,,,,0.3759070038795471,0.32351070642471313,0.052396297454833984,27.0,11.0,attention_output_relative_error,sparse_saved_cross_anchor_same_token
diagnostic_attention_head,gov_report:3,gov_report::gov_report:3,gov_report,future_attention_oracle,0,48,48,49,48,64,True,,,,,,,,,0.0643642246723175,0.041375722736120224,0.02298850193619728,0.0,0.0,attention_output_relative_error,sparse_saved_cross_anchor_same_token
diagnostic_attention_head,gov_report:3,gov_report::gov_report:3,gov_report,future_attention_oracle,0,48,48,49,48,64,True,,,,,,,,,0.0827421024441719,0.027891729027032852,0.05485037341713905,0.0,11.0,attention_output_relative_error,sparse_saved_cross_anchor_same_token
diagnostic_attention_head,gov_report:3,gov_report::gov_report:3,gov_report,future_attention_oracle,0,48,48,49,48,64,True,,,,,,,,,0.14694112539291382,0.12044861167669296,0.026492513716220856,14.0,0.0,attention_output_relative_error,sparse_saved_cross_anchor_same_token
diagnostic_attention_head,gov_report:3,gov_report::gov_report:3,gov_report,future_attention_oracle,0,48,48,49,48,64,True,,,,,,,,,0.19983847439289093,0.09748309850692749,0.10235537588596344,14.0,11.0,attention_output_relative_error,sparse_saved_cross_anchor_same_token
diagnostic_attention_head,gov_report:3,gov_report::gov_report:3,gov_report,future_attention_oracle,0,48,48,49,48,64,True,,,,,,,,,0.11951098591089249,0.09595104306936264,0.023559942841529846,27.0,0.0,attention_output_relative_error,sparse_saved_cross_anchor_same_token
diagnostic_attention_head,gov_report:3,gov_report::gov_report:3,gov_report,future_attention_oracle,0,48,48,49,48,64,True,,,,,,,,,0.17191626131534576,0.23299013078212738,-0.061073869466781616,27.0,11.0,attention_output_relative_error,sparse_saved_cross_anchor_same_token
diagnostic_attention_head,gov_report:3,gov_report::gov_report:3,gov_report,snapkv,0,48,48,49,48,64,True,,,,,,,,,0.1039954274892807,0.08828940987586975,0.01570601761341095,0.0,0.0,attention_output_relative_error,sparse_saved_cross_anchor_same_token
diagnostic_attention_head,gov_report:3,gov_report::gov_report:3,gov_report,snapkv,0,48,48,49,48,64,True,,,,,,,,,0.0792798399925232,0.03031553328037262,0.048964306712150574,0.0,11.0,attention_output_relative_error,sparse_saved_cross_anchor_same_token
diagnostic_attention_head,gov_report:3,gov_report::gov_report:3,gov_report,snapkv,0,48,48,49,48,64,True,,,,,,,,,0.62595534324646,0.20582963526248932,0.42012570798397064,14.0,0.0,attention_output_relative_error,sparse_saved_cross_anchor_same_token
diagnostic_attention_head,gov_report:3,gov_report::gov_report:3,gov_report,snapkv,0,48,48,49,48,64,True,,,,,,,,,0.6767385601997375,0.1584068089723587,0.5183317512273788,14.0,11.0,attention_output_relative_error,sparse_saved_cross_anchor_same_token
diagnostic_attention_head,gov_report:3,gov_report::gov_report:3,gov_report,snapkv,0,48,48,49,48,64,True,,,,,,,,,0.5415902137756348,0.13479222357273102,0.40679799020290375,27.0,0.0,attention_output_relative_error,sparse_saved_cross_anchor_same_token
diagnostic_attention_head,gov_report:3,gov_report::gov_report:3,gov_report,snapkv,0,48,48,49,48,64,True,,,,,,,,,0.6748937368392944,0.2091977298259735,0.4656960070133209,27.0,11.0,attention_output_relative_error,sparse_saved_cross_anchor_same_token
diagnostic_attention_head,gov_report:3,gov_report::gov_report:3,gov_report,v_ridge_leverage,0,48,48,49,48,64,True,,,,,,,,,0.1639198511838913,0.16901563107967377,-0.005095779895782471,0.0,0.0,attention_output_relative_error,sparse_saved_cross_anchor_same_token
diagnostic_attention_head,gov_report:3,gov_report::gov_report:3,gov_report,v_ridge_leverage,0,48,48,49,48,64,True,,,,,,,,,0.09144554287195206,0.07395143061876297,0.017494112253189087,0.0,11.0,attention_output_relative_error,sparse_saved_cross_anchor_same_token
diagnostic_attention_head,gov_report:3,gov_report::gov_report:3,gov_report,v_ridge_leverage,0,48,48,49,48,64,True,,,,,,,,,0.5810847282409668,0.6868119835853577,-0.10572725534439087,14.0,0.0,attention_output_relative_error,sparse_saved_cross_anchor_same_token
diagnostic_attention_head,gov_report:3,gov_report::gov_report:3,gov_report,v_ridge_leverage,0,48,48,49,48,64,True,,,,,,,,,0.6076575517654419,0.4716189503669739,0.13603860139846802,14.0,11.0,attention_output_relative_error,sparse_saved_cross_anchor_same_token
diagnostic_attention_head,gov_report:3,gov_report::gov_report:3,gov_report,v_ridge_leverage,0,48,48,49,48,64,True,,,,,,,,,0.29338520765304565,0.35190659761428833,-0.058521389961242676,27.0,0.0,attention_output_relative_error,sparse_saved_cross_anchor_same_token
diagnostic_attention_head,gov_report:3,gov_report::gov_report:3,gov_report,v_ridge_leverage,0,48,48,49,48,64,True,,,,,,,,,0.5298541784286499,0.6329017281532288,-0.10304754972457886,27.0,11.0,attention_output_relative_error,sparse_saved_cross_anchor_same_token
diagnostic_attention_head,gov_report:4,gov_report::gov_report:4,gov_report,attention_weighted_v_ridge_leverage,0,48,48,49,48,64,True,,,,,,,,,0.13104300200939178,0.14019319415092468,-0.009150192141532898,0.0,0.0,attention_output_relative_error,sparse_saved_cross_anchor_same_token
diagnostic_attention_head,gov_report:4,gov_report::gov_report:4,gov_report,attention_weighted_v_ridge_leverage,0,48,48,49,48,64,True,,,,,,,,,0.08821946382522583,0.0828830748796463,0.005336388945579529,0.0,11.0,attention_output_relative_error,sparse_saved_cross_anchor_same_token
diagnostic_attention_head,gov_report:4,gov_report::gov_report:4,gov_report,attention_weighted_v_ridge_leverage,0,48,48,49,48,64,True,,,,,,,,,0.805135190486908,0.4325277507305145,0.37260743975639343,14.0,0.0,attention_output_relative_error,sparse_saved_cross_anchor_same_token
diagnostic_attention_head,gov_report:4,gov_report::gov_report:4,gov_report,attention_weighted_v_ridge_leverage,0,48,48,49,48,64,True,,,,,,,,,0.30639198422431946,0.2781612277030945,0.028230756521224976,14.0,11.0,attention_output_relative_error,sparse_saved_cross_anchor_same_token
diagnostic_attention_head,gov_report:4,gov_report::gov_report:4,gov_report,attention_weighted_v_ridge_leverage,0,48,48,49,48,64,True,,,,,,,,,0.18479333817958832,0.18329750001430511,0.0014958381652832031,27.0,0.0,attention_output_relative_error,sparse_saved_cross_anchor_same_token
diagnostic_attention_head,gov_report:4,gov_report::gov_report:4,gov_report,attention_weighted_v_ridge_leverage,0,48,48,49,48,64,True,,,,,,,,,0.2740863859653473,0.2488446831703186,0.025241702795028687,27.0,11.0,attention_output_relative_error,sparse_saved_cross_anchor_same_token
diagnostic_attention_head,gov_report:4,gov_report::gov_report:4,gov_report,future_attention_oracle,0,48,48,49,48,64,True,,,,,,,,,0.0600561648607254,0.03875989839434624,0.021296266466379166,0.0,0.0,attention_output_relative_error,sparse_saved_cross_anchor_same_token
diagnostic_attention_head,gov_report:4,gov_report::gov_report:4,gov_report,future_attention_oracle,0,48,48,49,48,64,True,,,,,,,,,0.07522998005151749,0.019418634474277496,0.05581134557723999,0.0,11.0,attention_output_relative_error,sparse_saved_cross_anchor_same_token
diagnostic_attention_head,gov_report:4,gov_report::gov_report:4,gov_report,future_attention_oracle,0,48,48,49,48,64,True,,,,,,,,,0.7878680229187012,0.4133760333061218,0.37449198961257935,14.0,0.0,attention_output_relative_error,sparse_saved_cross_anchor_same_token
diagnostic_attention_head,gov_report:4,gov_report::gov_report:4,gov_report,future_attention_oracle,0,48,48,49,48,64,True,,,,,,,,,0.31325480341911316,0.16645418107509613,0.14680062234401703,14.0,11.0,attention_output_relative_error,sparse_saved_cross_anchor_same_token
diagnostic_attention_head,gov_report:4,gov_report::gov_report:4,gov_report,future_attention_oracle,0,48,48,49,48,64,True,,,,,,,,,0.13961072266101837,0.10776647180318832,0.03184425085783005,27.0,0.0,attention_output_relative_error,sparse_saved_cross_anchor_same_token
diagnostic_attention_head,gov_report:4,gov_report::gov_report:4,gov_report,future_attention_oracle,0,48,48,49,48,64,True,,,,,,,,,0.1997365951538086,0.18051818013191223,0.019218415021896362,27.0,11.0,attention_output_relative_error,sparse_saved_cross_anchor_same_token
diagnostic_attention_head,gov_report:4,gov_report::gov_report:4,gov_report,snapkv,0,48,48,49,48,64,True,,,,,,,,,0.11553364992141724,0.10234981775283813,0.013183832168579102,0.0,0.0,attention_output_relative_error,sparse_saved_cross_anchor_same_token
diagnostic_attention_head,gov_report:4,gov_report::gov_report:4,gov_report,snapkv,0,48,48,49,48,64,True,,,,,,,,,0.08072642236948013,0.02866853028535843,0.052057892084121704,0.0,11.0,attention_output_relative_error,sparse_saved_cross_anchor_same_token
diagnostic_attention_head,gov_report:4,gov_report::gov_report:4,gov_report,snapkv,0,48,48,49,48,64,True,,,,,,,,,0.8529087901115417,0.6290636658668518,0.22384512424468994,14.0,0.0,attention_output_relative_error,sparse_saved_cross_anchor_same_token
diagnostic_attention_head,gov_report:4,gov_report::gov_report:4,gov_report,snapkv,0,48,48,49,48,64,True,,,,,,,,,1.6981227397918701,0.5894087553024292,1.108713984489441,14.0,11.0,attention_output_relative_error,sparse_saved_cross_anchor_same_token
diagnostic_attention_head,gov_report:4,gov_report::gov_report:4,gov_report,snapkv,0,48,48,49,48,64,True,,,,,,,,,0.7124627828598022,0.170070081949234,0.5423927009105682,27.0,0.0,attention_output_relative_error,sparse_saved_cross_anchor_same_token
diagnostic_attention_head,gov_report:4,gov_report::gov_report:4,gov_report,snapkv,0,48,48,49,48,64,True,,,,,,,,,0.8547094464302063,0.2109394371509552,0.6437700092792511,27.0,11.0,attention_output_relative_error,sparse_saved_cross_anchor_same_token
diagnostic_attention_head,gov_report:4,gov_report::gov_report:4,gov_report,v_ridge_leverage,0,48,48,49,48,64,True,,,,,,,,,0.15064075589179993,0.15576446056365967,-0.005123704671859741,0.0,0.0,attention_output_relative_error,sparse_saved_cross_anchor_same_token
diagnostic_attention_head,gov_report:4,gov_report::gov_report:4,gov_report,v_ridge_leverage,0,48,48,49,48,64,True,,,,,,,,,0.08476033806800842,0.06574462354183197,0.019015714526176453,0.0,11.0,attention_output_relative_error,sparse_saved_cross_anchor_same_token
diagnostic_attention_head,gov_report:4,gov_report::gov_report:4,gov_report,v_ridge_leverage,0,48,48,49,48,64,True,,,,,,,,,1.0070544481277466,1.338282823562622,-0.3312283754348755,14.0,0.0,attention_output_relative_error,sparse_saved_cross_anchor_same_token
diagnostic_attention_head,gov_report:4,gov_report::gov_report:4,gov_report,v_ridge_leverage,0,48,48,49,48,64,True,,,,,,,,,2.2947471141815186,0.9181362986564636,1.376610815525055,14.0,11.0,attention_output_relative_error,sparse_saved_cross_anchor_same_token
diagnostic_attention_head,gov_report:4,gov_report::gov_report:4,gov_report,v_ridge_leverage,0,48,48,49,48,64,True,,,,,,,,,0.6153597831726074,0.7513889074325562,-0.13602912425994873,27.0,0.0,attention_output_relative_error,sparse_saved_cross_anchor_same_token
diagnostic_attention_head,gov_report:4,gov_report::gov_report:4,gov_report,v_ridge_leverage,0,48,48,49,48,64,True,,,,,,,,,0.8139682412147522,0.8780900239944458,-0.0641217827796936,27.0,11.0,attention_output_relative_error,sparse_saved_cross_anchor_same_token
diagnostic_attention_head,reasoning_long_generation_0,reasoning_long_generation::reasoning_long_generation_0,reasoning_long_generation,attention_weighted_v_ridge_leverage,0,48,48,49,48,64,True,,,,,,,,,0.11886147409677505,0.15130268037319183,-0.03244120627641678,0.0,0.0,attention_output_relative_error,sparse_saved_cross_anchor_same_token
diagnostic_attention_head,reasoning_long_generation_0,reasoning_long_generation::reasoning_long_generation_0,reasoning_long_generation,attention_weighted_v_ridge_leverage,0,48,48,49,48,64,True,,,,,,,,,0.040470048785209656,0.02053418755531311,0.019935861229896545,0.0,11.0,attention_output_relative_error,sparse_saved_cross_anchor_same_token
diagnostic_attention_head,reasoning_long_generation_0,reasoning_long_generation::reasoning_long_generation_0,reasoning_long_generation,attention_weighted_v_ridge_leverage,0,48,48,49,48,64,True,,,,,,,,,1.427472472190857,0.5724524259567261,0.8550200462341309,14.0,0.0,attention_output_relative_error,sparse_saved_cross_anchor_same_token
diagnostic_attention_head,reasoning_long_generation_0,reasoning_long_generation::reasoning_long_generation_0,reasoning_long_generation,attention_weighted_v_ridge_leverage,0,48,48,49,48,64,True,,,,,,,,,0.94316565990448,0.4526697099208832,0.4904959499835968,14.0,11.0,attention_output_relative_error,sparse_saved_cross_anchor_same_token
diagnostic_attention_head,reasoning_long_generation_0,reasoning_long_generation::reasoning_long_generation_0,reasoning_long_generation,attention_weighted_v_ridge_leverage,0,48,48,49,48,64,True,,,,,,,,,0.5295644402503967,0.18367475271224976,0.345889687538147,27.0,0.0,attention_output_relative_error,sparse_saved_cross_anchor_same_token
diagnostic_attention_head,reasoning_long_generation_0,reasoning_long_generation::reasoning_long_generation_0,reasoning_long_generation,attention_weighted_v_ridge_leverage,0,48,48,49,48,64,True,,,,,,,,,1.2833318710327148,0.3653198182582855,0.9180120527744293,27.0,11.0,attention_output_relative_error,sparse_saved_cross_anchor_same_token
diagnostic_attention_head,reasoning_long_generation_0,reasoning_long_generation::reasoning_long_generation_0,reasoning_long_generation,future_attention_oracle,0,48,48,49,48,64,True,,,,,,,,,0.03626805543899536,0.024741003289818764,0.011527052149176598,0.0,0.0,attention_output_relative_error,sparse_saved_cross_anchor_same_token
diagnostic_attention_head,reasoning_long_generation_0,reasoning_long_generation::reasoning_long_generation_0,reasoning_long_generation,future_attention_oracle,0,48,48,49,48,64,True,,,,,,,,,0.03824169561266899,0.010981248691678047,0.027260446920990944,0.0,11.0,attention_output_relative_error,sparse_saved_cross_anchor_same_token
diagnostic_attention_head,reasoning_long_generation_0,reasoning_long_generation::reasoning_long_generation_0,reasoning_long_generation,future_attention_oracle,0,48,48,49,48,64,True,,,,,,,,,1.583996057510376,0.00851418636739254,1.5754818711429834,14.0,0.0,attention_output_relative_error,sparse_saved_cross_anchor_same_token
diagnostic_attention_head,reasoning_long_generation_0,reasoning_long_generation::reasoning_long_generation_0,reasoning_long_generation,future_attention_oracle,0,48,48,49,48,64,True,,,,,,,,,0.9155330657958984,0.008211344480514526,0.9073217213153839,14.0,11.0,attention_output_relative_error,sparse_saved_cross_anchor_same_token
diagnostic_attention_head,reasoning_long_generation_0,reasoning_long_generation::reasoning_long_generation_0,reasoning_long_generation,future_attention_oracle,0,48,48,49,48,64,True,,,,,,,,,0.5151734352111816,0.010797373950481415,0.5043760612607002,27.0,0.0,attention_output_relative_error,sparse_saved_cross_anchor_same_token
diagnostic_attention_head,reasoning_long_generation_0,reasoning_long_generation::reasoning_long_generation_0,reasoning_long_generation,future_attention_oracle,0,48,48,49,48,64,True,,,,,,,,,1.228624939918518,0.01643756963312626,1.2121873702853918,27.0,11.0,attention_output_relative_error,sparse_saved_cross_anchor_same_token
diagnostic_attention_head,reasoning_long_generation_0,reasoning_long_generation::reasoning_long_generation_0,reasoning_long_generation,snapkv,0,48,48,49,48,64,True,,,,,,,,,0.043120719492435455,0.022548658773303032,0.020572060719132423,0.0,0.0,attention_output_relative_error,sparse_saved_cross_anchor_same_token
diagnostic_attention_head,reasoning_long_generation_0,reasoning_long_generation::reasoning_long_generation_0,reasoning_long_generation,snapkv,0,48,48,49,48,64,True,,,,,,,,,0.03673838824033737,0.011729924008250237,0.025008464232087135,0.0,11.0,attention_output_relative_error,sparse_saved_cross_anchor_same_token
diagnostic_attention_head,reasoning_long_generation_0,reasoning_long_generation::reasoning_long_generation_0,reasoning_long_generation,snapkv,0,48,48,49,48,64,True,,,,,,,,,1.6340699195861816,0.016560714691877365,1.6175092048943043,14.0,0.0,attention_output_relative_error,sparse_saved_cross_anchor_same_token
diagnostic_attention_head,reasoning_long_generation_0,reasoning_long_generation::reasoning_long_generation_0,reasoning_long_generation,snapkv,0,48,48,49,48,64,True,,,,,,,,,0.9209520816802979,0.013131665997207165,0.9078204156830907,14.0,11.0,attention_output_relative_error,sparse_saved_cross_anchor_same_token
diagnostic_attention_head,reasoning_long_generation_0,reasoning_long_generation::reasoning_long_generation_0,reasoning_long_generation,snapkv,0,48,48,49,48,64,True,,,,,,,,,0.5160931348800659,0.016174232587218285,0.49991890229284763,27.0,0.0,attention_output_relative_error,sparse_saved_cross_anchor_same_token
diagnostic_attention_head,reasoning_long_generation_0,reasoning_long_generation::reasoning_long_generation_0,reasoning_long_generation,snapkv,0,48,48,49,48,64,True,,,,,,,,,1.2619129419326782,0.02523830719292164,1.2366746347397566,27.0,11.0,attention_output_relative_error,sparse_saved_cross_anchor_same_token
diagnostic_attention_head,reasoning_long_generation_0,reasoning_long_generation::reasoning_long_generation_0,reasoning_long_generation,v_ridge_leverage,0,48,48,49,48,64,True,,,,,,,,,0.12525203824043274,0.14423768222332,-0.018985643982887268,0.0,0.0,attention_output_relative_error,sparse_saved_cross_anchor_same_token
diagnostic_attention_head,reasoning_long_generation_0,reasoning_long_generation::reasoning_long_generation_0,reasoning_long_generation,v_ridge_leverage,0,48,48,49,48,64,True,,,,,,,,,0.03998558968305588,0.02065909095108509,0.019326498731970787,0.0,11.0,attention_output_relative_error,sparse_saved_cross_anchor_same_token
diagnostic_attention_head,reasoning_long_generation_0,reasoning_long_generation::reasoning_long_generation_0,reasoning_long_generation,v_ridge_leverage,0,48,48,49,48,64,True,,,,,,,,,1.4861633777618408,0.10483772307634354,1.3813256546854973,14.0,0.0,attention_output_relative_error,sparse_saved_cross_anchor_same_token
diagnostic_attention_head,reasoning_long_generation_0,reasoning_long_generation::reasoning_long_generation_0,reasoning_long_generation,v_ridge_leverage,0,48,48,49,48,64,True,,,,,,,,,0.885481059551239,0.05186641961336136,0.8336146399378777,14.0,11.0,attention_output_relative_error,sparse_saved_cross_anchor_same_token
diagnostic_attention_head,reasoning_long_generation_0,reasoning_long_generation::reasoning_long_generation_0,reasoning_long_generation,v_ridge_leverage,0,48,48,49,48,64,True,,,,,,,,,0.5940060019493103,0.34692227840423584,0.24708372354507446,27.0,0.0,attention_output_relative_error,sparse_saved_cross_anchor_same_token
diagnostic_attention_head,reasoning_long_generation_0,reasoning_long_generation::reasoning_long_generation_0,reasoning_long_generation,v_ridge_leverage,0,48,48,49,48,64,True,,,,,,,,,1.3761886358261108,0.5687888264656067,0.8073998093605042,27.0,11.0,attention_output_relative_error,sparse_saved_cross_anchor_same_token
diagnostic_attention_head,reasoning_long_generation_1,reasoning_long_generation::reasoning_long_generation_1,reasoning_long_generation,attention_weighted_v_ridge_leverage,0,48,48,49,48,64,True,,,,,,,,,0.1726142317056656,0.0652252733707428,0.10738895833492279,0.0,0.0,attention_output_relative_error,sparse_saved_cross_anchor_same_token
diagnostic_attention_head,reasoning_long_generation_1,reasoning_long_generation::reasoning_long_generation_1,reasoning_long_generation,attention_weighted_v_ridge_leverage,0,48,48,49,48,64,True,,,,,,,,,0.02051728218793869,0.007256845012307167,0.013260437175631523,0.0,11.0,attention_output_relative_error,sparse_saved_cross_anchor_same_token
diagnostic_attention_head,reasoning_long_generation_1,reasoning_long_generation::reasoning_long_generation_1,reasoning_long_generation,attention_weighted_v_ridge_leverage,0,48,48,49,48,64,True,,,,,,,,,0.9434868693351746,0.9277616143226624,0.015725255012512207,14.0,0.0,attention_output_relative_error,sparse_saved_cross_anchor_same_token
diagnostic_attention_head,reasoning_long_generation_1,reasoning_long_generation::reasoning_long_generation_1,reasoning_long_generation,attention_weighted_v_ridge_leverage,0,48,48,49,48,64,True,,,,,,,,,0.4656338393688202,0.2575497627258301,0.2080840766429901,14.0,11.0,attention_output_relative_error,sparse_saved_cross_anchor_same_token
diagnostic_attention_head,reasoning_long_generation_1,reasoning_long_generation::reasoning_long_generation_1,reasoning_long_generation,attention_weighted_v_ridge_leverage,0,48,48,49,48,64,True,,,,,,,,,0.2687186002731323,0.26783624291419983,0.0008823573589324951,27.0,0.0,attention_output_relative_error,sparse_saved_cross_anchor_same_token
diagnostic_attention_head,reasoning_long_generation_1,reasoning_long_generation::reasoning_long_generation_1,reasoning_long_generation,attention_weighted_v_ridge_leverage,0,48,48,49,48,64,True,,,,,,,,,0.36604467034339905,0.3789212703704834,-0.01287660002708435,27.0,11.0,attention_output_relative_error,sparse_saved_cross_anchor_same_token
diagnostic_attention_head,reasoning_long_generation_1,reasoning_long_generation::reasoning_long_generation_1,reasoning_long_generation,future_attention_oracle,0,48,48,49,48,64,True,,,,,,,,,0.1764194369316101,0.013726696372032166,0.16269274055957794,0.0,0.0,attention_output_relative_error,sparse_saved_cross_anchor_same_token
diagnostic_attention_head,reasoning_long_generation_1,reasoning_long_generation::reasoning_long_generation_1,reasoning_long_generation,future_attention_oracle,0,48,48,49,48,64,True,,,,,,,,,0.0195178110152483,0.00447155861184001,0.015046252403408289,0.0,11.0,attention_output_relative_error,sparse_saved_cross_anchor_same_token
diagnostic_attention_head,reasoning_long_generation_1,reasoning_long_generation::reasoning_long_generation_1,reasoning_long_generation,future_attention_oracle,0,48,48,49,48,64,True,,,,,,,,,0.033602066338062286,0.030926965177059174,0.002675101161003113,14.0,0.0,attention_output_relative_error,sparse_saved_cross_anchor_same_token
diagnostic_attention_head,reasoning_long_generation_1,reasoning_long_generation::reasoning_long_generation_1,reasoning_long_generation,future_attention_oracle,0,48,48,49,48,64,True,,,,,,,,,0.18467994034290314,0.027637477964162827,0.1570424623787403,14.0,11.0,attention_output_relative_error,sparse_saved_cross_anchor_same_token
diagnostic_attention_head,reasoning_long_generation_1,reasoning_long_generation::reasoning_long_generation_1,reasoning_long_generation,future_attention_oracle,0,48,48,49,48,64,True,,,,,,,,,0.06497351825237274,0.01966601237654686,0.04530750587582588,27.0,0.0,attention_output_relative_error,sparse_saved_cross_anchor_same_token
diagnostic_attention_head,reasoning_long_generation_1,reasoning_long_generation::reasoning_long_generation_1,reasoning_long_generation,future_attention_oracle,0,48,48,49,48,64,True,,,,,,,,,0.11090116947889328,0.04654306545853615,0.06435810402035713,27.0,11.0,attention_output_relative_error,sparse_saved_cross_anchor_same_token
diagnostic_attention_head,reasoning_long_generation_1,reasoning_long_generation::reasoning_long_generation_1,reasoning_long_generation,snapkv,0,48,48,49,48,64,True,,,,,,,,,0.18165455758571625,0.025844566524028778,0.15580999106168747,0.0,0.0,attention_output_relative_error,sparse_saved_cross_anchor_same_token
diagnostic_attention_head,reasoning_long_generation_1,reasoning_long_generation::reasoning_long_generation_1,reasoning_long_generation,snapkv,0,48,48,49,48,64,True,,,,,,,,,0.019552376121282578,0.002989764790982008,0.01656261133030057,0.0,11.0,attention_output_relative_error,sparse_saved_cross_anchor_same_token
diagnostic_attention_head,reasoning_long_generation_1,reasoning_long_generation::reasoning_long_generation_1,reasoning_long_generation,snapkv,0,48,48,49,48,64,True,,,,,,,,,0.09648998826742172,0.03599165380001068,0.06049833446741104,14.0,0.0,attention_output_relative_error,sparse_saved_cross_anchor_same_token
diagnostic_attention_head,reasoning_long_generation_1,reasoning_long_generation::reasoning_long_generation_1,reasoning_long_generation,snapkv,0,48,48,49,48,64,True,,,,,,,,,0.21400053799152374,0.05056079104542732,0.16343974694609642,14.0,11.0,attention_output_relative_error,sparse_saved_cross_anchor_same_token
diagnostic_attention_head,reasoning_long_generation_1,reasoning_long_generation::reasoning_long_generation_1,reasoning_long_generation,snapkv,0,48,48,49,48,64,True,,,,,,,,,0.07780009508132935,0.06215878203511238,0.015641313046216965,27.0,0.0,attention_output_relative_error,sparse_saved_cross_anchor_same_token
diagnostic_attention_head,reasoning_long_generation_1,reasoning_long_generation::reasoning_long_generation_1,reasoning_long_generation,snapkv,0,48,48,49,48,64,True,,,,,,,,,0.11840634793043137,0.10077417641878128,0.017632171511650085,27.0,11.0,attention_output_relative_error,sparse_saved_cross_anchor_same_token
diagnostic_attention_head,reasoning_long_generation_1,reasoning_long_generation::reasoning_long_generation_1,reasoning_long_generation,v_ridge_leverage,0,48,48,49,48,64,True,,,,,,,,,0.17311890423297882,0.06759708374738693,0.10552182048559189,0.0,0.0,attention_output_relative_error,sparse_saved_cross_anchor_same_token
diagnostic_attention_head,reasoning_long_generation_1,reasoning_long_generation::reasoning_long_generation_1,reasoning_long_generation,v_ridge_leverage,0,48,48,49,48,64,True,,,,,,,,,0.020444830879569054,0.0072766984812915325,0.013168132398277521,0.0,11.0,attention_output_relative_error,sparse_saved_cross_anchor_same_token
diagnostic_attention_head,reasoning_long_generation_1,reasoning_long_generation::reasoning_long_generation_1,reasoning_long_generation,v_ridge_leverage,0,48,48,49,48,64,True,,,,,,,,,0.1473357230424881,0.9021957516670227,-0.7548600286245346,14.0,0.0,attention_output_relative_error,sparse_saved_cross_anchor_same_token
diagnostic_attention_head,reasoning_long_generation_1,reasoning_long_generation::reasoning_long_generation_1,reasoning_long_generation,v_ridge_leverage,0,48,48,49,48,64,True,,,,,,,,,0.2734788656234741,0.263925164937973,0.009553700685501099,14.0,11.0,attention_output_relative_error,sparse_saved_cross_anchor_same_token
diagnostic_attention_head,reasoning_long_generation_1,reasoning_long_generation::reasoning_long_generation_1,reasoning_long_generation,v_ridge_leverage,0,48,48,49,48,64,True,,,,,,,,,0.20300857722759247,0.22709792852401733,-0.024089351296424866,27.0,0.0,attention_output_relative_error,sparse_saved_cross_anchor_same_token
diagnostic_attention_head,reasoning_long_generation_1,reasoning_long_generation::reasoning_long_generation_1,reasoning_long_generation,v_ridge_leverage,0,48,48,49,48,64,True,,,,,,,,,0.3004436492919922,0.373405396938324,-0.07296174764633179,27.0,11.0,attention_output_relative_error,sparse_saved_cross_anchor_same_token
diagnostic_attention_head,reasoning_long_generation_2,reasoning_long_generation::reasoning_long_generation_2,reasoning_long_generation,attention_weighted_v_ridge_leverage,0,48,48,49,48,64,True,,,,,,,,,0.30420181155204773,0.11353258043527603,0.1906692311167717,0.0,0.0,attention_output_relative_error,sparse_saved_cross_anchor_same_token
diagnostic_attention_head,reasoning_long_generation_2,reasoning_long_generation::reasoning_long_generation_2,reasoning_long_generation,attention_weighted_v_ridge_leverage,0,48,48,49,48,64,True,,,,,,,,,0.055595990270376205,0.022395163774490356,0.03320082649588585,0.0,11.0,attention_output_relative_error,sparse_saved_cross_anchor_same_token
diagnostic_attention_head,reasoning_long_generation_2,reasoning_long_generation::reasoning_long_generation_2,reasoning_long_generation,attention_weighted_v_ridge_leverage,0,48,48,49,48,64,True,,,,,,,,,0.7999078631401062,0.8194577693939209,-0.019549906253814697,14.0,0.0,attention_output_relative_error,sparse_saved_cross_anchor_same_token
diagnostic_attention_head,reasoning_long_generation_2,reasoning_long_generation::reasoning_long_generation_2,reasoning_long_generation,attention_weighted_v_ridge_leverage,0,48,48,49,48,64,True,,,,,,,,,0.7060529589653015,0.6353956460952759,0.07065731287002563,14.0,11.0,attention_output_relative_error,sparse_saved_cross_anchor_same_token
diagnostic_attention_head,reasoning_long_generation_2,reasoning_long_generation::reasoning_long_generation_2,reasoning_long_generation,attention_weighted_v_ridge_leverage,0,48,48,49,48,64,True,,,,,,,,,0.2066194862127304,0.1307249218225479,0.0758945643901825,27.0,0.0,attention_output_relative_error,sparse_saved_cross_anchor_same_token
diagnostic_attention_head,reasoning_long_generation_2,reasoning_long_generation::reasoning_long_generation_2,reasoning_long_generation,attention_weighted_v_ridge_leverage,0,48,48,49,48,64,True,,,,,,,,,0.27923545241355896,0.19243121147155762,0.08680424094200134,27.0,11.0,attention_output_relative_error,sparse_saved_cross_anchor_same_token
diagnostic_attention_head,reasoning_long_generation_2,reasoning_long_generation::reasoning_long_generation_2,reasoning_long_generation,future_attention_oracle,0,48,48,49,48,64,True,,,,,,,,,0.3055890202522278,0.02887752093374729,0.2767114993184805,0.0,0.0,attention_output_relative_error,sparse_saved_cross_anchor_same_token
diagnostic_attention_head,reasoning_long_generation_2,reasoning_long_generation::reasoning_long_generation_2,reasoning_long_generation,future_attention_oracle,0,48,48,49,48,64,True,,,,,,,,,0.06281477212905884,0.023064708337187767,0.03975006379187107,0.0,11.0,attention_output_relative_error,sparse_saved_cross_anchor_same_token
diagnostic_attention_head,reasoning_long_generation_2,reasoning_long_generation::reasoning_long_generation_2,reasoning_long_generation,future_attention_oracle,0,48,48,49,48,64,True,,,,,,,,,0.056328509002923965,0.01395752839744091,0.042370980605483055,14.0,0.0,attention_output_relative_error,sparse_saved_cross_anchor_same_token
diagnostic_attention_head,reasoning_long_generation_2,reasoning_long_generation::reasoning_long_generation_2,reasoning_long_generation,future_attention_oracle,0,48,48,49,48,64,True,,,,,,,,,0.6596514582633972,0.014532702043652534,0.6451187562197447,14.0,11.0,attention_output_relative_error,sparse_saved_cross_anchor_same_token
diagnostic_attention_head,reasoning_long_generation_2,reasoning_long_generation::reasoning_long_generation_2,reasoning_long_generation,future_attention_oracle,0,48,48,49,48,64,True,,,,,,,,,0.12518250942230225,0.011299092322587967,0.11388341709971428,27.0,0.0,attention_output_relative_error,sparse_saved_cross_anchor_same_token
diagnostic_attention_head,reasoning_long_generation_2,reasoning_long_generation::reasoning_long_generation_2,reasoning_long_generation,future_attention_oracle,0,48,48,49,48,64,True,,,,,,,,,0.17367736995220184,0.047996267676353455,0.1256811022758484,27.0,11.0,attention_output_relative_error,sparse_saved_cross_anchor_same_token
diagnostic_attention_head,reasoning_long_generation_2,reasoning_long_generation::reasoning_long_generation_2,reasoning_long_generation,snapkv,0,48,48,49,48,64,True,,,,,,,,,0.31069818139076233,0.03906851261854172,0.2716296687722206,0.0,0.0,attention_output_relative_error,sparse_saved_cross_anchor_same_token
diagnostic_attention_head,reasoning_long_generation_2,reasoning_long_generation::reasoning_long_generation_2,reasoning_long_generation,snapkv,0,48,48,49,48,64,True,,,,,,,,,0.06115245446562767,0.024586547166109085,0.036565907299518585,0.0,11.0,attention_output_relative_error,sparse_saved_cross_anchor_same_token
diagnostic_attention_head,reasoning_long_generation_2,reasoning_long_generation::reasoning_long_generation_2,reasoning_long_generation,snapkv,0,48,48,49,48,64,True,,,,,,,,,0.08588540554046631,0.011806508526206017,0.07407889701426029,14.0,0.0,attention_output_relative_error,sparse_saved_cross_anchor_same_token
diagnostic_attention_head,reasoning_long_generation_2,reasoning_long_generation::reasoning_long_generation_2,reasoning_long_generation,snapkv,0,48,48,49,48,64,True,,,,,,,,,0.6608954071998596,0.025757702067494392,0.6351377051323652,14.0,11.0,attention_output_relative_error,sparse_saved_cross_anchor_same_token
diagnostic_attention_head,reasoning_long_generation_2,reasoning_long_generation::reasoning_long_generation_2,reasoning_long_generation,snapkv,0,48,48,49,48,64,True,,,,,,,,,0.13306723535060883,0.03575075417757034,0.09731648117303848,27.0,0.0,attention_output_relative_error,sparse_saved_cross_anchor_same_token
diagnostic_attention_head,reasoning_long_generation_2,reasoning_long_generation::reasoning_long_generation_2,reasoning_long_generation,snapkv,0,48,48,49,48,64,True,,,,,,,,,0.17997638881206512,0.09468962997198105,0.08528675884008408,27.0,11.0,attention_output_relative_error,sparse_saved_cross_anchor_same_token
diagnostic_attention_head,reasoning_long_generation_2,reasoning_long_generation::reasoning_long_generation_2,reasoning_long_generation,v_ridge_leverage,0,48,48,49,48,64,True,,,,,,,,,0.3027753233909607,0.11123252660036087,0.19154279679059982,0.0,0.0,attention_output_relative_error,sparse_saved_cross_anchor_same_token
diagnostic_attention_head,reasoning_long_generation_2,reasoning_long_generation::reasoning_long_generation_2,reasoning_long_generation,v_ridge_leverage,0,48,48,49,48,64,True,,,,,,,,,0.053801193833351135,0.02190631628036499,0.031894877552986145,0.0,11.0,attention_output_relative_error,sparse_saved_cross_anchor_same_token
diagnostic_attention_head,reasoning_long_generation_2,reasoning_long_generation::reasoning_long_generation_2,reasoning_long_generation,v_ridge_leverage,0,48,48,49,48,64,True,,,,,,,,,0.782355010509491,0.9544262886047363,-0.17207127809524536,14.0,0.0,attention_output_relative_error,sparse_saved_cross_anchor_same_token
diagnostic_attention_head,reasoning_long_generation_2,reasoning_long_generation::reasoning_long_generation_2,reasoning_long_generation,v_ridge_leverage,0,48,48,49,48,64,True,,,,,,,,,0.708530843257904,0.2274230271577835,0.48110781610012054,14.0,11.0,attention_output_relative_error,sparse_saved_cross_anchor_same_token
diagnostic_attention_head,reasoning_long_generation_2,reasoning_long_generation::reasoning_long_generation_2,reasoning_long_generation,v_ridge_leverage,0,48,48,49,48,64,True,,,,,,,,,0.18904240429401398,0.17178644239902496,0.017255961894989014,27.0,0.0,attention_output_relative_error,sparse_saved_cross_anchor_same_token
diagnostic_attention_head,reasoning_long_generation_2,reasoning_long_generation::reasoning_long_generation_2,reasoning_long_generation,v_ridge_leverage,0,48,48,49,48,64,True,,,,,,,,,0.29863807559013367,0.3112896978855133,-0.012651622295379639,27.0,11.0,attention_output_relative_error,sparse_saved_cross_anchor_same_token
diagnostic_attention_head,reasoning_long_generation_3,reasoning_long_generation::reasoning_long_generation_3,reasoning_long_generation,attention_weighted_v_ridge_leverage,0,48,48,49,48,64,True,,,,,,,,,3.932946128770709e-05,3.9242419006768614e-05,8.704228093847632e-08,0.0,0.0,attention_output_relative_error,sparse_saved_cross_anchor_same_token
diagnostic_attention_head,reasoning_long_generation_3,reasoning_long_generation::reasoning_long_generation_3,reasoning_long_generation,attention_weighted_v_ridge_leverage,0,48,48,49,48,64,True,,,,,,,,,0.02136198803782463,0.015009905211627483,0.006352082826197147,0.0,11.0,attention_output_relative_error,sparse_saved_cross_anchor_same_token
diagnostic_attention_head,reasoning_long_generation_3,reasoning_long_generation::reasoning_long_generation_3,reasoning_long_generation,attention_weighted_v_ridge_leverage,0,48,48,49,48,64,True,,,,,,,,,0.23120646178722382,0.15216007828712463,0.07904638350009918,14.0,0.0,attention_output_relative_error,sparse_saved_cross_anchor_same_token
diagnostic_attention_head,reasoning_long_generation_3,reasoning_long_generation::reasoning_long_generation_3,reasoning_long_generation,attention_weighted_v_ridge_leverage,0,48,48,49,48,64,True,,,,,,,,,0.5176824927330017,0.3401705324649811,0.17751196026802063,14.0,11.0,attention_output_relative_error,sparse_saved_cross_anchor_same_token
diagnostic_attention_head,reasoning_long_generation_3,reasoning_long_generation::reasoning_long_generation_3,reasoning_long_generation,attention_weighted_v_ridge_leverage,0,48,48,49,48,64,True,,,,,,,,,0.15613292157649994,0.11958452314138412,0.036548398435115814,27.0,0.0,attention_output_relative_error,sparse_saved_cross_anchor_same_token
diagnostic_attention_head,reasoning_long_generation_3,reasoning_long_generation::reasoning_long_generation_3,reasoning_long_generation,attention_weighted_v_ridge_leverage,0,48,48,49,48,64,True,,,,,,,,,0.1834937483072281,0.18044833838939667,0.003045409917831421,27.0,11.0,attention_output_relative_error,sparse_saved_cross_anchor_same_token
diagnostic_attention_head,reasoning_long_generation_3,reasoning_long_generation::reasoning_long_generation_3,reasoning_long_generation,future_attention_oracle,0,48,48,49,48,64,True,,,,,,,,,3.932878826162778e-05,1.5952389276208123e-06,3.7733549334006966e-05,0.0,0.0,attention_output_relative_error,sparse_saved_cross_anchor_same_token
diagnostic_attention_head,reasoning_long_generation_3,reasoning_long_generation::reasoning_long_generation_3,reasoning_long_generation,future_attention_oracle,0,48,48,49,48,64,True,,,,,,,,,0.01964012160897255,0.007221217267215252,0.012418904341757298,0.0,11.0,attention_output_relative_error,sparse_saved_cross_anchor_same_token
diagnostic_attention_head,reasoning_long_generation_3,reasoning_long_generation::reasoning_long_generation_3,reasoning_long_generation,future_attention_oracle,0,48,48,49,48,64,True,,,,,,,,,0.16394324600696564,0.023578325286507607,0.14036492072045803,14.0,0.0,attention_output_relative_error,sparse_saved_cross_anchor_same_token
diagnostic_attention_head,reasoning_long_generation_3,reasoning_long_generation::reasoning_long_generation_3,reasoning_long_generation,future_attention_oracle,0,48,48,49,48,64,True,,,,,,,,,0.37466248869895935,0.013714704662561417,0.36094778403639793,14.0,11.0,attention_output_relative_error,sparse_saved_cross_anchor_same_token
diagnostic_attention_head,reasoning_long_generation_3,reasoning_long_generation::reasoning_long_generation_3,reasoning_long_generation,future_attention_oracle,0,48,48,49,48,64,True,,,,,,,,,0.12321370840072632,0.11131555587053299,0.011898152530193329,27.0,0.0,attention_output_relative_error,sparse_saved_cross_anchor_same_token
diagnostic_attention_head,reasoning_long_generation_3,reasoning_long_generation::reasoning_long_generation_3,reasoning_long_generation,future_attention_oracle,0,48,48,49,48,64,True,,,,,,,,,0.12015865743160248,0.11301320791244507,0.00714544951915741,27.0,11.0,attention_output_relative_error,sparse_saved_cross_anchor_same_token
diagnostic_attention_head,reasoning_long_generation_3,reasoning_long_generation::reasoning_long_generation_3,reasoning_long_generation,snapkv,0,48,48,49,48,64,True,,,,,,,,,3.932878826162778e-05,0.0,3.932878826162778e-05,0.0,0.0,attention_output_relative_error,sparse_saved_cross_anchor_same_token
diagnostic_attention_head,reasoning_long_generation_3,reasoning_long_generation::reasoning_long_generation_3,reasoning_long_generation,snapkv,0,48,48,49,48,64,True,,,,,,,,,0.018995894119143486,0.0071052443236112595,0.011890649795532227,0.0,11.0,attention_output_relative_error,sparse_saved_cross_anchor_same_token
diagnostic_attention_head,reasoning_long_generation_3,reasoning_long_generation::reasoning_long_generation_3,reasoning_long_generation,snapkv,0,48,48,49,48,64,True,,,,,,,,,0.19349761307239532,0.04739419370889664,0.1461034193634987,14.0,0.0,attention_output_relative_error,sparse_saved_cross_anchor_same_token
diagnostic_attention_head,reasoning_long_generation_3,reasoning_long_generation::reasoning_long_generation_3,reasoning_long_generation,snapkv,0,48,48,49,48,64,True,,,,,,,,,0.40312880277633667,0.030969107523560524,0.37215969525277615,14.0,11.0,attention_output_relative_error,sparse_saved_cross_anchor_same_token
diagnostic_attention_head,reasoning_long_generation_3,reasoning_long_generation::reasoning_long_generation_3,reasoning_long_generation,snapkv,0,48,48,49,48,64,True,,,,,,,,,0.24280758202075958,0.24696531891822815,-0.004157736897468567,27.0,0.0,attention_output_relative_error,sparse_saved_cross_anchor_same_token
diagnostic_attention_head,reasoning_long_generation_3,reasoning_long_generation::reasoning_long_generation_3,reasoning_long_generation,snapkv,0,48,48,49,48,64,True,,,,,,,,,0.17503668367862701,0.23580603301525116,-0.060769349336624146,27.0,11.0,attention_output_relative_error,sparse_saved_cross_anchor_same_token
diagnostic_attention_head,reasoning_long_generation_3,reasoning_long_generation::reasoning_long_generation_3,reasoning_long_generation,v_ridge_leverage,0,48,48,49,48,64,True,,,,,,,,,3.932946128770709e-05,3.924309567082673e-05,8.636561688035727e-08,0.0,0.0,attention_output_relative_error,sparse_saved_cross_anchor_same_token
diagnostic_attention_head,reasoning_long_generation_3,reasoning_long_generation::reasoning_long_generation_3,reasoning_long_generation,v_ridge_leverage,0,48,48,49,48,64,True,,,,,,,,,0.02117200568318367,0.014999309554696083,0.006172696128487587,0.0,11.0,attention_output_relative_error,sparse_saved_cross_anchor_same_token
diagnostic_attention_head,reasoning_long_generation_3,reasoning_long_generation::reasoning_long_generation_3,reasoning_long_generation,v_ridge_leverage,0,48,48,49,48,64,True,,,,,,,,,0.24817503988742828,0.12667445838451385,0.12150058150291443,14.0,0.0,attention_output_relative_error,sparse_saved_cross_anchor_same_token
diagnostic_attention_head,reasoning_long_generation_3,reasoning_long_generation::reasoning_long_generation_3,reasoning_long_generation,v_ridge_leverage,0,48,48,49,48,64,True,,,,,,,,,0.3800300061702728,0.26845458149909973,0.1115754246711731,14.0,11.0,attention_output_relative_error,sparse_saved_cross_anchor_same_token
diagnostic_attention_head,reasoning_long_generation_3,reasoning_long_generation::reasoning_long_generation_3,reasoning_long_generation,v_ridge_leverage,0,48,48,49,48,64,True,,,,,,,,,0.23515799641609192,0.33572813868522644,-0.10057014226913452,27.0,0.0,attention_output_relative_error,sparse_saved_cross_anchor_same_token
diagnostic_attention_head,reasoning_long_generation_3,reasoning_long_generation::reasoning_long_generation_3,reasoning_long_generation,v_ridge_leverage,0,48,48,49,48,64,True,,,,,,,,,0.3996802270412445,0.5088792443275452,-0.10919901728630066,27.0,11.0,attention_output_relative_error,sparse_saved_cross_anchor_same_token
diagnostic_attention_head,reasoning_long_generation_4,reasoning_long_generation::reasoning_long_generation_4,reasoning_long_generation,attention_weighted_v_ridge_leverage,0,48,48,49,48,64,True,,,,,,,,,0.1523398905992508,0.10978564620018005,0.04255424439907074,0.0,0.0,attention_output_relative_error,sparse_saved_cross_anchor_same_token
diagnostic_attention_head,reasoning_long_generation_4,reasoning_long_generation::reasoning_long_generation_4,reasoning_long_generation,attention_weighted_v_ridge_leverage,0,48,48,49,48,64,True,,,,,,,,,0.03736346215009689,0.005330374464392662,0.03203308768570423,0.0,11.0,attention_output_relative_error,sparse_saved_cross_anchor_same_token
diagnostic_attention_head,reasoning_long_generation_4,reasoning_long_generation::reasoning_long_generation_4,reasoning_long_generation,attention_weighted_v_ridge_leverage,0,48,48,49,48,64,True,,,,,,,,,0.23137430846691132,0.1356530338525772,0.0957212746143341,14.0,0.0,attention_output_relative_error,sparse_saved_cross_anchor_same_token
diagnostic_attention_head,reasoning_long_generation_4,reasoning_long_generation::reasoning_long_generation_4,reasoning_long_generation,attention_weighted_v_ridge_leverage,0,48,48,49,48,64,True,,,,,,,,,0.18668456375598907,0.07161543518304825,0.11506912857294083,14.0,11.0,attention_output_relative_error,sparse_saved_cross_anchor_same_token
diagnostic_attention_head,reasoning_long_generation_4,reasoning_long_generation::reasoning_long_generation_4,reasoning_long_generation,attention_weighted_v_ridge_leverage,0,48,48,49,48,64,True,,,,,,,,,0.18108659982681274,0.18214403092861176,-0.0010574311017990112,27.0,0.0,attention_output_relative_error,sparse_saved_cross_anchor_same_token
diagnostic_attention_head,reasoning_long_generation_4,reasoning_long_generation::reasoning_long_generation_4,reasoning_long_generation,attention_weighted_v_ridge_leverage,0,48,48,49,48,64,True,,,,,,,,,0.262002170085907,0.28593653440475464,-0.023934364318847656,27.0,11.0,attention_output_relative_error,sparse_saved_cross_anchor_same_token
diagnostic_attention_head,reasoning_long_generation_4,reasoning_long_generation::reasoning_long_generation_4,reasoning_long_generation,future_attention_oracle,0,48,48,49,48,64,True,,,,,,,,,0.14531782269477844,0.018334902822971344,0.1269829198718071,0.0,0.0,attention_output_relative_error,sparse_saved_cross_anchor_same_token
diagnostic_attention_head,reasoning_long_generation_4,reasoning_long_generation::reasoning_long_generation_4,reasoning_long_generation,future_attention_oracle,0,48,48,49,48,64,True,,,,,,,,,0.0377204455435276,0.004868349060416222,0.03285209648311138,0.0,11.0,attention_output_relative_error,sparse_saved_cross_anchor_same_token
diagnostic_attention_head,reasoning_long_generation_4,reasoning_long_generation::reasoning_long_generation_4,reasoning_long_generation,future_attention_oracle,0,48,48,49,48,64,True,,,,,,,,,0.22978101670742035,0.005809712689369917,0.22397130401805043,14.0,0.0,attention_output_relative_error,sparse_saved_cross_anchor_same_token
diagnostic_attention_head,reasoning_long_generation_4,reasoning_long_generation::reasoning_long_generation_4,reasoning_long_generation,future_attention_oracle,0,48,48,49,48,64,True,,,,,,,,,0.16769757866859436,0.003651878098025918,0.16404570057056844,14.0,11.0,attention_output_relative_error,sparse_saved_cross_anchor_same_token
diagnostic_attention_head,reasoning_long_generation_4,reasoning_long_generation::reasoning_long_generation_4,reasoning_long_generation,future_attention_oracle,0,48,48,49,48,64,True,,,,,,,,,0.14265385270118713,0.012303884141147137,0.13034996856004,27.0,0.0,attention_output_relative_error,sparse_saved_cross_anchor_same_token
diagnostic_attention_head,reasoning_long_generation_4,reasoning_long_generation::reasoning_long_generation_4,reasoning_long_generation,future_attention_oracle,0,48,48,49,48,64,True,,,,,,,,,0.20793423056602478,0.03413359448313713,0.17380063608288765,27.0,11.0,attention_output_relative_error,sparse_saved_cross_anchor_same_token
diagnostic_attention_head,reasoning_long_generation_4,reasoning_long_generation::reasoning_long_generation_4,reasoning_long_generation,snapkv,0,48,48,49,48,64,True,,,,,,,,,0.15335552394390106,0.045005910098552704,0.10834961384534836,0.0,0.0,attention_output_relative_error,sparse_saved_cross_anchor_same_token
diagnostic_attention_head,reasoning_long_generation_4,reasoning_long_generation::reasoning_long_generation_4,reasoning_long_generation,snapkv,0,48,48,49,48,64,True,,,,,,,,,0.037796396762132645,0.0053446413949131966,0.03245175536721945,0.0,11.0,attention_output_relative_error,sparse_saved_cross_anchor_same_token
diagnostic_attention_head,reasoning_long_generation_4,reasoning_long_generation::reasoning_long_generation_4,reasoning_long_generation,snapkv,0,48,48,49,48,64,True,,,,,,,,,0.29719939827919006,0.030276445671916008,0.26692295260727406,14.0,0.0,attention_output_relative_error,sparse_saved_cross_anchor_same_token
diagnostic_attention_head,reasoning_long_generation_4,reasoning_long_generation::reasoning_long_generation_4,reasoning_long_generation,snapkv,0,48,48,49,48,64,True,,,,,,,,,0.22329573333263397,0.009868456050753593,0.21342727728188038,14.0,11.0,attention_output_relative_error,sparse_saved_cross_anchor_same_token
diagnostic_attention_head,reasoning_long_generation_4,reasoning_long_generation::reasoning_long_generation_4,reasoning_long_generation,snapkv,0,48,48,49,48,64,True,,,,,,,,,0.14962156116962433,0.028109554201364517,0.12151200696825981,27.0,0.0,attention_output_relative_error,sparse_saved_cross_anchor_same_token
diagnostic_attention_head,reasoning_long_generation_4,reasoning_long_generation::reasoning_long_generation_4,reasoning_long_generation,snapkv,0,48,48,49,48,64,True,,,,,,,,,0.2102147936820984,0.06847776472568512,0.14173702895641327,27.0,11.0,attention_output_relative_error,sparse_saved_cross_anchor_same_token
diagnostic_attention_head,reasoning_long_generation_4,reasoning_long_generation::reasoning_long_generation_4,reasoning_long_generation,v_ridge_leverage,0,48,48,49,48,64,True,,,,,,,,,0.17996369302272797,0.11202196776866913,0.06794172525405884,0.0,0.0,attention_output_relative_error,sparse_saved_cross_anchor_same_token
diagnostic_attention_head,reasoning_long_generation_4,reasoning_long_generation::reasoning_long_generation_4,reasoning_long_generation,v_ridge_leverage,0,48,48,49,48,64,True,,,,,,,,,0.036892592906951904,0.005558657925575972,0.03133393498137593,0.0,11.0,attention_output_relative_error,sparse_saved_cross_anchor_same_token
diagnostic_attention_head,reasoning_long_generation_4,reasoning_long_generation::reasoning_long_generation_4,reasoning_long_generation,v_ridge_leverage,0,48,48,49,48,64,True,,,,,,,,,0.25527310371398926,0.04169600084424019,0.21357710286974907,14.0,0.0,attention_output_relative_error,sparse_saved_cross_anchor_same_token
diagnostic_attention_head,reasoning_long_generation_4,reasoning_long_generation::reasoning_long_generation_4,reasoning_long_generation,v_ridge_leverage,0,48,48,49,48,64,True,,,,,,,,,0.18212531507015228,0.0321294330060482,0.14999588206410408,14.0,11.0,attention_output_relative_error,sparse_saved_cross_anchor_same_token
diagnostic_attention_head,reasoning_long_generation_4,reasoning_long_generation::reasoning_long_generation_4,reasoning_long_generation,v_ridge_leverage,0,48,48,49,48,64,True,,,,,,,,,0.20085324347019196,0.2024095058441162,-0.0015562623739242554,27.0,0.0,attention_output_relative_error,sparse_saved_cross_anchor_same_token
diagnostic_attention_head,reasoning_long_generation_4,reasoning_long_generation::reasoning_long_generation_4,reasoning_long_generation,v_ridge_leverage,0,48,48,49,48,64,True,,,,,,,,,0.31000474095344543,0.36239904165267944,-0.05239430069923401,27.0,11.0,attention_output_relative_error,sparse_saved_cross_anchor_same_token
diagnostic_attention_head,synthetic_niah_0,niah_single_1::synthetic_niah_0,niah_single_1,attention_weighted_v_ridge_leverage,0,48,48,49,48,64,True,,,,,,,,,3.8415695598814636e-05,3.4400803997414187e-05,4.01489160140045e-06,0.0,0.0,attention_output_relative_error,sparse_saved_cross_anchor_same_token
diagnostic_attention_head,synthetic_niah_0,niah_single_1::synthetic_niah_0,niah_single_1,attention_weighted_v_ridge_leverage,0,48,48,49,48,64,True,,,,,,,,,0.03930414468050003,0.015468931756913662,0.02383521292358637,0.0,11.0,attention_output_relative_error,sparse_saved_cross_anchor_same_token
diagnostic_attention_head,synthetic_niah_0,niah_single_1::synthetic_niah_0,niah_single_1,attention_weighted_v_ridge_leverage,0,48,48,49,48,64,True,,,,,,,,,0.5239647626876831,0.04882742092013359,0.4751373417675495,14.0,0.0,attention_output_relative_error,sparse_saved_cross_anchor_same_token
diagnostic_attention_head,synthetic_niah_0,niah_single_1::synthetic_niah_0,niah_single_1,attention_weighted_v_ridge_leverage,0,48,48,49,48,64,True,,,,,,,,,0.3087880611419678,0.048146042972803116,0.26064201816916466,14.0,11.0,attention_output_relative_error,sparse_saved_cross_anchor_same_token
diagnostic_attention_head,synthetic_niah_0,niah_single_1::synthetic_niah_0,niah_single_1,attention_weighted_v_ridge_leverage,0,48,48,49,48,64,True,,,,,,,,,0.12780044972896576,0.10442890226840973,0.02337154746055603,27.0,0.0,attention_output_relative_error,sparse_saved_cross_anchor_same_token
diagnostic_attention_head,synthetic_niah_0,niah_single_1::synthetic_niah_0,niah_single_1,attention_weighted_v_ridge_leverage,0,48,48,49,48,64,True,,,,,,,,,0.263480544090271,0.2563534379005432,0.007127106189727783,27.0,11.0,attention_output_relative_error,sparse_saved_cross_anchor_same_token
diagnostic_attention_head,synthetic_niah_0,niah_single_1::synthetic_niah_0,niah_single_1,future_attention_oracle,0,48,48,49,48,64,True,,,,,,,,,3.8403039070544764e-05,2.224455101895728e-06,3.6178583968649036e-05,0.0,0.0,attention_output_relative_error,sparse_saved_cross_anchor_same_token
diagnostic_attention_head,synthetic_niah_0,niah_single_1::synthetic_niah_0,niah_single_1,future_attention_oracle,0,48,48,49,48,64,True,,,,,,,,,0.036375418305397034,0.011803600005805492,0.02457181829959154,0.0,11.0,attention_output_relative_error,sparse_saved_cross_anchor_same_token
diagnostic_attention_head,synthetic_niah_0,niah_single_1::synthetic_niah_0,niah_single_1,future_attention_oracle,0,48,48,49,48,64,True,,,,,,,,,0.5070729851722717,0.02412550523877144,0.4829474799335003,14.0,0.0,attention_output_relative_error,sparse_saved_cross_anchor_same_token
diagnostic_attention_head,synthetic_niah_0,niah_single_1::synthetic_niah_0,niah_single_1,future_attention_oracle,0,48,48,49,48,64,True,,,,,,,,,0.2938374876976013,0.026853591203689575,0.26698389649391174,14.0,11.0,attention_output_relative_error,sparse_saved_cross_anchor_same_token
diagnostic_attention_head,synthetic_niah_0,niah_single_1::synthetic_niah_0,niah_single_1,future_attention_oracle,0,48,48,49,48,64,True,,,,,,,,,0.12740415334701538,0.11340338736772537,0.014000765979290009,27.0,0.0,attention_output_relative_error,sparse_saved_cross_anchor_same_token
diagnostic_attention_head,synthetic_niah_0,niah_single_1::synthetic_niah_0,niah_single_1,future_attention_oracle,0,48,48,49,48,64,True,,,,,,,,,0.29096758365631104,0.304188072681427,-0.013220489025115967,27.0,11.0,attention_output_relative_error,sparse_saved_cross_anchor_same_token
diagnostic_attention_head,synthetic_niah_0,niah_single_1::synthetic_niah_0,niah_single_1,snapkv,0,48,48,49,48,64,True,,,,,,,,,3.8403039070544764e-05,2.224455101895728e-06,3.6178583968649036e-05,0.0,0.0,attention_output_relative_error,sparse_saved_cross_anchor_same_token
diagnostic_attention_head,synthetic_niah_0,niah_single_1::synthetic_niah_0,niah_single_1,snapkv,0,48,48,49,48,64,True,,,,,,,,,0.035298023372888565,0.01099823135882616,0.024299792014062405,0.0,11.0,attention_output_relative_error,sparse_saved_cross_anchor_same_token
diagnostic_attention_head,synthetic_niah_0,niah_single_1::synthetic_niah_0,niah_single_1,snapkv,0,48,48,49,48,64,True,,,,,,,,,0.5004624724388123,0.18573138117790222,0.31473109126091003,14.0,0.0,attention_output_relative_error,sparse_saved_cross_anchor_same_token
diagnostic_attention_head,synthetic_niah_0,niah_single_1::synthetic_niah_0,niah_single_1,snapkv,0,48,48,49,48,64,True,,,,,,,,,0.3181184232234955,0.45859265327453613,-0.14047423005104065,14.0,11.0,attention_output_relative_error,sparse_saved_cross_anchor_same_token
diagnostic_attention_head,synthetic_niah_0,niah_single_1::synthetic_niah_0,niah_single_1,snapkv,0,48,48,49,48,64,True,,,,,,,,,0.14542916417121887,0.15343905985355377,-0.0080098956823349,27.0,0.0,attention_output_relative_error,sparse_saved_cross_anchor_same_token
diagnostic_attention_head,synthetic_niah_0,niah_single_1::synthetic_niah_0,niah_single_1,snapkv,0,48,48,49,48,64,True,,,,,,,,,0.31738144159317017,0.3594643771648407,-0.04208293557167053,27.0,11.0,attention_output_relative_error,sparse_saved_cross_anchor_same_token
diagnostic_attention_head,synthetic_niah_0,niah_single_1::synthetic_niah_0,niah_single_1,v_ridge_leverage,0,48,48,49,48,64,True,,,,,,,,,3.847453263006173e-05,3.4400803997414187e-05,4.073728632647544e-06,0.0,0.0,attention_output_relative_error,sparse_saved_cross_anchor_same_token
diagnostic_attention_head,synthetic_niah_0,niah_single_1::synthetic_niah_0,niah_single_1,v_ridge_leverage,0,48,48,49,48,64,True,,,,,,,,,0.03763812780380249,0.014454353600740433,0.023183774203062057,0.0,11.0,attention_output_relative_error,sparse_saved_cross_anchor_same_token
diagnostic_attention_head,synthetic_niah_0,niah_single_1::synthetic_niah_0,niah_single_1,v_ridge_leverage,0,48,48,49,48,64,True,,,,,,,,,0.5028822422027588,0.028369445353746414,0.4745127968490124,14.0,0.0,attention_output_relative_error,sparse_saved_cross_anchor_same_token
diagnostic_attention_head,synthetic_niah_0,niah_single_1::synthetic_niah_0,niah_single_1,v_ridge_leverage,0,48,48,49,48,64,True,,,,,,,,,0.3126334249973297,0.057493966072797775,0.25513945892453194,14.0,11.0,attention_output_relative_error,sparse_saved_cross_anchor_same_token
diagnostic_attention_head,synthetic_niah_0,niah_single_1::synthetic_niah_0,niah_single_1,v_ridge_leverage,0,48,48,49,48,64,True,,,,,,,,,0.13831542432308197,0.12080889940261841,0.017506524920463562,27.0,0.0,attention_output_relative_error,sparse_saved_cross_anchor_same_token
diagnostic_attention_head,synthetic_niah_0,niah_single_1::synthetic_niah_0,niah_single_1,v_ridge_leverage,0,48,48,49,48,64,True,,,,,,,,,0.2903527617454529,0.30077430605888367,-0.010421544313430786,27.0,11.0,attention_output_relative_error,sparse_saved_cross_anchor_same_token
diagnostic_attention_head,synthetic_niah_1,niah_single_1::synthetic_niah_1,niah_single_1,attention_weighted_v_ridge_leverage,0,48,48,49,48,64,True,,,,,,,,,0.10625554621219635,0.09910774230957031,0.007147803902626038,0.0,0.0,attention_output_relative_error,sparse_saved_cross_anchor_same_token
diagnostic_attention_head,synthetic_niah_1,niah_single_1::synthetic_niah_1,niah_single_1,attention_weighted_v_ridge_leverage,0,48,48,49,48,64,True,,,,,,,,,0.022434120997786522,0.01257420890033245,0.009859912097454071,0.0,11.0,attention_output_relative_error,sparse_saved_cross_anchor_same_token
diagnostic_attention_head,synthetic_niah_1,niah_single_1::synthetic_niah_1,niah_single_1,attention_weighted_v_ridge_leverage,0,48,48,49,48,64,True,,,,,,,,,0.3069038689136505,0.04904736578464508,0.25785650312900543,14.0,0.0,attention_output_relative_error,sparse_saved_cross_anchor_same_token
diagnostic_attention_head,synthetic_niah_1,niah_single_1::synthetic_niah_1,niah_single_1,attention_weighted_v_ridge_leverage,0,48,48,49,48,64,True,,,,,,,,,0.3025685250759125,0.045541439205408096,0.2570270858705044,14.0,11.0,attention_output_relative_error,sparse_saved_cross_anchor_same_token
diagnostic_attention_head,synthetic_niah_1,niah_single_1::synthetic_niah_1,niah_single_1,attention_weighted_v_ridge_leverage,0,48,48,49,48,64,True,,,,,,,,,0.10836769640445709,0.03261357545852661,0.07575412094593048,27.0,0.0,attention_output_relative_error,sparse_saved_cross_anchor_same_token
diagnostic_attention_head,synthetic_niah_1,niah_single_1::synthetic_niah_1,niah_single_1,attention_weighted_v_ridge_leverage,0,48,48,49,48,64,True,,,,,,,,,0.20996780693531036,0.04160669073462486,0.1683611162006855,27.0,11.0,attention_output_relative_error,sparse_saved_cross_anchor_same_token
diagnostic_attention_head,synthetic_niah_1,niah_single_1::synthetic_niah_1,niah_single_1,future_attention_oracle,0,48,48,49,48,64,True,,,,,,,,,0.04847480729222298,0.039188697934150696,0.009286109358072281,0.0,0.0,attention_output_relative_error,sparse_saved_cross_anchor_same_token
diagnostic_attention_head,synthetic_niah_1,niah_single_1::synthetic_niah_1,niah_single_1,future_attention_oracle,0,48,48,49,48,64,True,,,,,,,,,0.019870413467288017,0.008727866224944592,0.011142547242343426,0.0,11.0,attention_output_relative_error,sparse_saved_cross_anchor_same_token
diagnostic_attention_head,synthetic_niah_1,niah_single_1::synthetic_niah_1,niah_single_1,future_attention_oracle,0,48,48,49,48,64,True,,,,,,,,,0.3090363144874573,0.018044419586658478,0.2909918949007988,14.0,0.0,attention_output_relative_error,sparse_saved_cross_anchor_same_token
diagnostic_attention_head,synthetic_niah_1,niah_single_1::synthetic_niah_1,niah_single_1,future_attention_oracle,0,48,48,49,48,64,True,,,,,,,,,0.31564486026763916,0.029894061386585236,0.2857507988810539,14.0,11.0,attention_output_relative_error,sparse_saved_cross_anchor_same_token
diagnostic_attention_head,synthetic_niah_1,niah_single_1::synthetic_niah_1,niah_single_1,future_attention_oracle,0,48,48,49,48,64,True,,,,,,,,,0.09960874170064926,0.022615686058998108,0.07699305564165115,27.0,0.0,attention_output_relative_error,sparse_saved_cross_anchor_same_token
diagnostic_attention_head,synthetic_niah_1,niah_single_1::synthetic_niah_1,niah_single_1,future_attention_oracle,0,48,48,49,48,64,True,,,,,,,,,0.19886676967144012,0.037219464778900146,0.16164730489253998,27.0,11.0,attention_output_relative_error,sparse_saved_cross_anchor_same_token
diagnostic_attention_head,synthetic_niah_1,niah_single_1::synthetic_niah_1,niah_single_1,snapkv,0,48,48,49,48,64,True,,,,,,,,,0.058615025132894516,0.04738996922969818,0.011225055903196335,0.0,0.0,attention_output_relative_error,sparse_saved_cross_anchor_same_token
diagnostic_attention_head,synthetic_niah_1,niah_single_1::synthetic_niah_1,niah_single_1,snapkv,0,48,48,49,48,64,True,,,,,,,,,0.019964855164289474,0.008533707819879055,0.01143114734441042,0.0,11.0,attention_output_relative_error,sparse_saved_cross_anchor_same_token
diagnostic_attention_head,synthetic_niah_1,niah_single_1::synthetic_niah_1,niah_single_1,snapkv,0,48,48,49,48,64,True,,,,,,,,,0.29810458421707153,0.044006653130054474,0.25409793108701706,14.0,0.0,attention_output_relative_error,sparse_saved_cross_anchor_same_token
diagnostic_attention_head,synthetic_niah_1,niah_single_1::synthetic_niah_1,niah_single_1,snapkv,0,48,48,49,48,64,True,,,,,,,,,0.3186399042606354,0.04039248451590538,0.27824741974473,14.0,11.0,attention_output_relative_error,sparse_saved_cross_anchor_same_token
diagnostic_attention_head,synthetic_niah_1,niah_single_1::synthetic_niah_1,niah_single_1,snapkv,0,48,48,49,48,64,True,,,,,,,,,0.11072824895381927,0.03875561058521271,0.07197263836860657,27.0,0.0,attention_output_relative_error,sparse_saved_cross_anchor_same_token
diagnostic_attention_head,synthetic_niah_1,niah_single_1::synthetic_niah_1,niah_single_1,snapkv,0,48,48,49,48,64,True,,,,,,,,,0.21226778626441956,0.060337211936712265,0.1519305743277073,27.0,11.0,attention_output_relative_error,sparse_saved_cross_anchor_same_token
diagnostic_attention_head,synthetic_niah_1,niah_single_1::synthetic_niah_1,niah_single_1,v_ridge_leverage,0,48,48,49,48,64,True,,,,,,,,,0.12816117703914642,0.10855136066675186,0.019609816372394562,0.0,0.0,attention_output_relative_error,sparse_saved_cross_anchor_same_token
diagnostic_attention_head,synthetic_niah_1,niah_single_1::synthetic_niah_1,niah_single_1,v_ridge_leverage,0,48,48,49,48,64,True,,,,,,,,,0.02152709849178791,0.012035345658659935,0.009491752833127975,0.0,11.0,attention_output_relative_error,sparse_saved_cross_anchor_same_token
diagnostic_attention_head,synthetic_niah_1,niah_single_1::synthetic_niah_1,niah_single_1,v_ridge_leverage,0,48,48,49,48,64,True,,,,,,,,,0.2867220342159271,0.0152817964553833,0.2714402377605438,14.0,0.0,attention_output_relative_error,sparse_saved_cross_anchor_same_token
diagnostic_attention_head,synthetic_niah_1,niah_single_1::synthetic_niah_1,niah_single_1,v_ridge_leverage,0,48,48,49,48,64,True,,,,,,,,,0.31592419743537903,0.03394707664847374,0.2819771207869053,14.0,11.0,attention_output_relative_error,sparse_saved_cross_anchor_same_token
diagnostic_attention_head,synthetic_niah_1,niah_single_1::synthetic_niah_1,niah_single_1,v_ridge_leverage,0,48,48,49,48,64,True,,,,,,,,,0.11139608174562454,0.037744149565696716,0.07365193217992783,27.0,0.0,attention_output_relative_error,sparse_saved_cross_anchor_same_token
diagnostic_attention_head,synthetic_niah_1,niah_single_1::synthetic_niah_1,niah_single_1,v_ridge_leverage,0,48,48,49,48,64,True,,,,,,,,,0.21409638226032257,0.04777511954307556,0.166321262717247,27.0,11.0,attention_output_relative_error,sparse_saved_cross_anchor_same_token
diagnostic_attention_head,synthetic_niah_2,niah_single_1::synthetic_niah_2,niah_single_1,attention_weighted_v_ridge_leverage,0,48,48,49,48,64,True,,,,,,,,,0.12207601219415665,0.11169727891683578,0.010378733277320862,0.0,0.0,attention_output_relative_error,sparse_saved_cross_anchor_same_token
diagnostic_attention_head,synthetic_niah_2,niah_single_1::synthetic_niah_2,niah_single_1,attention_weighted_v_ridge_leverage,0,48,48,49,48,64,True,,,,,,,,,0.020641211420297623,0.008328252471983433,0.01231295894831419,0.0,11.0,attention_output_relative_error,sparse_saved_cross_anchor_same_token
diagnostic_attention_head,synthetic_niah_2,niah_single_1::synthetic_niah_2,niah_single_1,attention_weighted_v_ridge_leverage,0,48,48,49,48,64,True,,,,,,,,,0.17642726004123688,0.007799761835485697,0.16862749820575118,14.0,0.0,attention_output_relative_error,sparse_saved_cross_anchor_same_token
diagnostic_attention_head,synthetic_niah_2,niah_single_1::synthetic_niah_2,niah_single_1,attention_weighted_v_ridge_leverage,0,48,48,49,48,64,True,,,,,,,,,0.2935199439525604,0.02230614237487316,0.27121380157768726,14.0,11.0,attention_output_relative_error,sparse_saved_cross_anchor_same_token
diagnostic_attention_head,synthetic_niah_2,niah_single_1::synthetic_niah_2,niah_single_1,attention_weighted_v_ridge_leverage,0,48,48,49,48,64,True,,,,,,,,,0.17618122696876526,0.014200818724930286,0.16198040824383497,27.0,0.0,attention_output_relative_error,sparse_saved_cross_anchor_same_token
diagnostic_attention_head,synthetic_niah_2,niah_single_1::synthetic_niah_2,niah_single_1,attention_weighted_v_ridge_leverage,0,48,48,49,48,64,True,,,,,,,,,0.3372558355331421,0.03907778859138489,0.2981780469417572,27.0,11.0,attention_output_relative_error,sparse_saved_cross_anchor_same_token
diagnostic_attention_head,synthetic_niah_2,niah_single_1::synthetic_niah_2,niah_single_1,future_attention_oracle,0,48,48,49,48,64,True,,,,,,,,,0.055732592940330505,0.043623752892017365,0.012108840048313141,0.0,0.0,attention_output_relative_error,sparse_saved_cross_anchor_same_token
diagnostic_attention_head,synthetic_niah_2,niah_single_1::synthetic_niah_2,niah_single_1,future_attention_oracle,0,48,48,49,48,64,True,,,,,,,,,0.018849382176995277,0.006327046547085047,0.01252233562991023,0.0,11.0,attention_output_relative_error,sparse_saved_cross_anchor_same_token
diagnostic_attention_head,synthetic_niah_2,niah_single_1::synthetic_niah_2,niah_single_1,future_attention_oracle,0,48,48,49,48,64,True,,,,,,,,,0.1643088459968567,0.005721358582377434,0.15858748741447926,14.0,0.0,attention_output_relative_error,sparse_saved_cross_anchor_same_token
diagnostic_attention_head,synthetic_niah_2,niah_single_1::synthetic_niah_2,niah_single_1,future_attention_oracle,0,48,48,49,48,64,True,,,,,,,,,0.29111263155937195,0.004774787928909063,0.2863378436304629,14.0,11.0,attention_output_relative_error,sparse_saved_cross_anchor_same_token
diagnostic_attention_head,synthetic_niah_2,niah_single_1::synthetic_niah_2,niah_single_1,future_attention_oracle,0,48,48,49,48,64,True,,,,,,,,,0.16951730847358704,0.009816580452024937,0.1597007280215621,27.0,0.0,attention_output_relative_error,sparse_saved_cross_anchor_same_token
diagnostic_attention_head,synthetic_niah_2,niah_single_1::synthetic_niah_2,niah_single_1,future_attention_oracle,0,48,48,49,48,64,True,,,,,,,,,0.33308157324790955,0.04172297567129135,0.2913585975766182,27.0,11.0,attention_output_relative_error,sparse_saved_cross_anchor_same_token
diagnostic_attention_head,synthetic_niah_2,niah_single_1::synthetic_niah_2,niah_single_1,snapkv,0,48,48,49,48,64,True,,,,,,,,,0.05869939923286438,0.05198211595416069,0.00671728327870369,0.0,0.0,attention_output_relative_error,sparse_saved_cross_anchor_same_token
diagnostic_attention_head,synthetic_niah_2,niah_single_1::synthetic_niah_2,niah_single_1,snapkv,0,48,48,49,48,64,True,,,,,,,,,0.019117800518870354,0.006312476936727762,0.012805323582142591,0.0,11.0,attention_output_relative_error,sparse_saved_cross_anchor_same_token
diagnostic_attention_head,synthetic_niah_2,niah_single_1::synthetic_niah_2,niah_single_1,snapkv,0,48,48,49,48,64,True,,,,,,,,,0.1741728037595749,0.009947224520146847,0.16422557923942804,14.0,0.0,attention_output_relative_error,sparse_saved_cross_anchor_same_token
diagnostic_attention_head,synthetic_niah_2,niah_single_1::synthetic_niah_2,niah_single_1,snapkv,0,48,48,49,48,64,True,,,,,,,,,0.28967350721359253,0.006567021831870079,0.28310648538172245,14.0,11.0,attention_output_relative_error,sparse_saved_cross_anchor_same_token
diagnostic_attention_head,synthetic_niah_2,niah_single_1::synthetic_niah_2,niah_single_1,snapkv,0,48,48,49,48,64,True,,,,,,,,,0.17744193971157074,0.015721913427114487,0.16172002628445625,27.0,0.0,attention_output_relative_error,sparse_saved_cross_anchor_same_token
diagnostic_attention_head,synthetic_niah_2,niah_single_1::synthetic_niah_2,niah_single_1,snapkv,0,48,48,49,48,64,True,,,,,,,,,0.3377290964126587,0.0388810932636261,0.2988480031490326,27.0,11.0,attention_output_relative_error,sparse_saved_cross_anchor_same_token
diagnostic_attention_head,synthetic_niah_2,niah_single_1::synthetic_niah_2,niah_single_1,v_ridge_leverage,0,48,48,49,48,64,True,,,,,,,,,0.13312700390815735,0.11847817897796631,0.01464882493019104,0.0,0.0,attention_output_relative_error,sparse_saved_cross_anchor_same_token
diagnostic_attention_head,synthetic_niah_2,niah_single_1::synthetic_niah_2,niah_single_1,v_ridge_leverage,0,48,48,49,48,64,True,,,,,,,,,0.019648445770144463,0.007920018397271633,0.01172842737287283,0.0,11.0,attention_output_relative_error,sparse_saved_cross_anchor_same_token
diagnostic_attention_head,synthetic_niah_2,niah_single_1::synthetic_niah_2,niah_single_1,v_ridge_leverage,0,48,48,49,48,64,True,,,,,,,,,0.18006344139575958,0.011874452233314514,0.16818898916244507,14.0,0.0,attention_output_relative_error,sparse_saved_cross_anchor_same_token
diagnostic_attention_head,synthetic_niah_2,niah_single_1::synthetic_niah_2,niah_single_1,v_ridge_leverage,0,48,48,49,48,64,True,,,,,,,,,0.2901669442653656,0.009925846941769123,0.2802410973235965,14.0,11.0,attention_output_relative_error,sparse_saved_cross_anchor_same_token
diagnostic_attention_head,synthetic_niah_2,niah_single_1::synthetic_niah_2,niah_single_1,v_ridge_leverage,0,48,48,49,48,64,True,,,,,,,,,0.1786099523305893,0.01564916968345642,0.16296078264713287,27.0,0.0,attention_output_relative_error,sparse_saved_cross_anchor_same_token
diagnostic_attention_head,synthetic_niah_2,niah_single_1::synthetic_niah_2,niah_single_1,v_ridge_leverage,0,48,48,49,48,64,True,,,,,,,,,0.341424822807312,0.039521537721157074,0.30190328508615494,27.0,11.0,attention_output_relative_error,sparse_saved_cross_anchor_same_token
diagnostic_attention_head,synthetic_niah_3,niah_single_1::synthetic_niah_3,niah_single_1,attention_weighted_v_ridge_leverage,0,48,48,49,48,64,True,,,,,,,,,0.18044286966323853,0.12812252342700958,0.05232034623622894,0.0,0.0,attention_output_relative_error,sparse_saved_cross_anchor_same_token
diagnostic_attention_head,synthetic_niah_3,niah_single_1::synthetic_niah_3,niah_single_1,attention_weighted_v_ridge_leverage,0,48,48,49,48,64,True,,,,,,,,,0.04002104327082634,0.031785137951374054,0.008235905319452286,0.0,11.0,attention_output_relative_error,sparse_saved_cross_anchor_same_token
diagnostic_attention_head,synthetic_niah_3,niah_single_1::synthetic_niah_3,niah_single_1,attention_weighted_v_ridge_leverage,0,48,48,49,48,64,True,,,,,,,,,0.344240665435791,0.014633771032094955,0.32960689440369606,14.0,0.0,attention_output_relative_error,sparse_saved_cross_anchor_same_token
diagnostic_attention_head,synthetic_niah_3,niah_single_1::synthetic_niah_3,niah_single_1,attention_weighted_v_ridge_leverage,0,48,48,49,48,64,True,,,,,,,,,0.40646201372146606,0.024001287296414375,0.3824607264250517,14.0,11.0,attention_output_relative_error,sparse_saved_cross_anchor_same_token
diagnostic_attention_head,synthetic_niah_3,niah_single_1::synthetic_niah_3,niah_single_1,attention_weighted_v_ridge_leverage,0,48,48,49,48,64,True,,,,,,,,,0.15081441402435303,0.025714321061968803,0.12510009296238422,27.0,0.0,attention_output_relative_error,sparse_saved_cross_anchor_same_token
diagnostic_attention_head,synthetic_niah_3,niah_single_1::synthetic_niah_3,niah_single_1,attention_weighted_v_ridge_leverage,0,48,48,49,48,64,True,,,,,,,,,0.4251636564731598,0.0535615012049675,0.3716021552681923,27.0,11.0,attention_output_relative_error,sparse_saved_cross_anchor_same_token
diagnostic_attention_head,synthetic_niah_3,niah_single_1::synthetic_niah_3,niah_single_1,future_attention_oracle,0,48,48,49,48,64,True,,,,,,,,,0.0850934311747551,0.04804972931742668,0.037043701857328415,0.0,0.0,attention_output_relative_error,sparse_saved_cross_anchor_same_token
diagnostic_attention_head,synthetic_niah_3,niah_single_1::synthetic_niah_3,niah_single_1,future_attention_oracle,0,48,48,49,48,64,True,,,,,,,,,0.030202440917491913,0.019059890881180763,0.01114255003631115,0.0,11.0,attention_output_relative_error,sparse_saved_cross_anchor_same_token
diagnostic_attention_head,synthetic_niah_3,niah_single_1::synthetic_niah_3,niah_single_1,future_attention_oracle,0,48,48,49,48,64,True,,,,,,,,,0.3241766691207886,0.012096269056200981,0.3120804000645876,14.0,0.0,attention_output_relative_error,sparse_saved_cross_anchor_same_token
diagnostic_attention_head,synthetic_niah_3,niah_single_1::synthetic_niah_3,niah_single_1,future_attention_oracle,0,48,48,49,48,64,True,,,,,,,,,0.4095556437969208,0.010066838935017586,0.3994888048619032,14.0,11.0,attention_output_relative_error,sparse_saved_cross_anchor_same_token
diagnostic_attention_head,synthetic_niah_3,niah_single_1::synthetic_niah_3,niah_single_1,future_attention_oracle,0,48,48,49,48,64,True,,,,,,,,,0.14970332384109497,0.017967190593481064,0.1317361332476139,27.0,0.0,attention_output_relative_error,sparse_saved_cross_anchor_same_token
diagnostic_attention_head,synthetic_niah_3,niah_single_1::synthetic_niah_3,niah_single_1,future_attention_oracle,0,48,48,49,48,64,True,,,,,,,,,0.41791999340057373,0.044105205684900284,0.37381478771567345,27.0,11.0,attention_output_relative_error,sparse_saved_cross_anchor_same_token
diagnostic_attention_head,synthetic_niah_3,niah_single_1::synthetic_niah_3,niah_single_1,snapkv,0,48,48,49,48,64,True,,,,,,,,,0.0924253985285759,0.05726242437958717,0.035162974148988724,0.0,0.0,attention_output_relative_error,sparse_saved_cross_anchor_same_token
diagnostic_attention_head,synthetic_niah_3,niah_single_1::synthetic_niah_3,niah_single_1,snapkv,0,48,48,49,48,64,True,,,,,,,,,0.033172495663166046,0.01961451955139637,0.013557976111769676,0.0,11.0,attention_output_relative_error,sparse_saved_cross_anchor_same_token
diagnostic_attention_head,synthetic_niah_3,niah_single_1::synthetic_niah_3,niah_single_1,snapkv,0,48,48,49,48,64,True,,,,,,,,,0.3190368115901947,0.015931418165564537,0.30310539342463017,14.0,0.0,attention_output_relative_error,sparse_saved_cross_anchor_same_token
diagnostic_attention_head,synthetic_niah_3,niah_single_1::synthetic_niah_3,niah_single_1,snapkv,0,48,48,49,48,64,True,,,,,,,,,0.4235117435455322,0.017537733539938927,0.4059740100055933,14.0,11.0,attention_output_relative_error,sparse_saved_cross_anchor_same_token
diagnostic_attention_head,synthetic_niah_3,niah_single_1::synthetic_niah_3,niah_single_1,snapkv,0,48,48,49,48,64,True,,,,,,,,,0.14923334121704102,0.02433677203953266,0.12489656917750835,27.0,0.0,attention_output_relative_error,sparse_saved_cross_anchor_same_token
diagnostic_attention_head,synthetic_niah_3,niah_single_1::synthetic_niah_3,niah_single_1,snapkv,0,48,48,49,48,64,True,,,,,,,,,0.41712093353271484,0.0504264272749424,0.36669450625777245,27.0,11.0,attention_output_relative_error,sparse_saved_cross_anchor_same_token
diagnostic_attention_head,synthetic_niah_3,niah_single_1::synthetic_niah_3,niah_single_1,v_ridge_leverage,0,48,48,49,48,64,True,,,,,,,,,0.19981735944747925,0.13595648109912872,0.06386087834835052,0.0,0.0,attention_output_relative_error,sparse_saved_cross_anchor_same_token
diagnostic_attention_head,synthetic_niah_3,niah_single_1::synthetic_niah_3,niah_single_1,v_ridge_leverage,0,48,48,49,48,64,True,,,,,,,,,0.03750228136777878,0.030611464753746986,0.006890816614031792,0.0,11.0,attention_output_relative_error,sparse_saved_cross_anchor_same_token
diagnostic_attention_head,synthetic_niah_3,niah_single_1::synthetic_niah_3,niah_single_1,v_ridge_leverage,0,48,48,49,48,64,True,,,,,,,,,0.3475915491580963,0.021409722045063972,0.32618182711303234,14.0,0.0,attention_output_relative_error,sparse_saved_cross_anchor_same_token
diagnostic_attention_head,synthetic_niah_3,niah_single_1::synthetic_niah_3,niah_single_1,v_ridge_leverage,0,48,48,49,48,64,True,,,,,,,,,0.4082125425338745,0.02328583039343357,0.38492671214044094,14.0,11.0,attention_output_relative_error,sparse_saved_cross_anchor_same_token
diagnostic_attention_head,synthetic_niah_3,niah_single_1::synthetic_niah_3,niah_single_1,v_ridge_leverage,0,48,48,49,48,64,True,,,,,,,,,0.15087299048900604,0.026478929445147514,0.12439406104385853,27.0,0.0,attention_output_relative_error,sparse_saved_cross_anchor_same_token
diagnostic_attention_head,synthetic_niah_3,niah_single_1::synthetic_niah_3,niah_single_1,v_ridge_leverage,0,48,48,49,48,64,True,,,,,,,,,0.4281185567378998,0.05427078902721405,0.37384776771068573,27.0,11.0,attention_output_relative_error,sparse_saved_cross_anchor_same_token
diagnostic_attention_head,synthetic_niah_4,niah_single_1::synthetic_niah_4,niah_single_1,attention_weighted_v_ridge_leverage,0,48,48,49,48,64,True,,,,,,,,,0.1475580930709839,0.13343015313148499,0.014127939939498901,0.0,0.0,attention_output_relative_error,sparse_saved_cross_anchor_same_token
diagnostic_attention_head,synthetic_niah_4,niah_single_1::synthetic_niah_4,niah_single_1,attention_weighted_v_ridge_leverage,0,48,48,49,48,64,True,,,,,,,,,0.08470550179481506,0.05090954527258873,0.033795956522226334,0.0,11.0,attention_output_relative_error,sparse_saved_cross_anchor_same_token
diagnostic_attention_head,synthetic_niah_4,niah_single_1::synthetic_niah_4,niah_single_1,attention_weighted_v_ridge_leverage,0,48,48,49,48,64,True,,,,,,,,,0.54666668176651,0.007275005336850882,0.5393916764296591,14.0,0.0,attention_output_relative_error,sparse_saved_cross_anchor_same_token
diagnostic_attention_head,synthetic_niah_4,niah_single_1::synthetic_niah_4,niah_single_1,attention_weighted_v_ridge_leverage,0,48,48,49,48,64,True,,,,,,,,,0.640338122844696,0.08159524202346802,0.558742880821228,14.0,11.0,attention_output_relative_error,sparse_saved_cross_anchor_same_token
diagnostic_attention_head,synthetic_niah_4,niah_single_1::synthetic_niah_4,niah_single_1,attention_weighted_v_ridge_leverage,0,48,48,49,48,64,True,,,,,,,,,0.1912529319524765,0.047392506152391434,0.14386042580008507,27.0,0.0,attention_output_relative_error,sparse_saved_cross_anchor_same_token
diagnostic_attention_head,synthetic_niah_4,niah_single_1::synthetic_niah_4,niah_single_1,attention_weighted_v_ridge_leverage,0,48,48,49,48,64,True,,,,,,,,,0.24600794911384583,0.0543651208281517,0.19164282828569412,27.0,11.0,attention_output_relative_error,sparse_saved_cross_anchor_same_token
diagnostic_attention_head,synthetic_niah_4,niah_single_1::synthetic_niah_4,niah_single_1,future_attention_oracle,0,48,48,49,48,64,True,,,,,,,,,0.040989335626363754,0.043474242091178894,-0.0024849064648151398,0.0,0.0,attention_output_relative_error,sparse_saved_cross_anchor_same_token
diagnostic_attention_head,synthetic_niah_4,niah_single_1::synthetic_niah_4,niah_single_1,future_attention_oracle,0,48,48,49,48,64,True,,,,,,,,,0.07087480276823044,0.04012289643287659,0.03075190633535385,0.0,11.0,attention_output_relative_error,sparse_saved_cross_anchor_same_token
diagnostic_attention_head,synthetic_niah_4,niah_single_1::synthetic_niah_4,niah_single_1,future_attention_oracle,0,48,48,49,48,64,True,,,,,,,,,0.2903512418270111,0.004223360680043697,0.2861278811469674,14.0,0.0,attention_output_relative_error,sparse_saved_cross_anchor_same_token
diagnostic_attention_head,synthetic_niah_4,niah_single_1::synthetic_niah_4,niah_single_1,future_attention_oracle,0,48,48,49,48,64,True,,,,,,,,,0.641974687576294,0.06093611195683479,0.5810385756194592,14.0,11.0,attention_output_relative_error,sparse_saved_cross_anchor_same_token
diagnostic_attention_head,synthetic_niah_4,niah_single_1::synthetic_niah_4,niah_single_1,future_attention_oracle,0,48,48,49,48,64,True,,,,,,,,,0.15306046605110168,0.037650998681783676,0.11540946736931801,27.0,0.0,attention_output_relative_error,sparse_saved_cross_anchor_same_token
diagnostic_attention_head,synthetic_niah_4,niah_single_1::synthetic_niah_4,niah_single_1,future_attention_oracle,0,48,48,49,48,64,True,,,,,,,,,0.23047420382499695,0.047547582536935806,0.18292662128806114,27.0,11.0,attention_output_relative_error,sparse_saved_cross_anchor_same_token
diagnostic_attention_head,synthetic_niah_4,niah_single_1::synthetic_niah_4,niah_single_1,snapkv,0,48,48,49,48,64,True,,,,,,,,,0.060806047171354294,0.05004220828413963,0.01076383888721466,0.0,0.0,attention_output_relative_error,sparse_saved_cross_anchor_same_token
diagnostic_attention_head,synthetic_niah_4,niah_single_1::synthetic_niah_4,niah_single_1,snapkv,0,48,48,49,48,64,True,,,,,,,,,0.07565172016620636,0.03998222202062607,0.03566949814558029,0.0,11.0,attention_output_relative_error,sparse_saved_cross_anchor_same_token
diagnostic_attention_head,synthetic_niah_4,niah_single_1::synthetic_niah_4,niah_single_1,snapkv,0,48,48,49,48,64,True,,,,,,,,,0.29256582260131836,0.0057481699623167515,0.2868176526390016,14.0,0.0,attention_output_relative_error,sparse_saved_cross_anchor_same_token
diagnostic_attention_head,synthetic_niah_4,niah_single_1::synthetic_niah_4,niah_single_1,snapkv,0,48,48,49,48,64,True,,,,,,,,,0.6451671123504639,0.0774838849902153,0.5676832273602486,14.0,11.0,attention_output_relative_error,sparse_saved_cross_anchor_same_token
diagnostic_attention_head,synthetic_niah_4,niah_single_1::synthetic_niah_4,niah_single_1,snapkv,0,48,48,49,48,64,True,,,,,,,,,0.1521848738193512,0.05517488718032837,0.09700998663902283,27.0,0.0,attention_output_relative_error,sparse_saved_cross_anchor_same_token
diagnostic_attention_head,synthetic_niah_4,niah_single_1::synthetic_niah_4,niah_single_1,snapkv,0,48,48,49,48,64,True,,,,,,,,,0.21905329823493958,0.06049817055463791,0.15855512768030167,27.0,11.0,attention_output_relative_error,sparse_saved_cross_anchor_same_token
diagnostic_attention_head,synthetic_niah_4,niah_single_1::synthetic_niah_4,niah_single_1,v_ridge_leverage,0,48,48,49,48,64,True,,,,,,,,,0.17217466235160828,0.14452607929706573,0.02764858305454254,0.0,0.0,attention_output_relative_error,sparse_saved_cross_anchor_same_token
diagnostic_attention_head,synthetic_niah_4,niah_single_1::synthetic_niah_4,niah_single_1,v_ridge_leverage,0,48,48,49,48,64,True,,,,,,,,,0.07959354668855667,0.04693849757313728,0.03265504911541939,0.0,11.0,attention_output_relative_error,sparse_saved_cross_anchor_same_token
diagnostic_attention_head,synthetic_niah_4,niah_single_1::synthetic_niah_4,niah_single_1,v_ridge_leverage,0,48,48,49,48,64,True,,,,,,,,,0.29086002707481384,0.0036834266502410173,0.2871766004245728,14.0,0.0,attention_output_relative_error,sparse_saved_cross_anchor_same_token
diagnostic_attention_head,synthetic_niah_4,niah_single_1::synthetic_niah_4,niah_single_1,v_ridge_leverage,0,48,48,49,48,64,True,,,,,,,,,0.6590758562088013,0.05740586295723915,0.6016699932515621,14.0,11.0,attention_output_relative_error,sparse_saved_cross_anchor_same_token
diagnostic_attention_head,synthetic_niah_4,niah_single_1::synthetic_niah_4,niah_single_1,v_ridge_leverage,0,48,48,49,48,64,True,,,,,,,,,0.15130072832107544,0.054712921380996704,0.09658780694007874,27.0,0.0,attention_output_relative_error,sparse_saved_cross_anchor_same_token
diagnostic_attention_head,synthetic_niah_4,niah_single_1::synthetic_niah_4,niah_single_1,v_ridge_leverage,0,48,48,49,48,64,True,,,,,,,,,0.2250346839427948,0.058272797614336014,0.16676188632845879,27.0,11.0,attention_output_relative_error,sparse_saved_cross_anchor_same_token
diagnostic_attention_head,gov_report:0,gov_report::gov_report:0,gov_report,attention_weighted_v_ridge_leverage,16,48,32,33,48,64,True,,,,,,,,,0.1405574083328247,0.14950890839099884,-0.008951500058174133,0.0,0.0,attention_output_relative_error,sparse_saved_cross_anchor_same_token
diagnostic_attention_head,gov_report:0,gov_report::gov_report:0,gov_report,attention_weighted_v_ridge_leverage,16,48,32,33,48,64,True,,,,,,,,,0.19538620114326477,0.15698395669460297,0.038402244448661804,0.0,11.0,attention_output_relative_error,sparse_saved_cross_anchor_same_token
diagnostic_attention_head,gov_report:0,gov_report::gov_report:0,gov_report,attention_weighted_v_ridge_leverage,16,48,32,33,48,64,True,,,,,,,,,0.33634623885154724,0.1394018977880478,0.19694434106349945,14.0,0.0,attention_output_relative_error,sparse_saved_cross_anchor_same_token
diagnostic_attention_head,gov_report:0,gov_report::gov_report:0,gov_report,attention_weighted_v_ridge_leverage,16,48,32,33,48,64,True,,,,,,,,,0.31926652789115906,0.3196922242641449,-0.00042569637298583984,14.0,11.0,attention_output_relative_error,sparse_saved_cross_anchor_same_token
diagnostic_attention_head,gov_report:0,gov_report::gov_report:0,gov_report,attention_weighted_v_ridge_leverage,16,48,32,33,48,64,True,,,,,,,,,0.361952543258667,0.16881698369979858,0.1931355595588684,27.0,0.0,attention_output_relative_error,sparse_saved_cross_anchor_same_token
diagnostic_attention_head,gov_report:0,gov_report::gov_report:0,gov_report,attention_weighted_v_ridge_leverage,16,48,32,33,48,64,True,,,,,,,,,0.26565390825271606,0.1835012137889862,0.08215269446372986,27.0,11.0,attention_output_relative_error,sparse_saved_cross_anchor_same_token
diagnostic_attention_head,gov_report:0,gov_report::gov_report:0,gov_report,future_attention_oracle,16,48,32,33,48,64,True,,,,,,,,,0.05199459567666054,0.042783189564943314,0.009211406111717224,0.0,0.0,attention_output_relative_error,sparse_saved_cross_anchor_same_token
diagnostic_attention_head,gov_report:0,gov_report::gov_report:0,gov_report,future_attention_oracle,16,48,32,33,48,64,True,,,,,,,,,0.18515770137310028,0.0457325354218483,0.13942516595125198,0.0,11.0,attention_output_relative_error,sparse_saved_cross_anchor_same_token
diagnostic_attention_head,gov_report:0,gov_report::gov_report:0,gov_report,future_attention_oracle,16,48,32,33,48,64,True,,,,,,,,,0.1888543665409088,0.04993857443332672,0.1389157921075821,14.0,0.0,attention_output_relative_error,sparse_saved_cross_anchor_same_token
diagnostic_attention_head,gov_report:0,gov_report::gov_report:0,gov_report,future_attention_oracle,16,48,32,33,48,64,True,,,,,,,,,0.37522298097610474,0.16443608701229095,0.21078689396381378,14.0,11.0,attention_output_relative_error,sparse_saved_cross_anchor_same_token
diagnostic_attention_head,gov_report:0,gov_report::gov_report:0,gov_report,future_attention_oracle,16,48,32,33,48,64,True,,,,,,,,,0.21711069345474243,0.19469566643238068,0.022415027022361755,27.0,0.0,attention_output_relative_error,sparse_saved_cross_anchor_same_token
diagnostic_attention_head,gov_report:0,gov_report::gov_report:0,gov_report,future_attention_oracle,16,48,32,33,48,64,True,,,,,,,,,0.21116526424884796,0.20667581260204315,0.00448945164680481,27.0,11.0,attention_output_relative_error,sparse_saved_cross_anchor_same_token
diagnostic_attention_head,gov_report:0,gov_report::gov_report:0,gov_report,snapkv,16,48,32,33,48,64,True,,,,,,,,,0.1168428510427475,0.09955542534589767,0.017287425696849823,0.0,0.0,attention_output_relative_error,sparse_saved_cross_anchor_same_token
diagnostic_attention_head,gov_report:0,gov_report::gov_report:0,gov_report,snapkv,16,48,32,33,48,64,True,,,,,,,,,0.18834279477596283,0.03822226822376251,0.15012052655220032,0.0,11.0,attention_output_relative_error,sparse_saved_cross_anchor_same_token
diagnostic_attention_head,gov_report:0,gov_report::gov_report:0,gov_report,snapkv,16,48,32,33,48,64,True,,,,,,,,,0.2735639810562134,0.12523426115512848,0.1483297199010849,14.0,0.0,attention_output_relative_error,sparse_saved_cross_anchor_same_token
diagnostic_attention_head,gov_report:0,gov_report::gov_report:0,gov_report,snapkv,16,48,32,33,48,64,True,,,,,,,,,0.48803502321243286,0.182576522231102,0.30545850098133087,14.0,11.0,attention_output_relative_error,sparse_saved_cross_anchor_same_token
diagnostic_attention_head,gov_report:0,gov_report::gov_report:0,gov_report,snapkv,16,48,32,33,48,64,True,,,,,,,,,0.20174995064735413,0.13035482168197632,0.07139512896537781,27.0,0.0,attention_output_relative_error,sparse_saved_cross_anchor_same_token
diagnostic_attention_head,gov_report:0,gov_report::gov_report:0,gov_report,snapkv,16,48,32,33,48,64,True,,,,,,,,,0.18943843245506287,0.12357286363840103,0.06586556881666183,27.0,11.0,attention_output_relative_error,sparse_saved_cross_anchor_same_token
diagnostic_attention_head,gov_report:0,gov_report::gov_report:0,gov_report,v_ridge_leverage,16,48,32,33,48,64,True,,,,,,,,,0.14054346084594727,0.16128239035606384,-0.020738929510116577,0.0,0.0,attention_output_relative_error,sparse_saved_cross_anchor_same_token
diagnostic_attention_head,gov_report:0,gov_report::gov_report:0,gov_report,v_ridge_leverage,16,48,32,33,48,64,True,,,,,,,,,0.1936676800251007,0.15026366710662842,0.04340401291847229,0.0,11.0,attention_output_relative_error,sparse_saved_cross_anchor_same_token
diagnostic_attention_head,gov_report:0,gov_report::gov_report:0,gov_report,v_ridge_leverage,16,48,32,33,48,64,True,,,,,,,,,0.4668375551700592,0.19077140092849731,0.2760661542415619,14.0,0.0,attention_output_relative_error,sparse_saved_cross_anchor_same_token
diagnostic_attention_head,gov_report:0,gov_report::gov_report:0,gov_report,v_ridge_leverage,16,48,32,33,48,64,True,,,,,,,,,0.9757848978042603,0.9964276552200317,-0.020642757415771484,14.0,11.0,attention_output_relative_error,sparse_saved_cross_anchor_same_token
diagnostic_attention_head,gov_report:0,gov_report::gov_report:0,gov_report,v_ridge_leverage,16,48,32,33,48,64,True,,,,,,,,,0.5439366102218628,0.31030309200286865,0.23363351821899414,27.0,0.0,attention_output_relative_error,sparse_saved_cross_anchor_same_token
diagnostic_attention_head,gov_report:0,gov_report::gov_report:0,gov_report,v_ridge_leverage,16,48,32,33,48,64,True,,,,,,,,,0.4534114897251129,0.2585720717906952,0.19483941793441772,27.0,11.0,attention_output_relative_error,sparse_saved_cross_anchor_same_token
diagnostic_attention_head,gov_report:1,gov_report::gov_report:1,gov_report,attention_weighted_v_ridge_leverage,16,48,32,33,48,64,True,,,,,,,,,0.25208503007888794,0.2510097920894623,0.0010752379894256592,0.0,0.0,attention_output_relative_error,sparse_saved_cross_anchor_same_token
diagnostic_attention_head,gov_report:1,gov_report::gov_report:1,gov_report,attention_weighted_v_ridge_leverage,16,48,32,33,48,64,True,,,,,,,,,0.05467919260263443,0.05179430916905403,0.0028848834335803986,0.0,11.0,attention_output_relative_error,sparse_saved_cross_anchor_same_token
diagnostic_attention_head,gov_report:1,gov_report::gov_report:1,gov_report,attention_weighted_v_ridge_leverage,16,48,32,33,48,64,True,,,,,,,,,1.0544726848602295,1.051680564880371,0.0027921199798583984,14.0,0.0,attention_output_relative_error,sparse_saved_cross_anchor_same_token
diagnostic_attention_head,gov_report:1,gov_report::gov_report:1,gov_report,attention_weighted_v_ridge_leverage,16,48,32,33,48,64,True,,,,,,,,,0.5846070647239685,0.4800753593444824,0.10453170537948608,14.0,11.0,attention_output_relative_error,sparse_saved_cross_anchor_same_token
diagnostic_attention_head,gov_report:1,gov_report::gov_report:1,gov_report,attention_weighted_v_ridge_leverage,16,48,32,33,48,64,True,,,,,,,,,0.30398422479629517,0.31414392590522766,-0.010159701108932495,27.0,0.0,attention_output_relative_error,sparse_saved_cross_anchor_same_token
diagnostic_attention_head,gov_report:1,gov_report::gov_report:1,gov_report,attention_weighted_v_ridge_leverage,16,48,32,33,48,64,True,,,,,,,,,0.4970226585865021,0.3834805488586426,0.1135421097278595,27.0,11.0,attention_output_relative_error,sparse_saved_cross_anchor_same_token
diagnostic_attention_head,gov_report:1,gov_report::gov_report:1,gov_report,future_attention_oracle,16,48,32,33,48,64,True,,,,,,,,,0.12012951076030731,0.06149013340473175,0.05863937735557556,0.0,0.0,attention_output_relative_error,sparse_saved_cross_anchor_same_token
diagnostic_attention_head,gov_report:1,gov_report::gov_report:1,gov_report,future_attention_oracle,16,48,32,33,48,64,True,,,,,,,,,0.049262635409832,0.00946812890470028,0.03979450650513172,0.0,11.0,attention_output_relative_error,sparse_saved_cross_anchor_same_token
diagnostic_attention_head,gov_report:1,gov_report::gov_report:1,gov_report,future_attention_oracle,16,48,32,33,48,64,True,,,,,,,,,0.2503666877746582,0.019129186868667603,0.2312375009059906,14.0,0.0,attention_output_relative_error,sparse_saved_cross_anchor_same_token
diagnostic_attention_head,gov_report:1,gov_report::gov_report:1,gov_report,future_attention_oracle,16,48,32,33,48,64,True,,,,,,,,,0.4257984459400177,0.12096159905195236,0.30483684688806534,14.0,11.0,attention_output_relative_error,sparse_saved_cross_anchor_same_token
diagnostic_attention_head,gov_report:1,gov_report::gov_report:1,gov_report,future_attention_oracle,16,48,32,33,48,64,True,,,,,,,,,0.11943665891885757,0.12313821911811829,-0.0037015601992607117,27.0,0.0,attention_output_relative_error,sparse_saved_cross_anchor_same_token
diagnostic_attention_head,gov_report:1,gov_report::gov_report:1,gov_report,future_attention_oracle,16,48,32,33,48,64,True,,,,,,,,,0.32164642214775085,0.1808115690946579,0.14083485305309296,27.0,11.0,attention_output_relative_error,sparse_saved_cross_anchor_same_token
diagnostic_attention_head,gov_report:1,gov_report::gov_report:1,gov_report,snapkv,16,48,32,33,48,64,True,,,,,,,,,0.13672398030757904,0.09434045851230621,0.04238352179527283,0.0,0.0,attention_output_relative_error,sparse_saved_cross_anchor_same_token
diagnostic_attention_head,gov_report:1,gov_report::gov_report:1,gov_report,snapkv,16,48,32,33,48,64,True,,,,,,,,,0.0488051101565361,0.010803504846990108,0.038001605309545994,0.0,11.0,attention_output_relative_error,sparse_saved_cross_anchor_same_token
diagnostic_attention_head,gov_report:1,gov_report::gov_report:1,gov_report,snapkv,16,48,32,33,48,64,True,,,,,,,,,0.48252272605895996,0.05074513703584671,0.43177758902311325,14.0,0.0,attention_output_relative_error,sparse_saved_cross_anchor_same_token
diagnostic_attention_head,gov_report:1,gov_report::gov_report:1,gov_report,snapkv,16,48,32,33,48,64,True,,,,,,,,,0.47288939356803894,0.1990012228488922,0.27388817071914673,14.0,11.0,attention_output_relative_error,sparse_saved_cross_anchor_same_token
diagnostic_attention_head,gov_report:1,gov_report::gov_report:1,gov_report,snapkv,16,48,32,33,48,64,True,,,,,,,,,0.12148431688547134,0.08579503744840622,0.035689279437065125,27.0,0.0,attention_output_relative_error,sparse_saved_cross_anchor_same_token
diagnostic_attention_head,gov_report:1,gov_report::gov_report:1,gov_report,snapkv,16,48,32,33,48,64,True,,,,,,,,,0.4437885284423828,0.17180056869983673,0.2719879597425461,27.0,11.0,attention_output_relative_error,sparse_saved_cross_anchor_same_token
diagnostic_attention_head,gov_report:1,gov_report::gov_report:1,gov_report,v_ridge_leverage,16,48,32,33,48,64,True,,,,,,,,,0.2582598626613617,0.2581453323364258,0.00011453032493591309,0.0,0.0,attention_output_relative_error,sparse_saved_cross_anchor_same_token
diagnostic_attention_head,gov_report:1,gov_report::gov_report:1,gov_report,v_ridge_leverage,16,48,32,33,48,64,True,,,,,,,,,0.05372021719813347,0.04150494560599327,0.012215271592140198,0.0,11.0,attention_output_relative_error,sparse_saved_cross_anchor_same_token
diagnostic_attention_head,gov_report:1,gov_report::gov_report:1,gov_report,v_ridge_leverage,16,48,32,33,48,64,True,,,,,,,,,0.44685184955596924,0.03406652808189392,0.4127853214740753,14.0,0.0,attention_output_relative_error,sparse_saved_cross_anchor_same_token
diagnostic_attention_head,gov_report:1,gov_report::gov_report:1,gov_report,v_ridge_leverage,16,48,32,33,48,64,True,,,,,,,,,0.6342733502388,0.46956121921539307,0.16471213102340698,14.0,11.0,attention_output_relative_error,sparse_saved_cross_anchor_same_token
diagnostic_attention_head,gov_report:1,gov_report::gov_report:1,gov_report,v_ridge_leverage,16,48,32,33,48,64,True,,,,,,,,,0.36685410141944885,0.3986782729625702,-0.03182417154312134,27.0,0.0,attention_output_relative_error,sparse_saved_cross_anchor_same_token
diagnostic_attention_head,gov_report:1,gov_report::gov_report:1,gov_report,v_ridge_leverage,16,48,32,33,48,64,True,,,,,,,,,0.5222623944282532,0.6697999238967896,-0.14753752946853638,27.0,11.0,attention_output_relative_error,sparse_saved_cross_anchor_same_token
diagnostic_attention_head,gov_report:2,gov_report::gov_report:2,gov_report,attention_weighted_v_ridge_leverage,16,48,32,33,48,64,True,,,,,,,,,0.11569223552942276,0.11731225252151489,-0.0016200169920921326,0.0,0.0,attention_output_relative_error,sparse_saved_cross_anchor_same_token
diagnostic_attention_head,gov_report:2,gov_report::gov_report:2,gov_report,attention_weighted_v_ridge_leverage,16,48,32,33,48,64,True,,,,,,,,,0.10163320600986481,0.09007386863231659,0.011559337377548218,0.0,11.0,attention_output_relative_error,sparse_saved_cross_anchor_same_token
diagnostic_attention_head,gov_report:2,gov_report::gov_report:2,gov_report,attention_weighted_v_ridge_leverage,16,48,32,33,48,64,True,,,,,,,,,0.4344177544116974,0.25817570090293884,0.17624205350875854,14.0,0.0,attention_output_relative_error,sparse_saved_cross_anchor_same_token
diagnostic_attention_head,gov_report:2,gov_report::gov_report:2,gov_report,attention_weighted_v_ridge_leverage,16,48,32,33,48,64,True,,,,,,,,,1.0921505689620972,0.8356256484985352,0.256524920463562,14.0,11.0,attention_output_relative_error,sparse_saved_cross_anchor_same_token
diagnostic_attention_head,gov_report:2,gov_report::gov_report:2,gov_report,attention_weighted_v_ridge_leverage,16,48,32,33,48,64,True,,,,,,,,,0.4131597876548767,0.4328766465187073,-0.019716858863830566,27.0,0.0,attention_output_relative_error,sparse_saved_cross_anchor_same_token
diagnostic_attention_head,gov_report:2,gov_report::gov_report:2,gov_report,attention_weighted_v_ridge_leverage,16,48,32,33,48,64,True,,,,,,,,,0.5752248167991638,0.5463138818740845,0.028910934925079346,27.0,11.0,attention_output_relative_error,sparse_saved_cross_anchor_same_token
diagnostic_attention_head,gov_report:2,gov_report::gov_report:2,gov_report,future_attention_oracle,16,48,32,33,48,64,True,,,,,,,,,0.04798641800880432,0.035405416041612625,0.012581001967191696,0.0,0.0,attention_output_relative_error,sparse_saved_cross_anchor_same_token
diagnostic_attention_head,gov_report:2,gov_report::gov_report:2,gov_report,future_attention_oracle,16,48,32,33,48,64,True,,,,,,,,,0.07128738611936569,0.027136152610182762,0.04415123350918293,0.0,11.0,attention_output_relative_error,sparse_saved_cross_anchor_same_token
diagnostic_attention_head,gov_report:2,gov_report::gov_report:2,gov_report,future_attention_oracle,16,48,32,33,48,64,True,,,,,,,,,0.29524439573287964,0.16570495069026947,0.12953944504261017,14.0,0.0,attention_output_relative_error,sparse_saved_cross_anchor_same_token
diagnostic_attention_head,gov_report:2,gov_report::gov_report:2,gov_report,future_attention_oracle,16,48,32,33,48,64,True,,,,,,,,,0.4544498324394226,0.16305601596832275,0.29139381647109985,14.0,11.0,attention_output_relative_error,sparse_saved_cross_anchor_same_token
diagnostic_attention_head,gov_report:2,gov_report::gov_report:2,gov_report,future_attention_oracle,16,48,32,33,48,64,True,,,,,,,,,0.1397864669561386,0.10052194446325302,0.03926452249288559,27.0,0.0,attention_output_relative_error,sparse_saved_cross_anchor_same_token
diagnostic_attention_head,gov_report:2,gov_report::gov_report:2,gov_report,future_attention_oracle,16,48,32,33,48,64,True,,,,,,,,,0.1978348195552826,0.2432580441236496,-0.045423224568367004,27.0,11.0,attention_output_relative_error,sparse_saved_cross_anchor_same_token
diagnostic_attention_head,gov_report:2,gov_report::gov_report:2,gov_report,snapkv,16,48,32,33,48,64,True,,,,,,,,,0.07216644287109375,0.06921803206205368,0.0029484108090400696,0.0,0.0,attention_output_relative_error,sparse_saved_cross_anchor_same_token
diagnostic_attention_head,gov_report:2,gov_report::gov_report:2,gov_report,snapkv,16,48,32,33,48,64,True,,,,,,,,,0.0756009966135025,0.026002943515777588,0.049598053097724915,0.0,11.0,attention_output_relative_error,sparse_saved_cross_anchor_same_token
diagnostic_attention_head,gov_report:2,gov_report::gov_report:2,gov_report,snapkv,16,48,32,33,48,64,True,,,,,,,,,0.4512057602405548,0.4775986671447754,-0.02639290690422058,14.0,0.0,attention_output_relative_error,sparse_saved_cross_anchor_same_token
diagnostic_attention_head,gov_report:2,gov_report::gov_report:2,gov_report,snapkv,16,48,32,33,48,64,True,,,,,,,,,0.7018123269081116,0.4506045877933502,0.25120773911476135,14.0,11.0,attention_output_relative_error,sparse_saved_cross_anchor_same_token
diagnostic_attention_head,gov_report:2,gov_report::gov_report:2,gov_report,snapkv,16,48,32,33,48,64,True,,,,,,,,,0.15772661566734314,0.12733577191829681,0.030390843749046326,27.0,0.0,attention_output_relative_error,sparse_saved_cross_anchor_same_token
diagnostic_attention_head,gov_report:2,gov_report::gov_report:2,gov_report,snapkv,16,48,32,33,48,64,True,,,,,,,,,0.3125443458557129,0.2831682562828064,0.029376089572906494,27.0,11.0,attention_output_relative_error,sparse_saved_cross_anchor_same_token
diagnostic_attention_head,gov_report:2,gov_report::gov_report:2,gov_report,v_ridge_leverage,16,48,32,33,48,64,True,,,,,,,,,0.11290508508682251,0.12085438519716263,-0.007949300110340118,0.0,0.0,attention_output_relative_error,sparse_saved_cross_anchor_same_token
diagnostic_attention_head,gov_report:2,gov_report::gov_report:2,gov_report,v_ridge_leverage,16,48,32,33,48,64,True,,,,,,,,,0.09664131700992584,0.07502464950084686,0.02161666750907898,0.0,11.0,attention_output_relative_error,sparse_saved_cross_anchor_same_token
diagnostic_attention_head,gov_report:2,gov_report::gov_report:2,gov_report,v_ridge_leverage,16,48,32,33,48,64,True,,,,,,,,,0.5130770802497864,0.41404518485069275,0.09903189539909363,14.0,0.0,attention_output_relative_error,sparse_saved_cross_anchor_same_token
diagnostic_attention_head,gov_report:2,gov_report::gov_report:2,gov_report,v_ridge_leverage,16,48,32,33,48,64,True,,,,,,,,,0.7290456891059875,0.6734574437141418,0.0555882453918457,14.0,11.0,attention_output_relative_error,sparse_saved_cross_anchor_same_token
diagnostic_attention_head,gov_report:2,gov_report::gov_report:2,gov_report,v_ridge_leverage,16,48,32,33,48,64,True,,,,,,,,,0.40973445773124695,0.7803665399551392,-0.3706320822238922,27.0,0.0,attention_output_relative_error,sparse_saved_cross_anchor_same_token
diagnostic_attention_head,gov_report:2,gov_report::gov_report:2,gov_report,v_ridge_leverage,16,48,32,33,48,64,True,,,,,,,,,0.6499726176261902,0.786946713924408,-0.13697409629821777,27.0,11.0,attention_output_relative_error,sparse_saved_cross_anchor_same_token
diagnostic_attention_head,gov_report:3,gov_report::gov_report:3,gov_report,attention_weighted_v_ridge_leverage,16,48,32,33,48,64,True,,,,,,,,,0.15307000279426575,0.1580604761838913,-0.004990473389625549,0.0,0.0,attention_output_relative_error,sparse_saved_cross_anchor_same_token
diagnostic_attention_head,gov_report:3,gov_report::gov_report:3,gov_report,attention_weighted_v_ridge_leverage,16,48,32,33,48,64,True,,,,,,,,,0.09041079878807068,0.08843433111906052,0.0019764676690101624,0.0,11.0,attention_output_relative_error,sparse_saved_cross_anchor_same_token
diagnostic_attention_head,gov_report:3,gov_report::gov_report:3,gov_report,attention_weighted_v_ridge_leverage,16,48,32,33,48,64,True,,,,,,,,,0.5844818949699402,0.13953280448913574,0.44494909048080444,14.0,0.0,attention_output_relative_error,sparse_saved_cross_anchor_same_token
diagnostic_attention_head,gov_report:3,gov_report::gov_report:3,gov_report,attention_weighted_v_ridge_leverage,16,48,32,33,48,64,True,,,,,,,,,0.2980794608592987,0.15375377237796783,0.14432568848133087,14.0,11.0,attention_output_relative_error,sparse_saved_cross_anchor_same_token
diagnostic_attention_head,gov_report:3,gov_report::gov_report:3,gov_report,attention_weighted_v_ridge_leverage,16,48,32,33,48,64,True,,,,,,,,,0.21054716408252716,0.14517533779144287,0.06537182629108429,27.0,0.0,attention_output_relative_error,sparse_saved_cross_anchor_same_token
diagnostic_attention_head,gov_report:3,gov_report::gov_report:3,gov_report,attention_weighted_v_ridge_leverage,16,48,32,33,48,64,True,,,,,,,,,0.3672427535057068,0.32351070642471313,0.04373204708099365,27.0,11.0,attention_output_relative_error,sparse_saved_cross_anchor_same_token
diagnostic_attention_head,gov_report:3,gov_report::gov_report:3,gov_report,future_attention_oracle,16,48,32,33,48,64,True,,,,,,,,,0.04769102483987808,0.041375722736120224,0.006315302103757858,0.0,0.0,attention_output_relative_error,sparse_saved_cross_anchor_same_token
diagnostic_attention_head,gov_report:3,gov_report::gov_report:3,gov_report,future_attention_oracle,16,48,32,33,48,64,True,,,,,,,,,0.07653265446424484,0.027891729027032852,0.04864092543721199,0.0,11.0,attention_output_relative_error,sparse_saved_cross_anchor_same_token
diagnostic_attention_head,gov_report:3,gov_report::gov_report:3,gov_report,future_attention_oracle,16,48,32,33,48,64,True,,,,,,,,,0.12497162073850632,0.12044861167669296,0.0045230090618133545,14.0,0.0,attention_output_relative_error,sparse_saved_cross_anchor_same_token
diagnostic_attention_head,gov_report:3,gov_report::gov_report:3,gov_report,future_attention_oracle,16,48,32,33,48,64,True,,,,,,,,,0.17798958718776703,0.09748309850692749,0.08050648868083954,14.0,11.0,attention_output_relative_error,sparse_saved_cross_anchor_same_token
diagnostic_attention_head,gov_report:3,gov_report::gov_report:3,gov_report,future_attention_oracle,16,48,32,33,48,64,True,,,,,,,,,0.12029661238193512,0.09595104306936264,0.02434556931257248,27.0,0.0,attention_output_relative_error,sparse_saved_cross_anchor_same_token
diagnostic_attention_head,gov_report:3,gov_report::gov_report:3,gov_report,future_attention_oracle,16,48,32,33,48,64,True,,,,,,,,,0.16611692309379578,0.23299013078212738,-0.0668732076883316,27.0,11.0,attention_output_relative_error,sparse_saved_cross_anchor_same_token
diagnostic_attention_head,gov_report:3,gov_report::gov_report:3,gov_report,snapkv,16,48,32,33,48,64,True,,,,,,,,,0.09306719154119492,0.08828940987586975,0.004777781665325165,0.0,0.0,attention_output_relative_error,sparse_saved_cross_anchor_same_token
diagnostic_attention_head,gov_report:3,gov_report::gov_report:3,gov_report,snapkv,16,48,32,33,48,64,True,,,,,,,,,0.07225536555051804,0.03031553328037262,0.041939832270145416,0.0,11.0,attention_output_relative_error,sparse_saved_cross_anchor_same_token
diagnostic_attention_head,gov_report:3,gov_report::gov_report:3,gov_report,snapkv,16,48,32,33,48,64,True,,,,,,,,,0.3620414137840271,0.20582963526248932,0.15621177852153778,14.0,0.0,attention_output_relative_error,sparse_saved_cross_anchor_same_token
diagnostic_attention_head,gov_report:3,gov_report::gov_report:3,gov_report,snapkv,16,48,32,33,48,64,True,,,,,,,,,0.3558678925037384,0.1584068089723587,0.1974610835313797,14.0,11.0,attention_output_relative_error,sparse_saved_cross_anchor_same_token
diagnostic_attention_head,gov_report:3,gov_report::gov_report:3,gov_report,snapkv,16,48,32,33,48,64,True,,,,,,,,,0.18987976014614105,0.13479222357273102,0.055087536573410034,27.0,0.0,attention_output_relative_error,sparse_saved_cross_anchor_same_token
diagnostic_attention_head,gov_report:3,gov_report::gov_report:3,gov_report,snapkv,16,48,32,33,48,64,True,,,,,,,,,0.2555198073387146,0.2091977298259735,0.04632207751274109,27.0,11.0,attention_output_relative_error,sparse_saved_cross_anchor_same_token
diagnostic_attention_head,gov_report:3,gov_report::gov_report:3,gov_report,v_ridge_leverage,16,48,32,33,48,64,True,,,,,,,,,0.16498763859272003,0.16901563107967377,-0.004027992486953735,0.0,0.0,attention_output_relative_error,sparse_saved_cross_anchor_same_token
diagnostic_attention_head,gov_report:3,gov_report::gov_report:3,gov_report,v_ridge_leverage,16,48,32,33,48,64,True,,,,,,,,,0.08828388899564743,0.07395143061876297,0.01433245837688446,0.0,11.0,attention_output_relative_error,sparse_saved_cross_anchor_same_token
diagnostic_attention_head,gov_report:3,gov_report::gov_report:3,gov_report,v_ridge_leverage,16,48,32,33,48,64,True,,,,,,,,,0.5977053642272949,0.6868119835853577,-0.08910661935806274,14.0,0.0,attention_output_relative_error,sparse_saved_cross_anchor_same_token
diagnostic_attention_head,gov_report:3,gov_report::gov_report:3,gov_report,v_ridge_leverage,16,48,32,33,48,64,True,,,,,,,,,0.6349824666976929,0.4716189503669739,0.163363516330719,14.0,11.0,attention_output_relative_error,sparse_saved_cross_anchor_same_token
diagnostic_attention_head,gov_report:3,gov_report::gov_report:3,gov_report,v_ridge_leverage,16,48,32,33,48,64,True,,,,,,,,,0.302887499332428,0.35190659761428833,-0.04901909828186035,27.0,0.0,attention_output_relative_error,sparse_saved_cross_anchor_same_token
diagnostic_attention_head,gov_report:3,gov_report::gov_report:3,gov_report,v_ridge_leverage,16,48,32,33,48,64,True,,,,,,,,,0.5137408971786499,0.6329017281532288,-0.11916083097457886,27.0,11.0,attention_output_relative_error,sparse_saved_cross_anchor_same_token
diagnostic_attention_head,gov_report:4,gov_report::gov_report:4,gov_report,attention_weighted_v_ridge_leverage,16,48,32,33,48,64,True,,,,,,,,,0.13256455957889557,0.14019319415092468,-0.007628634572029114,0.0,0.0,attention_output_relative_error,sparse_saved_cross_anchor_same_token
diagnostic_attention_head,gov_report:4,gov_report::gov_report:4,gov_report,attention_weighted_v_ridge_leverage,16,48,32,33,48,64,True,,,,,,,,,0.08653905987739563,0.0828830748796463,0.0036559849977493286,0.0,11.0,attention_output_relative_error,sparse_saved_cross_anchor_same_token
diagnostic_attention_head,gov_report:4,gov_report::gov_report:4,gov_report,attention_weighted_v_ridge_leverage,16,48,32,33,48,64,True,,,,,,,,,0.7154541611671448,0.4325277507305145,0.28292641043663025,14.0,0.0,attention_output_relative_error,sparse_saved_cross_anchor_same_token
diagnostic_attention_head,gov_report:4,gov_report::gov_report:4,gov_report,attention_weighted_v_ridge_leverage,16,48,32,33,48,64,True,,,,,,,,,0.27818360924720764,0.2781612277030945,2.238154411315918e-05,14.0,11.0,attention_output_relative_error,sparse_saved_cross_anchor_same_token
diagnostic_attention_head,gov_report:4,gov_report::gov_report:4,gov_report,attention_weighted_v_ridge_leverage,16,48,32,33,48,64,True,,,,,,,,,0.1748478263616562,0.18329750001430511,-0.008449673652648926,27.0,0.0,attention_output_relative_error,sparse_saved_cross_anchor_same_token
diagnostic_attention_head,gov_report:4,gov_report::gov_report:4,gov_report,attention_weighted_v_ridge_leverage,16,48,32,33,48,64,True,,,,,,,,,0.2573922276496887,0.2488446831703186,0.008547544479370117,27.0,11.0,attention_output_relative_error,sparse_saved_cross_anchor_same_token
diagnostic_attention_head,gov_report:4,gov_report::gov_report:4,gov_report,future_attention_oracle,16,48,32,33,48,64,True,,,,,,,,,0.0433402843773365,0.03875989839434624,0.004580385982990265,0.0,0.0,attention_output_relative_error,sparse_saved_cross_anchor_same_token
diagnostic_attention_head,gov_report:4,gov_report::gov_report:4,gov_report,future_attention_oracle,16,48,32,33,48,64,True,,,,,,,,,0.07153072953224182,0.019418634474277496,0.052112095057964325,0.0,11.0,attention_output_relative_error,sparse_saved_cross_anchor_same_token
diagnostic_attention_head,gov_report:4,gov_report::gov_report:4,gov_report,future_attention_oracle,16,48,32,33,48,64,True,,,,,,,,,0.6270979642868042,0.4133760333061218,0.21372193098068237,14.0,0.0,attention_output_relative_error,sparse_saved_cross_anchor_same_token
diagnostic_attention_head,gov_report:4,gov_report::gov_report:4,gov_report,future_attention_oracle,16,48,32,33,48,64,True,,,,,,,,,0.2763732671737671,0.16645418107509613,0.10991908609867096,14.0,11.0,attention_output_relative_error,sparse_saved_cross_anchor_same_token
diagnostic_attention_head,gov_report:4,gov_report::gov_report:4,gov_report,future_attention_oracle,16,48,32,33,48,64,True,,,,,,,,,0.11644461750984192,0.10776647180318832,0.008678145706653595,27.0,0.0,attention_output_relative_error,sparse_saved_cross_anchor_same_token
diagnostic_attention_head,gov_report:4,gov_report::gov_report:4,gov_report,future_attention_oracle,16,48,32,33,48,64,True,,,,,,,,,0.2254468947649002,0.18051818013191223,0.044928714632987976,27.0,11.0,attention_output_relative_error,sparse_saved_cross_anchor_same_token
diagnostic_attention_head,gov_report:4,gov_report::gov_report:4,gov_report,snapkv,16,48,32,33,48,64,True,,,,,,,,,0.14199168980121613,0.10234981775283813,0.03964187204837799,0.0,0.0,attention_output_relative_error,sparse_saved_cross_anchor_same_token
diagnostic_attention_head,gov_report:4,gov_report::gov_report:4,gov_report,snapkv,16,48,32,33,48,64,True,,,,,,,,,0.07814548164606094,0.02866853028535843,0.049476951360702515,0.0,11.0,attention_output_relative_error,sparse_saved_cross_anchor_same_token
diagnostic_attention_head,gov_report:4,gov_report::gov_report:4,gov_report,snapkv,16,48,32,33,48,64,True,,,,,,,,,1.175782561302185,0.6290636658668518,0.5467188954353333,14.0,0.0,attention_output_relative_error,sparse_saved_cross_anchor_same_token
diagnostic_attention_head,gov_report:4,gov_report::gov_report:4,gov_report,snapkv,16,48,32,33,48,64,True,,,,,,,,,1.030392050743103,0.5894087553024292,0.44098329544067383,14.0,11.0,attention_output_relative_error,sparse_saved_cross_anchor_same_token
diagnostic_attention_head,gov_report:4,gov_report::gov_report:4,gov_report,snapkv,16,48,32,33,48,64,True,,,,,,,,,0.2554839551448822,0.170070081949234,0.0854138731956482,27.0,0.0,attention_output_relative_error,sparse_saved_cross_anchor_same_token
diagnostic_attention_head,gov_report:4,gov_report::gov_report:4,gov_report,snapkv,16,48,32,33,48,64,True,,,,,,,,,0.6824430227279663,0.2109394371509552,0.4715035855770111,27.0,11.0,attention_output_relative_error,sparse_saved_cross_anchor_same_token
diagnostic_attention_head,gov_report:4,gov_report::gov_report:4,gov_report,v_ridge_leverage,16,48,32,33,48,64,True,,,,,,,,,0.15240465104579926,0.15576446056365967,-0.0033598095178604126,0.0,0.0,attention_output_relative_error,sparse_saved_cross_anchor_same_token
diagnostic_attention_head,gov_report:4,gov_report::gov_report:4,gov_report,v_ridge_leverage,16,48,32,33,48,64,True,,,,,,,,,0.08226621896028519,0.06574462354183197,0.016521595418453217,0.0,11.0,attention_output_relative_error,sparse_saved_cross_anchor_same_token
diagnostic_attention_head,gov_report:4,gov_report::gov_report:4,gov_report,v_ridge_leverage,16,48,32,33,48,64,True,,,,,,,,,0.9705647826194763,1.338282823562622,-0.36771804094314575,14.0,0.0,attention_output_relative_error,sparse_saved_cross_anchor_same_token
diagnostic_attention_head,gov_report:4,gov_report::gov_report:4,gov_report,v_ridge_leverage,16,48,32,33,48,64,True,,,,,,,,,2.32877516746521,0.9181362986564636,1.4106388688087463,14.0,11.0,attention_output_relative_error,sparse_saved_cross_anchor_same_token
diagnostic_attention_head,gov_report:4,gov_report::gov_report:4,gov_report,v_ridge_leverage,16,48,32,33,48,64,True,,,,,,,,,0.6661356687545776,0.7513889074325562,-0.08525323867797852,27.0,0.0,attention_output_relative_error,sparse_saved_cross_anchor_same_token
diagnostic_attention_head,gov_report:4,gov_report::gov_report:4,gov_report,v_ridge_leverage,16,48,32,33,48,64,True,,,,,,,,,0.8015151023864746,0.8780900239944458,-0.07657492160797119,27.0,11.0,attention_output_relative_error,sparse_saved_cross_anchor_same_token
diagnostic_attention_head,reasoning_long_generation_0,reasoning_long_generation::reasoning_long_generation_0,reasoning_long_generation,attention_weighted_v_ridge_leverage,16,48,32,33,48,64,True,,,,,,,,,0.12670482695102692,0.15130268037319183,-0.024597853422164917,0.0,0.0,attention_output_relative_error,sparse_saved_cross_anchor_same_token
diagnostic_attention_head,reasoning_long_generation_0,reasoning_long_generation::reasoning_long_generation_0,reasoning_long_generation,attention_weighted_v_ridge_leverage,16,48,32,33,48,64,True,,,,,,,,,0.039992935955524445,0.02053418755531311,0.019458748400211334,0.0,11.0,attention_output_relative_error,sparse_saved_cross_anchor_same_token
diagnostic_attention_head,reasoning_long_generation_0,reasoning_long_generation::reasoning_long_generation_0,reasoning_long_generation,attention_weighted_v_ridge_leverage,16,48,32,33,48,64,True,,,,,,,,,1.3746505975723267,0.5724524259567261,0.8021981716156006,14.0,0.0,attention_output_relative_error,sparse_saved_cross_anchor_same_token
diagnostic_attention_head,reasoning_long_generation_0,reasoning_long_generation::reasoning_long_generation_0,reasoning_long_generation,attention_weighted_v_ridge_leverage,16,48,32,33,48,64,True,,,,,,,,,0.904037594795227,0.4526697099208832,0.45136788487434387,14.0,11.0,attention_output_relative_error,sparse_saved_cross_anchor_same_token
diagnostic_attention_head,reasoning_long_generation_0,reasoning_long_generation::reasoning_long_generation_0,reasoning_long_generation,attention_weighted_v_ridge_leverage,16,48,32,33,48,64,True,,,,,,,,,0.542072594165802,0.18367475271224976,0.35839784145355225,27.0,0.0,attention_output_relative_error,sparse_saved_cross_anchor_same_token
diagnostic_attention_head,reasoning_long_generation_0,reasoning_long_generation::reasoning_long_generation_0,reasoning_long_generation,attention_weighted_v_ridge_leverage,16,48,32,33,48,64,True,,,,,,,,,1.301916480064392,0.3653198182582855,0.9365966618061066,27.0,11.0,attention_output_relative_error,sparse_saved_cross_anchor_same_token
diagnostic_attention_head,reasoning_long_generation_0,reasoning_long_generation::reasoning_long_generation_0,reasoning_long_generation,future_attention_oracle,16,48,32,33,48,64,True,,,,,,,,,0.032828059047460556,0.024741003289818764,0.008087055757641792,0.0,0.0,attention_output_relative_error,sparse_saved_cross_anchor_same_token
diagnostic_attention_head,reasoning_long_generation_0,reasoning_long_generation::reasoning_long_generation_0,reasoning_long_generation,future_attention_oracle,16,48,32,33,48,64,True,,,,,,,,,0.03709159046411514,0.010981248691678047,0.026110341772437096,0.0,11.0,attention_output_relative_error,sparse_saved_cross_anchor_same_token
diagnostic_attention_head,reasoning_long_generation_0,reasoning_long_generation::reasoning_long_generation_0,reasoning_long_generation,future_attention_oracle,16,48,32,33,48,64,True,,,,,,,,,1.577026128768921,0.00851418636739254,1.5685119424015284,14.0,0.0,attention_output_relative_error,sparse_saved_cross_anchor_same_token
diagnostic_attention_head,reasoning_long_generation_0,reasoning_long_generation::reasoning_long_generation_0,reasoning_long_generation,future_attention_oracle,16,48,32,33,48,64,True,,,,,,,,,0.8846632838249207,0.008211344480514526,0.8764519393444061,14.0,11.0,attention_output_relative_error,sparse_saved_cross_anchor_same_token
diagnostic_attention_head,reasoning_long_generation_0,reasoning_long_generation::reasoning_long_generation_0,reasoning_long_generation,future_attention_oracle,16,48,32,33,48,64,True,,,,,,,,,0.5147204399108887,0.010797373950481415,0.5039230659604073,27.0,0.0,attention_output_relative_error,sparse_saved_cross_anchor_same_token
diagnostic_attention_head,reasoning_long_generation_0,reasoning_long_generation::reasoning_long_generation_0,reasoning_long_generation,future_attention_oracle,16,48,32,33,48,64,True,,,,,,,,,1.2119805812835693,0.01643756963312626,1.195543011650443,27.0,11.0,attention_output_relative_error,sparse_saved_cross_anchor_same_token
diagnostic_attention_head,reasoning_long_generation_0,reasoning_long_generation::reasoning_long_generation_0,reasoning_long_generation,snapkv,16,48,32,33,48,64,True,,,,,,,,,0.043468136340379715,0.022548658773303032,0.020919477567076683,0.0,0.0,attention_output_relative_error,sparse_saved_cross_anchor_same_token
diagnostic_attention_head,reasoning_long_generation_0,reasoning_long_generation::reasoning_long_generation_0,reasoning_long_generation,snapkv,16,48,32,33,48,64,True,,,,,,,,,0.04023478925228119,0.011729924008250237,0.028504865244030952,0.0,11.0,attention_output_relative_error,sparse_saved_cross_anchor_same_token
diagnostic_attention_head,reasoning_long_generation_0,reasoning_long_generation::reasoning_long_generation_0,reasoning_long_generation,snapkv,16,48,32,33,48,64,True,,,,,,,,,1.5989658832550049,0.016560714691877365,1.5824051685631275,14.0,0.0,attention_output_relative_error,sparse_saved_cross_anchor_same_token
diagnostic_attention_head,reasoning_long_generation_0,reasoning_long_generation::reasoning_long_generation_0,reasoning_long_generation,snapkv,16,48,32,33,48,64,True,,,,,,,,,0.8924175500869751,0.013131665997207165,0.8792858840897679,14.0,11.0,attention_output_relative_error,sparse_saved_cross_anchor_same_token
diagnostic_attention_head,reasoning_long_generation_0,reasoning_long_generation::reasoning_long_generation_0,reasoning_long_generation,snapkv,16,48,32,33,48,64,True,,,,,,,,,0.5096445083618164,0.016174232587218285,0.4934702757745981,27.0,0.0,attention_output_relative_error,sparse_saved_cross_anchor_same_token
diagnostic_attention_head,reasoning_long_generation_0,reasoning_long_generation::reasoning_long_generation_0,reasoning_long_generation,snapkv,16,48,32,33,48,64,True,,,,,,,,,1.2458405494689941,0.02523830719292164,1.2206022422760725,27.0,11.0,attention_output_relative_error,sparse_saved_cross_anchor_same_token
diagnostic_attention_head,reasoning_long_generation_0,reasoning_long_generation::reasoning_long_generation_0,reasoning_long_generation,v_ridge_leverage,16,48,32,33,48,64,True,,,,,,,,,0.12878142297267914,0.14423768222332,-0.01545625925064087,0.0,0.0,attention_output_relative_error,sparse_saved_cross_anchor_same_token
diagnostic_attention_head,reasoning_long_generation_0,reasoning_long_generation::reasoning_long_generation_0,reasoning_long_generation,v_ridge_leverage,16,48,32,33,48,64,True,,,,,,,,,0.03956705704331398,0.02065909095108509,0.01890796609222889,0.0,11.0,attention_output_relative_error,sparse_saved_cross_anchor_same_token
diagnostic_attention_head,reasoning_long_generation_0,reasoning_long_generation::reasoning_long_generation_0,reasoning_long_generation,v_ridge_leverage,16,48,32,33,48,64,True,,,,,,,,,1.4939533472061157,0.10483772307634354,1.3891156241297722,14.0,0.0,attention_output_relative_error,sparse_saved_cross_anchor_same_token
diagnostic_attention_head,reasoning_long_generation_0,reasoning_long_generation::reasoning_long_generation_0,reasoning_long_generation,v_ridge_leverage,16,48,32,33,48,64,True,,,,,,,,,0.8375654220581055,0.05186641961336136,0.7856990024447441,14.0,11.0,attention_output_relative_error,sparse_saved_cross_anchor_same_token
diagnostic_attention_head,reasoning_long_generation_0,reasoning_long_generation::reasoning_long_generation_0,reasoning_long_generation,v_ridge_leverage,16,48,32,33,48,64,True,,,,,,,,,0.5968955755233765,0.34692227840423584,0.24997329711914062,27.0,0.0,attention_output_relative_error,sparse_saved_cross_anchor_same_token
diagnostic_attention_head,reasoning_long_generation_0,reasoning_long_generation::reasoning_long_generation_0,reasoning_long_generation,v_ridge_leverage,16,48,32,33,48,64,True,,,,,,,,,1.3978707790374756,0.5687888264656067,0.8290819525718689,27.0,11.0,attention_output_relative_error,sparse_saved_cross_anchor_same_token
diagnostic_attention_head,reasoning_long_generation_1,reasoning_long_generation::reasoning_long_generation_1,reasoning_long_generation,attention_weighted_v_ridge_leverage,16,48,32,33,48,64,True,,,,,,,,,0.15770621597766876,0.0652252733707428,0.09248094260692596,0.0,0.0,attention_output_relative_error,sparse_saved_cross_anchor_same_token
diagnostic_attention_head,reasoning_long_generation_1,reasoning_long_generation::reasoning_long_generation_1,reasoning_long_generation,attention_weighted_v_ridge_leverage,16,48,32,33,48,64,True,,,,,,,,,0.01971205696463585,0.007256845012307167,0.012455211952328682,0.0,11.0,attention_output_relative_error,sparse_saved_cross_anchor_same_token
diagnostic_attention_head,reasoning_long_generation_1,reasoning_long_generation::reasoning_long_generation_1,reasoning_long_generation,attention_weighted_v_ridge_leverage,16,48,32,33,48,64,True,,,,,,,,,0.9105662703514099,0.9277616143226624,-0.01719534397125244,14.0,0.0,attention_output_relative_error,sparse_saved_cross_anchor_same_token
diagnostic_attention_head,reasoning_long_generation_1,reasoning_long_generation::reasoning_long_generation_1,reasoning_long_generation,attention_weighted_v_ridge_leverage,16,48,32,33,48,64,True,,,,,,,,,0.38251569867134094,0.2575497627258301,0.12496593594551086,14.0,11.0,attention_output_relative_error,sparse_saved_cross_anchor_same_token
diagnostic_attention_head,reasoning_long_generation_1,reasoning_long_generation::reasoning_long_generation_1,reasoning_long_generation,attention_weighted_v_ridge_leverage,16,48,32,33,48,64,True,,,,,,,,,0.29971033334732056,0.26783624291419983,0.03187409043312073,27.0,0.0,attention_output_relative_error,sparse_saved_cross_anchor_same_token
diagnostic_attention_head,reasoning_long_generation_1,reasoning_long_generation::reasoning_long_generation_1,reasoning_long_generation,attention_weighted_v_ridge_leverage,16,48,32,33,48,64,True,,,,,,,,,0.3969062864780426,0.3789212703704834,0.017985016107559204,27.0,11.0,attention_output_relative_error,sparse_saved_cross_anchor_same_token
diagnostic_attention_head,reasoning_long_generation_1,reasoning_long_generation::reasoning_long_generation_1,reasoning_long_generation,future_attention_oracle,16,48,32,33,48,64,True,,,,,,,,,0.16314031183719635,0.013726696372032166,0.14941361546516418,0.0,0.0,attention_output_relative_error,sparse_saved_cross_anchor_same_token
diagnostic_attention_head,reasoning_long_generation_1,reasoning_long_generation::reasoning_long_generation_1,reasoning_long_generation,future_attention_oracle,16,48,32,33,48,64,True,,,,,,,,,0.01871117763221264,0.00447155861184001,0.01423961902037263,0.0,11.0,attention_output_relative_error,sparse_saved_cross_anchor_same_token
diagnostic_attention_head,reasoning_long_generation_1,reasoning_long_generation::reasoning_long_generation_1,reasoning_long_generation,future_attention_oracle,16,48,32,33,48,64,True,,,,,,,,,0.02729809284210205,0.030926965177059174,-0.003628872334957123,14.0,0.0,attention_output_relative_error,sparse_saved_cross_anchor_same_token
diagnostic_attention_head,reasoning_long_generation_1,reasoning_long_generation::reasoning_long_generation_1,reasoning_long_generation,future_attention_oracle,16,48,32,33,48,64,True,,,,,,,,,0.16717705130577087,0.027637477964162827,0.13953957334160805,14.0,11.0,attention_output_relative_error,sparse_saved_cross_anchor_same_token
diagnostic_attention_head,reasoning_long_generation_1,reasoning_long_generation::reasoning_long_generation_1,reasoning_long_generation,future_attention_oracle,16,48,32,33,48,64,True,,,,,,,,,0.059305038303136826,0.01966601237654686,0.039639025926589966,27.0,0.0,attention_output_relative_error,sparse_saved_cross_anchor_same_token
diagnostic_attention_head,reasoning_long_generation_1,reasoning_long_generation::reasoning_long_generation_1,reasoning_long_generation,future_attention_oracle,16,48,32,33,48,64,True,,,,,,,,,0.11125916987657547,0.04654306545853615,0.06471610441803932,27.0,11.0,attention_output_relative_error,sparse_saved_cross_anchor_same_token
diagnostic_attention_head,reasoning_long_generation_1,reasoning_long_generation::reasoning_long_generation_1,reasoning_long_generation,snapkv,16,48,32,33,48,64,True,,,,,,,,,0.16766642034053802,0.025844566524028778,0.14182185381650925,0.0,0.0,attention_output_relative_error,sparse_saved_cross_anchor_same_token
diagnostic_attention_head,reasoning_long_generation_1,reasoning_long_generation::reasoning_long_generation_1,reasoning_long_generation,snapkv,16,48,32,33,48,64,True,,,,,,,,,0.019213620573282242,0.002989764790982008,0.016223855782300234,0.0,11.0,attention_output_relative_error,sparse_saved_cross_anchor_same_token
diagnostic_attention_head,reasoning_long_generation_1,reasoning_long_generation::reasoning_long_generation_1,reasoning_long_generation,snapkv,16,48,32,33,48,64,True,,,,,,,,,0.08483555912971497,0.03599165380001068,0.048843905329704285,14.0,0.0,attention_output_relative_error,sparse_saved_cross_anchor_same_token
diagnostic_attention_head,reasoning_long_generation_1,reasoning_long_generation::reasoning_long_generation_1,reasoning_long_generation,snapkv,16,48,32,33,48,64,True,,,,,,,,,0.21290141344070435,0.05056079104542732,0.16234062239527702,14.0,11.0,attention_output_relative_error,sparse_saved_cross_anchor_same_token
diagnostic_attention_head,reasoning_long_generation_1,reasoning_long_generation::reasoning_long_generation_1,reasoning_long_generation,snapkv,16,48,32,33,48,64,True,,,,,,,,,0.07410974055528641,0.06215878203511238,0.011950958520174026,27.0,0.0,attention_output_relative_error,sparse_saved_cross_anchor_same_token
diagnostic_attention_head,reasoning_long_generation_1,reasoning_long_generation::reasoning_long_generation_1,reasoning_long_generation,snapkv,16,48,32,33,48,64,True,,,,,,,,,0.12190824002027512,0.10077417641878128,0.021134063601493835,27.0,11.0,attention_output_relative_error,sparse_saved_cross_anchor_same_token
diagnostic_attention_head,reasoning_long_generation_1,reasoning_long_generation::reasoning_long_generation_1,reasoning_long_generation,v_ridge_leverage,16,48,32,33,48,64,True,,,,,,,,,0.1580556035041809,0.06759708374738693,0.09045851975679398,0.0,0.0,attention_output_relative_error,sparse_saved_cross_anchor_same_token
diagnostic_attention_head,reasoning_long_generation_1,reasoning_long_generation::reasoning_long_generation_1,reasoning_long_generation,v_ridge_leverage,16,48,32,33,48,64,True,,,,,,,,,0.01992814429104328,0.0072766984812915325,0.012651445809751749,0.0,11.0,attention_output_relative_error,sparse_saved_cross_anchor_same_token
diagnostic_attention_head,reasoning_long_generation_1,reasoning_long_generation::reasoning_long_generation_1,reasoning_long_generation,v_ridge_leverage,16,48,32,33,48,64,True,,,,,,,,,0.10851489752531052,0.9021957516670227,-0.7936808541417122,14.0,0.0,attention_output_relative_error,sparse_saved_cross_anchor_same_token
diagnostic_attention_head,reasoning_long_generation_1,reasoning_long_generation::reasoning_long_generation_1,reasoning_long_generation,v_ridge_leverage,16,48,32,33,48,64,True,,,,,,,,,0.24375814199447632,0.263925164937973,-0.020167022943496704,14.0,11.0,attention_output_relative_error,sparse_saved_cross_anchor_same_token
diagnostic_attention_head,reasoning_long_generation_1,reasoning_long_generation::reasoning_long_generation_1,reasoning_long_generation,v_ridge_leverage,16,48,32,33,48,64,True,,,,,,,,,0.2358609437942505,0.22709792852401733,0.008763015270233154,27.0,0.0,attention_output_relative_error,sparse_saved_cross_anchor_same_token
diagnostic_attention_head,reasoning_long_generation_1,reasoning_long_generation::reasoning_long_generation_1,reasoning_long_generation,v_ridge_leverage,16,48,32,33,48,64,True,,,,,,,,,0.34248635172843933,0.373405396938324,-0.030919045209884644,27.0,11.0,attention_output_relative_error,sparse_saved_cross_anchor_same_token
diagnostic_attention_head,reasoning_long_generation_2,reasoning_long_generation::reasoning_long_generation_2,reasoning_long_generation,attention_weighted_v_ridge_leverage,16,48,32,33,48,64,True,,,,,,,,,0.2616047263145447,0.11353258043527603,0.14807214587926865,0.0,0.0,attention_output_relative_error,sparse_saved_cross_anchor_same_token
diagnostic_attention_head,reasoning_long_generation_2,reasoning_long_generation::reasoning_long_generation_2,reasoning_long_generation,attention_weighted_v_ridge_leverage,16,48,32,33,48,64,True,,,,,,,,,0.05382440984249115,0.022395163774490356,0.03142924606800079,0.0,11.0,attention_output_relative_error,sparse_saved_cross_anchor_same_token
diagnostic_attention_head,reasoning_long_generation_2,reasoning_long_generation::reasoning_long_generation_2,reasoning_long_generation,attention_weighted_v_ridge_leverage,16,48,32,33,48,64,True,,,,,,,,,0.8133779168128967,0.8194577693939209,-0.00607985258102417,14.0,0.0,attention_output_relative_error,sparse_saved_cross_anchor_same_token
diagnostic_attention_head,reasoning_long_generation_2,reasoning_long_generation::reasoning_long_generation_2,reasoning_long_generation,attention_weighted_v_ridge_leverage,16,48,32,33,48,64,True,,,,,,,,,0.7300967574119568,0.6353956460952759,0.09470111131668091,14.0,11.0,attention_output_relative_error,sparse_saved_cross_anchor_same_token
diagnostic_attention_head,reasoning_long_generation_2,reasoning_long_generation::reasoning_long_generation_2,reasoning_long_generation,attention_weighted_v_ridge_leverage,16,48,32,33,48,64,True,,,,,,,,,0.17983748018741608,0.1307249218225479,0.049112558364868164,27.0,0.0,attention_output_relative_error,sparse_saved_cross_anchor_same_token
diagnostic_attention_head,reasoning_long_generation_2,reasoning_long_generation::reasoning_long_generation_2,reasoning_long_generation,attention_weighted_v_ridge_leverage,16,48,32,33,48,64,True,,,,,,,,,0.2559485137462616,0.19243121147155762,0.06351730227470398,27.0,11.0,attention_output_relative_error,sparse_saved_cross_anchor_same_token
diagnostic_attention_head,reasoning_long_generation_2,reasoning_long_generation::reasoning_long_generation_2,reasoning_long_generation,future_attention_oracle,16,48,32,33,48,64,True,,,,,,,,,0.2716941237449646,0.02887752093374729,0.2428166028112173,0.0,0.0,attention_output_relative_error,sparse_saved_cross_anchor_same_token
diagnostic_attention_head,reasoning_long_generation_2,reasoning_long_generation::reasoning_long_generation_2,reasoning_long_generation,future_attention_oracle,16,48,32,33,48,64,True,,,,,,,,,0.061763696372509,0.023064708337187767,0.038698988035321236,0.0,11.0,attention_output_relative_error,sparse_saved_cross_anchor_same_token
diagnostic_attention_head,reasoning_long_generation_2,reasoning_long_generation::reasoning_long_generation_2,reasoning_long_generation,future_attention_oracle,16,48,32,33,48,64,True,,,,,,,,,0.03061799146234989,0.01395752839744091,0.01666046306490898,14.0,0.0,attention_output_relative_error,sparse_saved_cross_anchor_same_token
diagnostic_attention_head,reasoning_long_generation_2,reasoning_long_generation::reasoning_long_generation_2,reasoning_long_generation,future_attention_oracle,16,48,32,33,48,64,True,,,,,,,,,0.6464133262634277,0.014532702043652534,0.6318806242197752,14.0,11.0,attention_output_relative_error,sparse_saved_cross_anchor_same_token
diagnostic_attention_head,reasoning_long_generation_2,reasoning_long_generation::reasoning_long_generation_2,reasoning_long_generation,future_attention_oracle,16,48,32,33,48,64,True,,,,,,,,,0.11307937651872635,0.011299092322587967,0.10178028419613838,27.0,0.0,attention_output_relative_error,sparse_saved_cross_anchor_same_token
diagnostic_attention_head,reasoning_long_generation_2,reasoning_long_generation::reasoning_long_generation_2,reasoning_long_generation,future_attention_oracle,16,48,32,33,48,64,True,,,,,,,,,0.16193850338459015,0.047996267676353455,0.1139422357082367,27.0,11.0,attention_output_relative_error,sparse_saved_cross_anchor_same_token
diagnostic_attention_head,reasoning_long_generation_2,reasoning_long_generation::reasoning_long_generation_2,reasoning_long_generation,snapkv,16,48,32,33,48,64,True,,,,,,,,,0.27425438165664673,0.03906851261854172,0.235185869038105,0.0,0.0,attention_output_relative_error,sparse_saved_cross_anchor_same_token
diagnostic_attention_head,reasoning_long_generation_2,reasoning_long_generation::reasoning_long_generation_2,reasoning_long_generation,snapkv,16,48,32,33,48,64,True,,,,,,,,,0.06121128425002098,0.024586547166109085,0.036624737083911896,0.0,11.0,attention_output_relative_error,sparse_saved_cross_anchor_same_token
diagnostic_attention_head,reasoning_long_generation_2,reasoning_long_generation::reasoning_long_generation_2,reasoning_long_generation,snapkv,16,48,32,33,48,64,True,,,,,,,,,0.051897354423999786,0.011806508526206017,0.04009084589779377,14.0,0.0,attention_output_relative_error,sparse_saved_cross_anchor_same_token
diagnostic_attention_head,reasoning_long_generation_2,reasoning_long_generation::reasoning_long_generation_2,reasoning_long_generation,snapkv,16,48,32,33,48,64,True,,,,,,,,,0.6478860974311829,0.025757702067494392,0.6221283953636885,14.0,11.0,attention_output_relative_error,sparse_saved_cross_anchor_same_token
diagnostic_attention_head,reasoning_long_generation_2,reasoning_long_generation::reasoning_long_generation_2,reasoning_long_generation,snapkv,16,48,32,33,48,64,True,,,,,,,,,0.11757270991802216,0.03575075417757034,0.08182195574045181,27.0,0.0,attention_output_relative_error,sparse_saved_cross_anchor_same_token
diagnostic_attention_head,reasoning_long_generation_2,reasoning_long_generation::reasoning_long_generation_2,reasoning_long_generation,snapkv,16,48,32,33,48,64,True,,,,,,,,,0.1615576446056366,0.09468962997198105,0.06686801463365555,27.0,11.0,attention_output_relative_error,sparse_saved_cross_anchor_same_token
diagnostic_attention_head,reasoning_long_generation_2,reasoning_long_generation::reasoning_long_generation_2,reasoning_long_generation,v_ridge_leverage,16,48,32,33,48,64,True,,,,,,,,,0.26149508357048035,0.11123252660036087,0.15026255697011948,0.0,0.0,attention_output_relative_error,sparse_saved_cross_anchor_same_token
diagnostic_attention_head,reasoning_long_generation_2,reasoning_long_generation::reasoning_long_generation_2,reasoning_long_generation,v_ridge_leverage,16,48,32,33,48,64,True,,,,,,,,,0.05278526246547699,0.02190631628036499,0.030878946185112,0.0,11.0,attention_output_relative_error,sparse_saved_cross_anchor_same_token
diagnostic_attention_head,reasoning_long_generation_2,reasoning_long_generation::reasoning_long_generation_2,reasoning_long_generation,v_ridge_leverage,16,48,32,33,48,64,True,,,,,,,,,0.7518306970596313,0.9544262886047363,-0.20259559154510498,14.0,0.0,attention_output_relative_error,sparse_saved_cross_anchor_same_token
diagnostic_attention_head,reasoning_long_generation_2,reasoning_long_generation::reasoning_long_generation_2,reasoning_long_generation,v_ridge_leverage,16,48,32,33,48,64,True,,,,,,,,,0.6787095665931702,0.2274230271577835,0.45128653943538666,14.0,11.0,attention_output_relative_error,sparse_saved_cross_anchor_same_token
diagnostic_attention_head,reasoning_long_generation_2,reasoning_long_generation::reasoning_long_generation_2,reasoning_long_generation,v_ridge_leverage,16,48,32,33,48,64,True,,,,,,,,,0.19193416833877563,0.17178644239902496,0.02014772593975067,27.0,0.0,attention_output_relative_error,sparse_saved_cross_anchor_same_token
diagnostic_attention_head,reasoning_long_generation_2,reasoning_long_generation::reasoning_long_generation_2,reasoning_long_generation,v_ridge_leverage,16,48,32,33,48,64,True,,,,,,,,,0.3070128560066223,0.3112896978855133,-0.004276841878890991,27.0,11.0,attention_output_relative_error,sparse_saved_cross_anchor_same_token
diagnostic_attention_head,reasoning_long_generation_3,reasoning_long_generation::reasoning_long_generation_3,reasoning_long_generation,attention_weighted_v_ridge_leverage,16,48,32,33,48,64,True,,,,,,,,,3.932878826162778e-05,3.9242419006768614e-05,8.636925485916436e-08,0.0,0.0,attention_output_relative_error,sparse_saved_cross_anchor_same_token
diagnostic_attention_head,reasoning_long_generation_3,reasoning_long_generation::reasoning_long_generation_3,reasoning_long_generation,attention_weighted_v_ridge_leverage,16,48,32,33,48,64,True,,,,,,,,,0.02088875323534012,0.015009905211627483,0.005878848023712635,0.0,11.0,attention_output_relative_error,sparse_saved_cross_anchor_same_token
diagnostic_attention_head,reasoning_long_generation_3,reasoning_long_generation::reasoning_long_generation_3,reasoning_long_generation,attention_weighted_v_ridge_leverage,16,48,32,33,48,64,True,,,,,,,,,0.17967797815799713,0.15216007828712463,0.027517899870872498,14.0,0.0,attention_output_relative_error,sparse_saved_cross_anchor_same_token
diagnostic_attention_head,reasoning_long_generation_3,reasoning_long_generation::reasoning_long_generation_3,reasoning_long_generation,attention_weighted_v_ridge_leverage,16,48,32,33,48,64,True,,,,,,,,,0.47671905159950256,0.3401705324649811,0.13654851913452148,14.0,11.0,attention_output_relative_error,sparse_saved_cross_anchor_same_token
diagnostic_attention_head,reasoning_long_generation_3,reasoning_long_generation::reasoning_long_generation_3,reasoning_long_generation,attention_weighted_v_ridge_leverage,16,48,32,33,48,64,True,,,,,,,,,0.16089804470539093,0.11958452314138412,0.041313521564006805,27.0,0.0,attention_output_relative_error,sparse_saved_cross_anchor_same_token
diagnostic_attention_head,reasoning_long_generation_3,reasoning_long_generation::reasoning_long_generation_3,reasoning_long_generation,attention_weighted_v_ridge_leverage,16,48,32,33,48,64,True,,,,,,,,,0.17443424463272095,0.18044833838939667,-0.00601409375667572,27.0,11.0,attention_output_relative_error,sparse_saved_cross_anchor_same_token
diagnostic_attention_head,reasoning_long_generation_3,reasoning_long_generation::reasoning_long_generation_3,reasoning_long_generation,future_attention_oracle,16,48,32,33,48,64,True,,,,,,,,,3.927122816094197e-05,1.5952389276208123e-06,3.767598923332116e-05,0.0,0.0,attention_output_relative_error,sparse_saved_cross_anchor_same_token
diagnostic_attention_head,reasoning_long_generation_3,reasoning_long_generation::reasoning_long_generation_3,reasoning_long_generation,future_attention_oracle,16,48,32,33,48,64,True,,,,,,,,,0.01936335861682892,0.007221217267215252,0.012142141349613667,0.0,11.0,attention_output_relative_error,sparse_saved_cross_anchor_same_token
diagnostic_attention_head,reasoning_long_generation_3,reasoning_long_generation::reasoning_long_generation_3,reasoning_long_generation,future_attention_oracle,16,48,32,33,48,64,True,,,,,,,,,0.055421099066734314,0.023578325286507607,0.03184277378022671,14.0,0.0,attention_output_relative_error,sparse_saved_cross_anchor_same_token
diagnostic_attention_head,reasoning_long_generation_3,reasoning_long_generation::reasoning_long_generation_3,reasoning_long_generation,future_attention_oracle,16,48,32,33,48,64,True,,,,,,,,,0.36434465646743774,0.013714704662561417,0.3506299518048763,14.0,11.0,attention_output_relative_error,sparse_saved_cross_anchor_same_token
diagnostic_attention_head,reasoning_long_generation_3,reasoning_long_generation::reasoning_long_generation_3,reasoning_long_generation,future_attention_oracle,16,48,32,33,48,64,True,,,,,,,,,0.12092044204473495,0.11131555587053299,0.009604886174201965,27.0,0.0,attention_output_relative_error,sparse_saved_cross_anchor_same_token
diagnostic_attention_head,reasoning_long_generation_3,reasoning_long_generation::reasoning_long_generation_3,reasoning_long_generation,future_attention_oracle,16,48,32,33,48,64,True,,,,,,,,,0.1188846006989479,0.11301320791244507,0.005871392786502838,27.0,11.0,attention_output_relative_error,sparse_saved_cross_anchor_same_token
diagnostic_attention_head,reasoning_long_generation_3,reasoning_long_generation::reasoning_long_generation_3,reasoning_long_generation,snapkv,16,48,32,33,48,64,True,,,,,,,,,3.927122816094197e-05,0.0,3.927122816094197e-05,0.0,0.0,attention_output_relative_error,sparse_saved_cross_anchor_same_token
diagnostic_attention_head,reasoning_long_generation_3,reasoning_long_generation::reasoning_long_generation_3,reasoning_long_generation,snapkv,16,48,32,33,48,64,True,,,,,,,,,0.018816623836755753,0.0071052443236112595,0.011711379513144493,0.0,11.0,attention_output_relative_error,sparse_saved_cross_anchor_same_token
diagnostic_attention_head,reasoning_long_generation_3,reasoning_long_generation::reasoning_long_generation_3,reasoning_long_generation,snapkv,16,48,32,33,48,64,True,,,,,,,,,0.11618286371231079,0.04739419370889664,0.06878867000341415,14.0,0.0,attention_output_relative_error,sparse_saved_cross_anchor_same_token
diagnostic_attention_head,reasoning_long_generation_3,reasoning_long_generation::reasoning_long_generation_3,reasoning_long_generation,snapkv,16,48,32,33,48,64,True,,,,,,,,,0.38204237818717957,0.030969107523560524,0.35107327066361904,14.0,11.0,attention_output_relative_error,sparse_saved_cross_anchor_same_token
diagnostic_attention_head,reasoning_long_generation_3,reasoning_long_generation::reasoning_long_generation_3,reasoning_long_generation,snapkv,16,48,32,33,48,64,True,,,,,,,,,0.24489974975585938,0.24696531891822815,-0.0020655691623687744,27.0,0.0,attention_output_relative_error,sparse_saved_cross_anchor_same_token
diagnostic_attention_head,reasoning_long_generation_3,reasoning_long_generation::reasoning_long_generation_3,reasoning_long_generation,snapkv,16,48,32,33,48,64,True,,,,,,,,,0.1780187040567398,0.23580603301525116,-0.05778732895851135,27.0,11.0,attention_output_relative_error,sparse_saved_cross_anchor_same_token
diagnostic_attention_head,reasoning_long_generation_3,reasoning_long_generation::reasoning_long_generation_3,reasoning_long_generation,v_ridge_leverage,16,48,32,33,48,64,True,,,,,,,,,3.932878826162778e-05,3.924309567082673e-05,8.56925908010453e-08,0.0,0.0,attention_output_relative_error,sparse_saved_cross_anchor_same_token
diagnostic_attention_head,reasoning_long_generation_3,reasoning_long_generation::reasoning_long_generation_3,reasoning_long_generation,v_ridge_leverage,16,48,32,33,48,64,True,,,,,,,,,0.020938657224178314,0.014999309554696083,0.005939347669482231,0.0,11.0,attention_output_relative_error,sparse_saved_cross_anchor_same_token
diagnostic_attention_head,reasoning_long_generation_3,reasoning_long_generation::reasoning_long_generation_3,reasoning_long_generation,v_ridge_leverage,16,48,32,33,48,64,True,,,,,,,,,0.15525344014167786,0.12667445838451385,0.028578981757164,14.0,0.0,attention_output_relative_error,sparse_saved_cross_anchor_same_token
diagnostic_attention_head,reasoning_long_generation_3,reasoning_long_generation::reasoning_long_generation_3,reasoning_long_generation,v_ridge_leverage,16,48,32,33,48,64,True,,,,,,,,,0.3803744912147522,0.26845458149909973,0.11191990971565247,14.0,11.0,attention_output_relative_error,sparse_saved_cross_anchor_same_token
diagnostic_attention_head,reasoning_long_generation_3,reasoning_long_generation::reasoning_long_generation_3,reasoning_long_generation,v_ridge_leverage,16,48,32,33,48,64,True,,,,,,,,,0.2536143958568573,0.33572813868522644,-0.08211374282836914,27.0,0.0,attention_output_relative_error,sparse_saved_cross_anchor_same_token
diagnostic_attention_head,reasoning_long_generation_3,reasoning_long_generation::reasoning_long_generation_3,reasoning_long_generation,v_ridge_leverage,16,48,32,33,48,64,True,,,,,,,,,0.4337849020957947,0.5088792443275452,-0.07509434223175049,27.0,11.0,attention_output_relative_error,sparse_saved_cross_anchor_same_token
diagnostic_attention_head,reasoning_long_generation_4,reasoning_long_generation::reasoning_long_generation_4,reasoning_long_generation,attention_weighted_v_ridge_leverage,16,48,32,33,48,64,True,,,,,,,,,0.13835793733596802,0.10978564620018005,0.028572291135787964,0.0,0.0,attention_output_relative_error,sparse_saved_cross_anchor_same_token
diagnostic_attention_head,reasoning_long_generation_4,reasoning_long_generation::reasoning_long_generation_4,reasoning_long_generation,attention_weighted_v_ridge_leverage,16,48,32,33,48,64,True,,,,,,,,,0.03618188202381134,0.005330374464392662,0.03085150755941868,0.0,11.0,attention_output_relative_error,sparse_saved_cross_anchor_same_token
diagnostic_attention_head,reasoning_long_generation_4,reasoning_long_generation::reasoning_long_generation_4,reasoning_long_generation,attention_weighted_v_ridge_leverage,16,48,32,33,48,64,True,,,,,,,,,0.2208452820777893,0.1356530338525772,0.0851922482252121,14.0,0.0,attention_output_relative_error,sparse_saved_cross_anchor_same_token
diagnostic_attention_head,reasoning_long_generation_4,reasoning_long_generation::reasoning_long_generation_4,reasoning_long_generation,attention_weighted_v_ridge_leverage,16,48,32,33,48,64,True,,,,,,,,,0.1881609410047531,0.07161543518304825,0.11654550582170486,14.0,11.0,attention_output_relative_error,sparse_saved_cross_anchor_same_token
diagnostic_attention_head,reasoning_long_generation_4,reasoning_long_generation::reasoning_long_generation_4,reasoning_long_generation,attention_weighted_v_ridge_leverage,16,48,32,33,48,64,True,,,,,,,,,0.17685985565185547,0.18214403092861176,-0.005284175276756287,27.0,0.0,attention_output_relative_error,sparse_saved_cross_anchor_same_token
diagnostic_attention_head,reasoning_long_generation_4,reasoning_long_generation::reasoning_long_generation_4,reasoning_long_generation,attention_weighted_v_ridge_leverage,16,48,32,33,48,64,True,,,,,,,,,0.2449638694524765,0.28593653440475464,-0.04097266495227814,27.0,11.0,attention_output_relative_error,sparse_saved_cross_anchor_same_token
diagnostic_attention_head,reasoning_long_generation_4,reasoning_long_generation::reasoning_long_generation_4,reasoning_long_generation,future_attention_oracle,16,48,32,33,48,64,True,,,,,,,,,0.13599276542663574,0.018334902822971344,0.1176578626036644,0.0,0.0,attention_output_relative_error,sparse_saved_cross_anchor_same_token
diagnostic_attention_head,reasoning_long_generation_4,reasoning_long_generation::reasoning_long_generation_4,reasoning_long_generation,future_attention_oracle,16,48,32,33,48,64,True,,,,,,,,,0.037017107009887695,0.004868349060416222,0.032148757949471474,0.0,11.0,attention_output_relative_error,sparse_saved_cross_anchor_same_token
diagnostic_attention_head,reasoning_long_generation_4,reasoning_long_generation::reasoning_long_generation_4,reasoning_long_generation,future_attention_oracle,16,48,32,33,48,64,True,,,,,,,,,0.17148751020431519,0.005809712689369917,0.16567779751494527,14.0,0.0,attention_output_relative_error,sparse_saved_cross_anchor_same_token
diagnostic_attention_head,reasoning_long_generation_4,reasoning_long_generation::reasoning_long_generation_4,reasoning_long_generation,future_attention_oracle,16,48,32,33,48,64,True,,,,,,,,,0.14686813950538635,0.003651878098025918,0.14321626140736043,14.0,11.0,attention_output_relative_error,sparse_saved_cross_anchor_same_token
diagnostic_attention_head,reasoning_long_generation_4,reasoning_long_generation::reasoning_long_generation_4,reasoning_long_generation,future_attention_oracle,16,48,32,33,48,64,True,,,,,,,,,0.1331372857093811,0.012303884141147137,0.12083340156823397,27.0,0.0,attention_output_relative_error,sparse_saved_cross_anchor_same_token
diagnostic_attention_head,reasoning_long_generation_4,reasoning_long_generation::reasoning_long_generation_4,reasoning_long_generation,future_attention_oracle,16,48,32,33,48,64,True,,,,,,,,,0.18592144548892975,0.03413359448313713,0.15178785100579262,27.0,11.0,attention_output_relative_error,sparse_saved_cross_anchor_same_token
diagnostic_attention_head,reasoning_long_generation_4,reasoning_long_generation::reasoning_long_generation_4,reasoning_long_generation,snapkv,16,48,32,33,48,64,True,,,,,,,,,0.1396946758031845,0.045005910098552704,0.0946887657046318,0.0,0.0,attention_output_relative_error,sparse_saved_cross_anchor_same_token
diagnostic_attention_head,reasoning_long_generation_4,reasoning_long_generation::reasoning_long_generation_4,reasoning_long_generation,snapkv,16,48,32,33,48,64,True,,,,,,,,,0.03768531605601311,0.0053446413949131966,0.03234067466109991,0.0,11.0,attention_output_relative_error,sparse_saved_cross_anchor_same_token
diagnostic_attention_head,reasoning_long_generation_4,reasoning_long_generation::reasoning_long_generation_4,reasoning_long_generation,snapkv,16,48,32,33,48,64,True,,,,,,,,,0.2666264772415161,0.030276445671916008,0.2363500315696001,14.0,0.0,attention_output_relative_error,sparse_saved_cross_anchor_same_token
diagnostic_attention_head,reasoning_long_generation_4,reasoning_long_generation::reasoning_long_generation_4,reasoning_long_generation,snapkv,16,48,32,33,48,64,True,,,,,,,,,0.21075139939785004,0.009868456050753593,0.20088294334709644,14.0,11.0,attention_output_relative_error,sparse_saved_cross_anchor_same_token
diagnostic_attention_head,reasoning_long_generation_4,reasoning_long_generation::reasoning_long_generation_4,reasoning_long_generation,snapkv,16,48,32,33,48,64,True,,,,,,,,,0.13722577691078186,0.028109554201364517,0.10911622270941734,27.0,0.0,attention_output_relative_error,sparse_saved_cross_anchor_same_token
diagnostic_attention_head,reasoning_long_generation_4,reasoning_long_generation::reasoning_long_generation_4,reasoning_long_generation,snapkv,16,48,32,33,48,64,True,,,,,,,,,0.19094160199165344,0.06847776472568512,0.12246383726596832,27.0,11.0,attention_output_relative_error,sparse_saved_cross_anchor_same_token
diagnostic_attention_head,reasoning_long_generation_4,reasoning_long_generation::reasoning_long_generation_4,reasoning_long_generation,v_ridge_leverage,16,48,32,33,48,64,True,,,,,,,,,0.16282494366168976,0.11202196776866913,0.05080297589302063,0.0,0.0,attention_output_relative_error,sparse_saved_cross_anchor_same_token
diagnostic_attention_head,reasoning_long_generation_4,reasoning_long_generation::reasoning_long_generation_4,reasoning_long_generation,v_ridge_leverage,16,48,32,33,48,64,True,,,,,,,,,0.036150041967630386,0.005558657925575972,0.030591384042054415,0.0,11.0,attention_output_relative_error,sparse_saved_cross_anchor_same_token
diagnostic_attention_head,reasoning_long_generation_4,reasoning_long_generation::reasoning_long_generation_4,reasoning_long_generation,v_ridge_leverage,16,48,32,33,48,64,True,,,,,,,,,0.1793207824230194,0.04169600084424019,0.13762478157877922,14.0,0.0,attention_output_relative_error,sparse_saved_cross_anchor_same_token
diagnostic_attention_head,reasoning_long_generation_4,reasoning_long_generation::reasoning_long_generation_4,reasoning_long_generation,v_ridge_leverage,16,48,32,33,48,64,True,,,,,,,,,0.1627032607793808,0.0321294330060482,0.1305738277733326,14.0,11.0,attention_output_relative_error,sparse_saved_cross_anchor_same_token
diagnostic_attention_head,reasoning_long_generation_4,reasoning_long_generation::reasoning_long_generation_4,reasoning_long_generation,v_ridge_leverage,16,48,32,33,48,64,True,,,,,,,,,0.196201354265213,0.2024095058441162,-0.006208151578903198,27.0,0.0,attention_output_relative_error,sparse_saved_cross_anchor_same_token
diagnostic_attention_head,reasoning_long_generation_4,reasoning_long_generation::reasoning_long_generation_4,reasoning_long_generation,v_ridge_leverage,16,48,32,33,48,64,True,,,,,,,,,0.3040384352207184,0.36239904165267944,-0.05836060643196106,27.0,11.0,attention_output_relative_error,sparse_saved_cross_anchor_same_token
diagnostic_attention_head,synthetic_niah_0,niah_single_1::synthetic_niah_0,niah_single_1,attention_weighted_v_ridge_leverage,16,48,32,33,48,64,True,,,,,,,,,3.841132638626732e-05,3.4400803997414187e-05,4.010522388853133e-06,0.0,0.0,attention_output_relative_error,sparse_saved_cross_anchor_same_token
diagnostic_attention_head,synthetic_niah_0,niah_single_1::synthetic_niah_0,niah_single_1,attention_weighted_v_ridge_leverage,16,48,32,33,48,64,True,,,,,,,,,0.03778057172894478,0.015468931756913662,0.022311639972031116,0.0,11.0,attention_output_relative_error,sparse_saved_cross_anchor_same_token
diagnostic_attention_head,synthetic_niah_0,niah_single_1::synthetic_niah_0,niah_single_1,attention_weighted_v_ridge_leverage,16,48,32,33,48,64,True,,,,,,,,,0.3829119801521301,0.04882742092013359,0.33408455923199654,14.0,0.0,attention_output_relative_error,sparse_saved_cross_anchor_same_token
diagnostic_attention_head,synthetic_niah_0,niah_single_1::synthetic_niah_0,niah_single_1,attention_weighted_v_ridge_leverage,16,48,32,33,48,64,True,,,,,,,,,0.24622242152690887,0.048146042972803116,0.19807637855410576,14.0,11.0,attention_output_relative_error,sparse_saved_cross_anchor_same_token
diagnostic_attention_head,synthetic_niah_0,niah_single_1::synthetic_niah_0,niah_single_1,attention_weighted_v_ridge_leverage,16,48,32,33,48,64,True,,,,,,,,,0.10385752469301224,0.10442890226840973,-0.0005713775753974915,27.0,0.0,attention_output_relative_error,sparse_saved_cross_anchor_same_token
diagnostic_attention_head,synthetic_niah_0,niah_single_1::synthetic_niah_0,niah_single_1,attention_weighted_v_ridge_leverage,16,48,32,33,48,64,True,,,,,,,,,0.26466989517211914,0.2563534379005432,0.008316457271575928,27.0,11.0,attention_output_relative_error,sparse_saved_cross_anchor_same_token
diagnostic_attention_head,synthetic_niah_0,niah_single_1::synthetic_niah_0,niah_single_1,future_attention_oracle,16,48,32,33,48,64,True,,,,,,,,,3.4407992643537e-05,2.224455101895728e-06,3.218353754164127e-05,0.0,0.0,attention_output_relative_error,sparse_saved_cross_anchor_same_token
diagnostic_attention_head,synthetic_niah_0,niah_single_1::synthetic_niah_0,niah_single_1,future_attention_oracle,16,48,32,33,48,64,True,,,,,,,,,0.03521016240119934,0.011803600005805492,0.02340656239539385,0.0,11.0,attention_output_relative_error,sparse_saved_cross_anchor_same_token
diagnostic_attention_head,synthetic_niah_0,niah_single_1::synthetic_niah_0,niah_single_1,future_attention_oracle,16,48,32,33,48,64,True,,,,,,,,,0.3574525713920593,0.02412550523877144,0.3333270661532879,14.0,0.0,attention_output_relative_error,sparse_saved_cross_anchor_same_token
diagnostic_attention_head,synthetic_niah_0,niah_single_1::synthetic_niah_0,niah_single_1,future_attention_oracle,16,48,32,33,48,64,True,,,,,,,,,0.22866694629192352,0.026853591203689575,0.20181335508823395,14.0,11.0,attention_output_relative_error,sparse_saved_cross_anchor_same_token
diagnostic_attention_head,synthetic_niah_0,niah_single_1::synthetic_niah_0,niah_single_1,future_attention_oracle,16,48,32,33,48,64,True,,,,,,,,,0.10439702868461609,0.11340338736772537,-0.009006358683109283,27.0,0.0,attention_output_relative_error,sparse_saved_cross_anchor_same_token
diagnostic_attention_head,synthetic_niah_0,niah_single_1::synthetic_niah_0,niah_single_1,future_attention_oracle,16,48,32,33,48,64,True,,,,,,,,,0.29509735107421875,0.304188072681427,-0.009090721607208252,27.0,11.0,attention_output_relative_error,sparse_saved_cross_anchor_same_token
diagnostic_attention_head,synthetic_niah_0,niah_single_1::synthetic_niah_0,niah_single_1,snapkv,16,48,32,33,48,64,True,,,,,,,,,3.4407992643537e-05,2.224455101895728e-06,3.218353754164127e-05,0.0,0.0,attention_output_relative_error,sparse_saved_cross_anchor_same_token
diagnostic_attention_head,synthetic_niah_0,niah_single_1::synthetic_niah_0,niah_single_1,snapkv,16,48,32,33,48,64,True,,,,,,,,,0.034061212092638016,0.01099823135882616,0.023062980733811855,0.0,11.0,attention_output_relative_error,sparse_saved_cross_anchor_same_token
diagnostic_attention_head,synthetic_niah_0,niah_single_1::synthetic_niah_0,niah_single_1,snapkv,16,48,32,33,48,64,True,,,,,,,,,0.3658517003059387,0.18573138117790222,0.1801203191280365,14.0,0.0,attention_output_relative_error,sparse_saved_cross_anchor_same_token
diagnostic_attention_head,synthetic_niah_0,niah_single_1::synthetic_niah_0,niah_single_1,snapkv,16,48,32,33,48,64,True,,,,,,,,,0.2677707374095917,0.45859265327453613,-0.19082191586494446,14.0,11.0,attention_output_relative_error,sparse_saved_cross_anchor_same_token
diagnostic_attention_head,synthetic_niah_0,niah_single_1::synthetic_niah_0,niah_single_1,snapkv,16,48,32,33,48,64,True,,,,,,,,,0.13292871415615082,0.15343905985355377,-0.020510345697402954,27.0,0.0,attention_output_relative_error,sparse_saved_cross_anchor_same_token
diagnostic_attention_head,synthetic_niah_0,niah_single_1::synthetic_niah_0,niah_single_1,snapkv,16,48,32,33,48,64,True,,,,,,,,,0.34264686703681946,0.3594643771648407,-0.01681751012802124,27.0,11.0,attention_output_relative_error,sparse_saved_cross_anchor_same_token
diagnostic_attention_head,synthetic_niah_0,niah_single_1::synthetic_niah_0,niah_single_1,v_ridge_leverage,16,48,32,33,48,64,True,,,,,,,,,3.841661600745283e-05,3.4400803997414187e-05,4.015812010038644e-06,0.0,0.0,attention_output_relative_error,sparse_saved_cross_anchor_same_token
diagnostic_attention_head,synthetic_niah_0,niah_single_1::synthetic_niah_0,niah_single_1,v_ridge_leverage,16,48,32,33,48,64,True,,,,,,,,,0.03508680686354637,0.014454353600740433,0.02063245326280594,0.0,11.0,attention_output_relative_error,sparse_saved_cross_anchor_same_token
diagnostic_attention_head,synthetic_niah_0,niah_single_1::synthetic_niah_0,niah_single_1,v_ridge_leverage,16,48,32,33,48,64,True,,,,,,,,,0.3697340488433838,0.028369445353746414,0.3413646034896374,14.0,0.0,attention_output_relative_error,sparse_saved_cross_anchor_same_token
diagnostic_attention_head,synthetic_niah_0,niah_single_1::synthetic_niah_0,niah_single_1,v_ridge_leverage,16,48,32,33,48,64,True,,,,,,,,,0.2474907636642456,0.057493966072797775,0.18999679759144783,14.0,11.0,attention_output_relative_error,sparse_saved_cross_anchor_same_token
diagnostic_attention_head,synthetic_niah_0,niah_single_1::synthetic_niah_0,niah_single_1,v_ridge_leverage,16,48,32,33,48,64,True,,,,,,,,,0.11415329575538635,0.12080889940261841,-0.006655603647232056,27.0,0.0,attention_output_relative_error,sparse_saved_cross_anchor_same_token
diagnostic_attention_head,synthetic_niah_0,niah_single_1::synthetic_niah_0,niah_single_1,v_ridge_leverage,16,48,32,33,48,64,True,,,,,,,,,0.2871255874633789,0.30077430605888367,-0.01364871859550476,27.0,11.0,attention_output_relative_error,sparse_saved_cross_anchor_same_token
diagnostic_attention_head,synthetic_niah_1,niah_single_1::synthetic_niah_1,niah_single_1,attention_weighted_v_ridge_leverage,16,48,32,33,48,64,True,,,,,,,,,0.11174976080656052,0.09910774230957031,0.012642018496990204,0.0,0.0,attention_output_relative_error,sparse_saved_cross_anchor_same_token
diagnostic_attention_head,synthetic_niah_1,niah_single_1::synthetic_niah_1,niah_single_1,attention_weighted_v_ridge_leverage,16,48,32,33,48,64,True,,,,,,,,,0.02197614125907421,0.01257420890033245,0.00940193235874176,0.0,11.0,attention_output_relative_error,sparse_saved_cross_anchor_same_token
diagnostic_attention_head,synthetic_niah_1,niah_single_1::synthetic_niah_1,niah_single_1,attention_weighted_v_ridge_leverage,16,48,32,33,48,64,True,,,,,,,,,0.12983475625514984,0.04904736578464508,0.08078739047050476,14.0,0.0,attention_output_relative_error,sparse_saved_cross_anchor_same_token
diagnostic_attention_head,synthetic_niah_1,niah_single_1::synthetic_niah_1,niah_single_1,attention_weighted_v_ridge_leverage,16,48,32,33,48,64,True,,,,,,,,,0.1779719889163971,0.045541439205408096,0.132430549710989,14.0,11.0,attention_output_relative_error,sparse_saved_cross_anchor_same_token
diagnostic_attention_head,synthetic_niah_1,niah_single_1::synthetic_niah_1,niah_single_1,attention_weighted_v_ridge_leverage,16,48,32,33,48,64,True,,,,,,,,,0.06528285145759583,0.03261357545852661,0.032669275999069214,27.0,0.0,attention_output_relative_error,sparse_saved_cross_anchor_same_token
diagnostic_attention_head,synthetic_niah_1,niah_single_1::synthetic_niah_1,niah_single_1,attention_weighted_v_ridge_leverage,16,48,32,33,48,64,True,,,,,,,,,0.1022915318608284,0.04160669073462486,0.06068484112620354,27.0,11.0,attention_output_relative_error,sparse_saved_cross_anchor_same_token
diagnostic_attention_head,synthetic_niah_1,niah_single_1::synthetic_niah_1,niah_single_1,future_attention_oracle,16,48,32,33,48,64,True,,,,,,,,,0.04701704531908035,0.039188697934150696,0.007828347384929657,0.0,0.0,attention_output_relative_error,sparse_saved_cross_anchor_same_token
diagnostic_attention_head,synthetic_niah_1,niah_single_1::synthetic_niah_1,niah_single_1,future_attention_oracle,16,48,32,33,48,64,True,,,,,,,,,0.01963871531188488,0.008727866224944592,0.010910849086940289,0.0,11.0,attention_output_relative_error,sparse_saved_cross_anchor_same_token
diagnostic_attention_head,synthetic_niah_1,niah_single_1::synthetic_niah_1,niah_single_1,future_attention_oracle,16,48,32,33,48,64,True,,,,,,,,,0.1343616247177124,0.018044419586658478,0.11631720513105392,14.0,0.0,attention_output_relative_error,sparse_saved_cross_anchor_same_token
diagnostic_attention_head,synthetic_niah_1,niah_single_1::synthetic_niah_1,niah_single_1,future_attention_oracle,16,48,32,33,48,64,True,,,,,,,,,0.1677147001028061,0.029894061386585236,0.13782063871622086,14.0,11.0,attention_output_relative_error,sparse_saved_cross_anchor_same_token
diagnostic_attention_head,synthetic_niah_1,niah_single_1::synthetic_niah_1,niah_single_1,future_attention_oracle,16,48,32,33,48,64,True,,,,,,,,,0.05300740525126457,0.022615686058998108,0.030391719192266464,27.0,0.0,attention_output_relative_error,sparse_saved_cross_anchor_same_token
diagnostic_attention_head,synthetic_niah_1,niah_single_1::synthetic_niah_1,niah_single_1,future_attention_oracle,16,48,32,33,48,64,True,,,,,,,,,0.08871126919984818,0.037219464778900146,0.05149180442094803,27.0,11.0,attention_output_relative_error,sparse_saved_cross_anchor_same_token
diagnostic_attention_head,synthetic_niah_1,niah_single_1::synthetic_niah_1,niah_single_1,snapkv,16,48,32,33,48,64,True,,,,,,,,,0.06452497094869614,0.04738996922969818,0.017135001718997955,0.0,0.0,attention_output_relative_error,sparse_saved_cross_anchor_same_token
diagnostic_attention_head,synthetic_niah_1,niah_single_1::synthetic_niah_1,niah_single_1,snapkv,16,48,32,33,48,64,True,,,,,,,,,0.0195370614528656,0.008533707819879055,0.011003353632986546,0.0,11.0,attention_output_relative_error,sparse_saved_cross_anchor_same_token
diagnostic_attention_head,synthetic_niah_1,niah_single_1::synthetic_niah_1,niah_single_1,snapkv,16,48,32,33,48,64,True,,,,,,,,,0.12292670458555222,0.044006653130054474,0.07892005145549774,14.0,0.0,attention_output_relative_error,sparse_saved_cross_anchor_same_token
diagnostic_attention_head,synthetic_niah_1,niah_single_1::synthetic_niah_1,niah_single_1,snapkv,16,48,32,33,48,64,True,,,,,,,,,0.19191554188728333,0.04039248451590538,0.15152305737137794,14.0,11.0,attention_output_relative_error,sparse_saved_cross_anchor_same_token
diagnostic_attention_head,synthetic_niah_1,niah_single_1::synthetic_niah_1,niah_single_1,snapkv,16,48,32,33,48,64,True,,,,,,,,,0.07609262317419052,0.03875561058521271,0.037337012588977814,27.0,0.0,attention_output_relative_error,sparse_saved_cross_anchor_same_token
diagnostic_attention_head,synthetic_niah_1,niah_single_1::synthetic_niah_1,niah_single_1,snapkv,16,48,32,33,48,64,True,,,,,,,,,0.11655642092227936,0.060337211936712265,0.05621920898556709,27.0,11.0,attention_output_relative_error,sparse_saved_cross_anchor_same_token
diagnostic_attention_head,synthetic_niah_1,niah_single_1::synthetic_niah_1,niah_single_1,v_ridge_leverage,16,48,32,33,48,64,True,,,,,,,,,0.13301482796669006,0.10855136066675186,0.024463467299938202,0.0,0.0,attention_output_relative_error,sparse_saved_cross_anchor_same_token
diagnostic_attention_head,synthetic_niah_1,niah_single_1::synthetic_niah_1,niah_single_1,v_ridge_leverage,16,48,32,33,48,64,True,,,,,,,,,0.021043740212917328,0.012035345658659935,0.009008394554257393,0.0,11.0,attention_output_relative_error,sparse_saved_cross_anchor_same_token
diagnostic_attention_head,synthetic_niah_1,niah_single_1::synthetic_niah_1,niah_single_1,v_ridge_leverage,16,48,32,33,48,64,True,,,,,,,,,0.11934009194374084,0.0152817964553833,0.10405829548835754,14.0,0.0,attention_output_relative_error,sparse_saved_cross_anchor_same_token
diagnostic_attention_head,synthetic_niah_1,niah_single_1::synthetic_niah_1,niah_single_1,v_ridge_leverage,16,48,32,33,48,64,True,,,,,,,,,0.18454426527023315,0.03394707664847374,0.15059718862175941,14.0,11.0,attention_output_relative_error,sparse_saved_cross_anchor_same_token
diagnostic_attention_head,synthetic_niah_1,niah_single_1::synthetic_niah_1,niah_single_1,v_ridge_leverage,16,48,32,33,48,64,True,,,,,,,,,0.07130201905965805,0.037744149565696716,0.033557869493961334,27.0,0.0,attention_output_relative_error,sparse_saved_cross_anchor_same_token
diagnostic_attention_head,synthetic_niah_1,niah_single_1::synthetic_niah_1,niah_single_1,v_ridge_leverage,16,48,32,33,48,64,True,,,,,,,,,0.1092207208275795,0.04777511954307556,0.06144560128450394,27.0,11.0,attention_output_relative_error,sparse_saved_cross_anchor_same_token
diagnostic_attention_head,synthetic_niah_2,niah_single_1::synthetic_niah_2,niah_single_1,attention_weighted_v_ridge_leverage,16,48,32,33,48,64,True,,,,,,,,,0.12700745463371277,0.11169727891683578,0.015310175716876984,0.0,0.0,attention_output_relative_error,sparse_saved_cross_anchor_same_token
diagnostic_attention_head,synthetic_niah_2,niah_single_1::synthetic_niah_2,niah_single_1,attention_weighted_v_ridge_leverage,16,48,32,33,48,64,True,,,,,,,,,0.019736677408218384,0.008328252471983433,0.011408424936234951,0.0,11.0,attention_output_relative_error,sparse_saved_cross_anchor_same_token
diagnostic_attention_head,synthetic_niah_2,niah_single_1::synthetic_niah_2,niah_single_1,attention_weighted_v_ridge_leverage,16,48,32,33,48,64,True,,,,,,,,,0.1090862825512886,0.007799761835485697,0.10128652071580291,14.0,0.0,attention_output_relative_error,sparse_saved_cross_anchor_same_token
diagnostic_attention_head,synthetic_niah_2,niah_single_1::synthetic_niah_2,niah_single_1,attention_weighted_v_ridge_leverage,16,48,32,33,48,64,True,,,,,,,,,0.2633914351463318,0.02230614237487316,0.24108529277145863,14.0,11.0,attention_output_relative_error,sparse_saved_cross_anchor_same_token
diagnostic_attention_head,synthetic_niah_2,niah_single_1::synthetic_niah_2,niah_single_1,attention_weighted_v_ridge_leverage,16,48,32,33,48,64,True,,,,,,,,,0.08514413982629776,0.014200818724930286,0.07094332110136747,27.0,0.0,attention_output_relative_error,sparse_saved_cross_anchor_same_token
diagnostic_attention_head,synthetic_niah_2,niah_single_1::synthetic_niah_2,niah_single_1,attention_weighted_v_ridge_leverage,16,48,32,33,48,64,True,,,,,,,,,0.16546274721622467,0.03907778859138489,0.12638495862483978,27.0,11.0,attention_output_relative_error,sparse_saved_cross_anchor_same_token
diagnostic_attention_head,synthetic_niah_2,niah_single_1::synthetic_niah_2,niah_single_1,future_attention_oracle,16,48,32,33,48,64,True,,,,,,,,,0.05487804114818573,0.043623752892017365,0.011254288256168365,0.0,0.0,attention_output_relative_error,sparse_saved_cross_anchor_same_token
diagnostic_attention_head,synthetic_niah_2,niah_single_1::synthetic_niah_2,niah_single_1,future_attention_oracle,16,48,32,33,48,64,True,,,,,,,,,0.01836334355175495,0.006327046547085047,0.012036297004669905,0.0,11.0,attention_output_relative_error,sparse_saved_cross_anchor_same_token
diagnostic_attention_head,synthetic_niah_2,niah_single_1::synthetic_niah_2,niah_single_1,future_attention_oracle,16,48,32,33,48,64,True,,,,,,,,,0.090134397149086,0.005721358582377434,0.08441303856670856,14.0,0.0,attention_output_relative_error,sparse_saved_cross_anchor_same_token
diagnostic_attention_head,synthetic_niah_2,niah_single_1::synthetic_niah_2,niah_single_1,future_attention_oracle,16,48,32,33,48,64,True,,,,,,,,,0.2702712118625641,0.004774787928909063,0.265496423933655,14.0,11.0,attention_output_relative_error,sparse_saved_cross_anchor_same_token
diagnostic_attention_head,synthetic_niah_2,niah_single_1::synthetic_niah_2,niah_single_1,future_attention_oracle,16,48,32,33,48,64,True,,,,,,,,,0.08024904131889343,0.009816580452024937,0.0704324608668685,27.0,0.0,attention_output_relative_error,sparse_saved_cross_anchor_same_token
diagnostic_attention_head,synthetic_niah_2,niah_single_1::synthetic_niah_2,niah_single_1,future_attention_oracle,16,48,32,33,48,64,True,,,,,,,,,0.15939214825630188,0.04172297567129135,0.11766917258501053,27.0,11.0,attention_output_relative_error,sparse_saved_cross_anchor_same_token
diagnostic_attention_head,synthetic_niah_2,niah_single_1::synthetic_niah_2,niah_single_1,snapkv,16,48,32,33,48,64,True,,,,,,,,,0.05941467359662056,0.05198211595416069,0.007432557642459869,0.0,0.0,attention_output_relative_error,sparse_saved_cross_anchor_same_token
diagnostic_attention_head,synthetic_niah_2,niah_single_1::synthetic_niah_2,niah_single_1,snapkv,16,48,32,33,48,64,True,,,,,,,,,0.018279459327459335,0.006312476936727762,0.011966982390731573,0.0,11.0,attention_output_relative_error,sparse_saved_cross_anchor_same_token
diagnostic_attention_head,synthetic_niah_2,niah_single_1::synthetic_niah_2,niah_single_1,snapkv,16,48,32,33,48,64,True,,,,,,,,,0.10664363950490952,0.009947224520146847,0.09669641498476267,14.0,0.0,attention_output_relative_error,sparse_saved_cross_anchor_same_token
diagnostic_attention_head,synthetic_niah_2,niah_single_1::synthetic_niah_2,niah_single_1,snapkv,16,48,32,33,48,64,True,,,,,,,,,0.27161234617233276,0.006567021831870079,0.2650453243404627,14.0,11.0,attention_output_relative_error,sparse_saved_cross_anchor_same_token
diagnostic_attention_head,synthetic_niah_2,niah_single_1::synthetic_niah_2,niah_single_1,snapkv,16,48,32,33,48,64,True,,,,,,,,,0.08329636603593826,0.015721913427114487,0.06757445260882378,27.0,0.0,attention_output_relative_error,sparse_saved_cross_anchor_same_token
diagnostic_attention_head,synthetic_niah_2,niah_single_1::synthetic_niah_2,niah_single_1,snapkv,16,48,32,33,48,64,True,,,,,,,,,0.1635623276233673,0.0388810932636261,0.12468123435974121,27.0,11.0,attention_output_relative_error,sparse_saved_cross_anchor_same_token
diagnostic_attention_head,synthetic_niah_2,niah_single_1::synthetic_niah_2,niah_single_1,v_ridge_leverage,16,48,32,33,48,64,True,,,,,,,,,0.13673904538154602,0.11847817897796631,0.018260866403579712,0.0,0.0,attention_output_relative_error,sparse_saved_cross_anchor_same_token
diagnostic_attention_head,synthetic_niah_2,niah_single_1::synthetic_niah_2,niah_single_1,v_ridge_leverage,16,48,32,33,48,64,True,,,,,,,,,0.018793953582644463,0.007920018397271633,0.01087393518537283,0.0,11.0,attention_output_relative_error,sparse_saved_cross_anchor_same_token
diagnostic_attention_head,synthetic_niah_2,niah_single_1::synthetic_niah_2,niah_single_1,v_ridge_leverage,16,48,32,33,48,64,True,,,,,,,,,0.10492371767759323,0.011874452233314514,0.09304926544427872,14.0,0.0,attention_output_relative_error,sparse_saved_cross_anchor_same_token
diagnostic_attention_head,synthetic_niah_2,niah_single_1::synthetic_niah_2,niah_single_1,v_ridge_leverage,16,48,32,33,48,64,True,,,,,,,,,0.26530060172080994,0.009925846941769123,0.2553747547790408,14.0,11.0,attention_output_relative_error,sparse_saved_cross_anchor_same_token
diagnostic_attention_head,synthetic_niah_2,niah_single_1::synthetic_niah_2,niah_single_1,v_ridge_leverage,16,48,32,33,48,64,True,,,,,,,,,0.08472777158021927,0.01564916968345642,0.06907860189676285,27.0,0.0,attention_output_relative_error,sparse_saved_cross_anchor_same_token
diagnostic_attention_head,synthetic_niah_2,niah_single_1::synthetic_niah_2,niah_single_1,v_ridge_leverage,16,48,32,33,48,64,True,,,,,,,,,0.16515745222568512,0.039521537721157074,0.12563591450452805,27.0,11.0,attention_output_relative_error,sparse_saved_cross_anchor_same_token
diagnostic_attention_head,synthetic_niah_3,niah_single_1::synthetic_niah_3,niah_single_1,attention_weighted_v_ridge_leverage,16,48,32,33,48,64,True,,,,,,,,,0.17481744289398193,0.12812252342700958,0.04669491946697235,0.0,0.0,attention_output_relative_error,sparse_saved_cross_anchor_same_token
diagnostic_attention_head,synthetic_niah_3,niah_single_1::synthetic_niah_3,niah_single_1,attention_weighted_v_ridge_leverage,16,48,32,33,48,64,True,,,,,,,,,0.03900663182139397,0.031785137951374054,0.007221493870019913,0.0,11.0,attention_output_relative_error,sparse_saved_cross_anchor_same_token
diagnostic_attention_head,synthetic_niah_3,niah_single_1::synthetic_niah_3,niah_single_1,attention_weighted_v_ridge_leverage,16,48,32,33,48,64,True,,,,,,,,,0.10302402079105377,0.014633771032094955,0.08839024975895882,14.0,0.0,attention_output_relative_error,sparse_saved_cross_anchor_same_token
diagnostic_attention_head,synthetic_niah_3,niah_single_1::synthetic_niah_3,niah_single_1,attention_weighted_v_ridge_leverage,16,48,32,33,48,64,True,,,,,,,,,0.1684141606092453,0.024001287296414375,0.14441287331283092,14.0,11.0,attention_output_relative_error,sparse_saved_cross_anchor_same_token
diagnostic_attention_head,synthetic_niah_3,niah_single_1::synthetic_niah_3,niah_single_1,attention_weighted_v_ridge_leverage,16,48,32,33,48,64,True,,,,,,,,,0.17042888700962067,0.025714321061968803,0.14471456594765186,27.0,0.0,attention_output_relative_error,sparse_saved_cross_anchor_same_token
diagnostic_attention_head,synthetic_niah_3,niah_single_1::synthetic_niah_3,niah_single_1,attention_weighted_v_ridge_leverage,16,48,32,33,48,64,True,,,,,,,,,0.23175056278705597,0.0535615012049675,0.17818906158208847,27.0,11.0,attention_output_relative_error,sparse_saved_cross_anchor_same_token
diagnostic_attention_head,synthetic_niah_3,niah_single_1::synthetic_niah_3,niah_single_1,future_attention_oracle,16,48,32,33,48,64,True,,,,,,,,,0.08025675266981125,0.04804972931742668,0.03220702335238457,0.0,0.0,attention_output_relative_error,sparse_saved_cross_anchor_same_token
diagnostic_attention_head,synthetic_niah_3,niah_single_1::synthetic_niah_3,niah_single_1,future_attention_oracle,16,48,32,33,48,64,True,,,,,,,,,0.029081322252750397,0.019059890881180763,0.010021431371569633,0.0,11.0,attention_output_relative_error,sparse_saved_cross_anchor_same_token
diagnostic_attention_head,synthetic_niah_3,niah_single_1::synthetic_niah_3,niah_single_1,future_attention_oracle,16,48,32,33,48,64,True,,,,,,,,,0.10601124167442322,0.012096269056200981,0.09391497261822224,14.0,0.0,attention_output_relative_error,sparse_saved_cross_anchor_same_token
diagnostic_attention_head,synthetic_niah_3,niah_single_1::synthetic_niah_3,niah_single_1,future_attention_oracle,16,48,32,33,48,64,True,,,,,,,,,0.16480666399002075,0.010066838935017586,0.15473982505500317,14.0,11.0,attention_output_relative_error,sparse_saved_cross_anchor_same_token
diagnostic_attention_head,synthetic_niah_3,niah_single_1::synthetic_niah_3,niah_single_1,future_attention_oracle,16,48,32,33,48,64,True,,,,,,,,,0.1783021092414856,0.017967190593481064,0.16033491864800453,27.0,0.0,attention_output_relative_error,sparse_saved_cross_anchor_same_token
diagnostic_attention_head,synthetic_niah_3,niah_single_1::synthetic_niah_3,niah_single_1,future_attention_oracle,16,48,32,33,48,64,True,,,,,,,,,0.2188948094844818,0.044105205684900284,0.17478960379958153,27.0,11.0,attention_output_relative_error,sparse_saved_cross_anchor_same_token
diagnostic_attention_head,synthetic_niah_3,niah_single_1::synthetic_niah_3,niah_single_1,snapkv,16,48,32,33,48,64,True,,,,,,,,,0.08869099617004395,0.05726242437958717,0.03142857179045677,0.0,0.0,attention_output_relative_error,sparse_saved_cross_anchor_same_token
diagnostic_attention_head,synthetic_niah_3,niah_single_1::synthetic_niah_3,niah_single_1,snapkv,16,48,32,33,48,64,True,,,,,,,,,0.03198392689228058,0.01961451955139637,0.012369407340884209,0.0,11.0,attention_output_relative_error,sparse_saved_cross_anchor_same_token
diagnostic_attention_head,synthetic_niah_3,niah_single_1::synthetic_niah_3,niah_single_1,snapkv,16,48,32,33,48,64,True,,,,,,,,,0.10115354508161545,0.015931418165564537,0.08522212691605091,14.0,0.0,attention_output_relative_error,sparse_saved_cross_anchor_same_token
diagnostic_attention_head,synthetic_niah_3,niah_single_1::synthetic_niah_3,niah_single_1,snapkv,16,48,32,33,48,64,True,,,,,,,,,0.17003412544727325,0.017537733539938927,0.15249639190733433,14.0,11.0,attention_output_relative_error,sparse_saved_cross_anchor_same_token
diagnostic_attention_head,synthetic_niah_3,niah_single_1::synthetic_niah_3,niah_single_1,snapkv,16,48,32,33,48,64,True,,,,,,,,,0.17170467972755432,0.02433677203953266,0.14736790768802166,27.0,0.0,attention_output_relative_error,sparse_saved_cross_anchor_same_token
diagnostic_attention_head,synthetic_niah_3,niah_single_1::synthetic_niah_3,niah_single_1,snapkv,16,48,32,33,48,64,True,,,,,,,,,0.22609122097492218,0.0504264272749424,0.17566479369997978,27.0,11.0,attention_output_relative_error,sparse_saved_cross_anchor_same_token
diagnostic_attention_head,synthetic_niah_3,niah_single_1::synthetic_niah_3,niah_single_1,v_ridge_leverage,16,48,32,33,48,64,True,,,,,,,,,0.18932488560676575,0.13595648109912872,0.053368404507637024,0.0,0.0,attention_output_relative_error,sparse_saved_cross_anchor_same_token
diagnostic_attention_head,synthetic_niah_3,niah_single_1::synthetic_niah_3,niah_single_1,v_ridge_leverage,16,48,32,33,48,64,True,,,,,,,,,0.036030203104019165,0.030611464753746986,0.005418738350272179,0.0,11.0,attention_output_relative_error,sparse_saved_cross_anchor_same_token
diagnostic_attention_head,synthetic_niah_3,niah_single_1::synthetic_niah_3,niah_single_1,v_ridge_leverage,16,48,32,33,48,64,True,,,,,,,,,0.10554642230272293,0.021409722045063972,0.08413670025765896,14.0,0.0,attention_output_relative_error,sparse_saved_cross_anchor_same_token
diagnostic_attention_head,synthetic_niah_3,niah_single_1::synthetic_niah_3,niah_single_1,v_ridge_leverage,16,48,32,33,48,64,True,,,,,,,,,0.17108464241027832,0.02328583039343357,0.14779881201684475,14.0,11.0,attention_output_relative_error,sparse_saved_cross_anchor_same_token
diagnostic_attention_head,synthetic_niah_3,niah_single_1::synthetic_niah_3,niah_single_1,v_ridge_leverage,16,48,32,33,48,64,True,,,,,,,,,0.1650836318731308,0.026478929445147514,0.13860470242798328,27.0,0.0,attention_output_relative_error,sparse_saved_cross_anchor_same_token
diagnostic_attention_head,synthetic_niah_3,niah_single_1::synthetic_niah_3,niah_single_1,v_ridge_leverage,16,48,32,33,48,64,True,,,,,,,,,0.23127013444900513,0.05427078902721405,0.17699934542179108,27.0,11.0,attention_output_relative_error,sparse_saved_cross_anchor_same_token
diagnostic_attention_head,synthetic_niah_4,niah_single_1::synthetic_niah_4,niah_single_1,attention_weighted_v_ridge_leverage,16,48,32,33,48,64,True,,,,,,,,,0.15067441761493683,0.13343015313148499,0.017244264483451843,0.0,0.0,attention_output_relative_error,sparse_saved_cross_anchor_same_token
diagnostic_attention_head,synthetic_niah_4,niah_single_1::synthetic_niah_4,niah_single_1,attention_weighted_v_ridge_leverage,16,48,32,33,48,64,True,,,,,,,,,0.0830489993095398,0.05090954527258873,0.032139454036951065,0.0,11.0,attention_output_relative_error,sparse_saved_cross_anchor_same_token
diagnostic_attention_head,synthetic_niah_4,niah_single_1::synthetic_niah_4,niah_single_1,attention_weighted_v_ridge_leverage,16,48,32,33,48,64,True,,,,,,,,,0.2925284802913666,0.007275005336850882,0.2852534749545157,14.0,0.0,attention_output_relative_error,sparse_saved_cross_anchor_same_token
diagnostic_attention_head,synthetic_niah_4,niah_single_1::synthetic_niah_4,niah_single_1,attention_weighted_v_ridge_leverage,16,48,32,33,48,64,True,,,,,,,,,0.5022357702255249,0.08159524202346802,0.4206405282020569,14.0,11.0,attention_output_relative_error,sparse_saved_cross_anchor_same_token
diagnostic_attention_head,synthetic_niah_4,niah_single_1::synthetic_niah_4,niah_single_1,attention_weighted_v_ridge_leverage,16,48,32,33,48,64,True,,,,,,,,,0.15270288288593292,0.047392506152391434,0.10531037673354149,27.0,0.0,attention_output_relative_error,sparse_saved_cross_anchor_same_token
diagnostic_attention_head,synthetic_niah_4,niah_single_1::synthetic_niah_4,niah_single_1,attention_weighted_v_ridge_leverage,16,48,32,33,48,64,True,,,,,,,,,0.23039308190345764,0.0543651208281517,0.17602796107530594,27.0,11.0,attention_output_relative_error,sparse_saved_cross_anchor_same_token
diagnostic_attention_head,synthetic_niah_4,niah_single_1::synthetic_niah_4,niah_single_1,future_attention_oracle,16,48,32,33,48,64,True,,,,,,,,,0.043054189532995224,0.043474242091178894,-0.00042005255818367004,0.0,0.0,attention_output_relative_error,sparse_saved_cross_anchor_same_token
diagnostic_attention_head,synthetic_niah_4,niah_single_1::synthetic_niah_4,niah_single_1,future_attention_oracle,16,48,32,33,48,64,True,,,,,,,,,0.06932816654443741,0.04012289643287659,0.02920527011156082,0.0,11.0,attention_output_relative_error,sparse_saved_cross_anchor_same_token
diagnostic_attention_head,synthetic_niah_4,niah_single_1::synthetic_niah_4,niah_single_1,future_attention_oracle,16,48,32,33,48,64,True,,,,,,,,,0.2902315557003021,0.004223360680043697,0.2860081950202584,14.0,0.0,attention_output_relative_error,sparse_saved_cross_anchor_same_token
diagnostic_attention_head,synthetic_niah_4,niah_single_1::synthetic_niah_4,niah_single_1,future_attention_oracle,16,48,32,33,48,64,True,,,,,,,,,0.51570063829422,0.06093611195683479,0.4547645263373852,14.0,11.0,attention_output_relative_error,sparse_saved_cross_anchor_same_token
diagnostic_attention_head,synthetic_niah_4,niah_single_1::synthetic_niah_4,niah_single_1,future_attention_oracle,16,48,32,33,48,64,True,,,,,,,,,0.15538780391216278,0.037650998681783676,0.1177368052303791,27.0,0.0,attention_output_relative_error,sparse_saved_cross_anchor_same_token
diagnostic_attention_head,synthetic_niah_4,niah_single_1::synthetic_niah_4,niah_single_1,future_attention_oracle,16,48,32,33,48,64,True,,,,,,,,,0.23735222220420837,0.047547582536935806,0.18980463966727257,27.0,11.0,attention_output_relative_error,sparse_saved_cross_anchor_same_token
diagnostic_attention_head,synthetic_niah_4,niah_single_1::synthetic_niah_4,niah_single_1,snapkv,16,48,32,33,48,64,True,,,,,,,,,0.06567708402872086,0.05004220828413963,0.015634875744581223,0.0,0.0,attention_output_relative_error,sparse_saved_cross_anchor_same_token
diagnostic_attention_head,synthetic_niah_4,niah_single_1::synthetic_niah_4,niah_single_1,snapkv,16,48,32,33,48,64,True,,,,,,,,,0.07647708058357239,0.03998222202062607,0.03649485856294632,0.0,11.0,attention_output_relative_error,sparse_saved_cross_anchor_same_token
diagnostic_attention_head,synthetic_niah_4,niah_single_1::synthetic_niah_4,niah_single_1,snapkv,16,48,32,33,48,64,True,,,,,,,,,0.2926015257835388,0.0057481699623167515,0.28685335582122207,14.0,0.0,attention_output_relative_error,sparse_saved_cross_anchor_same_token
diagnostic_attention_head,synthetic_niah_4,niah_single_1::synthetic_niah_4,niah_single_1,snapkv,16,48,32,33,48,64,True,,,,,,,,,0.496420294046402,0.0774838849902153,0.4189364090561867,14.0,11.0,attention_output_relative_error,sparse_saved_cross_anchor_same_token
diagnostic_attention_head,synthetic_niah_4,niah_single_1::synthetic_niah_4,niah_single_1,snapkv,16,48,32,33,48,64,True,,,,,,,,,0.15390101075172424,0.05517488718032837,0.09872612357139587,27.0,0.0,attention_output_relative_error,sparse_saved_cross_anchor_same_token
diagnostic_attention_head,synthetic_niah_4,niah_single_1::synthetic_niah_4,niah_single_1,snapkv,16,48,32,33,48,64,True,,,,,,,,,0.22374650835990906,0.06049817055463791,0.16324833780527115,27.0,11.0,attention_output_relative_error,sparse_saved_cross_anchor_same_token
diagnostic_attention_head,synthetic_niah_4,niah_single_1::synthetic_niah_4,niah_single_1,v_ridge_leverage,16,48,32,33,48,64,True,,,,,,,,,0.17171740531921387,0.14452607929706573,0.027191326022148132,0.0,0.0,attention_output_relative_error,sparse_saved_cross_anchor_same_token
diagnostic_attention_head,synthetic_niah_4,niah_single_1::synthetic_niah_4,niah_single_1,v_ridge_leverage,16,48,32,33,48,64,True,,,,,,,,,0.07793726772069931,0.04693849757313728,0.030998770147562027,0.0,11.0,attention_output_relative_error,sparse_saved_cross_anchor_same_token
diagnostic_attention_head,synthetic_niah_4,niah_single_1::synthetic_niah_4,niah_single_1,v_ridge_leverage,16,48,32,33,48,64,True,,,,,,,,,0.2919401526451111,0.0036834266502410173,0.28825672599487007,14.0,0.0,attention_output_relative_error,sparse_saved_cross_anchor_same_token
diagnostic_attention_head,synthetic_niah_4,niah_single_1::synthetic_niah_4,niah_single_1,v_ridge_leverage,16,48,32,33,48,64,True,,,,,,,,,0.5092958211898804,0.05740586295723915,0.4518899582326412,14.0,11.0,attention_output_relative_error,sparse_saved_cross_anchor_same_token
diagnostic_attention_head,synthetic_niah_4,niah_single_1::synthetic_niah_4,niah_single_1,v_ridge_leverage,16,48,32,33,48,64,True,,,,,,,,,0.15326161682605743,0.054712921380996704,0.09854869544506073,27.0,0.0,attention_output_relative_error,sparse_saved_cross_anchor_same_token
diagnostic_attention_head,synthetic_niah_4,niah_single_1::synthetic_niah_4,niah_single_1,v_ridge_leverage,16,48,32,33,48,64,True,,,,,,,,,0.22846853733062744,0.058272797614336014,0.17019573971629143,27.0,11.0,attention_output_relative_error,sparse_saved_cross_anchor_same_token
