sample_id,task,stage,target_anchor,history_length,candidate_id,candidate_source,deleted_position,layer,boundary,theory_u_norm,actual_u_norm,injection_cosine,injection_relative_l2,injection_norm_ratio,local_r_norm,actual_r_norm,adjacent_cosine,adjacent_relative_l2,adjacent_norm_ratio,actual_boundary_norm,state_norm,action_state_ratio,deleted_attention_mass_mean,deleted_attention_mass_std,attention_entropy,attention_concentration,head_disagreement,deleted_key_norm,key_norm_mean,key_norm_variance,deleted_value_norm,value_norm_mean,value_norm_variance,deleted_token_age,selector_attention,selector_value_norm,selector_aov,selector_aor,selector_v_ridge,selector_key_query,selector_age,selector_random,single_boundary_theory_risk,candidate_probe_risk,single_boundary_fisher_risk,probe_fisher_risk
gov_report:118,gov_report,recovery_formal,64,32,physical_delete_attention_14,attention,14,0,1,0.00208827008081487,0.002088775213438878,0.9999766173953909,0.006841957512156609,0.9997581680303569,0.0023321617416371824,0.0023329832087249456,0.9999726963034927,0.00739676596632435,0.9996478898413451,0.0023329832087249456,17.811796611166244,0.00013093354884678767,0.00013952086737845093,0.00028270523762330413,1.4475394487380981,0.6106985807418823,0.00028270523762330413,778.8583984375,778.7850341796875,1835.5584716796875,3.5669851303100586,4.119892120361328,0.8141310214996338,956.0,-0.5856311766595815,-0.07984122254579348,-0.574007722506005,-0.5752400988847398,-0.4116072040322497,1.0939555477820206,14.0,0.10996162322947667,1.433220976487442e-10,1.475332125055936e-10,1.4332379425125098e-10,1.475336135847958e-10
gov_report:118,gov_report,recovery_formal,64,32,physical_delete_attention_14,attention,14,1,2,0.019285217968146015,0.01932784491891815,0.9995040366580856,0.03153732886059862,0.9977945316225912,0.01916265020732765,0.019008096692135688,0.9924764718174041,0.1234322282424679,1.0081309306078976,0.019008096692135688,29.979029714624765,0.0006392018150600609,0.0007860907353460789,0.0014054013881832361,2.940613031387329,0.24005000293254852,0.0014054013881832361,91.27494049072266,91.03246307373047,3914.031494140625,4.650681972503662,4.038740634918213,0.6489341259002686,956.0,-0.5856311766595815,-0.07984122254579348,-0.574007722506005,-0.5752400988847398,-0.4116072040322497,1.0939555477820206,14.0,0.10996162322947667,,,,
gov_report:118,gov_report,recovery_formal,64,32,physical_delete_attention_14,attention,14,2,3,0.0013228920365694749,0.0038427607540622685,0.3456381392921613,0.9383688976035962,0.3442556331853384,0.001230740750537368,0.017178667686792434,0.11177243766439625,0.9945437394816476,0.07164355076753741,0.017178667686792434,32.13518045202342,3.8298859170086704e-05,4.197140151518397e-05,5.984172457829118e-05,2.315605878829956,0.38336262106895447,5.984172457829118e-05,28.5281925201416,26.500608444213867,53.71996307373047,6.310961723327637,5.868166923522949,1.2750685214996338,956.0,-0.5856311766595815,-0.07984122254579348,-0.574007722506005,-0.5752400988847398,-0.4116072040322497,1.0939555477820206,14.0,0.10996162322947667,,,,
gov_report:118,gov_report,recovery_formal,64,32,physical_delete_attention_14,attention,14,3,4,0.0003763425892134092,0.004004929215795577,0.07543880642817317,0.9973226087792784,0.09396984788872204,0.0003600124036313333,0.016026261706423652,0.03471002436355889,0.999472451683334,0.02246390394879381,0.016026261706423652,37.547187652844904,9.588265490346403e-06,6.418149951059604e-06,1.6921037968131714e-05,2.0489304065704346,0.4680196940898895,1.6921037968131714e-05,22.940841674804688,20.780466079711914,7.696657180786133,6.7136735916137695,6.157540798187256,1.308763861656189,956.0,-0.5856311766595815,-0.07984122254579348,-0.574007722506005,-0.5752400988847398,-0.4116072040322497,1.0939555477820206,14.0,0.10996162322947667,,,,
gov_report:118,gov_report,recovery_formal,64,32,physical_delete_attention_14,attention,14,4,5,0.0010128114936833116,0.00266126814142883,0.2854704052197184,0.9630947444141928,0.3805747635559696,0.0010675689591465923,0.015413059366443035,0.0384592450467305,0.9997348721847279,0.06926392312942616,0.015413059366443035,44.494830610634125,2.3993100872519036e-05,3.39597427228e-05,2.6078307200805284e-05,2.0035016536712646,0.5263462662696838,2.6078307200805284e-05,19.36896324157715,17.803678512573242,5.008890151977539,7.128814697265625,7.029331207275391,2.2425849437713623,956.0,-0.5856311766595815,-0.07984122254579348,-0.574007722506005,-0.5752400988847398,-0.4116072040322497,1.0939555477820206,14.0,0.10996162322947667,1.1325063238738957e-11,2.523941682778458e-08,1.1327132510346803e-11,2.52389590699776e-08
gov_report:118,gov_report,recovery_formal,64,32,physical_delete_attention_14,attention,14,5,6,0.007105454799079292,0.008487853497508559,0.8352208144962793,0.5499180340048958,0.837132120761151,0.005144820620902626,0.014020735661559829,0.33464157616004253,0.942898956788121,0.3669437000376524,0.014020735661559829,40.519779031572995,0.0001269705991460068,7.630467734998092e-05,0.0001613494096091017,1.8146796226501465,0.5765998959541321,0.0001613494096091017,19.039531707763672,16.85407066345215,4.432143211364746,7.14294958114624,7.942366600036621,1.8788964748382568,956.0,-0.5856311766595815,-0.07984122254579348,-0.574007722506005,-0.5752400988847398,-0.4116072040322497,1.0939555477820206,14.0,0.10996162322947667,,,,
gov_report:118,gov_report,recovery_formal,64,32,physical_delete_attention_14,attention,14,6,7,0.00034525943185586595,0.0019977391571734146,0.3053417694899045,0.9614193031692807,0.17282508110036288,0.0002876985475256177,0.012508452070763483,0.03405590255827271,0.9994810759321313,0.023000331767514804,0.012508452070763483,42.138432507261804,6.827462019998917e-06,8.052979865169618e-06,1.3446525372273754e-05,1.3356566429138184,0.6230445504188538,1.3446525372273754e-05,20.337421417236328,19.4422607421875,6.105134010314941,6.087059497833252,6.566160678863525,1.1134275197982788,956.0,-0.5856311766595815,-0.07984122254579348,-0.574007722506005,-0.5752400988847398,-0.4116072040322497,1.0939555477820206,14.0,0.10996162322947667,,,,
gov_report:118,gov_report,recovery_formal,64,32,physical_delete_attention_14,attention,14,7,8,0.0004506161689341405,0.0027325475658697782,0.2134342970286874,0.9781618993161908,0.16490698078322671,0.0004172756435419512,0.0103579331450115,-0.014094164426189952,1.0013783072718108,0.040285608885486573,0.0103579331450115,45.22481673372205,9.226696174333153e-06,1.3199551176512614e-05,1.8678352716960944e-05,2.3591983318328857,0.34965643286705017,1.8678352716960944e-05,33.79312515258789,33.70271682739258,190.93887329101562,5.726841449737549,6.369912624359131,1.6911430358886719,956.0,-0.5856311766595815,-0.07984122254579348,-0.574007722506005,-0.5752400988847398,-0.4116072040322497,1.0939555477820206,14.0,0.10996162322947667,9.066064698637834e-12,3.4272640522339486e-08,9.067702914105213e-12,3.427211421188098e-08
gov_report:118,gov_report,recovery_formal,64,32,physical_delete_attention_14,attention,14,8,9,0.0012621039805449732,0.0020326163220359926,0.654379119143233,0.7569062629293016,0.6209258318268215,0.0010072451031470397,0.009085921860461763,0.15332447960960272,0.9890879762429554,0.11085777740728332,0.009085921860461763,45.355445646412235,2.2207809642075825e-05,2.61869154201122e-05,3.1614512408850715e-05,2.078951597213745,0.4486265182495117,3.1614512408850715e-05,19.61693572998047,19.395082473754883,6.5878987312316895,7.416684150695801,7.580902099609375,1.702061414718628,956.0,-0.5856311766595815,-0.07984122254579348,-0.574007722506005,-0.5752400988847398,-0.4116072040322497,1.0939555477820206,14.0,0.10996162322947667,,,,
gov_report:118,gov_report,recovery_formal,64,32,physical_delete_attention_14,attention,14,9,10,0.0008336521143877102,0.0012101083031419945,0.6128439945461801,0.7938562989424964,0.6889070277620343,0.0007070951452549347,0.008806046323690432,0.10694941111965245,0.9946216358137155,0.08029655071796236,0.008806046323690432,44.189374115684814,1.600147454914856e-05,1.8973778423969634e-05,2.597957063699141e-05,2.2269506454467773,0.4354945719242096,2.597957063699141e-05,20.620792388916016,18.786043167114258,4.57858419418335,7.324784755706787,7.412312030792236,1.4930347204208374,956.0,-0.5856311766595815,-0.07984122254579348,-0.574007722506005,-0.5752400988847398,-0.4116072040322497,1.0939555477820206,14.0,0.10996162322947667,,,,
gov_report:118,gov_report,recovery_formal,64,32,physical_delete_attention_14,attention,14,10,11,0.00027753143112941534,0.0017902851162767638,0.23569379682938865,0.9751700192980257,0.15502080009836333,0.000242273278570825,0.008324397888475775,0.06273362065774103,0.9985967375298018,0.02910400029126744,0.008324397888475775,46.68971400947008,5.189007551463791e-06,4.422087386046769e-06,6.368972208292689e-06,2.3686482906341553,0.40236708521842957,6.368972208292689e-06,20.68832015991211,18.44011878967285,5.962368965148926,7.44852352142334,8.210563659667969,2.1670687198638916,956.0,-0.5856311766595815,-0.07984122254579348,-0.574007722506005,-0.5752400988847398,-0.4116072040322497,1.0939555477820206,14.0,0.10996162322947667,7.889543051963602e-12,3.2101289289826716e-08,7.888976810611863e-12,3.210081737667947e-08
gov_report:118,gov_report,recovery_formal,64,32,physical_delete_attention_14,attention,14,11,12,0.00043049421369502735,0.0015166055005433703,0.32740379581694873,0.9458876031596705,0.2838537863279473,0.0003877849099059569,0.007897595886811852,0.0644748191093407,0.9980377409384376,0.04910163997546603,0.007897595886811852,48.03047173615095,8.073726863150586e-06,1.1764718692575116e-05,1.4609860045311507e-05,2.6575889587402344,0.31485477089881897,1.4609860045311507e-05,20.829147338867188,19.27955436706543,6.060896396636963,7.304903984069824,7.711547374725342,1.17240571975708,956.0,-0.5856311766595815,-0.07984122254579348,-0.574007722506005,-0.5752400988847398,-0.4116072040322497,1.0939555477820206,14.0,0.10996162322947667,,,,
gov_report:118,gov_report,recovery_formal,64,32,physical_delete_attention_14,attention,14,12,13,0.0011889705592998592,0.0023150882269044925,0.6352941290768889,0.7818036890072313,0.5135746212530454,0.0010020080124924016,0.008075117734195131,0.15983367400864648,0.9877910214802316,0.12408587038295045,0.008075117734195131,50.339519306992884,1.9904997629828545e-05,1.4984427252784371e-05,4.243051080266014e-05,2.3989434242248535,0.37009191513061523,4.243051080266014e-05,17.543994903564453,17.360021591186523,3.8693184852600098,8.14726448059082,8.545658111572266,1.2773391008377075,956.0,-0.5856311766595815,-0.07984122254579348,-0.574007722506005,-0.5752400988847398,-0.4116072040322497,1.0939555477820206,14.0,0.10996162322947667,,,,
gov_report:118,gov_report,recovery_formal,64,32,physical_delete_attention_14,attention,14,13,14,0.00038271842505958024,0.0011046936522113489,0.3211708494615552,0.9473585370740216,0.34644756425771417,0.00036990277785147667,0.007937613519472253,0.06476391482510266,0.9980658883204192,0.04660125829306821,0.007937613519472253,56.65041317361768,6.529568932142261e-06,9.425800271856133e-06,1.0791744898597244e-05,2.4518649578094482,0.2893080413341522,1.0791744898597244e-05,20.407886505126953,19.13922691345215,3.4144325256347656,8.068470001220703,7.837846279144287,1.5875868797302246,956.0,-0.5856311766595815,-0.07984122254579348,-0.574007722506005,-0.5752400988847398,-0.4116072040322497,1.0939555477820206,14.0,0.10996162322947667,,,,
gov_report:118,gov_report,recovery_formal,64,32,physical_delete_attention_14,attention,14,14,15,0.00016879172309655185,0.0008041182810620154,0.2346829977831104,0.9723875965335442,0.20990907316971477,0.00013384338464652557,0.00782073919821758,0.015946759402857526,0.9998735235480988,0.01711390461364953,0.00782073919821758,54.519862808917075,2.4549472018230136e-06,3.4040351692965487e-06,4.30806539952755e-06,1.5485754013061523,0.6331102252006531,4.30806539952755e-06,20.109291076660156,18.87380027770996,8.56923770904541,10.04827880859375,9.240920066833496,1.5126851797103882,956.0,-0.5856311766595815,-0.07984122254579348,-0.574007722506005,-0.5752400988847398,-0.4116072040322497,1.0939555477820206,14.0,0.10996162322947667,5.725450839839306e-12,3.36720856136479e-08,5.726787049514097e-12,3.3671613883249744e-08
gov_report:118,gov_report,recovery_formal,64,32,physical_delete_attention_14,attention,14,15,16,1.1859900822671778e-05,0.0015479598492200086,0.1564482259458982,0.9988300169354791,0.007661633361257907,1.1888257489523429e-05,0.007624198480622171,-0.002963384898688826,1.0000058364052202,0.0015592796435899305,0.007624198480622171,55.99038392895532,2.123267721223008e-07,2.0275173540085234e-07,2.3840337348701723e-07,2.6015524864196777,0.33535036444664,2.3840337348701723e-07,58.542457580566406,55.240028381347656,1430.170166015625,9.39795970916748,7.917817115783691,1.910224199295044,956.0,-0.5856311766595815,-0.07984122254579348,-0.574007722506005,-0.5752400988847398,-0.4116072040322497,1.0939555477820206,14.0,0.10996162322947667,,,,
gov_report:118,gov_report,recovery_formal,64,32,physical_delete_attention_14,attention,14,16,17,0.0001528780967444573,0.001472251066149932,0.35885744227723415,0.9676029088710969,0.1038396916527608,0.00012380035678058668,0.00802247930608989,-0.07336016192491089,1.0012503574786018,0.0154316829071294,0.00802247930608989,61.28877387118227,2.0199515989794844e-06,1.6939279703365173e-06,4.92566960019758e-06,2.6431291103363037,0.335478276014328,4.92566960019758e-06,20.91800308227539,17.687450408935547,5.032613277435303,9.767106056213379,8.538064002990723,2.7637205123901367,956.0,-0.5856311766595815,-0.07984122254579348,-0.574007722506005,-0.5752400988847398,-0.4116072040322497,1.0939555477820206,14.0,0.10996162322947667,,,,
gov_report:118,gov_report,recovery_formal,64,32,physical_delete_attention_14,attention,14,17,18,0.007932956191464847,0.008064166370821298,0.99517838332299,0.09874749835035135,0.9837292320963006,0.007738419206748616,0.011358446312231096,0.7049014889171028,0.7096980318329856,0.6812920529822523,0.011358446312231096,65.82131568743266,0.00011756706966321127,5.761118882219307e-05,0.00011563303996808827,2.4544594287872314,0.4210284650325775,0.00011563303996808827,17.71497344970703,15.99404239654541,6.328035831451416,10.92628288269043,9.414156913757324,3.633857011795044,956.0,-0.5856311766595815,-0.07984122254579348,-0.574007722506005,-0.5752400988847398,-0.4116072040322497,1.0939555477820206,14.0,0.10996162322947667,2.2795487658598034e-08,6.000346358334886e-08,2.2796475801200494e-08,6.000374857048987e-08
gov_report:118,gov_report,recovery_formal,64,32,physical_delete_attention_14,attention,14,18,19,0.001317275551681484,0.0024529013971312935,0.5721129254748177,0.8209249577466481,0.5370275190115911,0.0011950331540889739,0.011586115617140437,0.10216274681348904,0.994768181612349,0.10314355506007969,0.011586115617140437,74.59543302970945,1.602019192801016e-05,1.1206841918465216e-05,2.923404645116534e-05,2.3515961170196533,0.3916584253311157,2.923404645116534e-05,24.24416732788086,21.73326873779297,6.371682643890381,10.39979362487793,9.302448272705078,2.6002094745635986,956.0,-0.5856311766595815,-0.07984122254579348,-0.574007722506005,-0.5752400988847398,-0.4116072040322497,1.0939555477820206,14.0,0.10996162322947667,5.193540545132868e-10,5.6761842857104485e-08,5.193587114148141e-10,5.6762312744088794e-08
gov_report:118,gov_report,recovery_formal,64,32,physical_delete_attention_14,attention,14,19,20,0.00013505972125089753,0.0017175266042983005,0.07215835442819704,0.997414223898591,0.07863617420125874,0.00012078490402947269,0.011933412345407051,0.18790572144579426,0.9981476059638716,0.010121572986285063,0.011933412345407051,76.51608620519153,1.578555700112084e-06,1.4708975868416019e-06,2.8458243832574226e-06,1.1246442794799805,0.7487652897834778,2.8458243832574226e-06,19.598392486572266,17.982681274414062,3.5542969703674316,12.10010814666748,10.035527229309082,3.2952487468719482,956.0,-0.5856311766595815,-0.07984122254579348,-0.574007722506005,-0.5752400988847398,-0.4116072040322497,1.0939555477820206,14.0,0.10996162322947667,,,,
gov_report:118,gov_report,recovery_formal,64,32,physical_delete_attention_14,attention,14,20,21,1.1881717580350822e-05,0.001966850142736496,0.08949773913406614,0.9994774554959696,0.006040987730676667,1.4982059790334325e-05,0.01277046370550658,0.047618175662460495,0.9999448219359091,0.0011731805622589972,0.01277046370550658,86.79291004304288,1.7261847520614677e-07,1.3603140303075634e-07,1.841403616253956e-07,2.1910228729248047,0.45201238989830017,1.841403616253956e-07,21.55554962158203,17.9105281829834,5.141685962677002,13.455608367919922,11.440566062927246,5.524003505706787,956.0,-0.5856311766595815,-0.07984122254579348,-0.574007722506005,-0.5752400988847398,-0.4116072040322497,1.0939555477820206,14.0,0.10996162322947667,,,,
gov_report:118,gov_report,recovery_formal,64,32,physical_delete_attention_14,attention,14,21,22,0.00021552845598728505,0.0022689888143517523,0.04848316872664057,0.9999060722258492,0.09498876972157366,0.00018479946729294878,0.014849136319154146,-0.022286727223344502,1.0003547390108756,0.012445132384876344,0.014849136319154146,112.84606409680809,1.637624393655533e-06,1.643819700802851e-06,3.0793960377195617e-06,2.601034164428711,0.3637765645980835,3.0793960377195617e-06,20.753910064697266,16.540220260620117,4.666530609130859,14.538644790649414,11.156213760375977,7.039364814758301,956.0,-0.5856311766595815,-0.07984122254579348,-0.574007722506005,-0.5752400988847398,-0.4116072040322497,1.0939555477820206,14.0,0.10996162322947667,,,,
gov_report:118,gov_report,recovery_formal,64,32,physical_delete_attention_14,attention,14,22,23,0.0003798304712446569,0.002058689496368905,0.18765346557792012,0.982240354639257,0.18450109737995843,0.0003599376896225585,0.01663580506276319,0.043881226997986,0.9992843807293402,0.021636325279395477,0.01663580506276319,137.7139343958075,2.6136620901996118e-06,4.702309070125921e-06,9.032676643982995e-06,1.7165521383285522,0.5662129521369934,9.032676643982995e-06,22.081058502197266,18.78606605529785,4.718615531921387,11.399269104003906,10.897381782531738,9.492207527160645,956.0,-0.5856311766595815,-0.07984122254579348,-0.574007722506005,-0.5752400988847398,-0.4116072040322497,1.0939555477820206,14.0,0.10996162322947667,7.249355774733714e-12,5.674609949269817e-08,7.2487482594475904e-12,5.674654637036552e-08
gov_report:118,gov_report,recovery_formal,64,32,physical_delete_attention_14,attention,14,23,24,0.0012273676856944186,0.0021912611581487032,0.5676020845494104,0.8233370303499071,0.5601193089788374,0.0012429607190450312,0.018211092089491773,-0.0019880929476625655,1.0024618951868545,0.06825294787028444,0.018211092089491773,168.7217432738949,7.366926721633426e-06,9.140265319729224e-06,1.965144656423945e-05,1.5614185333251953,0.6542168855667114,1.965144656423945e-05,20.604110717773438,17.27875518798828,4.734375476837158,14.77102279663086,13.723543167114258,11.116069793701172,956.0,-0.5856311766595815,-0.07984122254579348,-0.574007722506005,-0.5752400988847398,-0.4116072040322497,1.0939555477820206,14.0,0.10996162322947667,,,,
gov_report:118,gov_report,recovery_formal,64,32,physical_delete_attention_14,attention,14,24,25,0.00035828234600998794,0.002933370907185004,0.0992703764980754,0.99532327342986,0.12214014434124594,0.0003683249058316744,0.021315335016639275,-0.017367997919403112,1.000449310626729,0.017279808435764717,0.021315335016639275,197.46158304534924,1.8652990629933544e-06,2.7306421088724164e-06,4.451269433047855e-06,1.414331078529358,0.6576305031776428,4.451269433047855e-06,19.96729278564453,17.713163375854492,6.147218227386475,15.42497444152832,16.240032196044922,64.60082244873047,956.0,-0.5856311766595815,-0.07984122254579348,-0.574007722506005,-0.5752400988847398,-0.4116072040322497,1.0939555477820206,14.0,0.10996162322947667,,,,
gov_report:118,gov_report,recovery_formal,64,32,physical_delete_attention_14,attention,14,25,26,0.0010403669713472993,0.009245170508018173,0.3817841275360916,0.9626724276808701,0.11253085818644527,0.0010644985827932584,0.021641039248328834,0.13715696081593934,0.9944477615883738,0.04918888462694605,0.021641039248328834,231.774457186329,4.592820950660162e-06,9.177411811833736e-06,1.0892260434047785e-05,1.7410858869552612,0.6209061741828918,1.0892260434047785e-05,19.118759155273438,16.255693435668945,7.011384010314941,18.566402435302734,20.47410774230957,51.90030288696289,956.0,-0.5856311766595815,-0.07984122254579348,-0.574007722506005,-0.5752400988847398,-0.4116072040322497,1.0939555477820206,14.0,0.10996162322947667,,,,
gov_report:118,gov_report,recovery_formal,64,32,physical_delete_attention_14,attention,14,26,27,0.0010058981290555357,0.0056319841963550785,-0.044073503505350206,1.02354435749992,0.1786045723825957,0.0009549981980479047,0.023731241121548438,0.0719940639312926,0.9979103333247646,0.04024223567391708,0.023731241121548438,266.26744689682823,3.5866126677435785e-06,9.10452308744425e-06,7.781810381857213e-06,2.2269129753112793,0.551287055015564,7.781810381857213e-06,18.130268096923828,15.781904220581055,4.99522590637207,25.282854080200195,25.210920333862305,138.85348510742188,956.0,-0.5856311766595815,-0.07984122254579348,-0.574007722506005,-0.5752400988847398,-0.4116072040322497,1.0939555477820206,14.0,0.10996162322947667,2.919882181300121e-11,5.5411950578929944e-08,2.920163773707183e-11,5.5412622914398033e-08
gov_report:118,gov_report,recovery_formal,64,32,physical_delete_attention_14,attention,14,27,28,0.0012568483948934344,0.004974846305197245,0.19690784775122644,0.9820048088131078,0.2526406481302546,0.0011758054890015372,0.02666035387358017,0.05374054988864843,0.998601438434956,0.04410314636396236,0.02666035387358017,277.0764355064672,4.243614174017671e-06,2.3255292035173625e-05,5.253682502370793e-06,3.388044595718384,0.22012819349765778,5.253682502370793e-06,14.572010040283203,15.099434852600098,3.4911117553710938,21.881572723388672,24.85857391357422,128.97312927246094,956.0,-0.5856311766595815,-0.07984122254579348,-0.574007722506005,-0.5752400988847398,-0.4116072040322497,1.0939555477820206,14.0,0.10996162322947667,,,,
gov_report:118,gov_report,recovery_formal,64,32,physical_delete_value_norm_40,value_norm,40,0,1,0.002095116320369208,0.0020951565910054706,0.9999765786338111,0.006844136283297306,0.9999807791759167,0.002761564801266392,0.002761468775183989,0.999981168561897,0.006137213950823865,1.0000347735535762,0.002761468775183989,17.811796611166244,0.00015504133926249542,0.00010410363756818697,0.0002540875575505197,1.4475394487380981,0.6106985807418823,0.0002540875575505197,779.9898681640625,778.7850341796875,1835.5584716796875,3.67757511138916,4.119892120361328,0.8141310214996338,930.0,-0.09030686695463967,-1.2060318167766908,-0.1902660645235313,-0.16967584081086948,-0.687157976331592,-0.5461984505892106,40.0,0.28281447437534013,3.1685392728673647e-10,3.079673874921537e-10,3.168552670386268e-10,3.0796788761743253e-10
gov_report:118,gov_report,recovery_formal,64,32,physical_delete_value_norm_40,value_norm,40,1,2,0.019410897566013656,0.019364613708730622,0.9992787516328399,0.03810061918839605,1.0023901255134342,0.02105516270653003,0.021200374479000045,0.9921435737304544,0.12510852498596178,0.9931505090811554,0.021200374479000045,29.979029714624765,0.000702329692019973,0.0009205493261106312,0.0016061844071373343,2.940613031387329,0.24005000293254852,0.0016061844071373343,90.85652160644531,91.03246307373047,3914.031494140625,3.331758499145508,4.038740634918213,0.6489341259002686,930.0,-0.09030686695463967,-1.2060318167766908,-0.1902660645235313,-0.16967584081086948,-0.687157976331592,-0.5461984505892106,40.0,0.28281447437534013,,,,
gov_report:118,gov_report,recovery_formal,64,32,physical_delete_value_norm_40,value_norm,40,2,3,0.010881737546076535,0.011347334659535496,0.9449472022259611,0.3275231051209421,0.9589685924114606,0.010062226659510225,0.020550925034540063,0.41626734455906195,0.9121966348376542,0.48962402629558427,0.020550925034540063,32.13518045202342,0.00031312183463642716,0.0003377804532647133,0.0005133374943397939,2.315605878829956,0.38336262106895447,0.0005133374943397939,26.21142578125,26.500608444213867,53.71996307373047,5.40069580078125,5.868166923522949,1.2750685214996338,930.0,-0.09030686695463967,-1.2060318167766908,-0.1902660645235313,-0.16967584081086948,-0.687157976331592,-0.5461984505892106,40.0,0.28281447437534013,,,,
gov_report:118,gov_report,recovery_formal,64,32,physical_delete_value_norm_40,value_norm,40,3,4,0.003817703883407834,0.005570490846772094,0.6992508501256901,0.7150116377137958,0.6853442521353501,0.003961262087465745,0.020330243075607966,0.1051879211101639,0.9984858702406922,0.19484578087600093,0.020330243075607966,37.547187652844904,0.0001055008999366589,0.0001461012871004641,0.0003010682121384889,2.0489304065704346,0.4680196940898895,0.0003010682121384889,21.24745750427246,20.780466079711914,7.696657180786133,4.698644638061523,6.157540798187256,1.308763861656189,930.0,-0.09030686695463967,-1.2060318167766908,-0.1902660645235313,-0.16967584081086948,-0.687157976331592,-0.5461984505892106,40.0,0.28281447437534013,,,,
gov_report:118,gov_report,recovery_formal,64,32,physical_delete_value_norm_40,value_norm,40,4,5,0.0057894982893202775,0.006621203550545527,0.8505375352632377,0.52645486677528,0.8743876011549706,0.006071411003360747,0.02047084037242977,0.2278268030180284,0.9761265728926882,0.29658826374015174,0.02047084037242977,44.494830610634125,0.0001364520534192055,0.00021825410658493638,0.00028170677251182497,2.0035016536712646,0.5263462662696838,0.00028170677251182497,17.6741943359375,17.803678512573242,5.008890151977539,4.986553192138672,7.029331207275391,2.2425849437713623,930.0,-0.09030686695463967,-1.2060318167766908,-0.1902660645235313,-0.16967584081086948,-0.687157976331592,-0.5461984505892106,40.0,0.28281447437534013,8.625396622541072e-10,2.066187080137706e-08,8.625369407956907e-10,2.0660731877637676e-08
gov_report:118,gov_report,recovery_formal,64,32,physical_delete_value_norm_40,value_norm,40,5,6,0.016660190921770974,0.01758902535932757,0.9436785804649409,0.3308822805934229,0.9471923873789841,0.014647581041318226,0.022210690093786185,0.6497269345235434,0.7602302932934709,0.6594833829776471,0.022210690093786185,40.519779031572995,0.0003614921253619087,0.0002776567416731268,0.0005552602815441787,1.8146796226501465,0.5765998959541321,0.0005552602815441787,17.077375411987305,16.85407066345215,4.432143211364746,7.325329780578613,7.942366600036621,1.8788964748382568,930.0,-0.09030686695463967,-1.2060318167766908,-0.1902660645235313,-0.16967584081086948,-0.687157976331592,-0.5461984505892106,40.0,0.28281447437534013,,,,
gov_report:118,gov_report,recovery_formal,64,32,physical_delete_value_norm_40,value_norm,40,6,7,0.00407027885395193,0.007438994400131331,0.5831868508567724,0.813136785076278,0.5471544452137337,0.0037908551264415275,0.02073299941825399,0.25355100895665655,0.969902935376977,0.18284161639940716,0.02073299941825399,42.138432507261804,8.996193975151405e-05,0.00013408494123723358,0.00017267541261389852,1.3356566429138184,0.6230445504188538,0.00017267541261389852,18.31037139892578,19.4422607421875,6.105134010314941,5.4838457107543945,6.566160678863525,1.1134275197982788,930.0,-0.09030686695463967,-1.2060318167766908,-0.1902660645235313,-0.16967584081086948,-0.687157976331592,-0.5461984505892106,40.0,0.28281447437534013,,,,
gov_report:118,gov_report,recovery_formal,64,32,physical_delete_value_norm_40,value_norm,40,7,8,0.024943871104595533,0.024824190688105912,0.9690034632439389,0.24963011196158597,1.0048211205752204,0.02318497511786159,0.029750838719925305,0.8130323856375229,0.583194548628268,0.7793049243460051,0.029750838719925305,45.22481673372205,0.0005126604548642345,0.0006246994016692042,0.001022525248117745,2.3591983318328857,0.34965643286705017,0.001022525248117745,33.388607025146484,33.70271682739258,190.93887329101562,5.881315231323242,6.369912624359131,1.6911430358886719,930.0,-0.09030686695463967,-1.2060318167766908,-0.1902660645235313,-0.16967584081086948,-0.687157976331592,-0.5461984505892106,40.0,0.28281447437534013,9.391179173084307e-08,1.2541516141784044e-07,9.391615873691278e-08,1.2540652945980693e-07
gov_report:118,gov_report,recovery_formal,64,32,physical_delete_value_norm_40,value_norm,40,8,9,0.00483708427006673,0.006283148940449759,0.6651885626070587,0.753974973871762,0.7698503275843851,0.003947454182507831,0.025203184455265017,0.26114047652823125,0.9709423728642294,0.15662521494116974,0.025203184455265017,45.355445646412235,8.703374261344267e-05,0.00019996189803350717,0.00022322330914903432,2.078951597213745,0.4486265182495117,0.00022322330914903432,19.52761459350586,19.395082473754883,6.5878987312316895,6.2014617919921875,7.580902099609375,1.702061414718628,930.0,-0.09030686695463967,-1.2060318167766908,-0.1902660645235313,-0.16967584081086948,-0.687157976331592,-0.5461984505892106,40.0,0.28281447437534013,,,,
gov_report:118,gov_report,recovery_formal,64,32,physical_delete_value_norm_40,value_norm,40,9,10,0.013329248109849434,0.013397587699925545,0.9626513231459275,0.2726579357947224,0.9948991123173248,0.011641913133712403,0.026572753895668526,0.374250600432435,0.9295241291323232,0.4381146635919465,0.026572753895668526,44.189374115684814,0.0002634550356661458,0.0003885251935571432,0.00044803207856602967,2.2269506454467773,0.4354945719242096,0.00044803207856602967,18.2038631439209,18.786043167114258,4.57858419418335,6.501474380493164,7.412312030792236,1.4930347204208374,930.0,-0.09030686695463967,-1.2060318167766908,-0.1902660645235313,-0.16967584081086948,-0.687157976331592,-0.5461984505892106,40.0,0.28281447437534013,,,,
gov_report:118,gov_report,recovery_formal,64,32,physical_delete_value_norm_40,value_norm,40,10,11,0.0388492453637018,0.03862704685585571,0.966885120938286,0.2581546607372594,1.0057524073397397,0.03899199821786428,0.042067575899012374,0.843325279374909,0.5438616251754831,0.9268895909635645,0.042067575899012374,46.68971400947008,0.0008351303717550194,0.0005529351183213294,0.0013410167302936316,2.3686482906341553,0.40236708521842957,0.0013410167302936316,19.346406936645508,18.44011878967285,5.962368965148926,7.675694465637207,8.210563659667969,2.1670687198638916,930.0,-0.09030686695463967,-1.2060318167766908,-0.1902660645235313,-0.16967584081086948,-0.687157976331592,-0.5461984505892106,40.0,0.28281447437534013,8.661643755014659e-08,2.8107470177305327e-07,8.661742850917488e-08,2.8105682230759887e-07
gov_report:118,gov_report,recovery_formal,64,32,physical_delete_value_norm_40,value_norm,40,11,12,0.061501429410183724,0.059923797349446174,0.967659555586845,0.25899206406028286,1.0263273045187302,0.05141542110018943,0.06134100840179532,0.8104728346067692,0.586431604509601,0.8381900206695103,0.06134100840179532,48.03047173615095,0.001070475038900997,0.0012124438071623445,0.0023671372327953577,2.6575889587402344,0.31485477089881897,0.0023671372327953577,19.778423309326172,19.27955436706543,6.060896396636963,7.990485668182373,7.711547374725342,1.17240571975708,930.0,-0.09030686695463967,-1.2060318167766908,-0.1902660645235313,-0.16967584081086948,-0.687157976331592,-0.5461984505892106,40.0,0.28281447437534013,,,,
gov_report:118,gov_report,recovery_formal,64,32,physical_delete_value_norm_40,value_norm,40,12,13,0.008765750640019394,0.01954190459824257,0.6464479104352222,0.7882030432291497,0.44856173542100447,0.0066429191978621075,0.0572803821463563,0.130398011157148,0.9915666740714462,0.11597197764653312,0.0572803821463563,50.339519306992884,0.00013196230892374274,0.0003475939156487584,0.0002849350275937468,2.3989434242248535,0.37009191513061523,0.0002849350275937468,16.213207244873047,17.360021591186523,3.8693184852600098,6.803261756896973,8.545658111572266,1.2773391008377075,930.0,-0.09030686695463967,-1.2060318167766908,-0.1902660645235313,-0.16967584081086948,-0.687157976331592,-0.5461984505892106,40.0,0.28281447437534013,,,,
gov_report:118,gov_report,recovery_formal,64,32,physical_delete_value_norm_40,value_norm,40,13,14,0.07306871683435442,0.07223377544381374,0.9860963239965144,0.16811419170255112,1.0115588778990259,0.06648599217423833,0.09466931832867434,0.8175098717144483,0.5873257882784056,0.7022971470377686,0.09466931832867434,56.65041317361768,0.0011736188396451292,0.002173518529161811,0.0034813068341463804,2.4518649578094482,0.2893080413341522,0.0034813068341463804,18.14773941040039,19.13922691345215,3.4144325256347656,6.64589786529541,7.837846279144287,1.5875868797302246,930.0,-0.09030686695463967,-1.2060318167766908,-0.1902660645235313,-0.16967584081086948,-0.687157976331592,-0.5461984505892106,40.0,0.28281447437534013,,,,
gov_report:118,gov_report,recovery_formal,64,32,physical_delete_value_norm_40,value_norm,40,14,15,0.016960023339706004,0.023710710920747165,0.6875209109709772,0.7266953236003338,0.7152895329201527,0.013654688547996827,0.08538364905023622,0.18385056988542564,0.9832454242138602,0.1599215856886483,0.08538364905023622,54.519862808917075,0.00025045346492991383,0.0003988167445641011,0.0005453602061606944,1.5485754013061523,0.6331102252006531,0.0005453602061606944,19.711200714111328,18.87380027770996,8.56923770904541,8.314203262329102,9.240920066833496,1.5126851797103882,930.0,-0.09030686695463967,-1.2060318167766908,-0.1902660645235313,-0.16967584081086948,-0.687157976331592,-0.5461984505892106,40.0,0.28281447437534013,6.81243624206606e-08,2.192490468640264e-06,6.812438594903991e-08,2.193356958281469e-06
gov_report:118,gov_report,recovery_formal,64,32,physical_delete_value_norm_40,value_norm,40,15,16,0.022813201392118614,0.039307395940895384,0.5401342199389959,0.8425406197562196,0.5803793623577027,0.021013905908673577,0.07916166317668767,0.3586686947407618,0.9381073768672455,0.26545558879644615,0.07916166317668767,55.99038392895532,0.00037531276683756186,0.0004917797050438821,0.0007852275739423931,2.6015524864196777,0.33535036444664,0.0007852275739423931,54.83077621459961,55.240028381347656,1430.170166015625,6.474466323852539,7.917817115783691,1.910224199295044,930.0,-0.09030686695463967,-1.2060318167766908,-0.1902660645235313,-0.16967584081086948,-0.687157976331592,-0.5461984505892106,40.0,0.28281447437534013,,,,
gov_report:118,gov_report,recovery_formal,64,32,physical_delete_value_norm_40,value_norm,40,16,17,0.013948383819962027,0.022656472817553716,0.23784850578601646,1.0421898101617433,0.6156467483833202,0.011488051974790841,0.08092074897328291,0.12609923827154285,0.9921445250362709,0.1419667034790271,0.08092074897328291,61.28877387118227,0.00018744137383033005,0.0004962323582731187,0.000599160382989794,2.6431291103363037,0.335478276014328,0.000599160382989794,14.625527381896973,17.687450408935547,5.032613277435303,6.48121452331543,8.538064002990723,2.7637205123901367,930.0,-0.09030686695463967,-1.2060318167766908,-0.1902660645235313,-0.16967584081086948,-0.687157976331592,-0.5461984505892106,40.0,0.28281447437534013,,,,
gov_report:118,gov_report,recovery_formal,64,32,physical_delete_value_norm_40,value_norm,40,17,18,0.021852549624547843,0.024878726753028466,0.8936266242962826,0.4490706389862364,0.878362861631886,0.020521512993403067,0.08077732689418878,0.23805883052954693,0.9713823777544293,0.2540504097181187,0.08077732689418878,65.82131568743266,0.00031177609835169646,0.000751095125451684,0.0008488509920425713,2.4544594287872314,0.4210284650325775,0.0008488509920425713,15.390554428100586,15.99404239654541,6.328035831451416,7.264613151550293,9.414156913757324,3.633857011795044,930.0,-0.09030686695463967,-1.2060318167766908,-0.1902660645235313,-0.16967584081086948,-0.687157976331592,-0.5461984505892106,40.0,0.28281447437534013,1.8949457550836287e-07,2.9955816068436534e-06,1.8950338716428154e-07,2.9970024959706863e-06
gov_report:118,gov_report,recovery_formal,64,32,physical_delete_value_norm_40,value_norm,40,18,19,0.030222049501361946,0.03367028991618982,0.9038333917344797,0.4279301396436549,0.8975880390869506,0.02828764106864862,0.08684956009524415,0.346443494226825,0.9382999758907693,0.3257085129461426,0.08684956009524415,74.59543302970945,0.0003792141143196042,0.0008739187032915652,0.001427297480404377,2.3515961170196533,0.3916584253311157,0.001427297480404377,21.251792907714844,21.73326873779297,6.371682643890381,7.506573677062988,9.302448272705078,2.6002094745635986,930.0,-0.09030686695463967,-1.2060318167766908,-0.1902660645235313,-0.16967584081086948,-0.687157976331592,-0.5461984505892106,40.0,0.28281447437534013,2.0777813788782409e-07,2.759620431112978e-06,2.0776530335684119e-07,2.7606718751317003e-06
gov_report:118,gov_report,recovery_formal,64,32,physical_delete_value_norm_40,value_norm,40,19,20,0.015962078010362778,0.021200659245352922,0.7456572796472775,0.666369077758604,0.7529047953478892,0.016165129889838703,0.08695047943611553,0.2884589811156537,0.9629679732876651,0.18591191209837535,0.08695047943611553,76.51608620519153,0.0002112644633507394,0.00018745560373645276,0.0004212250642012805,1.1246442794799805,0.7487652897834778,0.0004212250642012805,18.193004608154297,17.982681274414062,3.5542969703674316,9.530681610107422,10.035527229309082,3.2952487468719482,930.0,-0.09030686695463967,-1.2060318167766908,-0.1902660645235313,-0.16967584081086948,-0.687157976331592,-0.5461984505892106,40.0,0.28281447437534013,,,,
gov_report:118,gov_report,recovery_formal,64,32,physical_delete_value_norm_40,value_norm,40,20,21,0.01942079453799033,0.043214527937112286,0.44589236472557736,0.8950934770995399,0.44940429677381505,0.020044677911867516,0.09698254778129047,0.1804605203000635,0.9839317239701039,0.2066833504629218,0.09698254778129047,86.79291004304288,0.0002309483332443495,0.00047507506678812206,0.00038682654849253595,2.1910228729248047,0.45201238989830017,0.00038682654849253595,17.03824234008789,17.9105281829834,5.141685962677002,7.989836692810059,11.440566062927246,5.524003505706787,930.0,-0.09030686695463967,-1.2060318167766908,-0.1902660645235313,-0.16967584081086948,-0.687157976331592,-0.5461984505892106,40.0,0.28281447437534013,,,,
gov_report:118,gov_report,recovery_formal,64,32,physical_delete_value_norm_40,value_norm,40,21,22,0.09365907416742694,0.09445064172500142,0.9839300028414196,0.17872009952626258,0.991619246379721,0.09940629935231475,0.14083149250004712,0.6714947381814174,0.7418054266961412,0.7058527719024315,0.14083149250004712,112.84606409680809,0.0008809017855247156,0.0014648217475041747,0.001990234013646841,2.601034164428711,0.3637765645980835,0.001990234013646841,15.269636154174805,16.540220260620117,4.666530609130859,7.975123405456543,11.156213760375977,7.039364814758301,930.0,-0.09030686695463967,-1.2060318167766908,-0.1902660645235313,-0.16967584081086948,-0.687157976331592,-0.5461984505892106,40.0,0.28281447437534013,,,,
gov_report:118,gov_report,recovery_formal,64,32,physical_delete_value_norm_40,value_norm,40,22,23,0.020333839039119485,0.03418031743436608,0.6105175732507071,0.792156695616131,0.5948990695643784,0.019504872046190273,0.1676980353937786,0.1465667641328253,0.989663420877612,0.11630948448734112,0.1676980353937786,137.7139343958075,0.0001416332496182323,0.0005132798687554896,0.0007581029785797,1.7165521383285522,0.5662129521369934,0.0007581029785797,16.996646881103516,18.78606605529785,4.718615531921387,7.750916481018066,10.897381782531738,9.492207527160645,930.0,-0.09030686695463967,-1.2060318167766908,-0.1902660645235313,-0.16967584081086948,-0.687157976331592,-0.5461984505892106,40.0,0.28281447437534013,1.9337827727689465e-08,4.844155892535724e-06,1.9337264343642214e-08,4.8499216164211986e-06
gov_report:118,gov_report,recovery_formal,64,32,physical_delete_value_norm_40,value_norm,40,23,24,0.03687190530301833,0.04723603148761577,0.8334576490401797,0.5551067365315312,0.7805885494992381,0.03816259389884055,0.17631002022558942,0.1284701238271272,0.9956084447928217,0.21645164494911492,0.17631002022558942,168.7217432738949,0.00022618657890992273,0.0006546161603182554,0.0006568332319147885,1.5614185333251953,0.6542168855667114,0.0006568332319147885,15.805856704711914,17.27875518798828,4.734375476837158,10.934917449951172,13.723543167114258,11.116069793701172,930.0,-0.09030686695463967,-1.2060318167766908,-0.1902660645235313,-0.16967584081086948,-0.687157976331592,-0.5461984505892106,40.0,0.28281447437534013,,,,
gov_report:118,gov_report,recovery_formal,64,32,physical_delete_value_norm_40,value_norm,40,24,25,0.014721640307496285,0.033225900104304734,0.3595287278782642,0.9368668254759761,0.44307724580165564,0.015532564833147888,0.19713357262990913,0.08568286963644813,0.9963462895952319,0.07879208308322053,0.19713357262990913,197.46158304534924,7.866119876887983e-05,0.0005050942418165505,0.0003731188189703971,1.414331078529358,0.6576305031776428,0.0003731188189703971,16.5584716796875,17.713163375854492,6.147218227386475,8.702098846435547,16.240032196044922,64.60082244873047,930.0,-0.09030686695463967,-1.2060318167766908,-0.1902660645235313,-0.16967584081086948,-0.687157976331592,-0.5461984505892106,40.0,0.28281447437534013,,,,
gov_report:118,gov_report,recovery_formal,64,32,physical_delete_value_norm_40,value_norm,40,25,26,0.03257149147122492,0.03791613768561205,0.7824189516374992,0.6274483404298532,0.8590403310932366,0.03503519649108538,0.21061929571296034,0.18505858515323823,0.9829056752081342,0.16634371685884194,0.21061929571296034,231.774457186329,0.00015116073149907004,0.0009979932801797986,0.000538068066816777,1.7410858869552612,0.6209061741828918,0.000538068066816777,14.925004005432129,16.255693435668945,7.011384010314941,8.922800064086914,20.47410774230957,51.90030288696289,930.0,-0.09030686695463967,-1.2060318167766908,-0.1902660645235313,-0.16967584081086948,-0.687157976331592,-0.5461984505892106,40.0,0.28281447437534013,,,,
gov_report:118,gov_report,recovery_formal,64,32,physical_delete_value_norm_40,value_norm,40,26,27,0.14988375609152635,0.16267294769097876,0.9840179766600325,0.18876445094852665,0.9213809562008591,0.10180763115588946,0.24762835211146786,0.4063249774111509,0.9137412698472267,0.41113075416364925,0.24762835211146786,266.26744689682823,0.0003823510246648262,0.0023747377563267946,0.0016058144392445683,2.2269129753112793,0.551287055015564,0.0016058144392445683,15.250812530517578,15.781904220581055,4.99522590637207,11.14824104309082,25.210920333862305,138.85348510742188,930.0,-0.09030686695463967,-1.2060318167766908,-0.1902660645235313,-0.16967584081086948,-0.687157976331592,-0.5461984505892106,40.0,0.28281447437534013,3.258564669416736e-07,5.4150013628985515e-06,3.258546053414303e-07,5.418176473353627e-06
gov_report:118,gov_report,recovery_formal,64,32,physical_delete_value_norm_40,value_norm,40,27,28,0.13366525895579923,0.10420229408570937,0.5993748598506139,1.052496220036491,1.282747756453958,0.11740713454595357,0.2837238505693872,0.24355614775324436,0.9847162121873271,0.41380777227694016,0.2837238505693872,277.0764355064672,0.00042373554550514345,0.0044085741974413395,0.0019519510678946972,3.388044595718384,0.22012819349765778,0.0019519510678946972,16.143829345703125,15.099434852600098,3.4911117553710938,12.055994033813477,24.85857391357422,128.97312927246094,930.0,-0.09030686695463967,-1.2060318167766908,-0.1902660645235313,-0.16967584081086948,-0.687157976331592,-0.5461984505892106,40.0,0.28281447437534013,,,,
gov_report:118,gov_report,recovery_formal,64,32,physical_delete_aov_22,aov,22,0,1,0.0015078643518278288,0.001508849892453906,0.9999554566188158,0.009458076377701807,0.9993468265922236,0.002066685282064982,0.0020691595584872596,0.9999658722711484,0.008342886063582449,0.9988042118781374,0.0020691595584872596,17.811796611166244,0.00011602901869929133,7.415237632812932e-05,0.00013814809790346771,1.4475394487380981,0.6106985807418823,0.00013814809790346771,778.3533935546875,778.7850341796875,1835.5584716796875,4.2228803634643555,4.119892120361328,0.8141310214996338,948.0,-0.5780231448148944,0.5764354816177529,-0.5632830281582115,-0.564918267845226,1.0963486727281972,0.7774279993646076,22.0,0.40059652281259983,2.6573340108833303e-10,2.7687639234692835e-10,2.657334452662316e-10,2.7687837763322254e-10
gov_report:118,gov_report,recovery_formal,64,32,physical_delete_aov_22,aov,22,1,2,0.005839472506179095,0.005814743843595348,0.9969790634028893,0.07801059979123758,1.004252751840648,0.005938565518637864,0.006352082888490099,0.943395270518716,0.33177933111476227,0.9349005078945799,0.006352082888490099,29.979029714624765,0.00019809065120412602,0.000258291547652334,0.0004152767942287028,2.940613031387329,0.24005000293254852,0.0004152767942287028,91.32377624511719,91.03246307373047,3914.031494140625,4.720152854919434,4.038740634918213,0.6489341259002686,948.0,-0.5780231448148944,0.5764354816177529,-0.5632830281582115,-0.564918267845226,1.0963486727281972,0.7774279993646076,22.0,0.40059652281259983,,,,
gov_report:118,gov_report,recovery_formal,64,32,physical_delete_aov_22,aov,22,2,3,0.0017126010304432924,0.0020325174529076478,0.8469821380714393,0.5316394013379621,0.8426008977159364,0.0015571466429095467,0.006303927968675074,0.28566826335206325,0.9591078877538203,0.24701212492388605,0.006303927968675074,32.13518045202342,4.845613502106535e-05,4.4662108848569915e-05,5.517391400644556e-05,2.315605878829956,0.38336262106895447,5.517391400644556e-05,28.460372924804688,26.500608444213867,53.71996307373047,7.0680742263793945,5.868166923522949,1.2750685214996338,948.0,-0.5780231448148944,0.5764354816177529,-0.5632830281582115,-0.564918267845226,1.0963486727281972,0.7774279993646076,22.0,0.40059652281259983,,,,
gov_report:118,gov_report,recovery_formal,64,32,physical_delete_aov_22,aov,22,3,4,0.0013646911192558928,0.0019238938583577287,0.7534214014582614,0.6590140617908471,0.709338050707651,0.001322081314214077,0.007288786977738823,0.43499319839116424,0.9354665731044963,0.1813856432149732,0.007288786977738823,37.547187652844904,3.5211194149554485e-05,2.9980679755681194e-05,3.088922312599607e-05,2.0489304065704346,0.4680196940898895,3.088922312599607e-05,21.076740264892578,20.780466079711914,7.696657180786133,7.564949035644531,6.157540798187256,1.308763861656189,948.0,-0.5780231448148944,0.5764354816177529,-0.5632830281582115,-0.564918267845226,1.0963486727281972,0.7774279993646076,22.0,0.40059652281259983,,,,
gov_report:118,gov_report,recovery_formal,64,32,physical_delete_aov_22,aov,22,4,5,0.003965920592542709,0.00415778560608399,0.9315643304013254,0.36425915145864673,0.9538540387314512,0.0039566926092536965,0.009892396729094824,0.5299663230983329,0.8579242005132773,0.3999731023338914,0.009892396729094824,44.494830610634125,8.892477069702698e-05,0.00012629199773073196,8.880867244442925e-05,2.0035016536712646,0.5263462662696838,8.880867244442925e-05,18.55060577392578,17.803678512573242,5.008890151977539,6.882534503936768,7.029331207275391,2.2425849437713623,948.0,-0.5780231448148944,0.5764354816177529,-0.5632830281582115,-0.564918267845226,1.0963486727281972,0.7774279993646076,22.0,0.40059652281259983,4.609156679778346e-10,7.495962140645901e-09,4.6091561757877853e-10,7.496074197279962e-09
gov_report:118,gov_report,recovery_formal,64,32,physical_delete_aov_22,aov,22,5,6,0.002183997293108395,0.004499136751406674,0.4581236463019992,0.8893076718227267,0.4854258525094974,0.0018304785874601337,0.008677049122312486,0.33187803793895715,0.9510410207877443,0.2109563472163795,0.008677049122312486,40.519779031572995,4.517494002210194e-05,4.779296796186827e-05,6.122468039393425e-05,1.8146796226501465,0.5765998959541321,6.122468039393425e-05,17.933589935302734,16.85407066345215,4.432143211364746,9.07262897491455,7.942366600036621,1.8788964748382568,948.0,-0.5780231448148944,0.5764354816177529,-0.5632830281582115,-0.564918267845226,1.0963486727281972,0.7774279993646076,22.0,0.40059652281259983,,,,
gov_report:118,gov_report,recovery_formal,64,32,physical_delete_aov_22,aov,22,6,7,0.002522133123050531,0.002641593359313294,0.9582698308230524,0.2858865680177024,0.9547772045074273,0.0023485207106327985,0.00805869816068445,0.3251940404770443,0.9462499996217176,0.29142681160220196,0.00805869816068445,42.138432507261804,5.573346161436055e-05,5.84264489589259e-05,8.39872591313906e-05,1.3356566429138184,0.6230445504188538,8.39872591313906e-05,21.020477294921875,19.4422607421875,6.105134010314941,7.761638641357422,6.566160678863525,1.1134275197982788,948.0,-0.5780231448148944,0.5764354816177529,-0.5632830281582115,-0.564918267845226,1.0963486727281972,0.7774279993646076,22.0,0.40059652281259983,,,,
gov_report:118,gov_report,recovery_formal,64,32,physical_delete_aov_22,aov,22,7,8,0.0011605605962665528,0.0024087546747026084,0.5435137179542897,0.8416651731681882,0.48180937994851586,0.0010341876413722498,0.0068863169387118894,0.24276218245189318,0.9744936983513589,0.15018008183133352,0.0068863169387118894,45.22481673372205,2.286770220565878e-05,3.360601840540767e-05,3.5874116292688996e-05,2.3591983318328857,0.34965643286705017,3.5874116292688996e-05,34.85817337036133,33.70271682739258,190.93887329101562,6.982377052307129,6.369912624359131,1.6911430358886719,948.0,-0.5780231448148944,0.5764354816177529,-0.5632830281582115,-0.564918267845226,1.0963486727281972,0.7774279993646076,22.0,0.40059652281259983,1.0505124638015233e-10,1.4119559422703228e-08,1.0505391153217622e-10,1.4119816798569452e-08
gov_report:118,gov_report,recovery_formal,64,32,physical_delete_aov_22,aov,22,8,9,0.0023150880983490983,0.0028127796337781685,0.7862904582820357,0.6189502069433821,0.8230606018856289,0.0020817546234701083,0.006337222168888791,0.3532018727886241,0.9358732808426892,0.32849639289751087,0.006337222168888791,45.355445646412235,4.589866980250434e-05,5.2795905503444374e-05,8.269417594419792e-05,2.078951597213745,0.4486265182495117,8.269417594419792e-05,20.445594787597656,19.395082473754883,6.5878987312316895,9.005279541015625,7.580902099609375,1.702061414718628,948.0,-0.5780231448148944,0.5764354816177529,-0.5632830281582115,-0.564918267845226,1.0963486727281972,0.7774279993646076,22.0,0.40059652281259983,,,,
gov_report:118,gov_report,recovery_formal,64,32,physical_delete_aov_22,aov,22,9,10,0.0021307759868053524,0.0022285499690629963,0.9447657576315557,0.32794318529554295,0.9561266367750536,0.0018596809387481112,0.006437096947812708,0.22374063441348938,0.9768244186833249,0.2889005640003637,0.006437096947812708,44.189374115684814,4.2084346654912816e-05,4.748444553115405e-05,5.3880034101894125e-05,2.2269506454467773,0.4354945719242096,5.3880034101894125e-05,19.596691131591797,18.786043167114258,4.57858419418335,8.058574676513672,7.412312030792236,1.4930347204208374,948.0,-0.5780231448148944,0.5764354816177529,-0.5632830281582115,-0.564918267845226,1.0963486727281972,0.7774279993646076,22.0,0.40059652281259983,,,,
gov_report:118,gov_report,recovery_formal,64,32,physical_delete_aov_22,aov,22,10,11,0.0006933543743781788,0.0018437317869527301,0.33312429224480894,0.9438600048712336,0.37606032465499556,0.0006706695422250315,0.0058297556246086745,0.040851427178068896,1.0019159012360053,0.11504247954991262,0.0058297556246086745,46.68971400947008,1.4364396022837053e-05,1.1014973097189795e-05,1.3416264664556365e-05,2.3686482906341553,0.40236708521842957,1.3416264664556365e-05,20.047637939453125,18.44011878967285,5.962368965148926,8.699039459228516,8.210563659667969,2.1670687198638916,948.0,-0.5780231448148944,0.5764354816177529,-0.5632830281582115,-0.564918267845226,1.0963486727281972,0.7774279993646076,22.0,0.40059652281259983,8.766864503264306e-11,1.5891806352257556e-08,8.76696419074174e-11,1.5892150911492018e-08
gov_report:118,gov_report,recovery_formal,64,32,physical_delete_aov_22,aov,22,11,12,0.001978350834642426,0.0023866683564021246,0.842227025341925,0.5392872935263209,0.8289173606109094,0.0016860802372473534,0.00564192230245652,0.3488554662552786,0.9385097529792689,0.2988485390011887,0.00564192230245652,48.03047173615095,3.510438636767118e-05,4.8448284360347316e-05,5.1380848162807524e-05,2.6575889587402344,0.31485477089881897,5.1380848162807524e-05,18.853458404541016,19.27955436706543,6.060896396636963,8.050750732421875,7.711547374725342,1.17240571975708,948.0,-0.5780231448148944,0.5764354816177529,-0.5632830281582115,-0.564918267845226,1.0963486727281972,0.7774279993646076,22.0,0.40059652281259983,,,,
gov_report:118,gov_report,recovery_formal,64,32,physical_delete_aov_22,aov,22,12,13,0.0014242673199467734,0.0017906963829940313,0.7307081947438235,0.6857454085632444,0.7953706353979499,0.0011469241251576257,0.005586395868300828,0.2317850663932621,0.9731273248877084,0.2053066327908618,0.005586395868300828,50.339519306992884,2.2783771894267998e-05,2.153932291548699e-05,6.123203638708219e-05,2.3989434242248535,0.37009191513061523,6.123203638708219e-05,19.06340789794922,17.360021591186523,3.8693184852600098,9.325103759765625,8.545658111572266,1.2773391008377075,948.0,-0.5780231448148944,0.5764354816177529,-0.5632830281582115,-0.564918267845226,1.0963486727281972,0.7774279993646076,22.0,0.40059652281259983,,,,
gov_report:118,gov_report,recovery_formal,64,32,physical_delete_aov_22,aov,22,13,14,0.0013219348492468942,0.0013284510933286335,0.8390665892585709,0.5659611989985887,0.9950948558705223,0.0012565980006271184,0.0057306962747201845,0.2393430014786006,0.9711424485126873,0.2192749258358619,0.0057306962747201845,56.65041317361768,2.2181621107969625e-05,1.8622384232003242e-05,3.8200243579922244e-05,2.4518649578094482,0.2893080413341522,3.8200243579922244e-05,21.32840347290039,19.13922691345215,3.4144325256347656,9.312055587768555,7.837846279144287,1.5875868797302246,948.0,-0.5780231448148944,0.5764354816177529,-0.5632830281582115,-0.564918267845226,1.0963486727281972,0.7774279993646076,22.0,0.40059652281259983,,,,
gov_report:118,gov_report,recovery_formal,64,32,physical_delete_aov_22,aov,22,14,15,0.00048434190378877126,0.0007690483924930769,0.6322027826257428,0.7748067145251708,0.629793792583906,0.0003916702827573592,0.005592294361721398,0.17052242137609774,0.9904641964450482,0.07003749399142802,0.005592294361721398,54.519862808917075,7.183992449322506e-06,8.843842806527391e-06,1.4444426597037818e-05,1.5485754013061523,0.6331102252006531,1.4444426597037818e-05,19.68105697631836,18.87380027770996,8.56923770904541,10.90955638885498,9.240920066833496,1.5126851797103882,948.0,-0.5780231448148944,0.5764354816177529,-0.5632830281582115,-0.564918267845226,1.0963486727281972,0.7774279993646076,22.0,0.40059652281259983,4.2980593648898546e-11,2.0365481916984616e-08,4.298335049043893e-11,2.0365896372718894e-08
gov_report:118,gov_report,recovery_formal,64,32,physical_delete_aov_22,aov,22,15,16,0.00017003942724931037,0.001175892570241558,-0.018554288994152658,1.0130530826331083,0.14460455959372207,0.00016171538825683816,0.005482078779955409,-0.06640155638773862,1.0023910086149728,0.029498917244336564,0.005482078779955409,55.99038392895532,2.888270751313912e-06,2.8626443508983357e-06,4.454502231965307e-06,2.6015524864196777,0.33535036444664,4.454502231965307e-06,56.81373596191406,55.240028381347656,1430.170166015625,8.538305282592773,7.917817115783691,1.910224199295044,948.0,-0.5780231448148944,0.5764354816177529,-0.5632830281582115,-0.564918267845226,1.0963486727281972,0.7774279993646076,22.0,0.40059652281259983,,,,
gov_report:118,gov_report,recovery_formal,64,32,physical_delete_aov_22,aov,22,16,17,0.0003683642329179161,0.0010216404557619448,0.2839926325694341,0.9618788794662034,0.3605615173521962,0.0003386886969089049,0.005838965466152837,0.06175189831829842,0.9980985637382377,0.05800491523236552,0.005838965466152837,61.28877387118227,5.526113112015689e-06,5.206401056057075e-06,1.5801157132955268e-05,2.6431291103363037,0.335478276014328,1.5801157132955268e-05,19.409278869628906,17.687450408935547,5.032613277435303,8.031317710876465,8.538064002990723,2.7637205123901367,948.0,-0.5780231448148944,0.5764354816177529,-0.5632830281582115,-0.564918267845226,1.0963486727281972,0.7774279993646076,22.0,0.40059652281259983,,,,
gov_report:118,gov_report,recovery_formal,64,32,physical_delete_aov_22,aov,22,17,18,0.0027577400815066567,0.002944288584562982,0.9434812792688897,0.33149641210029757,0.936640550782146,0.0026722084484463765,0.006807524944406563,0.3942732792392036,0.9189948826835073,0.3925374449993033,0.006807524944406563,65.82131568743266,4.059791908651538e-05,3.8521822716575116e-05,6.407613545889035e-05,2.4544594287872314,0.4210284650325775,6.407613545889035e-05,17.342395782470703,15.99404239654541,6.328035831451416,10.164650917053223,9.414156913757324,3.633857011795044,948.0,-0.5780231448148944,0.5764354816177529,-0.5632830281582115,-0.564918267845226,1.0963486727281972,0.7774279993646076,22.0,0.40059652281259983,1.8416342000782547e-09,2.1454756740242756e-08,1.8415871971409749e-09,2.145523237580114e-08
gov_report:118,gov_report,recovery_formal,64,32,physical_delete_aov_22,aov,22,18,19,0.000588365566154251,0.0016462683647768884,0.36020534319681735,0.9328772788282838,0.35739347164943525,0.0005399905122261843,0.0071553791591937,0.02134327868348227,1.0012361228941047,0.07546637294997416,0.0071553791591937,74.59543302970945,7.2389218789187786e-06,8.824114956951234e-06,1.3543514796765521e-05,2.3515961170196533,0.3916584253311157,1.3543514796765521e-05,23.656131744384766,21.73326873779297,6.371682643890381,10.571054458618164,9.302448272705078,2.6002094745635986,948.0,-0.5780231448148944,0.5764354816177529,-0.5632830281582115,-0.564918267845226,1.0963486727281972,0.7774279993646076,22.0,0.40059652281259983,7.605456662879548e-11,2.176608842619454e-08,7.60563984091534e-11,2.176663215825114e-08
gov_report:118,gov_report,recovery_formal,64,32,physical_delete_aov_22,aov,22,19,20,0.0011548654263663105,0.0015054615832933943,0.7335429323104556,0.6804718919706231,0.7671171680381847,0.0009422669698446194,0.007487628553189961,0.15859712818832203,0.9878865178801463,0.1258431776030322,0.007487628553189961,76.51608620519153,1.2314625807150701e-05,1.6732539734221064e-05,2.2553906092070974e-05,1.1246442794799805,0.7487652897834778,2.2553906092070974e-05,18.953418731689453,17.982681274414062,3.5542969703674316,11.523584365844727,10.035527229309082,3.2952487468719482,948.0,-0.5780231448148944,0.5764354816177529,-0.5632830281582115,-0.564918267845226,1.0963486727281972,0.7774279993646076,22.0,0.40059652281259983,,,,
gov_report:118,gov_report,recovery_formal,64,32,physical_delete_aov_22,aov,22,20,21,0.0001759200222470672,0.0022582051479335154,0.17203104693717453,0.9895784384891754,0.07790258666625205,0.0001945802918092484,0.008026350055046549,-0.07214622092193364,1.002040789773149,0.024242686959174736,0.008026350055046549,86.79291004304288,2.2418915521181504e-06,1.1381787317077396e-06,2.285220716657932e-06,2.1910228729248047,0.45201238989830017,2.285220716657932e-06,21.075149536132812,17.9105281829834,5.141685962677002,11.469789505004883,11.440566062927246,5.524003505706787,948.0,-0.5780231448148944,0.5764354816177529,-0.5632830281582115,-0.564918267845226,1.0963486727281972,0.7774279993646076,22.0,0.40059652281259983,,,,
gov_report:118,gov_report,recovery_formal,64,32,physical_delete_aov_22,aov,22,21,22,0.0024281318689695834,0.002939318630010263,0.7816876592837365,0.6252484892875769,0.8260866461289722,0.0021641775675012007,0.009305014831600024,0.21828013150376835,0.9759909442991705,0.23258185039658494,0.009305014831600024,112.84606409680809,1.9178139572901734e-05,3.221936276531778e-05,5.082607822259888e-05,2.601034164428711,0.3637765645980835,5.082607822259888e-05,18.15799331665039,16.540220260620117,4.666530609130859,12.051054000854492,11.156213760375977,7.039364814758301,948.0,-0.5780231448148944,0.5764354816177529,-0.5632830281582115,-0.564918267845226,1.0963486727281972,0.7774279993646076,22.0,0.40059652281259983,,,,
gov_report:118,gov_report,recovery_formal,64,32,physical_delete_aov_22,aov,22,22,23,0.001531279021853152,0.0018855227132384181,0.8106114217794954,0.5855863830514676,0.8121244104363791,0.0014652974626056178,0.01086830539411189,0.1689028052996653,0.9862217174474199,0.13482299304907924,0.01086830539411189,137.7139343958075,1.0640153946906817e-05,1.8964303308166564e-05,2.1514240870601498e-05,1.7165521383285522,0.5662129521369934,2.1514240870601498e-05,20.460262298583984,18.78606605529785,4.718615531921387,12.627809524536133,10.897381782531738,9.492207527160645,948.0,-0.5780231448148944,0.5764354816177529,-0.5632830281582115,-0.564918267845226,1.0963486727281972,0.7774279993646076,22.0,0.40059652281259983,1.6018711833866816e-10,2.188974838950665e-08,1.6018732148658588e-10,2.189025329011618e-08
gov_report:118,gov_report,recovery_formal,64,32,physical_delete_aov_22,aov,22,23,24,0.004209609197463961,0.004294125293291556,0.970707626924892,0.24045595486778837,0.9803182045107932,0.0036943921976950287,0.012868316053947419,0.31309087457211826,0.9500789647459499,0.2870921247354471,0.012868316053947419,168.7217432738949,2.1896360990638456e-05,5.213531767367385e-05,7.328746869461611e-05,1.5614185333251953,0.6542168855667114,7.328746869461611e-05,18.101221084594727,17.27875518798828,4.734375476837158,15.552007675170898,13.723543167114258,11.116069793701172,948.0,-0.5780231448148944,0.5764354816177529,-0.5632830281582115,-0.564918267845226,1.0963486727281972,0.7774279993646076,22.0,0.40059652281259983,,,,
gov_report:118,gov_report,recovery_formal,64,32,physical_delete_aov_22,aov,22,24,25,0.002088822605554014,0.0031138462544259894,0.6970933556905553,0.7174616876682731,0.6708175147006642,0.0020399394943416494,0.014876302492006381,0.10346221871172588,0.9952029301332342,0.13712678237336118,0.014876302492006381,197.46158304534924,1.0330817077837133e-05,1.7611024304642342e-05,1.9279024854768068e-05,1.414331078529358,0.6576305031776428,1.9279024854768068e-05,18.3109188079834,17.713163375854492,6.147218227386475,17.204364776611328,16.240032196044922,64.60082244873047,948.0,-0.5780231448148944,0.5764354816177529,-0.5632830281582115,-0.564918267845226,1.0963486727281972,0.7774279993646076,22.0,0.40059652281259983,,,,
gov_report:118,gov_report,recovery_formal,64,32,physical_delete_aov_22,aov,22,25,26,0.002132062709356879,0.0030943331123512016,0.6576688131683674,0.7539593733547184,0.689021715485845,0.00223429476094857,0.016172679750180108,0.15442980349921195,0.9881378391574305,0.13815241477985044,0.016172679750180108,231.774457186329,9.639952512767046e-06,1.0217234375886619e-05,1.7868240320240147e-05,1.7410858869552612,0.6209061741828918,1.7868240320240147e-05,18.616361618041992,16.255693435668945,7.011384010314941,26.82750701904297,20.47410774230957,51.90030288696289,948.0,-0.5780231448148944,0.5764354816177529,-0.5632830281582115,-0.564918267845226,1.0963486727281972,0.7774279993646076,22.0,0.40059652281259983,,,,
gov_report:118,gov_report,recovery_formal,64,32,physical_delete_aov_22,aov,22,26,27,0.0020333770433448063,0.0023674472523376733,0.877445538283369,0.4800350310878948,0.8588901152230538,0.0021890697234535983,0.017591563448322987,0.07074472493401984,0.9989385453124262,0.1244386111492713,0.017591563448322987,266.26744689682823,8.221319387577281e-06,1.157062069978565e-05,1.5914612959022634e-05,2.2269129753112793,0.551287055015564,1.5914612959022634e-05,16.38519859313965,15.781904220581055,4.99522590637207,26.07683753967285,25.210920333862305,138.85348510742188,948.0,-0.5780231448148944,0.5764354816177529,-0.5632830281582115,-0.564918267845226,1.0963486727281972,0.7774279993646076,22.0,0.40059652281259983,1.8487043850681564e-10,2.388752953797611e-08,1.8487028399332379e-10,2.388797434111976e-08
gov_report:118,gov_report,recovery_formal,64,32,physical_delete_aov_22,aov,22,27,28,0.006613684915011708,0.007081728368083964,0.9662979444874236,0.25945591422044423,0.9339083019363407,0.005914198196107263,0.0198311981137709,0.3053559534416657,0.952264965254669,0.29822697358867134,0.0198311981137709,277.0764355064672,2.1345006064109054e-05,3.7743124266853556e-05,6.091114119044505e-05,3.388044595718384,0.22012819349765778,6.091114119044505e-05,13.8710355758667,15.099434852600098,3.4911117553710938,23.88890838623047,24.85857391357422,128.97312927246094,948.0,-0.5780231448148944,0.5764354816177529,-0.5632830281582115,-0.564918267845226,1.0963486727281972,0.7774279993646076,22.0,0.40059652281259983,,,,
gov_report:118,gov_report,recovery_formal,64,32,physical_delete_aor_13,aor,13,0,1,0.0043511966990332366,0.004352190188571101,0.9999946061805994,0.003292003196644872,0.9997717265342693,0.00505950805600766,0.005062288613478607,0.9999943889006809,0.003393778264544708,0.9994507311448929,0.005062288613478607,17.811796611166244,0.0002840537743865684,0.00018943283066619188,0.0005745242815464735,1.4475394487380981,0.6106985807418823,0.0005745242815464735,778.2821655273438,778.7850341796875,1835.5584716796875,4.000922679901123,4.119892120361328,0.8141310214996338,957.0,-0.5761173360632653,-0.03203061163196344,-0.5627459303711366,-0.5636906219535864,-0.038462196983173116,1.0889322290355585,13.0,0.6847136109031984,1.1551496764247594e-09,1.1848615921816105e-09,1.1551506763711297e-09,1.184864689886302e-09
gov_report:118,gov_report,recovery_formal,64,32,physical_delete_aor_13,aor,13,1,2,0.023946467821131107,0.0238994006085785,0.9979036243023629,0.06484510039615311,1.0019693888279235,0.024408613358358693,0.02422482319039285,0.9729176812975281,0.23373732451666576,1.0075868528129746,0.02422482319039285,29.979029714624765,0.0008141895715341101,0.0007483543013222516,0.002232966246083379,2.940613031387329,0.24005000293254852,0.002232966246083379,92.58489990234375,91.03246307373047,3914.031494140625,4.499274253845215,4.038740634918213,0.6489341259002686,957.0,-0.5761173360632653,-0.03203061163196344,-0.5627459303711366,-0.5636906219535864,-0.038462196983173116,1.0889322290355585,13.0,0.6847136109031984,,,,
gov_report:118,gov_report,recovery_formal,64,32,physical_delete_aor_13,aor,13,2,3,0.0048892018071206135,0.0072673911166220425,0.6796860418322274,0.7335358684495741,0.6727588660995535,0.004564135873791212,0.024373308603703278,0.35781103416325866,0.9492413062913095,0.1872595940092326,0.024373308603703278,32.13518045202342,0.00014202925919788408,0.00010745789768407121,0.00020512308401521295,2.315605878829956,0.38336262106895447,0.00020512308401521295,26.33354949951172,26.500608444213867,53.71996307373047,5.719790458679199,5.868166923522949,1.2750685214996338,957.0,-0.5761173360632653,-0.03203061163196344,-0.5627459303711366,-0.5636906219535864,-0.038462196983173116,1.0889322290355585,13.0,0.6847136109031984,,,,
gov_report:118,gov_report,recovery_formal,64,32,physical_delete_aor_13,aor,13,3,4,0.0004484166859295435,0.00525017229429151,0.19482843597083066,0.9869216264463084,0.08540989910314087,0.0004227117766601564,0.025549880793613446,0.23044443112715374,0.9963174770109752,0.016544569427729746,0.025549880793613446,37.547187652844904,1.125814749611821e-05,7.562190148746595e-06,2.1659934645867907e-05,2.0489304065704346,0.4680196940898895,2.1659934645867907e-05,23.745407104492188,20.780466079711914,7.696657180786133,5.774550437927246,6.157540798187256,1.308763861656189,957.0,-0.5761173360632653,-0.03203061163196344,-0.5627459303711366,-0.5636906219535864,-0.038462196983173116,1.0889322290355585,13.0,0.6847136109031984,,,,
gov_report:118,gov_report,recovery_formal,64,32,physical_delete_aor_13,aor,13,4,5,0.0011779911441394274,0.0050199568965287175,0.2622995763778618,0.9653821987557042,0.23466160535242925,0.0011195060383384055,0.02549961635754527,0.05032124225711867,0.9987537074939923,0.0439028580917119,0.02549961635754527,44.494830610634125,2.5160361843716e-05,3.999990440206602e-05,5.397645873017609e-05,2.0035016536712646,0.5263462662696838,5.397645873017609e-05,18.762252807617188,17.803678512573242,5.008890151977539,5.538603782653809,7.029331207275391,2.2425849437713623,957.0,-0.5761173360632653,-0.03203061163196344,-0.5627459303711366,-0.5636906219535864,-0.038462196983173116,1.0889322290355585,13.0,0.6847136109031984,2.8543333958703743e-11,2.904625611162045e-08,2.8544586358671666e-11,2.9046363904958024e-08
gov_report:118,gov_report,recovery_formal,64,32,physical_delete_aor_13,aor,13,5,6,0.0131255502228343,0.015064809930436079,0.8441936064308566,0.536721907104657,0.8712722087728562,0.013946802221398328,0.024957457030820848,0.5708224452553391,0.8211612031231166,0.5588230485251333,0.024957457030820848,40.519779031572995,0.0003441973908725165,0.00018166028894484043,0.0004927393165417016,1.8146796226501465,0.5765998959541321,0.0004927393165417016,18.915138244628906,16.85407066345215,4.432143211364746,6.843717098236084,7.942366600036621,1.8788964748382568,957.0,-0.5761173360632653,-0.03203061163196344,-0.5627459303711366,-0.5636906219535864,-0.038462196983173116,1.0889322290355585,13.0,0.6847136109031984,,,,
gov_report:118,gov_report,recovery_formal,64,32,physical_delete_aor_13,aor,13,6,7,0.0002465674239323497,0.0028968935668789615,0.0917726135695824,0.9958022488941217,0.0851144228256874,0.00021213883326600202,0.02160987168728631,-0.009213114209426903,1.0001386176321834,0.00981675580197032,0.02160987168728631,42.138432507261804,5.034331384525129e-06,8.066085683822166e-06,1.1112313586636446e-05,1.3356566429138184,0.6230445504188538,1.1112313586636446e-05,19.77069091796875,19.4422607421875,6.105134010314941,5.129245758056641,6.566160678863525,1.1134275197982788,957.0,-0.5761173360632653,-0.03203061163196344,-0.5627459303711366,-0.5636906219535864,-0.038462196983173116,1.0889322290355585,13.0,0.6847136109031984,,,,
gov_report:118,gov_report,recovery_formal,64,32,physical_delete_aor_13,aor,13,7,8,0.0003721223458877917,0.004823675269256879,0.027211260976285533,1.000876078171298,0.07714498284315886,0.0003280168771246738,0.019511888385396133,0.03174264287143881,0.99960760037288,0.016811129227767688,0.019511888385396133,45.22481673372205,7.253028333005645e-06,1.0806062164192554e-05,1.536168929305859e-05,2.3591983318328857,0.34965643286705017,1.536168929305859e-05,34.16374588012695,33.70271682739258,190.93887329101562,5.941125869750977,6.369912624359131,1.6911430358886719,957.0,-0.5761173360632653,-0.03203061163196344,-0.5627459303711366,-0.5636906219535864,-0.038462196983173116,1.0889322290355585,13.0,0.6847136109031984,8.566592576809481e-12,3.186480465868255e-08,8.566122440546639e-12,3.1865235464301434e-08
gov_report:118,gov_report,recovery_formal,64,32,physical_delete_aor_13,aor,13,8,9,0.002061449491091956,0.004566738242614358,0.5685320757087586,0.830957266473699,0.45140522219023027,0.001702764867680573,0.017371610767542376,0.1844943497158897,0.9866304537468392,0.09801997583678702,0.017371610767542376,45.355445646412235,3.7542677475935405e-05,4.0445498598273844e-05,5.5672138842055574e-05,2.078951597213745,0.4486265182495117,5.5672138842055574e-05,19.245445251464844,19.395082473754883,6.5878987312316895,7.188649654388428,7.580902099609375,1.702061414718628,957.0,-0.5761173360632653,-0.03203061163196344,-0.5627459303711366,-0.5636906219535864,-0.038462196983173116,1.0889322290355585,13.0,0.6847136109031984,,,,
gov_report:118,gov_report,recovery_formal,64,32,physical_delete_aor_13,aor,13,9,10,0.0008204688739805468,0.0021956323268214244,0.4093047104322992,0.9130928825782795,0.3736822709147866,0.0006938145213431385,0.016908798799618128,0.09250419537056749,0.9970417661674652,0.04103275043753006,0.016908798799618128,44.189374115684814,1.570093569387923e-05,1.8374566934653558e-05,2.3170683562057093e-05,2.2269506454467773,0.4354945719242096,2.3170683562057093e-05,20.593547821044922,18.786043167114258,4.57858419418335,6.5719523429870605,7.412312030792236,1.4930347204208374,957.0,-0.5761173360632653,-0.03203061163196344,-0.5627459303711366,-0.5636906219535864,-0.038462196983173116,1.0889322290355585,13.0,0.6847136109031984,,,,
gov_report:118,gov_report,recovery_formal,64,32,physical_delete_aor_13,aor,13,10,11,0.00021471141028114383,0.003362856642977851,0.07087611190850256,0.9975098857691861,0.06384792248860606,0.00020300804308186958,0.015975737567325413,0.030133819569406053,0.9996977730681639,0.012707272025867179,0.015975737567325413,46.68971400947008,4.348024985560919e-06,4.6889963414287195e-06,5.071460691397078e-06,2.3686482906341553,0.40236708521842957,5.071460691397078e-06,20.75873374938965,18.44011878967285,5.962368965148926,8.144611358642578,8.210563659667969,2.1670687198638916,957.0,-0.5761173360632653,-0.03203061163196344,-0.5627459303711366,-0.5636906219535864,-0.038462196983173116,1.0889322290355585,13.0,0.6847136109031984,1.1162267339471343e-11,3.3131640945584754e-08,1.1164665574302886e-11,3.313202502824095e-08
gov_report:118,gov_report,recovery_formal,64,32,physical_delete_aor_13,aor,13,11,12,0.0007279477697179891,0.003201463734605753,0.17242195831514123,0.9865551269142774,0.2273796706954211,0.0006862274654370504,0.01547062721007486,-0.04168981965500602,1.002828987972153,0.04435679666498343,0.01547062721007486,48.03047173615095,1.4287335531633967e-05,1.6835490896482952e-05,2.3887925635790452e-05,2.6575889587402344,0.31485477089881897,2.3887925635790452e-05,20.894935607910156,19.27955436706543,6.060896396636963,7.311854839324951,7.711547374725342,1.17240571975708,957.0,-0.5761173360632653,-0.03203061163196344,-0.5627459303711366,-0.5636906219535864,-0.038462196983173116,1.0889322290355585,13.0,0.6847136109031984,,,,
gov_report:118,gov_report,recovery_formal,64,32,physical_delete_aor_13,aor,13,12,13,0.000534309582057388,0.0022459593392840133,0.272304759195566,0.9628260136500411,0.23789815457109742,0.00042811908017768776,0.014828123499034505,0.02303487715717945,0.9997517029829118,0.02887210105888069,0.014828123499034505,50.339519306992884,8.504631869184652e-06,8.87084115674952e-06,1.8862885553971864e-05,2.3989434242248535,0.37009191513061523,1.8862885553971864e-05,17.239002227783203,17.360021591186523,3.8693184852600098,8.090253829956055,8.545658111572266,1.2773391008377075,957.0,-0.5761173360632653,-0.03203061163196344,-0.5627459303711366,-0.5636906219535864,-0.038462196983173116,1.0889322290355585,13.0,0.6847136109031984,,,,
gov_report:118,gov_report,recovery_formal,64,32,physical_delete_aor_13,aor,13,13,14,0.001026789044968175,0.001688886500631655,0.6509921214112583,0.7603027870158056,0.6079680574059588,0.0009711758338071447,0.014558406481781716,0.14108791824140773,0.9927872038075668,0.06670893789251364,0.014558406481781716,56.65041317361768,1.714331422139433e-05,2.6750174583867192e-05,3.024396937689744e-05,2.4518649578094482,0.2893080413341522,3.024396937689744e-05,19.920360565185547,19.13922691345215,3.4144325256347656,8.200494766235352,7.837846279144287,1.5875868797302246,957.0,-0.5761173360632653,-0.03203061163196344,-0.5627459303711366,-0.5636906219535864,-0.038462196983173116,1.0889322290355585,13.0,0.6847136109031984,,,,
gov_report:118,gov_report,recovery_formal,64,32,physical_delete_aor_13,aor,13,14,15,0.0002024523274452233,0.0009132199377483739,0.22880792213575582,0.9734976066942047,0.22169065640900018,0.0001534250511245492,0.014266088425583232,-0.01661480356900768,1.0002364863506523,0.010754528259436106,0.014266088425583232,54.519862808917075,2.8141129346249117e-06,4.5194269659987185e-06,4.267731583240675e-06,1.5485754013061523,0.6331102252006531,4.267731583240675e-06,18.76111602783203,18.87380027770996,8.56923770904541,10.663002014160156,9.240920066833496,1.5126851797103882,957.0,-0.5761173360632653,-0.03203061163196344,-0.5627459303711366,-0.5636906219535864,-0.038462196983173116,1.0889322290355585,13.0,0.6847136109031984,4.570603121400267e-12,3.2720113273221625e-08,4.57109368489499e-12,3.272055140395506e-08
gov_report:118,gov_report,recovery_formal,64,32,physical_delete_aor_13,aor,13,15,16,3.132646654037456e-05,0.0017929213690811893,0.05688851832009323,0.9991583130135367,0.017472303627251818,2.949461639246604e-05,0.013652655225453997,-0.04211488619298137,1.00009331242982,0.002160357520599825,0.013652655225453997,55.99038392895532,5.267800347625935e-07,6.200227176123008e-07,7.489279028050078e-07,2.6015524864196777,0.33535036444664,7.489279028050078e-07,57.99997329711914,55.240028381347656,1430.170166015625,9.201702117919922,7.917817115783691,1.910224199295044,957.0,-0.5761173360632653,-0.03203061163196344,-0.5627459303711366,-0.5636906219535864,-0.038462196983173116,1.0889322290355585,13.0,0.6847136109031984,,,,
gov_report:118,gov_report,recovery_formal,64,32,physical_delete_aor_13,aor,13,16,17,0.0007961715540214982,0.0012057037900909087,0.5859524271466603,0.8137523627740736,0.6603376057741908,0.0006266943451548384,0.013464868744862747,0.025676466422571532,0.999888057769278,0.04654292269978058,0.013464868744862747,61.28877387118227,1.0225271376321455e-05,8.560165952076204e-06,2.67759314738214e-05,2.6431291103363037,0.335478276014328,2.67759314738214e-05,19.91400909423828,17.687450408935547,5.032613277435303,9.792970657348633,8.538064002990723,2.7637205123901367,957.0,-0.5761173360632653,-0.03203061163196344,-0.5627459303711366,-0.5636906219535864,-0.038462196983173116,1.0889322290355585,13.0,0.6847136109031984,,,,
gov_report:118,gov_report,recovery_formal,64,32,physical_delete_aor_13,aor,13,17,18,0.00573507571394727,0.005836583236273173,0.9812344098246558,0.19282354841783025,0.9826083997748796,0.0052898636959805454,0.014574732684562365,0.4285136469334909,0.9059111247100439,0.3629475620903564,0.014574732684562365,65.82131568743266,8.036703066071566e-05,7.987806020537391e-05,0.0001249801425728947,2.4544594287872314,0.4210284650325775,0.0001249801425728947,17.64920425415039,15.99404239654541,6.328035831451416,10.486034393310547,9.414156913757324,3.633857011795044,957.0,-0.5761173360632653,-0.03203061163196344,-0.5627459303711366,-0.5636906219535864,-0.038462196983173116,1.0889322290355585,13.0,0.6847136109031984,5.875716049436887e-09,4.111156543907884e-08,5.8757043050933936e-09,4.111184144178235e-08
gov_report:118,gov_report,recovery_formal,64,32,physical_delete_aor_13,aor,13,18,19,0.0013805033373245452,0.0021662254940365785,0.6594349339554701,0.7520878810622175,0.6372851492722919,0.001270483613480091,0.014642546685265793,0.10333697322988596,0.994784422921677,0.08676657420245944,0.014642546685265793,74.59543302970945,1.7031654109093916e-05,1.402798716299003e-05,2.9476719646481797e-05,2.3515961170196533,0.3916584253311157,2.9476719646481797e-05,23.22308349609375,21.73326873779297,6.371682643890381,9.839171409606934,9.302448272705078,2.6002094745635986,957.0,-0.5761173360632653,-0.03203061163196344,-0.5627459303711366,-0.5636906219535864,-0.038462196983173116,1.0889322290355585,13.0,0.6847136109031984,6.568079783416543e-10,4.086225994303513e-08,6.568159972349455e-10,4.086305488888776e-08
gov_report:118,gov_report,recovery_formal,64,32,physical_delete_aor_13,aor,13,19,20,0.0006657995285093527,0.0016333328844631463,0.43891737468860537,0.8990719009379834,0.4076324764184196,0.0007300001104276233,0.015457358265847425,0.08207985907210509,0.997234996894661,0.047226705745737736,0.015457358265847425,76.51608620519153,9.540478958502894e-06,6.658866823272547e-06,1.3617240256280638e-05,1.1246442794799805,0.7487652897834778,1.3617240256280638e-05,19.097434997558594,17.982681274414062,3.5542969703674316,12.281340599060059,10.035527229309082,3.2952487468719482,957.0,-0.5761173360632653,-0.03203061163196344,-0.5627459303711366,-0.5636906219535864,-0.038462196983173116,1.0889322290355585,13.0,0.6847136109031984,,,,
gov_report:118,gov_report,recovery_formal,64,32,physical_delete_aor_13,aor,13,20,21,2.3199403623762626e-05,0.0025977843512764143,-0.19850776239884244,1.0018110018775135,0.008930457838951744,2.5596877421498413e-05,0.015221465554522692,0.04900111312210056,0.9999190089047194,0.0016816302825645405,0.015221465554522692,86.79291004304288,2.9491899060423544e-07,2.796397495785641e-07,3.793439873334137e-07,2.1910228729248047,0.45201238989830017,3.793439873334137e-07,19.905437469482422,17.9105281829834,5.141685962677002,13.040533065795898,11.440566062927246,5.524003505706787,957.0,-0.5761173360632653,-0.03203061163196344,-0.5627459303711366,-0.5636906219535864,-0.038462196983173116,1.0889322290355585,13.0,0.6847136109031984,,,,
gov_report:118,gov_report,recovery_formal,64,32,physical_delete_aor_13,aor,13,21,22,0.0005647541443347033,0.002387292991901597,0.2109191281808188,0.9778399265069894,0.23656674997602561,0.00047345947783834595,0.01612178964755453,0.012451315525271052,1.0000655618296113,0.02936767494111076,0.01612178964755453,112.84606409680809,4.195622431564612e-06,3.0909577617421746e-06,6.573457540071104e-06,2.601034164428711,0.3637765645980835,6.573457540071104e-06,20.277557373046875,16.540220260620117,4.666530609130859,16.22627067565918,11.156213760375977,7.039364814758301,957.0,-0.5761173360632653,-0.03203061163196344,-0.5627459303711366,-0.5636906219535864,-0.038462196983173116,1.0889322290355585,13.0,0.6847136109031984,,,,
gov_report:118,gov_report,recovery_formal,64,32,physical_delete_aor_13,aor,13,22,23,0.001181996557737774,0.001781620547567983,0.6465001102280864,0.763101915555284,0.6634390018409189,0.0011678496467325415,0.01743709971094439,0.09577976766879293,0.9958192361554988,0.06697499389761137,0.01743709971094439,137.7139343958075,8.480257657703626e-06,1.3423309610516299e-05,2.1835268853465095e-05,1.7165521383285522,0.5662129521369934,2.1835268853465095e-05,21.142738342285156,18.78606605529785,4.718615531921387,11.32736587524414,10.897381782531738,9.492207527160645,957.0,-0.5761173360632653,-0.03203061163196344,-0.5627459303711366,-0.5636906219535864,-0.038462196983173116,1.0889322290355585,13.0,0.6847136109031984,9.007634220058994e-11,4.1826992731997236e-08,9.007693375569406e-11,4.1827821440277596e-08
gov_report:118,gov_report,recovery_formal,64,32,physical_delete_aor_13,aor,13,23,24,0.0014421746672887365,0.0022211865862734994,0.6015542699200063,0.8002564083636345,0.6492811888029106,0.0014356228041042694,0.018912431338763382,0.034027852037336985,1.000298021416058,0.07590894995937311,0.018912431338763382,168.7217432738949,8.508819173197773e-06,1.3419691640592646e-05,2.6532605261309072e-05,1.5614185333251953,0.6542168855667114,2.6532605261309072e-05,19.697402954101562,17.27875518798828,4.734375476837158,15.365867614746094,13.723543167114258,11.116069793701172,957.0,-0.5761173360632653,-0.03203061163196344,-0.5627459303711366,-0.5636906219535864,-0.038462196983173116,1.0889322290355585,13.0,0.6847136109031984,,,,
gov_report:118,gov_report,recovery_formal,64,32,physical_delete_aor_13,aor,13,24,25,0.0003375101943036507,0.002865261175204049,0.12383968864228807,0.9923206555716524,0.1177938671784833,0.0003497378087155853,0.021359242151495338,-0.001873643548295736,1.0001647207588833,0.016374073866244385,0.021359242151495338,197.46158304534924,1.7711688690111642e-06,2.7091530228062766e-06,3.889916115440428e-06,1.414331078529358,0.6576305031776428,3.889916115440428e-06,19.16822052001953,17.713163375854492,6.147218227386475,17.748214721679688,16.240032196044922,64.60082244873047,957.0,-0.5761173360632653,-0.03203061163196344,-0.5627459303711366,-0.5636906219535864,-0.038462196983173116,1.0889322290355585,13.0,0.6847136109031984,,,,
gov_report:118,gov_report,recovery_formal,64,32,physical_delete_aor_13,aor,13,25,26,0.001945468963660318,0.0072418679405027025,0.3998349728515453,0.9259285199596051,0.26864187246215804,0.0020453736439492096,0.02239708529276534,0.13412559917825018,0.9918882842683436,0.09132320644463063,0.02239708529276534,231.774457186329,8.824844932351131e-06,2.5105815439019352e-05,2.7816899091703817e-05,1.7410858869552612,0.6209061741828918,2.7816899091703817e-05,17.282636642456055,16.255693435668945,7.011384010314941,17.045475006103516,20.47410774230957,51.90030288696289,957.0,-0.5761173360632653,-0.03203061163196344,-0.5627459303711366,-0.5636906219535864,-0.038462196983173116,1.0889322290355585,13.0,0.6847136109031984,,,,
gov_report:118,gov_report,recovery_formal,64,32,physical_delete_aor_13,aor,13,26,27,0.0005088315624499488,0.0016856966943842153,0.2343966838326565,0.9744785609838422,0.30185238195286657,0.0005108573867695289,0.02481043809842016,-0.028477776331845686,1.0007980337351605,0.020590421851601988,0.02481043809842016,266.26744689682823,1.9185874680635406e-06,3.616291678554262e-06,4.602318767865654e-06,2.2269129753112793,0.551287055015564,4.602318767865654e-06,18.247100830078125,15.781904220581055,4.99522590637207,26.67971420288086,25.210920333862305,138.85348510742188,957.0,-0.5761173360632653,-0.03203061163196344,-0.5627459303711366,-0.5636906219535864,-0.038462196983173116,1.0889322290355585,13.0,0.6847136109031984,1.1170067198849817e-11,4.2478661965174145e-08,1.117018045920033e-11,4.2479372183887444e-08
gov_report:118,gov_report,recovery_formal,64,32,physical_delete_aor_13,aor,13,27,28,0.001277746151937253,0.005543048757247843,0.2548951855367208,0.9672760327084876,0.23051324422620845,0.0012919663074061846,0.026034366952726325,-0.014588738829940795,1.0019534053358639,0.04962541665607466,0.026034366952726325,277.0764355064672,4.662851624479011e-06,1.6637221051496454e-05,1.2275456356292125e-05,3.388044595718384,0.22012819349765778,1.2275456356292125e-05,12.934526443481445,15.099434852600098,3.4911117553710938,23.50595474243164,24.85857391357422,128.97312927246094,957.0,-0.5761173360632653,-0.03203061163196344,-0.5627459303711366,-0.5636906219535864,-0.038462196983173116,1.0889322290355585,13.0,0.6847136109031984,,,,
gov_report:118,gov_report,recovery_formal,64,32,physical_delete_v_ridge_72,v_ridge,72,0,1,0.003894029998865614,0.0038943368120271564,0.9999932316365491,0.003679927636184791,0.9999212155557283,0.005543325368930788,0.005543683495358594,0.9999952943951755,0.003068350524585298,0.9999353991929543,0.005543683495358594,17.811796611166244,0.0003112165207105311,0.00014870519225951284,0.0003000349970534444,1.4475394487380981,0.6106985807418823,0.0003000349970534444,778.0367431640625,778.7850341796875,1835.5584716796875,5.314077377319336,4.119892120361328,0.8141310214996338,898.0,1.037614270426396,0.4015511005370812,1.1728572986550925,1.1386121117315213,-2.101628768460617,-0.39363317405802845,72.0,0.3990080007113248,1.5779245492975624e-09,1.56339765875045e-09,1.5779200102199789e-09,1.5633939577128993e-09
gov_report:118,gov_report,recovery_formal,64,32,physical_delete_v_ridge_72,v_ridge,72,1,2,0.019353901414786937,0.01941057523040683,0.9981157035674476,0.061368676322653824,0.9970802608914386,0.02320125895585289,0.024083741282773203,0.9751139999587376,0.22201553179639305,0.9633577559001789,0.024083741282773203,29.979029714624765,0.0007739162733653967,0.0010517765767872334,0.0015280480729416013,2.940613031387329,0.24005000293254852,0.0015280480729416013,90.5977554321289,91.03246307373047,3914.031494140625,4.414681434631348,4.038740634918213,0.6489341259002686,898.0,1.037614270426396,0.4015511005370812,1.1728572986550925,1.1386121117315213,-2.101628768460617,-0.39363317405802845,72.0,0.3990080007113248,,,,
gov_report:118,gov_report,recovery_formal,64,32,physical_delete_v_ridge_72,v_ridge,72,2,3,0.02632825576031478,0.026582054288952585,0.9827225808379701,0.18524599067043584,0.9904522605409288,0.023302407436272637,0.03464104594025383,0.7560123264640706,0.6598403659740146,0.6726819818449711,0.03464104594025383,32.13518045202342,0.0007251369716458332,0.0005069923354312778,0.001004743855446577,2.315605878829956,0.38336262106895447,0.001004743855446577,25.32830047607422,26.500608444213867,53.71996307373047,4.979426860809326,5.868166923522949,1.2750685214996338,898.0,1.037614270426396,0.4015511005370812,1.1728572986550925,1.1386121117315213,-2.101628768460617,-0.39363317405802845,72.0,0.3990080007113248,,,,
gov_report:118,gov_report,recovery_formal,64,32,physical_delete_v_ridge_72,v_ridge,72,3,4,0.027309391816967676,0.02321722583653533,0.9295473758367389,0.44362892380687,1.176255596135555,0.035417134726618296,0.052352603920778604,0.7664251358141898,0.6485961659056904,0.6765114258731519,0.052352603920778604,37.547187652844904,0.0009432699741477118,0.0004556913918349892,0.0009820887353271246,2.0489304065704346,0.4680196940898895,0.0009820887353271246,20.373550415039062,20.780466079711914,7.696657180786133,6.872621536254883,6.157540798187256,1.308763861656189,898.0,1.037614270426396,0.4015511005370812,1.1728572986550925,1.1386121117315213,-2.101628768460617,-0.39363317405802845,72.0,0.3990080007113248,,,,
gov_report:118,gov_report,recovery_formal,64,32,physical_delete_v_ridge_72,v_ridge,72,4,5,0.049561445598404516,0.04114927856782001,0.8736406361679003,0.5883655018947481,1.2044304863503263,0.05027647444226737,0.07900951536252587,0.7282434570088416,0.6914540748939674,0.6363344239181784,0.07900951536252587,44.494830610634125,0.0011299396750653423,0.0006276316125877202,0.0013420416507869959,2.0035016536712646,0.5263462662696838,0.0013420416507869959,18.307607650756836,17.803678512573242,5.008890151977539,8.336906433105469,7.029331207275391,2.2425849437713623,898.0,1.037614270426396,0.4015511005370812,1.1728572986550925,1.1386121117315213,-2.101628768460617,-0.39363317405802845,72.0,0.3990080007113248,4.1199361235313624e-08,1.0931066609779535e-07,4.119993376872858e-08,1.0930346100966879e-07
gov_report:118,gov_report,recovery_formal,64,32,physical_delete_v_ridge_72,v_ridge,72,5,6,0.01959646130264859,0.04132841191145606,0.07974748646669164,1.0720098104507334,0.47416439191113785,0.015173688340102923,0.05922806803079366,0.3148635190473064,0.9509487094251168,0.2561908372937957,0.05922806803079366,40.519779031572995,0.00037447608804281956,0.00021354190539568663,0.0004905197420157492,1.8146796226501465,0.5765998959541321,0.0004905197420157492,17.534893035888672,16.85407066345215,4.432143211364746,8.57550048828125,7.942366600036621,1.8788964748382568,898.0,1.037614270426396,0.4015511005370812,1.1728572986550925,1.1386121117315213,-2.101628768460617,-0.39363317405802845,72.0,0.3990080007113248,,,,
gov_report:118,gov_report,recovery_formal,64,32,physical_delete_v_ridge_72,v_ridge,72,6,7,0.009866530287318051,0.01203852095020632,0.7587392304374293,0.6542296020732206,0.8195799407691321,0.009663398399688205,0.04968675625751867,0.22128957884662478,0.9755764104563699,0.19448640095570588,0.04968675625751867,42.138432507261804,0.0002293250561235967,0.00022458071180153638,0.0003843700105790049,1.3356566429138184,0.6230445504188538,0.0003843700105790049,20.553791046142578,19.4422607421875,6.105134010314941,7.401028633117676,6.566160678863525,1.1134275197982788,898.0,1.037614270426396,0.4015511005370812,1.1728572986550925,1.1386121117315213,-2.101628768460617,-0.39363317405802845,72.0,0.3990080007113248,,,,
gov_report:118,gov_report,recovery_formal,64,32,physical_delete_v_ridge_72,v_ridge,72,7,8,0.004666290644314356,0.012025417270174917,0.37604555404698425,0.9266787489507684,0.38803565310682,0.005712510388628896,0.03978324824913575,0.1250511290529426,0.9923235038711374,0.1435908489134744,0.03978324824913575,45.22481673372205,0.00012631362161760496,9.85431470326148e-05,0.00014551467029377818,2.3591983318328857,0.34965643286705017,0.00014551467029377818,34.387149810791016,33.70271682739258,190.93887329101562,7.507157325744629,6.369912624359131,1.6911430358886719,898.0,1.037614270426396,0.4015511005370812,1.1728572986550925,1.1386121117315213,-2.101628768460617,-0.39363317405802845,72.0,0.3990080007113248,1.1089165114766364e-09,1.296460499791981e-07,1.1089106165179486e-09,1.2963374812219315e-07
gov_report:118,gov_report,recovery_formal,64,32,physical_delete_v_ridge_72,v_ridge,72,8,9,0.008248782462578366,0.009477375115195457,0.7145193954856736,0.7167636373842576,0.8703657249308155,0.006356825605897449,0.032812760065555946,0.2221569328143199,0.9754252257764002,0.1937302925202658,0.032812760065555946,45.355445646412235,0.00014015573026125244,0.00022357179841492325,0.0004632153722923249,2.078951597213745,0.4486265182495117,0.0004632153722923249,19.072357177734375,19.395082473754883,6.5878987312316895,7.878837585449219,7.580902099609375,1.702061414718628,898.0,1.037614270426396,0.4015511005370812,1.1728572986550925,1.1386121117315213,-2.101628768460617,-0.39363317405802845,72.0,0.3990080007113248,,,,
gov_report:118,gov_report,recovery_formal,64,32,physical_delete_v_ridge_72,v_ridge,72,9,10,0.03197379656227309,0.031108255994615214,0.9915429627677321,0.13475470449657462,1.0278235002247538,0.03187530887012301,0.045187346827020844,0.7371141709006467,0.6765118409546896,0.7054034172916392,0.045187346827020844,44.189374115684814,0.000721334246252857,0.00047861100756563246,0.000976943876594305,2.2269506454467773,0.4354945719242096,0.000976943876594305,19.10303497314453,18.786043167114258,4.57858419418335,7.021263122558594,7.412312030792236,1.4930347204208374,898.0,1.037614270426396,0.4015511005370812,1.1728572986550925,1.1386121117315213,-2.101628768460617,-0.39363317405802845,72.0,0.3990080007113248,,,,
gov_report:118,gov_report,recovery_formal,64,32,physical_delete_v_ridge_72,v_ridge,72,10,11,0.17803783110038995,0.17873400304823056,0.9929857009429635,0.11827564265096441,0.9961049831818921,0.16505008612448588,0.1678104709314242,0.9750393596339386,0.22219515757076627,0.983550580654372,0.1678104709314242,46.68971400947008,0.003535041702997126,0.0037977162282913923,0.008943621069192886,2.3686482906341553,0.40236708521842957,0.008943621069192886,18.677940368652344,18.44011878967285,5.962368965148926,8.595255851745605,8.210563659667969,2.1670687198638916,898.0,1.037614270426396,0.4015511005370812,1.1728572986550925,1.1386121117315213,-2.101628768460617,-0.39363317405802845,72.0,0.3990080007113248,3.952355726549798e-06,4.311858905942009e-06,3.955202674847369e-06,4.3160029770429665e-06
gov_report:118,gov_report,recovery_formal,64,32,physical_delete_v_ridge_72,v_ridge,72,11,12,0.22783437126021647,0.22112401175909804,0.9217104912834005,0.4028046325248363,1.0303465889920131,0.19617018303137884,0.2377747151947129,0.859306932249735,0.5126078604806216,0.8250254147954115,0.2377747151947129,48.03047173615095,0.004084285994712145,0.007394853979349136,0.010274373926222324,2.6575889587402344,0.31485477089881897,0.010274373926222324,19.752490997314453,19.27955436706543,6.060896396636963,7.282219409942627,7.711547374725342,1.17240571975708,898.0,1.037614270426396,0.4015511005370812,1.1728572986550925,1.1386121117315213,-2.101628768460617,-0.39363317405802845,72.0,0.3990080007113248,,,,
gov_report:118,gov_report,recovery_formal,64,32,physical_delete_v_ridge_72,v_ridge,72,12,13,0.22109431192118997,0.24457346024128515,0.9726243215436072,0.24230410768084032,0.9039996069200161,0.18901541213616138,0.267967859441708,0.6271801397858838,0.7827886675686362,0.7053659813156756,0.267967859441708,50.339519306992884,0.0037548116219279118,0.0038102418184280396,0.005682608112692833,2.3989434242248535,0.37009191513061523,0.005682608112692833,18.310949325561523,17.360021591186523,3.8693184852600098,8.910263061523438,8.545658111572266,1.2773391008377075,898.0,1.037614270426396,0.4015511005370812,1.1728572986550925,1.1386121117315213,-2.101628768460617,-0.39363317405802845,72.0,0.3990080007113248,,,,
gov_report:118,gov_report,recovery_formal,64,32,physical_delete_v_ridge_72,v_ridge,72,13,14,0.03656354097133802,0.0566930138158294,0.2619319704131108,1.0383092504928562,0.644939094085152,0.033417252265480625,0.2510790326900984,0.18805733004284386,0.983694742893535,0.13309455555664357,0.2510790326900984,56.65041317361768,0.0005898854111278251,0.0009085812489502132,0.0014182789018377662,2.4518649578094482,0.2893080413341522,0.0014182789018377662,19.18169403076172,19.13922691345215,3.4144325256347656,7.7164459228515625,7.837846279144287,1.5875868797302246,898.0,1.037614270426396,0.4015511005370812,1.1728572986550925,1.1386121117315213,-2.101628768460617,-0.39363317405802845,72.0,0.3990080007113248,,,,
gov_report:118,gov_report,recovery_formal,64,32,physical_delete_v_ridge_72,v_ridge,72,14,15,0.07837388922279509,0.0863954577511156,0.7965854078595686,0.6145541930513663,0.9071528904745351,0.06494655482644672,0.24710480719617545,0.33337542918892377,0.9454297867816766,0.2628299933270255,0.24710480719617545,54.519862808917075,0.001191245749353285,0.001491628703661263,0.0028879514429718256,1.5485754013061523,0.6331102252006531,0.0028879514429718256,18.041046142578125,18.87380027770996,8.56923770904541,7.661642074584961,9.240920066833496,1.5126851797103882,898.0,1.037614270426396,0.4015511005370812,1.1728572986550925,1.1386121117315213,-2.101628768460617,-0.39363317405802845,72.0,0.3990080007113248,4.777838238990655e-07,1.426746822885718e-05,4.777545669728388e-07,1.42724112417976e-05
gov_report:118,gov_report,recovery_formal,64,32,physical_delete_v_ridge_72,v_ridge,72,15,16,0.6319405651922867,0.6292198748517908,0.9895898087863655,0.14466894654893697,1.0043239103677974,0.5644925768378735,0.5914872614364095,0.9216554955585204,0.38938518195290717,0.9543613424015587,0.5914872614364095,55.99038392895532,0.010081955815022501,0.012824196368455887,0.027542492374777794,2.6015524864196777,0.33535036444664,0.027542492374777794,54.86981964111328,55.240028381347656,1430.170166015625,7.674149513244629,7.917817115783691,1.910224199295044,898.0,1.037614270426396,0.4015511005370812,1.1728572986550925,1.1386121117315213,-2.101628768460617,-0.39363317405802845,72.0,0.3990080007113248,,,,
gov_report:118,gov_report,recovery_formal,64,32,physical_delete_v_ridge_72,v_ridge,72,16,17,0.5505836216753603,0.4411360910807364,0.8834863959267739,0.5936308812447377,1.2481037775133954,0.4876338345862401,0.708893208088815,0.5199283723274155,0.870564422883888,0.6878805284379957,0.708893208088815,61.28877387118227,0.007956332029274345,0.02280089259147644,0.02268967777490616,2.6431291103363037,0.335478276014328,0.02268967777490616,17.444133758544922,17.687450408935547,5.032613277435303,7.661570072174072,8.538064002990723,2.7637205123901367,898.0,1.037614270426396,0.4015511005370812,1.1728572986550925,1.1386121117315213,-2.101628768460617,-0.39363317405802845,72.0,0.3990080007113248,,,,
gov_report:118,gov_report,recovery_formal,64,32,physical_delete_v_ridge_72,v_ridge,72,17,18,0.3527163526141822,0.321056961285395,0.9449938854756137,0.3613646814032503,1.0986098890428495,0.340068446982566,0.7686294125887025,0.40111894264423537,0.916957250325969,0.4424348605620409,0.7686294125887025,65.82131568743266,0.005166539796886735,0.008498371578752995,0.021906103938817978,2.4544594287872314,0.4210284650325775,0.021906103938817978,15.17524528503418,15.99404239654541,6.328035831451416,10.083304405212402,9.414156913757324,3.633857011795044,898.0,1.037614270426396,0.4015511005370812,1.1728572986550925,1.1386121117315213,-2.101628768460617,-0.39363317405802845,72.0,0.3990080007113248,3.670272605842595e-05,0.00021033529020645302,3.666371234520917e-05,0.00020938084716425683
gov_report:118,gov_report,recovery_formal,64,32,physical_delete_v_ridge_72,v_ridge,72,18,19,0.2683420399332663,0.2874137218143047,0.7687112018800019,0.6605193794514922,0.9336438018315616,0.24890723291677802,0.8074042864598671,0.3814484027935829,0.9272813032038041,0.30828079202815856,0.8074042864598671,74.59543302970945,0.0033367623567202116,0.005786108318716288,0.011211439035832882,2.3515961170196533,0.3916584253311157,0.011211439035832882,21.2139835357666,21.73326873779297,6.371682643890381,9.176414489746094,9.302448272705078,2.6002094745635986,898.0,1.037614270426396,0.4015511005370812,1.1728572986550925,1.1386121117315213,-2.101628768460617,-0.39363317405802845,72.0,0.3990080007113248,3.6378068078744786e-05,0.00021945891264400275,3.6332514837268605e-05,0.00021868908700578029
gov_report:118,gov_report,recovery_formal,64,32,physical_delete_v_ridge_72,v_ridge,72,19,20,0.04962108640176342,0.13660343884325885,0.31417731177018227,0.950631718641056,0.3632491745592109,0.03896765140750341,0.7907485720256849,0.12555558281251034,0.9950144947185705,0.04927944581383028,0.7907485720256849,76.51608620519153,0.0005092739754488318,0.0010060615604743361,0.001407124917022884,1.1246442794799805,0.7487652897834778,0.001407124917022884,18.348594665527344,17.982681274414062,3.5542969703674316,9.330209732055664,10.035527229309082,3.2952487468719482,898.0,1.037614270426396,0.4015511005370812,1.1728572986550925,1.1386121117315213,-2.101628768460617,-0.39363317405802845,72.0,0.3990080007113248,,,,
gov_report:118,gov_report,recovery_formal,64,32,physical_delete_v_ridge_72,v_ridge,72,20,21,2.582945676304401,2.3191950806012716,0.9939158393119955,0.1627438272696157,1.113725058279595,2.716922898316627,2.6920540910608124,0.9534235143765775,0.3067553470312502,1.0092378557096582,2.6920540910608124,86.79291004304288,0.03130351196853791,0.04559234157204628,0.05558974668383598,2.1910228729248047,0.45201238989830017,0.05558974668383598,17.835147857666016,17.9105281829834,5.141685962677002,12.14297103881836,11.440566062927246,5.524003505706787,898.0,1.037614270426396,0.4015511005370812,1.1728572986550925,1.1386121117315213,-2.101628768460617,-0.39363317405802845,72.0,0.3990080007113248,,,,
gov_report:118,gov_report,recovery_formal,64,32,physical_delete_v_ridge_72,v_ridge,72,21,22,1.2432834991218018,1.1270631745337738,0.7747226387562692,0.7124943816009757,1.103117843980755,1.0972076447910113,3.020601842367787,0.40797933937417263,0.9140866161269888,0.3632414009027198,3.020601842367787,112.84606409680809,0.00972304753003828,0.04040949419140816,0.029775945469737053,2.601034164428711,0.3637765645980835,0.029775945469737053,16.24371337890625,16.540220260620117,4.666530609130859,11.478952407836914,11.156213760375977,7.039364814758301,898.0,1.037614270426396,0.4015511005370812,1.1728572986550925,1.1386121117315213,-2.101628768460617,-0.39363317405802845,72.0,0.3990080007113248,,,,
gov_report:118,gov_report,recovery_formal,64,32,physical_delete_v_ridge_72,v_ridge,72,22,23,0.11053157912392053,0.46997178526449146,0.24962328374993364,0.9684506195676871,0.2351876912391994,0.10749226287389192,3.561612517500616,0.07875138689286681,0.9980768118722829,0.0301807853453203,3.561612517500616,137.7139343958075,0.0007805474685295489,0.0014709871029481292,0.001761034713126719,1.7165521383285522,0.5662129521369934,0.001761034713126719,19.335468292236328,18.78606605529785,4.718615531921387,11.348907470703125,10.897381782531738,9.492207527160645,898.0,1.037614270426396,0.4015511005370812,1.1728572986550925,1.1386121117315213,-2.101628768460617,-0.39363317405802845,72.0,0.3990080007113248,6.319238082406944e-07,0.0027620644975053623,6.319357169962771e-07,0.0026962917661435123
gov_report:118,gov_report,recovery_formal,64,32,physical_delete_v_ridge_72,v_ridge,72,23,24,1.0882342935346336,1.0331822567197193,0.9368113491835621,0.36871447480843333,1.0532839549429551,1.0327369615224722,4.274784374150321,0.32634695801869756,0.949042533247495,0.24158808284400182,4.274784374150321,168.7217432738949,0.006120947670899629,0.0096535449847579,0.015003418549895287,1.5614185333251953,0.6542168855667114,0.015003418549895287,17.549633026123047,17.27875518798828,4.734375476837158,14.999149322509766,13.723543167114258,11.116069793701172,898.0,1.037614270426396,0.4015511005370812,1.1728572986550925,1.1386121117315213,-2.101628768460617,-0.39363317405802845,72.0,0.3990080007113248,,,,
gov_report:118,gov_report,recovery_formal,64,32,physical_delete_v_ridge_72,v_ridge,72,24,25,1.033680061631474,0.9293829124710972,0.7291556908925199,0.7842650866359828,1.1122219353948155,1.0375697391987244,5.052343328678343,0.2727370344464991,0.9644447250663101,0.2053640601400193,5.052343328678343,197.46158304534924,0.0052545397600728995,0.005821164231747389,0.00988455768674612,1.414331078529358,0.6576305031776428,0.00988455768674612,17.69800567626953,17.713163375854492,6.147218227386475,18.29587173461914,16.240032196044922,64.60082244873047,898.0,1.037614270426396,0.4015511005370812,1.1728572986550925,1.1386121117315213,-2.101628768460617,-0.39363317405802845,72.0,0.3990080007113248,,,,
gov_report:118,gov_report,recovery_formal,64,32,physical_delete_v_ridge_72,v_ridge,72,25,26,0.7754245238298202,1.3514277360281788,0.8737797571752244,0.5714085765627198,0.5737817148172336,0.8320488262743915,5.531382057315643,0.1455355233924463,0.9893651004249595,0.1504233151231975,5.531382057315643,231.774457186329,0.003589907345163094,0.007488594856113195,0.019811706617474556,1.7410858869552612,0.6209061741828918,0.019811706617474556,17.934284210205078,16.255693435668945,7.011384010314941,25.09280776977539,20.47410774230957,51.90030288696289,898.0,1.037614270426396,0.4015511005370812,1.1728572986550925,1.1386121117315213,-2.101628768460617,-0.39363317405802845,72.0,0.3990080007113248,,,,
gov_report:118,gov_report,recovery_formal,64,32,physical_delete_v_ridge_72,v_ridge,72,26,27,1.3031205784542577,0.9061837811439033,0.892588202509455,0.707668282631644,1.4380312311585284,1.332009576878714,6.084793772171298,0.15856738593113337,0.9891902570979918,0.21890792469756942,6.084793772171298,266.26744689682823,0.005002525064187938,0.007550983224064112,0.008075771853327751,2.2269129753112793,0.551287055015564,0.008075771853327751,16.923274993896484,15.781904220581055,4.99522590637207,34.59132766723633,25.210920333862305,138.85348510742188,898.0,1.037614270426396,0.4015511005370812,1.1728572986550925,1.1386121117315213,-2.101628768460617,-0.39363317405802845,72.0,0.3990080007113248,0.00013619185905779454,0.0030637833974407292,0.00013925105628031863,0.0029807974118511047
gov_report:118,gov_report,recovery_formal,64,32,physical_delete_v_ridge_72,v_ridge,72,27,28,1.4954658940193146,1.3216044225507724,0.8963414061243626,0.501893151886943,1.131553336612615,1.3611867517623104,6.771343951427948,0.18801993411776338,0.982251265745728,0.20102165264773797,6.771343951427948,277.0764355064672,0.004912675988754515,0.012859567999839783,0.009523013606667519,3.388044595718384,0.22012819349765778,0.009523013606667519,16.106792449951172,15.099434852600098,3.4911117553710938,36.842079162597656,24.85857391357422,128.97312927246094,898.0,1.037614270426396,0.4015511005370812,1.1728572986550925,1.1386121117315213,-2.101628768460617,-0.39363317405802845,72.0,0.3990080007113248,,,,
gov_report:118,gov_report,recovery_formal,64,32,physical_delete_key_query_52,key_query,52,0,1,0.00019700981847663268,0.00020236293837018268,0.9977767880893733,0.07091238900449522,0.9735469353397235,0.0002460280662141554,0.000252948749157011,0.998035502419982,0.0676022816904287,0.9726399795772075,0.000252948749157011,17.811796611166244,1.3812647403570732e-05,3.215962351532653e-05,4.87196994072292e-05,1.4475394487380981,0.6106985807418823,4.87196994072292e-05,780.2391967773438,778.7850341796875,1835.5584716796875,3.3373770713806152,4.119892120361328,0.8141310214996338,918.0,0.6759602210387758,-0.8186974900431536,0.31956025862874016,0.312137931240897,0.1221128903651314,-1.1890714989234,52.0,0.02051742527482725,2.3879366910438236e-12,2.95746534364178e-12,2.3898300705606507e-12,2.9598832381835028e-12
gov_report:118,gov_report,recovery_formal,64,32,physical_delete_key_query_52,key_query,52,1,2,0.04763320266409413,0.047633424965508965,0.9999991812947447,0.0012796189474094154,0.9999953330793452,0.0618642880985465,0.06188040064673123,0.9999926903988483,0.0038318656759649392,0.9997396179078297,0.06188040064673123,29.979029714624765,0.0020635854024443974,0.002079115016385913,0.003899071831256151,2.940613031387329,0.24005000293254852,0.003899071831256151,92.07280731201172,91.03246307373047,3914.031494140625,3.4091150760650635,4.038740634918213,0.6489341259002686,918.0,0.6759602210387758,-0.8186974900431536,0.31956025862874016,0.312137931240897,0.1221128903651314,-1.1890714989234,52.0,0.02051742527482725,,,,
gov_report:118,gov_report,recovery_formal,64,32,physical_delete_key_query_52,key_query,52,2,3,0.02320906126401296,0.025172976376030633,0.8854816658867383,0.46610576185012237,0.9219831980660147,0.022192961625050422,0.06649375114209634,0.3766310883780196,0.927354810277662,0.3337601089405278,0.06649375114209634,32.13518045202342,0.0006906126342804782,0.0007535180193372071,0.0011838716454803944,2.315605878829956,0.38336262106895447,0.0011838716454803944,26.45535659790039,26.500608444213867,53.71996307373047,5.643646717071533,5.868166923522949,1.2750685214996338,918.0,0.6759602210387758,-0.8186974900431536,0.31956025862874016,0.312137931240897,0.1221128903651314,-1.1890714989234,52.0,0.02051742527482725,,,,
gov_report:118,gov_report,recovery_formal,64,32,physical_delete_key_query_52,key_query,52,3,4,0.0084991592237511,0.024281251793146046,0.35780820403651037,0.933827497070927,0.35002969765134545,0.008494359865393751,0.06309588046076206,0.06719414433674062,1.0000160157494127,0.1346262197050441,0.06309588046076206,37.547187652844904,0.0002262315874075896,0.00027300938381813467,0.0004922201042063534,2.0489304065704346,0.4680196940898895,0.0004922201042063534,19.08057403564453,20.780466079711914,7.696657180786133,5.746005535125732,6.157540798187256,1.308763861656189,918.0,0.6759602210387758,-0.8186974900431536,0.31956025862874016,0.312137931240897,0.1221128903651314,-1.1890714989234,52.0,0.02051742527482725,,,,
gov_report:118,gov_report,recovery_formal,64,32,physical_delete_key_query_52,key_query,52,4,5,0.03241945491824082,0.03312799525948166,0.9730355207877908,0.23072271846705644,0.9786120368681818,0.03308303215467896,0.07191816912060174,0.4936556267517652,0.8703081019472507,0.46000937675708947,0.07191816912060174,44.494830610634125,0.0007435252972234536,0.0012903548777103424,0.0011909250169992447,2.0035016536712646,0.5263462662696838,0.0011909250169992447,15.161057472229004,17.803678512573242,5.008890151977539,5.063812732696533,7.029331207275391,2.2425849437713623,918.0,0.6759602210387758,-0.8186974900431536,0.31956025862874016,0.312137931240897,0.1221128903651314,-1.1890714989234,52.0,0.02051742527482725,1.7472774978397554e-08,3.5604918534649796e-07,1.7472425230311123e-08,3.560990268348049e-07
gov_report:118,gov_report,recovery_formal,64,32,physical_delete_key_query_52,key_query,52,5,6,0.022127353965818674,0.03065769727765267,0.6246017402384778,0.7869634493212208,0.7217552500900966,0.019663180597787103,0.06264181225371732,0.2806310934880987,0.9603920657732689,0.31389865475388196,0.06264181225371732,40.519779031572995,0.00048527363839930026,0.0006962771876715124,0.0011974856024608016,1.8146796226501465,0.5765998959541321,0.0011974856024608016,15.957634925842285,16.85407066345215,4.432143211364746,6.309072494506836,7.942366600036621,1.8788964748382568,918.0,0.6759602210387758,-0.8186974900431536,0.31956025862874016,0.312137931240897,0.1221128903651314,-1.1890714989234,52.0,0.02051742527482725,,,,
gov_report:118,gov_report,recovery_formal,64,32,physical_delete_key_query_52,key_query,52,6,7,0.015096246479707653,0.01626091026321052,0.8769516250171082,0.4833222135678947,0.9283764706495023,0.013034563536751387,0.05963117195171939,0.216831256654886,0.9762106774078899,0.21858640556829695,0.05963117195171939,42.138432507261804,0.0003093272046724831,0.0006784143042750657,0.0007344018085859716,1.3356566429138184,0.6230445504188538,0.0007344018085859716,16.465621948242188,19.4422607421875,6.105134010314941,5.67866325378418,6.566160678863525,1.1134275197982788,918.0,0.6759602210387758,-0.8186974900431536,0.31956025862874016,0.312137931240897,0.1221128903651314,-1.1890714989234,52.0,0.02051742527482725,,,,
gov_report:118,gov_report,recovery_formal,64,32,physical_delete_key_query_52,key_query,52,7,8,0.007276112553832738,0.0205546486966217,0.13280725880542693,1.0155212673053202,0.35398866024057213,0.006213966053341363,0.05189965615188267,0.16749610531743708,0.9870291881689689,0.11973038964181944,0.05189965615188267,45.22481673372205,0.0001374016856702461,0.0002640781458467245,0.00028147848206572235,2.3591983318328857,0.34965643286705017,0.00028147848206572235,33.450740814208984,33.70271682739258,190.93887329101562,6.114789962768555,6.369912624359131,1.6911430358886719,918.0,0.6759602210387758,-0.8186974900431536,0.31956025862874016,0.312137931240897,0.1221128903651314,-1.1890714989234,52.0,0.02051742527482725,1.8917071142762033e-09,3.485801748635253e-07,1.891683963304577e-09,3.486215053260847e-07
gov_report:118,gov_report,recovery_formal,64,32,physical_delete_key_query_52,key_query,52,8,9,0.04988630413874213,0.0501428888255331,0.9760838577207538,0.2182056548408727,0.9948829297074661,0.04171906992439669,0.06160798721528245,0.6666871336707534,0.7454113982335363,0.6771698250522925,0.06160798721528245,45.355445646412235,0.0009198249367812529,0.0014689028030261397,0.0027811245527118444,2.078951597213745,0.4486265182495117,0.0027811245527118444,17.486087799072266,19.395082473754883,6.5878987312316895,7.225841045379639,7.580902099609375,1.702061414718628,918.0,0.6759602210387758,-0.8186974900431536,0.31956025862874016,0.312137931240897,0.1221128903651314,-1.1890714989234,52.0,0.02051742527482725,,,,
gov_report:118,gov_report,recovery_formal,64,32,physical_delete_key_query_52,key_query,52,9,10,0.09779281596336356,0.09395647365997208,0.9937887877475304,0.12081730263424237,1.0408310588291678,0.09466708335256467,0.1097578406885499,0.851989671448809,0.5236642511718171,0.8625086167756622,0.1097578406885499,44.189374115684814,0.0021423042359625328,0.0020359118934720755,0.0035285677295178175,2.2269506454467773,0.4354945719242096,0.0035285677295178175,17.412967681884766,18.786043167114258,4.57858419418335,6.9849772453308105,7.412312030792236,1.4930347204208374,918.0,0.6759602210387758,-0.8186974900431536,0.31956025862874016,0.312137931240897,0.1221128903651314,-1.1890714989234,52.0,0.02051742527482725,,,,
gov_report:118,gov_report,recovery_formal,64,32,physical_delete_key_query_52,key_query,52,10,11,0.09909343219902174,0.10053589765094618,0.8162684490269461,0.6019939252283424,0.9856522348173328,0.10759677363663309,0.14416724701771852,0.7826782367247096,0.6234867714373676,0.7463329976982163,0.14416724701771852,46.68971400947008,0.002304507018715283,0.0026522353291511536,0.0024499751161783934,2.3686482906341553,0.40236708521842957,0.0024499751161783934,16.99095916748047,18.44011878967285,5.962368965148926,8.322757720947266,8.210563659667969,2.1670687198638916,918.0,0.6759602210387758,-0.8186974900431536,0.31956025862874016,0.312137931240897,0.1221128903651314,-1.1890714989234,52.0,0.02051742527482725,2.0206896270165008e-06,3.995331290708752e-06,2.0199979837414763e-06,3.994356762760414e-06
gov_report:118,gov_report,recovery_formal,64,32,physical_delete_key_query_52,key_query,52,11,12,0.42886268962024066,0.4291254379290542,0.991489819196183,0.13042359887231003,0.9993877121102828,0.37070504631812334,0.39001245288366143,0.9571059722675535,0.2898134872343879,0.9504954100240041,0.39001245288366143,48.03047173615095,0.007718122119527423,0.007974880747497082,0.015463304705917835,2.6575889587402344,0.31485477089881897,0.015463304705917835,18.450042724609375,19.27955436706543,6.060896396636963,8.961559295654297,7.711547374725342,1.17240571975708,918.0,0.6759602210387758,-0.8186974900431536,0.31956025862874016,0.312137931240897,0.1221128903651314,-1.1890714989234,52.0,0.02051742527482725,,,,
gov_report:118,gov_report,recovery_formal,64,32,physical_delete_key_query_52,key_query,52,12,13,0.09299416509893274,0.13881734481889085,0.7046239165937885,0.7104299216210928,0.6699030673743135,0.08123863463764246,0.3901776358276639,0.3594247583374711,0.9453464659699712,0.20820935691333278,0.3901776358276639,50.339519306992884,0.0016138142706968051,0.002059688325971365,0.0028363014571368694,2.3989434242248535,0.37009191513061523,0.0028363014571368694,16.305063247680664,17.360021591186523,3.8693184852600098,9.610240936279297,8.545658111572266,1.2773391008377075,918.0,0.6759602210387758,-0.8186974900431536,0.31956025862874016,0.312137931240897,0.1221128903651314,-1.1890714989234,52.0,0.02051742527482725,,,,
gov_report:118,gov_report,recovery_formal,64,32,physical_delete_key_query_52,key_query,52,13,14,0.017728466683892295,0.09309836678490255,0.2718567908164747,0.9657767102955632,0.19042725770746025,0.01722755651549913,0.39613801032691937,0.0914849446994274,0.9969624552951392,0.04348877428167473,0.39613801032691937,56.65041317361768,0.0003041029279469063,0.00042803827091120183,0.00045774964382871985,2.4518649578094482,0.2893080413341522,0.00045774964382871985,19.744224548339844,19.13922691345215,3.4144325256347656,7.465706825256348,7.837846279144287,1.5875868797302246,918.0,0.6759602210387758,-0.8186974900431536,0.31956025862874016,0.312137931240897,0.1221128903651314,-1.1890714989234,52.0,0.02051742527482725,,,,
gov_report:118,gov_report,recovery_formal,64,32,physical_delete_key_query_52,key_query,52,14,15,0.028269734769416213,0.06720890648105912,0.3922789567704498,0.9202829502523809,0.42062482860635764,0.02185360810316658,0.38613921193632705,0.13032975955317772,0.9942087033689146,0.05659515383993211,0.38613921193632705,54.519862808917075,0.00040083754758811095,0.0005995911778882146,0.0008249518577940762,1.5485754013061523,0.6331102252006531,0.0008249518577940762,18.309497833251953,18.87380027770996,8.56923770904541,9.085172653198242,9.240920066833496,1.5126851797103882,918.0,0.6759602210387758,-0.8186974900431536,0.31956025862874016,0.312137931240897,0.1221128903651314,-1.1890714989234,52.0,0.02051742527482725,6.978685312450221e-08,4.125503088041213e-05,6.978497257643394e-08,4.117486713908487e-05
gov_report:118,gov_report,recovery_formal,64,32,physical_delete_key_query_52,key_query,52,15,16,0.08399011349806998,0.13247875085618555,0.45498720358929223,0.9083107415068431,0.6339893224781898,0.08593542521191286,0.34460011344895536,0.3028723849898011,0.9545313242335219,0.24937724004737516,0.34460011344895536,55.99038392895532,0.0015348247177757164,0.0023553934879601,0.002561011118814349,2.6015524864196777,0.33535036444664,0.002561011118814349,53.974205017089844,55.240028381347656,1430.170166015625,7.656615257263184,7.917817115783691,1.910224199295044,918.0,0.6759602210387758,-0.8186974900431536,0.31956025862874016,0.312137931240897,0.1221128903651314,-1.1890714989234,52.0,0.02051742527482725,,,,
gov_report:118,gov_report,recovery_formal,64,32,physical_delete_key_query_52,key_query,52,16,17,0.07938453982089251,0.09625140314905233,0.8107928220033654,0.5854999140469437,0.8247624161692454,0.07652100516260316,0.3602658016174304,0.3321932819449191,0.9507879305077993,0.21240152359468614,0.3602658016174304,61.28877387118227,0.0012485321589796564,0.00183087307959795,0.0020392201840877533,2.6431291103363037,0.335478276014328,0.0020392201840877533,18.341367721557617,17.687450408935547,5.032613277435303,8.319116592407227,8.538064002990723,2.7637205123901367,918.0,0.6759602210387758,-0.8186974900431536,0.31956025862874016,0.312137931240897,0.1221128903651314,-1.1890714989234,52.0,0.02051742527482725,,,,
gov_report:118,gov_report,recovery_formal,64,32,physical_delete_key_query_52,key_query,52,17,18,0.05688264348179109,0.08075884525907008,0.7311003726068375,0.6827940595050167,0.7043518675795152,0.048495512269041766,0.3725273934268861,0.15984097770438963,0.9875883008498154,0.13017972134325662,0.3725273934268861,65.82131568743266,0.0007367751884409851,0.0014790561981499195,0.0012940705055370927,2.4544594287872314,0.4210284650325775,0.0012940705055370927,15.52379035949707,15.99404239654541,6.328035831451416,9.17369556427002,9.414156913757324,3.633857011795044,918.0,0.6759602210387758,-0.8186974900431536,0.31956025862874016,0.312137931240897,0.1221128903651314,-1.1890714989234,52.0,0.02051742527482725,5.163418760695883e-07,5.6252697914092366e-05,5.161974507310376e-07,5.615232441085682e-05
gov_report:118,gov_report,recovery_formal,64,32,physical_delete_key_query_52,key_query,52,18,19,0.029431331090873234,0.07487621574652069,0.25920041169874897,0.9750565484722924,0.3930664871006229,0.02659620602206817,0.37385064228595344,0.04817326576696787,0.9991030303520237,0.0711412607437092,0.37385064228595344,74.59543302970945,0.00035653933413692474,0.0008926534210331738,0.0011892520124092698,2.3515961170196533,0.3916584253311157,0.0011892520124092698,21.641620635986328,21.73326873779297,6.371682643890381,9.278519630432129,9.302448272705078,2.6002094745635986,918.0,0.6759602210387758,-0.8186974900431536,0.31956025862874016,0.312137931240897,0.1221128903651314,-1.1890714989234,52.0,0.02051742527482725,2.0339192417144578e-07,5.8506945517413115e-05,2.0337586190607583e-07,5.839227363785407e-05
gov_report:118,gov_report,recovery_formal,64,32,physical_delete_key_query_52,key_query,52,19,20,0.010712767870033528,0.0642399922167792,0.1794416952019487,0.9838503246249511,0.1667616620170667,0.008664260760148527,0.3814245531172048,0.017059588898667908,0.9998704716576159,0.02271552968821637,0.3814245531172048,76.51608620519153,0.00011323449995748303,0.0001777779689291492,0.00033060795976780355,1.1246442794799805,0.7487652897834778,0.00033060795976780355,17.910964965820312,17.982681274414062,3.5542969703674316,8.360795974731445,10.035527229309082,3.2952487468719482,918.0,0.6759602210387758,-0.8186974900431536,0.31956025862874016,0.312137931240897,0.1221128903651314,-1.1890714989234,52.0,0.02051742527482725,,,,
gov_report:118,gov_report,recovery_formal,64,32,physical_delete_key_query_52,key_query,52,20,21,0.08429204130151081,0.13308464374209597,0.5910386778079979,0.8077532806775062,0.6333716567995622,0.08791795059906872,0.4123947782631153,0.16480839595692706,0.9875114463892464,0.21318880653473132,0.4123947782631153,86.79291004304288,0.0010129623555134618,0.0011059006210416555,0.0014188589993864298,2.1910228729248047,0.45201238989830017,0.0014188589993864298,18.330244064331055,17.9105281829834,5.141685962677002,10.220335006713867,11.440566062927246,5.524003505706787,918.0,0.6759602210387758,-0.8186974900431536,0.31956025862874016,0.312137931240897,0.1221128903651314,-1.1890714989234,52.0,0.02051742527482725,,,,
gov_report:118,gov_report,recovery_formal,64,32,physical_delete_key_query_52,key_query,52,21,22,0.04743591603707672,0.09267252783425604,0.41627321239328074,0.9142508372922216,0.5118659989712961,0.04279814455644492,0.44954754676699354,0.15309212228648336,0.9899060491745572,0.09520270962267706,0.44954754676699354,112.84606409680809,0.00037926129634197395,0.0013873595744371414,0.001512623275630176,2.601034164428711,0.3637765645980835,0.001512623275630176,17.014873504638672,16.540220260620117,4.666530609130859,8.567352294921875,11.156213760375977,7.039364814758301,918.0,0.6759602210387758,-0.8186974900431536,0.31956025862874016,0.312137931240897,0.1221128903651314,-1.1890714989234,52.0,0.02051742527482725,,,,
gov_report:118,gov_report,recovery_formal,64,32,physical_delete_key_query_52,key_query,52,22,23,0.060946341616725117,0.09594118939484501,0.5144539119423684,0.8659838997359102,0.6352468840666656,0.05894139707671395,0.5237600888205435,0.08599162542158499,0.996649385047115,0.1125351059288313,0.5237600888205435,137.7139343958075,0.00042799878846906523,0.0020652562379837036,0.002471411367878318,1.7165521383285522,0.5662129521369934,0.002471411367878318,17.14893341064453,18.78606605529785,4.718615531921387,8.11784839630127,10.897381782531738,9.492207527160645,918.0,0.6759602210387758,-0.8186974900431536,0.31956025862874016,0.312137931240897,0.1221128903651314,-1.1890714989234,52.0,0.02051742527482725,2.1697959984632822e-07,5.935580742101289e-05,2.1699214614873617e-07,5.924916745267068e-05
gov_report:118,gov_report,recovery_formal,64,32,physical_delete_key_query_52,key_query,52,23,24,0.11384950856587946,0.12530905696947545,0.9213604582483451,0.3889203273198293,0.9085497195435166,0.11351931886078222,0.598167122459985,0.21551612660795352,0.9768394031085669,0.18977859965611232,0.598167122459985,168.7217432738949,0.0006728197365558292,0.002912244526669383,0.003842918435111642,1.5614185333251953,0.6542168855667114,0.003842918435111642,15.393267631530762,17.27875518798828,4.734375476837158,8.802604675292969,13.723543167114258,11.116069793701172,918.0,0.6759602210387758,-0.8186974900431536,0.31956025862874016,0.312137931240897,0.1221128903651314,-1.1890714989234,52.0,0.02051742527482725,,,,
gov_report:118,gov_report,recovery_formal,64,32,physical_delete_key_query_52,key_query,52,24,25,0.03317057874029404,0.07922382054081446,0.3919052689164227,0.9203955256551284,0.41869451023515397,0.03448170076728556,0.6932520699286009,0.09234973522476687,0.9966379466623382,0.049739052017308626,0.6932520699286009,197.46158304534924,0.00017462485732916693,0.001124624628573656,0.000983608071692288,1.414331078529358,0.6576305031776428,0.000983608071692288,15.620904922485352,17.713163375854492,6.147218227386475,7.853751182556152,16.240032196044922,64.60082244873047,918.0,0.6759602210387758,-0.8186974900431536,0.31956025862874016,0.312137931240897,0.1221128903651314,-1.1890714989234,52.0,0.02051742527482725,,,,
gov_report:118,gov_report,recovery_formal,64,32,physical_delete_key_query_52,key_query,52,25,26,0.10763355194342702,0.13452655773960595,0.7778340870676269,0.6288636770331812,0.8000914745158803,0.11549721124887594,0.7553531457840961,0.10713995004127429,0.9952966710733688,0.15290491857154284,0.7553531457840961,231.774457186329,0.000498317254847565,0.002444171579554677,0.0024416164960712194,1.7410858869552612,0.6209061741828918,0.0024416164960712194,13.937613487243652,16.255693435668945,7.011384010314941,9.700542449951172,20.47410774230957,51.90030288696289,918.0,0.6759602210387758,-0.8186974900431536,0.31956025862874016,0.312137931240897,0.1221128903651314,-1.1890714989234,52.0,0.02051742527482725,,,,
gov_report:118,gov_report,recovery_formal,64,32,physical_delete_key_query_52,key_query,52,26,27,0.40228329945019164,0.4491358644435092,0.9842795054764869,0.19759357066220692,0.8956828685872835,0.34365545842656986,0.8838553493898359,0.3778453900050612,0.9259336772954894,0.388814140983375,0.8838553493898359,266.26744689682823,0.0012906401530928693,0.010171234607696533,0.004804474301636219,2.2269129753112793,0.551287055015564,0.004804474301636219,15.147467613220215,15.781904220581055,4.99522590637207,10.834721565246582,25.210920333862305,138.85348510742188,918.0,0.6759602210387758,-0.8186974900431536,0.31956025862874016,0.312137931240897,0.1221128903651314,-1.1890714989234,52.0,0.02051742527482725,3.3856687819171704e-06,5.949707255580944e-05,3.3864899727946797e-06,5.93770385823349e-05
gov_report:118,gov_report,recovery_formal,64,32,physical_delete_key_query_52,key_query,52,27,28,0.6198805954620819,0.4429830323181793,0.8758384794604568,0.7120063519827377,1.3993325934363174,0.5762914616166447,1.0724999551711565,0.5075662031494376,0.8621268548960417,0.5373347186058169,1.0724999551711565,277.0764355064672,0.0020799006619355532,0.025696175172924995,0.009978397749364376,3.388044595718384,0.22012819349765778,0.009978397749364376,16.488807678222656,15.099434852600098,3.4911117553710938,10.46375846862793,24.85857391357422,128.97312927246094,918.0,0.6759602210387758,-0.8186974900431536,0.31956025862874016,0.312137931240897,0.1221128903651314,-1.1890714989234,52.0,0.02051742527482725,,,,
gov_report:118,gov_report,recovery_formal,64,32,physical_delete_age_4,age,4,0,1,0.0015344081095808953,0.0015358038014557332,0.9999574001209238,0.009270824853673974,0.999091230355391,0.001711146772192192,0.0017127763197635926,0.9999520804775786,0.009831227715108132,0.9990485928882846,0.0017127763197635926,17.811796611166244,9.606817378093523e-05,0.00011654153786366805,0.00022948058904148638,1.4475394487380981,0.6106985807418823,0.00022948058904148638,778.8583984375,778.7850341796875,1835.5584716796875,3.5669851303100586,4.119892120361328,0.8141310214996338,966.0,-0.5616267240642361,-0.02970671914303629,-0.5502348363840395,-0.5493227565248292,0.19352810947548227,0.6249680867313109,4.0,0.14293712603889108,1.1300889968787525e-10,1.126126178461782e-10,1.1301072250952686e-10,1.1261378708500599e-10
gov_report:118,gov_report,recovery_formal,64,32,physical_delete_age_4,age,4,1,2,0.03490942430848119,0.034946609398098176,0.9999222066069691,0.012512131904928548,0.9989359457109734,0.03303276985787503,0.03294159755747626,0.9986780391645378,0.05156451664375303,1.0027676951683868,0.03294159755747626,29.979029714624765,0.0011018625409934648,0.0014513460919260979,0.0022624663542956114,2.940613031387329,0.24005000293254852,0.0022624663542956114,91.52398681640625,91.03246307373047,3914.031494140625,4.77968692779541,4.038740634918213,0.6489341259002686,966.0,-0.5616267240642361,-0.02970671914303629,-0.5502348363840395,-0.5493227565248292,0.19352810947548227,0.6249680867313109,4.0,0.14293712603889108,,,,
gov_report:118,gov_report,recovery_formal,64,32,physical_delete_age_4,age,4,2,3,0.002349449108722378,0.007036342659298765,0.30336785942425837,0.9533626159739127,0.3339020315642959,0.0021550860454552546,0.029566611747619903,0.0937381311123868,0.9958151643727605,0.0728891786401172,0.029566611747619903,32.13518045202342,6.706313812902699e-05,8.820926450425759e-05,0.00011166070180479437,2.315605878829956,0.38336262106895447,0.00011166070180479437,27.662723541259766,26.500608444213867,53.71996307373047,6.647296905517578,5.868166923522949,1.2750685214996338,966.0,-0.5616267240642361,-0.02970671914303629,-0.5502348363840395,-0.5493227565248292,0.19352810947548227,0.6249680867313109,4.0,0.14293712603889108,,,,
gov_report:118,gov_report,recovery_formal,64,32,physical_delete_age_4,age,4,3,4,0.013350926478140146,0.013870543742471153,0.9111068193428742,0.4153667510079431,0.9625380753647057,0.012826623008820029,0.03127990687413584,0.4718872066603687,0.8838241506990954,0.41005950114978995,0.03127990687413584,37.547187652844904,0.00034161341529525104,0.00017505267169326544,0.00046534245484508574,2.0489304065704346,0.4680196940898895,0.00046534245484508574,20.383953094482422,20.780466079711914,7.696657180786133,7.322013854980469,6.157540798187256,1.308763861656189,966.0,-0.5616267240642361,-0.02970671914303629,-0.5502348363840395,-0.5493227565248292,0.19352810947548227,0.6249680867313109,4.0,0.14293712603889108,,,,
gov_report:118,gov_report,recovery_formal,64,32,physical_delete_age_4,age,4,4,5,0.002319004178044041,0.005072231684681039,0.45913381479774606,0.8883692335554665,0.4571960277460923,0.0022920191881711702,0.030020666556987374,0.042995552255785295,0.9996318178356831,0.07634804456524294,0.030020666556987374,44.494830610634125,5.151203312196417e-05,7.725020259385929e-05,7.422488852171227e-05,2.0035016536712646,0.5263462662696838,7.422488852171227e-05,18.461536407470703,17.803678512573242,5.008890151977539,7.620412826538086,7.029331207275391,2.2425849437713623,966.0,-0.5616267240642361,-0.02970671914303629,-0.5502348363840395,-0.5493227565248292,0.19352810947548227,0.6249680867313109,4.0,0.14293712603889108,2.0987488675428544e-10,6.231872641658751e-08,2.0987496776821003e-10,6.231724714910176e-08
gov_report:118,gov_report,recovery_formal,64,32,physical_delete_age_4,age,4,5,6,0.03846689734298123,0.03870644134273574,0.9727860110322462,0.23265734019150394,0.9938112626362778,0.028286170545746087,0.03790799266735104,0.7543378146132556,0.656537141387982,0.7461795931523453,0.03790799266735104,40.519779031572995,0.0006980830404752581,0.00022499611077364534,0.0005469453171826899,1.8146796226501465,0.5765998959541321,0.0005469453171826899,17.817508697509766,16.85407066345215,4.432143211364746,8.273088455200195,7.942366600036621,1.8788964748382568,966.0,-0.5616267240642361,-0.02970671914303629,-0.5502348363840395,-0.5493227565248292,0.19352810947548227,0.6249680867313109,4.0,0.14293712603889108,,,,
gov_report:118,gov_report,recovery_formal,64,32,physical_delete_age_4,age,4,6,7,0.0017969260825270005,0.005415556767873205,0.34333527297610195,0.939283644060663,0.3318081888065386,0.001540920787954749,0.032912059474462796,0.08950660700290856,0.9969005819862318,0.04681933651555242,0.032912059474462796,42.138432507261804,3.656806141731064e-05,3.365751399542205e-05,5.8552635891828686e-05,1.3356566429138184,0.6230445504188538,5.8552635891828686e-05,19.886260986328125,19.4422607421875,6.105134010314941,6.787395477294922,6.566160678863525,1.1134275197982788,966.0,-0.5616267240642361,-0.02970671914303629,-0.5502348363840395,-0.5493227565248292,0.19352810947548227,0.6249680867313109,4.0,0.14293712603889108,,,,
gov_report:118,gov_report,recovery_formal,64,32,physical_delete_age_4,age,4,7,8,0.002609811879822169,0.00933576215405059,0.4929126451837081,0.8958575568962865,0.2795499539038521,0.0023210171499759465,0.02781753511172606,0.05010654183830222,0.9992998884325321,0.08343719674133014,0.02781753511172606,45.22481673372205,5.1321759105002e-05,5.6164502893807366e-05,8.947751484811306e-05,2.3591983318328857,0.34965643286705017,8.947751484811306e-05,33.97175979614258,33.70271682739258,190.93887329101562,6.296531677246094,6.369912624359131,1.6911430358886719,966.0,-0.5616267240642361,-0.02970671914303629,-0.5502348363840395,-0.5493227565248292,0.19352810947548227,0.6249680867313109,4.0,0.14293712603889108,7.860288835885469e-10,1.4039754457435605e-07,7.860293515555072e-10,1.4039726455633697e-07
gov_report:118,gov_report,recovery_formal,64,32,physical_delete_age_4,age,4,8,9,0.0015160005522039154,0.004505671555363697,0.29133710943613605,0.9576842958989781,0.3364649494700117,0.0012139896492401661,0.02451738316164824,0.11078596916494551,0.9957311603087503,0.04951546587317571,0.02451738316164824,45.355445646412235,2.6766127681874e-05,4.647007517633028e-05,3.6485707823885605e-05,2.078951597213745,0.4486265182495117,3.6485707823885605e-05,18.519786834716797,19.395082473754883,6.5878987312316895,8.406990051269531,7.580902099609375,1.702061414718628,966.0,-0.5616267240642361,-0.02970671914303629,-0.5502348363840395,-0.5493227565248292,0.19352810947548227,0.6249680867313109,4.0,0.14293712603889108,,,,
gov_report:118,gov_report,recovery_formal,64,32,physical_delete_age_4,age,4,9,10,0.0011945387060161969,0.0026053517064561806,0.35045546365632346,0.9427901895389907,0.4584942228936214,0.0010443465194249775,0.02423875829552585,0.0622501358826224,0.998244555203312,0.0430858093757117,0.02423875829552585,44.189374115684814,2.3633430894290296e-05,2.6423769668326713e-05,5.03086848766543e-05,2.2269506454467773,0.4354945719242096,5.03086848766543e-05,19.433338165283203,18.786043167114258,4.57858419418335,7.323515892028809,7.412312030792236,1.4930347204208374,966.0,-0.5616267240642361,-0.02970671914303629,-0.5502348363840395,-0.5493227565248292,0.19352810947548227,0.6249680867313109,4.0,0.14293712603889108,,,,
gov_report:118,gov_report,recovery_formal,64,32,physical_delete_age_4,age,4,10,11,0.00255225221357524,0.007321401245611892,0.31037897120364555,0.9513810297924191,0.3486016034300731,0.003059844549279063,0.023524951978730755,0.07322783284182942,0.9989336786757954,0.13006804655947915,0.023524951978730755,46.68971400947008,6.553573124603921e-05,6.14071250311099e-05,6.769860920030624e-05,2.3686482906341553,0.40236708521842957,6.769860920030624e-05,18.977916717529297,18.44011878967285,5.962368965148926,8.479736328125,8.210563659667969,2.1670687198638916,966.0,-0.5616267240642361,-0.02970671914303629,-0.5502348363840395,-0.5493227565248292,0.19352810947548227,0.6249680867313109,4.0,0.14293712603889108,1.3078626057740649e-09,1.3616147853169093e-07,1.3078770187848702e-09,1.3616049543876756e-07
gov_report:118,gov_report,recovery_formal,64,32,physical_delete_age_4,age,4,11,12,0.0061997691614907435,0.007605959162697695,0.8067196722808614,0.5909940230338933,0.8151199643427743,0.005514178097020146,0.023251345477779062,0.3086730034572745,0.953853117306679,0.23715522623368002,0.023251345477779062,48.03047173615095,0.00011480582841891612,0.00013587296416517347,0.0001571614993736148,2.6575889587402344,0.31485477089881897,0.0001571614993736148,19.391769409179688,19.27955436706543,6.060896396636963,9.032400131225586,7.711547374725342,1.17240571975708,966.0,-0.5616267240642361,-0.02970671914303629,-0.5502348363840395,-0.5493227565248292,0.19352810947548227,0.6249680867313109,4.0,0.14293712603889108,,,,
gov_report:118,gov_report,recovery_formal,64,32,physical_delete_age_4,age,4,12,13,0.006382797360017117,0.009168588876188296,0.7879776176594082,0.6225125690589925,0.6961591850403341,0.005256319435400761,0.02394731674432157,0.2545320832114171,0.9676988201958816,0.21949513139701338,0.02394731674432157,50.339519306992884,0.00010441735455091211,9.151381527772173e-05,0.0002653308038134128,2.3989434242248535,0.37009191513061523,0.0002653308038134128,17.10036849975586,17.360021591186523,3.8693184852600098,8.046975135803223,8.545658111572266,1.2773391008377075,966.0,-0.5616267240642361,-0.02970671914303629,-0.5502348363840395,-0.5493227565248292,0.19352810947548227,0.6249680867313109,4.0,0.14293712603889108,,,,
gov_report:118,gov_report,recovery_formal,64,32,physical_delete_age_4,age,4,13,14,0.001034233242489833,0.003879173310265132,0.2783841797807934,0.9605419502554728,0.26661176487088833,0.0009801744809178241,0.023321237213138318,0.08984725607547925,0.997102818547893,0.04202926594158694,0.023321237213138318,56.65041317361768,1.7302159437281833e-05,2.2282334612100385e-05,3.0537110433215275e-05,2.4518649578094482,0.2893080413341522,3.0537110433215275e-05,17.802715301513672,19.13922691345215,3.4144325256347656,7.5177483558654785,7.837846279144287,1.5875868797302246,966.0,-0.5616267240642361,-0.02970671914303629,-0.5502348363840395,-0.5493227565248292,0.19352810947548227,0.6249680867313109,4.0,0.14293712603889108,,,,
gov_report:118,gov_report,recovery_formal,64,32,physical_delete_age_4,age,4,14,15,0.0003573529081271447,0.0027776003702517462,0.1053526866225872,0.9947079076394787,0.12865526371410882,0.0002756882333282996,0.022293396843560027,0.001696371197906965,1.0000554839834974,0.012366362796252767,0.022293396843560027,54.519862808917075,5.056656769195117e-06,7.218046903290087e-06,1.1127528523502406e-05,1.5485754013061523,0.6331102252006531,1.1127528523502406e-05,19.743364334106445,18.87380027770996,8.56923770904541,9.230497360229492,9.240920066833496,1.5126851797103882,966.0,-0.5616267240642361,-0.02970671914303629,-0.5502348363840395,-0.5493227565248292,0.19352810947548227,0.6249680867313109,4.0,0.14293712603889108,1.1982933649240673e-11,1.594379782960084e-07,1.1984040394703236e-11,1.5943859119865154e-07
gov_report:118,gov_report,recovery_formal,64,32,physical_delete_age_4,age,4,15,16,0.00010570473075324007,0.004169199844647959,0.16047567527207468,0.99624570267633,0.025353721263549938,0.00010119028705979127,0.02095692882277051,-0.011097046016475732,1.0000652369796454,0.004828488368479074,0.02095692882277051,55.99038392895532,1.807279749826129e-06,2.0750103431055322e-06,2.394833472862956e-06,2.6015524864196777,0.33535036444664,2.394833472862956e-06,56.32140350341797,55.240028381347656,1430.170166015625,8.617984771728516,7.917817115783691,1.910224199295044,966.0,-0.5616267240642361,-0.02970671914303629,-0.5502348363840395,-0.5493227565248292,0.19352810947548227,0.6249680867313109,4.0,0.14293712603889108,,,,
gov_report:118,gov_report,recovery_formal,64,32,physical_delete_age_4,age,4,16,17,0.002691615761236392,0.0040015172548402535,0.6848716330891951,0.7287662478126584,0.6726487953989456,0.002269451939451209,0.021023713149193542,0.1033967897246284,0.9946505972093,0.10794724620461557,0.021023713149193542,61.28877387118227,3.702883572481283e-05,2.995376598846633e-05,8.82686217664741e-05,2.6431291103363037,0.335478276014328,8.82686217664741e-05,16.567398071289062,17.687450408935547,5.032613277435303,8.453682899475098,8.538064002990723,2.7637205123901367,966.0,-0.5616267240642361,-0.02970671914303629,-0.5502348363840395,-0.5493227565248292,0.19352810947548227,0.6249680867313109,4.0,0.14293712603889108,,,,
gov_report:118,gov_report,recovery_formal,64,32,physical_delete_age_4,age,4,17,18,0.03508593055748352,0.03520605218665372,0.9978050285881108,0.06623145766650344,0.9965880403592726,0.03909131924315089,0.04625099149621464,0.8995966452176011,0.44009648382431404,0.8451995941827598,0.04625099149621464,65.82131568743266,0.0005939006055239737,0.0002926441957242787,0.000541740853805095,2.4544594287872314,0.4210284650325775,0.000541740853805095,16.770767211914062,15.99404239654541,6.328035831451416,10.072800636291504,9.414156913757324,3.633857011795044,966.0,-0.5616267240642361,-0.02970671914303629,-0.5502348363840395,-0.5493227565248292,0.19352810947548227,0.6249680867313109,4.0,0.14293712603889108,3.7893590977624853e-07,8.423269315852684e-07,3.7888119834830976e-07,8.422996028236857e-07
gov_report:118,gov_report,recovery_formal,64,32,physical_delete_age_4,age,4,18,19,0.0018348673759499268,0.008924490909130172,0.404739330391868,0.9358647885003474,0.20559910863630007,0.001686099241896047,0.045473000817088334,0.05397357126221846,0.9986852736475431,0.037079128528997946,0.045473000817088334,74.59543302970945,2.260325027169581e-05,2.3700593374087475e-05,4.140896999160759e-05,2.3515961170196533,0.3916584253311157,4.140896999160759e-05,23.026649475097656,21.73326873779297,6.371682643890381,10.128425598144531,9.302448272705078,2.6002094745635986,966.0,-0.5616267240642361,-0.02970671914303629,-0.5502348363840395,-0.5493227565248292,0.19352810947548227,0.6249680867313109,4.0,0.14293712603889108,1.1830890836826696e-09,8.222943754420591e-07,1.1831047001956185e-09,8.222748206869494e-07
gov_report:118,gov_report,recovery_formal,64,32,physical_delete_age_4,age,4,19,20,0.000597592747580784,0.007446443382153402,0.062380966833550974,0.9982123984979329,0.08025210384503978,0.0005643075378276871,0.04550199041361015,0.1380519975720635,0.9983634673065466,0.01240182094669196,0.04550199041361015,76.51608620519153,7.3750183237861366e-06,1.1535805242601782e-05,1.2136235454818234e-05,1.1246442794799805,0.7487652897834778,1.2136235454818234e-05,16.919845581054688,17.982681274414062,3.5542969703674316,10.80630111694336,10.035527229309082,3.2952487468719482,966.0,-0.5616267240642361,-0.02970671914303629,-0.5502348363840395,-0.5493227565248292,0.19352810947548227,0.6249680867313109,4.0,0.14293712603889108,,,,
gov_report:118,gov_report,recovery_formal,64,32,physical_delete_age_4,age,4,20,21,0.00016500259290634693,0.009361832092800653,0.1038623698827906,0.9983233376606222,0.01762503228756214,0.00015473868321102478,0.04794830415132017,0.011264094334628286,0.9999688554537626,0.003227198249237024,0.04794830415132017,86.79291004304288,1.782849349495089e-06,1.998261723201722e-06,2.359945483476622e-06,2.1910228729248047,0.45201238989830017,2.359945483476622e-06,19.677085876464844,17.9105281829834,5.141685962677002,12.769476890563965,11.440566062927246,5.524003505706787,966.0,-0.5616267240642361,-0.02970671914303629,-0.5502348363840395,-0.5493227565248292,0.19352810947548227,0.6249680867313109,4.0,0.14293712603889108,,,,
gov_report:118,gov_report,recovery_formal,64,32,physical_delete_age_4,age,4,21,22,0.0005420661039712755,0.009074152212960691,0.09044384708229529,0.9963748278013203,0.05973738276034622,0.0005000183282737879,0.05495629019324122,0.022304748706208362,0.9998384388992094,0.009098473105000135,0.05495629019324122,112.84606409680809,4.430977121584262e-06,5.5089572015276644e-06,6.103257419454167e-06,2.601034164428711,0.3637765645980835,6.103257419454167e-06,17.880041122436523,16.540220260620117,4.666530609130859,16.59793472290039,11.156213760375977,7.039364814758301,966.0,-0.5616267240642361,-0.02970671914303629,-0.5502348363840395,-0.5493227565248292,0.19352810947548227,0.6249680867313109,4.0,0.14293712603889108,,,,
gov_report:118,gov_report,recovery_formal,64,32,physical_delete_age_4,age,4,22,23,0.004434085386198266,0.009623987018012526,0.4212472591288386,0.907804960104305,0.46073268572570875,0.0043516721444359216,0.05950221863358427,0.0792378813445625,0.9968744193528019,0.07313461992457115,0.05950221863358427,137.7139343958075,3.159935966921588e-05,5.417906868387945e-05,9.064374171430245e-05,1.7165521383285522,0.5662129521369934,9.064374171430245e-05,19.28680992126465,18.78606605529785,4.718615531921387,11.252368927001953,10.897381782531738,9.492207527160645,966.0,-0.5616267240642361,-0.02970671914303629,-0.5502348363840395,-0.5493227565248292,0.19352810947548227,0.6249680867313109,4.0,0.14293712603889108,8.379595289888119e-10,8.138451576757849e-07,8.379581023835061e-10,8.138219147203805e-07
gov_report:118,gov_report,recovery_formal,64,32,physical_delete_age_4,age,4,23,24,0.004668677807678829,0.010206477089778315,0.5857688601557961,0.8205775352026513,0.45742304289836333,0.0045002096958454375,0.06575616138979291,0.06818215728611433,0.9976729217543199,0.06843784066361253,0.06575616138979291,168.7217432738949,2.667237552506798e-05,4.5554890675703064e-05,7.943107630126178e-05,1.5614185333251953,0.6542168855667114,7.943107630126178e-05,18.059673309326172,17.27875518798828,4.734375476837158,14.894376754760742,13.723543167114258,11.116069793701172,966.0,-0.5616267240642361,-0.02970671914303629,-0.5502348363840395,-0.5493227565248292,0.19352810947548227,0.6249680867313109,4.0,0.14293712603889108,,,,
gov_report:118,gov_report,recovery_formal,64,32,physical_delete_age_4,age,4,24,25,0.0009842800270760065,0.012107220687059326,0.0124912427841009,1.0022864825995197,0.08129694275153039,0.0010320248148224793,0.07651967773976255,-0.004603291135242803,1.0001530233909754,0.01348705124363324,0.07651967773976255,197.46158304534924,5.226458731395177e-06,8.179707037925255e-06,1.0358492545492481e-05,1.414331078529358,0.6576305031776428,1.0358492545492481e-05,18.719802856445312,17.713163375854492,6.147218227386475,16.429031372070312,16.240032196044922,64.60082244873047,966.0,-0.5616267240642361,-0.02970671914303629,-0.5502348363840395,-0.5493227565248292,0.19352810947548227,0.6249680867313109,4.0,0.14293712603889108,,,,
gov_report:118,gov_report,recovery_formal,64,32,physical_delete_age_4,age,4,25,26,0.012375239342199688,0.03427292973849453,0.5361275347443889,0.8620958262643661,0.3610791209454183,0.013599513477842442,0.08050893572403088,0.23583613668676728,0.9740940298454828,0.16891930511240333,0.08050893572403088,231.774457186329,5.8675635110686376e-05,9.084571502171457e-05,0.00015105315833352506,1.7410858869552612,0.6209061741828918,0.00015105315833352506,17.696041107177734,16.255693435668945,7.011384010314941,17.58687973022461,20.47410774230957,51.90030288696289,966.0,-0.5616267240642361,-0.02970671914303629,-0.5502348363840395,-0.5493227565248292,0.19352810947548227,0.6249680867313109,4.0,0.14293712603889108,,,,
gov_report:118,gov_report,recovery_formal,64,32,physical_delete_age_4,age,4,26,27,0.008183624457114498,0.01777366302229173,0.04103849392771865,1.0836095446485265,0.46043544579699724,0.007101711331956495,0.08844778753581727,0.10801603466681363,0.9945356302073819,0.08029269617491144,0.08844778753581727,266.26744689682823,2.6671346477844983e-05,6.801371637266129e-05,9.101943578571081e-05,2.2269129753112793,0.551287055015564,9.101943578571081e-05,15.525497436523438,15.781904220581055,4.99522590637207,19.834800720214844,25.210920333862305,138.85348510742188,966.0,-0.5616267240642361,-0.02970671914303629,-0.5502348363840395,-0.5493227565248292,0.19352810947548227,0.6249680867313109,4.0,0.14293712603889108,1.7513758816982312e-09,8.365678564755497e-07,1.7513510197877014e-09,8.365536110008952e-07
gov_report:118,gov_report,recovery_formal,64,32,physical_delete_age_4,age,4,27,28,0.016511729467421372,0.025647607215903645,0.8113690367354522,0.6080808190747687,0.6437921997332652,0.013661223882754505,0.10599804059890229,0.15691302916302033,0.9880101457566534,0.12888185296225163,0.10599804059890229,277.0764355064672,4.930489255711405e-05,0.00028344846214167774,0.00010305097384843975,3.388044595718384,0.22012819349765778,0.00010305097384843975,13.62582778930664,15.099434852600098,3.4911117553710938,17.024085998535156,24.85857391357422,128.97312927246094,966.0,-0.5616267240642361,-0.02970671914303629,-0.5502348363840395,-0.5493227565248292,0.19352810947548227,0.6249680867313109,4.0,0.14293712603889108,,,,
gov_report:118,gov_report,recovery_formal,64,32,physical_delete_random_18,random,18,0,1,0.0027750065587100986,0.002775465286897003,0.9999868978473444,0.005121258796936974,0.9998347202578717,0.00325529300830387,0.00325601882650578,0.9999865804789835,0.005184857824565969,0.9997770841507422,0.00325601882650578,17.811796611166244,0.00018276050863185364,0.00012961820175405592,0.0003227250126656145,1.4475394487380981,0.6106985807418823,0.0003227250126656145,779.73486328125,778.7850341796875,1835.5584716796875,3.1908457279205322,4.119892120361328,0.8141310214996338,952.0,-0.5625354027971532,0.09885834111268557,-0.5573882022438708,-0.5575266581393713,0.24901769212639577,0.8017876107876027,18.0,0.022691005331637926,2.2374603941008158e-10,2.278493343904248e-10,2.2374507484898656e-10,2.2785046979074773e-10
gov_report:118,gov_report,recovery_formal,64,32,physical_delete_random_18,random,18,1,2,0.03922036028641162,0.03915084608751188,0.9997687356227359,0.021598670478975873,1.0017755478066643,0.03827871487500968,0.03811068120834642,0.9965362255766785,0.08353162998599793,1.0044090963828394,0.03811068120834642,29.979029714624765,0.0012768496925814798,0.0020938569214195013,0.004516008775681257,2.940613031387329,0.24005000293254852,0.004516008775681257,90.44036865234375,91.03246307373047,3914.031494140625,3.3038406372070312,4.038740634918213,0.6489341259002686,952.0,-0.5625354027971532,0.09885834111268557,-0.5573882022438708,-0.5575266581393713,0.24901769212639577,0.8017876107876027,18.0,0.022691005331637926,,,,
gov_report:118,gov_report,recovery_formal,64,32,physical_delete_random_18,random,18,2,3,0.012891778362626345,0.015059354811928624,0.807706386518562,0.5915647859015879,0.8560644545286014,0.013952334742779418,0.038981941280087015,0.4409249308834421,0.9013741574545528,0.35791790466593904,0.038981941280087015,32.13518045202342,0.0004341763309407804,0.00045143617899157107,0.0008265298674814403,2.315605878829956,0.38336262106895447,0.0008265298674814403,26.917285919189453,26.500608444213867,53.71996307373047,5.380096435546875,5.868166923522949,1.2750685214996338,952.0,-0.5625354027971532,0.09885834111268557,-0.5573882022438708,-0.5575266581393713,0.24901769212639577,0.8017876107876027,18.0,0.022691005331637926,,,,
gov_report:118,gov_report,recovery_formal,64,32,physical_delete_random_18,random,18,3,4,0.0011840113657195595,0.009483255104931216,-0.023782355346469903,1.0107061006631006,0.12485284352457028,0.001274669364070138,0.038126071750249575,0.11544745470905107,0.9966936611769677,0.033433010681510715,0.038126071750249575,37.547187652844904,3.394846441910697e-05,2.1249632482067682e-05,4.312577948439866e-05,2.0489304065704346,0.4680196940898895,4.312577948439866e-05,21.19639015197754,20.780466079711914,7.696657180786133,6.975646018981934,6.157540798187256,1.308763861656189,952.0,-0.5625354027971532,0.09885834111268557,-0.5573882022438708,-0.5575266581393713,0.24901769212639577,0.8017876107876027,18.0,0.022691005331637926,,,,
gov_report:118,gov_report,recovery_formal,64,32,physical_delete_random_18,random,18,4,5,0.00737793072343225,0.010860678867206689,0.6712076162400519,0.7413138524930818,0.679325004784882,0.00682185454297397,0.04413764626968374,0.27725262038004683,0.9685993999177887,0.1545586391556092,0.04413764626968374,44.494830610634125,0.00015331791242606885,0.00012627081014215946,0.0002418856747681275,2.0035016536712646,0.5263462662696838,0.0002418856747681275,17.724145889282227,17.803678512573242,5.008890151977539,7.107852935791016,7.029331207275391,2.2425849437713623,952.0,-0.5625354027971532,0.09885834111268557,-0.5573882022438708,-0.5575266581393713,0.24901769212639577,0.8017876107876027,18.0,0.022691005331637926,1.7624201904438978e-09,5.92805275772629e-08,1.7624111154297981e-09,5.92829995647282e-08
gov_report:118,gov_report,recovery_formal,64,32,physical_delete_random_18,random,18,5,6,0.03427895502994274,0.03553821242823066,0.9063358722206222,0.42655134084084645,0.9645661018873422,0.03315131743159586,0.049396375658853624,0.6825317885423816,0.7309448623032526,0.6711285390764078,0.049396375658853624,40.519779031572995,0.000818151486111619,0.0004035365127492696,0.0008384232060052454,1.8146796226501465,0.5765998959541321,0.0008384232060052454,17.08676528930664,16.85407066345215,4.432143211364746,7.150364875793457,7.942366600036621,1.8788964748382568,952.0,-0.5625354027971532,0.09885834111268557,-0.5573882022438708,-0.5575266581393713,0.24901769212639577,0.8017876107876027,18.0,0.022691005331637926,,,,
gov_report:118,gov_report,recovery_formal,64,32,physical_delete_random_18,random,18,6,7,0.008258251981227965,0.014642083250561499,0.6948081175405991,0.7309927171260809,0.5640079925724555,0.009302460815447198,0.04554013021031294,0.2499357634831733,0.969338702090821,0.20426952607484153,0.04554013021031294,42.138432507261804,0.00022075953617506027,0.0002010396565310657,0.0003177002945449203,1.3356566429138184,0.6230445504188538,0.0003177002945449203,16.652057647705078,19.4422607421875,6.105134010314941,6.024370193481445,6.566160678863525,1.1134275197982788,952.0,-0.5625354027971532,0.09885834111268557,-0.5573882022438708,-0.5575266581393713,0.24901769212639577,0.8017876107876027,18.0,0.022691005331637926,,,,
gov_report:118,gov_report,recovery_formal,64,32,physical_delete_random_18,random,18,7,8,0.0018164393912063685,0.013674540535442446,-0.04528589340809081,1.01472940549219,0.1328336689995849,0.001646448032290134,0.03998833291403688,0.03228904044306899,0.9995180570342954,0.041173210091791305,0.03998833291403688,45.22481673372205,3.640585305152721e-05,3.3054024243028834e-05,6.632833537878469e-05,2.3591983318328857,0.34965643286705017,6.632833537878469e-05,33.94053649902344,33.70271682739258,190.93887329101562,5.491649627685547,6.369912624359131,1.6911430358886719,952.0,-0.5625354027971532,0.09885834111268557,-0.5573882022438708,-0.5575266581393713,0.24901769212639577,0.8017876107876027,18.0,0.022691005331637926,3.754248576005613e-10,1.1306078006007608e-07,3.7542669532519926e-10,1.1307634610228027e-07
gov_report:118,gov_report,recovery_formal,64,32,physical_delete_random_18,random,18,8,9,0.0015453892884362448,0.008321070773716136,0.18476208706038214,0.9827837446701574,0.1857200029253067,0.001264377422627149,0.03465232962021325,-0.0777813867672267,1.003497602365832,0.03648751574525072,0.03465232962021325,45.355445646412235,2.7877080791668183e-05,4.88187070004642e-05,4.953240568283945e-05,2.078951597213745,0.4486265182495117,4.953240568283945e-05,19.867202758789062,19.395082473754883,6.5878987312316895,7.749255657196045,7.580902099609375,1.702061414718628,952.0,-0.5625354027971532,0.09885834111268557,-0.5573882022438708,-0.5575266581393713,0.24901769212639577,0.8017876107876027,18.0,0.022691005331637926,,,,
gov_report:118,gov_report,recovery_formal,64,32,physical_delete_random_18,random,18,9,10,0.002850848753369479,0.005488090097948516,0.48228502408430707,0.8768028333091519,0.5194609969022091,0.00251367621724502,0.03286873749995748,0.09210258603411428,0.9958721290986735,0.07647620226509375,0.03286873749995748,44.189374115684814,5.688417787191067e-05,5.2976320148445666e-05,7.905141683295369e-05,2.2269506454467773,0.4354945719242096,7.905141683295369e-05,19.58641815185547,18.786043167114258,4.57858419418335,7.9552717208862305,7.412312030792236,1.4930347204208374,952.0,-0.5625354027971532,0.09885834111268557,-0.5573882022438708,-0.5575266581393713,0.24901769212639577,0.8017876107876027,18.0,0.022691005331637926,,,,
gov_report:118,gov_report,recovery_formal,64,32,physical_delete_random_18,random,18,10,11,0.001086056835320763,0.010229735661752318,-0.0029067510167452367,1.0059267165627919,0.10616665681610832,0.0009969945722478521,0.029911780992057675,0.028638878115695834,0.999600836452598,0.03333116715827049,0.029911780992057675,46.68971400947008,2.1353623456456204e-05,2.0461809981497936e-05,2.6978974347002804e-05,2.3686482906341553,0.40236708521842957,2.6978974347002804e-05,19.81529998779297,18.44011878967285,5.962368965148926,10.26175308227539,8.210563659667969,2.1670687198638916,952.0,-0.5625354027971532,0.09885834111268557,-0.5573882022438708,-0.5575266581393713,0.24901769212639577,0.8017876107876027,18.0,0.022691005331637926,6.692515179671074e-11,1.0885852763184247e-07,6.69267952262924e-11,1.0887337218262435e-07
gov_report:118,gov_report,recovery_formal,64,32,physical_delete_random_18,random,18,11,12,0.002872651155756274,0.006501087840320052,0.3678630198339876,0.9328205529531333,0.4418723798715588,0.002962693892242554,0.028876704635961235,0.09344366760077817,0.9956666530001627,0.10259806060255923,0.028876704635961235,48.03047173615095,6.168363093574682e-05,5.3018349717603996e-05,7.754914986435324e-05,2.6575889587402344,0.31485477089881897,7.754914986435324e-05,19.230318069458008,19.27955436706543,6.060896396636963,8.946123123168945,7.711547374725342,1.17240571975708,952.0,-0.5625354027971532,0.09885834111268557,-0.5573882022438708,-0.5575266581393713,0.24901769212639577,0.8017876107876027,18.0,0.022691005331637926,,,,
gov_report:118,gov_report,recovery_formal,64,32,physical_delete_random_18,random,18,12,13,0.004436708272042533,0.005637676587978398,0.7611777878571715,0.6490561229488013,0.7869745989869706,0.0036050722244572496,0.02847362885064018,0.09360711850576878,0.9961560911823971,0.12661091578343714,0.02847362885064018,50.339519306992884,7.161514996740251e-05,5.4563464800594375e-05,0.00015935565170366317,2.3989434242248535,0.37009191513061523,0.00015935565170366317,17.37172508239746,17.360021591186523,3.8693184852600098,9.316232681274414,8.545658111572266,1.2773391008377075,952.0,-0.5625354027971532,0.09885834111268557,-0.5573882022438708,-0.5575266581393713,0.24901769212639577,0.8017876107876027,18.0,0.022691005331637926,,,,
gov_report:118,gov_report,recovery_formal,64,32,physical_delete_random_18,random,18,13,14,0.0012298528723013217,0.0036185506786540695,0.34491256907027645,0.9386483380258438,0.3398744363471977,0.0011724266289450762,0.028316374182370724,-0.009470823256632326,1.0012485239666384,0.041404546408170026,0.028316374182370724,56.65041317361768,2.0695817793100932e-05,2.4941624360508285e-05,3.219595964765176e-05,2.4518649578094482,0.2893080413341522,3.219595964765176e-05,20.474166870117188,19.13922691345215,3.4144325256347656,8.967792510986328,7.837846279144287,1.5875868797302246,952.0,-0.5625354027971532,0.09885834111268557,-0.5573882022438708,-0.5575266581393713,0.24901769212639577,0.8017876107876027,18.0,0.022691005331637926,,,,
gov_report:118,gov_report,recovery_formal,64,32,physical_delete_random_18,random,18,14,15,0.00013367380796389458,0.0025452588041265283,0.09171326308377918,0.9965565148642297,0.05251874887817871,0.00010501213629848074,0.027833549257891516,0.06878667652706662,0.9997475627529725,0.0037728618555072395,0.027833549257891516,54.519862808917075,1.9261262022344143e-06,2.590043550299015e-06,2.958124241558835e-06,1.5485754013061523,0.6331102252006531,2.958124241558835e-06,21.86777114868164,18.87380027770996,8.56923770904541,10.835468292236328,9.240920066833496,1.5126851797103882,952.0,-0.5625354027971532,0.09885834111268557,-0.5573882022438708,-0.5575266581393713,0.24901769212639577,0.8017876107876027,18.0,0.022691005331637926,2.478300667330494e-12,1.3236212878918276e-07,2.4776079934059646e-12,1.3237932137046947e-07
gov_report:118,gov_report,recovery_formal,64,32,physical_delete_random_18,random,18,15,16,0.00010841390921468124,0.007467942903333455,0.21687237740119877,0.9969523429466551,0.014517238631576666,8.969099523566848e-05,0.02712016856457007,0.03891600180914959,0.9998767592754543,0.0033071695340729287,0.02712016856457007,55.99038392895532,1.6018999860668032e-06,1.200110432364454e-06,2.7824437438539462e-06,2.6015524864196777,0.33535036444664,2.7824437438539462e-06,57.341182708740234,55.240028381347656,1430.170166015625,8.790249824523926,7.917817115783691,1.910224199295044,952.0,-0.5625354027971532,0.09885834111268557,-0.5573882022438708,-0.5575266581393713,0.24901769212639577,0.8017876107876027,18.0,0.022691005331637926,,,,
gov_report:118,gov_report,recovery_formal,64,32,physical_delete_random_18,random,18,16,17,0.003124098602086485,0.0042284499346074275,0.7222343935974809,0.6918474105015823,0.7388283296244179,0.0027533436113122184,0.028069752262304834,0.1811672880230199,0.9869550944098638,0.09808934491415916,0.028069752262304834,61.28877387118227,4.492410987204998e-05,2.639542617544066e-05,8.597103442298248e-05,2.6431291103363037,0.335478276014328,8.597103442298248e-05,20.869163513183594,17.687450408935547,5.032613277435303,10.865382194519043,8.538064002990723,2.7637205123901367,952.0,-0.5625354027971532,0.09885834111268557,-0.5573882022438708,-0.5575266581393713,0.24901769212639577,0.8017876107876027,18.0,0.022691005331637926,,,,
gov_report:118,gov_report,recovery_formal,64,32,physical_delete_random_18,random,18,17,18,0.012668865711059756,0.013360358344627591,0.9454747384199176,0.32570720294018096,0.9482429575816059,0.011268499845749905,0.03026476634255015,0.3864736872902832,0.9224088653067563,0.37233064079226613,0.03026476634255015,65.82131568743266,0.00017119833792537533,0.0001361658505629748,0.000250834331382066,2.4544594287872314,0.4210284650325775,0.000250834331382066,17.464542388916016,15.99404239654541,6.328035831451416,11.21157455444336,9.414156913757324,3.633857011795044,952.0,-0.5625354027971532,0.09885834111268557,-0.5573882022438708,-0.5575266581393713,0.24901769212639577,0.8017876107876027,18.0,0.022691005331637926,2.151649797558094e-08,2.0651343894393552e-07,2.1517010133953066e-08,2.0654722530334955e-07
gov_report:118,gov_report,recovery_formal,64,32,physical_delete_random_18,random,18,18,19,0.0012424827255443063,0.005139409222498648,0.24517116632252847,0.969485824007281,0.24175594348570734,0.0009969269176421834,0.03014821031352649,0.0020703727225435033,1.0004781544128019,0.03306753227719443,0.03014821031352649,74.59543302970945,1.3364449767925241e-05,9.614434929972049e-06,1.8624617950990796e-05,2.3515961170196533,0.3916584253311157,1.8624617950990796e-05,23.026330947875977,21.73326873779297,6.371682643890381,11.225141525268555,9.302448272705078,2.6002094745635986,952.0,-0.5625354027971532,0.09885834111268557,-0.5573882022438708,-0.5575266581393713,0.24901769212639577,0.8017876107876027,18.0,0.022691005331637926,3.3072093809891016e-10,2.08453047220488e-07,3.307221825239409e-10,2.0848697217856636e-07
gov_report:118,gov_report,recovery_formal,64,32,physical_delete_random_18,random,18,19,20,0.0019432359366512461,0.004195807156690256,0.47364710808484684,0.8807774221470471,0.4631375714092907,0.0015545040317712022,0.03003711290934705,0.1436922708780212,0.9938839980940645,0.051752777853941695,0.03003711290934705,76.51608620519153,2.0316042140505234e-05,2.2188802176970057e-05,3.017492599610705e-05,1.1246442794799805,0.7487652897834778,3.017492599610705e-05,16.930191040039062,17.982681274414062,3.5542969703674316,11.656181335449219,10.035527229309082,3.2952487468719482,952.0,-0.5625354027971532,0.09885834111268557,-0.5573882022438708,-0.5575266581393713,0.24901769212639577,0.8017876107876027,18.0,0.022691005331637926,,,,
gov_report:118,gov_report,recovery_formal,64,32,physical_delete_random_18,random,18,20,21,5.9757659282649196e-05,0.005698137928478025,0.011572890716451761,0.999933621231282,0.010487225832845098,6.036851250483279e-05,0.031142126359150275,-0.014727837271056905,1.0000304280734547,0.0019384839624830283,0.031142126359150275,86.79291004304288,6.955465887120788e-07,6.509767445095349e-07,8.977544894150924e-07,2.1910228729248047,0.45201238989830017,8.977544894150924e-07,18.841033935546875,17.9105281829834,5.141685962677002,11.248067855834961,11.440566062927246,5.524003505706787,952.0,-0.5625354027971532,0.09885834111268557,-0.5573882022438708,-0.5575266581393713,0.24901769212639577,0.8017876107876027,18.0,0.022691005331637926,,,,
gov_report:118,gov_report,recovery_formal,64,32,physical_delete_random_18,random,18,21,22,0.00025767626992446085,0.004960718565674504,0.04327063121404945,0.9991010300655175,0.051943335731126056,0.0002605085950351249,0.034796811344014876,-0.03346438105955115,1.0002785188113927,0.007486565147008303,0.034796811344014876,112.84606409680809,2.3085306263906596e-06,3.6302851640357403e-06,4.590198841469828e-06,2.601034164428711,0.3637765645980835,4.590198841469828e-06,19.032958984375,16.540220260620117,4.666530609130859,12.444051742553711,11.156213760375977,7.039364814758301,952.0,-0.5625354027971532,0.09885834111268557,-0.5573882022438708,-0.5575266581393713,0.24901769212639577,0.8017876107876027,18.0,0.022691005331637926,,,,
gov_report:118,gov_report,recovery_formal,64,32,physical_delete_random_18,random,18,22,23,0.0026973198860169765,0.004706593970741932,0.5693121088955639,0.8221301745785503,0.5730938132298206,0.002588280779069404,0.03814180669786545,0.08549783148184477,0.9964944728723302,0.06785941734674707,0.03814180669786545,137.7139343958075,1.879461791884003e-05,2.6801186322700232e-05,6.368601316353306e-05,1.7165521383285522,0.5662129521369934,6.368601316353306e-05,19.854877471923828,18.78606605529785,4.718615531921387,8.901174545288086,10.897381782531738,9.492207527160645,952.0,-0.5625354027971532,0.09885834111268557,-0.5573882022438708,-0.5575266581393713,0.24901769212639577,0.8017876107876027,18.0,0.022691005331637926,2.810808164380246e-10,2.0885200554175305e-07,2.810803409508953e-10,2.0888685984312881e-07
gov_report:118,gov_report,recovery_formal,64,32,physical_delete_random_18,random,18,23,24,0.003536140285503475,0.005275421397614915,0.6893989164129125,0.7246335069022949,0.6703048001250117,0.003570656962562021,0.04089506720268115,-0.005089117747799928,1.0042470755734887,0.08731265667972599,0.04089506720268115,168.7217432738949,2.1162992352239897e-05,4.494430686463602e-05,7.80888949520886e-05,1.5614185333251953,0.6542168855667114,7.80888949520886e-05,17.128698348999023,17.27875518798828,4.734375476837158,12.391057968139648,13.723543167114258,11.116069793701172,952.0,-0.5625354027971532,0.09885834111268557,-0.5573882022438708,-0.5575266581393713,0.24901769212639577,0.8017876107876027,18.0,0.022691005331637926,,,,
gov_report:118,gov_report,recovery_formal,64,32,physical_delete_random_18,random,18,24,25,0.0016593480500647713,0.006099010390051488,0.3109674758477812,0.9512162563832173,0.2720684084702409,0.0017793546124037515,0.04644871307960951,0.02704868793560932,0.9996975238970278,0.03830794212433992,0.04644871307960951,197.46158304534924,9.011143256129487e-06,9.162392416328657e-06,2.0804020095965825e-05,1.414331078529358,0.6576305031776428,2.0804020095965825e-05,18.478179931640625,17.713163375854492,6.147218227386475,13.36833381652832,16.240032196044922,64.60082244873047,952.0,-0.5625354027971532,0.09885834111268557,-0.5573882022438708,-0.5575266581393713,0.24901769212639577,0.8017876107876027,18.0,0.022691005331637926,,,,
gov_report:118,gov_report,recovery_formal,64,32,physical_delete_random_18,random,18,25,26,0.038638896716114396,0.03907448266426335,0.9708702861998976,0.24027951324565663,0.9888524193169336,0.0397185511466417,0.06293193426679501,0.6275756270264422,0.7785637430826042,0.6311350764821244,0.06293193426679501,231.774457186329,0.00017136724913009293,0.000307110050925985,0.0007100980146788061,1.7410858869552612,0.6209061741828918,0.0007100980146788061,15.62646484375,16.255693435668945,7.011384010314941,14.999245643615723,20.47410774230957,51.90030288696289,952.0,-0.5625354027971532,0.09885834111268557,-0.5573882022438708,-0.5575266581393713,0.24901769212639577,0.8017876107876027,18.0,0.022691005331637926,,,,
gov_report:118,gov_report,recovery_formal,64,32,physical_delete_random_18,random,18,26,27,0.02389391591783934,0.02034503405366957,0.9138052333631815,0.48258446347046063,1.174434795970748,0.014959930114548936,0.07102756237636887,0.15477149458319076,0.9895276676427625,0.21062147726931088,0.07102756237636887,266.26744689682823,5.6183849317282573e-05,0.000141316166264005,0.00021384551655501127,2.2269129753112793,0.551287055015564,0.00021384551655501127,16.348405838012695,15.781904220581055,4.99522590637207,15.558337211608887,25.210920333862305,138.85348510742188,952.0,-0.5625354027971532,0.09885834111268557,-0.5573882022438708,-0.5575266581393713,0.24901769212639577,0.8017876107876027,18.0,0.022691005331637926,6.979733255029932e-09,2.8121615267459704e-07,6.979588594516219e-09,2.812116888429459e-07
gov_report:118,gov_report,recovery_formal,64,32,physical_delete_random_18,random,18,27,28,0.014257374735991838,0.017088037325168223,0.8417143052712575,0.5399734127439865,0.8343482908357635,0.012562150849798046,0.07985246728930526,0.14504224549359365,0.9895016001494013,0.15731700317142874,0.07985246728930526,277.0764355064672,4.53382144419309e-05,0.00037994750891812146,0.00017331662820652127,3.388044595718384,0.22012819349765778,0.00017331662820652127,13.198722839355469,15.099434852600098,3.4911117553710938,14.93893814086914,24.85857391357422,128.97312927246094,952.0,-0.5625354027971532,0.09885834111268557,-0.5573882022438708,-0.5575266581393713,0.24901769212639577,0.8017876107876027,18.0,0.022691005331637926,,,,
gov_report:119,gov_report,recovery_formal,64,32,physical_delete_attention_94,attention,94,0,1,8.383543131064832e-05,8.238369603831745e-05,0.9820242872102144,0.19208193660517958,1.0176216331888732,0.00010322951486776184,9.904600516980032e-05,0.9578102008753677,0.2995457896377107,1.0422380457524711,9.904600516980032e-05,19.968380906626578,5.169648723673173e-06,4.4283019633439835e-06,9.040213626576588e-06,1.40288507938385,0.6299648880958557,9.040213626576588e-06,779.9674682617188,778.9323120117188,1834.27734375,4.726761817932129,4.202920436859131,0.8380502462387085,983.0,-0.5612855791388902,0.3367207687310653,-0.5477428825706481,-0.559353861619035,-0.40074056865285573,0.8354199378607614,94.0,0.28035602601550025,1.757004271541738e-13,1.4880085199714198e-13,1.7585955624513826e-13,1.5057443920624146e-13
gov_report:119,gov_report,recovery_formal,64,32,physical_delete_attention_94,attention,94,1,2,0.0008106460207493865,0.0008112291409617041,0.9997040392130633,0.024331312812162484,0.9992811892683905,0.0008475903820849097,0.0008589898821522062,0.9928765817828683,0.1193058418321024,0.986729180047226,0.0008589898821522062,25.589168191011506,3.3123014228443566e-05,3.665085750981234e-05,6.236350600374863e-05,2.6466195583343506,0.31588295102119446,6.236350600374863e-05,92.56974792480469,90.98551940917969,3925.82275390625,4.9057440757751465,4.063735485076904,0.6157476305961609,983.0,-0.5612855791388902,0.3367207687310653,-0.5477428825706481,-0.559353861619035,-0.40074056865285573,0.8354199378607614,94.0,0.28035602601550025,,,,
gov_report:119,gov_report,recovery_formal,64,32,physical_delete_attention_94,attention,94,2,3,0.0007568767283089846,0.0007904038419387078,0.9405348391544343,0.3401247304046777,0.9575822992617449,0.0007240217551141247,0.0011477404169253247,0.6605392797677386,0.7513793188608805,0.6308236117132674,0.0011477404169253247,31.95009525436864,2.266102023639904e-05,2.2263129721977748e-05,2.7743782993638888e-05,1.8875937461853027,0.5048454403877258,2.7743782993638888e-05,28.69175148010254,26.33000373840332,54.82334518432617,6.8138837814331055,5.966837406158447,1.3916116952896118,983.0,-0.5612855791388902,0.3367207687310653,-0.5477428825706481,-0.559353861619035,-0.40074056865285573,0.8354199378607614,94.0,0.28035602601550025,,,,
gov_report:119,gov_report,recovery_formal,64,32,physical_delete_attention_94,attention,94,3,4,0.0002596669182422797,0.00038617979301796326,0.7076903229169909,0.7074036204341297,0.6723990300295211,0.00027279959529437104,0.0011297161704663615,0.252668035464835,0.9676177553626666,0.24147622422874218,0.0011297161704663615,35.27004986144274,7.734596247129094e-06,8.43185989651829e-06,1.2314090781728737e-05,1.606075406074524,0.5850160717964172,1.2314090781728737e-05,23.686145782470703,20.67382049560547,7.3726806640625,5.575201034545898,6.271817684173584,1.3085546493530273,983.0,-0.5612855791388902,0.3367207687310653,-0.5477428825706481,-0.559353861619035,-0.40074056865285573,0.8354199378607614,94.0,0.28035602601550025,,,,
gov_report:119,gov_report,recovery_formal,64,32,physical_delete_attention_94,attention,94,4,5,0.0007921117333911038,0.0008344496977209325,0.9350559354766451,0.3547847537971328,0.9492624127668053,0.0009942507694775354,0.0015870277440415074,0.705625272533088,0.7129908755556947,0.6264860669326343,0.0015870277440415074,45.125659632240335,2.2032935974351635e-05,1.939483809110243e-05,2.7174761271453463e-05,1.6934894323349,0.5597462058067322,2.7174761271453463e-05,21.557697296142578,17.88620948791504,5.152135372161865,7.799405097961426,7.209499359130859,2.0932962894439697,983.0,-0.5612855791388902,0.3367207687310653,-0.5477428825706481,-0.559353861619035,-0.40074056865285573,0.8354199378607614,94.0,0.28035602601550025,2.9246950316861395e-12,5.326721697227679e-12,2.9261540102369194e-12,5.3289352755003096e-12
gov_report:119,gov_report,recovery_formal,64,32,physical_delete_attention_94,attention,94,5,6,0.025776913115929737,0.02578402282224752,0.9997326893078091,0.02312033737736056,0.9997242592295703,0.021634586485058595,0.021739003396447694,0.9982547943792782,0.05913304376623786,0.995196794007302,0.021739003396447694,42.216888952016426,0.0005124628323429609,0.0002445350110065192,0.0006287719588726759,1.4962373971939087,0.6327195763587952,0.0006287719588726759,18.29399871826172,17.13840675354004,4.2925333976745605,8.907012939453125,8.367829322814941,2.7287631034851074,983.0,-0.5612855791388902,0.3367207687310653,-0.5477428825706481,-0.559353861619035,-0.40074056865285573,0.8354199378607614,94.0,0.28035602601550025,,,,
gov_report:119,gov_report,recovery_formal,64,32,physical_delete_attention_94,attention,94,6,7,0.001406791146756038,0.004566004686570838,0.25935414542733204,0.9670117344389378,0.3081011175686214,0.0013562169019443748,0.019343874870186538,0.2682296484244557,0.9835160829754672,0.0701109219867124,0.019343874870186538,45.24351302265336,2.9975941551340607e-05,2.497649984434247e-05,5.634940680465661e-05,1.4671239852905273,0.5858367085456848,5.634940680465661e-05,19.388500213623047,19.355865478515625,7.119668960571289,6.974752426147461,6.97783899307251,1.2691287994384766,983.0,-0.5612855791388902,0.3367207687310653,-0.5477428825706481,-0.559353861619035,-0.40074056865285573,0.8354199378607614,94.0,0.28035602601550025,,,,
gov_report:119,gov_report,recovery_formal,64,32,physical_delete_attention_94,attention,94,7,8,0.003661051379061203,0.006973029274098575,0.61559373754301,0.7932503347613742,0.5250302609025657,0.0035581936981187493,0.01776006796510091,0.21909364388565045,0.9758838943311531,0.20034797755902237,0.01776006796510091,50.23382786866448,7.08326211456867e-05,0.00012194840383017436,0.00013630067405756563,2.35205340385437,0.34905102849006653,0.00013630067405756563,32.53466796875,33.818668365478516,194.04434204101562,7.631082534790039,6.7050557136535645,1.8324413299560547,983.0,-0.5612855791388902,0.3367207687310653,-0.5477428825706481,-0.559353861619035,-0.40074056865285573,0.8354199378607614,94.0,0.28035602601550025,2.5470793716100547e-11,1.183808091685017e-08,2.5473925848429423e-11,1.1839253629342398e-08
gov_report:119,gov_report,recovery_formal,64,32,physical_delete_attention_94,attention,94,8,9,0.0004532153806196431,0.0022597227289957037,0.18489441480785831,0.9828832792716871,0.2005623852892196,0.000392831562096154,0.01598844836566284,0.012010851268843459,1.0000067321871489,0.024569711401126838,0.01598844836566284,50.077291991018846,7.844504893886968e-06,1.0516239854041487e-05,1.3762431080976967e-05,1.6034364700317383,0.5559402704238892,1.3762431080976967e-05,22.53417205810547,19.455236434936523,6.163661479949951,8.940481185913086,8.107495307922363,1.851430058479309,983.0,-0.5612855791388902,0.3367207687310653,-0.5477428825706481,-0.559353861619035,-0.40074056865285573,0.8354199378607614,94.0,0.28035602601550025,,,,
gov_report:119,gov_report,recovery_formal,64,32,physical_delete_attention_94,attention,94,9,10,0.001224926228709445,0.0033416494536844805,0.2932221137817017,0.9588533409118094,0.3665633531245623,0.0010754284376850456,0.01506488935139842,0.1325927106738513,0.9930586003609395,0.0713864146360436,0.01506488935139842,50.789445954101446,2.117425023019375e-05,1.850832995842211e-05,3.467137139523402e-05,1.8379586935043335,0.5146685838699341,3.467137139523402e-05,20.881973266601562,19.331375122070312,5.623230934143066,8.73077392578125,7.655185699462891,1.820941686630249,983.0,-0.5612855791388902,0.3367207687310653,-0.5477428825706481,-0.559353861619035,-0.40074056865285573,0.8354199378607614,94.0,0.28035602601550025,,,,
gov_report:119,gov_report,recovery_formal,64,32,physical_delete_attention_94,attention,94,10,11,0.0019392408360614124,0.003454462214080173,0.5672181013769505,0.8235883644141782,0.5613727161805931,0.0018211602002046038,0.014421380900219273,0.1740173161461675,0.9858988985746787,0.12628195682543228,0.014421380900219273,50.34101923555118,3.617646658450029e-05,4.3289608584018424e-05,4.5263230276759714e-05,2.3766138553619385,0.42126965522766113,4.5263230276759714e-05,22.42690658569336,18.89211654663086,7.082993507385254,8.701515197753906,8.448846817016602,2.428621530532837,983.0,-0.5612855791388902,0.3367207687310653,-0.5477428825706481,-0.559353861619035,-0.40074056865285573,0.8354199378607614,94.0,0.28035602601550025,2.9579344982267826e-11,1.2282254001122397e-08,2.9578810614016454e-11,1.228353161689724e-08
gov_report:119,gov_report,recovery_formal,64,32,physical_delete_attention_94,attention,94,11,12,0.0014861317406170685,0.003558415637012618,0.4345152073590738,0.9008225986842202,0.41763860442809725,0.0012819341860705344,0.013881733136129452,0.08491343510173842,0.9964160597083094,0.09234683980014669,0.013881733136129452,53.86702514152674,2.379812478417851e-05,4.266032192390412e-05,5.801675797556527e-05,2.5866472721099854,0.32113030552864075,5.801675797556527e-05,24.35918426513672,19.305021286010742,6.187732696533203,8.642712593078613,8.03990650177002,1.2486070394515991,983.0,-0.5612855791388902,0.3367207687310653,-0.5477428825706481,-0.559353861619035,-0.40074056865285573,0.8354199378607614,94.0,0.28035602601550025,,,,
gov_report:119,gov_report,recovery_formal,64,32,physical_delete_attention_94,attention,94,12,13,0.0011171003204887722,0.0019383377544286515,0.46202826900298005,0.8941991860261185,0.5763187132564784,0.0009678019547941526,0.013826649886241322,0.09231051082083826,0.9959802877326506,0.06999540472614388,0.013826649886241322,52.5353022223991,1.8421935610023343e-05,2.242653317807708e-05,3.3559714211151004e-05,2.0386197566986084,0.5013711452484131,3.3559714211151004e-05,18.538368225097656,17.677165985107422,3.992281198501587,9.923592567443848,8.859599113464355,1.3430954217910767,983.0,-0.5612855791388902,0.3367207687310653,-0.5477428825706481,-0.559353861619035,-0.40074056865285573,0.8354199378607614,94.0,0.28035602601550025,,,,
gov_report:119,gov_report,recovery_formal,64,32,physical_delete_attention_94,attention,94,13,14,0.00029754551145461507,0.0012713068713831942,0.24911597365645144,0.9685908872021903,0.23404696234425498,0.00026734277004075306,0.013635261298747666,0.027546573301277053,0.9996520532399975,0.019606721439603597,0.013635261298747666,56.880590175405516,4.700070256239164e-06,7.699042726017069e-06,9.122261872107629e-06,2.3100578784942627,0.36227747797966003,9.122261872107629e-06,19.850059509277344,19.126657485961914,3.751430034637451,8.227740287780762,8.070149421691895,2.108060836791992,983.0,-0.5612855791388902,0.3367207687310653,-0.5477428825706481,-0.559353861619035,-0.40074056865285573,0.8354199378607614,94.0,0.28035602601550025,,,,
gov_report:119,gov_report,recovery_formal,64,32,physical_delete_attention_94,attention,94,14,15,0.00160102316760315,0.0019385795047344584,0.8718149340956192,0.4919850142034635,0.8258743908584002,0.0015553133223449405,0.013582684203646769,0.10380958147074712,0.9946547174669347,0.11450706642560089,0.013582684203646769,55.46905961429553,2.803929493594847e-05,2.1809937607031316e-05,5.1353752496652305e-05,1.140782356262207,0.7325274348258972,5.1353752496652305e-05,19.972190856933594,19.303186416625977,11.191436767578125,9.70564079284668,9.462916374206543,2.0516369342803955,983.0,-0.5612855791388902,0.3367207687310653,-0.5477428825706481,-0.559353861619035,-0.40074056865285573,0.8354199378607614,94.0,0.28035602601550025,1.7218379826164902e-10,1.0825564095314871e-08,1.7217984042518542e-10,1.0826337135491434e-08
gov_report:119,gov_report,recovery_formal,64,32,physical_delete_attention_94,attention,94,15,16,0.0016800088762988956,0.0031267693516071806,0.4924493387560623,0.8714959020678362,0.537298625955688,0.0015846328297698272,0.013360388419644367,0.1579471049773359,0.988230930572373,0.11860679345518667,0.013360388419644367,57.98641545147301,2.732765626969917e-05,3.8594436773564667e-05,5.6126766139641404e-05,2.56014084815979,0.3903261125087738,5.6126766139641404e-05,57.09415054321289,55.53672790527344,1418.1397705078125,7.790992736816406,7.934010028839111,1.9152305126190186,983.0,-0.5612855791388902,0.3367207687310653,-0.5477428825706481,-0.559353861619035,-0.40074056865285573,0.8354199378607614,94.0,0.28035602601550025,,,,
gov_report:119,gov_report,recovery_formal,64,32,physical_delete_attention_94,attention,94,16,17,0.0010517016114066267,0.0019507160276335334,0.5280482458651055,0.8492867552217208,0.5391361923049734,0.0010192259746292724,0.013607092206167702,0.04365761231090444,0.9995350675151516,0.07490402498832827,0.013607092206167702,60.549656044869344,1.6832894539879657e-05,3.0569146474590525e-05,2.533537735871505e-05,2.811113119125366,0.35276758670806885,2.533537735871505e-05,19.620738983154297,18.081525802612305,6.0892181396484375,9.20789909362793,8.77702522277832,3.175825595855713,983.0,-0.5612855791388902,0.3367207687310653,-0.5477428825706481,-0.559353861619035,-0.40074056865285573,0.8354199378607614,94.0,0.28035602601550025,,,,
gov_report:119,gov_report,recovery_formal,64,32,physical_delete_attention_94,attention,94,17,18,0.03302762803325435,0.033407551342232764,0.9990312441577586,0.0452195594295177,0.9886276217886664,0.03614698965600765,0.04055207863079508,0.9481922221632643,0.32273834796469114,0.8913720548114585,0.04055207863079508,64.08278522296652,0.0005640670818261031,0.00022994559549260885,0.00046751313493587077,2.357494592666626,0.40799710154533386,0.00046751313493587077,17.12230682373047,15.961060523986816,7.134184837341309,9.966402053833008,9.444197654724121,3.461123466491699,983.0,-0.5612855791388902,0.3367207687310653,-0.5477428825706481,-0.559353861619035,-0.40074056865285573,0.8354199378607614,94.0,0.28035602601550025,6.978511011477531e-07,8.353965685765625e-07,6.988750029056983e-07,8.367232877532694e-07
gov_report:119,gov_report,recovery_formal,64,32,physical_delete_attention_94,attention,94,18,19,0.0017715725433717511,0.005405880058729565,0.27886053123513416,0.9615733379067128,0.3277121438369626,0.0015886524559348598,0.04394926521142148,0.09390127127730775,0.997255262624666,0.03614741789862741,0.04394926521142148,76.34303347530305,2.0809396530579158e-05,2.632685391290579e-05,4.4989908928982913e-05,2.210664749145508,0.41854676604270935,4.4989908928982913e-05,23.277070999145508,21.668121337890625,6.467371940612793,8.742473602294922,9.342392921447754,3.213513135910034,983.0,-0.5612855791388902,0.3367207687310653,-0.5477428825706481,-0.559353861619035,-0.40074056865285573,0.8354199378607614,94.0,0.28035602601550025,2.229749462113201e-10,8.600798958221514e-07,2.2298072678609797e-10,8.614651096198988e-07
gov_report:119,gov_report,recovery_formal,64,32,physical_delete_attention_94,attention,94,19,20,0.0009754235506042412,0.005066729257769771,0.16884315203883846,0.985927160924824,0.19251542779958897,0.0008080513553338257,0.04588187811231982,0.10893890600619946,0.9982349419153473,0.017611557952263827,0.04588187811231982,81.5236287729554,9.91186687217103e-06,1.736352169245947e-05,2.5399338483111933e-05,1.068894624710083,0.720299243927002,2.5399338483111933e-05,19.482723236083984,18.229856491088867,4.048614978790283,9.734004974365234,10.12733268737793,3.4043397903442383,983.0,-0.5612855791388902,0.3367207687310653,-0.5477428825706481,-0.559353861619035,-0.40074056865285573,0.8354199378607614,94.0,0.28035602601550025,,,,
gov_report:119,gov_report,recovery_formal,64,32,physical_delete_attention_94,attention,94,20,21,0.005780395713210081,0.0073632214955597205,0.5783176249657254,0.8415945046361873,0.7850362394633736,0.004647663732705332,0.0493216995774484,0.05665016814241698,0.9991011580894281,0.09423162162948671,0.0493216995774484,94.17458639476854,4.935157042498583e-05,0.0001059408750734292,0.00010166496940655634,2.243574380874634,0.44718465209007263,0.00010166496940655634,18.24873161315918,18.076152801513672,4.884434223175049,11.287103652954102,10.957733154296875,5.430060863494873,983.0,-0.5612855791388902,0.3367207687310653,-0.5477428825706481,-0.559353861619035,-0.40074056865285573,0.8354199378607614,94.0,0.28035602601550025,,,,
gov_report:119,gov_report,recovery_formal,64,32,physical_delete_attention_94,attention,94,21,22,0.0030987833099955773,0.007132027284358396,0.43244735739140494,0.9016614936032494,0.4344884261438081,0.002998500163843059,0.06317073510740012,0.04742612005035191,0.998874749293317,0.04746660235542835,0.06317073510740012,118.9014065677614,2.521837420093283e-05,5.5962958867894486e-05,5.166968549019657e-05,2.583807945251465,0.36973151564598083,5.166968549019657e-05,17.700241088867188,17.044889450073242,4.974817276000977,10.525760650634766,11.481104850769043,6.6394805908203125,983.0,-0.5612855791388902,0.3367207687310653,-0.5477428825706481,-0.559353861619035,-0.40074056865285573,0.8354199378607614,94.0,0.28035602601550025,,,,
gov_report:119,gov_report,recovery_formal,64,32,physical_delete_attention_94,attention,94,22,23,0.002355161977249536,0.007636050798865242,0.24112933251097232,0.9728235097760525,0.30842670370913794,0.0022253348036105477,0.07280763793314715,0.05035798467411797,0.9989273508551788,0.0305645790302094,0.07280763793314715,136.2541232834325,1.6332238247069123e-05,2.5673214622656815e-05,4.218449248583056e-05,1.4963698387145996,0.5593559145927429,4.218449248583056e-05,19.956859588623047,18.910120010375977,4.944365978240967,12.001304626464844,11.474201202392578,12.671453475952148,983.0,-0.5612855791388902,0.3367207687310653,-0.5477428825706481,-0.559353861619035,-0.40074056865285573,0.8354199378607614,94.0,0.28035602601550025,5.606247719080468e-12,8.892988692917937e-07,5.607582053844653e-12,8.907539084582302e-07
gov_report:119,gov_report,recovery_formal,64,32,physical_delete_attention_94,attention,94,23,24,0.00352555446461266,0.008654545494803451,0.2961247642612935,0.961605116128168,0.4073644845624244,0.0029295704546466526,0.0839099599912,0.0018363095282781874,1.0005452077649235,0.03491326244171597,0.0839099599912,164.38516969871972,1.7821379264418334e-05,3.271268724347465e-05,5.076072193332948e-05,1.5700626373291016,0.6327279210090637,5.076072193332948e-05,19.259033203125,17.44424057006836,4.941898345947266,14.428863525390625,14.306687355041504,17.286619186401367,983.0,-0.5612855791388902,0.3367207687310653,-0.5477428825706481,-0.559353861619035,-0.40074056865285573,0.8354199378607614,94.0,0.28035602601550025,,,,
gov_report:119,gov_report,recovery_formal,64,32,physical_delete_attention_94,attention,94,24,25,0.0026224009110540946,0.016254133645408782,0.38381150029193994,0.949833366091813,0.161337476869758,0.002729343385345242,0.10056646592059548,0.10076831214512595,0.997630653236336,0.027139696720577377,0.10056646592059548,202.3340819953294,1.3489291366188347e-05,2.919969665526878e-05,2.9801714845234528e-05,1.6997404098510742,0.517897367477417,2.9801714845234528e-05,16.281024932861328,17.358278274536133,4.7941575050354,17.62437629699707,17.320823669433594,89.02420043945312,983.0,-0.5612855791388902,0.3367207687310653,-0.5477428825706481,-0.559353861619035,-0.40074056865285573,0.8354199378607614,94.0,0.28035602601550025,,,,
gov_report:119,gov_report,recovery_formal,64,32,physical_delete_attention_94,attention,94,25,26,0.009201274042576245,0.01474719806777812,0.8523282235946743,0.5707018940425814,0.6239337127152691,0.008490799587799453,0.10664763101400004,0.08338031051105736,0.9965249108586051,0.079615454249376,0.10664763101400004,226.70284558709469,3.745343189588442e-05,0.00010324184404453263,0.00011186802294105291,1.5648345947265625,0.6677175164222717,0.00011186802294105291,16.889427185058594,16.58048439025879,6.703845977783203,23.96056365966797,22.802818298339844,70.32052612304688,983.0,-0.5612855791388902,0.3367207687310653,-0.5477428825706481,-0.559353861619035,-0.40074056865285573,0.8354199378607614,94.0,0.28035602601550025,,,,
gov_report:119,gov_report,recovery_formal,64,32,physical_delete_attention_94,attention,94,26,27,0.003455075626091192,0.009317250280794399,0.43906440269041946,0.9010432698954536,0.3708256751686838,0.0039100223194311464,0.11273576888306865,-0.057174524260745284,1.0025811144246168,0.03468306783348136,0.11273576888306865,277.6858912054172,1.408073814070273e-05,3.2773834391264245e-05,1.6194609997910447e-05,1.8063234090805054,0.621439516544342,1.6194609997910447e-05,16.270092010498047,15.904102325439453,4.604396343231201,31.69807243347168,29.106508255004883,175.71829223632812,983.0,-0.5612855791388902,0.3367207687310653,-0.5477428825706481,-0.559353861619035,-0.40074056865285573,0.8354199378607614,94.0,0.28035602601550025,3.7360470532623445e-12,8.942588422924166e-07,3.739018332553057e-12,8.957296923854299e-07
gov_report:119,gov_report,recovery_formal,64,32,physical_delete_attention_94,attention,94,27,28,0.004917583229035414,0.019701414475207162,-0.09770517694564956,1.054077069679963,0.24960559229002793,0.004460643112546249,0.16278397554150204,-0.04888448764953635,1.0017135166219975,0.02740222492851577,0.16278397554150204,247.7537643490893,1.8004340415434118e-05,5.5824872106313705e-05,2.564634633017704e-05,3.1404378414154053,0.26514706015586853,2.564634633017704e-05,14.746862411499023,15.351941108703613,3.3777496814727783,31.42904281616211,29.14858055114746,167.16543579101562,983.0,-0.5612855791388902,0.3367207687310653,-0.5477428825706481,-0.559353861619035,-0.40074056865285573,0.8354199378607614,94.0,0.28035602601550025,,,,
gov_report:119,gov_report,recovery_formal,64,32,physical_delete_value_norm_40,value_norm,40,0,1,0.0014140860876161623,0.0014147464710660765,0.999938628974387,0.011086146575761948,0.9995332142801413,0.0020566542979586705,0.002056112926554597,0.9998974907941005,0.014322769247707092,1.000263298477959,0.002056112926554597,19.968380906626578,0.00010299554618753103,0.00015554069250356406,0.0003269527805969119,1.40288507938385,0.6299648880958557,0.0003269527805969119,779.9898681640625,778.9323120117188,1834.27734375,3.67757511138916,4.202920436859131,0.8380502462387085,1037.0,-0.11906906765690606,-1.3717847471920994,-0.24872065928335854,-0.23770494894393712,-0.4488602585009067,-0.33546981603319004,40.0,0.29039920872818126,1.2601073610415638e-11,1.1782067232992397e-11,1.2602605546641822e-11,1.1785039889654877e-11
gov_report:119,gov_report,recovery_formal,64,32,physical_delete_value_norm_40,value_norm,40,1,2,0.013146817926304656,0.01313233009312104,0.999539265804316,0.03039246722923259,1.001103218779979,0.016037808335190355,0.015929182962969385,0.9915863617387705,0.13034005008278368,1.0068192682872368,0.015929182962969385,25.589168191011506,0.0006267420736569242,0.0007557083736173809,0.0011236194986850023,2.6466195583343506,0.31588295102119446,0.0011236194986850023,90.85652160644531,90.98551940917969,3925.82275390625,3.331758499145508,4.063735485076904,0.6157476305961609,1037.0,-0.11906906765690606,-1.3717847471920994,-0.24872065928335854,-0.23770494894393712,-0.4488602585009067,-0.33546981603319004,40.0,0.29039920872818126,,,,
gov_report:119,gov_report,recovery_formal,64,32,physical_delete_value_norm_40,value_norm,40,2,3,0.005241121867606161,0.006089072342204528,0.8041903257508433,0.5970561454639111,0.8607422564647393,0.00523618196997729,0.017312114554769362,0.41962215563681177,0.9152293490225479,0.3024576780272494,0.017312114554769362,31.95009525436864,0.00016388627102015697,0.00021669757552444935,0.00022097649343777448,1.8875937461853027,0.5048454403877258,0.00022097649343777448,26.21142578125,26.33000373840332,54.82334518432617,5.40069580078125,5.966837406158447,1.3916116952896118,1037.0,-0.11906906765690606,-1.3717847471920994,-0.24872065928335854,-0.23770494894393712,-0.4488602585009067,-0.33546981603319004,40.0,0.29039920872818126,,,,
gov_report:119,gov_report,recovery_formal,64,32,physical_delete_value_norm_40,value_norm,40,3,4,0.005746612928808909,0.006982354897136272,0.8247415129357243,0.5655125134017611,0.8230193127487422,0.005761758037103057,0.017065683022004174,0.25883662476383634,0.9691288928379257,0.3376224690024978,0.017065683022004174,35.27004986144274,0.00016336121042465033,0.00020354667503852397,0.0004141925019212067,1.606075406074524,0.5850160717964172,0.0004141925019212067,21.24745750427246,20.67382049560547,7.3726806640625,4.698644638061523,6.271817684173584,1.3085546493530273,1037.0,-0.11906906765690606,-1.3717847471920994,-0.24872065928335854,-0.23770494894393712,-0.4488602585009067,-0.33546981603319004,40.0,0.29039920872818126,,,,
gov_report:119,gov_report,recovery_formal,64,32,physical_delete_value_norm_40,value_norm,40,4,5,0.015150970077860126,0.016369244496166228,0.9766642426949017,0.22076464060599774,0.9255754033980353,0.018196663664431758,0.026983383739415577,0.7755262542609064,0.6393688471266485,0.674365522136175,0.026983383739415577,45.125659632240335,0.0004032442697287693,0.00028213459881953895,0.0005193754914216697,1.6934894323349,0.5597462058067322,0.0005193754914216697,17.6741943359375,17.88620948791504,5.152135372161865,4.986553192138672,7.209499359130859,2.0932962894439697,1037.0,-0.11906906765690606,-1.3717847471920994,-0.24872065928335854,-0.23770494894393712,-0.4488602585009067,-0.33546981603319004,40.0,0.29039920872818126,2.4180033230858416e-09,1.2312875235742063e-08,2.417786590889976e-09,1.2311546385387117e-08
gov_report:119,gov_report,recovery_formal,64,32,physical_delete_value_norm_40,value_norm,40,5,6,0.006537349242873829,0.011850994012331051,0.5588220215317392,0.8293188115120708,0.5516287693734101,0.005123250302600468,0.022180999357210386,0.26141887710421247,0.9657054503743475,0.23097472841930594,0.022180999357210386,42.216888952016426,0.00012135546767606532,0.0001037662077578716,0.00023649493232369423,1.4962373971939087,0.6327195763587952,0.00023649493232369423,17.077375411987305,17.13840675354004,4.2925333976745605,7.325329780578613,8.367829322814941,2.7287631034851074,1037.0,-0.11906906765690606,-1.3717847471920994,-0.24872065928335854,-0.23770494894393712,-0.4488602585009067,-0.33546981603319004,40.0,0.29039920872818126,,,,
gov_report:119,gov_report,recovery_formal,64,32,physical_delete_value_norm_40,value_norm,40,6,7,0.003135889369158752,0.004221124470809279,0.6948510520593582,0.7207572969558111,0.7429037904105054,0.002545799968562705,0.019831764229669903,0.06729682407188022,0.9996004442178237,0.12836981819065724,0.019831764229669903,45.24351302265336,5.626883940882368e-05,9.213170415023342e-05,0.00017052050679922104,1.4671239852905273,0.5858367085456848,0.00017052050679922104,18.31037139892578,19.355865478515625,7.119668960571289,5.4838457107543945,6.97783899307251,1.2691287994384766,1037.0,-0.11906906765690606,-1.3717847471920994,-0.24872065928335854,-0.23770494894393712,-0.4488602585009067,-0.33546981603319004,40.0,0.29039920872818126,,,,
gov_report:119,gov_report,recovery_formal,64,32,physical_delete_value_norm_40,value_norm,40,7,8,0.01094502562180002,0.011701491847093157,0.8846335702200927,0.46903721389783665,0.9353530100966523,0.010839584204839702,0.02196806020559559,0.5959546556990861,0.8095371725506031,0.4934247313323868,0.02196806020559559,50.23382786866448,0.00021578256455350402,0.0002332302974537015,0.0004269714991096407,2.35205340385437,0.34905102849006653,0.0004269714991096407,33.388607025146484,33.818668365478516,194.04434204101562,5.881315231323242,6.7050557136535645,1.8324413299560547,1037.0,-0.11906906765690606,-1.3717847471920994,-0.24872065928335854,-0.23770494894393712,-0.4488602585009067,-0.33546981603319004,40.0,0.29039920872818126,2.5303669715161e-09,2.2649803257318373e-08,2.5301619893270735e-09,2.2644313341897403e-08
gov_report:119,gov_report,recovery_formal,64,32,physical_delete_value_norm_40,value_norm,40,8,9,0.002181735655824019,0.00696116067665283,0.15193573755199832,1.0014945059344744,0.3134155002543446,0.0018479550517579927,0.02064685755202458,0.07975009474374142,0.9968625988294155,0.08950296901606641,0.02064685755202458,50.077291991018846,3.6902056366973995e-05,7.22477343515493e-05,8.271851402241737e-05,1.6034364700317383,0.5559402704238892,8.271851402241737e-05,19.52761459350586,19.455236434936523,6.163661479949951,6.2014617919921875,8.107495307922363,1.851430058479309,1037.0,-0.11906906765690606,-1.3717847471920994,-0.24872065928335854,-0.23770494894393712,-0.4488602585009067,-0.33546981603319004,40.0,0.29039920872818126,,,,
gov_report:119,gov_report,recovery_formal,64,32,physical_delete_value_norm_40,value_norm,40,9,10,0.013744850374334846,0.013584467018641815,0.9406818569332026,0.3466645952020327,1.011806378231324,0.012441414306763428,0.02284339804331558,0.5140243642427266,0.8583217535294259,0.5446393869761432,0.02284339804331558,50.789445954101446,0.0002449606226854053,0.0003236475167796016,0.0006067760987207294,1.8379586935043335,0.5146685838699341,0.0006067760987207294,18.2038631439209,19.331375122070312,5.623230934143066,6.501474380493164,7.655185699462891,1.820941686630249,1037.0,-0.11906906765690606,-1.3717847471920994,-0.24872065928335854,-0.23770494894393712,-0.4488602585009067,-0.33546981603319004,40.0,0.29039920872818126,,,,
gov_report:119,gov_report,recovery_formal,64,32,physical_delete_value_norm_40,value_norm,40,10,11,0.011888580115743905,0.013255704171930812,0.7280522124742005,0.7060012814371855,0.8968652258337346,0.010414589874901119,0.022325266170732088,0.4100929936464989,0.9137859405752764,0.46649342477064876,0.022325266170732088,50.34101923555118,0.00020688079091466354,0.00020064483396708965,0.00039295150781981647,2.3766138553619385,0.42126965522766113,0.00039295150781981647,19.346406936645508,18.89211654663086,7.082993507385254,7.675694465637207,8.448846817016602,2.428621530532837,1037.0,-0.11906906765690606,-1.3717847471920994,-0.24872065928335854,-0.23770494894393712,-0.4488602585009067,-0.33546981603319004,40.0,0.29039920872818126,3.03380934040766e-09,2.2064122552381787e-08,3.034088290483168e-09,2.205985606359491e-08
gov_report:119,gov_report,recovery_formal,64,32,physical_delete_value_norm_40,value_norm,40,11,12,0.1012325396048411,0.0984823920150568,0.9966767671397452,0.08724615122395009,1.0279252720563878,0.08500908037678803,0.08521271909045494,0.9716159059492651,0.23798789095610168,0.9976102310096366,0.08521271909045494,53.86702514152674,0.0015781283661653984,0.0016134405741468072,0.003949199337512255,2.5866472721099854,0.32113030552864075,0.003949199337512255,19.778423309326172,19.305021286010742,6.187732696533203,7.990485668182373,8.03990650177002,1.2486070394515991,1037.0,-0.11906906765690606,-1.3717847471920994,-0.24872065928335854,-0.23770494894393712,-0.4488602585009067,-0.33546981603319004,40.0,0.29039920872818126,,,,
gov_report:119,gov_report,recovery_formal,64,32,physical_delete_value_norm_40,value_norm,40,12,13,0.014130582220550377,0.024171866260765545,0.7099394717931004,0.7153313536217268,0.5845879696714344,0.010983235983895072,0.07776134580486152,0.18511197490038295,0.983696119105838,0.14124287420972614,0.07776134580486152,52.5353022223991,0.0002090639154867606,0.000526062969584018,0.0006870689103379846,2.0386197566986084,0.5013711452484131,0.0006870689103379846,16.213207244873047,17.677165985107422,3.992281198501587,6.803261756896973,8.859599113464355,1.3430954217910767,1037.0,-0.11906906765690606,-1.3717847471920994,-0.24872065928335854,-0.23770494894393712,-0.4488602585009067,-0.33546981603319004,40.0,0.29039920872818126,,,,
gov_report:119,gov_report,recovery_formal,64,32,physical_delete_value_norm_40,value_norm,40,13,14,0.007731931607690371,0.012538569603220232,0.5957595900859527,0.8034344998590492,0.6166518073723983,0.0070074859155036485,0.07514013924812606,0.12389455770543091,0.9927681918554387,0.09325888913199493,0.07514013924812606,56.880590175405516,0.00012319643473976473,0.0002550234494265169,0.0002850401506293565,2.3100578784942627,0.36227747797966003,0.0002850401506293565,18.14773941040039,19.126657485961914,3.751430034637451,6.64589786529541,8.070149421691895,2.108060836791992,1037.0,-0.11906906765690606,-1.3717847471920994,-0.24872065928335854,-0.23770494894393712,-0.4488602585009067,-0.33546981603319004,40.0,0.29039920872818126,,,,
gov_report:119,gov_report,recovery_formal,64,32,physical_delete_value_norm_40,value_norm,40,14,15,0.003300928749138967,0.011534355539641859,0.3206117530437786,0.9478362141989306,0.28618233049901814,0.0026816654074751636,0.07137181100806327,0.08084491134614369,0.9976655469859083,0.03757317307209987,0.07137181100806327,55.46905961429553,4.8345247352706926e-05,9.647163096815348e-05,0.00012084017362212762,1.140782356262207,0.7325274348258972,0.00012084017362212762,19.711200714111328,19.303186416625977,11.191436767578125,8.314203262329102,9.462916374206543,2.0516369342803955,1037.0,-0.11906906765690606,-1.3717847471920994,-0.24872065928335854,-0.23770494894393712,-0.4488602585009067,-0.33546981603319004,40.0,0.29039920872818126,1.1120664859726778e-10,5.620650751254224e-07,1.1120386684904807e-10,5.613963079508418e-07
gov_report:119,gov_report,recovery_formal,64,32,physical_delete_value_norm_40,value_norm,40,15,16,0.015293823696410337,0.025306508139382244,0.508660884131817,0.8662674343950424,0.6043434997896819,0.013909106224167191,0.0631735706782205,0.22558860605223469,0.974237707667095,0.22017286778064682,0.0631735706782205,57.98641545147301,0.00023986835737082734,0.0003851597721222788,0.0005501800333149731,2.56014084815979,0.3903261125087738,0.0005501800333149731,54.83077621459961,55.53672790527344,1418.1397705078125,6.474466323852539,7.934010028839111,1.9152305126190186,1037.0,-0.11906906765690606,-1.3717847471920994,-0.24872065928335854,-0.23770494894393712,-0.4488602585009067,-0.33546981603319004,40.0,0.29039920872818126,,,,
gov_report:119,gov_report,recovery_formal,64,32,physical_delete_value_norm_40,value_norm,40,16,17,0.02222849393969536,0.023597469313741175,0.8504722956441677,0.5339210579393147,0.9419863479492423,0.02163118029507832,0.06373674364446767,0.27279134806377914,0.9643751115358354,0.33938320438427194,0.06373674364446767,60.549656044869344,0.00035724695577211675,0.000996443792246282,0.0008964227745309472,2.811113119125366,0.35276758670806885,0.0008964227745309472,14.625527381896973,18.081525802612305,6.0892181396484375,6.48121452331543,8.77702522277832,3.175825595855713,1037.0,-0.11906906765690606,-1.3717847471920994,-0.24872065928335854,-0.23770494894393712,-0.4488602585009067,-0.33546981603319004,40.0,0.29039920872818126,,,,
gov_report:119,gov_report,recovery_formal,64,32,physical_delete_value_norm_40,value_norm,40,17,18,0.04391011806797438,0.04544122623489302,0.9809292791204179,0.19491433259719823,0.9663057471423835,0.03954599717128628,0.07306731320919972,0.5241191948704736,0.8518167314413462,0.5412269239743599,0.07306731320919972,64.08278522296652,0.0006171079648565814,0.0017770440317690372,0.002081384649500251,2.357494592666626,0.40799710154533386,0.002081384649500251,15.390554428100586,15.961060523986816,7.134184837341309,7.264613151550293,9.444197654724121,3.461123466491699,1037.0,-0.11906906765690606,-1.3717847471920994,-0.24872065928335854,-0.23770494894393712,-0.4488602585009067,-0.33546981603319004,40.0,0.29039920872818126,4.5209545155028427e-08,4.373028882520189e-07,4.521036491285136e-08,4.368528686448574e-07
gov_report:119,gov_report,recovery_formal,64,32,physical_delete_value_norm_40,value_norm,40,18,19,0.01600490458487952,0.02226986852721226,0.6219034163868618,0.7890512077590212,0.7186797966643861,0.015667597078860254,0.07418732852827299,0.12722832698553185,0.9954207447799647,0.21118966526593946,0.07418732852827299,76.34303347530305,0.0002052262841236027,0.0004226749297231436,0.0006137099699117243,2.210664749145508,0.41854676604270935,0.0006137099699117243,21.251792907714844,21.668121337890625,6.467371940612793,7.506573677062988,9.342392921447754,3.213513135910034,1037.0,-0.11906906765690606,-1.3717847471920994,-0.24872065928335854,-0.23770494894393712,-0.4488602585009067,-0.33546981603319004,40.0,0.29039920872818126,1.1485527079287716e-09,4.2274320121945576e-07,1.1486736732377069e-09,4.223140478990257e-07
gov_report:119,gov_report,recovery_formal,64,32,physical_delete_value_norm_40,value_norm,40,19,20,0.004217905637531356,0.015548571089294102,0.268959485875717,0.9631542694414916,0.27127287860140253,0.003551793617534446,0.07469194263888186,-0.0007398280090542955,1.0011651252836584,0.047552567145114175,0.07469194263888186,81.5236287729554,4.356765849354237e-05,6.481118907686323e-05,9.620754281058908e-05,1.068894624710083,0.720299243927002,9.620754281058908e-05,18.193004608154297,18.229856491088867,4.048614978790283,9.530681610107422,10.12733268737793,3.4043397903442383,1037.0,-0.11906906765690606,-1.3717847471920994,-0.24872065928335854,-0.23770494894393712,-0.4488602585009067,-0.33546981603319004,40.0,0.29039920872818126,,,,
gov_report:119,gov_report,recovery_formal,64,32,physical_delete_value_norm_40,value_norm,40,20,21,0.03787027571074084,0.03768205248844896,0.9373603642334398,0.3548661669387441,1.004995036359805,0.038318758136933334,0.08766157109670783,0.4643876764641017,0.8860516519368445,0.43712150783449066,0.08766157109670783,94.17458639476854,0.0004068906443220861,0.0007037816103547812,0.0011148557532578707,2.243574380874634,0.44718465209007263,0.0011148557532578707,17.03824234008789,18.076152801513672,4.884434223175049,7.989836692810059,10.957733154296875,5.430060863494873,1037.0,-0.11906906765690606,-1.3717847471920994,-0.24872065928335854,-0.23770494894393712,-0.4488602585009067,-0.33546981603319004,40.0,0.29039920872818126,,,,
gov_report:119,gov_report,recovery_formal,64,32,physical_delete_value_norm_40,value_norm,40,21,22,0.0390411570204582,0.041678942331490755,0.9632107690982098,0.27005038372364865,0.9367117982492669,0.038063759181684684,0.10119734478062474,0.3943453070938584,0.9191427699345123,0.37613397134281706,0.10119734478062474,118.9014065677614,0.00032012875440621733,0.0008198817376978695,0.0009803936118260026,2.583807945251465,0.36973151564598083,0.0009803936118260026,15.269636154174805,17.044889450073242,4.974817276000977,7.975123405456543,11.481104850769043,6.6394805908203125,1037.0,-0.11906906765690606,-1.3717847471920994,-0.24872065928335854,-0.23770494894393712,-0.4488602585009067,-0.33546981603319004,40.0,0.29039920872818126,,,,
gov_report:119,gov_report,recovery_formal,64,32,physical_delete_value_norm_40,value_norm,40,22,23,0.032824491486561164,0.03321988627266267,0.9357895229548903,0.35641844600666167,0.988097647810827,0.032480982629408565,0.11269742902748452,0.27743787542483006,0.9608040129254115,0.28821405163987496,0.11269742902748452,136.2541232834325,0.00023838531889301006,0.0009412188082933426,0.0012112586991861463,1.4963698387145996,0.5593559145927429,0.0012112586991861463,16.996646881103516,18.910120010375977,4.944365978240967,7.750916481018066,11.474201202392578,12.671453475952148,1037.0,-0.11906906765690606,-1.3717847471920994,-0.24872065928335854,-0.23770494894393712,-0.4488602585009067,-0.33546981603319004,40.0,0.29039920872818126,1.4978677211459563e-08,2.429472869519122e-07,1.498072378164446e-08,2.427320465926097e-07
gov_report:119,gov_report,recovery_formal,64,32,physical_delete_value_norm_40,value_norm,40,23,24,0.015591675005245826,0.01922953178698847,0.7884106322444194,0.6155573264894051,0.8108192741227234,0.015045618153726605,0.12311823065217135,0.18916392009629895,0.9842258671180992,0.1222046326854134,0.12311823065217135,164.38516969871972,9.152661509126261e-05,0.0003878443967550993,0.0002974416420329362,1.5700626373291016,0.6327279210090637,0.0002974416420329362,15.805856704711914,17.44424057006836,4.941898345947266,10.934917449951172,14.306687355041504,17.286619186401367,1037.0,-0.11906906765690606,-1.3717847471920994,-0.24872065928335854,-0.23770494894393712,-0.4488602585009067,-0.33546981603319004,40.0,0.29039920872818126,,,,
gov_report:119,gov_report,recovery_formal,64,32,physical_delete_value_norm_40,value_norm,40,24,25,0.017493758452357584,0.024321000602998417,0.7226610861540035,0.6912107817978761,0.719286132092808,0.0183768013398303,0.1342841868954607,0.07948596876965534,0.9984851634860291,0.13685007717354325,0.1342841868954607,202.3340819953294,9.082405276761284e-05,0.0004460156196728349,0.000531118712387979,1.6997404098510742,0.517897367477417,0.000531118712387979,16.5584716796875,17.358278274536133,4.7941575050354,8.702098846435547,17.320823669433594,89.02420043945312,1037.0,-0.11906906765690606,-1.3717847471920994,-0.24872065928335854,-0.23770494894393712,-0.4488602585009067,-0.33546981603319004,40.0,0.29039920872818126,,,,
gov_report:119,gov_report,recovery_formal,64,32,physical_delete_value_norm_40,value_norm,40,25,26,0.017621798571121644,0.02170895426889365,0.7781030800231895,0.6290360346652256,0.8117294989363715,0.01845732934154106,0.1428882520805019,0.1662359796762921,0.9867822710576373,0.12917317605048717,0.1428882520805019,226.70284558709469,8.14163990475811e-05,0.00048560494906269014,0.0003449103096500039,1.5648345947265625,0.6677175164222717,0.0003449103096500039,14.925004005432129,16.58048439025879,6.703845977783203,8.922800064086914,22.802818298339844,70.32052612304688,1037.0,-0.11906906765690606,-1.3717847471920994,-0.24872065928335854,-0.23770494894393712,-0.4488602585009067,-0.33546981603319004,40.0,0.29039920872818126,,,,
gov_report:119,gov_report,recovery_formal,64,32,physical_delete_value_norm_40,value_norm,40,26,27,0.05186381100775692,0.041998973619458396,0.8909766097645587,0.5695894686004803,1.2348828206536953,0.04578642454787806,0.16031435886688306,0.2573604092158021,0.9667281526021798,0.28560401495849036,0.16031435886688306,277.6858912054172,0.0001648856711773221,0.0014144977321848273,0.00039524893509224057,1.8063234090805054,0.621439516544342,0.00039524893509224057,15.250812530517578,15.904102325439453,4.604396343231201,11.14824104309082,29.106508255004883,175.71829223632812,1037.0,-0.11906906765690606,-1.3717847471920994,-0.24872065928335854,-0.23770494894393712,-0.4488602585009067,-0.33546981603319004,40.0,0.29039920872818126,1.1387693168726998e-09,1.411950956896823e-07,1.1389502516095621e-09,1.4109332732825494e-07
gov_report:119,gov_report,recovery_formal,64,32,physical_delete_value_norm_40,value_norm,40,27,28,0.12599043101462015,0.11627415862060222,0.9527524533858736,0.330717833127603,1.083563471963893,0.11795999685605318,0.21034847287159153,0.5449572497086455,0.8386131842585187,0.5607837092692495,0.21034847287159153,247.7537643490893,0.0004761178792417682,0.003717743791639805,0.002177872695028782,3.1404378414154053,0.26514706015586853,0.002177872695028782,16.143829345703125,15.351941108703613,3.3777496814727783,12.055994033813477,29.14858055114746,167.16543579101562,1037.0,-0.11906906765690606,-1.3717847471920994,-0.24872065928335854,-0.23770494894393712,-0.4488602585009067,-0.33546981603319004,40.0,0.29039920872818126,,,,
gov_report:119,gov_report,recovery_formal,64,32,physical_delete_aov_13,aov,13,0,1,0.002381694072657637,0.0023821307013645932,0.9999783471271119,0.0065826593845995564,0.9998167066539606,0.0031816262476625583,0.0031792996745652335,0.9999558251500927,0.009431323693844062,1.000731787920446,0.0031792996745652335,19.968380906626578,0.00015933321096688036,0.0001236148236785084,0.0003150958800688386,1.40288507938385,0.6299648880958557,0.0003150958800688386,778.2821655273438,778.9323120117188,1834.27734375,4.000922679901123,4.202920436859131,0.8380502462387085,1064.0,-0.5396664437866426,-0.23724808060272032,-0.5307704907189427,-0.536573560371966,0.23317111813958158,0.5415952950385468,13.0,0.5468746685152143,3.0589336924359046e-10,2.964024634694235e-10,3.059062333499276e-10,2.9641899017317305e-10
gov_report:119,gov_report,recovery_formal,64,32,physical_delete_aov_13,aov,13,1,2,0.012630227428807636,0.012546413716365733,0.9982648039313913,0.0594827847222745,1.0066802924195442,0.013903561310117978,0.01396041930666067,0.9742605892505843,0.2264635649547561,0.9959271999433739,0.01396041930666067,25.589168191011506,0.0005433377594118814,0.0003888496139552444,0.00112820859067142,2.6466195583343506,0.31588295102119446,0.00112820859067142,92.58489990234375,90.98551940917969,3925.82275390625,4.499274253845215,4.063735485076904,0.6157476305961609,1064.0,-0.5396664437866426,-0.23724808060272032,-0.5307704907189427,-0.536573560371966,0.23317111813958158,0.5415952950385468,13.0,0.5468746685152143,,,,
gov_report:119,gov_report,recovery_formal,64,32,physical_delete_aov_13,aov,13,2,3,0.0012848420391500422,0.0035777693458681707,0.2974539995365459,0.9567254517946808,0.3591181864850671,0.0014816783527251975,0.013442418984558646,0.15159567015195208,0.9893080211573491,0.11022408648526777,0.013442418984558646,31.95009525436864,4.637477105870609e-05,4.516065018833615e-05,5.537600736715831e-05,1.8875937461853027,0.5048454403877258,5.537600736715831e-05,26.33354949951172,26.33000373840332,54.82334518432617,5.719790458679199,5.966837406158447,1.3916116952896118,1064.0,-0.5396664437866426,-0.23724808060272032,-0.5307704907189427,-0.536573560371966,0.23317111813958158,0.5415952950385468,13.0,0.5468746685152143,,,,
gov_report:119,gov_report,recovery_formal,64,32,physical_delete_aov_13,aov,13,3,4,0.00035693165109164387,0.0026639187884198506,0.13342523859800015,0.9910590405077887,0.13398743709576974,0.00036497919970422324,0.012548704773247979,0.09633976444153207,0.9976180891635964,0.029085009672257654,0.012548704773247979,35.27004986144274,1.0348133930573739e-05,7.724824172328226e-06,1.6975194739643484e-05,1.606075406074524,0.5850160717964172,1.6975194739643484e-05,23.745407104492188,20.67382049560547,7.3726806640625,5.774550437927246,6.271817684173584,1.3085546493530273,1064.0,-0.5396664437866426,-0.23724808060272032,-0.5307704907189427,-0.536573560371966,0.23317111813958158,0.5415952950385468,13.0,0.5468746685152143,,,,
gov_report:119,gov_report,recovery_formal,64,32,physical_delete_aov_13,aov,13,4,5,0.0008958556596807282,0.004245345432805021,0.058361736542623166,1.0099003214472313,0.21102067519834558,0.0008541147720023024,0.012968192920632973,0.04990930249404665,0.9988811536224129,0.06586228144735322,0.012968192920632973,45.125659632240335,1.892747450038546e-05,2.988587766594719e-05,4.036773316329345e-05,1.6934894323349,0.5597462058067322,4.036773316329345e-05,18.762252807617188,17.88620948791504,5.152135372161865,5.538603782653809,7.209499359130859,2.0932962894439697,1064.0,-0.5396664437866426,-0.23724808060272032,-0.5307704907189427,-0.536573560371966,0.23317111813958158,0.5415952950385468,13.0,0.5468746685152143,2.309800780486374e-12,4.6215582947763443e-10,2.311016085162377e-12,4.6219160407374486e-10
gov_report:119,gov_report,recovery_formal,64,32,physical_delete_aov_13,aov,13,5,6,0.007103208448575213,0.007905132724013135,0.8884499111786022,0.4590848490286499,0.8985565070903939,0.006159174748964282,0.012405405706115032,0.49826283399290716,0.8670278466999137,0.4964911986657738,0.012405405706115032,42.216888952016426,0.0001458936198724823,9.371631313115358e-05,0.000255826220382005,1.4962373971939087,0.6327195763587952,0.000255826220382005,18.915138244628906,17.13840675354004,4.2925333976745605,6.843717098236084,8.367829322814941,2.7287631034851074,1064.0,-0.5396664437866426,-0.23724808060272032,-0.5307704907189427,-0.536573560371966,0.23317111813958158,0.5415952950385468,13.0,0.5468746685152143,,,,
gov_report:119,gov_report,recovery_formal,64,32,physical_delete_aov_13,aov,13,6,7,0.00010592186930744155,0.0012283507178191089,0.2308473647232658,0.983678502816815,0.08623096626304082,8.505023551374176e-05,0.010852179439055448,-0.061801104481673676,1.00051492291007,0.007837157134322538,0.010852179439055448,45.24351302265336,1.879832705987204e-06,3.5312586987856776e-06,5.085040811536601e-06,1.4671239852905273,0.5858367085456848,5.085040811536601e-06,19.77069091796875,19.355865478515625,7.119668960571289,5.129245758056641,6.97783899307251,1.2691287994384766,1064.0,-0.5396664437866426,-0.23724808060272032,-0.5307704907189427,-0.536573560371966,0.23317111813958158,0.5415952950385468,13.0,0.5468746685152143,,,,
gov_report:119,gov_report,recovery_formal,64,32,physical_delete_aov_13,aov,13,7,8,0.0005848460009497545,0.0020057527794396625,0.30330938223089393,0.9529642681804501,0.29158429041945044,0.0006195053445602937,0.00979064579925034,0.11364129640405926,0.9947976661637385,0.06327522793314908,0.00979064579925034,50.23382786866448,1.233243355811905e-05,1.5366364095825702e-05,2.500017944839783e-05,2.35205340385437,0.34905102849006653,2.500017944839783e-05,34.16374588012695,33.818668365478516,194.04434204101562,5.941125869750977,6.7050557136535645,1.8324413299560547,1064.0,-0.5396664437866426,-0.23724808060272032,-0.5307704907189427,-0.536573560371966,0.23317111813958158,0.5415952950385468,13.0,0.5468746685152143,4.928611579952311e-12,6.672390840566996e-10,4.929698871828871e-12,6.672073201309461e-10
gov_report:119,gov_report,recovery_formal,64,32,physical_delete_aov_13,aov,13,8,9,0.0010313155637768881,0.0017780112534459458,0.46112664519690516,0.8952666219230354,0.5800388280884644,0.0008388277669358965,0.008912624166437056,0.15821563660826926,0.9894829315038506,0.09411681130847341,0.008912624166437056,50.077291991018846,1.675066149915488e-05,2.2400379748432897e-05,2.9622960937558673e-05,1.6034364700317383,0.5559402704238892,2.9622960937558673e-05,19.245445251464844,19.455236434936523,6.163661479949951,7.188649654388428,8.107495307922363,1.851430058479309,1064.0,-0.5396664437866426,-0.23724808060272032,-0.5307704907189427,-0.536573560371966,0.23317111813958158,0.5415952950385468,13.0,0.5468746685152143,,,,
gov_report:119,gov_report,recovery_formal,64,32,physical_delete_aov_13,aov,13,9,10,0.0017915953440031539,0.002307713400611542,0.7855553994388973,0.6188597882183207,0.7763508863485312,0.0016172302359633518,0.009063137577481754,0.28685623395564436,0.9640889408792402,0.17844043766714052,0.009063137577481754,50.789445954101446,3.18418562278637e-05,1.7641230442677625e-05,5.005390994483605e-05,1.8379586935043335,0.5146685838699341,5.005390994483605e-05,20.593547821044922,19.331375122070312,5.623230934143066,6.5719523429870605,7.655185699462891,1.820941686630249,1064.0,-0.5396664437866426,-0.23724808060272032,-0.5307704907189427,-0.536573560371966,0.23317111813958158,0.5415952950385468,13.0,0.5468746685152143,,,,
gov_report:119,gov_report,recovery_formal,64,32,physical_delete_aov_13,aov,13,10,11,0.00013960333343473381,0.0017973176916605605,0.15694246352683003,0.9907838748242388,0.07767315376824274,0.00012956689607759126,0.008169696012080068,0.006963668316462653,1.000015321021909,0.015859451304676208,0.008169696012080068,50.34101923555118,2.5737837263749763e-06,4.114958301215665e-06,3.558896196409478e-06,2.3766138553619385,0.42126965522766113,3.558896196409478e-06,20.75873374938965,18.89211654663086,7.082993507385254,8.144611358642578,8.448846817016602,2.428621530532837,1064.0,-0.5396664437866426,-0.23724808060272032,-0.5307704907189427,-0.536573560371966,0.23317111813958158,0.5415952950385468,13.0,0.5468746685152143,4.635790926019347e-13,9.921804771227315e-10,4.634450325366085e-13,9.920837682386074e-10
gov_report:119,gov_report,recovery_formal,64,32,physical_delete_aov_13,aov,13,11,12,0.0002798459264653581,0.00153074004435005,0.0196656511387937,1.0130309757204932,0.1828174075005533,0.0002671617641609694,0.007826935312566383,0.044432637757280145,0.9990654683906802,0.034133636409647214,0.007826935312566383,53.86702514152674,4.959653210086242e-06,7.386865490843775e-06,1.1461173016868997e-05,2.5866472721099854,0.32113030552864075,1.1461173016868997e-05,20.894935607910156,19.305021286010742,6.187732696533203,7.311854839324951,8.03990650177002,1.2486070394515991,1064.0,-0.5396664437866426,-0.23724808060272032,-0.5307704907189427,-0.536573560371966,0.23317111813958158,0.5415952950385468,13.0,0.5468746685152143,,,,
gov_report:119,gov_report,recovery_formal,64,32,physical_delete_aov_13,aov,13,12,13,0.0016284546398706282,0.0016640010671976752,0.8415434656593025,0.557314543801785,0.9786379780471474,0.0013102315868083422,0.007668267046102889,0.12449031390787103,0.9933039264275451,0.1708641051401853,0.007668267046102889,52.5353022223991,2.4940021878273463e-05,4.949653157382272e-05,5.6751101510599256e-05,2.0386197566986084,0.5013711452484131,5.6751101510599256e-05,17.239002227783203,17.677165985107422,3.992281198501587,8.090253829956055,8.859599113464355,1.3430954217910767,1064.0,-0.5396664437866426,-0.23724808060272032,-0.5307704907189427,-0.536573560371966,0.23317111813958158,0.5415952950385468,13.0,0.5468746685152143,,,,
gov_report:119,gov_report,recovery_formal,64,32,physical_delete_aov_13,aov,13,13,14,0.0005791034740139217,0.0008350801385630869,0.6064101626330577,0.7999038841220986,0.6934705392591167,0.0005680712136616972,0.007501651770292368,0.00023842503345174548,1.0028451225907593,0.07572615086071335,0.007501651770292368,56.880590175405516,9.98708367669723e-06,9.816106285143178e-06,1.9737806724151596e-05,2.3100578784942627,0.36227747797966003,1.9737806724151596e-05,19.920360565185547,19.126657485961914,3.751430034637451,8.200494766235352,8.070149421691895,2.108060836791992,1064.0,-0.5396664437866426,-0.23724808060272032,-0.5307704907189427,-0.536573560371966,0.23317111813958158,0.5415952950385468,13.0,0.5468746685152143,,,,
gov_report:119,gov_report,recovery_formal,64,32,physical_delete_aov_13,aov,13,14,15,0.00032950418543570726,0.0008466750746857835,0.38350153060161307,0.9235576627467084,0.38917430698900907,0.000298537639932242,0.0074110492544320105,0.058869154867673676,0.9984387192362273,0.0402827763900919,0.0074110492544320105,55.46905961429553,5.382056988312501e-06,4.373459887574427e-06,6.2949648054200225e-06,1.140782356262207,0.7325274348258972,6.2949648054200225e-06,18.76111602783203,19.303186416625977,11.191436767578125,10.663002014160156,9.462916374206543,2.0516369342803955,1064.0,-0.5396664437866426,-0.23724808060272032,-0.5307704907189427,-0.536573560371966,0.23317111813958158,0.5415952950385468,13.0,0.5468746685152143,1.1823569843777891e-12,9.249166678886848e-10,1.1832316685929051e-12,9.24837229605239e-10
gov_report:119,gov_report,recovery_formal,64,32,physical_delete_aov_13,aov,13,15,16,4.893027438673862e-05,0.0011899799628052063,-0.08938560747096695,1.0045106039817033,0.04111856998952532,4.6355232084677085e-05,0.007265604834892518,-0.051442565764678636,1.0003485004012138,0.006380092660979797,0.007265604834892518,57.98641545147301,7.99415375545507e-07,8.222468181884324e-07,1.1866812883454259e-06,2.56014084815979,0.3903261125087738,1.1866812883454259e-06,57.99997329711914,55.53672790527344,1418.1397705078125,9.201702117919922,7.934010028839111,1.9152305126190186,1064.0,-0.5396664437866426,-0.23724808060272032,-0.5307704907189427,-0.536573560371966,0.23317111813958158,0.5415952950385468,13.0,0.5468746685152143,,,,
gov_report:119,gov_report,recovery_formal,64,32,physical_delete_aov_13,aov,13,16,17,0.0004118584098928838,0.0008204851804782813,0.40551948406078797,0.9191607715845511,0.5019693465429823,0.00033136231551762643,0.007230074313995918,-0.022960689945287466,1.0021003533372583,0.045831107831931686,0.007230074313995918,60.549656044869344,5.472571392842855e-06,6.976795248192502e-06,1.3955897884443402e-05,2.811113119125366,0.35276758670806885,1.3955897884443402e-05,19.91400909423828,18.081525802612305,6.0892181396484375,9.792970657348633,8.77702522277832,3.175825595855713,1064.0,-0.5396664437866426,-0.23724808060272032,-0.5307704907189427,-0.536573560371966,0.23317111813958158,0.5415952950385468,13.0,0.5468746685152143,,,,
gov_report:119,gov_report,recovery_formal,64,32,physical_delete_aov_13,aov,13,17,18,0.019998092752900303,0.019961767348965723,0.9993685336473451,0.03561660303443285,1.0018197488879392,0.016919530190928858,0.018444567511253767,0.9289233033516027,0.37045402423662455,0.9173178053974742,0.018444567511253767,64.08278522296652,0.00026402613638061876,0.0003397394029889256,0.0004747923230752349,2.357494592666626,0.40799710154533386,0.0004747923230752349,17.64920425415039,15.961060523986816,7.134184837341309,10.486034393310547,9.444197654724121,3.461123466491699,1064.0,-0.5396664437866426,-0.23724808060272032,-0.5307704907189427,-0.536573560371966,0.23317111813958158,0.5415952950385468,13.0,0.5468746685152143,1.5438406977567368e-09,2.1435151828798497e-09,1.5439415740901584e-09,2.143707797240555e-09
gov_report:119,gov_report,recovery_formal,64,32,physical_delete_aov_13,aov,13,18,19,0.005393589162558907,0.006303200100926733,0.8551511696326728,0.5183789811284414,0.8556906136877854,0.005301736520894186,0.018334926217047083,0.27695401601589464,0.9609607023087742,0.2891605048273847,0.018334926217047083,76.34303347530305,6.944623863563526e-05,8.700619946466759e-05,0.00017520472465548664,2.210664749145508,0.41854676604270935,0.00017520472465548664,23.22308349609375,21.668121337890625,6.467371940612793,9.839171409606934,9.342392921447754,3.213513135910034,1064.0,-0.5396664437866426,-0.23724808060272032,-0.5307704907189427,-0.536573560371966,0.23317111813958158,0.5415952950385468,13.0,0.5468746685152143,8.309478779257036e-10,1.99200013896839e-09,8.3089415044179e-10,1.9920208581688686e-09
gov_report:119,gov_report,recovery_formal,64,32,physical_delete_aov_13,aov,13,19,20,0.0008952912756425058,0.004074854675532874,0.279278781419731,0.9620559532079718,0.21971121596512577,0.0007928500075154849,0.01802846798990995,0.04417473109900902,0.9990238395381713,0.04397766953682486,0.01802846798990995,81.5236287729554,9.725401327798897e-06,1.1375425856385846e-05,1.8569269741419703e-05,1.068894624710083,0.720299243927002,1.8569269741419703e-05,19.097434997558594,18.229856491088867,4.048614978790283,12.281340599060059,10.12733268737793,3.4043397903442383,1064.0,-0.5396664437866426,-0.23724808060272032,-0.5307704907189427,-0.536573560371966,0.23317111813958158,0.5415952950385468,13.0,0.5468746685152143,,,,
gov_report:119,gov_report,recovery_formal,64,32,physical_delete_aov_13,aov,13,20,21,0.00019010732524038648,0.0025499724542754443,0.14924812615360197,0.9916170651457612,0.07455269758763103,0.00018452333889632135,0.018495775143079683,0.03003326100571321,0.9997501069661542,0.00997651287761043,0.018495775143079683,94.17458639476854,1.9593750921593825e-06,3.149560370729887e-06,4.682538474298781e-06,2.243574380874634,0.44718465209007263,4.682538474298781e-06,19.905437469482422,18.076152801513672,4.884434223175049,13.040533065795898,10.957733154296875,5.430060863494873,1064.0,-0.5396664437866426,-0.23724808060272032,-0.5307704907189427,-0.536573560371966,0.23317111813958158,0.5415952950385468,13.0,0.5468746685152143,,,,
gov_report:119,gov_report,recovery_formal,64,32,physical_delete_aov_13,aov,13,21,22,0.0007161482261267794,0.002844500066078784,0.32286636361345183,0.9491114696530443,0.2517659375954974,0.0007280708856939981,0.01914620191544463,0.07054927867022642,0.9980383278119711,0.03802690940528975,0.01914620191544463,118.9014065677614,6.1233160036595e-06,5.785366738564335e-06,8.54238351166714e-06,2.583807945251465,0.36973151564598083,8.54238351166714e-06,20.277557373046875,17.044889450073242,4.974817276000977,16.22627067565918,11.481104850769043,6.6394805908203125,1064.0,-0.5396664437866426,-0.23724808060272032,-0.5307704907189427,-0.536573560371966,0.23317111813958158,0.5415952950385468,13.0,0.5468746685152143,,,,
gov_report:119,gov_report,recovery_formal,64,32,physical_delete_aov_13,aov,13,22,23,0.0012271876035248688,0.0024523786365396533,0.47557263060153543,0.8800269440826779,0.5004070681583047,0.0011755865139855483,0.020744386609955114,0.061480497601927746,0.998119876726414,0.056670102427679926,0.020744386609955114,136.2541232834325,8.627896797956873e-06,1.3845073226548266e-05,2.144872269127518e-05,1.4963698387145996,0.5593559145927429,2.144872269127518e-05,21.142738342285156,18.910120010375977,4.944365978240967,11.32736587524414,11.474201202392578,12.671453475952148,1064.0,-0.5396664437866426,-0.23724808060272032,-0.5307704907189427,-0.536573560371966,0.23317111813958158,0.5415952950385468,13.0,0.5468746685152143,3.981227903573314e-12,1.8725407472319837e-09,3.984735296511646e-12,1.872564318709164e-09
gov_report:119,gov_report,recovery_formal,64,32,physical_delete_aov_13,aov,13,23,24,0.0006454761133970101,0.0022590823804975973,0.1918305029897976,0.9859093356314805,0.28572491156999513,0.0006608481863926805,0.022361225307928126,0.08824934167281585,0.9978262764746595,0.029553308340325078,0.022361225307928126,164.38516969871972,4.020120474394762e-06,5.8382142924529035e-06,8.837085260893218e-06,1.5700626373291016,0.6327279210090637,8.837085260893218e-06,19.697402954101562,17.44424057006836,4.941898345947266,15.365867614746094,14.306687355041504,17.286619186401367,1064.0,-0.5396664437866426,-0.23724808060272032,-0.5307704907189427,-0.536573560371966,0.23317111813958158,0.5415952950385468,13.0,0.5468746685152143,,,,
gov_report:119,gov_report,recovery_formal,64,32,physical_delete_aov_13,aov,13,24,25,0.002348387789014475,0.003750329755158746,0.6250460569371128,0.7805886985785453,0.6261816806333264,0.0024552108242886163,0.025367411927858574,0.09450711810718912,0.9955267942242498,0.09678601945168462,0.025367411927858574,202.3340819953294,1.2134440229131994e-05,8.270851139968727e-06,2.0729108655359596e-05,1.6997404098510742,0.517897367477417,2.0729108655359596e-05,19.16822052001953,17.358278274536133,4.7941575050354,17.748214721679688,17.320823669433594,89.02420043945312,1064.0,-0.5396664437866426,-0.23724808060272032,-0.5307704907189427,-0.536573560371966,0.23317111813958158,0.5415952950385468,13.0,0.5468746685152143,,,,
gov_report:119,gov_report,recovery_formal,64,32,physical_delete_aov_13,aov,13,25,26,0.001597419000630987,0.0028570914684073715,0.5353139662113959,0.8449881964040361,0.5591067063461697,0.0016632798999500257,0.02679008645036623,0.10073911643610385,0.9956634576885409,0.06208564884744103,0.02679008645036623,226.70284558709469,7.336828506243989e-06,1.9905057342839427e-05,1.9927929315599613e-05,1.5648345947265625,0.6677175164222717,1.9927929315599613e-05,17.282636642456055,16.58048439025879,6.703845977783203,17.045475006103516,22.802818298339844,70.32052612304688,1064.0,-0.5396664437866426,-0.23724808060272032,-0.5307704907189427,-0.536573560371966,0.23317111813958158,0.5415952950385468,13.0,0.5468746685152143,,,,
gov_report:119,gov_report,recovery_formal,64,32,physical_delete_aov_13,aov,13,26,27,0.001183702530733942,0.00284645736461904,0.2774586038399736,0.9706540147319452,0.41585113673127677,0.001242628361221829,0.031003797357559714,0.0914716675257244,0.9971329150374516,0.04007987624518636,0.031003797357559714,277.6858912054172,4.474942374017119e-06,1.0483347978151869e-05,8.33062676974805e-06,1.8063234090805054,0.621439516544342,8.33062676974805e-06,18.247100830078125,15.904102325439453,4.604396343231201,26.67971420288086,29.106508255004883,175.71829223632812,1064.0,-0.5396664437866426,-0.23724808060272032,-0.5307704907189427,-0.536573560371966,0.23317111813958158,0.5415952950385468,13.0,0.5468746685152143,1.7780645544895502e-12,1.9720586710849454e-09,1.7809644203745327e-12,1.972045024491676e-09
gov_report:119,gov_report,recovery_formal,64,32,physical_delete_aov_13,aov,13,27,28,0.005557529137233224,0.009871199850579609,0.6203741455871489,0.7864014273954494,0.5630044190531611,0.0056034318446746305,0.03370003096654908,-0.014238707969388642,1.0160620162305918,0.1662737891913702,0.03370003096654908,247.7537643490893,2.2616939279999392e-05,8.643123874207959e-05,6.896873674122617e-05,3.1404378414154053,0.26514706015586853,6.896873674122617e-05,12.934526443481445,15.351941108703613,3.3777496814727783,23.50595474243164,29.14858055114746,167.16543579101562,1064.0,-0.5396664437866426,-0.23724808060272032,-0.5307704907189427,-0.536573560371966,0.23317111813958158,0.5415952950385468,13.0,0.5468746685152143,,,,
gov_report:119,gov_report,recovery_formal,64,32,physical_delete_aor_88,aor,88,0,1,0.00010173576326572526,0.00010098440711250229,0.9878171004835825,0.15685167094369715,1.0074403185076475,0.00012731290384086357,0.00012418602303282297,0.9721810349109367,0.2401516613733029,1.0251790075217575,0.00012418602303282297,19.968380906626578,6.375724924128142e-06,6.8774661485804245e-06,1.2513992260210216e-05,1.40288507938385,0.6299648880958557,1.2513992260210216e-05,779.5418701171875,778.9323120117188,1834.27734375,4.495425701141357,4.202920436859131,0.8380502462387085,989.0,-0.5408955402948172,0.07792206956823386,-0.5262564882195732,-0.5368020119558817,-0.3952464628145306,0.36454031407960347,88.0,0.24142824573457733,1.4893056393600188e-13,1.957127379043174e-13,1.5135947001290135e-13,1.986632476864263e-13
gov_report:119,gov_report,recovery_formal,64,32,physical_delete_aor_88,aor,88,1,2,0.004892543587768676,0.004891960353259689,0.9999873233603332,0.005036915342822842,1.0001192230653706,0.004974944403968712,0.004971387619975645,0.9996881587683,0.024992809919492782,1.0007154509495046,0.004971387619975645,25.589168191011506,0.00019441602661067424,0.0002137549308827147,0.00038533913902938366,2.6466195583343506,0.31588295102119446,0.00038533913902938366,90.89259338378906,90.98551940917969,3925.82275390625,4.544581413269043,4.063735485076904,0.6157476305961609,989.0,-0.5408955402948172,0.07792206956823386,-0.5262564882195732,-0.5368020119558817,-0.3952464628145306,0.36454031407960347,88.0,0.24142824573457733,,,,
gov_report:119,gov_report,recovery_formal,64,32,physical_delete_aor_88,aor,88,2,3,0.004558669432385114,0.004646194608856429,0.9663739676794175,0.2575656022404528,0.9811619650402769,0.004397344647782943,0.006541618755347321,0.7013233899394411,0.7134374987109834,0.672210474538648,0.006541618755347321,31.95009525436864,0.00013763166002397692,0.0001372175756841898,0.000175896828295663,1.8875937461853027,0.5048454403877258,0.000175896828295663,26.652956008911133,26.33000373840332,54.82334518432617,5.612268447875977,5.966837406158447,1.3916116952896118,989.0,-0.5408955402948172,0.07792206956823386,-0.5262564882195732,-0.5368020119558817,-0.3952464628145306,0.36454031407960347,88.0,0.24142824573457733,,,,
gov_report:119,gov_report,recovery_formal,64,32,physical_delete_aor_88,aor,88,3,4,0.0006813938254793756,0.00182345686423546,0.409673071207514,0.9129421118895883,0.3736824483452043,0.0006935547339501321,0.0064327550670776855,0.28273658129749013,0.9750165081210176,0.10781612648361019,0.0064327550670776855,35.27004986144274,1.9664126834941814e-05,2.1058594938949682e-05,2.9960119718452916e-05,1.606075406074524,0.5850160717964172,2.9960119718452916e-05,22.174301147460938,20.67382049560547,7.3726806640625,5.351790904998779,6.271817684173584,1.3085546493530273,989.0,-0.5408955402948172,0.07792206956823386,-0.5262564882195732,-0.5368020119558817,-0.3952464628145306,0.36454031407960347,88.0,0.24142824573457733,,,,
gov_report:119,gov_report,recovery_formal,64,32,physical_delete_aor_88,aor,88,4,5,0.002246513709012947,0.0025622319004048343,0.8213967787860569,0.5730398188629456,0.8767800091232947,0.002216071573094313,0.007404490047680425,0.3871844159657936,0.9261825358672132,0.29928753483685655,0.007404490047680425,45.125659632240335,4.9108901479880536e-05,6.30181166343391e-05,9.758109808899462e-05,1.6934894323349,0.5597462058067322,9.758109808899462e-05,20.51204490661621,17.88620948791504,5.152135372161865,7.150941848754883,7.209499359130859,2.0932962894439697,989.0,-0.5408955402948172,0.07792206956823386,-0.5262564882195732,-0.5368020119558817,-0.3952464628145306,0.36454031407960347,88.0,0.24142824573457733,1.0460658944322682e-10,7.005564454958717e-10,1.0460926530582252e-10,7.005842101570258e-10
gov_report:119,gov_report,recovery_formal,64,32,physical_delete_aor_88,aor,88,5,6,0.010967895275225036,0.011151115303015623,0.9741900001960477,0.22592435857215762,0.9835693540231767,0.009286267048985797,0.010530313245212612,0.8311810753881789,0.5583067450290727,0.8818604758227496,0.010530313245212612,42.216888952016426,0.00021996568860250545,0.00022915999579709023,0.00048763531958684325,1.4962373971939087,0.6327195763587952,0.00048763531958684325,18.27515983581543,17.13840675354004,4.2925333976745605,7.30244255065918,8.367829322814941,2.7287631034851074,989.0,-0.5408955402948172,0.07792206956823386,-0.5262564882195732,-0.5368020119558817,-0.3952464628145306,0.36454031407960347,88.0,0.24142824573457733,,,,
gov_report:119,gov_report,recovery_formal,64,32,physical_delete_aor_88,aor,88,6,7,0.0007001983249761557,0.0022400329145515884,0.2410049504167263,0.9731598873338488,0.3125839448284723,0.0006341607149169327,0.008678483087242556,0.2053878815170309,0.987584482164899,0.07307276035937137,0.008678483087242556,45.24351302265336,1.401661083655041e-05,2.155469701392576e-05,3.3255168091272935e-05,1.4671239852905273,0.5858367085456848,3.3255168091272935e-05,20.227611541748047,19.355865478515625,7.119668960571289,6.366787433624268,6.97783899307251,1.2691287994384766,989.0,-0.5408955402948172,0.07792206956823386,-0.5262564882195732,-0.5368020119558817,-0.3952464628145306,0.36454031407960347,88.0,0.24142824573457733,,,,
gov_report:119,gov_report,recovery_formal,64,32,physical_delete_aor_88,aor,88,7,8,0.0038404260421066984,0.004885398520252744,0.8314813753415877,0.5574028405648502,0.7861029199943377,0.003349603513634901,0.008192729655742158,0.4865679844718017,0.8770926791847029,0.40885073161021684,0.008192729655742158,50.23382786866448,6.668023632187428e-05,0.00011777313920902088,0.00017099401156883687,2.35205340385437,0.34905102849006653,0.00017099401156883687,33.176822662353516,33.818668365478516,194.04434204101562,6.444019317626953,6.7050557136535645,1.8324413299560547,989.0,-0.5408955402948172,0.07792206956823386,-0.5262564882195732,-0.5368020119558817,-0.3952464628145306,0.36454031407960347,88.0,0.24142824573457733,4.0599017071350893e-10,2.253792205022685e-09,4.059763943957796e-10,2.2536120940002442e-09
gov_report:119,gov_report,recovery_formal,64,32,physical_delete_aor_88,aor,88,8,9,0.0015207672111976702,0.0024026552483218783,0.5869606745369723,0.8109207336061102,0.6329527352123622,0.0011699288284161883,0.007237315017496701,0.19483369609265128,0.9813973884150146,0.16165232901812424,0.007237315017496701,50.077291991018846,2.336246194434815e-05,2.9878554414608516e-05,5.0672450015554205e-05,1.6034364700317383,0.5559402704238892,5.0672450015554205e-05,21.559886932373047,19.455236434936523,6.163661479949951,8.047624588012695,8.107495307922363,1.851430058479309,989.0,-0.5408955402948172,0.07792206956823386,-0.5262564882195732,-0.5368020119558817,-0.3952464628145306,0.36454031407960347,88.0,0.24142824573457733,,,,
gov_report:119,gov_report,recovery_formal,64,32,physical_delete_aor_88,aor,88,9,10,0.002027683564726379,0.0026254081007981416,0.6906215730826494,0.7278174511297969,0.7723308098691208,0.0017794925011810573,0.007707329909601795,0.37388167409763884,0.9384354403035005,0.23088313619015643,0.007707329909601795,50.789445954101446,3.5036659048991976e-05,4.8541402065893635e-05,6.737505464116111e-05,1.8379586935043335,0.5146685838699341,6.737505464116111e-05,19.970535278320312,19.331375122070312,5.623230934143066,7.647493839263916,7.655185699462891,1.820941686630249,989.0,-0.5408955402948172,0.07792206956823386,-0.5262564882195732,-0.5368020119558817,-0.3952464628145306,0.36454031407960347,88.0,0.24142824573457733,,,,
gov_report:119,gov_report,recovery_formal,64,32,physical_delete_aor_88,aor,88,10,11,0.004678475799898832,0.004807448486565521,0.9273870862877114,0.3768945208795406,0.973172320613085,0.0039774083557574755,0.008071079969045821,0.5805027896687383,0.8189680836062303,0.4927975402314955,0.008071079969045821,50.34101923555118,7.900929333883256e-05,0.00011595828254939988,0.00010085449321195483,2.3766138553619385,0.42126965522766113,0.00010085449321195483,20.033382415771484,18.89211654663086,7.082993507385254,8.773329734802246,8.448846817016602,2.428621530532837,989.0,-0.5408955402948172,0.07792206956823386,-0.5262564882195732,-0.5368020119558817,-0.3952464628145306,0.36454031407960347,88.0,0.24142824573457733,8.660578287950814e-11,1.712547177523926e-09,8.660783430527563e-11,1.7124363420797765e-09
gov_report:119,gov_report,recovery_formal,64,32,physical_delete_aor_88,aor,88,11,12,0.0158534319701491,0.015896066367529268,0.9913399401819796,0.13145668235653787,0.9973179278197243,0.015468854463773898,0.01754643994682605,0.9131762444487301,0.40878664229127737,0.8815950421083587,0.01754643994682605,53.86702514152674,0.00028716741685905304,0.00030610672547481954,0.0005751310382038355,2.5866472721099854,0.32113030552864075,0.0005751310382038355,21.207073211669922,19.305021286010742,6.187732696533203,8.278773307800293,8.03990650177002,1.2486070394515991,989.0,-0.5408955402948172,0.07792206956823386,-0.5262564882195732,-0.5368020119558817,-0.3952464628145306,0.36454031407960347,88.0,0.24142824573457733,,,,
gov_report:119,gov_report,recovery_formal,64,32,physical_delete_aor_88,aor,88,12,13,0.004589097221052995,0.0052936685359788955,0.8428588669491804,0.5386715618281946,0.8669030162849792,0.003894147958065898,0.017467467204097958,0.35945438200366503,0.9430956963556378,0.22293718445638822,0.017467467204097958,52.5353022223991,7.412440384526003e-05,0.00010722742445068434,0.000169744438608177,2.0386197566986084,0.5013711452484131,0.000169744438608177,17.702064514160156,17.677165985107422,3.992281198501587,9.15321159362793,8.859599113464355,1.3430954217910767,989.0,-0.5408955402948172,0.07792206956823386,-0.5262564882195732,-0.5368020119558817,-0.3952464628145306,0.36454031407960347,88.0,0.24142824573457733,,,,
gov_report:119,gov_report,recovery_formal,64,32,physical_delete_aor_88,aor,88,13,14,0.0017733894289868048,0.0035668746752584943,0.5157088651037811,0.8569641616583688,0.49718299364086455,0.0016402431318449863,0.016816043723018422,0.14558486277190483,0.9905116460637292,0.09754037030718235,0.016816043723018422,56.880590175405516,2.8836605365501423e-05,4.270697900210507e-05,5.9814807173097506e-05,2.3100578784942627,0.36227747797966003,5.9814807173097506e-05,19.757801055908203,19.126657485961914,3.751430034637451,7.699422836303711,8.070149421691895,2.108060836791992,989.0,-0.5408955402948172,0.07792206956823386,-0.5262564882195732,-0.5368020119558817,-0.3952464628145306,0.36454031407960347,88.0,0.24142824573457733,,,,
gov_report:119,gov_report,recovery_formal,64,32,physical_delete_aor_88,aor,88,14,15,0.004406832443756562,0.005042155825121898,0.8407633573221943,0.5424218805821981,0.8739976701632428,0.003404700538730464,0.016748217086795237,0.20702238330718123,0.9783433361257355,0.2032873422338683,0.016748217086795237,55.46905961429553,6.13801741440196e-05,7.829849346308038e-05,0.00011546259338501841,1.140782356262207,0.7325274348258972,0.00011546259338501841,21.158611297607422,19.303186416625977,11.191436767578125,9.51088809967041,9.462916374206543,2.0516369342803955,989.0,-0.5408955402948172,0.07792206956823386,-0.5262564882195732,-0.5368020119558817,-0.3952464628145306,0.36454031407960347,88.0,0.24142824573457733,1.232635449019148e-10,3.6490711014203117e-09,1.232619403861322e-10,3.6481009268818422e-09
gov_report:119,gov_report,recovery_formal,64,32,physical_delete_aor_88,aor,88,15,16,0.012123321664781984,0.01319774050718455,0.8955305762977126,0.4455970782329436,0.9185906980200378,0.011667027499906515,0.02101643272141985,0.7096197778210815,0.7213212090609356,0.5551383364892147,0.02101643272141985,57.98641545147301,0.00020120277152965734,0.0002525600721128285,0.00044512192835099995,2.56014084815979,0.3903261125087738,0.00044512192835099995,56.632808685302734,55.53672790527344,1418.1397705078125,7.960302829742432,7.934010028839111,1.9152305126190186,989.0,-0.5408955402948172,0.07792206956823386,-0.5262564882195732,-0.5368020119558817,-0.3952464628145306,0.36454031407960347,88.0,0.24142824573457733,,,,
gov_report:119,gov_report,recovery_formal,64,32,physical_delete_aor_88,aor,88,16,17,0.010292156107543157,0.011332264206435147,0.8232102991838979,0.5740652916747275,0.9082170976651468,0.010535162547960825,0.025371417027846024,0.5609337207984764,0.8405835852277701,0.4152374515147543,0.025371417027846024,60.549656044869344,0.00017399211219554928,0.000288752285996452,0.00026638852432370186,2.811113119125366,0.35276758670806885,0.00026638852432370186,18.44025993347168,18.081525802612305,6.0892181396484375,8.535964012145996,8.77702522277832,3.175825595855713,989.0,-0.5408955402948172,0.07792206956823386,-0.5262564882195732,-0.5368020119558817,-0.3952464628145306,0.36454031407960347,88.0,0.24142824573457733,,,,
gov_report:119,gov_report,recovery_formal,64,32,physical_delete_aor_88,aor,88,17,18,0.010934593763718293,0.012227172041360505,0.877408438394295,0.48004093376432755,0.894286407906109,0.011029808192545025,0.029534805474458962,0.3977881654676918,0.9178000130120175,0.3734511880257128,0.029534805474458962,64.08278522296652,0.00017211811493786431,0.0001958101784111932,0.0002269682299811393,2.357494592666626,0.40799710154533386,0.0002269682299811393,16.36074447631836,15.961060523986816,7.134184837341309,10.10345458984375,9.444197654724121,3.461123466491699,989.0,-0.5408955402948172,0.07792206956823386,-0.5262564882195732,-0.5368020119558817,-0.3952464628145306,0.36454031407960347,88.0,0.24142824573457733,1.4519527868733751e-08,3.683078473572189e-08,1.4516427079894536e-08,3.6815909168556934e-08
gov_report:119,gov_report,recovery_formal,64,32,physical_delete_aor_88,aor,88,18,19,0.003740119735900689,0.008194938536584732,0.45917845674158303,0.888348410688206,0.4563938727793554,0.003583097344414943,0.0312408172121645,0.12222741262704526,0.9925307197903271,0.11469281741515272,0.0312408172121645,76.34303347530305,4.693417567136724e-05,6.962553015910089e-05,0.00010145962733076885,2.210664749145508,0.41854676604270935,0.00010145962733076885,20.854625701904297,21.668121337890625,6.467371940612793,8.791081428527832,9.342392921447754,3.213513135910034,989.0,-0.5408955402948172,0.07792206956823386,-0.5262564882195732,-0.5368020119558817,-0.3952464628145306,0.36454031407960347,88.0,0.24142824573457733,2.782442339493181e-10,3.324194337192386e-08,2.782671899035062e-10,3.322873040878765e-08
gov_report:119,gov_report,recovery_formal,64,32,physical_delete_aor_88,aor,88,19,20,0.0029873200500521685,0.007942998875596562,0.32637989778626103,0.9465451533183492,0.3760947340972404,0.0024867581795071448,0.032134003367009015,0.12932070539421273,0.9929618581728386,0.07738712637530319,0.032134003367009015,81.5236287729554,3.0503526608620496e-05,4.5692024286836386e-05,7.110098522389308e-05,1.068894624710083,0.720299243927002,7.110098522389308e-05,18.07489013671875,18.229856491088867,4.048614978790283,11.006119728088379,10.12733268737793,3.4043397903442383,989.0,-0.5408955402948172,0.07792206956823386,-0.5262564882195732,-0.5368020119558817,-0.3952464628145306,0.36454031407960347,88.0,0.24142824573457733,,,,
gov_report:119,gov_report,recovery_formal,64,32,physical_delete_aor_88,aor,88,20,21,0.011554299680589757,0.015758358974835115,0.6889071739854368,0.7262026460411368,0.7332171896224146,0.010801407627776729,0.034410414454732315,0.264141373434347,0.9657666352006944,0.3138993760736659,0.034410414454732315,94.17458639476854,0.00011469556746974738,0.0003070868260692805,0.00026522105326876044,2.243574380874634,0.44718465209007263,0.00026522105326876044,18.92091941833496,18.076152801513672,4.884434223175049,10.806700706481934,10.957733154296875,5.430060863494873,989.0,-0.5408955402948172,0.07792206956823386,-0.5262564882195732,-0.5368020119558817,-0.3952464628145306,0.36454031407960347,88.0,0.24142824573457733,,,,
gov_report:119,gov_report,recovery_formal,64,32,physical_delete_aor_88,aor,88,21,22,0.006871376635436984,0.009449192428834016,0.5820185259640662,0.8260325402020862,0.7271919465275275,0.006730179262301114,0.03744545160549985,0.1914105309609709,0.9815795311222915,0.17973289074480306,0.03744545160549985,118.9014065677614,5.660302477974148e-05,0.00012627089745365083,0.00011546367750270292,2.583807945251465,0.36973151564598083,0.00011546367750270292,17.0509033203125,17.044889450073242,4.974817276000977,10.657707214355469,11.481104850769043,6.6394805908203125,989.0,-0.5408955402948172,0.07792206956823386,-0.5262564882195732,-0.5368020119558817,-0.3952464628145306,0.36454031407960347,88.0,0.24142824573457733,,,,
gov_report:119,gov_report,recovery_formal,64,32,physical_delete_aor_88,aor,88,22,23,0.0024157239212287654,0.004211567741377085,0.5136548007985596,0.8600879493177619,0.5735925597242987,0.0023965731414585826,0.039428526939912674,0.09860265598487193,0.9958453011065704,0.060782720721746814,0.039428526939912674,136.2541232834325,1.7588995354461967e-05,3.164777808706276e-05,3.8969119486864656e-05,1.4963698387145996,0.5593559145927429,3.8969119486864656e-05,20.606901168823242,18.910120010375977,4.944365978240967,11.77906608581543,11.474201202392578,12.671453475952148,989.0,-0.5408955402948172,0.07792206956823386,-0.5262564882195732,-0.5368020119558817,-0.3952464628145306,0.36454031407960347,88.0,0.24142824573457733,1.467936147204218e-11,2.7622084126932567e-08,1.4679459682308148e-11,2.760983031120322e-08
gov_report:119,gov_report,recovery_formal,64,32,physical_delete_aor_88,aor,88,23,24,0.004398226553135772,0.00824492819807707,0.7287222643053247,0.7121071256705543,0.5334463135969518,0.0039620413208782705,0.04231213306524757,0.054404286415447776,0.9992894930501739,0.09363842079926793,0.04231213306524757,164.38516969871972,2.410218225974875e-05,4.894532685284503e-05,7.186532457126305e-05,1.5700626373291016,0.6327279210090637,7.186532457126305e-05,18.076068878173828,17.44424057006836,4.941898345947266,15.667107582092285,14.306687355041504,17.286619186401367,989.0,-0.5408955402948172,0.07792206956823386,-0.5262564882195732,-0.5368020119558817,-0.3952464628145306,0.36454031407960347,88.0,0.24142824573457733,,,,
gov_report:119,gov_report,recovery_formal,64,32,physical_delete_aor_88,aor,88,24,25,0.002562265697760732,0.006286996539562239,0.2747099048502648,0.9706600692116257,0.40755004104696735,0.002588286671608161,0.046958370939217904,0.06565491449833966,0.9978980123143721,0.05511874922063191,0.046958370939217904,202.3340819953294,1.2792143795467479e-05,1.735082878440153e-05,2.4068700440693647e-05,1.6997404098510742,0.517897367477417,2.4068700440693647e-05,18.006858825683594,17.358278274536133,4.7941575050354,21.17160415649414,17.320823669433594,89.02420043945312,989.0,-0.5408955402948172,0.07792206956823386,-0.5262564882195732,-0.5368020119558817,-0.3952464628145306,0.36454031407960347,88.0,0.24142824573457733,,,,
gov_report:119,gov_report,recovery_formal,64,32,physical_delete_aor_88,aor,88,25,26,0.032832199528769555,0.03305932740979579,0.9967471063183746,0.08067398439670377,0.9931296883868566,0.03475135910310038,0.06130603616595607,0.586853460251091,0.8099402035973248,0.5668505301668516,0.06130603616595607,226.70284558709469,0.00015329035245721962,0.00030444678850471973,0.0004131140885874629,1.5648345947265625,0.6677175164222717,0.0004131140885874629,17.077342987060547,16.58048439025879,6.703845977783203,23.017742156982422,22.802818298339844,70.32052612304688,989.0,-0.5408955402948172,0.07792206956823386,-0.5262564882195732,-0.5368020119558817,-0.3952464628145306,0.36454031407960347,88.0,0.24142824573457733,,,,
gov_report:119,gov_report,recovery_formal,64,32,physical_delete_aor_88,aor,88,26,27,0.0129899701011382,0.014285183294618748,0.8934951375221871,0.4493520180628508,0.9093317063724022,0.014049929605984583,0.07064437942079857,0.292718794283167,0.9607918404857825,0.19888248323755692,0.07064437942079857,277.6858912054172,5.0596483476329e-05,7.479157648049295e-05,5.953326399321668e-05,1.8063234090805054,0.621439516544342,5.953326399321668e-05,16.8426513671875,15.904102325439453,4.604396343231201,38.009742736816406,29.106508255004883,175.71829223632812,989.0,-0.5408955402948172,0.07792206956823386,-0.5262564882195732,-0.5368020119558817,-0.3952464628145306,0.36454031407960347,88.0,0.24142824573457733,1.7754039014937317e-10,2.652480479631628e-08,1.7753395091925256e-10,2.651095685964579e-08
gov_report:119,gov_report,recovery_formal,64,32,physical_delete_aor_88,aor,88,27,28,0.04136783968858731,0.043413360178079285,0.9577555317816865,0.28762490481564196,0.9528826959926309,0.04400884843687889,0.09427976356178805,0.42922555349142033,0.9039781579009933,0.46678997458491556,0.09427976356178805,247.7537643490893,0.000177631401696362,0.0003138264873996377,0.00024789731833152473,3.1404378414154053,0.26514706015586853,0.00024789731833152473,14.585447311401367,15.351941108703613,3.3777496814727783,32.64008331298828,29.14858055114746,167.16543579101562,989.0,-0.5408955402948172,0.07792206956823386,-0.5262564882195732,-0.5368020119558817,-0.3952464628145306,0.36454031407960347,88.0,0.24142824573457733,,,,
gov_report:119,gov_report,recovery_formal,64,32,physical_delete_v_ridge_84,v_ridge,84,0,1,0.003988967805214396,0.0039926040757315715,0.9999925522728187,0.0039637553869040975,0.9990892484082563,0.005583119138284243,0.005588640885082845,0.9999864990256359,0.005286915353221216,0.999011969651988,0.005588640885082845,19.968380906626578,0.0002795979886597348,0.0001588375016581267,0.00036181279574520886,1.40288507938385,0.6299648880958557,0.00036181279574520886,778.3748779296875,778.9323120117188,1834.27734375,5.178759574890137,4.202920436859131,0.8380502462387085,993.0,-0.34849736914486484,0.6200704495175865,-0.2990853267193802,-0.30284004496383804,-3.318476539378398,0.8949348545260208,84.0,0.9843320464866744,6.766630074670141e-10,6.657039249943316e-10,6.766204480176812e-10,6.656601036868465e-10
gov_report:119,gov_report,recovery_formal,64,32,physical_delete_v_ridge_84,v_ridge,84,1,2,0.01704431960566656,0.01693586895517402,0.9971262625399063,0.07632355910906019,1.0064036070885758,0.01994737935408369,0.02007610318631102,0.9541648690035573,0.30186686184781464,0.9935882062852167,0.02007610318631102,25.589168191011506,0.0007795243364374165,0.0011460030218586326,0.0016144842375069857,2.6466195583343506,0.31588295102119446,0.0016144842375069857,89.83392333984375,90.98551940917969,3925.82275390625,3.855767250061035,4.063735485076904,0.6157476305961609,993.0,-0.34849736914486484,0.6200704495175865,-0.2990853267193802,-0.30284004496383804,-3.318476539378398,0.8949348545260208,84.0,0.9843320464866744,,,,
gov_report:119,gov_report,recovery_formal,64,32,physical_delete_v_ridge_84,v_ridge,84,2,3,0.006881738686303214,0.009187716024780319,0.6248362834062073,0.790569424515919,0.7490151706629133,0.0072577151788093585,0.021197103781915087,0.21960590132463306,0.9832851227719531,0.3423918311425868,0.021197103781915087,31.95009525436864,0.00022715785730926695,0.0001974083570530638,0.00028151131118647754,1.8875937461853027,0.5048454403877258,0.00028151131118647754,25.717998504638672,26.33000373840332,54.82334518432617,5.872762680053711,5.966837406158447,1.3916116952896118,993.0,-0.34849736914486484,0.6200704495175865,-0.2990853267193802,-0.30284004496383804,-3.318476539378398,0.8949348545260208,84.0,0.9843320464866744,,,,
gov_report:119,gov_report,recovery_formal,64,32,physical_delete_v_ridge_84,v_ridge,84,3,4,0.0019572196703269004,0.00436790261569309,0.4187170421164567,0.9085917083670628,0.44809141652905937,0.001978346065605939,0.020531169601358083,0.15344331371113928,0.989804961777792,0.09635817656852225,0.020531169601358083,35.27004986144274,5.6091388398309834e-05,6.088417649152689e-05,5.598330244538374e-05,1.606075406074524,0.5850160717964172,5.598330244538374e-05,19.935688018798828,20.67382049560547,7.3726806640625,7.499477863311768,6.271817684173584,1.3085546493530273,993.0,-0.34849736914486484,0.6200704495175865,-0.2990853267193802,-0.30284004496383804,-3.318476539378398,0.8949348545260208,84.0,0.9843320464866744,,,,
gov_report:119,gov_report,recovery_formal,64,32,physical_delete_v_ridge_84,v_ridge,84,4,5,0.034823605818083886,0.033464608363124905,0.9883644090410766,0.16082722346648903,1.0406099913141813,0.0341255565630475,0.040741554102170084,0.8666375444436296,0.49978188393386175,0.8376105751260434,0.040741554102170084,45.125659632240335,0.0007562339662435929,0.0006024803151376545,0.0012176265008747578,1.6934894323349,0.5597462058067322,0.0012176265008747578,17.39755630493164,17.88620948791504,5.152135372161865,7.3594465255737305,7.209499359130859,2.0932962894439697,993.0,-0.34849736914486484,0.6200704495175865,-0.2990853267193802,-0.30284004496383804,-3.318476539378398,0.8949348545260208,84.0,0.9843320464866744,1.2526181198038299e-08,5.664792169386239e-09,1.2523313126391996e-08,5.664492274041064e-09
gov_report:119,gov_report,recovery_formal,64,32,physical_delete_v_ridge_84,v_ridge,84,5,6,0.041938877803397626,0.037710173522630105,0.9048309300721598,0.4735575769623079,1.1121369616140815,0.03266152200753428,0.046807899899931185,0.7344760246892991,0.6796261585447272,0.6977779835745695,0.046807899899931185,42.216888952016426,0.0007736600876643765,0.00044024805538356304,0.001050716731697321,1.4962373971939087,0.6327195763587952,0.001050716731697321,18.23464584350586,17.13840675354004,4.2925333976745605,9.602190017700195,8.367829322814941,2.7287631034851074,993.0,-0.34849736914486484,0.6200704495175865,-0.2990853267193802,-0.30284004496383804,-3.318476539378398,0.8949348545260208,84.0,0.9843320464866744,,,,
gov_report:119,gov_report,recovery_formal,64,32,physical_delete_v_ridge_84,v_ridge,84,6,7,0.005343968775191618,0.008963574831975307,0.6302712080130134,0.7771228490243496,0.596187221657184,0.004581991836643058,0.04140298370822836,0.09856255109998313,0.9952044861118069,0.11066815543857629,0.04140298370822836,45.24351302265336,0.00010127400660397131,0.00013996714551467448,0.00019251956837251782,1.4671239852905273,0.5858367085456848,0.00019251956837251782,19.80153465270996,19.355865478515625,7.119668960571289,7.616203308105469,6.97783899307251,1.2691287994384766,993.0,-0.34849736914486484,0.6200704495175865,-0.2990853267193802,-0.30284004496383804,-3.318476539378398,0.8949348545260208,84.0,0.9843320464866744,,,,
gov_report:119,gov_report,recovery_formal,64,32,physical_delete_v_ridge_84,v_ridge,84,7,8,0.007938837885737522,0.0195262605535395,0.59910576304781,0.8234934091879491,0.406572362586776,0.007297413370579835,0.0373664129010683,0.24617445856872883,0.9705601574847451,0.19529338793907092,0.0373664129010683,50.23382786866448,0.00014526890902399084,0.00018321977404411882,0.00031269597820937634,2.35205340385437,0.34905102849006653,0.00031269597820937634,34.89459228515625,33.818668365478516,194.04434204101562,7.418202877044678,6.7050557136535645,1.8324413299560547,993.0,-0.34849736914486484,0.6200704495175865,-0.2990853267193802,-0.30284004496383804,-3.318476539378398,0.8949348545260208,84.0,0.9843320464866744,2.362357847565628e-09,4.23311577041883e-08,2.3625811250618473e-09,4.234051764383532e-08
gov_report:119,gov_report,recovery_formal,64,32,physical_delete_v_ridge_84,v_ridge,84,8,9,0.0037870121632539756,0.00692185407751521,0.6253603060532195,0.7842497531784227,0.5471095057544796,0.0024018121010849253,0.03334603739661575,0.16919088097913054,0.9903611879821711,0.07202691199910555,0.03334603739661575,50.077291991018846,4.7962100297190196e-05,8.905405411496758e-05,0.0001403912901878357,1.6034364700317383,0.5559402704238892,0.0001403912901878357,20.782814025878906,19.455236434936523,6.163661479949951,9.147539138793945,8.107495307922363,1.851430058479309,993.0,-0.34849736914486484,0.6200704495175865,-0.2990853267193802,-0.30284004496383804,-3.318476539378398,0.8949348545260208,84.0,0.9843320464866744,,,,
gov_report:119,gov_report,recovery_formal,64,32,physical_delete_v_ridge_84,v_ridge,84,9,10,0.0019803880375946514,0.009066245847642596,0.32492375279138025,0.9517165269439478,0.2184352896308886,0.0016935696708534713,0.030447682470157177,0.11256299562153582,0.9952747442524966,0.05562228496416426,0.030447682470157177,50.789445954101446,3.33449132795021e-05,4.6332046622410417e-05,6.65343104628846e-05,1.8379586935043335,0.5146685838699341,6.65343104628846e-05,19.902496337890625,19.331375122070312,5.623230934143066,7.512668609619141,7.655185699462891,1.820941686630249,993.0,-0.34849736914486484,0.6200704495175865,-0.2990853267193802,-0.30284004496383804,-3.318476539378398,0.8949348545260208,84.0,0.9843320464866744,,,,
gov_report:119,gov_report,recovery_formal,64,32,physical_delete_v_ridge_84,v_ridge,84,10,11,0.01185505755317979,0.01433434108542264,0.8349477157326841,0.5503861022072473,0.8270388909076424,0.010693007030698684,0.030115995899395787,0.3964603168731499,0.9189848443784896,0.3550607147915443,0.030115995899395787,50.34101923555118,0.00021241141305989306,0.0003529885725583881,0.0003367606259416789,2.3766138553619385,0.42126965522766113,0.0003367606259416789,18.730558395385742,18.89211654663086,7.082993507385254,8.777626037597656,8.448846817016602,2.428621530532837,993.0,-0.34849736914486484,0.6200704495175865,-0.2990853267193802,-0.30284004496383804,-3.318476539378398,0.8949348545260208,84.0,0.9843320464866744,2.7466370640285686e-09,3.578737427213801e-08,2.746418173800358e-09,3.578846050656458e-08
gov_report:119,gov_report,recovery_formal,64,32,physical_delete_v_ridge_84,v_ridge,84,11,12,0.028625842846361313,0.029509064164538874,0.9701709099123977,0.242421978883102,0.9700694907417996,0.02629353816737942,0.040357922128807476,0.6765253020108328,0.7368441796880931,0.6515087194890814,0.040357922128807476,53.86702514152674,0.00048811936612978867,0.0005878246738575399,0.0011118740076199174,2.5866472721099854,0.32113030552864075,0.0011118740076199174,19.620361328125,19.305021286010742,6.187732696533203,8.986499786376953,8.03990650177002,1.2486070394515991,993.0,-0.34849736914486484,0.6200704495175865,-0.2990853267193802,-0.30284004496383804,-3.318476539378398,0.8949348545260208,84.0,0.9843320464866744,,,,
gov_report:119,gov_report,recovery_formal,64,32,physical_delete_v_ridge_84,v_ridge,84,12,13,0.010757750603408292,0.012335897141032939,0.8369625932536405,0.5483849568450068,0.8720687664964997,0.008841235675611665,0.03908838200417434,0.20289335810719003,0.9794778310719315,0.22618576728674747,0.03908838200417434,52.5353022223991,0.00016829132605317135,0.00024569977540522814,0.00043072892003692687,2.0386197566986084,0.5013711452484131,0.00043072892003692687,18.272193908691406,17.677165985107422,3.992281198501587,9.919419288635254,8.859599113464355,1.3430954217910767,993.0,-0.34849736914486484,0.6200704495175865,-0.2990853267193802,-0.30284004496383804,-3.318476539378398,0.8949348545260208,84.0,0.9843320464866744,,,,
gov_report:119,gov_report,recovery_formal,64,32,physical_delete_v_ridge_84,v_ridge,84,13,14,0.006423393988529548,0.008133433563683826,0.7038280293676098,0.715548044145763,0.7897518235361647,0.005740779387212439,0.038617295517358576,0.15255038025049344,0.9883033593995484,0.14865824523190505,0.038617295517358576,56.880590175405516,0.00010092686045467023,0.00014699473103974015,0.00020260522433090955,2.3100578784942627,0.36227747797966003,0.00020260522433090955,18.121707916259766,19.126657485961914,3.751430034637451,8.11933708190918,8.070149421691895,2.108060836791992,993.0,-0.34849736914486484,0.6200704495175865,-0.2990853267193802,-0.30284004496383804,-3.318476539378398,0.8949348545260208,84.0,0.9843320464866744,,,,
gov_report:119,gov_report,recovery_formal,64,32,physical_delete_v_ridge_84,v_ridge,84,14,15,0.0016293642632393128,0.006313717729650016,0.5166871306828041,0.8943816922367084,0.2580673278419801,0.0015570592339940264,0.03953189629984845,0.08042067951960945,0.9976052541176651,0.03938741572586781,0.03953189629984845,55.46905961429553,2.8070770350553046e-05,4.6667151764268056e-05,6.562288763234392e-05,1.140782356262207,0.7325274348258972,6.562288763234392e-05,19.956809997558594,19.303186416625977,11.191436767578125,9.40886402130127,9.462916374206543,2.0516369342803955,993.0,-0.34849736914486484,0.6200704495175865,-0.2990853267193802,-0.30284004496383804,-3.318476539378398,0.8949348545260208,84.0,0.9843320464866744,9.843558378415493e-11,3.156603995862021e-08,9.843688980400851e-11,3.1563337559620965e-08
gov_report:119,gov_report,recovery_formal,64,32,physical_delete_v_ridge_84,v_ridge,84,15,16,0.022025576790029745,0.025907246028690076,0.8857628483969177,0.4655007952138936,0.850170518535173,0.01968981090985754,0.04114483483553937,0.45396590331611786,0.8913581081280654,0.4785487896247481,0.04114483483553937,57.98641545147301,0.0003395590287234657,0.0010300345020368695,0.0009689043508842587,2.56014084815979,0.3903261125087738,0.0009689043508842587,54.51074981689453,55.53672790527344,1418.1397705078125,6.825728416442871,7.934010028839111,1.9152305126190186,993.0,-0.34849736914486484,0.6200704495175865,-0.2990853267193802,-0.30284004496383804,-3.318476539378398,0.8949348545260208,84.0,0.9843320464866744,,,,
gov_report:119,gov_report,recovery_formal,64,32,physical_delete_v_ridge_84,v_ridge,84,16,17,0.02433367962304241,0.023933615993063078,0.9377505433817109,0.3561732600203613,1.0167155531406238,0.022195888398529987,0.046591828325645505,0.4805805862347801,0.8769605805471787,0.476390156732972,0.046591828325645505,60.549656044869344,0.00036657331929486244,0.001125716487877071,0.0010853481944650412,2.811113119125366,0.35276758670806885,0.0010853481944650412,18.301464080810547,18.081525802612305,6.0892181396484375,9.114917755126953,8.77702522277832,3.175825595855713,993.0,-0.34849736914486484,0.6200704495175865,-0.2990853267193802,-0.30284004496383804,-3.318476539378398,0.8949348545260208,84.0,0.9843320464866744,,,,
gov_report:119,gov_report,recovery_formal,64,32,physical_delete_v_ridge_84,v_ridge,84,17,18,0.02071033156721782,0.021065340522109687,0.9654405192586729,0.2612242944754659,0.9831472482241975,0.022501472133752743,0.05043007516428825,0.46601085983980567,0.8850009517240389,0.4461915248083355,0.05043007516428825,64.08278522296652,0.0003511313070345213,0.0002718903124332428,0.0004203318967483938,2.357494592666626,0.40799710154533386,0.0004203318967483938,16.12775421142578,15.961060523986816,7.134184837341309,8.690801620483398,9.444197654724121,3.461123466491699,993.0,-0.34849736914486484,0.6200704495175865,-0.2990853267193802,-0.30284004496383804,-3.318476539378398,0.8949348545260208,84.0,0.9843320464866744,9.710418521596516e-08,5.244618565062025e-08,9.705540121369796e-08,5.241492093218022e-08
gov_report:119,gov_report,recovery_formal,64,32,physical_delete_v_ridge_84,v_ridge,84,18,19,0.010396085227912934,0.013288213915410014,0.6830361977625273,0.7371061980950753,0.7823538433451054,0.010087372998343,0.05317196939208908,0.07020094349970486,1.0046664997071573,0.18971223209655644,0.05317196939208908,76.34303347530305,0.00013213220040052853,0.0002541523426771164,0.00033143628388643265,2.210664749145508,0.41854676604270935,0.00033143628388643265,21.08707046508789,21.668121337890625,6.467371940612793,9.993636131286621,9.342392921447754,3.213513135910034,993.0,-0.34849736914486484,0.6200704495175865,-0.2990853267193802,-0.30284004496383804,-3.318476539378398,0.8949348545260208,84.0,0.9843320464866744,1.1188011316032884e-09,6.298297531328174e-08,1.1187231724675392e-09,6.29439191879863e-08
gov_report:119,gov_report,recovery_formal,64,32,physical_delete_v_ridge_84,v_ridge,84,19,20,0.006681937392808333,0.011389062930202918,0.5494715873986555,0.83634129426742,0.5866977321802612,0.006116611927389766,0.0535938354753206,0.08684768424673776,0.9965950787697729,0.11412902012221912,0.0535938354753206,81.5236287729554,7.502870050626214e-05,7.07296931068413e-05,0.00014729278336744756,1.068894624710083,0.720299243927002,0.00014729278336744756,18.982593536376953,18.229856491088867,4.048614978790283,9.509607315063477,10.12733268737793,3.4043397903442383,993.0,-0.34849736914486484,0.6200704495175865,-0.2990853267193802,-0.30284004496383804,-3.318476539378398,0.8949348545260208,84.0,0.9843320464866744,,,,
gov_report:119,gov_report,recovery_formal,64,32,physical_delete_v_ridge_84,v_ridge,84,20,21,0.023928449003119412,0.023842910394012127,0.9361086993003451,0.35812554210775027,1.003587590931381,0.021202013329338094,0.061542878339801946,0.3423357371239788,0.9395802050763442,0.34450799022225786,0.061542878339801946,94.17458639476854,0.00022513518923737878,0.0005961133283562958,0.000579765357542783,2.243574380874634,0.44718465209007263,0.000579765357542783,17.963970184326172,18.076152801513672,4.884434223175049,10.352785110473633,10.957733154296875,5.430060863494873,993.0,-0.34849736914486484,0.6200704495175865,-0.2990853267193802,-0.30284004496383804,-3.318476539378398,0.8949348545260208,84.0,0.9843320464866744,,,,
gov_report:119,gov_report,recovery_formal,64,32,physical_delete_v_ridge_84,v_ridge,84,21,22,0.054802476062789526,0.052070481280667415,0.981160654211824,0.2059330006219438,1.052467246603623,0.05203439295132042,0.08501239828377657,0.62996741541376,0.7768275312934886,0.6120800495196764,0.08501239828377657,118.9014065677614,0.0004376263868810184,0.001158933388069272,0.0008382303640246391,2.583807945251465,0.36973151564598083,0.0008382303640246391,16.990524291992188,17.044889450073242,4.974817276000977,11.666410446166992,11.481104850769043,6.6394805908203125,993.0,-0.34849736914486484,0.6200704495175865,-0.2990853267193802,-0.30284004496383804,-3.318476539378398,0.8949348545260208,84.0,0.9843320464866744,,,,
gov_report:119,gov_report,recovery_formal,64,32,physical_delete_v_ridge_84,v_ridge,84,22,23,0.06258512828949263,0.0568758486879861,0.9697026653205124,0.2770445506833024,1.1003814401579646,0.06312217716118666,0.11386487495533174,0.5948415712262285,0.8048616220789712,0.5543603959162031,0.11386487495533174,136.2541232834325,0.0004632680145017076,0.0003111182013526559,0.0008768014959059656,1.4963698387145996,0.5593559145927429,0.0008768014959059656,19.617216110229492,18.910120010375977,4.944365978240967,13.493780136108398,11.474201202392578,12.671453475952148,993.0,-0.34849736914486484,0.6200704495175865,-0.2990853267193802,-0.30284004496383804,-3.318476539378398,0.8949348545260208,84.0,0.9843320464866744,2.2037085424826534e-08,8.325916154225365e-08,2.2043765970256217e-08,8.325714884249307e-08
gov_report:119,gov_report,recovery_formal,64,32,physical_delete_v_ridge_84,v_ridge,84,23,24,0.015848575001959166,0.017150411978134227,0.8126364832134928,0.5933333740674308,0.9240929618580109,0.015422015319458193,0.1240539094920218,0.2591961659717135,0.9751972749658422,0.1243170439578127,0.1240539094920218,164.38516969871972,9.381634211725552e-05,0.00022199738305062056,0.00017459335504099727,1.5700626373291016,0.6327279210090637,0.00017459335504099727,18.442203521728516,17.44424057006836,4.941898345947266,16.364316940307617,14.306687355041504,17.286619186401367,993.0,-0.34849736914486484,0.6200704495175865,-0.2990853267193802,-0.30284004496383804,-3.318476539378398,0.8949348545260208,84.0,0.9843320464866744,,,,
gov_report:119,gov_report,recovery_formal,64,32,physical_delete_v_ridge_84,v_ridge,84,24,25,0.02030390994685845,0.023225753829689142,0.8498307843155573,0.5276186163003345,0.8741981033530227,0.021267898323207787,0.14663022544261686,0.35298675981813943,0.9584572799575478,0.14504443581811782,0.14663022544261686,202.3340819953294,0.00010511278235220267,0.00011810968862846494,0.00013462689821608365,1.6997404098510742,0.517897367477417,0.00013462689821608365,16.994640350341797,17.358278274536133,4.7941575050354,20.9078311920166,17.320823669433594,89.02420043945312,993.0,-0.34849736914486484,0.6200704495175865,-0.2990853267193802,-0.30284004496383804,-3.318476539378398,0.8949348545260208,84.0,0.9843320464866744,,,,
gov_report:119,gov_report,recovery_formal,64,32,physical_delete_v_ridge_84,v_ridge,84,25,26,0.027977408239177177,0.029018062539206853,0.9223726889056497,0.3885523637622668,0.9641377056575149,0.030413441187875118,0.16591257624674285,0.3346122626320652,0.9544249556175907,0.18331004120293254,0.16591257624674285,226.70284558709469,0.00013415553346546275,0.0002726189268287271,0.00025109550915658474,1.5648345947265625,0.6677175164222717,0.00025109550915658474,17.09988784790039,16.58048439025879,6.703845977783203,29.701427459716797,22.802818298339844,70.32052612304688,993.0,-0.34849736914486484,0.6200704495175865,-0.2990853267193802,-0.30284004496383804,-3.318476539378398,0.8949348545260208,84.0,0.9843320464866744,,,,
gov_report:119,gov_report,recovery_formal,64,32,physical_delete_v_ridge_84,v_ridge,84,26,27,0.03581340290006504,0.0397994295313965,0.9221562208357933,0.3874604488091663,0.8998471415730466,0.0389812315965579,0.18596347593068935,0.2506768890438122,0.968941152132932,0.20961767573696372,0.18596347593068935,277.6858912054172,0.00014037886990708384,0.00018995290156453848,0.00016701304411981255,1.8063234090805054,0.621439516544342,0.00016701304411981255,16.97221565246582,15.904102325439453,4.604396343231201,39.74563980102539,29.106508255004883,175.71829223632812,993.0,-0.34849736914486484,0.6200704495175865,-0.2990853267193802,-0.30284004496383804,-3.318476539378398,0.8949348545260208,84.0,0.9843320464866744,6.314900911692579e-10,8.52136954083502e-08,6.314804027073695e-10,8.523425825713466e-08
gov_report:119,gov_report,recovery_formal,64,32,physical_delete_v_ridge_84,v_ridge,84,27,28,0.07700068405622082,0.08308362897422884,0.9313955629909606,0.3640378551493749,0.9267852765567709,0.08658120552881139,0.24813716527551183,0.5285220604830421,0.8677094070813175,0.34892477889266804,0.24813716527551183,247.7537643490893,0.00034946474277104016,0.000426761427661404,0.0003588461549952626,3.1404378414154053,0.26514706015586853,0.0003588461549952626,15.305609703063965,15.351941108703613,3.3777496814727783,39.129966735839844,29.14858055114746,167.16543579101562,993.0,-0.34849736914486484,0.6200704495175865,-0.2990853267193802,-0.30284004496383804,-3.318476539378398,0.8949348545260208,84.0,0.9843320464866744,,,,
gov_report:119,gov_report,recovery_formal,64,32,physical_delete_key_query_59,key_query,59,0,1,0.01274573504778997,0.012745266863066726,0.9999992466839345,0.0012280215244325342,1.0000367340070846,0.01916982706481767,0.019169494584033518,0.9999988030927939,0.001547306289939155,1.000017344264487,0.019169494584033518,19.968380906626578,0.0009600090840843332,0.0004070174181833863,0.0009139945614151657,1.40288507938385,0.6299648880958557,0.0009139945614151657,778.6456909179688,778.9323120117188,1834.27734375,5.03248405456543,4.202920436859131,0.8380502462387085,1018.0,0.5054957482278731,0.27642128257043375,0.5686332174713398,0.5693658514192911,-0.04035688301360974,-0.9353705961564782,59.0,0.5607223736913174,1.372378001580801e-08,1.3838127276865112e-08,1.372609362536282e-08,1.38404720196186e-08
gov_report:119,gov_report,recovery_formal,64,32,physical_delete_key_query_59,key_query,59,1,2,0.02877678393352947,0.028832366888380062,0.9935088341956694,0.11384647868333729,0.9980722028453032,0.03222924732786628,0.038473772799162434,0.8665381175148452,0.49994367279055857,0.8376939661235381,0.038473772799162434,25.589168191011506,0.0012594878851586578,0.0013622284168377519,0.0020070138853043318,2.6466195583343506,0.31588295102119446,0.0020070138853043318,90.38260650634766,90.98551940917969,3925.82275390625,4.283934116363525,4.063735485076904,0.6157476305961609,1018.0,0.5054957482278731,0.27642128257043375,0.5686332174713398,0.5693658514192911,-0.04035688301360974,-0.9353705961564782,59.0,0.5607223736913174,,,,
gov_report:119,gov_report,recovery_formal,64,32,physical_delete_key_query_59,key_query,59,2,3,0.029724727104702368,0.032254433867519444,0.9277975206206894,0.3731360870602202,0.9215702630773961,0.027681373032369155,0.05154367926483956,0.6364943139287457,0.777666237521316,0.537046897450566,0.05154367926483956,31.95009525436864,0.0008663940689999724,0.0006588844116777182,0.0009247164125554264,1.8875937461853027,0.5048454403877258,0.0009247164125554264,25.81247329711914,26.33000373840332,54.82334518432617,5.9057722091674805,5.966837406158447,1.3916116952896118,1018.0,0.5054957482278731,0.27642128257043375,0.5686332174713398,0.5693658514192911,-0.04035688301360974,-0.9353705961564782,59.0,0.5607223736913174,,,,
gov_report:119,gov_report,recovery_formal,64,32,physical_delete_key_query_59,key_query,59,3,4,0.010729840688776703,0.017119903943757155,0.49339749164438007,0.8799664118096661,0.6267465474121066,0.010317429597153236,0.055209714880688744,0.28649259517127057,0.9632472404982765,0.18687706718735594,0.055209714880688744,35.27004986144274,0.000292526651867092,0.0003008880012203008,0.00034751550992950797,1.606075406074524,0.5850160717964172,0.00034751550992950797,19.87997055053711,20.67382049560547,7.3726806640625,6.51327657699585,6.271817684173584,1.3085546493530273,1018.0,0.5054957482278731,0.27642128257043375,0.5686332174713398,0.5693658514192911,-0.04035688301360974,-0.9353705961564782,59.0,0.5607223736913174,,,,
gov_report:119,gov_report,recovery_formal,64,32,physical_delete_key_query_59,key_query,59,4,5,0.10277264891860875,0.10069052673979569,0.9881563874446364,0.15685865393445902,1.020678431687955,0.09621494859192908,0.10962046244129482,0.8462184663672693,0.53376587383499,0.8777097491579657,0.10962046244129482,45.125659632240335,0.00213215605879338,0.0015107732033357024,0.003100484376773238,1.6934894323349,0.5597462058067322,0.003100484376773238,17.14190673828125,17.88620948791504,5.152135372161865,7.631133079528809,7.209499359130859,2.0932962894439697,1018.0,0.5054957482278731,0.27642128257043375,0.5686332174713398,0.5693658514192911,-0.04035688301360974,-0.9353705961564782,59.0,0.5607223736913174,1.71114839640058e-07,6.23042767948956e-07,1.712187107650968e-07,6.238609905475494e-07
gov_report:119,gov_report,recovery_formal,64,32,physical_delete_key_query_59,key_query,59,5,6,0.07237705189170822,0.07250692692149859,0.9109261356672822,0.421701123253294,0.9982087914175293,0.059262617527028924,0.11161454668153413,0.6330103662324575,0.7808409545796128,0.5309578302201134,0.11161454668153413,42.216888952016426,0.0014037656255151017,0.0009605141240172088,0.001576135866343975,1.4962373971939087,0.6327195763587952,0.001576135866343975,16.416732788085938,17.13840675354004,4.2925333976745605,7.737383842468262,8.367829322814941,2.7287631034851074,1018.0,0.5054957482278731,0.27642128257043375,0.5686332174713398,0.5693658514192911,-0.04035688301360974,-0.9353705961564782,59.0,0.5607223736913174,,,,
gov_report:119,gov_report,recovery_formal,64,32,physical_delete_key_query_59,key_query,59,6,7,0.01919118794201504,0.020816184760866434,0.828684284010697,0.5674312473872002,0.9219358956735281,0.016120891769978635,0.09995359969782236,0.18532613875285323,0.9829711382165941,0.1612837538489357,0.09995359969782236,45.24351302265336,0.00035631388221128913,0.0003932399849873036,0.0007724911556579173,1.4671239852905273,0.5858367085456848,0.0007724911556579173,18.848546981811523,19.355865478515625,7.119668960571289,7.390414714813232,6.97783899307251,1.2691287994384766,1018.0,0.5054957482278731,0.27642128257043375,0.5686332174713398,0.5693658514192911,-0.04035688301360974,-0.9353705961564782,59.0,0.5607223736913174,,,,
gov_report:119,gov_report,recovery_formal,64,32,physical_delete_key_query_59,key_query,59,7,8,0.01581579505626332,0.02718909722307109,0.4478730031654605,0.9040566498660827,0.5816962191316508,0.013891539675522906,0.08920260362956016,0.21868411657007164,0.9778243463151913,0.15573020416771216,0.08920260362956016,50.23382786866448,0.00027653754979298234,0.0006427870248444378,0.000673293718136847,2.35205340385437,0.34905102849006653,0.000673293718136847,33.65911865234375,33.818668365478516,194.04434204101562,7.159867286682129,6.7050557136535645,1.8324413299560547,1018.0,0.5054957482278731,0.27642128257043375,0.5686332174713398,0.5693658514192911,-0.04035688301360974,-0.9353705961564782,59.0,0.5607223736913174,3.965056518377984e-09,3.3548624657416285e-07,3.965520676724989e-09,3.358172552060606e-07
gov_report:119,gov_report,recovery_formal,64,32,physical_delete_key_query_59,key_query,59,8,9,0.028227699830088687,0.0348549298744971,0.8087482350601595,0.5881560454686323,0.8098624766060003,0.023885905469324797,0.08222307921443892,0.3535948059783352,0.9375241398419023,0.2905012278490572,0.08222307921443892,50.077291991018846,0.000476980773513245,0.0006483210599981248,0.0010547767160460353,1.6034364700317383,0.5559402704238892,0.0010547767160460353,18.46540069580078,19.455236434936523,6.163661479949951,8.674812316894531,8.107495307922363,1.851430058479309,1018.0,0.5054957482278731,0.27642128257043375,0.5686332174713398,0.5693658514192911,-0.04035688301360974,-0.9353705961564782,59.0,0.5607223736913174,,,,
gov_report:119,gov_report,recovery_formal,64,32,physical_delete_key_query_59,key_query,59,9,10,0.03283083770157345,0.036520573096001575,0.8606306842079628,0.5106707340196528,0.8989683052144629,0.029912943025404207,0.08503722944990297,0.44564039713945935,0.9001208916653388,0.35176290689275674,0.08503722944990297,50.789445954101446,0.0005889598215431728,0.0006493422552011907,0.0008647188078612089,1.8379586935043335,0.5146685838699341,0.0008647188078612089,19.18798828125,19.331375122070312,5.623230934143066,7.458364963531494,7.655185699462891,1.820941686630249,1018.0,0.5054957482278731,0.27642128257043375,0.5686332174713398,0.5693658514192911,-0.04035688301360974,-0.9353705961564782,59.0,0.5607223736913174,,,,
gov_report:119,gov_report,recovery_formal,64,32,physical_delete_key_query_59,key_query,59,10,11,0.2500031189319006,0.24109230339100882,0.9940271934942714,0.11727395338179573,1.0369601825340728,0.2164424536967334,0.22458378639666143,0.9396528862948763,0.3429768032844589,0.9637492410714424,0.22458378639666143,50.34101923555118,0.004299524661667562,0.00607757642865181,0.009039289318025112,2.3766138553619385,0.42126965522766113,0.009039289318025112,18.313146591186523,18.89211654663086,7.082993507385254,9.755881309509277,8.448846817016602,2.428621530532837,1018.0,0.5054957482278731,0.27642128257043375,0.5686332174713398,0.5693658514192911,-0.04035688301360974,-0.9353705961564782,59.0,0.5607223736913174,9.52658580784817e-07,1.019725588710519e-06,9.514214141066295e-07,1.0181433041092827e-06
gov_report:119,gov_report,recovery_formal,64,32,physical_delete_key_query_59,key_query,59,11,12,0.2633911825992566,0.2666010671686237,0.9538398147099034,0.30224789981437056,0.9879599710404127,0.24256508814545463,0.33440030152136974,0.7945959763940125,0.6110720068293897,0.7253734133668345,0.33440030152136974,53.86702514152674,0.004503034788131604,0.009247958660125732,0.012666920199990273,2.5866472721099854,0.32113030552864075,0.012666920199990273,19.949981689453125,19.305021286010742,6.187732696533203,8.488288879394531,8.03990650177002,1.2486070394515991,1018.0,0.5054957482278731,0.27642128257043375,0.5686332174713398,0.5693658514192911,-0.04035688301360974,-0.9353705961564782,59.0,0.5607223736913174,,,,
gov_report:119,gov_report,recovery_formal,64,32,physical_delete_key_query_59,key_query,59,12,13,0.2910444121290682,0.2939540655534095,0.9909063118526579,0.13455604250286174,0.9901016731343262,0.24877579910356598,0.39028561222339503,0.5816000000303734,0.8153878196223414,0.6374198569256239,0.39028561222339503,52.5353022223991,0.00473540245472305,0.0075482092797756195,0.011768357828259468,2.0386197566986084,0.5013711452484131,0.011768357828259468,18.058279037475586,17.677165985107422,3.992281198501587,9.25540828704834,8.859599113464355,1.3430954217910767,1018.0,0.5054957482278731,0.27642128257043375,0.5686332174713398,0.5693658514192911,-0.04035688301360974,-0.9353705961564782,59.0,0.5607223736913174,,,,
gov_report:119,gov_report,recovery_formal,64,32,physical_delete_key_query_59,key_query,59,13,14,0.10330150145124173,0.09198649187434628,0.7035343184624582,0.8252254486557359,1.1230072953793235,0.09642930453658531,0.38661550541215767,0.23138641414151148,0.9730290367378018,0.24941913396304502,0.38661550541215767,56.880590175405516,0.001695293671166587,0.0017933729104697704,0.0035819578915834427,2.3100578784942627,0.36227747797966003,0.0035819578915834427,20.00482940673828,19.126657485961914,3.751430034637451,7.892345428466797,8.070149421691895,2.108060836791992,1018.0,0.5054957482278731,0.27642128257043375,0.5686332174713398,0.5693658514192911,-0.04035688301360974,-0.9353705961564782,59.0,0.5607223736913174,,,,
gov_report:119,gov_report,recovery_formal,64,32,physical_delete_key_query_59,key_query,59,14,15,0.04976352491970793,0.0868315383559327,0.3106881353519937,0.9860705387330367,0.5731042644404316,0.0409933369907081,0.376760862370898,0.07738689336060588,0.9974960374389451,0.1088046585644362,0.376760862370898,55.46905961429553,0.000739030682613975,0.0012303275289013982,0.002149221021682024,1.140782356262207,0.7325274348258972,0.002149221021682024,19.868907928466797,19.303186416625977,11.191436767578125,9.326284408569336,9.462916374206543,2.0516369342803955,1018.0,0.5054957482278731,0.27642128257043375,0.5686332174713398,0.5693658514192911,-0.04035688301360974,-0.9353705961564782,59.0,0.5607223736913174,2.7375095000444605e-08,1.0880437382297268e-06,2.736386373046659e-08,1.0860323204233263e-06
gov_report:119,gov_report,recovery_formal,64,32,physical_delete_key_query_59,key_query,59,15,16,0.08450062733288922,0.12694121702110805,0.4361084191147098,0.9287124222512129,0.6656673798773985,0.08086974832904086,0.3436132872349313,0.2880787267674744,0.9590572740787534,0.23535105111854865,0.3436132872349313,57.98641545147301,0.0013946326514477892,0.002741232281550765,0.002944490173831582,2.56014084815979,0.3903261125087738,0.002944490173831582,56.203102111816406,55.53672790527344,1418.1397705078125,8.099528312683105,7.934010028839111,1.9152305126190186,1018.0,0.5054957482278731,0.27642128257043375,0.5686332174713398,0.5693658514192911,-0.04035688301360974,-0.9353705961564782,59.0,0.5607223736913174,,,,
gov_report:119,gov_report,recovery_formal,64,32,physical_delete_key_query_59,key_query,59,16,17,0.14082737258789946,0.15023118878984368,0.8890866931965621,0.46028192413277863,0.9374043680430494,0.12933439188586623,0.3700525359352302,0.4909572195569643,0.8825929784650847,0.34950278494646897,0.3700525359352302,60.549656044869344,0.0021360053934910066,0.006094986107200384,0.0048822700046002865,2.811113119125366,0.35276758670806885,0.0048822700046002865,20.337751388549805,18.081525802612305,6.0892181396484375,9.183871269226074,8.77702522277832,3.175825595855713,1018.0,0.5054957482278731,0.27642128257043375,0.5686332174713398,0.5693658514192911,-0.04035688301360974,-0.9353705961564782,59.0,0.5607223736913174,,,,
gov_report:119,gov_report,recovery_formal,64,32,physical_delete_key_query_59,key_query,59,17,18,0.1019185313076279,0.11217394312172237,0.9098172980234033,0.41501087396386344,0.9085758106678474,0.10647154194539958,0.38394594787049413,0.32581040629996383,0.946678402161282,0.2773086746609257,0.38394594787049413,64.08278522296652,0.0016614687013828703,0.0017071679467335343,0.0017397761112079024,2.357494592666626,0.40799710154533386,0.0017397761112079024,16.351472854614258,15.961060523986816,7.134184837341309,9.560456275939941,9.444197654724121,3.461123466491699,1018.0,0.5054957482278731,0.27642128257043375,0.5686332174713398,0.5693658514192911,-0.04035688301360974,-0.9353705961564782,59.0,0.5607223736913174,6.179812679221806e-07,2.203733107672298e-06,6.188040757984336e-07,2.222495861155868e-06
gov_report:119,gov_report,recovery_formal,64,32,physical_delete_key_query_59,key_query,59,18,19,0.08967488185242428,0.12207407468601429,0.5610583368526016,0.8457707527938974,0.7345939920746997,0.08941726349729799,0.4090196877455455,0.2634335228102181,0.965718181033483,0.21861359288143903,0.4090196877455455,76.34303347530305,0.0011712563599693016,0.002400825032964349,0.0030472315847873688,2.210664749145508,0.41854676604270935,0.0030472315847873688,21.87653160095215,21.668121337890625,6.467371940612793,9.114493370056152,9.342392921447754,3.213513135910034,1018.0,0.5054957482278731,0.27642128257043375,0.5686332174713398,0.5693658514192911,-0.04035688301360974,-0.9353705961564782,59.0,0.5607223736913174,1.1290912093398539e-07,2.193899706247164e-06,1.1279551300113008e-07,2.2123978260152273e-06
gov_report:119,gov_report,recovery_formal,64,32,physical_delete_key_query_59,key_query,59,19,20,0.028955550377342,0.09049511999849871,0.28281686429553937,0.9598931370607157,0.3199680864318691,0.0261541920846075,0.41465356212405025,0.080370095515982,0.9969151292169108,0.06307480382088954,0.41465356212405025,81.5236287729554,0.0003208173198159191,0.00044489686843007803,0.0008603757596574724,1.068894624710083,0.720299243927002,0.0008603757596574724,19.233518600463867,18.229856491088867,4.048614978790283,9.151773452758789,10.12733268737793,3.4043397903442383,1018.0,0.5054957482278731,0.27642128257043375,0.5686332174713398,0.5693658514192911,-0.04035688301360974,-0.9353705961564782,59.0,0.5607223736913174,,,,
gov_report:119,gov_report,recovery_formal,64,32,physical_delete_key_query_59,key_query,59,20,21,0.10557528094521121,0.14420262617122562,0.5966516951886255,0.8138559605459715,0.7321314718627353,0.10031068977098874,0.44642854344708344,0.3398478326543816,0.9475037755106509,0.2246959591706279,0.44642854344708344,94.17458639476854,0.001065156679855204,0.002525199903175235,0.002743978053331375,2.243574380874634,0.44718465209007263,0.002743978053331375,19.578676223754883,18.076152801513672,4.884434223175049,11.114368438720703,10.957733154296875,5.430060863494873,1018.0,0.5054957482278731,0.27642128257043375,0.5686332174713398,0.5693658514192911,-0.04035688301360974,-0.9353705961564782,59.0,0.5607223736913174,,,,
gov_report:119,gov_report,recovery_formal,64,32,physical_delete_key_query_59,key_query,59,21,22,0.5459251212286682,0.5611057652619815,0.9637616033702092,0.2669230394970573,0.9729451291126452,0.48745862351921027,0.6964789643373458,0.7168552122193728,0.6974284372115145,0.6998899442469095,0.6964789643373458,118.9014065677614,0.004099687611697089,0.009712678380310535,0.010905996896326542,2.583807945251465,0.36973151564598083,0.010905996896326542,17.71973419189453,17.044889450073242,4.974817276000977,12.692691802978516,11.481104850769043,6.6394805908203125,1018.0,0.5054957482278731,0.27642128257043375,0.5686332174713398,0.5693658514192911,-0.04035688301360974,-0.9353705961564782,59.0,0.5607223736913174,,,,
gov_report:119,gov_report,recovery_formal,64,32,physical_delete_key_query_59,key_query,59,22,23,0.026652305009308878,0.086138588370491,0.2639326937169255,0.9656127029766826,0.3094119083386246,0.02592003978996128,0.7058604716796769,0.021176824622063155,0.9998965794216389,0.03672119466936792,0.7058604716796769,136.2541232834325,0.00019023306719344592,0.0004067462868988514,0.0005419537192210555,1.4963698387145996,0.5593559145927429,0.0005419537192210555,19.294170379638672,18.910120010375977,4.944365978240967,10.311077117919922,11.474201202392578,12.671453475952148,1018.0,0.5054957482278731,0.27642128257043375,0.5686332174713398,0.5693658514192911,-0.04035688301360974,-0.9353705961564782,59.0,0.5607223736913174,8.317855459381184e-09,2.7240373789230664e-06,8.319172640507846e-09,2.7348420003286195e-06
gov_report:119,gov_report,recovery_formal,64,32,physical_delete_key_query_59,key_query,59,23,24,0.12565704317801274,0.14576308672511562,0.7065685087738015,0.724527189620089,0.8620635443524912,0.11737864301675498,0.7497298599008089,0.1367983647847534,0.990796032981014,0.15656124865065993,0.7497298599008089,164.38516969871972,0.0007140464266447094,0.0016487973043695092,0.0016784848412498832,1.5700626373291016,0.6327279210090637,0.0016784848412498832,18.281139373779297,17.44424057006836,4.941898345947266,14.118490219116211,14.306687355041504,17.286619186401367,1018.0,0.5054957482278731,0.27642128257043375,0.5686332174713398,0.5693658514192911,-0.04035688301360974,-0.9353705961564782,59.0,0.5607223736913174,,,,
gov_report:119,gov_report,recovery_formal,64,32,physical_delete_key_query_59,key_query,59,24,25,0.1004064688817128,0.128593995916975,0.8031971410636742,0.5961341192006384,0.780802153053389,0.10281620541353143,0.8474203805228807,0.2499980687896715,0.976758329957722,0.12132845489282558,0.8474203805228807,202.3340819953294,0.000508150700067944,0.000996289076283574,0.0014130744384601712,1.6997404098510742,0.517897367477417,0.0014130744384601712,18.214649200439453,17.358278274536133,4.7941575050354,16.919578552246094,17.320823669433594,89.02420043945312,1018.0,0.5054957482278731,0.27642128257043375,0.5686332174713398,0.5693658514192911,-0.04035688301360974,-0.9353705961564782,59.0,0.5607223736913174,,,,
gov_report:119,gov_report,recovery_formal,64,32,physical_delete_key_query_59,key_query,59,25,26,0.06436472737572245,0.07749703993270028,0.8587597099850602,0.5131548187234021,0.8305443334560629,0.044370667901001935,0.9042117293750289,0.12243375209244749,0.995184432388773,0.04907110410044112,0.9042117293750289,226.70284558709469,0.00019572170691591788,0.0006315832142718136,0.0006909974035806954,1.5648345947265625,0.6677175164222717,0.0006909974035806954,16.509422302246094,16.58048439025879,6.703845977783203,21.09574317932129,22.802818298339844,70.32052612304688,1018.0,0.5054957482278731,0.27642128257043375,0.5686332174713398,0.5693658514192911,-0.04035688301360974,-0.9353705961564782,59.0,0.5607223736913174,,,,
gov_report:119,gov_report,recovery_formal,64,32,physical_delete_key_query_59,key_query,59,26,27,0.4861766859692685,0.47842145681159914,0.9755432200134099,0.22353795165180648,1.0162100362499489,0.5273136800759846,1.1329427887608006,0.5012553680214968,0.8660404145731634,0.46543716532478574,1.1329427887608006,277.6858912054172,0.0018989574075476022,0.002479069633409381,0.0036319317296147346,1.8063234090805054,0.621439516544342,0.0036319317296147346,16.276168823242188,15.904102325439453,4.604396343231201,26.96504783630371,29.106508255004883,175.71829223632812,1018.0,0.5054957482278731,0.27642128257043375,0.5686332174713398,0.5693658514192911,-0.04035688301360974,-0.9353705961564782,59.0,0.5607223736913174,5.912973467907799e-07,2.3965190180658797e-06,5.905312819705028e-07,2.4036292714545646e-06
gov_report:119,gov_report,recovery_formal,64,32,physical_delete_key_query_59,key_query,59,27,28,0.4805972476251413,0.5037668712798774,0.9447881207548697,0.3278115300423462,0.9540072502269332,0.5089613024594958,1.407236774777413,0.3974501032697568,0.9183209282281387,0.36167424813070265,1.407236774777413,247.7537643490893,0.0020543030044232165,0.004740826785564423,0.0035649847704917192,3.1404378414154053,0.26514706015586853,0.0035649847704917192,16.416906356811523,15.351941108703613,3.3777496814727783,29.426971435546875,29.14858055114746,167.16543579101562,1018.0,0.5054957482278731,0.27642128257043375,0.5686332174713398,0.5693658514192911,-0.04035688301360974,-0.9353705961564782,59.0,0.5607223736913174,,,,
gov_report:119,gov_report,recovery_formal,64,32,physical_delete_age_4,age,4,0,1,0.0016553925904758343,0.0016561808013305,0.9999535943446712,0.009643321026203985,0.9995240792224904,0.0021425623263778065,0.0021423761374014323,0.9998999254851112,0.014148285310123325,1.0000869076970769,0.0021423761374014323,19.968380906626578,0.0001072977491964203,0.00020748139650095254,0.0006305382121354342,1.40288507938385,0.6299648880958557,0.0006305382121354342,778.8583984375,778.9323120117188,1834.27734375,3.5669851303100586,4.202920436859131,0.8380502462387085,1073.0,-0.498922326960621,-0.17874745745660547,-0.4987248608388722,-0.49751841205164726,0.19057472869137343,0.5592421171995176,4.0,0.3615684559459774,3.1680647366167096e-10,2.8727846499698446e-10,3.168163700752644e-10,2.872886388729047e-10
gov_report:119,gov_report,recovery_formal,64,32,physical_delete_age_4,age,4,1,2,0.02210396501532377,0.022142593330252792,0.9998069999703698,0.019707106358055723,0.9982554746703384,0.027596611446799164,0.027896630994880375,0.9971544606742251,0.07579931518168971,0.9892453125204879,0.027896630994880375,25.589168191011506,0.0010784489453038492,0.0008887925650924444,0.0012933347607031465,2.6466195583343506,0.31588295102119446,0.0012933347607031465,91.52398681640625,90.98551940917969,3925.82275390625,4.77968692779541,4.063735485076904,0.6157476305961609,1073.0,-0.498922326960621,-0.17874745745660547,-0.4987248608388722,-0.49751841205164726,0.19057472869137343,0.5592421171995176,4.0,0.3615684559459774,,,,
gov_report:119,gov_report,recovery_formal,64,32,physical_delete_age_4,age,4,2,3,0.000942640908394383,0.009981594944269328,0.02025387738895554,1.0025432909873297,0.09443790432866399,0.0009400211146349489,0.03151713685462332,0.1863524723662481,0.9948735507997226,0.029825714149445497,0.03151713685462332,31.95009525436864,2.9421543414848403e-05,3.4290827898075804e-05,2.5080767954932526e-05,1.8875937461853027,0.5048454403877258,2.5080767954932526e-05,27.662723541259766,26.33000373840332,54.82334518432617,6.647296905517578,5.966837406158447,1.3916116952896118,1073.0,-0.498922326960621,-0.17874745745660547,-0.4987248608388722,-0.49751841205164726,0.19057472869137343,0.5592421171995176,4.0,0.3615684559459774,,,,
gov_report:119,gov_report,recovery_formal,64,32,physical_delete_age_4,age,4,3,4,0.011313786706191743,0.01325111915312712,0.8433059824444633,0.537536151863996,0.8537985792333481,0.010973010151582387,0.03200591878068989,0.26404533231476324,0.9677236998415754,0.3428431543169049,0.03200591878068989,35.27004986144274,0.0003111141094126463,0.00015585169603582472,0.00039548109634779394,1.606075406074524,0.5850160717964172,0.00039548109634779394,20.383953094482422,20.67382049560547,7.3726806640625,7.322013854980469,6.271817684173584,1.3085546493530273,1073.0,-0.498922326960621,-0.17874745745660547,-0.4987248608388722,-0.49751841205164726,0.19057472869137343,0.5592421171995176,4.0,0.3615684559459774,,,,
gov_report:119,gov_report,recovery_formal,64,32,physical_delete_age_4,age,4,4,5,0.0011345201061222895,0.006480950021242248,0.12088441685148282,0.9941435340935486,0.17505459884796773,0.001150290836551906,0.031080958393203906,0.21158726342249765,0.9928283961682948,0.03700950343936068,0.031080958393203906,45.125659632240335,2.549083705205437e-05,3.0152865292620845e-05,3.586326783988625e-05,1.6934894323349,0.5597462058067322,3.586326783988625e-05,18.461536407470703,17.88620948791504,5.152135372161865,7.620412826538086,7.209499359130859,2.0932962894439697,1073.0,-0.498922326960621,-0.17874745745660547,-0.4987248608388722,-0.49751841205164726,0.19057472869137343,0.5592421171995176,4.0,0.3615684559459774,1.4918596699464316e-11,2.2068092371545125e-08,1.4921553221443123e-11,2.2063121284986835e-08
gov_report:119,gov_report,recovery_formal,64,32,physical_delete_age_4,age,4,5,6,0.013728877577008226,0.014603187563898626,0.846345009019497,0.5408285587807523,0.9401288257741871,0.011723795261158148,0.027800080441440254,0.35175250562158417,0.9387040800548982,0.4217180337248969,0.027800080441440254,42.216888952016426,0.00027770391310651463,7.814198761479929e-05,0.00020597466209437698,1.4962373971939087,0.6327195763587952,0.00020597466209437698,17.817508697509766,17.13840675354004,4.2925333976745605,8.273088455200195,8.367829322814941,2.7287631034851074,1073.0,-0.498922326960621,-0.17874745745660547,-0.4987248608388722,-0.49751841205164726,0.19057472869137343,0.5592421171995176,4.0,0.3615684559459774,,,,
gov_report:119,gov_report,recovery_formal,64,32,physical_delete_age_4,age,4,6,7,0.00034962897839234565,0.003073376316326292,0.3185665105340955,0.9697736127902826,0.11376054944363881,0.0003017770140497183,0.023520518186636336,0.0688502955452482,0.9991986131699439,0.012830372683760815,0.023520518186636336,45.24351302265336,6.670061493647034e-06,5.923340722802095e-06,1.1086575796070974e-05,1.4671239852905273,0.5858367085456848,1.1086575796070974e-05,19.886260986328125,19.355865478515625,7.119668960571289,6.787395477294922,6.97783899307251,1.2691287994384766,1073.0,-0.498922326960621,-0.17874745745660547,-0.4987248608388722,-0.49751841205164726,0.19057472869137343,0.5592421171995176,4.0,0.3615684559459774,,,,
gov_report:119,gov_report,recovery_formal,64,32,physical_delete_age_4,age,4,7,8,0.001725165861113137,0.0041625275913941785,0.33735978961419644,0.9445271336894121,0.4144515137100431,0.001943801001612732,0.02093218225292107,0.11472690134886729,0.9936376698405291,0.09286184202516563,0.02093218225292107,50.23382786866448,3.869506036240694e-05,3.3753214665921405e-05,5.917994712945074e-05,2.35205340385437,0.34905102849006653,5.917994712945074e-05,33.97175979614258,33.818668365478516,194.04434204101562,6.296531677246094,6.7050557136535645,1.8324413299560547,1073.0,-0.498922326960621,-0.17874745745660547,-0.4987248608388722,-0.49751841205164726,0.19057472869137343,0.5592421171995176,4.0,0.3615684559459774,4.1090810684621824e-11,1.3124361546852615e-08,4.109284310535601e-11,1.312182314641476e-08
gov_report:119,gov_report,recovery_formal,64,32,physical_delete_age_4,age,4,8,9,0.0018247988622401732,0.0045335080727192415,0.28943113417211036,0.963855421206558,0.40251364571755166,0.0014116504030728338,0.01861943324900193,0.046236314892410466,0.9993683801355008,0.07581597056121477,0.01861943324900193,50.077291991018846,2.8189431715397217e-05,3.4325450542382896e-05,5.610482912743464e-05,1.6034364700317383,0.5559402704238892,5.610482912743464e-05,18.519786834716797,19.455236434936523,6.163661479949951,8.406990051269531,8.107495307922363,1.851430058479309,1073.0,-0.498922326960621,-0.17874745745660547,-0.4987248608388722,-0.49751841205164726,0.19057472869137343,0.5592421171995176,4.0,0.3615684559459774,,,,
gov_report:119,gov_report,recovery_formal,64,32,physical_delete_age_4,age,4,9,10,0.002544298418723226,0.0055655536241544755,0.4689373204731388,0.8833100852808989,0.4571510024952385,0.0023951849861861972,0.018333290270872934,0.1506791356728643,0.9887856664219045,0.13064676066311753,0.018333290270872934,50.789445954101446,4.7159108377569865e-05,2.6814976081368513e-05,7.638960960321128e-05,1.8379586935043335,0.5146685838699341,7.638960960321128e-05,19.433338165283203,19.331375122070312,5.623230934143066,7.323515892028809,7.655185699462891,1.820941686630249,1073.0,-0.498922326960621,-0.17874745745660547,-0.4987248608388722,-0.49751841205164726,0.19057472869137343,0.5592421171995176,4.0,0.3615684559459774,,,,
gov_report:119,gov_report,recovery_formal,64,32,physical_delete_age_4,age,4,10,11,0.00041067188700075587,0.004435820917968013,-0.18882969692466126,1.0215357155428118,0.09258080851218828,0.0004265643131380859,0.016725127972260032,0.02011676442462598,0.9998121535468273,0.025504397565482135,0.016725127972260032,50.34101923555118,8.47349377536725e-06,1.1559714039321989e-05,1.0166827451030258e-05,2.3766138553619385,0.42126965522766113,1.0166827451030258e-05,18.977916717529297,18.89211654663086,7.082993507385254,8.479736328125,8.448846817016602,2.428621530532837,1073.0,-0.498922326960621,-0.17874745745660547,-0.4987248608388722,-0.49751841205164726,0.19057472869137343,0.5592421171995176,4.0,0.3615684559459774,7.1527101125100015e-12,1.4280429473279726e-08,7.152825561974322e-12,1.427753250724277e-08
gov_report:119,gov_report,recovery_formal,64,32,physical_delete_age_4,age,4,11,12,0.002072115936097688,0.0037696371651597988,0.43878566145148074,0.905409288139078,0.5496857775196115,0.0018458175108050949,0.01635450750563886,0.11644296713452598,0.9932038321137877,0.11286292235756268,0.01635450750563886,53.86702514152674,3.426618614923533e-05,2.5317005565739237e-05,6.050058436812833e-05,2.5866472721099854,0.32113030552864075,6.050058436812833e-05,19.391769409179688,19.305021286010742,6.187732696533203,9.032400131225586,8.03990650177002,1.2486070394515991,1073.0,-0.498922326960621,-0.17874745745660547,-0.4987248608388722,-0.49751841205164726,0.19057472869137343,0.5592421171995176,4.0,0.3615684559459774,,,,
gov_report:119,gov_report,recovery_formal,64,32,physical_delete_age_4,age,4,12,13,0.007847374863757908,0.008011966322517099,0.9744592068845428,0.22462019057672358,0.9794567959807048,0.0061314087849930815,0.017501289807415863,0.3877669544301009,0.922516957242049,0.3503403950487698,0.017501289807415863,52.5353022223991,0.0001167102600654475,0.0001226207969011739,0.0003688189899548888,2.0386197566986084,0.5013711452484131,0.0003688189899548888,17.10036849975586,17.677165985107422,3.992281198501587,8.046975135803223,8.859599113464355,1.3430954217910767,1073.0,-0.498922326960621,-0.17874745745660547,-0.4987248608388722,-0.49751841205164726,0.19057472869137343,0.5592421171995176,4.0,0.3615684559459774,,,,
gov_report:119,gov_report,recovery_formal,64,32,physical_delete_age_4,age,4,13,14,0.00021133609823098724,0.00149418406157087,0.07556176802135084,0.9993148885270252,0.14143913301337505,0.0002032492781605851,0.017187731702868664,0.02625670980773479,0.9997593971210477,0.011825253132538857,0.017187731702868664,56.880590175405516,3.5732624702700017e-06,4.493807409744477e-06,6.750045486114686e-06,2.3100578784942627,0.36227747797966003,6.750045486114686e-06,17.802715301513672,19.126657485961914,3.751430034637451,7.5177483558654785,8.070149421691895,2.108060836791992,1073.0,-0.498922326960621,-0.17874745745660547,-0.4987248608388722,-0.49751841205164726,0.19057472869137343,0.5592421171995176,4.0,0.3615684559459774,,,,
gov_report:119,gov_report,recovery_formal,64,32,physical_delete_age_4,age,4,14,15,8.122196364901825e-05,0.0012495238648130137,0.10629497161880744,0.9951916705797496,0.0650023308367726,6.986333947180096e-05,0.01731970349711131,-0.030001665947728032,1.0001291464216353,0.004033749162244794,0.01731970349711131,55.46905961429553,1.259501061629603e-06,1.8803038983605802e-06,2.625308070491883e-06,1.140782356262207,0.7325274348258972,2.625308070491883e-06,19.743364334106445,19.303186416625977,11.191436767578125,9.230497360229492,9.462916374206543,2.0516369342803955,1073.0,-0.498922326960621,-0.17874745745660547,-0.4987248608388722,-0.49751841205164726,0.19057472869137343,0.5592421171995176,4.0,0.3615684559459774,3.178175935083243e-14,2.538349384485517e-08,3.4829236073437094e-14,2.5377013363261776e-08
gov_report:119,gov_report,recovery_formal,64,32,physical_delete_age_4,age,4,15,16,0.00011494936647074886,0.004687363152018051,0.07100101587890456,0.9985584803616564,0.024523247451236994,0.00011416055244355052,0.01649896047330739,-0.010645838266928302,1.0000975945923125,0.006919257284617631,0.01649896047330739,57.98641545147301,1.9687464995846807e-06,2.633289795994642e-06,3.0696778594574425e-06,2.56014084815979,0.3903261125087738,3.0696778594574425e-06,56.32140350341797,55.53672790527344,1418.1397705078125,8.617984771728516,7.934010028839111,1.9152305126190186,1073.0,-0.498922326960621,-0.17874745745660547,-0.4987248608388722,-0.49751841205164726,0.19057472869137343,0.5592421171995176,4.0,0.3615684559459774,,,,
gov_report:119,gov_report,recovery_formal,64,32,physical_delete_age_4,age,4,16,17,0.005062631508091197,0.004805358490406989,0.9159581139441874,0.424204163590427,1.0535387772208475,0.0043918270291080815,0.01707776533499801,0.24073612447757844,0.9707296593550011,0.25716637645253093,0.01707776533499801,60.549656044869344,7.253265032345666e-05,5.731949568144046e-05,0.0001758505095494911,2.811113119125366,0.35276758670806885,0.0001758505095494911,16.567398071289062,18.081525802612305,6.0892181396484375,8.453682899475098,8.77702522277832,3.175825595855713,1073.0,-0.498922326960621,-0.17874745745660547,-0.4987248608388722,-0.49751841205164726,0.19057472869137343,0.5592421171995176,4.0,0.3615684559459774,,,,
gov_report:119,gov_report,recovery_formal,64,32,physical_delete_age_4,age,4,17,18,0.033914168343130095,0.033806573757973066,0.9979126456056405,0.06479293723641295,1.0031826527564525,0.03497020313518881,0.039697364284052475,0.9070296869079243,0.4218754099443977,0.8809200249407315,0.039697364284052475,64.08278522296652,0.0005457035460227765,0.00044271963997744024,0.0006394322263076901,2.357494592666626,0.40799710154533386,0.0006394322263076901,16.770767211914062,15.961060523986816,7.134184837341309,10.072800636291504,9.444197654724121,3.461123466491699,1073.0,-0.498922326960621,-0.17874745745660547,-0.4987248608388722,-0.49751841205164726,0.19057472869137343,0.5592421171995176,4.0,0.3615684559459774,1.1306118859901837e-07,2.1092326696884505e-07,1.1298454063097366e-07,2.1077350553406937e-07
gov_report:119,gov_report,recovery_formal,64,32,physical_delete_age_4,age,4,18,19,0.0011877261862551405,0.007793554224660349,0.28623934492362546,0.9674608012112934,0.15239852729797396,0.0011367681361621476,0.039167401340837696,0.0640586361964204,0.9985609467161352,0.029023322897271255,0.039167401340837696,76.34303347530305,1.4890266792056302e-05,1.8435353922541253e-05,2.7327496354700997e-05,2.210664749145508,0.41854676604270935,2.7327496354700997e-05,23.026649475097656,21.668121337890625,6.467371940612793,10.128425598144531,9.342392921447754,3.213513135910034,1073.0,-0.498922326960621,-0.17874745745660547,-0.4987248608388722,-0.49751841205164726,0.19057472869137343,0.5592421171995176,4.0,0.3615684559459774,2.0573013888756416e-11,2.1129681413085185e-07,2.0574641175654773e-11,2.1114622668881535e-07
gov_report:119,gov_report,recovery_formal,64,32,physical_delete_age_4,age,4,19,20,0.0008348806209368262,0.007051353767805514,0.15705163844652104,0.988346461695075,0.1184000474843079,0.0007112034393934505,0.04061672772105056,0.08692863888266744,0.9986302336990622,0.017510111702692704,0.04061672772105056,81.5236287729554,8.723893306738876e-06,1.4896310858603101e-05,1.7977848983719014e-05,1.068894624710083,0.720299243927002,1.7977848983719014e-05,16.919845581054688,18.229856491088867,4.048614978790283,10.80630111694336,10.12733268737793,3.4043397903442383,1073.0,-0.498922326960621,-0.17874745745660547,-0.4987248608388722,-0.49751841205164726,0.19057472869137343,0.5592421171995176,4.0,0.3615684559459774,,,,
gov_report:119,gov_report,recovery_formal,64,32,physical_delete_age_4,age,4,20,21,0.0004696100048961884,0.006353976533731672,0.31315700441927846,0.9793736536998515,0.07390804835415214,0.0004249347460755572,0.04374337531570857,0.0751734366965351,0.9993166953252008,0.00971426514320581,0.04374337531570857,94.17458639476854,4.512201883152232e-06,5.9767103266494814e-06,6.660108738287818e-06,2.243574380874634,0.44718465209007263,6.660108738287818e-06,19.677085876464844,18.076152801513672,4.884434223175049,12.769476890563965,10.957733154296875,5.430060863494873,1073.0,-0.498922326960621,-0.17874745745660547,-0.4987248608388722,-0.49751841205164726,0.19057472869137343,0.5592421171995176,4.0,0.3615684559459774,,,,
gov_report:119,gov_report,recovery_formal,64,32,physical_delete_age_4,age,4,21,22,0.002835195875355037,0.004989866608661919,0.5451638784070241,0.8386456825600049,0.5681907148446443,0.002825257105017804,0.048675788484033825,0.1852878861581958,0.9908884023740349,0.0580423490406225,0.048675788484033825,118.9014065677614,2.3761343003185606e-05,1.837941636040341e-05,4.625065048458055e-05,2.583807945251465,0.36973151564598083,4.625065048458055e-05,17.880041122436523,17.044889450073242,4.974817276000977,16.59793472290039,11.481104850769043,6.6394805908203125,1073.0,-0.498922326960621,-0.17874745745660547,-0.4987248608388722,-0.49751841205164726,0.19057472869137343,0.5592421171995176,4.0,0.3615684559459774,,,,
gov_report:119,gov_report,recovery_formal,64,32,physical_delete_age_4,age,4,22,23,0.0033666691371073256,0.006354883241068335,0.5708680567881181,0.8220694377630403,0.5297767101919794,0.0032275404538600915,0.05402657856678331,0.07344126531806498,0.9973936579644107,0.059739863961040314,0.05402657856678331,136.2541232834325,2.3687653452851774e-05,4.443171201273799e-05,7.838657620595768e-05,1.4963698387145996,0.5593559145927429,7.838657620595768e-05,19.28680992126465,18.910120010375977,4.944365978240967,11.252368927001953,11.474201202392578,12.671453475952148,1073.0,-0.498922326960621,-0.17874745745660547,-0.4987248608388722,-0.49751841205164726,0.19057472869137343,0.5592421171995176,4.0,0.3615684559459774,1.4342293221394098e-10,2.4027094602997344e-07,1.4341992168925228e-10,2.4008775676059423e-07
gov_report:119,gov_report,recovery_formal,64,32,physical_delete_age_4,age,4,23,24,0.00139870580966996,0.005483486139524304,0.3024972477000635,0.9543291822806794,0.25507601808058894,0.0014139328331061111,0.06040149437112952,0.03127367246386953,0.9995418010171531,0.023408904826400078,0.06040149437112952,164.38516969871972,8.601340593543355e-06,1.6270427295239642e-05,2.2718375475960784e-05,1.5700626373291016,0.6327279210090637,2.2718375475960784e-05,18.059673309326172,17.44424057006836,4.941898345947266,14.894376754760742,14.306687355041504,17.286619186401367,1073.0,-0.498922326960621,-0.17874745745660547,-0.4987248608388722,-0.49751841205164726,0.19057472869137343,0.5592421171995176,4.0,0.3615684559459774,,,,
gov_report:119,gov_report,recovery_formal,64,32,physical_delete_age_4,age,4,24,25,0.005032489130431539,0.009844607860916187,0.464131667801904,0.8870155079745957,0.5111924417437579,0.005222602948965333,0.06653004108927045,0.07871484384355816,0.996897196079238,0.07849992068932604,0.06653004108927045,202.3340819953294,2.5811780682039963e-05,3.48216162819881e-05,4.9844427849166095e-05,1.6997404098510742,0.517897367477417,4.9844427849166095e-05,18.719802856445312,17.358278274536133,4.7941575050354,16.429031372070312,17.320823669433594,89.02420043945312,1073.0,-0.498922326960621,-0.17874745745660547,-0.4987248608388722,-0.49751841205164726,0.19057472869137343,0.5592421171995176,4.0,0.3615684559459774,,,,
gov_report:119,gov_report,recovery_formal,64,32,physical_delete_age_4,age,4,25,26,0.01099059292190248,0.014052161488836326,0.8504697207497075,0.5304449135916893,0.7821282818756321,0.011898618201520458,0.07285927594610542,0.15822835110493522,0.9874156206259536,0.16330958614414395,0.07285927594610542,226.70284558709469,5.248552646397748e-05,8.77062848303467e-05,0.0001304044562857598,1.5648345947265625,0.6677175164222717,0.0001304044562857598,17.696041107177734,16.58048439025879,6.703845977783203,17.58687973022461,22.802818298339844,70.32052612304688,1073.0,-0.498922326960621,-0.17874745745660547,-0.4987248608388722,-0.49751841205164726,0.19057472869137343,0.5592421171995176,4.0,0.3615684559459774,,,,
gov_report:119,gov_report,recovery_formal,64,32,physical_delete_age_4,age,4,26,27,0.015104978770650585,0.013052582754388675,0.8032057050288931,0.6929655880304731,1.1572406055477282,0.01184676966435214,0.08211985846899668,0.15606892165583108,0.9878167323106638,0.1442619347526608,0.08211985846899668,277.6858912054172,4.2662483185321546e-05,0.00018341891700401902,0.00012082380271749571,1.8063234090805054,0.621439516544342,0.00012082380271749571,15.525497436523438,15.904102325439453,4.604396343231201,19.834800720214844,29.106508255004883,175.71829223632812,1073.0,-0.498922326960621,-0.17874745745660547,-0.4987248608388722,-0.49751841205164726,0.19057472869137343,0.5592421171995176,4.0,0.3615684559459774,2.535843551388885e-10,2.4682084802529086e-07,2.535797332236396e-10,2.466243623524749e-07
gov_report:119,gov_report,recovery_formal,64,32,physical_delete_age_4,age,4,27,28,0.03448901742230847,0.04260619159883843,0.8997864359521754,0.4455771028990193,0.8094836953990683,0.03544369635813404,0.14973218585353668,0.3083626513663885,0.953963318169469,0.23671394467455348,0.14973218585353668,247.7537643490893,0.0001430601728746824,0.000685275939758867,0.0003595615562517196,3.1404378414154053,0.26514706015586853,0.0003595615562517196,13.62582778930664,15.351941108703613,3.3777496814727783,17.024085998535156,29.14858055114746,167.16543579101562,1073.0,-0.498922326960621,-0.17874745745660547,-0.4987248608388722,-0.49751841205164726,0.19057472869137343,0.5592421171995176,4.0,0.3615684559459774,,,,
gov_report:119,gov_report,recovery_formal,64,32,physical_delete_random_32,random,32,0,1,0.006290004365589602,0.006288044391329405,0.9999969360075647,0.0024954059664159174,1.0003116985406304,0.009493455631027633,0.009489876470228299,0.9999952319034315,0.0031115970452468924,1.0003771556785341,0.009489876470228299,19.968380906626578,0.0004754244059856248,0.00020842836238443851,0.000495526532176882,1.40288507938385,0.6299648880958557,0.000495526532176882,778.743896484375,778.9323120117188,1834.27734375,4.548218727111816,4.202920436859131,0.8380502462387085,1045.0,0.20263882159155186,-0.2556393622749073,0.18909451375785247,0.21562355655412602,0.1430093069116839,-0.3750114726049014,32.0,0.008821611289777764,4.226078114281519e-09,4.169603242854358e-09,4.225755132703254e-09,4.169293982412891e-09
gov_report:119,gov_report,recovery_formal,64,32,physical_delete_random_32,random,32,1,2,0.011891455522173399,0.011920375267242257,0.9923146570195177,0.12385185241131094,0.997573923268311,0.012684542022700323,0.016744959270073023,0.821616096014567,0.5736340839236657,0.7575140565059736,0.016744959270073023,25.589168191011506,0.0004956996619826007,0.0007572858594357967,0.001133772311732173,2.6466195583343506,0.31588295102119446,0.001133772311732173,90.92277526855469,90.98551940917969,3925.82275390625,3.6907076835632324,4.063735485076904,0.6157476305961609,1045.0,0.20263882159155186,-0.2556393622749073,0.18909451375785247,0.21562355655412602,0.1430093069116839,-0.3750114726049014,32.0,0.008821611289777764,,,,
gov_report:119,gov_report,recovery_formal,64,32,physical_delete_random_32,random,32,2,3,0.059149154599820696,0.0587469281147317,0.9975988893196963,0.06987116183338113,1.0068467662565004,0.05806926332508927,0.06174388023508945,0.9529791984049777,0.30329313217297194,0.9404861356945968,0.06174388023508945,31.95009525436864,0.0018174989108099536,0.0009749829769134521,0.0018029072089120746,1.8875937461853027,0.5048454403877258,0.0018029072089120746,25.736865997314453,26.33000373840332,54.82334518432617,5.9336113929748535,5.966837406158447,1.3916116952896118,1045.0,0.20263882159155186,-0.2556393622749073,0.18909451375785247,0.21562355655412602,0.1430093069116839,-0.3750114726049014,32.0,0.008821611289777764,,,,
gov_report:119,gov_report,recovery_formal,64,32,physical_delete_random_32,random,32,3,4,0.008502295086114657,0.021607048255838892,0.3493564162105939,0.9380290134637571,0.3934963714359769,0.008269916809277501,0.06204688857780727,0.3405352618253382,0.962802380943251,0.1332849559234056,0.06204688857780727,35.27004986144274,0.0002344742023832006,0.00023370848794002086,0.0002795858308672905,1.606075406074524,0.5850160717964172,0.0002795858308672905,19.248538970947266,20.67382049560547,7.3726806640625,6.572418212890625,6.271817684173584,1.3085546493530273,1045.0,0.20263882159155186,-0.2556393622749073,0.18909451375785247,0.21562355655412602,0.1430093069116839,-0.3750114726049014,32.0,0.008821611289777764,,,,
gov_report:119,gov_report,recovery_formal,64,32,physical_delete_random_32,random,32,4,5,0.06790517181051062,0.06815298136637359,0.9660938149444691,0.25995965092198225,0.9963639220046617,0.0644658635532306,0.0917255160725813,0.7217079076056422,0.6924555744026584,0.7028127647951257,0.0917255160725813,45.125659632240335,0.001428585511627015,0.001569113228470087,0.0018477365374565125,1.6934894323349,0.5597462058067322,0.0018477365374565125,15.718352317810059,17.88620948791504,5.152135372161865,7.121344566345215,7.209499359130859,2.0932962894439697,1045.0,0.20263882159155186,-0.2556393622749073,0.18909451375785247,0.21562355655412602,0.1430093069116839,-0.3750114726049014,32.0,0.008821611289777764,4.2920419425786205e-08,8.790616278070407e-08,4.292702343895494e-08,8.792042053197737e-08
gov_report:119,gov_report,recovery_formal,64,32,physical_delete_random_32,random,32,5,6,0.08919924983541748,0.0935218566573863,0.9645843299046756,0.2639958526091869,0.9537797154968327,0.08537871177394618,0.12404270040621816,0.8069674487570718,0.6023995919382621,0.6883009761505177,0.12404270040621816,42.216888952016426,0.0020223828399811112,0.0008646554779261351,0.0017300357576459646,1.4962373971939087,0.6327195763587952,0.0017300357576459646,15.666601181030273,17.13840675354004,4.2925333976745605,8.777560234069824,8.367829322814941,2.7287631034851074,1045.0,0.20263882159155186,-0.2556393622749073,0.18909451375785247,0.21562355655412602,0.1430093069116839,-0.3750114726049014,32.0,0.008821611289777764,,,,
gov_report:119,gov_report,recovery_formal,64,32,physical_delete_random_32,random,32,6,7,0.006688353993139221,0.018607261053377705,0.11861303588404744,1.021730257041567,0.35944860309922455,0.00718948476435037,0.1077447509775443,0.2910341265161103,0.9826560034010259,0.06672700710820495,0.1077447509775443,45.24351302265336,0.00015890642180572064,0.00010924151138169691,0.00023393625451717526,1.4671239852905273,0.5858367085456848,0.00023393625451717526,18.81995391845703,19.355865478515625,7.119668960571289,6.899231910705566,6.97783899307251,1.2691287994384766,1045.0,0.20263882159155186,-0.2556393622749073,0.18909451375785247,0.21562355655412602,0.1430093069116839,-0.3750114726049014,32.0,0.008821611289777764,,,,
gov_report:119,gov_report,recovery_formal,64,32,physical_delete_random_32,random,32,7,8,0.010105000420481907,0.03428590091949314,0.2485381389183038,0.9697227735132773,0.2947275745855271,0.010098342413356077,0.09895002961260732,0.27142097170804175,0.9772489438602396,0.10205497110906814,0.09895002961260732,50.23382786866448,0.0002010267352063639,0.00038548873271793127,0.00039456263766624033,2.35205340385437,0.34905102849006653,0.00039456263766624033,33.58151626586914,33.818668365478516,194.04434204101562,6.424226760864258,6.7050557136535645,1.8324413299560547,1045.0,0.20263882159155186,-0.2556393622749073,0.18909451375785247,0.21562355655412602,0.1430093069116839,-0.3750114726049014,32.0,0.008821611289777764,3.2818100734795935e-09,3.5475439374955346e-07,3.2821364937968954e-09,3.548268278537991e-07
gov_report:119,gov_report,recovery_formal,64,32,physical_delete_random_32,random,32,8,9,0.040146787403722975,0.043222701456971706,0.9226054966166211,0.3857951695238222,0.9288356824177033,0.034870379015322354,0.09803721003516999,0.4575553110615583,0.8949975802063911,0.3556851424353356,0.09803721003516999,50.077291991018846,0.0006963311638651749,0.0008536945097148418,0.001481981249526143,1.6034364700317383,0.5559402704238892,0.001481981249526143,17.731576919555664,19.455236434936523,6.163661479949951,8.167390823364258,8.107495307922363,1.851430058479309,1045.0,0.20263882159155186,-0.2556393622749073,0.18909451375785247,0.21562355655412602,0.1430093069116839,-0.3750114726049014,32.0,0.008821611289777764,,,,
gov_report:119,gov_report,recovery_formal,64,32,physical_delete_random_32,random,32,9,10,0.05891211738109852,0.06431904009453113,0.9190789268786798,0.39408603734955516,0.9159358923036486,0.05091158008930967,0.10004143709534943,0.44101754755182593,0.9000623416366813,0.5089049254738901,0.10004143709534943,50.789445954101446,0.0010024047148558895,0.001463164109736681,0.002791407983750105,1.8379586935043335,0.5146685838699341,0.002791407983750105,18.15404510498047,19.331375122070312,5.623230934143066,6.752624988555908,7.655185699462891,1.820941686630249,1045.0,0.20263882159155186,-0.2556393622749073,0.18909451375785247,0.21562355655412602,0.1430093069116839,-0.3750114726049014,32.0,0.008821611289777764,,,,
gov_report:119,gov_report,recovery_formal,64,32,physical_delete_random_32,random,32,10,11,0.1525197568809434,0.15946405557931137,0.9820345083644032,0.19042761260315982,0.9564522633446123,0.1378214174989271,0.16299783888869307,0.8586959276091972,0.5126542168474719,0.8455413791899518,0.16299783888869307,50.34101923555118,0.0027377558021629534,0.002884029410779476,0.004147274885326624,2.3766138553619385,0.42126965522766113,0.004147274885326624,16.910106658935547,18.89211654663086,7.082993507385254,8.962823867797852,8.448846817016602,2.428621530532837,1045.0,0.20263882159155186,-0.2556393622749073,0.18909451375785247,0.21562355655412602,0.1430093069116839,-0.3750114726049014,32.0,0.008821611289777764,7.936081842089448e-08,5.017399945432359e-07,7.938460511354587e-08,5.016434173404516e-07
gov_report:119,gov_report,recovery_formal,64,32,physical_delete_random_32,random,32,11,12,0.09382667896964383,0.10756312302539432,0.8604710506441886,0.5096364937895176,0.8722941128019546,0.08716747037971678,0.1626391699013147,0.5139797592553313,0.8580837783856501,0.5359561932873107,0.1626391699013147,53.86702514152674,0.0016181972208544765,0.0022652933839708567,0.0035662869922816753,2.5866472721099854,0.32113030552864075,0.0035662869922816753,16.97624969482422,19.305021286010742,6.187732696533203,6.985012054443359,8.03990650177002,1.2486070394515991,1045.0,0.20263882159155186,-0.2556393622749073,0.18909451375785247,0.21562355655412602,0.1430093069116839,-0.3750114726049014,32.0,0.008821611289777764,,,,
gov_report:119,gov_report,recovery_formal,64,32,physical_delete_random_32,random,32,12,13,0.027541936462853134,0.040434120145436854,0.6438157766859259,0.7660910682764333,0.6811558249267691,0.023666922868516967,0.15988284628336102,0.1892313748375866,0.982796680775948,0.1480266546329303,0.15988284628336102,52.5353022223991,0.00045049560709343876,0.0011306219967082143,0.0013170152669772506,2.0386197566986084,0.5013711452484131,0.0013170152669772506,17.187307357788086,17.677165985107422,3.992281198501587,8.225332260131836,8.859599113464355,1.3430954217910767,1045.0,0.20263882159155186,-0.2556393622749073,0.18909451375785247,0.21562355655412602,0.1430093069116839,-0.3750114726049014,32.0,0.008821611289777764,,,,
gov_report:119,gov_report,recovery_formal,64,32,physical_delete_random_32,random,32,13,14,0.043084711002026634,0.04681883932790692,0.8655685709017891,0.5037661625866737,0.9202430393515861,0.041422935165583305,0.15886492538166996,0.2924815282364139,0.9567977229551595,0.2607431128429733,0.15886492538166996,56.880590175405516,0.0007282437653661,0.0006785159930586815,0.0014434325275942683,2.3100578784942627,0.36227747797966003,0.0014434325275942683,18.667322158813477,19.126657485961914,3.751430034637451,7.836231708526611,8.070149421691895,2.108060836791992,1045.0,0.20263882159155186,-0.2556393622749073,0.18909451375785247,0.21562355655412602,0.1430093069116839,-0.3750114726049014,32.0,0.008821611289777764,,,,
gov_report:119,gov_report,recovery_formal,64,32,physical_delete_random_32,random,32,14,15,0.0039185756436142345,0.0216139199592007,0.11866924860861018,0.9949070599427998,0.18129870245707833,0.0031577638911351653,0.151847503784725,0.05952255355895201,0.9989778979233461,0.020795625956498722,0.151847503784725,55.46905961429553,5.692838337431168e-05,9.783524001250044e-05,0.0001308332139160484,1.140782356262207,0.7325274348258972,0.0001308332139160484,19.261096954345703,19.303186416625977,11.191436767578125,8.804563522338867,9.462916374206543,2.0516369342803955,1045.0,0.20263882159155186,-0.2556393622749073,0.18909451375785247,0.21562355655412602,0.1430093069116839,-0.3750114726049014,32.0,0.008821611289777764,1.0211655250701217e-10,1.1230631821759177e-06,1.0211549447906003e-10,1.1252569201120672e-06
gov_report:119,gov_report,recovery_formal,64,32,physical_delete_random_32,random,32,15,16,0.058736586196761614,0.07530686606852707,0.7947245131317229,0.6071497705065153,0.7799632259734859,0.055227643841512554,0.1456117333028532,0.4100497012267084,0.9125820545045334,0.3792801760462966,0.1456117333028532,57.98641545147301,0.0009524238291247856,0.0011448666919022799,0.0016533421585336328,2.56014084815979,0.3903261125087738,0.0016533421585336328,53.916656494140625,55.53672790527344,1418.1397705078125,7.874459266662598,7.934010028839111,1.9152305126190186,1045.0,0.20263882159155186,-0.2556393622749073,0.18909451375785247,0.21562355655412602,0.1430093069116839,-0.3750114726049014,32.0,0.008821611289777764,,,,
gov_report:119,gov_report,recovery_formal,64,32,physical_delete_random_32,random,32,16,17,0.08868171416042457,0.0906590323324036,0.9475710894884593,0.3210085946961348,0.9781895071995789,0.08195706684369576,0.17207192835313892,0.5434358729188059,0.8421314006657021,0.4762953936071276,0.17207192835313892,60.549656044869344,0.00135355131964685,0.0032844506204128265,0.002511408179998398,2.811113119125366,0.35276758670806885,0.002511408179998398,15.708526611328125,18.081525802612305,6.0892181396484375,8.517087936401367,8.77702522277832,3.175825595855713,1045.0,0.20263882159155186,-0.2556393622749073,0.18909451375785247,0.21562355655412602,0.1430093069116839,-0.3750114726049014,32.0,0.008821611289777764,,,,
gov_report:119,gov_report,recovery_formal,64,32,physical_delete_random_32,random,32,17,18,0.17121315852052707,0.17391777252365542,0.9942234212141186,0.10777444095818729,0.9844488923479026,0.1953878190517604,0.28210871091060274,0.8149002989525777,0.5923642885863469,0.6925976104072756,0.28210871091060274,64.08278522296652,0.003048990744892525,0.0018061039736494422,0.0023459549993276596,2.357494592666626,0.40799710154533386,0.0023459549993276596,15.329764366149902,15.961060523986816,7.134184837341309,8.759322166442871,9.444197654724121,3.461123466491699,1045.0,0.20263882159155186,-0.2556393622749073,0.18909451375785247,0.21562355655412602,0.1430093069116839,-0.3750114726049014,32.0,0.008821611289777764,1.1184462565888174e-05,4.472078454478856e-06,1.1119585118056108e-05,4.455704886486302e-06
gov_report:119,gov_report,recovery_formal,64,32,physical_delete_random_32,random,32,18,19,0.27911398206091165,0.2772387771662695,0.9894347169436273,0.1460110960960694,1.0067638622338806,0.3033527644933678,0.41823655618136224,0.6953637151524874,0.719281804232519,0.7253138445454855,0.41823655618136224,76.34303347530305,0.00397354874025935,0.0047504352405667305,0.011843139305710793,2.210664749145508,0.41854676604270935,0.011843139305710793,20.703746795654297,21.668121337890625,6.467371940612793,7.836581230163574,9.342392921447754,3.213513135910034,1045.0,0.20263882159155186,-0.2556393622749073,0.18909451375785247,0.21562355655412602,0.1430093069116839,-0.3750114726049014,32.0,0.008821611289777764,1.354635658714319e-06,6.894104873602985e-06,1.354964330571295e-06,6.871064819571351e-06
gov_report:119,gov_report,recovery_formal,64,32,physical_delete_random_32,random,32,19,20,0.013147487540564799,0.10563722765978764,0.14651746322856307,0.9894539986906603,0.12445884686511498,0.012020983329005652,0.41343643904854166,0.022304409196422154,0.9997741568346753,0.029075771251972943,0.41343643904854166,81.5236287729554,0.00014745397757605073,0.00019138150673825294,0.0003500930906739086,1.068894624710083,0.720299243927002,0.0003500930906739086,17.810081481933594,18.229856491088867,4.048614978790283,8.339756965637207,10.12733268737793,3.4043397903442383,1045.0,0.20263882159155186,-0.2556393622749073,0.18909451375785247,0.21562355655412602,0.1430093069116839,-0.3750114726049014,32.0,0.008821611289777764,,,,
gov_report:119,gov_report,recovery_formal,64,32,physical_delete_random_32,random,32,20,21,0.1619872371333535,0.20642325524472582,0.7817986875759253,0.623537829682781,0.784733468820211,0.15954360112810806,0.5007829605472156,0.4331259351745021,0.9085817464636614,0.318588318088482,0.5007829605472156,94.17458639476854,0.0016941258489771378,0.0025853049010038376,0.0032792717684060335,2.243574380874634,0.44718465209007263,0.0032792717684060335,15.384357452392578,18.076152801513672,4.884434223175049,11.169548034667969,10.957733154296875,5.430060863494873,1045.0,0.20263882159155186,-0.2556393622749073,0.18909451375785247,0.21562355655412602,0.1430093069116839,-0.3750114726049014,32.0,0.008821611289777764,,,,
gov_report:119,gov_report,recovery_formal,64,32,physical_delete_random_32,random,32,21,22,0.20900929259601972,0.2637494131008816,0.8131138044921408,0.582471257734499,0.7924540575795543,0.19369625828205278,0.6373768799918578,0.49419645104633037,0.8899349105361878,0.3038959591451249,0.6373768799918578,118.9014065677614,0.0016290493432612684,0.00424515176564455,0.0036086325999349356,2.583807945251465,0.36973151564598083,0.0036086325999349356,15.21859359741211,17.044889450073242,4.974817276000977,11.537283897399902,11.481104850769043,6.6394805908203125,1045.0,0.20263882159155186,-0.2556393622749073,0.18909451375785247,0.21562355655412602,0.1430093069116839,-0.3750114726049014,32.0,0.008821611289777764,,,,
gov_report:119,gov_report,recovery_formal,64,32,physical_delete_random_32,random,32,22,23,0.026286383843488095,0.07475773603277355,0.43356504885970415,0.9048404217494376,0.3516209189636806,0.025817050066200695,0.7111701836509747,0.08130836891754467,0.9977046173062267,0.03630221100336665,0.7111701836509747,136.2541232834325,0.00018947720218709784,0.00042843446135520935,0.0004060781793668866,1.4963698387145996,0.5593559145927429,0.0004060781793668866,18.020570755004883,18.910120010375977,4.944365978240967,10.131080627441406,11.474201202392578,12.671453475952148,1045.0,0.20263882159155186,-0.2556393622749073,0.18909451375785247,0.21562355655412602,0.1430093069116839,-0.3750114726049014,32.0,0.008821611289777764,2.3763586773521003e-09,1.5667677995824438e-05,2.3762196205085083e-09,1.5579133268992993e-05
gov_report:119,gov_report,recovery_formal,64,32,physical_delete_random_32,random,32,23,24,0.08347265341828432,0.10387022878783346,0.6795311390141965,0.7440675883364772,0.8036244301414464,0.08142849435551586,0.7990388995641344,0.09331479167401038,0.9956737385837557,0.10190804778082027,0.7990388995641344,164.38516969871972,0.0004953518282990832,0.0008753659203648567,0.0011093667708337307,1.5700626373291016,0.6327279210090637,0.0011093667708337307,17.080291748046875,17.44424057006836,4.941898345947266,15.297101974487305,14.306687355041504,17.286619186401367,1045.0,0.20263882159155186,-0.2556393622749073,0.18909451375785247,0.21562355655412602,0.1430093069116839,-0.3750114726049014,32.0,0.008821611289777764,,,,
gov_report:119,gov_report,recovery_formal,64,32,physical_delete_random_32,random,32,24,25,0.12412081223803832,0.16249777200038024,0.8150054070269739,0.5817087082202549,0.7638308557101194,0.13473219701135156,0.9478769102758524,0.23998983298860352,0.9756942497501963,0.14214102648849375,0.9478769102758524,202.3340819953294,0.0006658897783442221,0.0014764349907636642,0.0026995877269655466,1.6997404098510742,0.517897367477417,0.0026995877269655466,17.720056533813477,17.358278274536133,4.7941575050354,18.065601348876953,17.320823669433594,89.02420043945312,1045.0,0.20263882159155186,-0.2556393622749073,0.18909451375785247,0.21562355655412602,0.1430093069116839,-0.3750114726049014,32.0,0.008821611289777764,,,,
gov_report:119,gov_report,recovery_formal,64,32,physical_delete_random_32,random,32,25,26,0.07892899625436071,0.08972951680837811,0.9271761850316433,0.37763041060230934,0.8796324672394876,0.07612278404121661,1.0466987490293018,0.2465937072789194,0.9845919629607698,0.07272654535205296,1.0466987490293018,226.70284558709469,0.00033578221677844694,0.000571097363717854,0.0007538193021900952,1.5648345947265625,0.6677175164222717,0.0007538193021900952,16.318397521972656,16.58048439025879,6.703845977783203,24.921306610107422,22.802818298339844,70.32052612304688,1045.0,0.20263882159155186,-0.2556393622749073,0.18909451375785247,0.21562355655412602,0.1430093069116839,-0.3750114726049014,32.0,0.008821611289777764,,,,
gov_report:119,gov_report,recovery_formal,64,32,physical_delete_random_32,random,32,26,27,0.13188675896112226,0.154370913304944,0.8055439837874674,0.5945425955418536,0.8543498003447929,0.1436182826947148,1.1600543378098307,0.18900918205689618,0.9841378799679222,0.12380306509250633,1.1600543378098307,277.6858912054172,0.000517196902123031,0.0009339014650322497,0.000845543050672859,1.8063234090805054,0.621439516544342,0.000845543050672859,15.26643180847168,15.904102325439453,4.604396343231201,32.1058349609375,29.106508255004883,175.71829223632812,1045.0,0.20263882159155186,-0.2556393622749073,0.18909451375785247,0.21562355655412602,0.1430093069116839,-0.3750114726049014,32.0,0.008821611289777764,6.478783609448327e-09,1.5944962365088602e-05,6.478359279083668e-09,1.585074521021307e-05
gov_report:119,gov_report,recovery_formal,64,32,physical_delete_random_32,random,32,27,28,0.287838342081841,0.3266332401926882,0.8487939084534796,0.5297177251199958,0.8812279543626325,0.30789109770679274,1.411145088684902,0.25225096625037996,0.9682612872848442,0.21818528808666143,1.411145088684902,247.7537643490893,0.0012427302508024416,0.0017140116542577744,0.0017350766574963927,3.1404378414154053,0.26514706015586853,0.0017350766574963927,16.033504486083984,15.351941108703613,3.3777496814727783,32.597877502441406,29.14858055114746,167.16543579101562,1045.0,0.20263882159155186,-0.2556393622749073,0.18909451375785247,0.21562355655412602,0.1430093069116839,-0.3750114726049014,32.0,0.008821611289777764,,,,
synthetic_niah_118,niah_single_1,recovery_formal,64,32,physical_delete_attention_14,attention,14,0,1,0.0004510424310838464,0.00045007393542638544,0.995913093959761,0.09053193618260073,1.0021518590196596,0.0005816208653619622,0.00058030175254914,0.9959172023803528,0.09049488422278229,1.0022731498001303,0.00058030175254914,16.776359982492096,3.466907398082451e-05,2.957578544737771e-05,6.498883885797113e-05,1.3748468160629272,0.5838057994842529,6.498883885797113e-05,778.8583984375,778.8807373046875,1842.883056640625,3.5669851303100586,4.135249614715576,0.893284022808075,1311.0,-0.25268587239535056,-0.29775945094338563,-0.23211690672224028,-0.2373580697667358,1.0184190080336104,0.20955502383341798,14.0,0.6581369016749459,6.68999062893613e-11,6.102766794962348e-11,6.690005766460214e-11,6.102639404397692e-11
synthetic_niah_118,niah_single_1,recovery_formal,64,32,physical_delete_attention_14,attention,14,1,2,0.00472717403574564,0.004716603186249132,0.9996162655519594,0.027824663934552244,1.0022411996682965,0.005090848950135352,0.0050258050468438495,0.9916875080267996,0.1304133401825582,1.01294198694244,0.0050258050468438495,22.012739167586382,0.00023126830838170266,0.00016412696277257055,0.00033849856117740273,2.530012607574463,0.2638792097568512,0.00033849856117740273,91.27494049072266,91.14424133300781,3903.460205078125,4.650681972503662,3.968630313873291,0.5178232789039612,1311.0,-0.25268587239535056,-0.29775945094338563,-0.23211690672224028,-0.2373580697667358,1.0184190080336104,0.20955502383341798,14.0,0.6581369016749459,,,,
synthetic_niah_118,niah_single_1,recovery_formal,64,32,physical_delete_attention_14,attention,14,2,3,0.00032480951189001975,0.0018807405045754796,0.17742556480994157,0.9841455540965258,0.1727029917736236,0.00032858857302101746,0.005873352772313028,0.03967672476805896,0.9993450033051546,0.05594565587307871,0.005873352772313028,33.34983970937136,9.852778180780387e-06,9.221095751854591e-06,1.32991663122084e-05,1.6545335054397583,0.5419492125511169,1.32991663122084e-05,28.5281925201416,27.409679412841797,49.979736328125,6.310961723327637,5.906766414642334,1.3424278497695923,1311.0,-0.25268587239535056,-0.29775945094338563,-0.23211690672224028,-0.2373580697667358,1.0184190080336104,0.20955502383341798,14.0,0.6581369016749459,,,,
synthetic_niah_118,niah_single_1,recovery_formal,64,32,physical_delete_attention_14,attention,14,3,4,0.002572805991362917,0.002881363480087874,0.8473763255462469,0.5329417628753668,0.8929126814935731,0.0025506402352591666,0.007033116785748246,0.33704479854234,0.9418370431800293,0.3626614363105314,0.007033116785748246,43.149756758236975,5.911134678116738e-05,4.792566687683575e-05,0.00011629186337813735,2.036639451980591,0.4269818365573883,0.00011629186337813735,22.940841674804688,21.966337203979492,10.119792938232422,6.7136735916137695,6.483431816101074,1.406286358833313,1311.0,-0.25268587239535056,-0.29775945094338563,-0.23211690672224028,-0.2373580697667358,1.0184190080336104,0.20955502383341798,14.0,0.6581369016749459,,,,
synthetic_niah_118,niah_single_1,recovery_formal,64,32,physical_delete_attention_14,attention,14,4,5,0.0015536849256693182,0.0021931454346516624,0.6745579240640234,0.7389984893412995,0.7084276770346013,0.0014778870350636668,0.00685412111604185,0.28271602281074465,0.9615474499627881,0.21562021009589685,0.00685412111604185,49.24976038939579,3.0008004574614702e-05,3.678177381516434e-05,5.3800300520379096e-05,1.8203290700912476,0.5064024329185486,5.3800300520379096e-05,19.36896324157715,18.918312072753906,7.346606731414795,7.128814697265625,6.824862957000732,2.0272281169891357,1311.0,-0.25268587239535056,-0.29775945094338563,-0.23211690672224028,-0.2373580697667358,1.0184190080336104,0.20955502383341798,14.0,0.6581369016749459,4.5470091485470007e-10,6.621253217163983e-09,4.546985517400518e-10,6.621037679386459e-09
synthetic_niah_118,niah_single_1,recovery_formal,64,32,physical_delete_attention_14,attention,14,5,6,0.0058163538590191586,0.005854005355814377,0.962128902669706,0.27440190821358995,0.9935682503676185,0.004940308311310264,0.007667631250175225,0.6730286583832493,0.7401738714505727,0.6443069769685866,0.007667631250175225,43.279860749832295,0.00011414797149802306,0.00013273057993501425,0.00017687046783976257,1.7711306810379028,0.5669216513633728,0.00017687046783976257,19.039531707763672,17.731433868408203,5.610321998596191,7.14294958114624,7.756680488586426,1.6738569736480713,1311.0,-0.25268587239535056,-0.29775945094338563,-0.23211690672224028,-0.2373580697667358,1.0184190080336104,0.20955502383341798,14.0,0.6581369016749459,,,,
synthetic_niah_118,niah_single_1,recovery_formal,64,32,physical_delete_attention_14,attention,14,6,7,0.00015306340375605785,0.000864348444087582,0.13214660494638344,0.9922483364250156,0.17708530026641475,0.00015298579865264403,0.006638636120214176,0.13645757946435988,0.9971167413375523,0.023044763394519115,0.006638636120214176,46.96129140960781,3.2576999920693124e-06,5.688298188033514e-06,5.440732820716221e-06,1.5111333131790161,0.5689591765403748,5.440732820716221e-06,20.337421417236328,19.7072696685791,6.6600117683410645,6.087059497833252,6.844982624053955,1.1730653047561646,1311.0,-0.25268587239535056,-0.29775945094338563,-0.23211690672224028,-0.2373580697667358,1.0184190080336104,0.20955502383341798,14.0,0.6581369016749459,,,,
synthetic_niah_118,niah_single_1,recovery_formal,64,32,physical_delete_attention_14,attention,14,7,8,0.0006825436333228885,0.0014154061443590457,0.4173687442680656,0.9110486324675541,0.48222457987984246,0.0006605000812718823,0.005276914649365502,0.09603718314825077,0.9958039241862537,0.12516785378579148,0.005276914649365502,48.44891887640389,1.3632916824353869e-05,1.4463855222857092e-05,3.0794908525422215e-05,2.366988182067871,0.340444952249527,3.0794908525422215e-05,33.79312515258789,33.36918640136719,195.52682495117188,5.726841449737549,6.183797359466553,1.4968581199645996,1311.0,-0.25268587239535056,-0.29775945094338563,-0.23211690672224028,-0.2373580697667358,1.0184190080336104,0.20955502383341798,14.0,0.6581369016749459,2.1083069087429037e-11,6.661746695980095e-09,2.1084614872181753e-11,6.661481467434162e-09
synthetic_niah_118,niah_single_1,recovery_formal,64,32,physical_delete_attention_14,attention,14,8,9,0.00035610534602926504,0.0006783635902845279,0.5385195801994963,0.8427222912044696,0.5249476108820976,0.00028023260568901386,0.004620180746368725,0.09246310329723387,0.9962240668348248,0.06065403521480525,0.004620180746368725,49.22273923654295,5.693153409084744e-06,8.506372978445143e-06,1.2257661182957236e-05,1.902818202972412,0.4755847454071045,1.2257661182957236e-05,19.61693572998047,21.021068572998047,13.355241775512695,7.416684150695801,8.238748550415039,3.2302169799804688,1311.0,-0.25268587239535056,-0.29775945094338563,-0.23211690672224028,-0.2373580697667358,1.0184190080336104,0.20955502383341798,14.0,0.6581369016749459,,,,
synthetic_niah_118,niah_single_1,recovery_formal,64,32,physical_delete_attention_14,attention,14,9,10,0.000741998372354914,0.0008947429616879521,0.8537642460773309,0.5212348472389724,0.8292866265805746,0.0006114570879779581,0.004279533819507813,0.16388886881008427,0.9867025072428937,0.1428793681196522,0.004279533819507813,50.44341651158446,1.212164302625171e-05,1.648876423132606e-05,3.3495740353828296e-05,2.052353620529175,0.43350303173065186,3.3495740353828296e-05,20.620792388916016,19.690967559814453,7.115087032318115,7.324784755706787,7.565380573272705,2.8471667766571045,1311.0,-0.25268587239535056,-0.29775945094338563,-0.23211690672224028,-0.2373580697667358,1.0184190080336104,0.20955502383341798,14.0,0.6581369016749459,,,,
synthetic_niah_118,niah_single_1,recovery_formal,64,32,physical_delete_attention_14,attention,14,10,11,9.437781975344994e-05,0.0007942635241536882,0.20190563875753126,0.9829224889464702,0.11882431571311594,8.715534758447134e-05,0.003926754895771545,0.09166300480356679,0.9982102288885545,0.022195260437141876,0.003926754895771545,51.019776092115755,1.7082659756701622e-06,2.2760605133953504e-06,2.3602606233907863e-06,2.1371660232543945,0.4464523494243622,2.3602606233907863e-06,20.68832015991211,19.811677932739258,11.314871788024902,7.44852352142334,8.521885871887207,3.8732049465179443,1311.0,-0.25268587239535056,-0.29775945094338563,-0.23211690672224028,-0.2373580697667358,1.0184190080336104,0.20955502383341798,14.0,0.6581369016749459,6.907995694311616e-13,9.295142201754371e-09,6.920057149724078e-13,9.29470511394372e-09
synthetic_niah_118,niah_single_1,recovery_formal,64,32,physical_delete_attention_14,attention,14,11,12,0.0018972786284852754,0.002086532431481207,0.9397660675936833,0.34317353421989505,0.9092974544078463,0.001682710671233571,0.004115039325289468,0.40390587912293274,0.9148142734500089,0.4089172759279044,0.004115039325289468,54.24204604704684,3.102225660466554e-05,5.9064881497761235e-05,8.624119800515473e-05,2.300588846206665,0.3793734312057495,8.624119800515473e-05,20.829147338867188,19.314525604248047,7.756937026977539,7.304903984069824,7.309541702270508,1.2039834260940552,1311.0,-0.25268587239535056,-0.29775945094338563,-0.23211690672224028,-0.2373580697667358,1.0184190080336104,0.20955502383341798,14.0,0.6581369016749459,,,,
synthetic_niah_118,niah_single_1,recovery_formal,64,32,physical_delete_attention_14,attention,14,12,13,0.004120151270979948,0.004129446285038313,0.9941416073928409,0.10814563503643934,0.9977490894863937,0.0031193312525672895,0.005055101784180955,0.640739611516488,0.7681231619008727,0.617065963405264,0.005055101784180955,53.41291379676432,5.840031990084492e-05,7.331714004976675e-05,0.00018639644258655608,2.053361415863037,0.4991839826107025,0.00018639644258655608,17.543994903564453,18.2425537109375,7.4253926277160645,8.14726448059082,8.632246017456055,1.3078949451446533,1311.0,-0.25268587239535056,-0.29775945094338563,-0.23211690672224028,-0.2373580697667358,1.0184190080336104,0.20955502383341798,14.0,0.6581369016749459,,,,
synthetic_niah_118,niah_single_1,recovery_formal,64,32,physical_delete_attention_14,attention,14,13,14,0.0006361368159940765,0.0010071960060982887,0.6314656926749654,0.7754038269811474,0.6315918769955866,0.000585687131790044,0.0047142763282070595,0.10503734257890808,0.9946535980517859,0.12423691167309944,0.0047142763282070595,54.88409766174471,1.067134482923784e-05,9.03825002751546e-06,1.894211527542211e-05,2.495785713195801,0.2713986933231354,1.894211527542211e-05,20.407886505126953,19.782615661621094,6.294280529022217,8.068470001220703,7.885066509246826,2.527679920196533,1311.0,-0.25268587239535056,-0.29775945094338563,-0.23211690672224028,-0.2373580697667358,1.0184190080336104,0.20955502383341798,14.0,0.6581369016749459,,,,
synthetic_niah_118,niah_single_1,recovery_formal,64,32,physical_delete_attention_14,attention,14,14,15,0.00022092598829239447,0.0005569599736417172,0.3557426281893024,0.9354794191766795,0.39666403107544024,0.00018703347412352386,0.004397598930208678,0.014457763184233183,1.000289492806317,0.042530816723354216,0.004397598930208678,54.68002101855491,3.420508453353678e-06,3.7524471281358274e-06,4.2601027416822035e-06,1.3109495639801025,0.6774399876594543,4.2601027416822035e-06,20.109291076660156,19.924266815185547,12.615121841430664,10.04827880859375,9.93275260925293,3.37424373626709,1311.0,-0.25268587239535056,-0.29775945094338563,-0.23211690672224028,-0.2373580697667358,1.0184190080336104,0.20955502383341798,14.0,0.6581369016749459,6.028605098899491e-12,6.754224231869817e-09,6.0298083160811286e-12,6.754025836786849e-09
synthetic_niah_118,niah_single_1,recovery_formal,64,32,physical_delete_attention_14,attention,14,15,16,0.0005946977982630527,0.0012954732854308902,0.516429151605202,0.8582495808101773,0.4590583263669918,0.0005305913856869758,0.004181559769504234,0.10177599710517397,0.9951242528831707,0.12688838972398156,0.004181559769504234,54.84766043380131,9.6739110016803e-06,6.3641405176895205e-06,1.7070971807697788e-05,2.234529733657837,0.404329389333725,1.7070971807697788e-05,58.542457580566406,55.80352020263672,1402.765380859375,9.39795970916748,8.405535697937012,3.7499125003814697,1311.0,-0.25268587239535056,-0.29775945094338563,-0.23211690672224028,-0.2373580697667358,1.0184190080336104,0.20955502383341798,14.0,0.6581369016749459,,,,
synthetic_niah_118,niah_single_1,recovery_formal,64,32,physical_delete_attention_14,attention,14,16,17,0.0008375194660669114,0.0010264252490020467,0.9286111735860904,0.3877784413759387,0.8159575837414356,0.0007497035012691044,0.004081654571437798,0.16820256340272297,0.9858738947760036,0.1836763714684006,0.004081654571437798,59.57422738612966,1.258435961594449e-05,1.72184118127916e-05,1.9781260562012903e-05,2.9760591983795166,0.2350456267595291,1.9781260562012903e-05,20.91800308227539,18.28853416442871,7.508113861083984,9.767106056213379,8.9983491897583,3.7564446926116943,1311.0,-0.25268587239535056,-0.29775945094338563,-0.23211690672224028,-0.2373580697667358,1.0184190080336104,0.20955502383341798,14.0,0.6581369016749459,,,,
synthetic_niah_118,niah_single_1,recovery_formal,64,32,physical_delete_attention_14,attention,14,17,18,0.005542931722474222,0.005586139965404903,0.9969046996369602,0.07875624255472488,0.9922650984045744,0.005028874217967808,0.006501721645953117,0.7938739518107953,0.6084246443606958,0.7734680891941819,0.006501721645953117,65.03391112211092,7.732695344933726e-05,6.06862195127178e-05,9.472868259763345e-05,2.318979024887085,0.4225788116455078,9.472868259763345e-05,17.71497344970703,16.969757080078125,8.063612937927246,10.92628288269043,9.711454391479492,5.1902008056640625,1311.0,-0.25268587239535056,-0.29775945094338563,-0.23211690672224028,-0.2373580697667358,1.0184190080336104,0.20955502383341798,14.0,0.6581369016749459,4.0239459432567594e-09,9.079733341544553e-09,4.0239042770272185e-09,9.079403769019417e-09
synthetic_niah_118,niah_single_1,recovery_formal,64,32,physical_delete_attention_14,attention,14,18,19,0.0003955028830753691,0.00119106721771472,0.373027425704843,0.9287244311156787,0.3320575675268887,0.00036021884867095137,0.006244659934172972,0.12436241105837692,0.9944747160997589,0.05768430186241325,0.006244659934172972,73.1269156001681,4.925940684282372e-06,8.0746185631142e-06,9.516880709270481e-06,2.3501389026641846,0.3523426353931427,9.516880709270481e-06,24.24416732788086,22.7255859375,7.99921989440918,10.39979362487793,9.43715763092041,3.714508295059204,1311.0,-0.25268587239535056,-0.29775945094338563,-0.23211690672224028,-0.2373580697667358,1.0184190080336104,0.20955502383341798,14.0,0.6581369016749459,5.653018882087661e-11,9.315673640879164e-09,5.653048964156559e-11,9.315352842398295e-09
synthetic_niah_118,niah_single_1,recovery_formal,64,32,physical_delete_attention_14,attention,14,19,20,0.0001838396883919442,0.0012334160629436483,0.1172998515435867,0.993603928393316,0.14904920887214307,0.00015057963884388924,0.005967259726723359,0.08573443634566903,0.998153231013786,0.025234302802263475,0.005967259726723359,77.16394449615139,1.9514248503898027e-06,3.0504672849929193e-06,4.225876637065085e-06,1.2657488584518433,0.6652596592903137,4.225876637065085e-06,19.598392486572266,19.55337905883789,8.626851081848145,12.10010814666748,10.087679862976074,2.868798017501831,1311.0,-0.25268587239535056,-0.29775945094338563,-0.23211690672224028,-0.2373580697667358,1.0184190080336104,0.20955502383341798,14.0,0.6581369016749459,,,,
synthetic_niah_118,niah_single_1,recovery_formal,64,32,physical_delete_attention_14,attention,14,20,21,0.00045972031925948674,0.0009749104650147626,0.3398774822039578,0.9496427208971552,0.47155132266687216,0.0004359860427567467,0.006161370419689781,0.045361333389801646,0.9992935020812395,0.07076121269441517,0.006161370419689781,86.54918174696516,5.037436911089393e-06,7.455145805579377e-06,6.656538062088657e-06,2.4046759605407715,0.41450586915016174,6.656538062088657e-06,21.55554962158203,18.95900535583496,7.778600692749023,13.455608367919922,10.990521430969238,5.4494709968566895,1311.0,-0.25268587239535056,-0.29775945094338563,-0.23211690672224028,-0.2373580697667358,1.0184190080336104,0.20955502383341798,14.0,0.6581369016749459,,,,
synthetic_niah_118,niah_single_1,recovery_formal,64,32,physical_delete_attention_14,attention,14,21,22,0.0011606114541988903,0.0014011488434141533,0.8179718077208961,0.5753515289628099,0.8283284532218933,0.0010627513063733998,0.00635189961479093,0.1891246526776001,0.9821953176028226,0.16731235863657137,0.00635189961479093,108.27856194194979,9.814974333914419e-06,1.3556556950788945e-05,1.803680424927734e-05,2.8889522552490234,0.25102636218070984,1.803680424927734e-05,20.753910064697266,17.327726364135742,5.576168060302734,14.538644790649414,11.089517593383789,7.949995994567871,1311.0,-0.25268587239535056,-0.29775945094338563,-0.23211690672224028,-0.2373580697667358,1.0184190080336104,0.20955502383341798,14.0,0.6581369016749459,,,,
synthetic_niah_118,niah_single_1,recovery_formal,64,32,physical_delete_attention_14,attention,14,22,23,0.0005985511475058287,0.0008548251616681218,0.7112428665391867,0.703033045685307,0.7002030056506582,0.00056487903220926,0.007024929332013047,0.11903719514067773,0.993640859304629,0.08041063553978693,0.007024929332013047,124.60619359591219,4.533314243119544e-06,9.883162420010194e-06,1.3357699572225101e-05,1.9028300046920776,0.5074917078018188,1.3357699572225101e-05,22.081058502197266,19.663646697998047,7.058263778686523,11.399269104003906,10.95072078704834,11.499346733093262,1311.0,-0.25268587239535056,-0.29775945094338563,-0.23211690672224028,-0.2373580697667358,1.0184190080336104,0.20955502383341798,14.0,0.6581369016749459,1.0119517024457106e-11,8.63058689068479e-09,1.0121767656720084e-11,8.630337855649721e-09
synthetic_niah_118,niah_single_1,recovery_formal,64,32,physical_delete_attention_14,attention,14,23,24,0.0009060830955264979,0.0011768897609927861,0.7900445218778428,0.6133804720620791,0.769896319568755,0.0009357946134305597,0.007271158478694923,0.09142628900737916,0.9965091708070812,0.12869952101477541,0.007271158478694923,149.552351084485,6.2573045936396634e-06,8.297357453557197e-06,1.338321999355685e-05,1.8685073852539062,0.5473135113716125,1.338321999355685e-05,20.604110717773438,18.44289207458496,9.21229076385498,14.77102279663086,13.639859199523926,14.381853103637695,1311.0,-0.25268587239535056,-0.29775945094338563,-0.23211690672224028,-0.2373580697667358,1.0184190080336104,0.20955502383341798,14.0,0.6581369016749459,,,,
synthetic_niah_118,niah_single_1,recovery_formal,64,32,physical_delete_attention_14,attention,14,24,25,0.0016552284577982504,0.0022044736415905344,0.8446483802892323,0.5434770453620337,0.7508497387176732,0.0017457063898172484,0.007972158615972925,0.2171092619450689,0.9761490924752758,0.2189753709013731,0.007972158615972925,172.6526786920756,1.0111087780634433e-05,9.081893040274736e-06,1.5435214663739316e-05,1.9733633995056152,0.5111415386199951,1.5435214663739316e-05,19.96729278564453,18.176755905151367,6.40516996383667,15.42497444152832,15.65322208404541,77.45931243896484,1311.0,-0.25268587239535056,-0.29775945094338563,-0.23211690672224028,-0.2373580697667358,1.0184190080336104,0.20955502383341798,14.0,0.6581369016749459,,,,
synthetic_niah_118,niah_single_1,recovery_formal,64,32,physical_delete_attention_14,attention,14,25,26,0.005081595461948768,0.0057391573254806155,0.9021187625865923,0.43181061561447004,0.8854253636483503,0.005003552923540993,0.009937203824069958,0.5598323934196608,0.8305173650612213,0.5035171877446406,0.009937203824069958,197.75732892612007,2.530147909415921e-05,3.742803892237134e-05,7.404669304378331e-05,1.752163290977478,0.5679812431335449,7.404669304378331e-05,19.118759155273438,17.582788467407227,8.522623062133789,18.566402435302734,20.827198028564453,70.36172485351562,1311.0,-0.25268587239535056,-0.29775945094338563,-0.23211690672224028,-0.2373580697667358,1.0184190080336104,0.20955502383341798,14.0,0.6581369016749459,,,,
synthetic_niah_118,niah_single_1,recovery_formal,64,32,physical_delete_attention_14,attention,14,26,27,0.0014236113406571077,0.0020531863953533436,0.5511649118961851,0.8464269756884132,0.693366829177782,0.0014459799300486843,0.010865421932208354,0.14780289196064011,0.9891264038110446,0.1330808816326192,0.010865421932208354,230.46425140286945,6.274204876664359e-06,9.942388714989647e-06,1.3778508218820207e-05,2.673401117324829,0.35268130898475647,1.3778508218820207e-05,18.130268096923828,17.328210830688477,9.299107551574707,25.282854080200195,26.125120162963867,185.66966247558594,1311.0,-0.25268587239535056,-0.29775945094338563,-0.23211690672224028,-0.2373580697667358,1.0184190080336104,0.20955502383341798,14.0,0.6581369016749459,3.5522128196849325e-11,7.540490109240626e-09,3.55211593690439e-11,7.540222452960052e-09
synthetic_niah_118,niah_single_1,recovery_formal,64,32,physical_delete_attention_14,attention,14,27,28,0.0007984718297067227,0.003059201410011989,0.1990782969432899,0.9819383632788496,0.2610066231969975,0.0008463955960920497,0.012300815685916976,0.07691921694696893,0.9970703207362117,0.0688080870166257,0.012300815685916976,183.3194874990679,4.617051943789409e-06,1.1742347851395607e-05,5.212244559515966e-06,3.130582809448242,0.16793827712535858,5.212244559515966e-06,14.572010040283203,16.018207550048828,4.710572242736816,21.881572723388672,25.884727478027344,163.9638214111328,1311.0,-0.25268587239535056,-0.29775945094338563,-0.23211690672224028,-0.2373580697667358,1.0184190080336104,0.20955502383341798,14.0,0.6581369016749459,,,,
synthetic_niah_118,niah_single_1,recovery_formal,64,32,physical_delete_value_norm_24,value_norm,24,0,1,0.000843197047267751,0.000842757811475197,0.9988304956472934,0.04837870820679607,1.000521188633998,0.0011262277858740692,0.0011274677993234454,0.9989087547537128,0.04670438683829171,0.9989001783907973,0.0011274677993234454,16.776359982492096,6.713183235513586e-05,5.275744842947461e-05,0.00011568002082640305,1.3748468160629272,0.5838057994842529,0.00011568002082640305,779.1580810546875,778.8807373046875,1842.883056640625,3.519266128540039,4.135249614715576,0.893284022808075,1301.0,0.4074250100662881,-1.9913637596132854,0.05235810984128321,0.05531492425588121,1.1578927383610869,-1.183219390935741,24.0,0.25973033031203774,1.1688459418371585e-10,1.0236854425797097e-10,1.16883437632248e-10,1.023667614136301e-10
synthetic_niah_118,niah_single_1,recovery_formal,64,32,physical_delete_value_norm_24,value_norm,24,1,2,0.006601151609478412,0.006629786944445892,0.9993242063830409,0.03693785188842495,0.9956808061544921,0.007840951339584092,0.007934331669338043,0.988730632741141,0.149706331398691,0.9882308512366813,0.007934331669338043,22.012739167586382,0.00035620062000870127,0.0003986772208008915,0.000583151588216424,2.530012607574463,0.2638792097568512,0.000583151588216424,91.82554626464844,91.14424133300781,3903.460205078125,3.442793369293213,3.968630313873291,0.5178232789039612,1301.0,0.4074250100662881,-1.9913637596132854,0.05235810984128321,0.05531492425588121,1.1578927383610869,-1.183219390935741,24.0,0.25973033031203774,,,,
synthetic_niah_118,niah_single_1,recovery_formal,64,32,physical_delete_value_norm_24,value_norm,24,2,3,0.0075549862821641285,0.007866064812336319,0.9296759189549538,0.36966189982767056,0.960453093434429,0.008584799067415312,0.01194884607834313,0.6850267087464647,0.7292848328264939,0.7184626039308485,0.01194884607834313,33.34983970937136,0.00025741650161523774,0.0001730999065330252,0.0003506616922095418,1.6545335054397583,0.5419492125511169,0.0003506616922095418,24.897106170654297,27.409679412841797,49.979736328125,4.663290023803711,5.906766414642334,1.3424278497695923,1301.0,0.4074250100662881,-1.9913637596132854,0.05235810984128321,0.05531492425588121,1.1578927383610869,-1.183219390935741,24.0,0.25973033031203774,,,,
synthetic_niah_118,niah_single_1,recovery_formal,64,32,physical_delete_value_norm_24,value_norm,24,3,4,0.025874663391574553,0.027699768605199293,0.9791640544252891,0.20800845292966738,0.9341111747308184,0.02572125547651582,0.029597081388137207,0.9037454687149677,0.4294742249501902,0.8690470232252409,0.029597081388137207,43.149756758236975,0.0005960927108031917,0.0008092558127827942,0.0014770427951589227,2.036639451980591,0.4269818365573883,0.0014770427951589227,20.463550567626953,21.966337203979492,10.119792938232422,4.694380760192871,6.483431816101074,1.406286358833313,1301.0,0.4074250100662881,-1.9913637596132854,0.05235810984128321,0.05531492425588121,1.1578927383610869,-1.183219390935741,24.0,0.25973033031203774,,,,
synthetic_niah_118,niah_single_1,recovery_formal,64,32,physical_delete_value_norm_24,value_norm,24,4,5,0.017856364641562993,0.019101758840632106,0.9136026415195956,0.40716044903139126,0.9348021190373326,0.017110232567904893,0.03604069668677253,0.4703178680743346,0.8825082011405805,0.4747475532065561,0.03604069668677253,49.24976038939579,0.00034741757995616527,0.0005290464032441378,0.001007585204206407,1.8203290700912476,0.5064024329185486,0.001007585204206407,15.419534683227539,18.918312072753906,7.346606731414795,4.169556140899658,6.824862957000732,2.0272281169891357,1301.0,0.4074250100662881,-1.9913637596132854,0.05235810984128321,0.05531492425588121,1.1578927383610869,-1.183219390935741,24.0,0.25973033031203774,6.687364290180553e-09,2.4339803246843604e-08,6.687403503117854e-09,2.4337368306595496e-08
synthetic_niah_118,niah_single_1,recovery_formal,64,32,physical_delete_value_norm_24,value_norm,24,5,6,0.028822102060069694,0.028365400432352104,0.948359618877367,0.32434993716995697,1.0161006585754628,0.021819912337092063,0.034795017290769684,0.6465599750387518,0.763111353219312,0.6270987640198812,0.034795017290769684,43.279860749832295,0.000504158561489286,0.0007767393253743649,0.0012852376094087958,1.7711306810379028,0.5669216513633728,0.0012852376094087958,15.69063663482666,17.731433868408203,5.610321998596191,5.907326698303223,7.756680488586426,1.6738569736480713,1301.0,0.4074250100662881,-1.9913637596132854,0.05235810984128321,0.05531492425588121,1.1578927383610869,-1.183219390935741,24.0,0.25973033031203774,,,,
synthetic_niah_118,niah_single_1,recovery_formal,64,32,physical_delete_value_norm_24,value_norm,24,6,7,0.0016933605727358762,0.0044259014239250855,0.39094815686261475,0.9204505364522647,0.3826024148622201,0.0017489913632561934,0.03012157252592949,-0.13615812477953612,1.009546115049447,0.0580644108719959,0.03012157252592949,46.96129140960781,3.724325525891239e-05,3.970199395553209e-05,6.227317498996854e-05,1.5111333131790161,0.5689591765403748,6.227317498996854e-05,18.540576934814453,19.7072696685791,6.6600117683410645,5.576498985290527,6.844982624053955,1.1730653047561646,1301.0,0.4074250100662881,-1.9913637596132854,0.05235810984128321,0.05531492425588121,1.1578927383610869,-1.183219390935741,24.0,0.25973033031203774,,,,
synthetic_niah_118,niah_single_1,recovery_formal,64,32,physical_delete_value_norm_24,value_norm,24,7,8,0.00967687810156994,0.011137616432589412,0.7977359357375482,0.6071853728456531,0.8688464143238716,0.008382778435084693,0.026984176969799947,0.44752772874995667,0.9046839145232214,0.3106553312508475,0.026984176969799947,48.44891887640389,0.00017302302361936426,0.00027744242106564343,0.0005419671651907265,2.366988182067871,0.340444952249527,0.0005419671651907265,32.840999603271484,33.36918640136719,195.52682495117188,5.18339729309082,6.183797359466553,1.4968581199645996,1301.0,0.4074250100662881,-1.9913637596132854,0.05235810984128321,0.05531492425588121,1.1578927383610869,-1.183219390935741,24.0,0.25973033031203774,1.2348573035066092e-08,5.256146445285103e-08,1.2348920617970341e-08,5.2550762055548515e-08
synthetic_niah_118,niah_single_1,recovery_formal,64,32,physical_delete_value_norm_24,value_norm,24,8,9,0.004648812164433379,0.0064542336883615685,0.6767446460912384,0.7375035099912475,0.7202732948477261,0.0036799692108475117,0.02415101327590355,0.27797887619995315,0.9687644239521643,0.1523732842513555,0.02415101327590355,49.22273923654295,7.476156889934934e-05,0.0001286008773604408,0.00018644516239874065,1.902818202972412,0.4755847454071045,0.00018644516239874065,17.377483367919922,21.021068572998047,13.355241775512695,5.9878058433532715,8.238748550415039,3.2302169799804688,1301.0,0.4074250100662881,-1.9913637596132854,0.05235810984128321,0.05531492425588121,1.1578927383610869,-1.183219390935741,24.0,0.25973033031203774,,,,
synthetic_niah_118,niah_single_1,recovery_formal,64,32,physical_delete_value_norm_24,value_norm,24,9,10,0.04368198262274123,0.04325127222448437,0.9951823643679321,0.09914832717555314,1.0099583289948413,0.037411528756948684,0.043597417929426965,0.8550710251960145,0.5185198144201142,0.8581134051908383,0.043597417929426965,50.44341651158446,0.000741653348328558,0.001073711202479899,0.002557802712544799,2.052353620529175,0.43350303173065186,0.002557802712544799,15.041378021240234,19.690967559814453,7.115087032318115,5.296272277832031,7.565380573272705,2.8471667766571045,1301.0,0.4074250100662881,-1.9913637596132854,0.05235810984128321,0.05531492425588121,1.1578927383610869,-1.183219390935741,24.0,0.25973033031203774,,,,
synthetic_niah_118,niah_single_1,recovery_formal,64,32,physical_delete_value_norm_24,value_norm,24,10,11,0.021851160482914425,0.02566168265827271,0.7964269640751742,0.6072381332956311,0.851509262814071,0.01610074201922808,0.03857370853531607,0.4506357942436886,0.8933262941788818,0.4174019722393838,0.03857370853531607,51.019776092115755,0.00031557845315036923,0.0007408727542497218,0.0010100988438352942,2.1371660232543945,0.4464523494243622,0.0010100988438352942,16.047853469848633,19.811677932739258,11.314871788024902,6.132535934448242,8.521885871887207,3.8732049465179443,1301.0,0.4074250100662881,-1.9913637596132854,0.05235810984128321,0.05531492425588121,1.1578927383610869,-1.183219390935741,24.0,0.25973033031203774,1.2358206930798037e-08,5.49987383973497e-08,1.2358784286080865e-08,5.4990631810939726e-08
synthetic_niah_118,niah_single_1,recovery_formal,64,32,physical_delete_value_norm_24,value_norm,24,11,12,0.2577952673118825,0.2556002361992861,0.9992502199355608,0.03982696875101131,1.0085877507205625,0.22070163110181962,0.22360959175518055,0.9899799062631165,0.14123984094184672,0.9869953671014939,0.22360959175518055,54.24204604704684,0.004068829389481253,0.007112340535968542,0.011224198155105114,2.300588846206665,0.3793734312057495,0.011224198155105114,15.646207809448242,19.314525604248047,7.756937026977539,6.801331520080566,7.309541702270508,1.2039834260940552,1301.0,0.4074250100662881,-1.9913637596132854,0.05235810984128321,0.05531492425588121,1.1578927383610869,-1.183219390935741,24.0,0.25973033031203774,,,,
synthetic_niah_118,niah_single_1,recovery_formal,64,32,physical_delete_value_norm_24,value_norm,24,12,13,0.013808801153851986,0.06276057701263436,0.5180218678951937,0.9057904713242406,0.2200234894442116,0.010564383137603845,0.19856576839355047,0.02353158580107142,1.0001633285407832,0.05320344600719699,0.19856576839355047,53.41291379676432,0.00019778705909588142,0.000609549751970917,0.0007427827804349363,2.053361415863037,0.4991839826107025,0.0007427827804349363,14.080587387084961,18.2425537109375,7.4253926277160645,6.011759281158447,8.632246017456055,1.3078949451446533,1301.0,0.4074250100662881,-1.9913637596132854,0.05235810984128321,0.05531492425588121,1.1578927383610869,-1.183219390935741,24.0,0.25973033031203774,,,,
synthetic_niah_118,niah_single_1,recovery_formal,64,32,physical_delete_value_norm_24,value_norm,24,13,14,0.004866679717449202,0.024213420430806498,0.031178717114806753,1.0138363284397494,0.20099100543669465,0.004043874542738098,0.17880666395656608,0.1494776180116054,0.9968702703547866,0.02261590509691739,0.17880666395656608,54.88409766174471,7.368025921936142e-05,0.00018844078294932842,0.0001989170559681952,2.495785713195801,0.2713986933231354,0.0001989170559681952,14.031206130981445,19.782615661621094,6.294280529022217,5.819639205932617,7.885066509246826,2.527679920196533,1301.0,0.4074250100662881,-1.9913637596132854,0.05235810984128321,0.05531492425588121,1.1578927383610869,-1.183219390935741,24.0,0.25973033031203774,,,,
synthetic_niah_118,niah_single_1,recovery_formal,64,32,physical_delete_value_norm_24,value_norm,24,14,15,0.002245730492724877,0.025419786854171747,0.022248228309157823,1.0019350780234522,0.08834576409346724,0.0019321919691251057,0.16823412737857404,-0.056109356480879675,1.0007101256800641,0.011485136810423315,0.16823412737857404,54.68002101855491,3.5336342838446294e-05,5.444299313239753e-05,7.879885379225016e-05,1.3109495639801025,0.6774399876594543,7.879885379225016e-05,15.186332702636719,19.924266815185547,12.615121841430664,8.330575942993164,9.93275260925293,3.37424373626709,1301.0,0.4074250100662881,-1.9913637596132854,0.05235810984128321,0.05531492425588121,1.1578927383610869,-1.183219390935741,24.0,0.25973033031203774,9.385632534886739e-10,1.5159064632674912e-05,9.38581842242379e-10,1.5131996317569334e-05
synthetic_niah_118,niah_single_1,recovery_formal,64,32,physical_delete_value_norm_24,value_norm,24,15,16,0.005002514544811536,0.051684405584002883,0.09553429247340327,0.995426930937885,0.09678963099770835,0.004812046961663575,0.13217339606189812,0.04191330836327412,0.9991364237028459,0.036407076651114,0.13217339606189812,54.84766043380131,8.773477161293874e-05,0.00012486685591284186,0.00020352008868940175,2.234529733657837,0.404329389333725,0.00020352008868940175,53.90626525878906,55.80352020263672,1402.765380859375,5.506459712982178,8.405535697937012,3.7499125003814697,1301.0,0.4074250100662881,-1.9913637596132854,0.05235810984128321,0.05531492425588121,1.1578927383610869,-1.183219390935741,24.0,0.25973033031203774,,,,
synthetic_niah_118,niah_single_1,recovery_formal,64,32,physical_delete_value_norm_24,value_norm,24,16,17,0.03640324199035049,0.04209753090119647,0.8579613228709427,0.5137589531822255,0.8647357983010795,0.03562060211348914,0.13428061225253496,0.3344430535871712,0.9449512006606315,0.2652698816006232,0.13428061225253496,59.57422738612966,0.0005979196655395064,0.0013318505370989442,0.0015295470366254449,2.9760591983795166,0.2350456267595291,0.0015295470366254449,11.534699440002441,18.28853416442871,7.508113861083984,4.611774444580078,8.9983491897583,3.7564446926116943,1301.0,0.4074250100662881,-1.9913637596132854,0.05235810984128321,0.05531492425588121,1.1578927383610869,-1.183219390935741,24.0,0.25973033031203774,,,,
synthetic_niah_118,niah_single_1,recovery_formal,64,32,physical_delete_value_norm_24,value_norm,24,17,18,0.04472699252967933,0.04991049494896535,0.9435075747589342,0.3347189282018753,0.8961440389524032,0.038520771714394886,0.13552681468837327,0.3303291999091372,0.944990881439977,0.28422989061587933,0.13552681468837327,65.03391112211092,0.0005923182390501835,0.0009632222354412079,0.0012352672638371587,2.318979024887085,0.4225788116455078,0.0012352672638371587,13.024170875549316,16.969757080078125,8.063612937927246,6.379301071166992,9.711454391479492,5.1902008056640625,1301.0,0.4074250100662881,-1.9913637596132854,0.05235810984128321,0.05531492425588121,1.1578927383610869,-1.183219390935741,24.0,0.25973033031203774,5.98408971814554e-07,1.689585014814617e-05,5.988453787729088e-07,1.6869061683127258e-05
synthetic_niah_118,niah_single_1,recovery_formal,64,32,physical_delete_value_norm_24,value_norm,24,18,19,0.010406620404780931,0.023546492444173523,0.5415416015873258,0.8465512875872034,0.44196053528796403,0.009761743024923837,0.13300100427623557,0.08755293768425672,0.9962604587694402,0.07339600988763399,0.13300100427623557,73.1269156001681,0.00013349042476093982,0.0002950491616502404,0.0005740528577007353,2.3501389026641846,0.3523426353931427,0.0005740528577007353,19.326704025268555,22.7255859375,7.99921989440918,6.347468376159668,9.43715763092041,3.714508295059204,1301.0,0.4074250100662881,-1.9913637596132854,0.05235810984128321,0.05531492425588121,1.1578927383610869,-1.183219390935741,24.0,0.25973033031203774,1.9650930981048468e-08,1.7342556372134613e-05,1.9654236265309666e-08,1.731598990490511e-05
synthetic_niah_118,niah_single_1,recovery_formal,64,32,physical_delete_value_norm_24,value_norm,24,19,20,0.002347946332797606,0.018515442191377882,0.14906035604926565,0.9890783998893653,0.12681016788737448,0.002032065860954823,0.13698282407213994,0.07464571128382409,0.999002204143935,0.014834457346890923,0.13698282407213994,77.16394449615139,2.6334395866144114e-05,5.319361298461445e-05,4.467249891604297e-05,1.2657488584518433,0.6652596592903137,4.467249891604297e-05,15.694608688354492,19.55337905883789,8.626851081848145,8.438726425170898,10.087679862976074,2.868798017501831,1301.0,0.4074250100662881,-1.9913637596132854,0.05235810984128321,0.05531492425588121,1.1578927383610869,-1.183219390935741,24.0,0.25973033031203774,,,,
synthetic_niah_118,niah_single_1,recovery_formal,64,32,physical_delete_value_norm_24,value_norm,24,20,21,0.04842101270483356,0.05938539710581096,0.8640495706878646,0.5057550157533481,0.8153690143480657,0.04367383861526825,0.14635272822704362,0.3367331339011691,0.9423794785344641,0.2984149263518685,0.14635272822704362,86.54918174696516,0.000504612958016783,0.0014670942910015583,0.0019784390460699797,2.4046759605407715,0.41450586915016174,0.0019784390460699797,16.593563079833984,18.95900535583496,7.778600692749023,5.465260028839111,10.990521430969238,5.4494709968566895,1301.0,0.4074250100662881,-1.9913637596132854,0.05235810984128321,0.05531492425588121,1.1578927383610869,-1.183219390935741,24.0,0.25973033031203774,,,,
synthetic_niah_118,niah_single_1,recovery_formal,64,32,physical_delete_value_norm_24,value_norm,24,21,22,0.046643138862345467,0.05042312477639875,0.9042558350210571,0.42749636845199274,0.9250346754427532,0.04084003036491982,0.16088571441051808,0.25161634955431594,0.967829623133238,0.25384497632096703,0.16088571441051808,108.27856194194979,0.0003771755888927944,0.0013018003664910793,0.0014004490803927183,2.8889522552490234,0.25102636218070984,0.0014004490803927183,14.413257598876953,17.327726364135742,5.576168060302734,7.417016983032227,11.089517593383789,7.949995994567871,1301.0,0.4074250100662881,-1.9913637596132854,0.05235810984128321,0.05531492425588121,1.1578927383610869,-1.183219390935741,24.0,0.25973033031203774,,,,
synthetic_niah_118,niah_single_1,recovery_formal,64,32,physical_delete_value_norm_24,value_norm,24,22,23,0.024611219058215693,0.031751217853154524,0.729451879846817,0.6855553594889915,0.7751267737835932,0.02558036711649827,0.17953007307132865,0.08961664687726771,0.9973785308924912,0.14248513733036244,0.17953007307132865,124.60619359591219,0.00020528969209550956,0.0007273649680428207,0.000883013301063329,1.9028300046920776,0.5074917078018188,0.000883013301063329,16.52153205871582,19.663646697998047,7.058263778686523,7.168334007263184,10.95072078704834,11.499346733093262,1301.0,0.4074250100662881,-1.9913637596132854,0.05235810984128321,0.05531492425588121,1.1578927383610869,-1.183219390935741,24.0,0.25973033031203774,3.240234328811024e-08,1.6790082367510416e-05,3.2398824357499806e-08,1.6783649353411704e-05
synthetic_niah_118,niah_single_1,recovery_formal,64,32,physical_delete_value_norm_24,value_norm,24,23,24,0.06256295766665484,0.06403908380241763,0.969469950492024,0.2453241943514843,0.9769496056452472,0.06400358125106254,0.20048914397231196,0.327525105336294,0.9448788259436882,0.31923714163746236,0.20048914397231196,149.552351084485,0.000427967736962595,0.0013927537947893143,0.0014868350699543953,1.8685073852539062,0.5473135113716125,0.0014868350699543953,15.284444808959961,18.44289207458496,9.21229076385498,11.121831893920898,13.639859199523926,14.381853103637695,1301.0,0.4074250100662881,-1.9913637596132854,0.05235810984128321,0.05531492425588121,1.1578927383610869,-1.183219390935741,24.0,0.25973033031203774,,,,
synthetic_niah_118,niah_single_1,recovery_formal,64,32,physical_delete_value_norm_24,value_norm,24,24,25,0.039726226780340455,0.048575263985415285,0.7743735542238357,0.6342191384842107,0.8178283249735554,0.041205190866606865,0.23146608282849115,0.1670849622319865,0.9860031199457134,0.1780182667070863,0.23146608282849115,172.6526786920756,0.00023865943568762075,0.0012817619135603309,0.0013056522002443671,1.9733633995056152,0.5111415386199951,0.0013056522002443671,14.931674003601074,18.176755905151367,6.40516996383667,6.818927764892578,15.65322208404541,77.45931243896484,1301.0,0.4074250100662881,-1.9913637596132854,0.05235810984128321,0.05531492425588121,1.1578927383610869,-1.183219390935741,24.0,0.25973033031203774,,,,
synthetic_niah_118,niah_single_1,recovery_formal,64,32,physical_delete_value_norm_24,value_norm,24,25,26,0.06629542534700532,0.08371315191239957,0.7694960183677965,0.6390457046451177,0.7919356019037392,0.06642383449152645,0.24476121432970868,0.29400032069986315,0.956072900590021,0.2713821904889285,0.24476121432970868,197.75732892612007,0.0003358855767936755,0.0021195595618337393,0.0018565068021416664,1.752163290977478,0.5679812431335449,0.0018565068021416664,14.583179473876953,17.582788467407227,8.522623062133789,9.022693634033203,20.827198028564453,70.36172485351562,1301.0,0.4074250100662881,-1.9913637596132854,0.05235810984128321,0.05531492425588121,1.1578927383610869,-1.183219390935741,24.0,0.25973033031203774,,,,
synthetic_niah_118,niah_single_1,recovery_formal,64,32,physical_delete_value_norm_24,value_norm,24,26,27,0.125918051457179,0.11465735934341825,0.9008511119557299,0.4768841250165116,1.098211681990975,0.13034942274715183,0.29424186692629056,0.399549764166849,0.9177406988758162,0.4430009369802061,0.29424186692629056,230.46425140286945,0.0005655949760264159,0.004698927979916334,0.0021181057672947645,2.673401117324829,0.35268130898475647,0.0021181057672947645,13.7108154296875,17.328210830688477,9.299107551574707,9.333333969116211,26.125120162963867,185.66966247558594,1301.0,0.4074250100662881,-1.9913637596132854,0.05235810984128321,0.05531492425588121,1.1578927383610869,-1.183219390935741,24.0,0.25973033031203774,6.647850235201938e-07,1.64623494169399e-05,6.633930374366054e-07,1.645387446489385e-05
synthetic_niah_118,niah_single_1,recovery_formal,64,32,physical_delete_value_norm_24,value_norm,24,27,28,0.16152862740790874,0.12110239129226814,0.20066104366012635,1.4979256637303797,1.3338186445722284,0.1528029840431988,0.3764510810300483,0.12133751815162667,1.032596371177742,0.40590395868992624,0.3764510810300483,183.3194874990679,0.0008335337728018455,0.0051851398311555386,0.0023123116698116064,3.130582809448242,0.16793827712535858,0.0023123116698116064,15.003890991210938,16.018207550048828,4.710572242736816,11.109601020812988,25.884727478027344,163.9638214111328,1301.0,0.4074250100662881,-1.9913637596132854,0.05235810984128321,0.05531492425588121,1.1578927383610869,-1.183219390935741,24.0,0.25973033031203774,,,,
synthetic_niah_118,niah_single_1,recovery_formal,64,32,physical_delete_aov_94,aov,94,0,1,0.000524676391163278,0.0005226602466158515,0.9969776204526405,0.07799331126651447,1.0038574667969886,0.0006457964336455572,0.000642635161883086,0.9966687439028796,0.08197246787093786,1.0049192324820941,0.000642635161883086,16.776359982492096,3.849443111136826e-05,2.5039851607289165e-05,4.445934609975666e-05,1.3748468160629272,0.5838057994842529,4.445934609975666e-05,778.4900512695312,778.8807373046875,1842.883056640625,4.63233757019043,4.135249614715576,0.893284022808075,1231.0,-0.2472902076426291,0.1637268622451743,-0.22375941583563488,-0.2295859657352916,-0.17041235739704533,0.7817971143102446,94.0,0.2574730751170792,1.9815815856615948e-11,1.2294609342923939e-11,1.9816789859136516e-11,1.2295445552714572e-11
synthetic_niah_118,niah_single_1,recovery_formal,64,32,physical_delete_aov_94,aov,94,1,2,0.0021666751403142566,0.0021761557946749217,0.998939632353454,0.0461570807543484,0.9956433935548804,0.0025382633543853082,0.0025853504924670772,0.9657235338274704,0.26006939323711237,0.9817869421500232,0.0025853504924670772,22.012739167586382,0.00011530883708116093,0.00010337017010897398,0.00021212644060142338,2.530012607574463,0.2638792097568512,0.00021212644060142338,90.91732788085938,91.14424133300781,3903.460205078125,3.971818447113037,3.968630313873291,0.5178232789039612,1231.0,-0.2472902076426291,0.1637268622451743,-0.22375941583563488,-0.2295859657352916,-0.17041235739704533,0.7817971143102446,94.0,0.2574730751170792,,,,
synthetic_niah_118,niah_single_1,recovery_formal,64,32,physical_delete_aov_94,aov,94,2,3,0.0006648690325368364,0.0011487749144499183,0.6120195163147332,0.7915415793372673,0.5787635368545662,0.0006385846025959262,0.0034514316324100076,0.37552307542896235,0.9461890730027376,0.18502020917911854,0.0034514316324100076,33.34983970937136,1.9148056127432685e-05,1.53287091961829e-05,2.2554120732820593e-05,1.6545335054397583,0.5419492125511169,2.2554120732820593e-05,28.056808471679688,27.409679412841797,49.979736328125,5.604467391967773,5.906766414642334,1.3424278497695923,1231.0,-0.2472902076426291,0.1637268622451743,-0.22375941583563488,-0.2295859657352916,-0.17041235739704533,0.7817971143102446,94.0,0.2574730751170792,,,,
synthetic_niah_118,niah_single_1,recovery_formal,64,32,physical_delete_aov_94,aov,94,3,4,0.0017859006026285256,0.002414437384911028,0.8224180975577824,0.57486936019109,0.7396756750825145,0.0017923416567700702,0.004640254039551176,0.4187613893303027,0.9086777642810683,0.3862593818125166,0.004640254039551176,43.149756758236975,4.1537700126847765e-05,2.570499782450497e-05,5.344014061847702e-05,2.036639451980591,0.4269818365573883,5.344014061847702e-05,23.474830627441406,21.966337203979492,10.119792938232422,7.442196369171143,6.483431816101074,1.406286358833313,1231.0,-0.2472902076426291,0.1637268622451743,-0.22375941583563488,-0.2295859657352916,-0.17041235739704533,0.7817971143102446,94.0,0.2574730751170792,,,,
synthetic_niah_118,niah_single_1,recovery_formal,64,32,physical_delete_aov_94,aov,94,4,5,0.0011958525592642925,0.0015451945079031284,0.7533383407206605,0.6579550384165187,0.773917169099376,0.001398790059975321,0.004629223684663466,0.32913887732201275,0.9446667039261604,0.3021651480375613,0.004629223684663466,49.24976038939579,2.8401966809903533e-05,1.606332261872012e-05,3.1125797249842435e-05,1.8203290700912476,0.5064024329185486,3.1125797249842435e-05,22.244491577148438,18.918312072753906,7.346606731414795,7.430859565734863,6.824862957000732,2.0272281169891357,1231.0,-0.2472902076426291,0.1637268622451743,-0.22375941583563488,-0.2295859657352916,-0.17041235739704533,0.7817971143102446,94.0,0.2574730751170792,2.4592082940040995e-11,5.663570443162125e-10,2.4593886741060002e-11,5.66360651896202e-10
synthetic_niah_118,niah_single_1,recovery_formal,64,32,physical_delete_aov_94,aov,94,5,6,0.00012753144388264557,0.001171392872159431,0.06833881590198558,0.9984852100768384,0.10887162361466722,9.282579148656371e-05,0.003972145871706794,0.15374575853940886,0.9966746179107009,0.023369179905439207,0.003972145871706794,43.279860749832295,2.1447802714319825e-06,2.3717593649053015e-06,3.4849099392886274e-06,1.7711306810379028,0.5669216513633728,3.4849099392886274e-06,20.582130432128906,17.731433868408203,5.610321998596191,7.797458648681641,7.756680488586426,1.6738569736480713,1231.0,-0.2472902076426291,0.1637268622451743,-0.22375941583563488,-0.2295859657352916,-0.17041235739704533,0.7817971143102446,94.0,0.2574730751170792,,,,
synthetic_niah_118,niah_single_1,recovery_formal,64,32,physical_delete_aov_94,aov,94,6,7,7.261925631001715e-05,0.00032235581107661855,0.21512668057944045,0.9766388966162565,0.22527670919745502,7.86395970149376e-05,0.003535566734352697,0.11852812709764926,0.9976081487614218,0.022242430400436265,0.003535566734352697,46.96129140960781,1.6745620628066613e-06,1.5777128510308103e-06,2.4797141122689936e-06,1.5111333131790161,0.5689591765403748,2.4797141122689936e-06,22.419330596923828,19.7072696685791,6.6600117683410645,7.449670791625977,6.844982624053955,1.1730653047561646,1231.0,-0.2472902076426291,0.1637268622451743,-0.22375941583563488,-0.2295859657352916,-0.17041235739704533,0.7817971143102446,94.0,0.2574730751170792,,,,
synthetic_niah_118,niah_single_1,recovery_formal,64,32,physical_delete_aov_94,aov,94,7,8,0.0003550152763583638,0.000831434620339841,0.5066321715152321,0.8658328506098307,0.42699121214516506,0.0003056739278044638,0.002997288898055248,0.20670736177742044,0.9839914429096918,0.10198347179772906,0.002997288898055248,48.44891887640389,6.309200182242589e-06,1.052441348292632e-05,1.346174394711852e-05,2.366988182067871,0.340444952249527,1.346174394711852e-05,34.074310302734375,33.36918640136719,195.52682495117188,6.501864433288574,6.183797359466553,1.4968581199645996,1231.0,-0.2472902076426291,0.1637268622451743,-0.22375941583563488,-0.2295859657352916,-0.17041235739704533,0.7817971143102446,94.0,0.2574730751170792,3.449294758748107e-12,6.00361858656335e-10,3.4503680824991735e-12,6.003668289329519e-10
synthetic_niah_118,niah_single_1,recovery_formal,64,32,physical_delete_aov_94,aov,94,8,9,0.00026489210508827475,0.0006777177048612045,0.38116786347636633,0.9245566392295925,0.39085906003078996,0.00021387322469451682,0.0025610829082389846,0.10378353562886948,0.9948065331772452,0.08350890320906373,0.0025610829082389846,49.22273923654295,4.345008587732911e-06,5.543864972423762e-06,9.30347596295178e-06,1.902818202972412,0.4755847454071045,9.30347596295178e-06,26.63979721069336,21.021068572998047,13.355241775512695,9.22801399230957,8.238748550415039,3.2302169799804688,1231.0,-0.2472902076426291,0.1637268622451743,-0.22375941583563488,-0.2295859657352916,-0.17041235739704533,0.7817971143102446,94.0,0.2574730751170792,,,,
synthetic_niah_118,niah_single_1,recovery_formal,64,32,physical_delete_aov_94,aov,94,9,10,0.0007939287184982151,0.0009922048774981941,0.8770894223596588,0.48644767545980905,0.8001661113580447,0.0006642863062249784,0.0025663558954623716,0.29892372196672184,0.9551183055204443,0.2588441873551198,0.0025663558954623716,50.44341651158446,1.316893961915572e-05,1.0973938515235204e-05,1.9336626792210154e-05,2.052353620529175,0.43350303173065186,1.9336626792210154e-05,21.09798812866211,19.690967559814453,7.115087032318115,9.26651382446289,7.565380573272705,2.8471667766571045,1231.0,-0.2472902076426291,0.1637268622451743,-0.22375941583563488,-0.2295859657352916,-0.17041235739704533,0.7817971143102446,94.0,0.2574730751170792,,,,
synthetic_niah_118,niah_single_1,recovery_formal,64,32,physical_delete_aov_94,aov,94,10,11,0.0008954850986833132,0.0011090603277140625,0.827570061178988,0.5617237242342095,0.8074268606551281,0.0007199052853939038,0.0024682380677614377,0.36132696241333595,0.9350375613001057,0.2916676858674415,0.0024682380677614377,51.019776092115755,1.4110318400733886e-05,1.3210544238972943e-05,1.8269423890160397e-05,2.1371660232543945,0.4464523494243622,1.8269423890160397e-05,23.334678649902344,19.811677932739258,11.314871788024902,8.629892349243164,8.521885871887207,3.8732049465179443,1231.0,-0.2472902076426291,0.1637268622451743,-0.22375941583563488,-0.2295859657352916,-0.17041235739704533,0.7817971143102446,94.0,0.2574730751170792,1.2361114295396233e-11,4.9566928114262e-10,1.2363001689600006e-11,4.95676061581056e-10
synthetic_niah_118,niah_single_1,recovery_formal,64,32,physical_delete_aov_94,aov,94,11,12,0.0004913415756167025,0.0006265027266162469,0.7390408443216562,0.6751766298250069,0.7842608734848572,0.00041648386517901517,0.002298890163207199,0.23521453930055797,0.9734450256347336,0.1811673614706217,0.002298890163207199,54.24204604704684,7.678247697695213e-06,1.2231369510118384e-05,2.60719025391154e-05,2.300588846206665,0.3793734312057495,2.60719025391154e-05,20.0042781829834,19.314525604248047,7.756937026977539,7.086392402648926,7.309541702270508,1.2039834260940552,1231.0,-0.2472902076426291,0.1637268622451743,-0.22375941583563488,-0.2295859657352916,-0.17041235739704533,0.7817971143102446,94.0,0.2574730751170792,,,,
synthetic_niah_118,niah_single_1,recovery_formal,64,32,physical_delete_aov_94,aov,94,12,13,0.00018366680889628594,0.0002830711736085414,0.4753867620506793,0.8967118348335099,0.6488361444753764,0.0001549315608826023,0.002185656671903298,0.13099350670111012,0.9932037368806294,0.07088558915691269,0.002185656671903298,53.41291379676432,2.900638625934461e-06,2.431930852253572e-06,4.3949335122306366e-06,2.053361415863037,0.4991839826107025,4.3949335122306366e-06,21.607637405395508,18.2425537109375,7.4253926277160645,10.512563705444336,8.632246017456055,1.3078949451446533,1231.0,-0.2472902076426291,0.1637268622451743,-0.22375941583563488,-0.2295859657352916,-0.17041235739704533,0.7817971143102446,94.0,0.2574730751170792,,,,
synthetic_niah_118,niah_single_1,recovery_formal,64,32,physical_delete_aov_94,aov,94,13,14,0.0002500128284255028,0.0003225275262491014,0.6581813412631945,0.7618943911053184,0.7751674138734055,0.00023114342762106338,0.002136483466847445,0.03664511525916706,1.00188603342961,0.10818872750844839,0.002136483466847445,54.88409766174471,4.211482696602205e-06,6.804944860050455e-06,9.878462151391432e-06,2.495785713195801,0.2713986933231354,9.878462151391432e-06,21.383142471313477,19.782615661621094,6.294280529022217,7.577428817749023,7.885066509246826,2.527679920196533,1231.0,-0.2472902076426291,0.1637268622451743,-0.22375941583563488,-0.2295859657352916,-0.17041235739704533,0.7817971143102446,94.0,0.2574730751170792,,,,
synthetic_niah_118,niah_single_1,recovery_formal,64,32,physical_delete_aov_94,aov,94,14,15,1.5849951181673803e-05,0.00020728148934779828,0.032150748624159335,1.0004649698134345,0.07646583026562068,1.2892598757347886e-05,0.0020336808587508542,0.0133721066339638,0.9999353197953296,0.006339538822854878,0.0020336808587508542,54.68002101855491,2.357826225592152e-07,2.4853522972989595e-07,4.423861810209928e-07,1.3109495639801025,0.6774399876594543,4.423861810209928e-07,22.156064987182617,19.924266815185547,12.615121841430664,10.675227165222168,9.93275260925293,3.37424373626709,1231.0,-0.2472902076426291,0.1637268622451743,-0.22375941583563488,-0.2295859657352916,-0.17041235739704533,0.7817971143102446,94.0,0.2574730751170792,7.07208520953368e-13,5.09098040999789e-10,7.064314502731292e-13,5.091015980050975e-10
synthetic_niah_118,niah_single_1,recovery_formal,64,32,physical_delete_aov_94,aov,94,15,16,0.0005297400568497877,0.0006217189381472106,0.8401312965162918,0.5425141751359698,0.8520571344158666,0.0004458097015370303,0.0019827937964150433,0.2561325820576049,0.9671480643418328,0.2248391649918761,0.0019827937964150433,54.84766043380131,8.128144354946603e-06,1.1238861588935833e-05,1.252371021109866e-05,2.234529733657837,0.404329389333725,1.252371021109866e-05,55.8623046875,55.80352020263672,1402.765380859375,8.940858840942383,8.405535697937012,3.7499125003814697,1231.0,-0.2472902076426291,0.1637268622451743,-0.22375941583563488,-0.2295859657352916,-0.17041235739704533,0.7817971143102446,94.0,0.2574730751170792,,,,
synthetic_niah_118,niah_single_1,recovery_formal,64,32,physical_delete_aov_94,aov,94,16,17,0.004254281049178606,0.00419674615616822,0.9988978311837824,0.04921895546615154,1.0137094050651176,0.003980456771849846,0.004515285955586127,0.9018307938933687,0.4325649915996967,0.8815514257575177,0.004515285955586127,59.57422738612966,6.681508005216016e-05,6.81844467180781e-05,8.627782517578453e-05,2.9760591983795166,0.2350456267595291,8.627782517578453e-05,21.216411590576172,18.28853416442871,7.508113861083984,11.046247482299805,8.9983491897583,3.7564446926116943,1231.0,-0.2472902076426291,0.1637268622451743,-0.22375941583563488,-0.2295859657352916,-0.17041235739704533,0.7817971143102446,94.0,0.2574730751170792,,,,
synthetic_niah_118,niah_single_1,recovery_formal,64,32,physical_delete_aov_94,aov,94,17,18,0.0007954640665203297,0.0009817428566998763,0.7362393219721655,0.6807571403809953,0.8102570455101432,0.0006992340910961946,0.004689956025409375,0.23736046213398648,0.9754236842342079,0.14909182246227143,0.004689956025409375,65.03391112211092,1.075183821842235e-05,1.5521503883064725e-05,1.8512979295337573e-05,2.318979024887085,0.4225788116455078,1.8512979295337573e-05,18.304973602294922,16.969757080078125,8.063612937927246,9.538806915283203,9.711454391479492,5.1902008056640625,1231.0,-0.2472902076426291,0.1637268622451743,-0.22375941583563488,-0.2295859657352916,-0.17041235739704533,0.7817971143102446,94.0,0.2574730751170792,1.5699684199297357e-10,3.75739080805131e-09,1.5699796675618582e-10,3.7575033112023475e-09
synthetic_niah_118,niah_single_1,recovery_formal,64,32,physical_delete_aov_94,aov,94,18,19,0.0006774300976189,0.0011638544849378752,0.5834785864600294,0.812129767313811,0.5820573846523951,0.0006546270373628721,0.00457770796685996,0.08592548316653512,0.9979352087325369,0.14300323264437248,0.00457770796685996,73.1269156001681,8.951930106585368e-06,1.2780874385498464e-05,1.8655315216165036e-05,2.3501389026641846,0.3523426353931427,1.8655315216165036e-05,23.592063903808594,22.7255859375,7.99921989440918,8.41299057006836,9.43715763092041,3.714508295059204,1231.0,-0.2472902076426291,0.1637268622451743,-0.22375941583563488,-0.2295859657352916,-0.17041235739704533,0.7817971143102446,94.0,0.2574730751170792,1.5996569674147096e-10,3.798564364347146e-09,1.599693771329076e-10,3.798701476980323e-09
synthetic_niah_118,niah_single_1,recovery_formal,64,32,physical_delete_aov_94,aov,94,19,20,5.363470614982484e-05,0.0011021343778726592,0.037241587104231616,0.9993715749417372,0.04866439812298624,4.879679570474432e-05,0.004508013338257084,0.024234741741736867,0.9997962357573206,0.010824456815740133,0.004508013338257084,77.16394449615139,6.323781919569715e-07,8.804133244666446e-07,1.405598595738411e-06,1.2657488584518433,0.6652596592903137,1.405598595738411e-06,22.836612701416016,19.55337905883789,8.626851081848145,9.450291633605957,10.087679862976074,2.868798017501831,1231.0,-0.2472902076426291,0.1637268622451743,-0.22375941583563488,-0.2295859657352916,-0.17041235739704533,0.7817971143102446,94.0,0.2574730751170792,,,,
synthetic_niah_118,niah_single_1,recovery_formal,64,32,physical_delete_aov_94,aov,94,20,21,0.0028284355674763747,0.0027760273649590494,0.9240324017222672,0.39390350239875327,1.0188788493870262,0.0025865241885170754,0.005008972935951159,0.5038433926531136,0.8638859623085965,0.5163781520863653,0.005008972935951159,86.54918174696516,2.9885021860507324e-05,4.1605031583458185e-05,5.725734808947891e-05,2.4046759605407715,0.41450586915016174,5.725734808947891e-05,21.021753311157227,18.95900535583496,7.778600692749023,11.886946678161621,10.990521430969238,5.4494709968566895,1231.0,-0.2472902076426291,0.1637268622451743,-0.22375941583563488,-0.2295859657352916,-0.17041235739704533,0.7817971143102446,94.0,0.2574730751170792,,,,
synthetic_niah_118,niah_single_1,recovery_formal,64,32,physical_delete_aov_94,aov,94,21,22,0.009130893286564709,0.008733534785993974,0.9948530665420233,0.11327968415025755,1.0454980154436415,0.0102191477088893,0.011979169744718826,0.9087655544419638,0.4210064636069193,0.8530764591089082,0.011979169744718826,108.27856194194979,9.437831021775095e-05,0.00011818401253549382,0.0001568671577842906,2.8889522552490234,0.25102636218070984,0.0001568671577842906,19.044010162353516,17.327726364135742,5.576168060302734,10.765853881835938,11.089517593383789,7.949995994567871,1231.0,-0.2472902076426291,0.1637268622451743,-0.22375941583563488,-0.2295859657352916,-0.17041235739704533,0.7817971143102446,94.0,0.2574730751170792,,,,
synthetic_niah_118,niah_single_1,recovery_formal,64,32,physical_delete_aov_94,aov,94,22,23,0.0024847954583298994,0.0031266311087247574,0.7596041898117507,0.6513329230182319,0.794719738889619,0.0024348571654183348,0.015148811025416428,0.25420790729863635,0.9716566253680236,0.16072925864169613,0.015148811025416428,124.60619359591219,1.9540418458767626e-05,2.792306440824177e-05,4.2871506593655795e-05,1.9028300046920776,0.5074917078018188,4.2871506593655795e-05,21.73346710205078,19.663646697998047,7.058263778686523,11.705327987670898,10.95072078704834,11.499346733093262,1231.0,-0.2472902076426291,0.1637268622451743,-0.22375941583563488,-0.2295859657352916,-0.17041235739704533,0.7817971143102446,94.0,0.2574730751170792,4.030298038121445e-10,1.3094347883612766e-08,4.030306383329751e-10,1.3093833449171308e-08
synthetic_niah_118,niah_single_1,recovery_formal,64,32,physical_delete_aov_94,aov,94,23,24,0.0041530320312039085,0.005173371158464357,0.7376328841801342,0.6783367118006839,0.8027709406484337,0.003914574018496654,0.014181117908606319,0.0746081787143859,1.0173538795383292,0.2760412855830608,0.014181117908606319,149.552351084485,2.617527568179277e-05,4.1171908378601074e-05,4.945983164361678e-05,1.8685073852539062,0.5473135113716125,4.945983164361678e-05,21.297714233398438,18.44289207458496,9.21229076385498,15.455888748168945,13.639859199523926,14.381853103637695,1231.0,-0.2472902076426291,0.1637268622451743,-0.22375941583563488,-0.2295859657352916,-0.17041235739704533,0.7817971143102446,94.0,0.2574730751170792,,,,
synthetic_niah_118,niah_single_1,recovery_formal,64,32,physical_delete_aov_94,aov,94,24,25,0.00327230184082482,0.005252521942664326,0.6268334535917982,0.7791627205228926,0.6229963199668147,0.0033366236032745166,0.015721415138780247,0.1945660345970905,0.98104853393321,0.21223430421629272,0.015721415138780247,172.6526786920756,1.9325640520326667e-05,4.636960875359364e-05,6.75444389344193e-05,1.9733633995056152,0.5111415386199951,6.75444389344193e-05,21.252565383911133,18.176755905151367,6.40516996383667,18.820951461791992,15.65322208404541,77.45931243896484,1231.0,-0.2472902076426291,0.1637268622451743,-0.22375941583563488,-0.2295859657352916,-0.17041235739704533,0.7817971143102446,94.0,0.2574730751170792,,,,
synthetic_niah_118,niah_single_1,recovery_formal,64,32,physical_delete_aov_94,aov,94,25,26,0.0010991456283429703,0.002979732504556883,0.39280503522241056,0.9199330966310325,0.368873926321257,0.0010995577561281659,0.016618675141233146,0.05113824950220798,0.9988046115907837,0.06616398399894205,0.016618675141233146,197.75732892612007,5.560136567878849e-06,1.2993411473871674e-05,1.843540849222336e-05,1.752163290977478,0.5679812431335449,1.843540849222336e-05,19.434814453125,17.582788467407227,8.522623062133789,24.767417907714844,20.827198028564453,70.36172485351562,1231.0,-0.2472902076426291,0.1637268622451743,-0.22375941583563488,-0.2295859657352916,-0.17041235739704533,0.7817971143102446,94.0,0.2574730751170792,,,,
synthetic_niah_118,niah_single_1,recovery_formal,64,32,physical_delete_aov_94,aov,94,26,27,0.015006114876538764,0.01372459767651203,0.8504305749570388,0.5794732307604423,1.0933737534776624,0.01572283797146704,0.023169630610166112,0.5415339597919319,0.8517788456005984,0.6785968337608432,0.023169630610166112,230.46425140286945,6.822245912656664e-05,5.2611896535381675e-05,9.02966785361059e-05,2.673401117324829,0.35268130898475647,9.02966785361059e-05,20.56072235107422,17.328210830688477,9.299107551574707,34.093910217285156,26.125120162963867,185.66966247558594,1231.0,-0.2472902076426291,0.1637268622451743,-0.22375941583563488,-0.2295859657352916,-0.17041235739704533,0.7817971143102446,94.0,0.2574730751170792,2.7432087108376994e-09,1.2755991519215347e-08,2.743369732032253e-09,1.2756139824308492e-08
synthetic_niah_118,niah_single_1,recovery_formal,64,32,physical_delete_aov_94,aov,94,27,28,0.005541225333835191,0.006739016165626108,0.48169767539019737,0.940186278699172,0.8222602821609891,0.005718657160854264,0.026276299809032917,0.227571319222323,0.9738121040664044,0.21763555760953757,0.026276299809032917,183.3194874990679,3.1195031356845474e-05,3.694426050060429e-05,4.070006252732128e-05,3.130582809448242,0.16793827712535858,4.070006252732128e-05,18.7370548248291,16.018207550048828,4.710572242736816,35.209754943847656,25.884727478027344,163.9638214111328,1231.0,-0.2472902076426291,0.1637268622451743,-0.22375941583563488,-0.2295859657352916,-0.17041235739704533,0.7817971143102446,94.0,0.2574730751170792,,,,
synthetic_niah_118,niah_single_1,recovery_formal,64,32,physical_delete_aor_57,aor,57,0,1,0.0006918420139617244,0.0006916570437753204,0.998261340552854,0.058977286767717456,1.000267430496181,0.0008805279959248103,0.0008803090246516669,0.9982221357569594,0.05963786401553474,1.0002487436423022,0.0008803090246516669,16.776359982492096,5.248623639715256e-05,6.686455162707716e-05,0.00015064090257510543,1.3748468160629272,0.5838057994842529,0.00015064090257510543,779.23828125,778.8807373046875,1842.883056640625,3.605106830596924,4.135249614715576,0.893284022808075,1268.0,-0.2406684854850567,-0.01885039887079358,-0.22374234296797063,-0.22714473714359182,-0.7558630218687489,0.6337579156065928,57.0,0.6558264842650925,3.9520463069734116e-11,3.524822866433909e-11,3.952205800223831e-11,3.5248856136968236e-11
synthetic_niah_118,niah_single_1,recovery_formal,64,32,physical_delete_aor_57,aor,57,1,2,0.005652701990889478,0.005627131777340182,0.9990243550610448,0.044506241230959975,1.0045440936095122,0.005810365851038637,0.005809510617563693,0.9857846411451082,0.16862658373681952,1.0001472126537403,0.005809510617563693,22.012739167586382,0.0002639546949065913,0.00017872457101475447,0.00047735011321492493,2.530012607574463,0.2638792097568512,0.00047735011321492493,91.83448028564453,91.14424133300781,3903.460205078125,3.8812415599823,3.968630313873291,0.5178232789039612,1268.0,-0.2406684854850567,-0.01885039887079358,-0.22374234296797063,-0.22714473714359182,-0.7558630218687489,0.6337579156065928,57.0,0.6558264842650925,,,,
synthetic_niah_118,niah_single_1,recovery_formal,64,32,physical_delete_aor_57,aor,57,2,3,0.00022251709593824236,0.0018864437102598442,0.11057683927905329,0.9938949706115137,0.11795586304962803,0.00023059922714645587,0.006269750031509647,0.1020744123289321,0.9969173586684782,0.03677965245624499,0.006269750031509647,33.34983970937136,6.914552788140001e-06,6.569296147063142e-06,7.617920346092433e-06,1.6545335054397583,0.5419492125511169,7.617920346092433e-06,31.031875610351562,27.409679412841797,49.979736328125,6.417501449584961,5.906766414642334,1.3424278497695923,1268.0,-0.2406684854850567,-0.01885039887079358,-0.22374234296797063,-0.22714473714359182,-0.7558630218687489,0.6337579156065928,57.0,0.6558264842650925,,,,
synthetic_niah_118,niah_single_1,recovery_formal,64,32,physical_delete_aor_57,aor,57,3,4,0.0004252096148919859,0.0015507926982058133,0.023538104464869862,1.0306656140029127,0.27418855878282855,0.00045539127112859676,0.006266652976318708,0.023305927644753806,1.0009463245038592,0.07266897861577656,0.006266652976318708,43.149756758236975,1.0553739009007643e-05,9.699416295916308e-06,1.6409254385507666e-05,2.036639451980591,0.4269818365573883,1.6409254385507666e-05,26.132373809814453,21.966337203979492,10.119792938232422,6.211735725402832,6.483431816101074,1.406286358833313,1268.0,-0.2406684854850567,-0.01885039887079358,-0.22374234296797063,-0.22714473714359182,-0.7558630218687489,0.6337579156065928,57.0,0.6558264842650925,,,,
synthetic_niah_118,niah_single_1,recovery_formal,64,32,physical_delete_aor_57,aor,57,4,5,0.0009243240164531359,0.001245829868940034,0.6233133253088599,0.7909181083217075,0.7419343840580425,0.0008865925725692446,0.006450312196855226,0.28136773052483344,0.9703322317948829,0.13744955988354987,0.006450312196855226,49.24976038939579,1.8001967229065774e-05,2.0104138457099907e-05,3.5651130019687116e-05,1.8203290700912476,0.5064024329185486,3.5651130019687116e-05,20.77778434753418,18.918312072753906,7.346606731414795,7.1716766357421875,6.824862957000732,2.0272281169891357,1268.0,-0.2406684854850567,-0.01885039887079358,-0.22374234296797063,-0.22714473714359182,-0.7558630218687489,0.6337579156065928,57.0,0.6558264842650925,1.9394097535679997e-11,1.7604040190223155e-09,1.9393919652568677e-11,1.7604038359206864e-09
synthetic_niah_118,niah_single_1,recovery_formal,64,32,physical_delete_aor_57,aor,57,5,6,0.0005882480928004133,0.0016015554920635058,0.20197312462378714,0.9932467789269082,0.3672979773198441,0.0005368694591253813,0.0052320894535066685,0.06518830659483552,0.9985744518642757,0.10261090982791948,0.0052320894535066685,43.279860749832295,1.240460227514622e-05,1.6859050447237678e-05,1.884913581307046e-05,1.7711306810379028,0.5669216513633728,1.884913581307046e-05,19.37409019470215,17.731433868408203,5.610321998596191,8.492012023925781,7.756680488586426,1.6738569736480713,1268.0,-0.2406684854850567,-0.01885039887079358,-0.22374234296797063,-0.22714473714359182,-0.7558630218687489,0.6337579156065928,57.0,0.6558264842650925,,,,
synthetic_niah_118,niah_single_1,recovery_formal,64,32,physical_delete_aor_57,aor,57,6,7,0.0003594567026903282,0.0005868106688252797,0.6474093016381155,0.762938840799196,0.6125599308034307,0.0004144353319295297,0.004634595093523,-0.05974135530958719,1.00929713845326,0.08942212287513893,0.004634595093523,46.96129140960781,8.82504120925304e-06,8.824606084090192e-06,1.553484435135033e-05,1.5111333131790161,0.5689591765403748,1.553484435135033e-05,20.017086029052734,19.7072696685791,6.6600117683410645,7.720167636871338,6.844982624053955,1.1730653047561646,1268.0,-0.2406684854850567,-0.01885039887079358,-0.22374234296797063,-0.22714473714359182,-0.7558630218687489,0.6337579156065928,57.0,0.6558264842650925,,,,
synthetic_niah_118,niah_single_1,recovery_formal,64,32,physical_delete_aor_57,aor,57,7,8,0.0009375080246980139,0.0014514218776363389,0.5002665431700266,0.8780372659143195,0.6459238620715564,0.0008377812537687288,0.0036581686467839895,0.268940853235718,0.963983799378488,0.22901657486601895,0.0036581686467839895,48.44891887640389,1.7292052602989127e-05,2.6004277970059775e-05,3.5655033570947126e-05,2.366988182067871,0.340444952249527,3.5655033570947126e-05,33.02581024169922,33.36918640136719,195.52682495117188,6.458679676055908,6.183797359466553,1.4968581199645996,1268.0,-0.2406684854850567,-0.01885039887079358,-0.22374234296797063,-0.22714473714359182,-0.7558630218687489,0.6337579156065928,57.0,0.6558264842650925,5.7381335161716616e-11,1.6850182535995375e-09,5.738294426539598e-11,1.6850154819179475e-09
synthetic_niah_118,niah_single_1,recovery_formal,64,32,physical_delete_aor_57,aor,57,8,9,0.0005573248237134128,0.0007528582043312619,0.757172269299008,0.6534336618113302,0.7402786082519554,0.00045608937105277435,0.0033467299413069487,0.2193632623418235,0.9791745175609388,0.13627910798044987,0.0033467299413069487,49.22273923654295,9.265826691623325e-06,9.893068636301905e-06,2.0138142645009793e-05,1.902818202972412,0.4755847454071045,2.0138142645009793e-05,23.60718536376953,21.021068572998047,13.355241775512695,8.661630630493164,8.238748550415039,3.2302169799804688,1268.0,-0.2406684854850567,-0.01885039887079358,-0.22374234296797063,-0.22714473714359182,-0.7558630218687489,0.6337579156065928,57.0,0.6558264842650925,,,,
synthetic_niah_118,niah_single_1,recovery_formal,64,32,physical_delete_aor_57,aor,57,9,10,0.002925231689836824,0.002911725599285871,0.9866204739822697,0.16402649242181225,1.0046385176385664,0.0022637726921545098,0.004038322246912785,0.5765041210100401,0.8172495412562784,0.5605725729008174,0.004038322246912785,50.44341651158446,4.487746565767663e-05,5.7114924857160076e-05,0.00011468402954051271,2.052353620529175,0.43350303173065186,0.00011468402954051271,21.159469604492188,19.690967559814453,7.115087032318115,8.031878471374512,7.565380573272705,2.8471667766571045,1268.0,-0.2406684854850567,-0.01885039887079358,-0.22374234296797063,-0.22714473714359182,-0.7558630218687489,0.6337579156065928,57.0,0.6558264842650925,,,,
synthetic_niah_118,niah_single_1,recovery_formal,64,32,physical_delete_aor_57,aor,57,10,11,0.0010481152718802968,0.0012205949017263379,0.6287321342788685,0.8109115343028427,0.8586921593707331,0.0008442556139008651,0.003672513443737029,0.22321781726421186,0.9747913914660598,0.22988496212059562,0.003672513443737029,51.019776092115755,1.6547615034150073e-05,2.1936497432761826e-05,3.3237181924050674e-05,2.1371660232543945,0.4464523494243622,3.3237181924050674e-05,23.060497283935547,19.811677932739258,11.314871788024902,8.173799514770508,8.521885871887207,3.8732049465179443,1268.0,-0.2406684854850567,-0.01885039887079358,-0.22374234296797063,-0.22714473714359182,-0.7558630218687489,0.6337579156065928,57.0,0.6558264842650925,1.0855730265646474e-11,1.5995384282979012e-09,1.085638469316527e-11,1.599481887008717e-09
synthetic_niah_118,niah_single_1,recovery_formal,64,32,physical_delete_aor_57,aor,57,11,12,0.0009361058286958944,0.0011017243876177932,0.7877426518858455,0.6191097828643141,0.8496733295701949,0.0008346288702171239,0.0034613437115244843,0.2822264438074325,0.9602277174667172,0.24112857311403124,0.0034613437115244843,54.24204604704684,1.5387119975032073e-05,2.356417098781094e-05,5.323147343005985e-05,2.300588846206665,0.3793734312057495,5.323147343005985e-05,21.624256134033203,19.314525604248047,7.756937026977539,7.509904384613037,7.309541702270508,1.2039834260940552,1268.0,-0.2406684854850567,-0.01885039887079358,-0.22374234296797063,-0.22714473714359182,-0.7558630218687489,0.6337579156065928,57.0,0.6558264842650925,,,,
synthetic_niah_118,niah_single_1,recovery_formal,64,32,physical_delete_aor_57,aor,57,12,13,0.0003461951516169553,0.0005837178817898433,0.7793024087300325,0.6537309449685086,0.5930864248246491,0.00026046287238060784,0.003239258443898997,0.07716950359658598,0.9970232478393962,0.0804081788753776,0.003239258443898997,53.41291379676432,4.8764026125155205e-06,6.962043698877096e-06,8.80718380358303e-06,2.053361415863037,0.4991839826107025,8.80718380358303e-06,20.173583984375,18.2425537109375,7.4253926277160645,9.788957595825195,8.632246017456055,1.3078949451446533,1268.0,-0.2406684854850567,-0.01885039887079358,-0.22374234296797063,-0.22714473714359182,-0.7558630218687489,0.6337579156065928,57.0,0.6558264842650925,,,,
synthetic_niah_118,niah_single_1,recovery_formal,64,32,physical_delete_aor_57,aor,57,13,14,0.0004484313395722548,0.000565495681128976,0.6763699780975233,0.7457368413468183,0.7929880890990897,0.0004169550359409637,0.003153414351258262,0.11064613352059138,0.9940940648501603,0.1322233583970949,0.003153414351258262,54.88409766174471,7.597009948322235e-06,1.1726874618034344e-05,1.4851902960799634e-05,2.495785713195801,0.2713986933231354,1.4851902960799634e-05,22.60129737854004,19.782615661621094,6.294280529022217,7.295169830322266,7.885066509246826,2.527679920196533,1268.0,-0.2406684854850567,-0.01885039887079358,-0.22374234296797063,-0.22714473714359182,-0.7558630218687489,0.6337579156065928,57.0,0.6558264842650925,,,,
synthetic_niah_118,niah_single_1,recovery_formal,64,32,physical_delete_aor_57,aor,57,14,15,9.992374079325254e-05,0.0003637607149049318,0.17769713060132775,0.9888541744930133,0.2746963503724349,7.802401750878987e-05,0.0030055687966970674,-0.01568097604899338,1.0007437547540738,0.025959817520907653,0.0030055687966970674,54.68002101855491,1.4269200350583898e-06,1.7106226550822612e-06,2.5604454094718676e-06,1.3109495639801025,0.6774399876594543,2.5604454094718676e-06,24.471343994140625,19.924266815185547,12.615121841430664,11.266498565673828,9.93275260925293,3.37424373626709,1268.0,-0.2406684854850567,-0.01885039887079358,-0.22374234296797063,-0.22714473714359182,-0.7558630218687489,0.6337579156065928,57.0,0.6558264842650925,1.0967022058563006e-12,1.8305976740362671e-09,1.0961700092980385e-12,1.8305399497558146e-09
synthetic_niah_118,niah_single_1,recovery_formal,64,32,physical_delete_aor_57,aor,57,15,16,0.001376061657330818,0.0014438601244894595,0.9337736203247231,0.35838269806581735,0.9530436044262843,0.0012295787982886607,0.003178777363222265,0.4410092352896625,0.8991376704424525,0.38680871850750204,0.003178777363222265,54.84766043380131,2.2418071957193284e-05,2.170271000068169e-05,2.7319301807438023e-05,2.234529733657837,0.404329389333725,2.7319301807438023e-05,57.328880310058594,55.80352020263672,1402.765380859375,9.68234634399414,8.405535697937012,3.7499125003814697,1268.0,-0.2406684854850567,-0.01885039887079358,-0.22374234296797063,-0.22714473714359182,-0.7558630218687489,0.6337579156065928,57.0,0.6558264842650925,,,,
synthetic_niah_118,niah_single_1,recovery_formal,64,32,physical_delete_aor_57,aor,57,16,17,0.008101066481046307,0.008106859278441236,0.9989009290690143,0.046873038705739584,0.9992854449305252,0.007454605655537397,0.008161050433139753,0.923017431654775,0.3848773895536941,0.9134370283102675,0.008161050433139753,59.57422738612966,0.0001251313862153924,0.00016211091133300215,0.00023581717687193304,2.9760591983795166,0.2350456267595291,0.00023581717687193304,19.626277923583984,18.28853416442871,7.508113861083984,10.145313262939453,8.9983491897583,3.7564446926116943,1268.0,-0.2406684854850567,-0.01885039887079358,-0.22374234296797063,-0.22714473714359182,-0.7558630218687489,0.6337579156065928,57.0,0.6558264842650925,,,,
synthetic_niah_118,niah_single_1,recovery_formal,64,32,physical_delete_aor_57,aor,57,17,18,0.0002817803982502391,0.0009448358199466878,0.3251460852668229,0.9460467135777217,0.29823212911862135,0.00025453911858006826,0.007953823531949053,0.03867485275801554,0.9992741271986387,0.032002107861411715,0.007953823531949053,65.03391112211092,3.913944497388953e-06,5.909039828111418e-06,6.719718385284068e-06,2.318979024887085,0.4225788116455078,6.719718385284068e-06,19.757984161376953,16.969757080078125,8.063612937927246,9.2443208694458,9.711454391479492,5.1902008056640625,1268.0,-0.2406684854850567,-0.01885039887079358,-0.22374234296797063,-0.22714473714359182,-0.7558630218687489,0.6337579156065928,57.0,0.6558264842650925,1.483542830678986e-11,5.076754831121941e-08,1.4835407732776317e-11,5.0771575473018356e-08
synthetic_niah_118,niah_single_1,recovery_formal,64,32,physical_delete_aor_57,aor,57,18,19,0.00021759607145285123,0.001370248513114929,0.2504764249729355,0.9724536215829885,0.15880044340146673,0.00019950615779782167,0.008163856526562529,0.07543825491466735,0.9984538661271105,0.0244377344394397,0.008163856526562529,73.1269156001681,2.7282178683516504e-06,4.963217634212924e-06,5.0846333579102065e-06,2.3501389026641846,0.3523426353931427,5.0846333579102065e-06,25.93419647216797,22.7255859375,7.99921989440918,10.52329158782959,9.43715763092041,3.714508295059204,1268.0,-0.2406684854850567,-0.01885039887079358,-0.22374234296797063,-0.22714473714359182,-0.7558630218687489,0.6337579156065928,57.0,0.6558264842650925,1.0847128858129746e-11,5.02084401079485e-08,1.0846634698127469e-11,5.021237479178934e-08
synthetic_niah_118,niah_single_1,recovery_formal,64,32,physical_delete_aor_57,aor,57,19,20,0.0006811248844265917,0.0013343197330241824,0.4949913830183922,0.8690356696638984,0.5104660206762058,0.0005779089110005055,0.008158531323014966,0.15187144917883733,0.9917166843594897,0.07083491968342909,0.008158531323014966,77.16394449615139,7.489364557164767e-06,4.33961940871086e-06,1.3625595784105826e-05,1.2657488584518433,0.6652596592903137,1.3625595784105826e-05,22.69340705871582,19.55337905883789,8.626851081848145,11.37039852142334,10.087679862976074,2.868798017501831,1268.0,-0.2406684854850567,-0.01885039887079358,-0.22374234296797063,-0.22714473714359182,-0.7558630218687489,0.6337579156065928,57.0,0.6558264842650925,,,,
synthetic_niah_118,niah_single_1,recovery_formal,64,32,physical_delete_aor_57,aor,57,20,21,0.0030552824972281643,0.0033443164768434813,0.8580296128292959,0.5165950310501299,0.9135745729757847,0.0029523151818295753,0.008512746046154004,0.3760424576037722,0.9270633958169875,0.34681114247069655,0.008512746046154004,86.54918174696516,3.411141644829124e-05,3.795961674768478e-05,7.232900679809973e-05,2.4046759605407715,0.41450586915016174,7.232900679809973e-05,20.34054946899414,18.95900535583496,7.778600692749023,10.595624923706055,10.990521430969238,5.4494709968566895,1268.0,-0.2406684854850567,-0.01885039887079358,-0.22374234296797063,-0.22714473714359182,-0.7558630218687489,0.6337579156065928,57.0,0.6558264842650925,,,,
synthetic_niah_118,niah_single_1,recovery_formal,64,32,physical_delete_aor_57,aor,57,21,22,0.004800815249112088,0.004663519927407537,0.9742886223689602,0.23195556774461648,1.0294402776961808,0.005176473714476968,0.010305812275094568,0.527172107433743,0.8501228419968015,0.5022868238136492,0.010305812275094568,108.27856194194979,4.7807004652058224e-05,7.92110149632208e-05,8.914486534195021e-05,2.8889522552490234,0.25102636218070984,8.914486534195021e-05,17.265178680419922,17.327726364135742,5.576168060302734,11.101638793945312,11.089517593383789,7.949995994567871,1268.0,-0.2406684854850567,-0.01885039887079358,-0.22374234296797063,-0.22714473714359182,-0.7558630218687489,0.6337579156065928,57.0,0.6558264842650925,,,,
synthetic_niah_118,niah_single_1,recovery_formal,64,32,physical_delete_aor_57,aor,57,22,23,0.0005986770109443368,0.0016009419436974457,0.37004567277112643,0.9290217796771882,0.37395298018219575,0.0005959581474240482,0.011804635128018747,0.09651912061332106,0.9963950976907492,0.05048509682518852,0.011804635128018747,124.60619359591219,4.782732946298739e-06,9.904270882543642e-06,1.5961086319293827e-05,1.9028300046920776,0.5074917078018188,1.5961086319293827e-05,22.64908218383789,19.663646697998047,7.058263778686523,11.275629043579102,10.95072078704834,11.499346733093262,1268.0,-0.2406684854850567,-0.01885039887079358,-0.22374234296797063,-0.22714473714359182,-0.7558630218687489,0.6337579156065928,57.0,0.6558264842650925,3.066781625152359e-11,6.765634906713515e-08,3.0667412421917496e-11,6.76624552653779e-08
synthetic_niah_118,niah_single_1,recovery_formal,64,32,physical_delete_aor_57,aor,57,23,24,0.0007661779980072054,0.002164868013763214,0.39895038093569923,0.9180777917596483,0.3539144156300548,0.0007339616580339667,0.012038547207720388,0.023001388651277745,1.0004560816890804,0.06096762718704737,0.012038547207720388,149.552351084485,4.907723968975504e-06,1.0283913979947101e-05,1.4287889825936873e-05,1.8685073852539062,0.5473135113716125,1.4287889825936873e-05,21.90583038330078,18.44289207458496,9.21229076385498,11.975183486938477,13.639859199523926,14.381853103637695,1268.0,-0.2406684854850567,-0.01885039887079358,-0.22374234296797063,-0.22714473714359182,-0.7558630218687489,0.6337579156065928,57.0,0.6558264842650925,,,,
synthetic_niah_118,niah_single_1,recovery_formal,64,32,physical_delete_aor_57,aor,57,24,25,0.0015977011381610366,0.002866966107964327,0.47373338055746,0.884622303967368,0.5572793950101751,0.0017060538386816028,0.013780777134385113,0.10601520748011976,0.9945235332485028,0.12379953772162396,0.013780777134385113,172.6526786920756,9.881421195464529e-06,2.364606007176917e-05,4.602488479577005e-05,1.9733633995056152,0.5111415386199951,4.602488479577005e-05,20.726425170898438,18.176755905151367,6.40516996383667,11.950020790100098,15.65322208404541,77.45931243896484,1268.0,-0.2406684854850567,-0.01885039887079358,-0.22374234296797063,-0.22714473714359182,-0.7558630218687489,0.6337579156065928,57.0,0.6558264842650925,,,,
synthetic_niah_118,niah_single_1,recovery_formal,64,32,physical_delete_aor_57,aor,57,25,26,0.00037953075191834204,0.0021862986973374436,0.14129219577771612,0.9904948224783002,0.1735951049966543,0.0003857242429691899,0.014370766653390531,0.038016323875728494,0.9993396066018139,0.026840895289200525,0.014370766653390531,197.75732892612007,1.95049278357361e-06,6.2528647504223045e-06,4.271556463208981e-06,1.752163290977478,0.5679812431335449,4.271556463208981e-06,19.77155876159668,17.582788467407227,8.522623062133789,14.089385986328125,20.827198028564453,70.36172485351562,1268.0,-0.2406684854850567,-0.01885039887079358,-0.22374234296797063,-0.22714473714359182,-0.7558630218687489,0.6337579156065928,57.0,0.6558264842650925,,,,
synthetic_niah_118,niah_single_1,recovery_formal,64,32,physical_delete_aor_57,aor,57,26,27,0.0009575203864809757,0.0045209526009374725,0.18802654276262035,0.9824515325316409,0.21179615691666898,0.0007918837321154288,0.016221630243476254,0.11560090930159314,0.9955383381960782,0.04881653201495549,0.016221630243476254,230.46425140286945,3.4360371610569416e-06,1.7296917576459236e-05,6.873558504594257e-06,2.673401117324829,0.35268130898475647,6.873558504594257e-06,21.274490356445312,17.328210830688477,9.299107551574707,15.353642463684082,26.125120162963867,185.66966247558594,1268.0,-0.2406684854850567,-0.01885039887079358,-0.22374234296797063,-0.22714473714359182,-0.7558630218687489,0.6337579156065928,57.0,0.6558264842650925,1.4477069354315751e-11,6.512004736867279e-08,1.4476038479667392e-11,6.51256652113587e-08
synthetic_niah_118,niah_single_1,recovery_formal,64,32,physical_delete_aor_57,aor,57,27,28,0.001842228651015791,0.004197272426241299,0.25099139552940325,0.9860613887957946,0.43891090783104725,0.0017767701567638426,0.017629528819161258,0.07647969936244604,0.9973673058737029,0.10078375746677352,0.017629528819161258,183.3194874990679,9.692205564195006e-06,3.4040320315398276e-05,1.255127335753059e-05,3.130582809448242,0.16793827712535858,1.255127335753059e-05,18.345252990722656,16.018207550048828,4.710572242736816,15.454809188842773,25.884727478027344,163.9638214111328,1268.0,-0.2406684854850567,-0.01885039887079358,-0.22374234296797063,-0.22714473714359182,-0.7558630218687489,0.6337579156065928,57.0,0.6558264842650925,,,,
synthetic_niah_118,niah_single_1,recovery_formal,64,32,physical_delete_v_ridge_74,v_ridge,74,0,1,0.004838711284576262,0.004838752632128487,0.9999643691143499,0.008441637008503549,0.9999914549150641,0.006108024401645758,0.006105454699186702,0.9999628918635177,0.008626972521548985,1.0004208863361803,0.006105454699186702,16.776359982492096,0.0003640852013201986,0.000153342291014269,0.0003501924511510879,1.3748468160629272,0.5838057994842529,0.0003501924511510879,778.4987182617188,778.8807373046875,1842.883056640625,4.92659854888916,4.135249614715576,0.893284022808075,1251.0,-0.19645436265032354,0.6940716346030933,-0.16950632783111153,-0.1727397861972606,-1.4828647718431138,1.1071638915272168,74.0,0.5062468938633385,7.021120399430727e-09,7.108428141799222e-09,7.020840394994656e-09,7.108143060172535e-09
synthetic_niah_118,niah_single_1,recovery_formal,64,32,physical_delete_v_ridge_74,v_ridge,74,1,2,0.0012011652260153233,0.001577269035770666,0.7638638545153994,0.6453815750810098,0.761547458787476,0.0014191522787016918,0.0068073760925302235,0.28353155467746677,0.961895880359147,0.20847273008155617,0.0068073760925302235,22.012739167586382,6.446959044476321e-05,6.199797644512728e-05,9.652605513110757e-05,2.530012607574463,0.2638792097568512,9.652605513110757e-05,91.7200927734375,91.14424133300781,3903.460205078125,3.9812302589416504,3.968630313873291,0.5178232789039612,1251.0,-0.19645436265032354,0.6940716346030933,-0.16950632783111153,-0.1727397861972606,-1.4828647718431138,1.1071638915272168,74.0,0.5062468938633385,,,,
synthetic_niah_118,niah_single_1,recovery_formal,64,32,physical_delete_v_ridge_74,v_ridge,74,2,3,0.0014183396136306084,0.0025658536734516147,0.5256793093517963,0.8511142326315925,0.5527749412625866,0.0013595028760434536,0.008236951233746724,0.28775530498915614,0.9655328336492863,0.16504928066996208,0.008236951233746724,33.34983970937136,4.076489985831719e-05,2.708780266402755e-05,4.7363304474856704e-05,1.6545335054397583,0.5419492125511169,4.7363304474856704e-05,26.21214485168457,27.409679412841797,49.979736328125,5.869656562805176,5.906766414642334,1.3424278497695923,1251.0,-0.19645436265032354,0.6940716346030933,-0.16950632783111153,-0.1727397861972606,-1.4828647718431138,1.1071638915272168,74.0,0.5062468938633385,,,,
synthetic_niah_118,niah_single_1,recovery_formal,64,32,physical_delete_v_ridge_74,v_ridge,74,3,4,0.0015153158678786912,0.002395299079010422,0.6081484402953315,0.7942004582317962,0.6326207366575363,0.0019475949477028352,0.009624920582306512,0.297899719428474,0.9593673225447189,0.20234919665551301,0.009624920582306512,43.149756758236975,4.513571092914802e-05,4.146578794461675e-05,5.054444773122668e-05,2.036639451980591,0.4269818365573883,5.054444773122668e-05,23.401123046875,21.966337203979492,10.119792938232422,6.738663673400879,6.483431816101074,1.406286358833313,1251.0,-0.19645436265032354,0.6940716346030933,-0.16950632783111153,-0.1727397861972606,-1.4828647718431138,1.1071638915272168,74.0,0.5062468938633385,,,,
synthetic_niah_118,niah_single_1,recovery_formal,64,32,physical_delete_v_ridge_74,v_ridge,74,4,5,0.00030465702152232104,0.002378195563858311,0.04694872252095239,1.002188625637406,0.12810427626399862,0.000337255693960157,0.009486008865443488,0.06936937112259611,0.9981640346204571,0.0355529600218637,0.009486008865443488,49.24976038939579,6.847864665607047e-06,5.8265304687665775e-06,7.18268802302191e-06,1.8203290700912476,0.5064024329185486,7.18268802302191e-06,21.978317260742188,18.918312072753906,7.346606731414795,7.088335990905762,6.824862957000732,2.0272281169891357,1251.0,-0.19645436265032354,0.6940716346030933,-0.16950632783111153,-0.1727397861972606,-1.4828647718431138,1.1071638915272168,74.0,0.5062468938633385,1.6746400126477218e-11,9.483613521990228e-09,1.6747319466426795e-11,9.483163146658941e-09
synthetic_niah_118,niah_single_1,recovery_formal,64,32,physical_delete_v_ridge_74,v_ridge,74,5,6,0.0005271030971279462,0.0022168882919497844,0.31693468141042863,0.9517457191314929,0.23776709861386458,0.0004232963207539495,0.007783186611247364,0.04156974395405462,0.9992178003760397,0.05438599148352045,0.007783186611247364,43.279860749832295,9.780445533332491e-06,8.852322935126722e-06,1.7477677829447202e-05,1.7711306810379028,0.5669216513633728,1.7477677829447202e-05,19.33382225036621,17.731433868408203,5.610321998596191,7.651729583740234,7.756680488586426,1.6738569736480713,1251.0,-0.19645436265032354,0.6940716346030933,-0.16950632783111153,-0.1727397861972606,-1.4828647718431138,1.1071638915272168,74.0,0.5062468938633385,,,,
synthetic_niah_118,niah_single_1,recovery_formal,64,32,physical_delete_v_ridge_74,v_ridge,74,6,7,0.0003379410236313257,0.0007048381545412814,0.4783402299538034,0.8781753105955173,0.47945903815502505,0.00029830239295062204,0.006522775579933756,0.13325244411414477,0.9949389622467366,0.04573243235108382,0.006522775579933756,46.96129140960781,6.352090924177446e-06,4.368616373540135e-06,1.248487205884885e-05,1.5111333131790161,0.5689591765403748,1.248487205884885e-05,21.66643524169922,19.7072696685791,6.6600117683410645,7.403369426727295,6.844982624053955,1.1730653047561646,1251.0,-0.19645436265032354,0.6940716346030933,-0.16950632783111153,-0.1727397861972606,-1.4828647718431138,1.1071638915272168,74.0,0.5062468938633385,,,,
synthetic_niah_118,niah_single_1,recovery_formal,64,32,physical_delete_v_ridge_74,v_ridge,74,7,8,0.0005675328173914136,0.0014337717224940769,0.36447051705570715,0.9317428769248294,0.39583206202740423,0.0005206128524293208,0.0050061255600629805,0.1506987052573184,0.9896823333417284,0.10399516476026444,0.0050061255600629805,48.44891887640389,1.074560309090561e-05,1.835441798903048e-05,1.98830875888234e-05,2.366988182067871,0.340444952249527,1.98830875888234e-05,33.85591125488281,33.36918640136719,195.52682495117188,6.326544284820557,6.183797359466553,1.4968581199645996,1251.0,-0.19645436265032354,0.6940716346030933,-0.16950632783111153,-0.1727397861972606,-1.4828647718431138,1.1071638915272168,74.0,0.5062468938633385,5.077296784086092e-12,8.205130257144758e-09,5.079413465142048e-12,8.204772840331672e-09
synthetic_niah_118,niah_single_1,recovery_formal,64,32,physical_delete_v_ridge_74,v_ridge,74,8,9,0.0009642173397069466,0.0013122251482812091,0.6961299708161979,0.7189562566696266,0.7347956568047082,0.0008000824455933984,0.004286457366993981,0.19006553834397397,0.9817773336456543,0.18665354092964712,0.004286457366993981,49.22273923654295,1.625432590714938e-05,1.3425575161818415e-05,3.7949263059999794e-05,1.902818202972412,0.4755847454071045,3.7949263059999794e-05,23.66204833984375,21.021068572998047,13.355241775512695,8.928069114685059,8.238748550415039,3.2302169799804688,1251.0,-0.19645436265032354,0.6940716346030933,-0.16950632783111153,-0.1727397861972606,-1.4828647718431138,1.1071638915272168,74.0,0.5062468938633385,,,,
synthetic_niah_118,niah_single_1,recovery_formal,64,32,physical_delete_v_ridge_74,v_ridge,74,9,10,0.001435887868179721,0.0016139078934370298,0.9281580271082022,0.37416838695114035,0.889696291850837,0.0012248639099297033,0.004188136706712304,0.20746072406391816,0.9819292152102829,0.2924603459019426,0.004188136706712304,50.44341651158446,2.4281937954151265e-05,1.430444262950914e-05,3.505587301333435e-05,2.052353620529175,0.43350303173065186,3.505587301333435e-05,22.39633560180664,19.690967559814453,7.115087032318115,8.087658882141113,7.565380573272705,2.8471667766571045,1251.0,-0.19645436265032354,0.6940716346030933,-0.16950632783111153,-0.1727397861972606,-1.4828647718431138,1.1071638915272168,74.0,0.5062468938633385,,,,
synthetic_niah_118,niah_single_1,recovery_formal,64,32,physical_delete_v_ridge_74,v_ridge,74,10,11,0.0001578990264143358,0.000755063053162426,0.18574262636298472,0.9828764893194261,0.2091203188303391,0.0001287557857834495,0.0037877880068164656,0.13294867388151332,0.9960507043870841,0.03399234211411564,0.0037877880068164656,51.019776092115755,2.523644665766115e-06,2.1825769636052428e-06,3.042163370992057e-06,2.1371660232543945,0.4464523494243622,3.042163370992057e-06,24.42937469482422,19.811677932739258,11.314871788024902,9.123833656311035,8.521885871887207,3.8732049465179443,1251.0,-0.19645436265032354,0.6940716346030933,-0.16950632783111153,-0.1727397861972606,-1.4828647718431138,1.1071638915272168,74.0,0.5062468938633385,2.438647468546733e-12,1.0362226398007146e-08,2.4376641453008777e-12,1.0361687222367073e-08
synthetic_niah_118,niah_single_1,recovery_formal,64,32,physical_delete_v_ridge_74,v_ridge,74,11,12,0.0001786897567410757,0.0006018335267742127,0.22922991624953026,0.9757223458843789,0.2969089437387126,0.00019982003457249474,0.003675888387406604,0.10469393544415857,0.9957774447108073,0.05435965772439322,0.003675888387406604,54.24204604704684,3.683858724635513e-06,2.9352661385928513e-06,5.474900717672426e-06,2.300588846206665,0.3793734312057495,5.474900717672426e-06,21.67263412475586,19.314525604248047,7.756937026977539,6.732100486755371,7.309541702270508,1.2039834260940552,1251.0,-0.19645436265032354,0.6940716346030933,-0.16950632783111153,-0.1727397861972606,-1.4828647718431138,1.1071638915272168,74.0,0.5062468938633385,,,,
synthetic_niah_118,niah_single_1,recovery_formal,64,32,physical_delete_v_ridge_74,v_ridge,74,12,13,7.914511792814848e-05,0.00037040319463917045,-0.0755737444893873,1.038244778368799,0.2136728815345342,6.169596817780867e-05,0.0035709331371600282,0.020086985801024297,0.9998021841927346,0.017277267819938973,0.0035709331371600282,53.41291379676432,1.1550758757060382e-06,1.4783234973947401e-06,1.9751953459490323e-06,2.053361415863037,0.4991839826107025,1.9751953459490323e-06,22.25798225402832,18.2425537109375,7.4253926277160645,9.656124114990234,8.632246017456055,1.3078949451446533,1251.0,-0.19645436265032354,0.6940716346030933,-0.16950632783111153,-0.1727397861972606,-1.4828647718431138,1.1071638915272168,74.0,0.5062468938633385,,,,
synthetic_niah_118,niah_single_1,recovery_formal,64,32,physical_delete_v_ridge_74,v_ridge,74,13,14,0.00016842174091301403,0.00028608569835710483,0.5442091588210518,0.8401290303867426,0.5887108019736889,0.00015983712028400711,0.003487412594853434,0.01505827125678332,1.0003600884720514,0.04583258101432779,0.003487412594853434,54.88409766174471,2.9122665233397236e-06,2.3810625862097368e-06,3.258238848502515e-06,2.495785713195801,0.2713986933231354,3.258238848502515e-06,23.54071807861328,19.782615661621094,6.294280529022217,8.245441436767578,7.885066509246826,2.527679920196533,1251.0,-0.19645436265032354,0.6940716346030933,-0.16950632783111153,-0.1727397861972606,-1.4828647718431138,1.1071638915272168,74.0,0.5062468938633385,,,,
synthetic_niah_118,niah_single_1,recovery_formal,64,32,physical_delete_v_ridge_74,v_ridge,74,14,15,6.655373488110073e-05,0.00027110981643174676,0.2644056044041886,0.9645971272779644,0.24548625998518928,5.109975314889436e-05,0.003421882911000124,0.0017942845326439432,1.0000847025844912,0.014933226670213353,0.003421882911000124,54.68002101855491,9.345232901712741e-07,7.775846029289823e-07,1.18426851258846e-06,1.3109495639801025,0.6774399876594543,1.18426851258846e-06,22.090229034423828,19.924266815185547,12.615121841430664,11.328709602355957,9.93275260925293,3.37424373626709,1251.0,-0.19645436265032354,0.6940716346030933,-0.16950632783111153,-0.1727397861972606,-1.4828647718431138,1.1071638915272168,74.0,0.5062468938633385,1.4335244606426212e-12,1.0277878956893268e-08,1.4343343878440592e-12,1.0277358230225625e-08
synthetic_niah_118,niah_single_1,recovery_formal,64,32,physical_delete_v_ridge_74,v_ridge,74,15,16,0.00015956207671871447,0.0004030389831915286,0.39685023618852505,0.9178838695475828,0.39589737810272513,0.00014029267757074786,0.0033763242958911146,0.10784373349660926,0.9963756002646341,0.04155189646370162,0.0033763242958911146,54.84766043380131,2.557860744854831e-06,2.3830641566746635e-06,3.819583071162924e-06,2.234529733657837,0.404329389333725,3.819583071162924e-06,57.81089782714844,55.80352020263672,1402.765380859375,9.748143196105957,8.405535697937012,3.7499125003814697,1251.0,-0.19645436265032354,0.6940716346030933,-0.16950632783111153,-0.1727397861972606,-1.4828647718431138,1.1071638915272168,74.0,0.5062468938633385,,,,
synthetic_niah_118,niah_single_1,recovery_formal,64,32,physical_delete_v_ridge_74,v_ridge,74,16,17,0.0008044723410973601,0.0008215161281004238,0.9724192116000464,0.23334005450710324,0.9792532533202072,0.0008763049523963796,0.0034899314646387007,0.29410838203103745,0.9567394606603974,0.2510951751561402,0.0034899314646387007,59.57422738612966,1.4709463988791987e-05,1.2790015716745984e-05,1.6609279555268586e-05,2.9760591983795166,0.2350456267595291,1.6609279555268586e-05,21.211530685424805,18.28853416442871,7.508113861083984,9.69486141204834,8.9983491897583,3.7564446926116943,1251.0,-0.19645436265032354,0.6940716346030933,-0.16950632783111153,-0.1727397861972606,-1.4828647718431138,1.1071638915272168,74.0,0.5062468938633385,,,,
synthetic_niah_118,niah_single_1,recovery_formal,64,32,physical_delete_v_ridge_74,v_ridge,74,17,18,0.00034190035573262485,0.0004064946738078028,0.841377301373004,0.5404482554513629,0.841094306426954,0.0003029568371609762,0.003471255438282387,0.13445752336873493,0.9920419763583466,0.08727586965218623,0.003471255438282387,65.03391112211092,4.658444063007825e-06,6.250096248550108e-06,6.866694093332626e-06,2.318979024887085,0.4225788116455078,6.866694093332626e-06,20.56659698486328,16.969757080078125,8.063612937927246,10.50409984588623,9.711454391479492,5.1902008056640625,1251.0,-0.19645436265032354,0.6940716346030933,-0.16950632783111153,-0.1727397861972606,-1.4828647718431138,1.1071638915272168,74.0,0.5062468938633385,2.279181236387134e-11,8.164656421076903e-09,2.2792201262051914e-11,8.164327099397779e-09
synthetic_niah_118,niah_single_1,recovery_formal,64,32,physical_delete_v_ridge_74,v_ridge,74,18,19,0.0008084142694602109,0.0008838818416164727,0.916977208440545,0.39894656900343534,0.9146180308238439,0.0008212217808941095,0.0036816273185119163,0.35129648518184803,0.9450055637762186,0.2230594543790056,0.0036816273185119163,73.1269156001681,1.1230089142337923e-05,9.482972927798983e-06,1.8322854884900153e-05,2.3501389026641846,0.3523426353931427,1.8322854884900153e-05,25.277250289916992,22.7255859375,7.99921989440918,10.548992156982422,9.43715763092041,3.714508295059204,1251.0,-0.19645436265032354,0.6940716346030933,-0.16950632783111153,-0.1727397861972606,-1.4828647718431138,1.1071638915272168,74.0,0.5062468938633385,1.5832748075148465e-10,8.552772563742359e-09,1.5832995466899346e-10,8.552459889982349e-09
synthetic_niah_118,niah_single_1,recovery_formal,64,32,physical_delete_v_ridge_74,v_ridge,74,19,20,0.0001390888053224208,0.0006017079491109545,0.16841690137618576,0.98771049695352,0.23115666915806846,0.0001218635808850128,0.003969027026479609,0.1225891017891663,0.9967019865684646,0.030703640986063433,0.003969027026479609,77.16394449615139,1.579281381748063e-06,1.621768774384691e-06,3.374684638401959e-06,1.2657488584518433,0.6652596592903137,3.374684638401959e-06,22.578372955322266,19.55337905883789,8.626851081848145,10.070697784423828,10.087679862976074,2.868798017501831,1251.0,-0.19645436265032354,0.6940716346030933,-0.16950632783111153,-0.1727397861972606,-1.4828647718431138,1.1071638915272168,74.0,0.5062468938633385,,,,
synthetic_niah_118,niah_single_1,recovery_formal,64,32,physical_delete_v_ridge_74,v_ridge,74,20,21,0.0009909990460241372,0.001250957996352388,0.7006081607837733,0.7193996271433163,0.792192103103179,0.0009355988025191031,0.0041528975520778895,0.20850508365067283,0.9781652738627891,0.22528819716512852,0.0041528975520778895,86.54918174696516,1.0810024816345647e-05,1.5709529179730453e-05,1.895540117402561e-05,2.4046759605407715,0.41450586915016174,1.895540117402561e-05,21.29021453857422,18.95900535583496,7.778600692749023,11.517093658447266,10.990521430969238,5.4494709968566895,1251.0,-0.19645436265032354,0.6940716346030933,-0.16950632783111153,-0.1727397861972606,-1.4828647718431138,1.1071638915272168,74.0,0.5062468938633385,,,,
synthetic_niah_118,niah_single_1,recovery_formal,64,32,physical_delete_v_ridge_74,v_ridge,74,21,22,0.01209812004170518,0.012009651065732244,0.9983462776439835,0.058189983223872574,1.0073664901243775,0.012747289424357832,0.013972926733592319,0.9501458210416176,0.31409611838821233,0.9122848539463152,0.013972926733592319,108.27856194194979,0.00011772680755763914,0.00014580819697584957,0.0002510863123461604,2.8889522552490234,0.25102636218070984,0.0002510863123461604,19.15145492553711,17.327726364135742,5.576168060302734,11.160444259643555,11.089517593383789,7.949995994567871,1251.0,-0.19645436265032354,0.6940716346030933,-0.16950632783111153,-0.1727397861972606,-1.4828647718431138,1.1071638915272168,74.0,0.5062468938633385,,,,
synthetic_niah_118,niah_single_1,recovery_formal,64,32,physical_delete_v_ridge_74,v_ridge,74,22,23,0.0013524140752150268,0.0022261797438300843,0.5854309505034181,0.8110227130381737,0.6075044384728043,0.0013488348370860807,0.01646012452718978,0.2306800283909651,0.9843315770952863,0.08194560344048417,0.01646012452718978,124.60619359591219,1.0824781643360707e-05,1.4201442354533356e-05,2.070003938570153e-05,1.9028300046920776,0.5074917078018188,2.070003938570153e-05,22.331607818603516,19.663646697998047,7.058263778686523,13.781806945800781,10.95072078704834,11.499346733093262,1251.0,-0.19645436265032354,0.6940716346030933,-0.16950632783111153,-0.1727397861972606,-1.4828647718431138,1.1071638915272168,74.0,0.5062468938633385,1.3978537646719565e-10,2.760113669184153e-08,1.3978466404031943e-10,2.7601040058750585e-08
synthetic_niah_118,niah_single_1,recovery_formal,64,32,physical_delete_v_ridge_74,v_ridge,74,23,24,0.008651034342196629,0.0074478270543814375,0.9560384361248666,0.3580867339903311,1.1615514537367464,0.008096885348381204,0.01947664359885101,0.5504855610535216,0.8456516075837679,0.4157228275645433,0.01947664359885101,149.552351084485,5.4140809486887426e-05,7.130685116862878e-05,8.957934915088117e-05,1.8685073852539062,0.5473135113716125,8.957934915088117e-05,21.184925079345703,18.44289207458496,9.21229076385498,16.062259674072266,13.639859199523926,14.381853103637695,1251.0,-0.19645436265032354,0.6940716346030933,-0.16950632783111153,-0.1727397861972606,-1.4828647718431138,1.1071638915272168,74.0,0.5062468938633385,,,,
synthetic_niah_118,niah_single_1,recovery_formal,64,32,physical_delete_v_ridge_74,v_ridge,74,24,25,0.017501666688209166,0.013537457430824176,0.9694693283553556,0.40582391004152285,1.2928326295866066,0.018554947476960203,0.028619963040681578,0.7070404414955985,0.70960671269479,0.6483218531968559,0.028619963040681578,172.6526786920756,0.00010746979205606635,7.093378371791914e-05,0.0001258564880117774,1.9733633995056152,0.5111415386199951,0.0001258564880117774,20.279834747314453,18.176755905151367,6.40516996383667,20.035823822021484,15.65322208404541,77.45931243896484,1251.0,-0.19645436265032354,0.6940716346030933,-0.16950632783111153,-0.1727397861972606,-1.4828647718431138,1.1071638915272168,74.0,0.5062468938633385,,,,
synthetic_niah_118,niah_single_1,recovery_formal,64,32,physical_delete_v_ridge_74,v_ridge,74,25,26,0.0031985752565112536,0.004510461585577689,0.6112745481852219,0.7974473177591359,0.709145881374708,0.0034039024660551974,0.03251134940891652,0.4600714565075689,0.9563597178984465,0.1046988983213858,0.03251134940891652,197.75732892612007,1.7212522461439885e-05,3.071672472287901e-05,5.02891416545026e-05,1.752163290977478,0.5679812431335449,5.02891416545026e-05,19.349803924560547,17.582788467407227,8.522623062133789,26.25484848022461,20.827198028564453,70.36172485351562,1251.0,-0.19645436265032354,0.6940716346030933,-0.16950632783111153,-0.1727397861972606,-1.4828647718431138,1.1071638915272168,74.0,0.5062468938633385,,,,
synthetic_niah_118,niah_single_1,recovery_formal,64,32,physical_delete_v_ridge_74,v_ridge,74,26,27,0.06283720374653756,0.058212903833852345,0.9944462912130592,0.1352779197351101,1.0794377123993608,0.06787914463166254,0.07813727686672807,0.886650149103112,0.4627884262925284,0.8687165377856471,0.07813727686672807,230.46425140286945,0.00029453220713612766,0.00021425403247121722,0.0003985809162259102,2.673401117324829,0.35268130898475647,0.0003985809162259102,19.948440551757812,17.328210830688477,9.299107551574707,36.90471649169922,26.125120162963867,185.66966247558594,1251.0,-0.19645436265032354,0.6940716346030933,-0.16950632783111153,-0.1727397861972606,-1.4828647718431138,1.1071638915272168,74.0,0.5062468938633385,1.1315816394476784e-07,7.060332207935914e-08,1.1312757984008999e-07,7.059122804393341e-08
synthetic_niah_118,niah_single_1,recovery_formal,64,32,physical_delete_v_ridge_74,v_ridge,74,27,28,0.03478143778500459,0.03225413852135739,0.9264372429302982,0.40594739438217664,1.0783558135330051,0.03697555381875043,0.10515162059155667,0.4919972054858563,0.8818383035475481,0.35164036094484546,0.10515162059155667,183.3194874990679,0.00020170007195191637,0.00028062507044523954,0.00019132139277644455,3.130582809448242,0.16793827712535858,0.00019132139277644455,17.38764190673828,16.018207550048828,4.710572242736816,37.25457000732422,25.884727478027344,163.9638214111328,1251.0,-0.19645436265032354,0.6940716346030933,-0.16950632783111153,-0.1727397861972606,-1.4828647718431138,1.1071638915272168,74.0,0.5062468938633385,,,,
synthetic_niah_118,niah_single_1,recovery_formal,64,32,physical_delete_key_query_32,key_query,32,0,1,0.0018433263138878059,0.0018430527598965944,0.9997554182715628,0.02211917924486425,1.0001484243952012,0.002332986519669741,0.0023319687923566697,0.9997460309747889,0.022546622646933794,1.0004364240706851,0.0023319687923566697,16.776359982492096,0.00013906392817658055,7.235785597003996e-05,0.0002047604211838916,1.3748468160629272,0.5838057994842529,0.0002047604211838916,779.73486328125,778.8807373046875,1842.883056640625,3.1908457279205322,4.135249614715576,0.893284022808075,1293.0,0.1992981231726687,-1.543522363852855,0.036388317063342036,0.0577745776937228,0.7803672672755317,-1.1726250958068907,32.0,0.33799673189814516,2.63244741223066e-10,2.855799308302491e-10,2.632401128650511e-10,2.855734373427341e-10
synthetic_niah_118,niah_single_1,recovery_formal,64,32,physical_delete_key_query_32,key_query,32,1,2,0.002724309506835547,0.0027174941503232473,0.9810007431269933,0.1951924747570298,1.002507956277105,0.002797781442519694,0.003460489203625235,0.7050417710518058,0.7166716587820359,0.8084930418475853,0.003460489203625235,22.012739167586382,0.0001270982870972918,0.00013444185606203973,0.0002710288972593844,2.530012607574463,0.2638792097568512,0.0002710288972593844,90.94110107421875,91.14424133300781,3903.460205078125,3.317990779876709,3.968630313873291,0.5178232789039612,1293.0,0.1992981231726687,-1.543522363852855,0.036388317063342036,0.0577745776937228,0.7803672672755317,-1.1726250958068907,32.0,0.33799673189814516,,,,
synthetic_niah_118,niah_single_1,recovery_formal,64,32,physical_delete_key_query_32,key_query,32,2,3,0.0028435331616063096,0.0029237504170342623,0.9508099033044253,0.3105378399875863,0.972563576233938,0.00399683192394117,0.005371824664885075,0.7604339925902526,0.6496222217911886,0.7440361838441871,0.005371824664885075,33.34983970937136,0.00011984561121647771,7.591331814182922e-05,0.00012030822108499706,1.6545335054397583,0.5419492125511169,0.00012030822108499706,27.077808380126953,27.409679412841797,49.979736328125,5.3337860107421875,5.906766414642334,1.3424278497695923,1293.0,0.1992981231726687,-1.543522363852855,0.036388317063342036,0.0577745776937228,0.7803672672755317,-1.1726250958068907,32.0,0.33799673189814516,,,,
synthetic_niah_118,niah_single_1,recovery_formal,64,32,physical_delete_key_query_32,key_query,32,3,4,0.01431125166768492,0.014260169973191036,0.9946335468557802,0.10384692821032339,1.0035821238168912,0.014833983359120706,0.015976632958065496,0.9382699342387031,0.3460424458191745,0.9284799493144802,0.015976632958065496,43.149756758236975,0.00034377907255036855,0.00028134541935287416,0.0003561420598998666,2.036639451980591,0.4269818365573883,0.0003561420598998666,19.79591178894043,21.966337203979492,10.119792938232422,7.179871082305908,6.483431816101074,1.406286358833313,1293.0,0.1992981231726687,-1.543522363852855,0.036388317063342036,0.0577745776937228,0.7803672672755317,-1.1726250958068907,32.0,0.33799673189814516,,,,
synthetic_niah_118,niah_single_1,recovery_formal,64,32,physical_delete_key_query_32,key_query,32,4,5,0.010821158527612465,0.010796488069414394,0.9661840126168432,0.2603684663769207,1.0022850447330147,0.010340316996025757,0.018412596693565837,0.5379299149052882,0.8433215118813666,0.5615892841252051,0.018412596693565837,49.24976038939579,0.00020995669652541462,0.0003509707748889923,0.0005280922632664442,1.8203290700912476,0.5064024329185486,0.0005280922632664442,16.75384521484375,18.918312072753906,7.346606731414795,5.0718770027160645,6.824862957000732,2.0272281169891357,1293.0,0.1992981231726687,-1.543522363852855,0.036388317063342036,0.0577745776937228,0.7803672672755317,-1.1726250958068907,32.0,0.33799673189814516,1.938633186795958e-09,4.776268524012521e-09,1.938659303742049e-09,4.776124677469361e-09
synthetic_niah_118,niah_single_1,recovery_formal,64,32,physical_delete_key_query_32,key_query,32,5,6,0.07670267058444609,0.07712836341466263,0.9977051818524266,0.06778471245087113,0.9944807226373014,0.0547547387426326,0.0574401940764742,0.9675334683044697,0.2531463370781363,0.9532478018743066,0.0574401940764742,43.279860749832295,0.0012651320451128015,0.0013038390316069126,0.002398447599261999,1.7711306810379028,0.5669216513633728,0.002398447599261999,15.70635986328125,17.731433868408203,5.610321998596191,6.838040351867676,7.756680488586426,1.6738569736480713,1293.0,0.1992981231726687,-1.543522363852855,0.036388317063342036,0.0577745776937228,0.7803672672755317,-1.1726250958068907,32.0,0.33799673189814516,,,,
synthetic_niah_118,niah_single_1,recovery_formal,64,32,physical_delete_key_query_32,key_query,32,6,7,0.007045045753789551,0.010864959714890737,0.6820194446457643,0.7321055050104048,0.6484189484968007,0.005722696604229005,0.04880670964928877,0.19538096119410367,0.9838345263563283,0.11725225169552887,0.04880670964928877,46.96129140960781,0.00012185986442140726,0.000224218238145113,0.0003214423486497253,1.5111333131790161,0.5689591765403748,0.0003214423486497253,16.43752670288086,19.7072696685791,6.6600117683410645,6.831071853637695,6.844982624053955,1.1730653047561646,1293.0,0.1992981231726687,-1.543522363852855,0.036388317063342036,0.0577745776937228,0.7803672672755317,-1.1726250958068907,32.0,0.33799673189814516,,,,
synthetic_niah_118,niah_single_1,recovery_formal,64,32,physical_delete_key_query_32,key_query,32,7,8,0.008120279709740634,0.012937379437394191,0.5003349804559932,0.8751437877667215,0.6276603193897046,0.007630644535991819,0.04103072044202185,0.30410420240674374,0.959935098930653,0.18597393498791337,0.04103072044202185,48.44891887640389,0.00015749875772167493,0.0003744086716324091,0.0003816334647126496,2.366988182067871,0.340444952249527,0.0003816334647126496,33.053768157958984,33.36918640136719,195.52682495117188,4.487927436828613,6.183797359466553,1.4968581199645996,1293.0,0.1992981231726687,-1.543522363852855,0.036388317063342036,0.0577745776937228,0.7803672672755317,-1.1726250958068907,32.0,0.33799673189814516,4.140601647565045e-09,7.876374160913492e-08,4.140683869847462e-09,7.875616442855048e-08
synthetic_niah_118,niah_single_1,recovery_formal,64,32,physical_delete_key_query_32,key_query,32,8,9,0.007266500371703327,0.00954600950583769,0.7278595769682074,0.6865366446798862,0.761208164234451,0.006393169062171544,0.034666907815908136,0.3076895219427103,0.9594390335364159,0.18441705548476442,0.034666907815908136,49.22273923654295,0.0001298824316023692,0.00017690185632091016,0.00026304475613869727,1.902818202972412,0.4755847454071045,0.00026304475613869727,18.56939697265625,21.021068572998047,13.355241775512695,7.304878234863281,8.238748550415039,3.2302169799804688,1293.0,0.1992981231726687,-1.543522363852855,0.036388317063342036,0.0577745776937228,0.7803672672755317,-1.1726250958068907,32.0,0.33799673189814516,,,,
synthetic_niah_118,niah_single_1,recovery_formal,64,32,physical_delete_key_query_32,key_query,32,9,10,0.0426330710030009,0.043331097634452524,0.9900022832205221,0.14118367004536955,0.9838908620007673,0.03927953423086402,0.052863838768914435,0.8179870734127407,0.5800994581249939,0.7430321964049572,0.052863838768914435,50.44341651158446,0.000778685048461049,0.0010846633231267333,0.0016425412613898516,2.052353620529175,0.43350303173065186,0.0016425412613898516,16.227933883666992,19.690967559814453,7.115087032318115,6.359188079833984,7.565380573272705,2.8471667766571045,1293.0,0.1992981231726687,-1.543522363852855,0.036388317063342036,0.0577745776937228,0.7803672672755317,-1.1726250958068907,32.0,0.33799673189814516,,,,
synthetic_niah_118,niah_single_1,recovery_formal,64,32,physical_delete_key_query_32,key_query,32,10,11,0.03572930834021078,0.035653453215251485,0.8758951296733901,0.49874076447615856,1.0021275674056405,0.036190790139100384,0.06146690669957216,0.7047554846680468,0.7188663781684765,0.5887849589696742,0.06146690669957216,51.019776092115755,0.0007093482745545224,0.000958703167270869,0.0012344971764832735,2.1371660232543945,0.4464523494243622,0.0012344971764832735,16.06328010559082,19.811677932739258,11.314871788024902,8.363929748535156,8.521885871887207,3.8732049465179443,1293.0,0.1992981231726687,-1.543522363852855,0.036388317063342036,0.0577745776937228,0.7803672672755317,-1.1726250958068907,32.0,0.33799673189814516,2.8351860755193277e-07,1.4707907421795778e-06,2.8344743222701226e-07,1.4700037528482454e-06
synthetic_niah_118,niah_single_1,recovery_formal,64,32,physical_delete_key_query_32,key_query,32,11,12,0.1412429644111699,0.1419265985853219,0.9824787569496879,0.18680710541559667,0.9951831849634514,0.1371489342673088,0.14580434390416983,0.9580041725332284,0.2872797075546606,0.9406368191434007,0.14580434390416983,54.24204604704684,0.002528461668801222,0.003645033808425069,0.004827078431844711,2.300588846206665,0.3793734312057495,0.004827078431844711,14.801084518432617,19.314525604248047,7.756937026977539,5.940246105194092,7.309541702270508,1.2039834260940552,1293.0,0.1992981231726687,-1.543522363852855,0.036388317063342036,0.0577745776937228,0.7803672672755317,-1.1726250958068907,32.0,0.33799673189814516,,,,
synthetic_niah_118,niah_single_1,recovery_formal,64,32,physical_delete_key_query_32,key_query,32,12,13,0.05032634110770225,0.0558869650104066,0.8393300589079152,0.547053102133968,0.9005023103031463,0.0409793616692161,0.14522166501704933,0.19246735099970125,0.9853961427766598,0.28218490446590755,0.14522166501704933,53.41291379676432,0.0007672182391161474,0.001859594020061195,0.0021195700392127037,2.053361415863037,0.4991839826107025,0.0021195700392127037,14.18115234375,18.2425537109375,7.4253926277160645,6.885674476623535,8.632246017456055,1.3078949451446533,1293.0,0.1992981231726687,-1.543522363852855,0.036388317063342036,0.0577745776937228,0.7803672672755317,-1.1726250958068907,32.0,0.33799673189814516,,,,
synthetic_niah_118,niah_single_1,recovery_formal,64,32,physical_delete_key_query_32,key_query,32,13,14,0.018301803746800023,0.03643775501638061,0.3333953117225001,0.9577933997090858,0.5022758328160568,0.016742164683620633,0.1378881681724518,-0.0533169331057887,1.0137503396931535,0.12141842846647875,0.1378881681724518,54.88409766174471,0.0003050458219574638,0.0006018175045028329,0.0006498378934338689,2.495785713195801,0.2713986933231354,0.0006498378934338689,16.97330093383789,19.782615661621094,6.294280529022217,6.601301193237305,7.885066509246826,2.527679920196533,1293.0,0.1992981231726687,-1.543522363852855,0.036388317063342036,0.0577745776937228,0.7803672672755317,-1.1726250958068907,32.0,0.33799673189814516,,,,
synthetic_niah_118,niah_single_1,recovery_formal,64,32,physical_delete_key_query_32,key_query,32,14,15,0.011790824252760332,0.042979687256627215,0.28477546723763114,0.9586511047426318,0.27433480803056,0.009031726006850458,0.13062099253374665,0.22894513005760433,0.9864686320236506,0.06914452134879516,0.13062099253374665,54.68002101855491,0.00016517415024009714,0.00018199678743258119,0.0004278418782632798,1.3109495639801025,0.6774399876594543,0.0004278418782632798,18.887104034423828,19.924266815185547,12.615121841430664,8.19268798828125,9.93275260925293,3.37424373626709,1293.0,0.1992981231726687,-1.543522363852855,0.036388317063342036,0.0577745776937228,0.7803672672755317,-1.1726250958068907,32.0,0.33799673189814516,3.094208797544556e-08,2.0156209997509306e-06,3.094305573221679e-08,2.015780657587713e-06
synthetic_niah_118,niah_single_1,recovery_formal,64,32,physical_delete_key_query_32,key_query,32,15,16,0.01622509986890944,0.04750898449855188,0.2596284311747566,0.9691742494696142,0.34151645294384264,0.014501562422027292,0.10775680677083346,0.2646663501713368,0.973075034801235,0.1345767646295216,0.10775680677083346,54.84766043380131,0.00026439710112211685,0.0004917792393825948,0.0005646931240335107,2.234529733657837,0.404329389333725,0.0005646931240335107,53.43925857543945,55.80352020263672,1402.765380859375,6.991697311401367,8.405535697937012,3.7499125003814697,1293.0,0.1992981231726687,-1.543522363852855,0.036388317063342036,0.0577745776937228,0.7803672672755317,-1.1726250958068907,32.0,0.33799673189814516,,,,
synthetic_niah_118,niah_single_1,recovery_formal,64,32,physical_delete_key_query_32,key_query,32,16,17,0.11483198909530128,0.11037690151275936,0.9764784969922686,0.22487976927847195,1.0403624990508265,0.11328898466057287,0.14055332819791966,0.6946890103408327,0.7278750379398924,0.8060213593878431,0.14055332819791966,59.57422738612966,0.0019016442114522382,0.003760859603062272,0.0038498362991958857,2.9760591983795166,0.2350456267595291,0.0038498362991958857,15.59901237487793,18.28853416442871,7.508113861083984,8.187393188476562,8.9983491897583,3.7564446926116943,1293.0,0.1992981231726687,-1.543522363852855,0.036388317063342036,0.0577745776937228,0.7803672672755317,-1.1726250958068907,32.0,0.33799673189814516,,,,
synthetic_niah_118,niah_single_1,recovery_formal,64,32,physical_delete_key_query_32,key_query,32,17,18,0.021766305818037717,0.028814963699629173,0.8082818823538923,0.5911673137742764,0.755382031535158,0.01814462903652503,0.13451617086882572,0.1580113862623298,0.9877079977167341,0.13488808757587128,0.13451617086882572,65.03391112211092,0.00027900258070679107,0.00034959905315190554,0.0004079641366843134,2.318979024887085,0.4225788116455078,0.0004079641366843134,15.055444717407227,16.969757080078125,8.063612937927246,8.583625793457031,9.711454391479492,5.1902008056640625,1293.0,0.1992981231726687,-1.543522363852855,0.036388317063342036,0.0577745776937228,0.7803672672755317,-1.1726250958068907,32.0,0.33799673189814516,9.001844965891486e-08,4.220067900815542e-06,8.999083015119323e-08,4.222970396540406e-06
synthetic_niah_118,niah_single_1,recovery_formal,64,32,physical_delete_key_query_32,key_query,32,18,19,0.07857673657039216,0.07813694527666384,0.9583008599171051,0.28965386993117104,1.0056284679695517,0.08133783164188746,0.16450064625396538,0.6074056431126222,0.8023818873145766,0.4944529610924052,0.16450064625396538,73.1269156001681,0.0011122830899447983,0.0009111032704822719,0.002497824840247631,2.3501389026641846,0.3523426353931427,0.002497824840247631,21.720478057861328,22.7255859375,7.99921989440918,8.168009757995605,9.43715763092041,3.714508295059204,1293.0,0.1992981231726687,-1.543522363852855,0.036388317063342036,0.0577745776937228,0.7803672672755317,-1.1726250958068907,32.0,0.33799673189814516,1.00019920760817e-06,5.34762589915526e-06,1.0004848544527625e-06,5.347547248473016e-06
synthetic_niah_118,niah_single_1,recovery_formal,64,32,physical_delete_key_query_32,key_query,32,19,20,0.008324000451969373,0.03827932656167985,0.18873263510973626,0.9824484316804099,0.21745420308157276,0.0071600296402791605,0.1636351284832619,0.04158940314241029,0.9991371357218148,0.043756066968294975,0.1636351284832619,77.16394449615139,9.278983451443792e-05,0.00010680384002625942,0.00021756163914687932,1.2657488584518433,0.6652596592903137,0.00021756163914687932,16.0012264251709,19.55337905883789,8.626851081848145,8.491403579711914,10.087679862976074,2.868798017501831,1293.0,0.1992981231726687,-1.543522363852855,0.036388317063342036,0.0577745776937228,0.7803672672755317,-1.1726250958068907,32.0,0.33799673189814516,,,,
synthetic_niah_118,niah_single_1,recovery_formal,64,32,physical_delete_key_query_32,key_query,32,20,21,0.3627496989341495,0.3646126712024956,0.9957488668745254,0.092113684301711,0.9948905443625917,0.37311525468471446,0.4275202759070926,0.9311713029864433,0.3692341955544804,0.8727428281455328,0.4275202759070926,86.54918174696516,0.0043110200137484,0.005097412504255772,0.0074274917133152485,2.4046759605407715,0.41450586915016174,0.0074274917133152485,16.496095657348633,18.95900535583496,7.778600692749023,9.20868968963623,10.990521430969238,5.4494709968566895,1293.0,0.1992981231726687,-1.543522363852855,0.036388317063342036,0.0577745776937228,0.7803672672755317,-1.1726250958068907,32.0,0.33799673189814516,,,,
synthetic_niah_118,niah_single_1,recovery_formal,64,32,physical_delete_key_query_32,key_query,32,21,22,0.06876702008462719,0.11253189799160515,0.6846601215086445,0.7325661801006,0.6110891339427794,0.06391909903753806,0.4458024281974631,0.159774089895864,0.9872897296580126,0.1433798808498769,0.4458024281974631,108.27856194194979,0.000590320908323536,0.001490938477218151,0.0017665296327322721,2.8889522552490234,0.25102636218070984,0.0017665296327322721,16.2629337310791,17.327726364135742,5.576168060302734,9.648300170898438,11.089517593383789,7.949995994567871,1293.0,0.1992981231726687,-1.543522363852855,0.036388317063342036,0.0577745776937228,0.7803672672755317,-1.1726250958068907,32.0,0.33799673189814516,,,,
synthetic_niah_118,niah_single_1,recovery_formal,64,32,physical_delete_key_query_32,key_query,32,22,23,0.019682707936432894,0.06740259576474575,0.2465864156477479,0.9701850767655774,0.2920170612587555,0.019284877591277783,0.518355180543216,0.05701592222465421,0.9985698260654337,0.03720398351390639,0.518355180543216,124.60619359591219,0.0001547666053729005,0.0004811671969946474,0.0007652798085473478,1.9028300046920776,0.5074917078018188,0.0007652798085473478,16.782318115234375,19.663646697998047,7.058263778686523,7.04995059967041,10.95072078704834,11.499346733093262,1293.0,0.1992981231726687,-1.543522363852855,0.036388317063342036,0.0577745776937228,0.7803672672755317,-1.1726250958068907,32.0,0.33799673189814516,1.393585509598845e-08,5.117038002714182e-05,1.3936585854189177e-08,5.120486434206508e-05
synthetic_niah_118,niah_single_1,recovery_formal,64,32,physical_delete_key_query_32,key_query,32,23,24,0.029699821441154108,0.06425052148191113,0.4683306059904542,0.883574226580003,0.4622502783812532,0.02933595341376,0.5493469698718312,0.0810087811279179,0.9970956519966464,0.05340150218832445,0.5493469698718312,149.552351084485,0.0001961584234619458,0.0006971103139221668,0.0007734423270449042,1.8685073852539062,0.5473135113716125,0.0007734423270449042,15.197006225585938,18.44289207458496,9.21229076385498,9.69873046875,13.639859199523926,14.381853103637695,1293.0,0.1992981231726687,-1.543522363852855,0.036388317063342036,0.0577745776937228,0.7803672672755317,-1.1726250958068907,32.0,0.33799673189814516,,,,
synthetic_niah_118,niah_single_1,recovery_formal,64,32,physical_delete_key_query_32,key_query,32,24,25,0.032151644009893246,0.0780629200451758,0.38717246405210287,0.9223379904112303,0.4118683235431978,0.0338236876037716,0.6185880212420813,0.02925019524229232,0.999895516067852,0.05467885966471838,0.6185880212420813,172.6526786920756,0.00019590595326989292,0.0006694073672406375,0.000823826645500958,1.9733633995056152,0.5111415386199951,0.000823826645500958,16.14301300048828,18.176755905151367,6.40516996383667,9.652313232421875,15.65322208404541,77.45931243896484,1293.0,0.1992981231726687,-1.543522363852855,0.036388317063342036,0.0577745776937228,0.7803672672755317,-1.1726250958068907,32.0,0.33799673189814516,,,,
synthetic_niah_118,niah_single_1,recovery_formal,64,32,physical_delete_key_query_32,key_query,32,25,26,0.06442982290272331,0.08039801134076996,0.7711969336223664,0.6373120553719435,0.8013857784321942,0.0640546986621819,0.6711136609436295,0.07753986790342954,0.9971500269585207,0.09544538040265314,0.6711136609436295,197.75732892612007,0.000323905561477886,0.0008873273036442697,0.0008137308177538216,1.752163290977478,0.5679812431335449,0.0008137308177538216,15.258575439453125,17.582788467407227,8.522623062133789,11.222384452819824,20.827198028564453,70.36172485351562,1293.0,0.1992981231726687,-1.543522363852855,0.036388317063342036,0.0577745776937228,0.7803672672755317,-1.1726250958068907,32.0,0.33799673189814516,,,,
synthetic_niah_118,niah_single_1,recovery_formal,64,32,physical_delete_key_query_32,key_query,32,26,27,0.07996920758381997,0.12693282364333575,0.7662949975907349,0.6567838459500728,0.6300120432877373,0.07501008913348076,0.7506791903567896,0.17808072716019252,0.9871149328609587,0.09992296322724661,0.7506791903567896,230.46425140286945,0.0003254738584265604,0.0021112605463713408,0.0009801634587347507,2.673401117324829,0.35268130898475647,0.0009801634587347507,14.360940933227539,17.328210830688477,9.299107551574707,11.594392776489258,26.125120162963867,185.66966247558594,1293.0,0.1992981231726687,-1.543522363852855,0.036388317063342036,0.0577745776937228,0.7803672672755317,-1.1726250958068907,32.0,0.33799673189814516,9.064570418393597e-08,5.0297351711769446e-05,9.063725168354068e-08,5.034956691790894e-05
synthetic_niah_118,niah_single_1,recovery_formal,64,32,physical_delete_key_query_32,key_query,32,27,28,0.1160539674555888,0.143483209176852,0.6945310508121916,0.7284858101860634,0.8088330900972883,0.10882819295187565,0.829662443563591,0.1939647960768578,0.9830160918735453,0.13117165155076024,0.829662443563591,183.3194874990679,0.0005936531595007268,0.0038741854950785637,0.0019033612916246057,3.130582809448242,0.16793827712535858,0.0019033612916246057,14.323169708251953,16.018207550048828,4.710572242736816,11.136978149414062,25.884727478027344,163.9638214111328,1293.0,0.1992981231726687,-1.543522363852855,0.036388317063342036,0.0577745776937228,0.7803672672755317,-1.1726250958068907,32.0,0.33799673189814516,,,,
synthetic_niah_118,niah_single_1,recovery_formal,64,32,physical_delete_age_4,age,4,0,1,0.00040301252523803434,0.00040170683194377276,0.9948626991864211,0.10158032625991374,1.0032503636742836,0.0005217540050849132,0.0005202277176087313,0.9948967478612671,0.10121786721271388,1.0029338834216632,0.0005202277176087313,16.776359982492096,3.1100548964699054e-05,2.4181534172385e-05,5.336989488569088e-05,1.3748468160629272,0.5838057994842529,5.336989488569088e-05,778.8583984375,778.8807373046875,1842.883056640625,3.5669851303100586,4.135249614715576,0.893284022808075,1321.0,-0.23840685027170178,-0.2083511700239094,-0.2200628854390124,-0.22487603574066423,1.026325598637885,-0.16818224155647896,4.0,0.9254183446192814,5.274089049398647e-11,4.538413253449225e-11,5.273997899138571e-11,4.5385631052214157e-11
synthetic_niah_118,niah_single_1,recovery_formal,64,32,physical_delete_age_4,age,4,1,2,0.005606553173703342,0.005601218272716597,0.9997763321832568,0.02118180511628824,1.0009524536854295,0.006030585150947161,0.005982654063419935,0.9952920610188604,0.09775224746619854,1.0080116762592533,0.005982654063419935,22.012739167586382,0.0002739588701358511,0.00017782523354981095,0.0003552511625457555,2.530012607574463,0.2638792097568512,0.0003552511625457555,91.52398681640625,91.14424133300781,3903.460205078125,4.77968692779541,3.968630313873291,0.5178232789039612,1321.0,-0.23840685027170178,-0.2083511700239094,-0.2200628854390124,-0.22487603574066423,1.026325598637885,-0.16818224155647896,4.0,0.9254183446192814,,,,
synthetic_niah_118,niah_single_1,recovery_formal,64,32,physical_delete_age_4,age,4,2,3,0.0006442115058555775,0.00216545846847872,0.25088187323757855,0.9691393099316652,0.29749427903281356,0.0006452008480007362,0.006442316086861464,0.03681121677137776,1.0013275151744259,0.10015044889159762,0.006442316086861464,33.34983970937136,1.934644524901371e-05,1.2518233234004583e-05,1.8384034774499014e-05,1.6545335054397583,0.5419492125511169,1.8384034774499014e-05,27.662723541259766,27.409679412841797,49.979736328125,6.647296905517578,5.906766414642334,1.3424278497695923,1321.0,-0.23840685027170178,-0.2083511700239094,-0.2200628854390124,-0.22487603574066423,1.026325598637885,-0.16818224155647896,4.0,0.9254183446192814,,,,
synthetic_niah_118,niah_single_1,recovery_formal,64,32,physical_delete_age_4,age,4,3,4,0.0403716817140916,0.04013139675483391,0.9990451394304812,0.04423805076147188,1.0059874556753061,0.03823851597549388,0.03910990330448369,0.983945828351991,0.1785759607448537,0.9777195222855509,0.03910990330448369,43.149756758236975,0.0008861814955235971,0.0005759776686318219,0.001457424834370613,2.036639451980591,0.4269818365573883,0.001457424834370613,20.383953094482422,21.966337203979492,10.119792938232422,7.322013854980469,6.483431816101074,1.406286358833313,1321.0,-0.23840685027170178,-0.2083511700239094,-0.2200628854390124,-0.22487603574066423,1.026325598637885,-0.16818224155647896,4.0,0.9254183446192814,,,,
synthetic_niah_118,niah_single_1,recovery_formal,64,32,physical_delete_age_4,age,4,4,5,0.0009831894005237437,0.006559031318170191,0.0861529090106972,0.9983191800617165,0.14989856776564828,0.0010075766330232083,0.03708312742547591,0.24024815827757987,0.9938223188812345,0.027170756701901267,0.03708312742547591,49.24976038939579,2.045850832687817e-05,2.0704739654320292e-05,2.9569329853984527e-05,1.8203290700912476,0.5064024329185486,2.9569329853984527e-05,18.461536407470703,18.918312072753906,7.346606731414795,7.620412826538086,6.824862957000732,2.0272281169891357,1321.0,-0.23840685027170178,-0.2083511700239094,-0.2200628854390124,-0.22487603574066423,1.026325598637885,-0.16818224155647896,4.0,0.9254183446192814,1.8209109504298005e-10,1.1640629613319533e-07,1.820904573320378e-10,1.1639945274467829e-07
synthetic_niah_118,niah_single_1,recovery_formal,64,32,physical_delete_age_4,age,4,5,6,0.026581903778181197,0.02825697749634335,0.9224286717945929,0.3866004630357338,0.9407199967378351,0.02248335583587611,0.037884176197962846,0.6409624623868699,0.7690397061722881,0.5934761711166657,0.037884176197962846,43.279860749832295,0.0005194877119830667,0.00022216069919522852,0.0004461382341105491,1.7711306810379028,0.5669216513633728,0.0004461382341105491,17.817508697509766,17.731433868408203,5.610321998596191,8.273088455200195,7.756680488586426,1.6738569736480713,1321.0,-0.23840685027170178,-0.2083511700239094,-0.2200628854390124,-0.22487603574066423,1.026325598637885,-0.16818224155647896,4.0,0.9254183446192814,,,,
synthetic_niah_118,niah_single_1,recovery_formal,64,32,physical_delete_age_4,age,4,6,7,0.0005684823637038264,0.0033050815145271566,0.16588272409483706,0.9861644760394302,0.17200252435684832,0.0004665906826355018,0.0333055232906253,0.10300372046162602,0.9986542049800313,0.014009408546564883,0.0333055232906253,46.96129140960781,9.9356442003646e-06,1.3134872460796032e-05,2.162351484003011e-05,1.5111333131790161,0.5689591765403748,2.162351484003011e-05,19.886260986328125,19.7072696685791,6.6600117683410645,6.787395477294922,6.844982624053955,1.1730653047561646,1321.0,-0.23840685027170178,-0.2083511700239094,-0.2200628854390124,-0.22487603574066423,1.026325598637885,-0.16818224155647896,4.0,0.9254183446192814,,,,
synthetic_niah_118,niah_single_1,recovery_formal,64,32,physical_delete_age_4,age,4,7,8,0.007048101639089163,0.010268988228869397,0.7185881761830508,0.6961827696699189,0.6863482051011319,0.006255728102445273,0.026887175707956408,0.2752600708173747,0.962312921786694,0.23266586905199152,0.026887175707956408,48.44891887640389,0.00012912007630973176,9.289531590184197e-05,0.0002502917486708611,2.366988182067871,0.340444952249527,0.0002502917486708611,33.97175979614258,33.36918640136719,195.52682495117188,6.296531677246094,6.183797359466553,1.4968581199645996,1321.0,-0.23840685027170178,-0.2083511700239094,-0.2200628854390124,-0.22487603574066423,1.026325598637885,-0.16818224155647896,4.0,0.9254183446192814,1.5009798875085866e-09,6.32009989552754e-08,1.5009903289446774e-09,6.319507094342582e-08
synthetic_niah_118,niah_single_1,recovery_formal,64,32,physical_delete_age_4,age,4,8,9,0.0009443432525935796,0.003753921536403948,0.1849705519771482,0.9849976086244373,0.25156179835826,0.0006931237981337268,0.0226270602021722,0.070923783473897,0.9982951483007979,0.030632516638957226,0.0226270602021722,49.22273923654295,1.408137395204434e-05,2.149380998162087e-05,2.6845285901799798e-05,1.902818202972412,0.4755847454071045,2.6845285901799798e-05,18.519786834716797,21.021068572998047,13.355241775512695,8.406990051269531,8.238748550415039,3.2302169799804688,1321.0,-0.23840685027170178,-0.2083511700239094,-0.2200628854390124,-0.22487603574066423,1.026325598637885,-0.16818224155647896,4.0,0.9254183446192814,,,,
synthetic_niah_118,niah_single_1,recovery_formal,64,32,physical_delete_age_4,age,4,9,10,0.0012106551638183449,0.0037195018048509216,0.3329736141743626,0.9429658524002512,0.32548852704935527,0.0010158373575140137,0.021072332936491366,0.04326483331679698,0.9990758633888406,0.048207161521962694,0.021072332936491366,50.44341651158446,2.0138155338481565e-05,2.6924726626020856e-05,5.634364060824737e-05,2.052353620529175,0.43350303173065186,5.634364060824737e-05,19.433338165283203,19.690967559814453,7.115087032318115,7.323515892028809,7.565380573272705,2.8471667766571045,1321.0,-0.23840685027170178,-0.2083511700239094,-0.2200628854390124,-0.22487603574066423,1.026325598637885,-0.16818224155647896,4.0,0.9254183446192814,,,,
synthetic_niah_118,niah_single_1,recovery_formal,64,32,physical_delete_age_4,age,4,10,11,0.0003317476001119785,0.003805939528591001,0.06079207059328714,0.99849882097464,0.08716575700160821,0.00027846780025426787,0.01892490232616716,0.04305019916005166,0.9994746621148826,0.014714358650571998,0.01892490232616716,51.019776092115755,5.458036502384814e-06,1.0307968295819592e-05,1.0653764547896571e-05,2.1371660232543945,0.4464523494243622,1.0653764547896571e-05,18.977916717529297,19.811677932739258,11.314871788024902,8.479736328125,8.521885871887207,3.8732049465179443,1321.0,-0.23840685027170178,-0.2083511700239094,-0.2200628854390124,-0.22487603574066423,1.026325598637885,-0.16818224155647896,4.0,0.9254183446192814,2.3053397045297706e-11,6.823654153320039e-08,2.3052817076733963e-11,6.822984393324548e-08
synthetic_niah_118,niah_single_1,recovery_formal,64,32,physical_delete_age_4,age,4,11,12,0.05384256670673746,0.053148730163910134,0.9978143993067867,0.06781363359436915,1.0130546212616471,0.04501013156635673,0.049021745898265925,0.9329777436924817,0.36023866902224255,0.9181666368995824,0.049021745898265925,54.24204604704684,0.0008298015072535647,0.0008994645322673023,0.001751319388858974,2.300588846206665,0.3793734312057495,0.001751319388858974,19.391769409179688,19.314525604248047,7.756937026977539,9.032400131225586,7.309541702270508,1.2039834260940552,1321.0,-0.23840685027170178,-0.2083511700239094,-0.2200628854390124,-0.22487603574066423,1.026325598637885,-0.16818224155647896,4.0,0.9254183446192814,,,,
synthetic_niah_118,niah_single_1,recovery_formal,64,32,physical_delete_age_4,age,4,12,13,0.00896543659576625,0.011350272705991505,0.785082799124472,0.6194094623349816,0.7898873294060712,0.006475200700700763,0.04655013417331717,0.17067857339271117,0.9858326056508063,0.1391016549295445,0.04655013417331717,53.41291379676432,0.00012122912307946437,0.00016810710076242685,0.0004341930034570396,2.053361415863037,0.4991839826107025,0.0004341930034570396,17.10036849975586,18.2425537109375,7.4253926277160645,8.046975135803223,8.632246017456055,1.3078949451446533,1321.0,-0.23840685027170178,-0.2083511700239094,-0.2200628854390124,-0.22487603574066423,1.026325598637885,-0.16818224155647896,4.0,0.9254183446192814,,,,
synthetic_niah_118,niah_single_1,recovery_formal,64,32,physical_delete_age_4,age,4,13,14,0.0012249308849851285,0.011862712361039456,0.18370070016018356,0.9862681848805767,0.10325892154379063,0.0011373899135727573,0.04487642938084887,0.14052433576833037,0.9967543362409047,0.025344928936305734,0.04487642938084887,54.88409766174471,2.0723487531535756e-05,1.9597773643909022e-05,3.899220610037446e-05,2.495785713195801,0.2713986933231354,3.899220610037446e-05,17.802715301513672,19.782615661621094,6.294280529022217,7.5177483558654785,7.885066509246826,2.527679920196533,1321.0,-0.23840685027170178,-0.2083511700239094,-0.2200628854390124,-0.22487603574066423,1.026325598637885,-0.16818224155647896,4.0,0.9254183446192814,,,,
synthetic_niah_118,niah_single_1,recovery_formal,64,32,physical_delete_age_4,age,4,14,15,0.00012326389127257959,0.008651507737555747,0.0805493768992651,0.9989533088375883,0.014247677400494879,0.00010428712577075256,0.04008673572849665,-0.10145625911191763,1.0002672904861083,0.002601536989119757,0.04008673572849665,54.68002101855491,1.9072254148432783e-06,2.2774595436203526e-06,2.7451505957287736e-06,1.3109495639801025,0.6774399876594543,2.7451505957287736e-06,19.743364334106445,19.924266815185547,12.615121841430664,9.230497360229492,9.93275260925293,3.37424373626709,1321.0,-0.23840685027170178,-0.2083511700239094,-0.2200628854390124,-0.22487603574066423,1.026325598637885,-0.16818224155647896,4.0,0.9254183446192814,2.143045852267319e-12,8.913871555555415e-07,2.1427560258636123e-12,8.911143231519581e-07
synthetic_niah_118,niah_single_1,recovery_formal,64,32,physical_delete_age_4,age,4,15,16,0.0019287721555094855,0.011447087137283662,0.28148875476951557,0.9661944753270504,0.16849458140555168,0.0017916760293617772,0.0350401337489388,-0.07622663534024188,1.005191399926963,0.051132111600916436,0.0350401337489388,54.84766043380131,3.266640755851839e-05,1.959915243787691e-05,5.5731867178110406e-05,2.234529733657837,0.404329389333725,5.5731867178110406e-05,56.32140350341797,55.80352020263672,1402.765380859375,8.617984771728516,8.405535697937012,3.7499125003814697,1321.0,-0.23840685027170178,-0.2083511700239094,-0.2200628854390124,-0.22487603574066423,1.026325598637885,-0.16818224155647896,4.0,0.9254183446192814,,,,
synthetic_niah_118,niah_single_1,recovery_formal,64,32,physical_delete_age_4,age,4,16,17,0.0055948220266013185,0.008210604062523339,0.6898637812243723,0.7239885075966758,0.6814141790295852,0.004874610048270791,0.033715381728740064,0.20461138606499765,0.9806823160441611,0.14458119108630818,0.033715381728740064,59.57422738612966,8.182414211897475e-05,7.312754314625636e-05,0.00018099337466992438,2.9760591983795166,0.2350456267595291,0.00018099337466992438,16.567398071289062,18.28853416442871,7.508113861083984,8.453682899475098,8.9983491897583,3.7564446926116943,1321.0,-0.23840685027170178,-0.2083511700239094,-0.2200628854390124,-0.22487603574066423,1.026325598637885,-0.16818224155647896,4.0,0.9254183446192814,,,,
synthetic_niah_118,niah_single_1,recovery_formal,64,32,physical_delete_age_4,age,4,17,18,0.015615293410767589,0.015805557476419436,0.9766552337189665,0.21511020906016112,0.9879622046906156,0.014711828060828549,0.03690838731320728,0.44167611164306453,0.8982078966682604,0.3986039253349895,0.03690838731320728,65.03391112211092,0.000226217796330977,0.0001946080446941778,0.0002753376611508429,2.318979024887085,0.4225788116455078,0.0002753376611508429,16.770767211914062,16.969757080078125,8.063612937927246,10.072800636291504,9.711454391479492,5.1902008056640625,1321.0,-0.23840685027170178,-0.2083511700239094,-0.2200628854390124,-0.22487603574066423,1.026325598637885,-0.16818224155647896,4.0,0.9254183446192814,1.2821143580989645e-07,1.5055341860875692e-06,1.2818185465453479e-07,1.5048656676634388e-06
synthetic_niah_118,niah_single_1,recovery_formal,64,32,physical_delete_age_4,age,4,18,19,0.0012369571441080843,0.0066015821520092905,0.25615110033077815,0.969080525024261,0.1873728320917127,0.0012014094192117613,0.037639936274187755,0.10383749317794608,0.9971911150721893,0.031918476441089215,0.037639936274187755,73.1269156001681,1.642910013845845e-05,2.0310539184720255e-05,3.394411760382354e-05,2.3501389026641846,0.3523426353931427,3.394411760382354e-05,23.026649475097656,22.7255859375,7.99921989440918,10.128425598144531,9.43715763092041,3.714508295059204,1321.0,-0.23840685027170178,-0.2083511700239094,-0.2200628854390124,-0.22487603574066423,1.026325598637885,-0.16818224155647896,4.0,0.9254183446192814,4.6030321275173313e-10,1.52323283473491e-06,4.6030268934192906e-10,1.5225654179823402e-06
synthetic_niah_118,niah_single_1,recovery_formal,64,32,physical_delete_age_4,age,4,19,20,0.0005604476898581678,0.007182788442488111,0.08132685053350311,0.9966929496269814,0.07802647876178144,0.0005039835168137456,0.03857800623841071,0.08838350460528736,0.9989301187553715,0.013064011491396039,0.03857800623841071,77.16394449615139,6.531334292259803e-06,1.0343565918446984e-05,1.480692662880756e-05,1.2657488584518433,0.6652596592903137,1.480692662880756e-05,16.919845581054688,19.55337905883789,8.626851081848145,10.80630111694336,10.087679862976074,2.868798017501831,1321.0,-0.23840685027170178,-0.2083511700239094,-0.2200628854390124,-0.22487603574066423,1.026325598637885,-0.16818224155647896,4.0,0.9254183446192814,,,,
synthetic_niah_118,niah_single_1,recovery_formal,64,32,physical_delete_age_4,age,4,20,21,0.0009989476387294739,0.00841132796944105,0.08770729552764656,0.9966302404124504,0.11876217909451652,0.0009455922353719408,0.039692330115542684,0.038331921492275045,0.9993703874147094,0.0238230467352096,0.039692330115542684,86.54918174696516,1.0925490181252903e-05,1.3909892913943622e-05,1.732563214318361e-05,2.4046759605407715,0.41450586915016174,1.732563214318361e-05,19.677085876464844,18.95900535583496,7.778600692749023,12.769476890563965,10.990521430969238,5.4494709968566895,1321.0,-0.23840685027170178,-0.2083511700239094,-0.2200628854390124,-0.22487603574066423,1.026325598637885,-0.16818224155647896,4.0,0.9254183446192814,,,,
synthetic_niah_118,niah_single_1,recovery_formal,64,32,physical_delete_age_4,age,4,21,22,0.004312203466757716,0.008779373475969143,0.4499050079096529,0.8940294437400302,0.4911743962779415,0.004386216589932989,0.04261731563061311,0.09648974951110478,0.9953547554396039,0.10292099643137206,0.04261731563061311,108.27856194194979,4.05086335768342e-05,4.2265633965143934e-05,4.7942347009666264e-05,2.8889522552490234,0.25102636218070984,4.7942347009666264e-05,17.880041122436523,17.327726364135742,5.576168060302734,16.59793472290039,11.089517593383789,7.949995994567871,1321.0,-0.23840685027170178,-0.2083511700239094,-0.2200628854390124,-0.22487603574066423,1.026325598637885,-0.16818224155647896,4.0,0.9254183446192814,,,,
synthetic_niah_118,niah_single_1,recovery_formal,64,32,physical_delete_age_4,age,4,22,23,0.002267183164213553,0.0063900477113473415,0.2953395773613816,0.9572408101619545,0.354799098007911,0.0022169686650794157,0.047820495032999635,0.0388271604711952,0.9992743360028732,0.04636021989210997,0.047820495032999635,124.60619359591219,1.7791801523677595e-05,3.5180291888536885e-05,4.88473815494217e-05,1.9028300046920776,0.5074917078018188,4.88473815494217e-05,19.28680992126465,19.663646697998047,7.058263778686523,11.252368927001953,10.95072078704834,11.499346733093262,1321.0,-0.23840685027170178,-0.2083511700239094,-0.2200628854390124,-0.22487603574066423,1.026325598637885,-0.16818224155647896,4.0,0.9254183446192814,4.0997327512699145e-10,1.526509188120933e-06,4.0997401020950175e-10,1.5258207198306752e-06
synthetic_niah_118,niah_single_1,recovery_formal,64,32,physical_delete_age_4,age,4,23,24,0.007408549015009641,0.008818057340522586,0.8466259821974045,0.5322276761505232,0.8401565933308601,0.007461233663550052,0.051753116913002994,0.1501601803456845,0.9886798296492564,0.14416974490816442,0.051753116913002994,149.552351084485,4.989044712065448e-05,8.195830014301464e-05,0.00011005555279552937,1.8685073852539062,0.5473135113716125,0.00011005555279552937,18.059673309326172,18.44289207458496,9.21229076385498,14.894376754760742,13.639859199523926,14.381853103637695,1321.0,-0.23840685027170178,-0.2083511700239094,-0.2200628854390124,-0.22487603574066423,1.026325598637885,-0.16818224155647896,4.0,0.9254183446192814,,,,
synthetic_niah_118,niah_single_1,recovery_formal,64,32,physical_delete_age_4,age,4,24,25,0.004569325461363518,0.009523689025750114,0.48716128127026403,0.8733431696415004,0.4797852438282049,0.004774631412351888,0.057433571557185946,0.08029153191261663,0.9967754734483596,0.08313310983277164,0.057433571557185946,172.6526786920756,2.7654545811405556e-05,5.6029257393674925e-05,5.613815665128641e-05,1.9733633995056152,0.5111415386199951,5.613815665128641e-05,18.719802856445312,18.176755905151367,6.40516996383667,16.429031372070312,15.65322208404541,77.45931243896484,1321.0,-0.23840685027170178,-0.2083511700239094,-0.2200628854390124,-0.22487603574066423,1.026325598637885,-0.16818224155647896,4.0,0.9254183446192814,,,,
synthetic_niah_118,niah_single_1,recovery_formal,64,32,physical_delete_age_4,age,4,25,26,0.03923596682311403,0.042123923454793724,0.9428825585343387,0.3333217373672793,0.9314414139324185,0.04002444495210063,0.07304016454949387,0.5616759567015092,0.8274706871271961,0.5479785704066842,0.07304016454949387,197.75732892612007,0.00020239171498444598,0.0002693929127417505,0.0005566038307733834,1.752163290977478,0.5679812431335449,0.0005566038307733834,17.696041107177734,17.582788467407227,8.522623062133789,17.58687973022461,20.827198028564453,70.36172485351562,1321.0,-0.23840685027170178,-0.2083511700239094,-0.2200628854390124,-0.22487603574066423,1.026325598637885,-0.16818224155647896,4.0,0.9254183446192814,,,,
synthetic_niah_118,niah_single_1,recovery_formal,64,32,physical_delete_age_4,age,4,26,27,0.007193932807945757,0.01203296782927698,0.4252457537995434,0.9213896755826301,0.5978519106851145,0.00739596555095524,0.08046454407139315,0.07106924518404573,0.9976892013996981,0.09191583244904834,0.08046454407139315,230.46425140286945,3.2091595576905835e-05,9.708572906674817e-05,8.214615809265524e-05,2.673401117324829,0.35268130898475647,8.214615809265524e-05,15.525497436523438,17.328210830688477,9.299107551574707,19.834800720214844,26.125120162963867,185.66966247558594,1321.0,-0.23840685027170178,-0.2083511700239094,-0.2200628854390124,-0.22487603574066423,1.026325598637885,-0.16818224155647896,4.0,0.9254183446192814,1.1908912042537124e-09,1.6189040896025502e-06,1.1908609339537864e-09,1.6180794559810722e-06
synthetic_niah_118,niah_single_1,recovery_formal,64,32,physical_delete_age_4,age,4,27,28,0.012209090457310046,0.020134953549203666,0.5278769938794399,0.8529395813973315,0.6063629810456113,0.012834371768883655,0.09960009911024958,0.17257754169007106,0.9859656691342261,0.12885902608065683,0.09960009911024958,183.3194874990679,7.001095161227152e-05,0.00023731791588943452,0.00011315075244056061,3.130582809448242,0.16793827712535858,0.00011315075244056061,13.62582778930664,16.018207550048828,4.710572242736816,17.024085998535156,25.884727478027344,163.9638214111328,1321.0,-0.23840685027170178,-0.2083511700239094,-0.2200628854390124,-0.22487603574066423,1.026325598637885,-0.16818224155647896,4.0,0.9254183446192814,,,,
synthetic_niah_118,niah_single_1,recovery_formal,64,32,physical_delete_random_71,random,71,0,1,0.0006002456087829968,0.0005995846237534547,0.9976859863060655,0.06807602106859012,1.001102404903922,0.0007249691327077914,0.0007199919390007541,0.9973708121823524,0.07309249909770485,1.0069128464326211,0.0007199919390007541,16.776359982492096,4.32137325060009e-05,7.986448326846585e-05,0.00022431621619034559,1.3748468160629272,0.5838057994842529,0.00022431621619034559,779.23828125,778.8807373046875,1842.883056640625,3.605106830596924,4.135249614715576,0.893284022808075,1254.0,-0.23309061062317804,-0.2913430341902874,-0.21863484520854382,-0.2216270851941621,-1.3486841185063734,0.6618637183579977,71.0,0.014615498080837397,4.370546901626339e-11,4.74296710395068e-11,4.370812817348234e-11,4.742887798292335e-11
synthetic_niah_118,niah_single_1,recovery_formal,64,32,physical_delete_random_71,random,71,1,2,0.005750423158704239,0.005731048224996643,0.9996123084535009,0.028096859886131524,1.0033806963310987,0.005923825058487134,0.005932176624335232,0.9915082305049467,0.13023674931991555,0.9985921582621398,0.005932176624335232,22.012739167586382,0.00026910894702327317,0.0001806477812351659,0.000473485590191558,2.530012607574463,0.2638792097568512,0.000473485590191558,91.83180236816406,91.14424133300781,3903.460205078125,4.033567905426025,3.968630313873291,0.5178232789039612,1254.0,-0.23309061062317804,-0.2913430341902874,-0.21863484520854382,-0.2216270851941621,-1.3486841185063734,0.6618637183579977,71.0,0.014615498080837397,,,,
synthetic_niah_118,niah_single_1,recovery_formal,64,32,physical_delete_random_71,random,71,2,3,6.208098596134409e-05,0.0019250659010427791,0.01691103202448306,0.9999746311078179,0.03224875882312172,6.146819096555293e-05,0.006490148894852297,0.04527869721580024,0.999615941679628,0.009470998579756286,0.006490148894852297,33.34983970937136,1.8431330255623467e-06,1.3136350389686413e-06,1.8080056634062203e-06,1.6545335054397583,0.5419492125511169,1.8080056634062203e-06,31.133333206176758,27.409679412841797,49.979736328125,6.599947929382324,5.906766414642334,1.3424278497695923,1254.0,-0.23309061062317804,-0.2913430341902874,-0.21863484520854382,-0.2216270851941621,-1.3486841185063734,0.6618637183579977,71.0,0.014615498080837397,,,,
synthetic_niah_118,niah_single_1,recovery_formal,64,32,physical_delete_random_71,random,71,3,4,0.0004807146758658779,0.0015014000128195234,0.13716893632096697,1.007311699290134,0.32017761539986245,0.0005017305695653284,0.006845187287338204,-0.014126066675668847,1.0037147095373686,0.07329683593806088,0.006845187287338204,43.149756758236975,1.1627656961694268e-05,9.73962050920818e-06,1.639438050915487e-05,2.036639451980591,0.4269818365573883,1.639438050915487e-05,26.807327270507812,21.966337203979492,10.119792938232422,6.38532829284668,6.483431816101074,1.406286358833313,1254.0,-0.23309061062317804,-0.2913430341902874,-0.21863484520854382,-0.2216270851941621,-1.3486841185063734,0.6618637183579977,71.0,0.014615498080837397,,,,
synthetic_niah_118,niah_single_1,recovery_formal,64,32,physical_delete_random_71,random,71,4,5,0.00038329254114474043,0.0009932087105505355,0.0951474752998772,1.0370591957515334,0.38591339068329494,0.0004424250781113264,0.006879150441716527,0.19634955882259036,0.989383779282078,0.06431391228608309,0.006879150441716527,49.24976038939579,8.983294022412893e-06,9.996600056183524e-06,1.6013169442885555e-05,1.8203290700912476,0.5064024329185486,1.6013169442885555e-05,21.992210388183594,18.918312072753906,7.346606731414795,6.349686622619629,6.824862957000732,2.0272281169891357,1254.0,-0.23309061062317804,-0.2913430341902874,-0.21863484520854382,-0.2216270851941621,-1.3486841185063734,0.6618637183579977,71.0,0.014615498080837397,3.804113782182264e-12,1.3984731419580291e-09,3.8046553918256055e-12,1.3984872469147424e-09
synthetic_niah_118,niah_single_1,recovery_formal,64,32,physical_delete_random_71,random,71,5,6,0.00025569597737588076,0.0016344982588517116,-0.09611981889506807,1.0269108622081908,0.1564369836377284,0.00019344197944789644,0.0056370991047863936,0.03435246977140355,0.9994097804003603,0.034315873439877465,0.0056370991047863936,43.279860749832295,4.469561040550391e-06,4.78394576930441e-06,9.251732990378514e-06,1.7711306810379028,0.5669216513633728,9.251732990378514e-06,20.832412719726562,17.731433868408203,5.610321998596191,7.63176155090332,7.756680488586426,1.6738569736480713,1254.0,-0.23309061062317804,-0.2913430341902874,-0.21863484520854382,-0.2216270851941621,-1.3486841185063734,0.6618637183579977,71.0,0.014615498080837397,,,,
synthetic_niah_118,niah_single_1,recovery_formal,64,32,physical_delete_random_71,random,71,6,7,0.00024537631023667994,0.0005798654377469476,0.42204317928826923,0.9065764191974777,0.42316077880082553,0.0002496368400479688,0.004852099987658831,-0.012792270226538057,1.0019797048922026,0.05144923655384525,0.004852099987658831,46.96129140960781,5.315800152738041e-06,4.208630798530066e-06,9.347561899630819e-06,1.5111333131790161,0.5689591765403748,9.347561899630819e-06,21.00428009033203,19.7072696685791,6.6600117683410645,7.339625358581543,6.844982624053955,1.1730653047561646,1254.0,-0.23309061062317804,-0.2913430341902874,-0.21863484520854382,-0.2216270851941621,-1.3486841185063734,0.6618637183579977,71.0,0.014615498080837397,,,,
synthetic_niah_118,niah_single_1,recovery_formal,64,32,physical_delete_random_71,random,71,7,8,0.0005314632785216822,0.0012446071672170536,0.2990262621572205,0.9627896272460981,0.4270128700206959,0.0004616233651712067,0.0038127910644112587,0.20860476498519387,0.9819093569660355,0.1210722951698081,0.0038127910644112587,48.44891887640389,9.528042645261821e-06,2.0421088265720755e-05,2.198094989580568e-05,2.366988182067871,0.340444952249527,2.198094989580568e-05,32.96060562133789,33.36918640136719,195.52682495117188,5.864994049072266,6.183797359466553,1.4968581199645996,1254.0,-0.23309061062317804,-0.2913430341902874,-0.21863484520854382,-0.2216270851941621,-1.3486841185063734,0.6618637183579977,71.0,0.014615498080837397,7.933154555432695e-12,1.4571421604793618e-09,7.9352376695182e-12,1.4571606704129325e-09
synthetic_niah_118,niah_single_1,recovery_formal,64,32,physical_delete_random_71,random,71,8,9,0.00027479794218818464,0.0005302564479006573,0.5156774185867631,0.8567866396767008,0.5182359276839338,0.00022590901200385242,0.003457921106293616,0.14467423297493057,0.992655395767968,0.06533087512976654,0.003457921106293616,49.22273923654295,4.589525400409606e-06,4.62543221146916e-06,9.10336439119419e-06,1.902818202972412,0.4755847454071045,9.10336439119419e-06,23.244117736816406,21.021068572998047,13.355241775512695,9.259971618652344,8.238748550415039,3.2302169799804688,1254.0,-0.23309061062317804,-0.2913430341902874,-0.21863484520854382,-0.2216270851941621,-1.3486841185063734,0.6618637183579977,71.0,0.014615498080837397,,,,
synthetic_niah_118,niah_single_1,recovery_formal,64,32,physical_delete_random_71,random,71,9,10,0.00038485445009139315,0.0006297987656787517,0.7294207743570863,0.6942269028190207,0.6110752689021623,0.00030322739697103475,0.003369897730158866,0.1552495299561333,0.9900290602168434,0.08998118674561077,0.003369897730158866,50.44341651158446,6.011238293135791e-06,7.534998530900339e-06,1.418327428837074e-05,2.052353620529175,0.43350303173065186,1.418327428837074e-05,23.096534729003906,19.690967559814453,7.115087032318115,7.927818298339844,7.565380573272705,2.8471667766571045,1254.0,-0.23309061062317804,-0.2913430341902874,-0.21863484520854382,-0.2216270851941621,-1.3486841185063734,0.6618637183579977,71.0,0.014615498080837397,,,,
synthetic_niah_118,niah_single_1,recovery_formal,64,32,physical_delete_random_71,random,71,10,11,0.00041296799391018,0.0006621776445184976,0.5417237402185734,0.8445398306114235,0.6236513680712819,0.00032645436025419545,0.003135158701934106,0.08549625567392867,0.99651266485514,0.1041269011526603,0.003135158701934106,51.019776092115755,6.39858473045403e-06,4.438990345079219e-06,7.3379856075916905e-06,2.1371660232543945,0.4464523494243622,7.3379856075916905e-06,24.114395141601562,19.811677932739258,11.314871788024902,9.1333589553833,8.521885871887207,3.8732049465179443,1254.0,-0.23309061062317804,-0.2913430341902874,-0.21863484520854382,-0.2216270851941621,-1.3486841185063734,0.6618637183579977,71.0,0.014615498080837397,1.154828291976622e-11,1.4284528479688953e-09,1.1548013740286003e-11,1.4284529348004132e-09
synthetic_niah_118,niah_single_1,recovery_formal,64,32,physical_delete_random_71,random,71,11,12,0.00032883183484916514,0.0005682177231921615,0.5739008935126687,0.8189388667653211,0.5787074591792692,0.00030503557558219036,0.0030028120060886236,0.12116069512943714,0.9928259465079958,0.10158330756760257,0.0030028120060886236,54.24204604704684,5.623600100144042e-06,7.0918026722210925e-06,1.2289538062759675e-05,2.300588846206665,0.3793734312057495,1.2289538062759675e-05,23.24132537841797,19.314525604248047,7.756937026977539,7.971805572509766,7.309541702270508,1.2039834260940552,1254.0,-0.23309061062317804,-0.2913430341902874,-0.21863484520854382,-0.2216270851941621,-1.3486841185063734,0.6618637183579977,71.0,0.014615498080837397,,,,
synthetic_niah_118,niah_single_1,recovery_formal,64,32,physical_delete_random_71,random,71,12,13,0.0001322571820315924,0.0002881125513394688,0.4826943143715016,0.8761080970328525,0.45904692946111986,0.00011465038820447361,0.0029038757041379075,0.06973790194933506,0.998024074681494,0.03948185111404781,0.0029038757041379075,53.41291379676432,2.1464919259173417e-06,1.9290930595161626e-06,2.742915739872842e-06,2.053361415863037,0.4991839826107025,2.742915739872842e-06,20.42835235595703,18.2425537109375,7.4253926277160645,8.462458610534668,8.632246017456055,1.3078949451446533,1254.0,-0.23309061062317804,-0.2913430341902874,-0.21863484520854382,-0.2216270851941621,-1.3486841185063734,0.6618637183579977,71.0,0.014615498080837397,,,,
synthetic_niah_118,niah_single_1,recovery_formal,64,32,physical_delete_random_71,random,71,13,14,0.00045093367230092623,0.0005169348325423454,0.8503544705314241,0.5266686345786784,0.8723220876472614,0.0004081917869618434,0.0028622334237369653,0.11201295659814975,0.9941777819741864,0.14261303203877182,0.0028622334237369653,54.88409766174471,7.437341677320881e-06,5.562630121858092e-06,1.1881468708452303e-05,2.495785713195801,0.2713986933231354,1.1881468708452303e-05,21.393943786621094,19.782615661621094,6.294280529022217,7.607462406158447,7.885066509246826,2.527679920196533,1254.0,-0.23309061062317804,-0.2913430341902874,-0.21863484520854382,-0.2216270851941621,-1.3486841185063734,0.6618637183579977,71.0,0.014615498080837397,,,,
synthetic_niah_118,niah_single_1,recovery_formal,64,32,physical_delete_random_71,random,71,14,15,2.5307508509936047e-05,0.00024207782990032456,0.013062430071370226,1.0040906541999794,0.10454285929593966,2.0273546307746725e-05,0.002796482750141308,0.026645330801812667,0.9998330952871705,0.007249658989215039,0.002796482750141308,54.68002101855491,3.70766980884429e-07,5.217720513428503e-07,8.256543537754624e-07,1.3109495639801025,0.6774399876594543,8.256543537754624e-07,21.348350524902344,19.924266815185547,12.615121841430664,10.257832527160645,9.93275260925293,3.37424373626709,1254.0,-0.23309061062317804,-0.2913430341902874,-0.21863484520854382,-0.2216270851941621,-1.3486841185063734,0.6618637183579977,71.0,0.014615498080837397,8.235474055450078e-13,1.5162771852151598e-09,8.221283950587544e-13,1.5162838336192812e-09
synthetic_niah_118,niah_single_1,recovery_formal,64,32,physical_delete_random_71,random,71,15,16,0.00037972246485652337,0.0005179953646498373,0.7028372030445321,0.7119925384623429,0.7330615112998438,0.00032986665210531945,0.0027689923799313074,0.09974678027873086,0.9952016083638586,0.11912876846324247,0.0027689923799313074,54.84766043380131,6.014233779459998e-06,7.648294740647543e-06,1.0343634130549617e-05,2.234529733657837,0.404329389333725,1.0343634130549617e-05,56.15620040893555,55.80352020263672,1402.765380859375,8.650836944580078,8.405535697937012,3.7499125003814697,1254.0,-0.23309061062317804,-0.2913430341902874,-0.21863484520854382,-0.2216270851941621,-1.3486841185063734,0.6618637183579977,71.0,0.014615498080837397,,,,
synthetic_niah_118,niah_single_1,recovery_formal,64,32,physical_delete_random_71,random,71,16,17,0.0025035323176632453,0.0024535922794386997,0.9961959749396551,0.09042777352674412,1.0203538455199126,0.0024285383965141536,0.003713550345864058,0.6672064249306173,0.7449905206843634,0.6539667354231301,0.003713550345864058,59.57422738612966,4.07649163584382e-05,5.0176506192656234e-05,7.288484630407766e-05,2.9760591983795166,0.2350456267595291,7.288484630407766e-05,20.23479652404785,18.28853416442871,7.508113861083984,9.66795539855957,8.9983491897583,3.7564446926116943,1254.0,-0.23309061062317804,-0.2913430341902874,-0.21863484520854382,-0.2216270851941621,-1.3486841185063734,0.6618637183579977,71.0,0.014615498080837397,,,,
synthetic_niah_118,niah_single_1,recovery_formal,64,32,physical_delete_random_71,random,71,17,18,0.0001383456106592726,0.0003666530677989797,0.1842632127793901,1.0016576613856152,0.3773202048731299,0.0001266707307967544,0.0037041021219313564,0.12773853356569043,0.996209218604063,0.034197418598898396,0.0037041021219313564,65.03391112211092,1.9477643065155823e-06,3.4888553273049183e-06,3.565611223166343e-06,2.318979024887085,0.4225788116455078,3.565611223166343e-06,19.32630157470703,16.969757080078125,8.063612937927246,8.943471908569336,9.711454391479492,5.1902008056640625,1254.0,-0.23309061062317804,-0.2913430341902874,-0.21863484520854382,-0.2216270851941621,-1.3486841185063734,0.6618637183579977,71.0,0.014615498080837397,5.128509305843412e-12,2.0738691102099157e-09,5.127654793318193e-12,2.0738202070774118e-09
synthetic_niah_118,niah_single_1,recovery_formal,64,32,physical_delete_random_71,random,71,18,19,0.0003038235746118736,0.0006326702491528421,0.48426214384566346,0.8749322721767698,0.48022421635709805,0.00029179207514746174,0.003652447521127549,0.021973508805477354,1.001434682238159,0.07988946410854451,0.003652447521127549,73.1269156001681,3.990214447753775e-06,7.4878685154544655e-06,8.569666533730924e-06,2.3501389026641846,0.3523426353931427,8.569666533730924e-06,24.961889266967773,22.7255859375,7.99921989440918,9.795661926269531,9.43715763092041,3.714508295059204,1254.0,-0.23309061062317804,-0.2913430341902874,-0.21863484520854382,-0.2216270851941621,-1.3486841185063734,0.6618637183579977,71.0,0.014615498080837397,2.1277659416416294e-11,2.0837094336324133e-09,2.1277041330366793e-11,2.083655122922695e-09
synthetic_niah_118,niah_single_1,recovery_formal,64,32,physical_delete_random_71,random,71,19,20,8.797237808059535e-05,0.0005912446691481422,0.15822906862670064,0.987447529369329,0.14879183301110324,7.825329350382777e-05,0.0038146256107902923,0.0665293901690585,0.9988449603610922,0.020514016705197893,0.0038146256107902923,77.16394449615139,1.0141173318029472e-06,1.1999397884210339e-06,1.8110231394530274e-06,1.2657488584518433,0.6652596592903137,1.8110231394530274e-06,22.545473098754883,19.55337905883789,8.626851081848145,11.109127044677734,10.087679862976074,2.868798017501831,1254.0,-0.23309061062317804,-0.2913430341902874,-0.21863484520854382,-0.2216270851941621,-1.3486841185063734,0.6618637183579977,71.0,0.014615498080837397,,,,
synthetic_niah_118,niah_single_1,recovery_formal,64,32,physical_delete_random_71,random,71,20,21,0.004450566395653032,0.004251157362983337,0.9858587415827513,0.17835198719202522,1.046906998646071,0.004457482781294624,0.005543040327674868,0.7315446616374707,0.6856494526676178,0.8041584613843858,0.005543040327674868,86.54918174696516,5.1502309915840714e-05,5.9000183682655916e-05,0.00010097014455823228,2.4046759605407715,0.41450586915016174,0.00010097014455823228,21.084501266479492,18.95900535583496,7.778600692749023,10.626436233520508,10.990521430969238,5.4494709968566895,1254.0,-0.23309061062317804,-0.2913430341902874,-0.21863484520854382,-0.2216270851941621,-1.3486841185063734,0.6618637183579977,71.0,0.014615498080837397,,,,
synthetic_niah_118,niah_single_1,recovery_formal,64,32,physical_delete_random_71,random,71,21,22,0.007858115510630427,0.007719818779187108,0.9939734108403312,0.11220532308144572,1.0179145049124951,0.009061883161518788,0.01094353254718254,0.8592162851525105,0.5125604298060591,0.8280583186872149,0.01094353254718254,108.27856194194979,8.369046465889561e-05,9.244927787221968e-05,0.0001235261297551915,2.8889522552490234,0.25102636218070984,0.0001235261297551915,18.55447006225586,17.327726364135742,5.576168060302734,11.60382080078125,11.089517593383789,7.949995994567871,1254.0,-0.23309061062317804,-0.2913430341902874,-0.21863484520854382,-0.2216270851941621,-1.3486841185063734,0.6618637183579977,71.0,0.014615498080837397,,,,
synthetic_niah_118,niah_single_1,recovery_formal,64,32,physical_delete_random_71,random,71,22,23,0.0010429059626465966,0.0020096014709290056,0.4866587457267493,0.8741891892324531,0.5189615840420729,0.0010856108668985786,0.013489012929009668,0.08301928387009135,0.996551173187823,0.08048111990194984,0.013489012929009668,124.60619359591219,8.712334720849647e-06,1.8469319911673665e-05,2.097194555972237e-05,1.9028300046920776,0.5074917078018188,2.097194555972237e-05,22.54354476928711,19.663646697998047,7.058263778686523,10.697473526000977,10.95072078704834,11.499346733093262,1254.0,-0.23309061062317804,-0.2913430341902874,-0.21863484520854382,-0.2216270851941621,-1.3486841185063734,0.6618637183579977,71.0,0.014615498080837397,8.13514424062764e-11,1.719810700459646e-08,8.135338706330852e-11,1.719824953556575e-08
synthetic_niah_118,niah_single_1,recovery_formal,64,32,physical_delete_random_71,random,71,23,24,0.0012846238495117519,0.0032599797552635024,0.4361281460094019,0.9008673967578249,0.39405884267766456,0.0012675072673138655,0.013355310535053106,0.029243281059837565,1.0017267608817035,0.09490661141776478,0.013355310535053106,149.552351084485,8.475341632027076e-06,2.3097587472875603e-05,2.3113161660148762e-05,1.8685073852539062,0.5473135113716125,2.3113161660148762e-05,22.175872802734375,18.44289207458496,9.21229076385498,11.751625061035156,13.639859199523926,14.381853103637695,1254.0,-0.23309061062317804,-0.2913430341902874,-0.21863484520854382,-0.2216270851941621,-1.3486841185063734,0.6618637183579977,71.0,0.014615498080837397,,,,
synthetic_niah_118,niah_single_1,recovery_formal,64,32,physical_delete_random_71,random,71,24,25,0.0030280754155853932,0.0049274824483452,0.5177327774983743,0.8610006189515148,0.6145278947877966,0.0031611601480136596,0.015139854932675193,0.2602343555888563,0.9669146061099759,0.2087972548000555,0.015139854932675193,172.6526786920756,1.8309360572688007e-05,5.147916454006918e-05,5.379707727115601e-05,1.9733633995056152,0.5111415386199951,5.379707727115601e-05,19.58462142944336,18.176755905151367,6.40516996383667,11.94240951538086,15.65322208404541,77.45931243896484,1254.0,-0.23309061062317804,-0.2913430341902874,-0.21863484520854382,-0.2216270851941621,-1.3486841185063734,0.6618637183579977,71.0,0.014615498080837397,,,,
synthetic_niah_118,niah_single_1,recovery_formal,64,32,physical_delete_random_71,random,71,25,26,0.0002934707388582348,0.002175699719890452,0.11633408139583484,0.993383381863219,0.13488568122489406,0.0003034948667716151,0.01567943842960291,0.026548326086776472,0.999673402958189,0.019356233205305,0.01567943842960291,197.75732892612007,1.534683282888582e-06,5.278744993120199e-06,3.168772991557489e-06,1.752163290977478,0.5679812431335449,3.168772991557489e-06,20.487321853637695,17.582788467407227,8.522623062133789,14.917853355407715,20.827198028564453,70.36172485351562,1254.0,-0.23309061062317804,-0.2913430341902874,-0.21863484520854382,-0.2216270851941621,-1.3486841185063734,0.6618637183579977,71.0,0.014615498080837397,,,,
synthetic_niah_118,niah_single_1,recovery_formal,64,32,physical_delete_random_71,random,71,26,27,0.003073630763515755,0.008636619512048974,0.3353079446571226,0.9423332412444548,0.355883544392308,0.003016675608672988,0.01886581080265323,0.16247467030962132,0.9867160693825585,0.1599017206431823,0.01886581080265323,230.46425140286945,1.3089559835462742e-05,4.684363375417888e-05,3.0212093406589702e-05,2.673401117324829,0.35268130898475647,3.0212093406589702e-05,20.756107330322266,17.328210830688477,9.299107551574707,17.36117172241211,26.125120162963867,185.66966247558594,1254.0,-0.23309061062317804,-0.2913430341902874,-0.21863484520854382,-0.2216270851941621,-1.3486841185063734,0.6618637183579977,71.0,0.014615498080837397,2.234315114422951e-10,1.7253886110614496e-08,2.2342915440820064e-10,1.725290114604321e-08
synthetic_niah_118,niah_single_1,recovery_formal,64,32,physical_delete_random_71,random,71,27,28,0.004505161145766255,0.006400079680569303,0.31516264471865985,1.0255763554417563,0.7039226651261801,0.004240720268884228,0.019979922697955718,0.10271934366877328,1.0007224891099709,0.21224908289150313,0.019979922697955718,183.3194874990679,2.313294853012171e-05,7.915257447166368e-05,3.674158142530359e-05,3.130582809448242,0.16793827712535858,3.674158142530359e-05,18.358291625976562,16.018207550048828,4.710572242736816,16.00164031982422,25.884727478027344,163.9638214111328,1254.0,-0.23309061062317804,-0.2913430341902874,-0.21863484520854382,-0.2216270851941621,-1.3486841185063734,0.6618637183579977,71.0,0.014615498080837397,,,,
synthetic_niah_119,niah_single_1,recovery_formal,64,32,physical_delete_attention_93,attention,93,0,1,0.0006862486599869672,0.0006868703983660033,0.9989388257878227,0.04605699370551357,0.9990948243212764,0.0014605171481441857,0.0014518667177685126,0.9993673467847046,0.0361710489619472,1.0059581435883926,0.0014518667177685126,16.310602743209646,8.954403286857204e-05,9.96724993456155e-05,0.00016737499390728772,1.657152771949768,0.5285634398460388,0.00016737499390728772,779.23828125,778.9019775390625,1848.9189453125,3.605106830596924,4.092738151550293,0.9033900499343872,1234.0,-0.36930063594814233,-0.05162112267028552,-0.3733448579674483,-0.3784834847559274,-0.5584932117617525,1.3888141129472762,93.0,0.8243603755416306,1.8249108001679602e-10,1.657273657252076e-10,1.8249153335055654e-10,1.6572965432910386e-10
synthetic_niah_119,niah_single_1,recovery_formal,64,32,physical_delete_attention_93,attention,93,1,2,0.013904641750102706,0.013963890657868865,0.9998046707793022,0.020174340039452208,0.9957569914275453,0.013687424144955943,0.013806204842359423,0.9948655063322834,0.10126528437562335,0.9913965714141049,0.013806204842359423,20.37010129765543,0.0006719369700204361,0.0007577693904750049,0.0014680172316730022,2.7315664291381836,0.2738693058490753,0.0014680172316730022,91.82147979736328,91.14028930664062,3904.626708984375,3.867487907409668,3.96563458442688,0.5624406337738037,1234.0,-0.36930063594814233,-0.05162112267028552,-0.3733448579674483,-0.3784834847559274,-0.5584932117617525,1.3888141129472762,93.0,0.8243603755416306,,,,
synthetic_niah_119,niah_single_1,recovery_formal,64,32,physical_delete_attention_93,attention,93,2,3,0.0006665346820329396,0.003949157537576313,0.2661797116329534,0.968831909322744,0.16877895492667705,0.0006743935522617791,0.015064511124718518,0.15043802963396258,0.9942508524353374,0.0447670386830678,0.015064511124718518,26.39751686054548,2.5547613278343915e-05,1.3893160939915106e-05,2.7276910259388387e-05,2.241241931915283,0.34612441062927246,2.7276910259388387e-05,31.706161499023438,27.39702796936035,48.942752838134766,6.448360443115234,5.867598056793213,1.3341593742370605,1234.0,-0.36930063594814233,-0.05162112267028552,-0.3733448579674483,-0.3784834847559274,-0.5584932117617525,1.3888141129472762,93.0,0.8243603755416306,,,,
synthetic_niah_119,niah_single_1,recovery_formal,64,32,physical_delete_attention_93,attention,93,3,4,1.2794792612139552e-05,0.003886940039632572,0.040431535957740544,0.9998723195532212,0.0032917391268399983,1.3203487944464128e-05,0.015357118741261194,0.036078309839203807,0.9999693503180734,0.0008597633558037984,0.015357118741261194,31.29581760651056,4.2189305007060647e-07,3.7169630218159e-07,4.474175625546195e-07,2.060614824295044,0.40266332030296326,4.474175625546195e-07,27.1903076171875,22.067481994628906,9.248373031616211,6.263238906860352,6.476851463317871,1.405389666557312,1234.0,-0.36930063594814233,-0.05162112267028552,-0.3733448579674483,-0.3784834847559274,-0.5584932117617525,1.3888141129472762,93.0,0.8243603755416306,,,,
synthetic_niah_119,niah_single_1,recovery_formal,64,32,physical_delete_attention_93,attention,93,4,5,0.0018011732670740782,0.003632718341955837,0.6180089846627644,0.7956099041751117,0.4958196858455962,0.0017087064328442812,0.014884921914027809,0.14444831023502855,0.9899565834234817,0.1147944505663793,0.014884921914027809,32.85472658627311,5.200793342039828e-05,2.3815466192900203e-05,6.883071910124272e-05,1.7133830785751343,0.5252370238304138,6.883071910124272e-05,22.152610778808594,18.983558654785156,7.002256870269775,7.228839874267578,6.752904415130615,2.020242214202881,1234.0,-0.36930063594814233,-0.05162112267028552,-0.3733448579674483,-0.3784834847559274,-0.5584932117617525,1.3888141129472762,93.0,0.8243603755416306,5.2796973859595797e-11,1.494223380694865e-08,5.2798387810375024e-11,1.4942455645275045e-08
synthetic_niah_119,niah_single_1,recovery_formal,64,32,physical_delete_attention_93,attention,93,5,6,0.0002646941261575818,0.004503557271855128,0.08406483090446754,0.9967811732253831,0.0587744554314389,0.0001740829526947855,0.012180873300995291,0.013571072034254129,0.9999081682937295,0.01429150015709968,0.012180873300995291,32.70553759988273,5.322736315314679e-06,4.104320396436378e-06,9.592244168743491e-06,1.8270035982131958,0.5266585946083069,9.592244168743491e-06,20.441059112548828,17.824180603027344,5.266371250152588,8.422008514404297,7.761381149291992,1.6384142637252808,1234.0,-0.36930063594814233,-0.05162112267028552,-0.3733448579674483,-0.3784834847559274,-0.5584932117617525,1.3888141129472762,93.0,0.8243603755416306,,,,
synthetic_niah_119,niah_single_1,recovery_formal,64,32,physical_delete_attention_93,attention,93,6,7,0.000824236139096831,0.0026720026330221496,0.41012400530030113,0.917677269937795,0.30847130497195074,0.0007073670459010555,0.011959948286839947,0.10293730187325073,0.9956513986223817,0.05914465756339451,0.011959948286839947,36.522611294543275,1.9367920880474966e-05,1.4993223885539919e-05,2.6442134185344912e-05,1.4146209955215454,0.5416954159736633,2.6442134185344912e-05,20.46308135986328,19.659055709838867,6.123626708984375,7.511297702789307,6.79297399520874,1.1505763530731201,1234.0,-0.36930063594814233,-0.05162112267028552,-0.3733448579674483,-0.3784834847559274,-0.5584932117617525,1.3888141129472762,93.0,0.8243603755416306,,,,
synthetic_niah_119,niah_single_1,recovery_formal,64,32,physical_delete_attention_93,attention,93,7,8,0.0004897392967496772,0.002925790160265649,0.18545571722893436,0.9828187293485433,0.16738702023155722,0.0004791127075786971,0.012109884694546585,0.0968728828900446,0.9969453238973354,0.03956377122190559,0.012109884694546585,38.48688821987782,1.2448725520273254e-05,1.5494086255785078e-05,2.3691936803516e-05,2.3440959453582764,0.35583698749542236,2.3691936803516e-05,33.01581573486328,33.501705169677734,193.26585388183594,6.50049352645874,6.165644645690918,1.4768967628479004,1234.0,-0.36930063594814233,-0.05162112267028552,-0.3733448579674483,-0.3784834847559274,-0.5584932117617525,1.3888141129472762,93.0,0.8243603755416306,1.0148947128172933e-11,1.6327513059242668e-08,1.014909305283175e-11,1.632785481453758e-08
synthetic_niah_119,niah_single_1,recovery_formal,64,32,physical_delete_attention_93,attention,93,8,9,0.00029059975829905,0.0031710768590367377,0.06288883815720653,0.9984346070701609,0.09164071740201342,0.00024959971975376254,0.012743520112443266,0.19188513331552726,0.9964270912127247,0.01958640293666141,0.012743520112443266,40.533346897692276,6.157885762154352e-06,4.645941771741491e-06,1.1425948287069332e-05,1.6870707273483276,0.5170236229896545,1.1425948287069332e-05,24.89667510986328,21.05253028869629,13.135741233825684,9.0471830368042,8.273991584777832,3.1730759143829346,1234.0,-0.36930063594814233,-0.05162112267028552,-0.3733448579674483,-0.3784834847559274,-0.5584932117617525,1.3888141129472762,93.0,0.8243603755416306,,,,
synthetic_niah_119,niah_single_1,recovery_formal,64,32,physical_delete_attention_93,attention,93,9,10,0.000331379908559773,0.0033721829187275012,0.032277008026127964,1.0016551768684516,0.09826866351746416,0.00029792272290066223,0.0147880750386426,0.10455851690189205,0.9980946672824165,0.020146146278143894,0.0147880750386426,41.3454777972737,7.2056906528313746e-06,5.710875484510325e-06,1.2372611308819614e-05,1.867110252380371,0.4777524769306183,1.2372611308819614e-05,21.685089111328125,19.895654678344727,6.753230571746826,8.379359245300293,7.546325206756592,2.8054187297821045,1234.0,-0.36930063594814233,-0.05162112267028552,-0.3733448579674483,-0.3784834847559274,-0.5584932117617525,1.3888141129472762,93.0,0.8243603755416306,,,,
synthetic_niah_119,niah_single_1,recovery_formal,64,32,physical_delete_attention_93,attention,93,10,11,0.0001592185617052825,0.007393578378633798,0.07954174294932839,0.9985178651738882,0.021534709385836424,0.00017440591607669433,0.013446485099313437,0.1055994278096532,0.9987136240161718,0.012970372167043066,0.013446485099313437,43.2652277196414,4.031087440631177e-06,3.871329681714997e-06,6.8326703512866516e-06,2.510382652282715,0.34566572308540344,6.8326703512866516e-06,24.451847076416016,20.048242568969727,10.92613697052002,8.273910522460938,8.673315048217773,3.8562514781951904,1234.0,-0.36930063594814233,-0.05162112267028552,-0.3733448579674483,-0.3784834847559274,-0.5584932117617525,1.3888141129472762,93.0,0.8243603755416306,2.4356382079246383e-12,1.6471283685170758e-08,2.435874164618968e-12,1.6471580814153853e-08
synthetic_niah_119,niah_single_1,recovery_formal,64,32,physical_delete_attention_93,attention,93,11,12,8.113421945153863e-05,0.004542577861643746,0.008151740297771807,1.0000139076979433,0.017860831871834987,8.167174155342774e-05,0.013999726336559187,-0.09737620890699522,1.0005849198908556,0.005833809860993381,0.013999726336559187,43.634034466804174,1.87174398497489e-06,2.5072595235542394e-06,3.3600374536035815e-06,2.22554612159729,0.3982022702693939,3.3600374536035815e-06,23.22681427001953,19.7804012298584,7.845221519470215,7.704711437225342,7.441056251525879,1.2213726043701172,1234.0,-0.36930063594814233,-0.05162112267028552,-0.3733448579674483,-0.3784834847559274,-0.5584932117617525,1.3888141129472762,93.0,0.8243603755416306,,,,
synthetic_niah_119,niah_single_1,recovery_formal,64,32,physical_delete_attention_93,attention,93,12,13,0.0006664756532524943,0.003998549225350961,0.12812877789668636,0.9925065058650051,0.16667936686311433,0.000573023250461426,0.014489560785313625,0.05813658542992478,0.9984816965489548,0.039547316785629054,0.014489560785313625,43.94976715683142,1.303814075775728e-05,5.190540832700208e-06,1.4061883121030405e-05,2.169546365737915,0.42926454544067383,1.4061883121030405e-05,21.68267059326172,18.45178985595703,6.787254810333252,9.831100463867188,8.682546615600586,1.2867980003356934,1234.0,-0.36930063594814233,-0.05162112267028552,-0.3733448579674483,-0.3784834847559274,-0.5584932117617525,1.3888141129472762,93.0,0.8243603755416306,,,,
synthetic_niah_119,niah_single_1,recovery_formal,64,32,physical_delete_attention_93,attention,93,13,14,0.0002664137459482289,0.0030785174043911167,0.19942877455073935,0.9863934933170737,0.08653962636957105,0.00023181852035713665,0.014396096325627005,0.08973831187500378,0.9986837403015281,0.016102873661971003,0.014396096325627005,48.32273154732532,4.7972975230115665e-06,5.2176183089613914e-06,8.632006029074546e-06,2.3142969608306885,0.3699864149093628,8.632006029074546e-06,23.161338806152344,20.026838302612305,6.228476524353027,7.317566394805908,7.90222692489624,2.29547381401062,1234.0,-0.36930063594814233,-0.05162112267028552,-0.3733448579674483,-0.3784834847559274,-0.5584932117617525,1.3888141129472762,93.0,0.8243603755416306,,,,
synthetic_niah_119,niah_single_1,recovery_formal,64,32,physical_delete_attention_93,attention,93,14,15,0.00011491300283344718,0.004023194854846072,0.07611934832954811,0.9982321808162633,0.02856262422761618,0.00010627027338687756,0.01429470528516208,0.03787843796834311,0.9997460042990007,0.007434240249582916,0.01429470528516208,49.422913777421826,2.150222746183485e-06,1.069006543730211e-06,1.927556240843842e-06,1.8284735679626465,0.5020263195037842,1.927556240843842e-06,26.052017211914062,20.08243751525879,11.629332542419434,10.443340301513672,9.88247013092041,2.72499942779541,1234.0,-0.36930063594814233,-0.05162112267028552,-0.3733448579674483,-0.3784834847559274,-0.5584932117617525,1.3888141129472762,93.0,0.8243603755416306,1.7396625194806536e-12,1.6657437168915163e-08,1.7414341278409116e-12,1.6657759716206695e-08
synthetic_niah_119,niah_single_1,recovery_formal,64,32,physical_delete_attention_93,attention,93,15,16,0.0008792809058157438,0.005416349223978655,0.01892630923381341,1.0100538564286456,0.16233829641617084,0.0007538732784340674,0.012563168839569181,-0.00017183210037294817,1.0018090718186747,0.06000661839866823,0.012563168839569181,47.82236020760642,1.576403329240449e-05,1.8424654626869597e-05,3.570696208043955e-05,2.527007579803467,0.38851067423820496,3.570696208043955e-05,58.314117431640625,55.885765075683594,1394.629150390625,8.98643684387207,8.475003242492676,3.564970016479492,1234.0,-0.36930063594814233,-0.05162112267028552,-0.3733448579674483,-0.3784834847559274,-0.5584932117617525,1.3888141129472762,93.0,0.8243603755416306,,,,
synthetic_niah_119,niah_single_1,recovery_formal,64,32,physical_delete_attention_93,attention,93,16,17,0.003842021692382835,0.0040404754481251515,0.896729571256779,0.4458797269561143,0.9508835635087444,0.003853973399698937,0.01358547559753274,0.2544482717900084,0.9675281740168236,0.2836833625757539,0.01358547559753274,51.73140238242646,7.449968920634094e-05,8.052767952904105e-05,8.450909808743745e-05,2.9544763565063477,0.3116416335105896,8.450909808743745e-05,20.655832290649414,18.591670989990234,6.741070747375488,9.325183868408203,9.09876537322998,3.6528584957122803,1234.0,-0.36930063594814233,-0.05162112267028552,-0.3733448579674483,-0.3784834847559274,-0.5584932117617525,1.3888141129472762,93.0,0.8243603755416306,,,,
synthetic_niah_119,niah_single_1,recovery_formal,64,32,physical_delete_attention_93,attention,93,17,18,0.0005743183006960727,0.001616340819711937,0.3060677241167685,0.9532829274920743,0.3553200498880102,0.000535744434947516,0.013365918860786469,0.040438601868646985,0.999182088521196,0.0400828735029439,0.013365918860786469,58.49861674441569,9.158241079241562e-06,8.819958566164132e-06,1.3684653822565451e-05,2.3044328689575195,0.4076245129108429,1.3684653822565451e-05,20.5179443359375,17.055234909057617,7.829990386962891,9.477113723754883,9.707469940185547,5.304446220397949,1234.0,-0.36930063594814233,-0.05162112267028552,-0.3733448579674483,-0.3784834847559274,-0.5584932117617525,1.3888141129472762,93.0,0.8243603755416306,4.4180184962099456e-11,2.0873578673537475e-08,4.4181330296690727e-11,2.0874295434084586e-08
synthetic_niah_119,niah_single_1,recovery_formal,64,32,physical_delete_attention_93,attention,93,18,19,0.0004210979011471526,0.00297150104449863,0.03156383937519938,1.0055527742226458,0.14171218345245537,0.00042023403072469694,0.013144619826904635,0.04227877344713922,0.9991590340315486,0.031970040690302404,0.013144619826904635,64.95705678369238,6.469413048132403e-06,6.5948911469604354e-06,1.0741648111434188e-05,2.200700283050537,0.43967774510383606,1.0741648111434188e-05,25.937763214111328,22.846078872680664,7.635371208190918,10.51605224609375,9.495035171508789,3.6070287227630615,1234.0,-0.36930063594814233,-0.05162112267028552,-0.3733448579674483,-0.3784834847559274,-0.5584932117617525,1.3888141129472762,93.0,0.8243603755416306,3.667177270150474e-11,2.1703461098849483e-08,3.667371626181341e-11,2.170424577723058e-08
synthetic_niah_119,niah_single_1,recovery_formal,64,32,physical_delete_attention_93,attention,93,19,20,0.00018777120619428394,0.0029140786797647025,0.04140197698826278,0.9994080431465603,0.06443587384862427,0.00016634999908058637,0.012273690336843892,0.11914202940414097,0.998475908342999,0.013553380810107868,0.012273690336843892,70.58645800352772,2.3566843242406727e-06,2.746857944657677e-06,4.976837772119325e-06,1.627402663230896,0.5602157115936279,4.976837772119325e-06,23.405445098876953,19.56728744506836,8.724266052246094,11.15329360961914,10.106160163879395,2.689727306365967,1234.0,-0.36930063594814233,-0.05162112267028552,-0.3733448579674483,-0.3784834847559274,-0.5584932117617525,1.3888141129472762,93.0,0.8243603755416306,,,,
synthetic_niah_119,niah_single_1,recovery_formal,64,32,physical_delete_attention_93,attention,93,20,21,0.003408936586705464,0.004307731117409464,0.7096946628555565,0.709226052782683,0.7913531494406487,0.00329351361185076,0.011941114919523483,0.20387941160157683,0.9816351731686311,0.2758129064201477,0.011941114919523483,85.46989560420296,3.853419485970218e-05,4.313177851145156e-05,8.022141264518723e-05,2.441591501235962,0.39110955595970154,8.022141264518723e-05,20.807449340820312,19.164627075195312,7.393336296081543,10.554187774658203,11.13171100616455,5.768357753753662,1234.0,-0.36930063594814233,-0.05162112267028552,-0.3733448579674483,-0.3784834847559274,-0.5584932117617525,1.3888141129472762,93.0,0.8243603755416306,,,,
synthetic_niah_119,niah_single_1,recovery_formal,64,32,physical_delete_attention_93,attention,93,21,22,0.0014665604598804534,0.002022825339027529,0.6210019477749966,0.7906790871249493,0.7250059763367908,0.0014155839689467583,0.012132168005316989,0.12380113434934256,0.9923325987938373,0.11668021480796927,0.012132168005316989,114.47923393332974,1.2365421398357402e-05,3.378010660526343e-05,4.595615610014647e-05,2.7963244915008545,0.3140542805194855,4.595615610014647e-05,18.051044464111328,17.469491958618164,5.392074108123779,11.168102264404297,11.166789054870605,7.718429088592529,1234.0,-0.36930063594814233,-0.05162112267028552,-0.3733448579674483,-0.3784834847559274,-0.5584932117617525,1.3888141129472762,93.0,0.8243603755416306,,,,
synthetic_niah_119,niah_single_1,recovery_formal,64,32,physical_delete_attention_93,attention,93,22,23,0.0004197369471313043,0.0012026522087902156,0.27244019678249964,0.9652145796530737,0.34900941773809274,0.00042090194960319534,0.012846187063077349,0.023478021564205545,0.9997674857686011,0.032764737702828284,0.012846187063077349,135.4216544241431,3.108084533400565e-06,7.996907697815914e-06,1.0047982868854888e-05,1.783931851387024,0.548654317855835,1.0047982868854888e-05,23.818580627441406,19.763986587524414,6.60565185546875,11.849374771118164,10.892867088317871,11.864660263061523,1234.0,-0.36930063594814233,-0.05162112267028552,-0.3733448579674483,-0.3784834847559274,-0.5584932117617525,1.3888141129472762,93.0,0.8243603755416306,1.1315264606386331e-11,2.0653915026752983e-08,1.1317702048651498e-11,2.0654527225218815e-08
synthetic_niah_119,niah_single_1,recovery_formal,64,32,physical_delete_attention_93,attention,93,23,24,0.0007817173472038726,0.0009244276812046543,0.7432196140991493,0.6768390259968042,0.8456230412585537,0.0007708387424610708,0.013129816254209824,-0.0020088626891601805,1.001839621221758,0.05870902741795158,0.013129816254209824,163.11949303357028,4.725607762295037e-06,6.173223937366856e-06,1.614838583918754e-05,1.7303094863891602,0.5904880166053772,1.614838583918754e-05,23.083160400390625,18.568071365356445,8.626470565795898,11.956658363342285,13.522188186645508,13.489949226379395,1234.0,-0.36930063594814233,-0.05162112267028552,-0.3733448579674483,-0.3784834847559274,-0.5584932117617525,1.3888141129472762,93.0,0.8243603755416306,,,,
synthetic_niah_119,niah_single_1,recovery_formal,64,32,physical_delete_attention_93,attention,93,24,25,0.0005317998938169023,0.0011634987744001428,0.4969095649591012,0.8687163569388885,0.4570695779985491,0.0005512027914936002,0.013878519542076148,0.02023811347527608,0.9999849082245988,0.03971625286274183,0.013878519542076148,188.67952362465002,2.921370485279243e-06,5.7186593949154485e-06,1.0729669156717137e-05,1.653537392616272,0.5926900506019592,1.0729669156717137e-05,21.798137664794922,18.387710571289062,6.113500118255615,11.618562698364258,15.393977165222168,72.10769653320312,1234.0,-0.36930063594814233,-0.05162112267028552,-0.3733448579674483,-0.3784834847559274,-0.5584932117617525,1.3888141129472762,93.0,0.8243603755416306,,,,
synthetic_niah_119,niah_single_1,recovery_formal,64,32,physical_delete_attention_93,attention,93,25,26,8.348665590721997e-05,0.002376669880560243,0.07541395758585782,0.9979657947070062,0.035127577704455945,8.671838691565278e-05,0.014028476364929298,0.03239229825067505,0.9998188535309515,0.006181596964617321,0.014028476364929298,220.17518907330356,3.9386084908405083e-07,1.5858391861911514e-06,1.6837233260957873e-06,1.4503012895584106,0.6489273905754089,1.6837233260957873e-06,21.09848976135254,17.668689727783203,8.143671989440918,14.293651580810547,20.292037963867188,69.18254089355469,1234.0,-0.36930063594814233,-0.05162112267028552,-0.3733448579674483,-0.3784834847559274,-0.5584932117617525,1.3888141129472762,93.0,0.8243603755416306,,,,
synthetic_niah_119,niah_single_1,recovery_formal,64,32,physical_delete_attention_93,attention,93,26,27,0.0005460449244776148,0.0011894826841377978,-0.1102983000145649,1.145427483291287,0.4590608436418039,0.0003064289597363345,0.015342109963920192,0.025380011975344063,0.9996924977549805,0.019973065012371758,0.015342109963920192,261.56298871143355,1.171530273629037e-06,4.473401531868149e-06,4.7683693082944956e-06,2.00390887260437,0.5687065720558167,4.7683693082944956e-06,22.531442642211914,17.504606246948242,8.276472091674805,15.185367584228516,25.36241912841797,175.3046875,1234.0,-0.36930063594814233,-0.05162112267028552,-0.3733448579674483,-0.3784834847559274,-0.5584932117617525,1.3888141129472762,93.0,0.8243603755416306,6.681354212544488e-12,2.097290442934518e-08,6.68159490724547e-12,2.0973510194171602e-08
synthetic_niah_119,niah_single_1,recovery_formal,64,32,physical_delete_attention_93,attention,93,27,28,0.0036727728488630752,0.003690657422962464,0.9372375574995845,0.35346864947920287,0.9951540953142617,0.002242817350801047,0.01800855178600317,-0.10682894068484648,1.0208427863311376,0.12454179422379967,0.01800855178600317,225.4644910409532,9.947541364257059e-06,2.1824096620548517e-05,2.3461554519599304e-05,3.137021780014038,0.19577734172344208,2.3461554519599304e-05,18.989330291748047,16.113780975341797,4.33458948135376,15.23720932006836,25.04941177368164,151.51519775390625,1234.0,-0.36930063594814233,-0.05162112267028552,-0.3733448579674483,-0.3784834847559274,-0.5584932117617525,1.3888141129472762,93.0,0.8243603755416306,,,,
synthetic_niah_119,niah_single_1,recovery_formal,64,32,physical_delete_value_norm_24,value_norm,24,0,1,0.000542755167037426,0.0005460495472547516,0.9983293227153054,0.05794475194234129,0.9939668840787654,0.0009408069129238055,0.0009437881021729389,0.9984484567934052,0.05570693166665079,0.9968412515030973,0.0009437881021729389,16.310602743209646,5.768069566377477e-05,7.010476110735908e-05,0.00014601675502490252,1.657152771949768,0.5285634398460388,0.00014601675502490252,779.1580810546875,778.9019775390625,1848.9189453125,3.519266128540039,4.092738151550293,0.9033900499343872,1303.0,1.1074925881531237,-1.9881224448916286,0.6158746079407669,0.6558802711966094,1.1650576283602556,-1.1762925842464897,24.0,0.28602659084986237,7.178779470414895e-11,6.693459845601002e-11,7.178775733796924e-11,6.693466964919674e-11
synthetic_niah_119,niah_single_1,recovery_formal,64,32,physical_delete_value_norm_24,value_norm,24,1,2,0.07475826133154391,0.07478195639910704,0.9999973160060313,0.002338094184301223,0.99968314458856,0.07679672244953462,0.07669212710247635,0.999928915029605,0.01200932474327591,1.0013638342162359,0.07669212710247635,20.37010129765543,0.0037700707192052014,0.0030596647411584854,0.007164075504988432,2.7315664291381836,0.2738693058490753,0.007164075504988432,91.82554626464844,91.14028930664062,3904.626708984375,3.442793369293213,3.96563458442688,0.5624406337738037,1303.0,1.1074925881531237,-1.9881224448916286,0.6158746079407669,0.6558802711966094,1.1650576283602556,-1.1762925842464897,24.0,0.28602659084986237,,,,
synthetic_niah_119,niah_single_1,recovery_formal,64,32,physical_delete_value_norm_24,value_norm,24,2,3,0.002962176792010896,0.020325684988879333,0.09715205940802146,0.9964546362211245,0.14573564402043884,0.0029982220497311034,0.07370227500845515,0.1183439780004949,0.9960052047522429,0.040680183201768826,0.07370227500845515,26.39751686054548,0.00011357970015021891,8.926764712668955e-05,0.00012815457012038678,2.241241931915283,0.34612441062927246,0.00012815457012038678,24.897106170654297,27.39702796936035,48.942752838134766,4.663290023803711,5.867598056793213,1.3341593742370605,1303.0,1.1074925881531237,-1.9881224448916286,0.6158746079407669,0.6558802711966094,1.1650576283602556,-1.1762925842464897,24.0,0.28602659084986237,,,,
synthetic_niah_119,niah_single_1,recovery_formal,64,32,physical_delete_value_norm_24,value_norm,24,3,4,0.016650136345884973,0.0405564786570535,0.6319753866888183,0.8060024019212114,0.4105419626461878,0.01533671166295581,0.08712805803631964,0.3652592344512051,0.9499448972346428,0.1760249454494056,0.08712805803631964,31.29581760651056,0.0004900562706425432,0.0004980387748219073,0.0010334673570469022,2.060614824295044,0.40266332030296326,0.0010334673570469022,20.463550567626953,22.067481994628906,9.248373031616211,4.694380760192871,6.476851463317871,1.405389666557312,1303.0,1.1074925881531237,-1.9881224448916286,0.6158746079407669,0.6558802711966094,1.1650576283602556,-1.1762925842464897,24.0,0.28602659084986237,,,,
synthetic_niah_119,niah_single_1,recovery_formal,64,32,physical_delete_value_norm_24,value_norm,24,4,5,0.007306373410983781,0.019460829005184886,0.35665623043570754,0.9344245089064416,0.3754399881442444,0.006740654580734973,0.08249991032011775,0.20960696323761532,0.9861155282206228,0.08170499282459526,0.08249991032011775,32.85472658627311,0.00020516544440066218,0.00024686288088560104,0.0004241718561388552,1.7133830785751343,0.5252370238304138,0.0004241718561388552,15.419534683227539,18.983558654785156,7.002256870269775,4.169556140899658,6.752904415130615,2.020242214202881,1303.0,1.1074925881531237,-1.9881224448916286,0.6158746079407669,0.6558802711966094,1.1650576283602556,-1.1762925842464897,24.0,0.28602659084986237,1.582951041575556e-09,1.5618353522084052e-07,1.58297293545725e-09,1.5618914861179496e-07
synthetic_niah_119,niah_single_1,recovery_formal,64,32,physical_delete_value_norm_24,value_norm,24,5,6,0.04996764651825563,0.05494734846156273,0.874397823401781,0.48646862584170963,0.9093732075754202,0.03067960796587932,0.07406933585445369,0.5381512745325635,0.851913625974337,0.4142012023189296,0.07406933585445369,32.70553759988273,0.0009380554553547325,0.0012180187040939927,0.002824330236762762,1.8270035982131958,0.5266585946083069,0.002824330236762762,15.69063663482666,17.824180603027344,5.266371250152588,5.907326698303223,7.761381149291992,1.6384142637252808,1303.0,1.1074925881531237,-1.9881224448916286,0.6158746079407669,0.6558802711966094,1.1650576283602556,-1.1762925842464897,24.0,0.28602659084986237,,,,
synthetic_niah_119,niah_single_1,recovery_formal,64,32,physical_delete_value_norm_24,value_norm,24,6,7,0.004334154143573225,0.013401664039741482,0.29086844028940995,0.9573161048873473,0.32340417807226507,0.004069470772283727,0.06323363966884749,0.16271953856507673,0.991563269174078,0.06435610528818858,0.06323363966884749,36.522611294543275,0.00011142332456638262,8.860837988322601e-05,0.0001970006851479411,1.4146209955215454,0.5416954159736633,0.0001970006851479411,18.540576934814453,19.659055709838867,6.123626708984375,5.576498985290527,6.79297399520874,1.1505763530731201,1303.0,1.1074925881531237,-1.9881224448916286,0.6158746079407669,0.6558802711966094,1.1650576283602556,-1.1762925842464897,24.0,0.28602659084986237,,,,
synthetic_niah_119,niah_single_1,recovery_formal,64,32,physical_delete_value_norm_24,value_norm,24,7,8,0.015195764289709717,0.021767565644748663,0.6164495330864083,0.7916157350411003,0.6980920392159531,0.014104095988734792,0.05647962138828163,0.3942135932001676,0.9303085596499918,0.24972008738821158,0.05647962138828163,38.48688821987782,0.000366464960953904,0.0005896096117794514,0.000927803514059633,2.3440959453582764,0.35583698749542236,0.000927803514059633,32.840999603271484,33.501705169677734,193.26585388183594,5.18339729309082,6.165644645690918,1.4768967628479004,1303.0,1.1074925881531237,-1.9881224448916286,0.6158746079407669,0.6558802711966094,1.1650576283602556,-1.1762925842464897,24.0,0.28602659084986237,1.2473537597681189e-08,1.8499724111105658e-07,1.2473662516714898e-08,1.8500619380013876e-07
synthetic_niah_119,niah_single_1,recovery_formal,64,32,physical_delete_value_norm_24,value_norm,24,8,9,0.011511134441670743,0.020057931114582872,0.5126464557448008,0.8607815766470531,0.5738944049569357,0.010193927646756279,0.05617784342168304,0.303304899018667,0.9606522617509271,0.18145815193079687,0.05617784342168304,40.533346897692276,0.0002514948413336343,0.00027914103702642024,0.0007073186570778489,1.6870707273483276,0.5170236229896545,0.0007073186570778489,17.377483367919922,21.05253028869629,13.135741233825684,5.9878058433532715,8.273991584777832,3.1730759143829346,1303.0,1.1074925881531237,-1.9881224448916286,0.6158746079407669,0.6558802711966094,1.1650576283602556,-1.1762925842464897,24.0,0.28602659084986237,,,,
synthetic_niah_119,niah_single_1,recovery_formal,64,32,physical_delete_value_norm_24,value_norm,24,9,10,0.052136180010435074,0.051441183460760584,0.9836448208252296,0.1825782729894111,1.01351050856372,0.04743788600701502,0.07660158738489575,0.7090450633543881,0.7108535263307084,0.6192807176260787,0.07660158738489575,41.3454777972737,0.0011473536777011934,0.0017568046459928155,0.0034653472248464823,1.867110252380371,0.4777524769306183,0.0034653472248464823,15.041378021240234,19.895654678344727,6.753230571746826,5.296272277832031,7.546325206756592,2.8054187297821045,1303.0,1.1074925881531237,-1.9881224448916286,0.6158746079407669,0.6558802711966094,1.1650576283602556,-1.1762925842464897,24.0,0.28602659084986237,,,,
synthetic_niah_119,niah_single_1,recovery_formal,64,32,physical_delete_value_norm_24,value_norm,24,10,11,0.11373867022437273,0.1147417211602939,0.9421357262364087,0.33881158373424086,0.9912581846796606,0.09806744504914217,0.12490719727937857,0.8071683686993327,0.5907328050795707,0.7851224523899594,0.12490719727937857,43.2652277196414,0.0022666573185427114,0.0037323839496821165,0.005188620183616877,2.510382652282715,0.34566572308540344,0.005188620183616877,16.047853469848633,20.048242568969727,10.92613697052002,6.132535934448242,8.673315048217773,3.8562514781951904,1303.0,1.1074925881531237,-1.9881224448916286,0.6158746079407669,0.6558802711966094,1.1650576283602556,-1.1762925842464897,24.0,0.28602659084986237,8.273214459592676e-07,7.504101735020339e-07,8.273205273105167e-07,7.504769786979409e-07
synthetic_niah_119,niah_single_1,recovery_formal,64,32,physical_delete_value_norm_24,value_norm,24,11,12,0.3292691741852066,0.3360280982814595,0.9823440323219761,0.18709955875925885,0.9798858365392064,0.2845441873810495,0.3072427044112416,0.9400466842467754,0.3413299458592994,0.9261218681378017,0.3072427044112416,43.634034466804174,0.006521152372410681,0.008593346923589706,0.015973392874002457,2.22554612159729,0.3982022702693939,0.015973392874002457,15.646207809448242,19.7804012298584,7.845221519470215,6.801331520080566,7.441056251525879,1.2213726043701172,1303.0,1.1074925881531237,-1.9881224448916286,0.6158746079407669,0.6558802711966094,1.1650576283602556,-1.1762925842464897,24.0,0.28602659084986237,,,,
synthetic_niah_119,niah_single_1,recovery_formal,64,32,physical_delete_value_norm_24,value_norm,24,12,13,0.08345988570104194,0.10965928378964049,0.6436197003881997,0.7743070811278329,0.7610836293728046,0.06912150173324662,0.28589422920417196,0.17643111849434656,0.9864794068778474,0.24177298690378027,0.28589422920417196,43.94976715683142,0.0015727387470926015,0.0035238389391452074,0.004384745378047228,2.169546365737915,0.42926454544067383,0.004384745378047228,14.080587387084961,18.45178985595703,6.787254810333252,6.011759281158447,8.682546615600586,1.2867980003356934,1303.0,1.1074925881531237,-1.9881224448916286,0.6158746079407669,0.6558802711966094,1.1650576283602556,-1.1762925842464897,24.0,0.28602659084986237,,,,
synthetic_niah_119,niah_single_1,recovery_formal,64,32,physical_delete_value_norm_24,value_norm,24,13,14,0.06175874075644721,0.09079275228654923,0.6535527711182114,0.7573504718326043,0.6802166384551451,0.05949909586330505,0.295359974337173,0.1969380372910395,0.9804263009096756,0.20144603545835527,0.295359974337173,48.32273154732532,0.001231285855706109,0.0014030426973477006,0.0031662217807024717,2.3142969608306885,0.3699864149093628,0.0031662217807024717,14.031206130981445,20.026838302612305,6.228476524353027,5.819639205932617,7.90222692489624,2.29547381401062,1303.0,1.1074925881531237,-1.9881224448916286,0.6158746079407669,0.6558802711966094,1.1650576283602556,-1.1762925842464897,24.0,0.28602659084986237,,,,
synthetic_niah_119,niah_single_1,recovery_formal,64,32,physical_delete_value_norm_24,value_norm,24,14,15,0.06564478459596354,0.07831098532444229,0.7567280848850901,0.6587941103572824,0.8382576764166266,0.0670417732056709,0.29227756887094697,0.19155776859518447,0.9822097133834109,0.22937707284431635,0.29227756887094697,49.422913777421826,0.0013564917177404058,0.0024957009591162205,0.0027520477306097746,1.8284735679626465,0.5020263195037842,0.0027520477306097746,15.186332702636719,20.08243751525879,11.629332542419434,8.330575942993164,9.88247013092041,2.72499942779541,1303.0,1.1074925881531237,-1.9881224448916286,0.6158746079407669,0.6558802711966094,1.1650576283602556,-1.1762925842464897,24.0,0.28602659084986237,7.190994126623921e-07,1.614690800313392e-05,7.192571720358637e-07,1.615177512583154e-05
synthetic_niah_119,niah_single_1,recovery_formal,64,32,physical_delete_value_norm_24,value_norm,24,15,16,0.14979762165224844,0.18047720600298728,0.7059135403422472,0.7190866718753447,0.8300085366446164,0.140869635367127,0.2699569149250725,0.37638280037862926,0.9378106100254787,0.5218226597611914,0.2699569149250725,47.82236020760642,0.0029456855486760533,0.003968346863985062,0.0070259408093988895,2.527007579803467,0.38851067423820496,0.0070259408093988895,53.90626525878906,55.885765075683594,1394.629150390625,5.506459712982178,8.475003242492676,3.564970016479492,1303.0,1.1074925881531237,-1.9881224448916286,0.6158746079407669,0.6558802711966094,1.1650576283602556,-1.1762925842464897,24.0,0.28602659084986237,,,,
synthetic_niah_119,niah_single_1,recovery_formal,64,32,physical_delete_value_norm_24,value_norm,24,16,17,0.09601524340799512,0.11299997789797694,0.8357145710955769,0.549341915888241,0.8496925857338075,0.08715514738793455,0.28710640877335825,0.3001446197973808,0.953899836896977,0.30356392168429375,0.28710640877335825,51.73140238242646,0.001684762897855284,0.005804447457194328,0.005306219682097435,2.9544763565063477,0.3116416335105896,0.005306219682097435,11.534699440002441,18.591670989990234,6.741070747375488,4.611774444580078,9.09876537322998,3.6528584957122803,1303.0,1.1074925881531237,-1.9881224448916286,0.6158746079407669,0.6558802711966094,1.1650576283602556,-1.1762925842464897,24.0,0.28602659084986237,,,,
synthetic_niah_119,niah_single_1,recovery_formal,64,32,physical_delete_value_norm_24,value_norm,24,17,18,0.04331127584781647,0.06138851809046827,0.7515431487117824,0.6612868918364638,0.7055273069792732,0.038294044924333165,0.2861534352681943,0.15299596464171963,0.9884127778679909,0.13382346742908213,0.2861534352681943,58.49861674441569,0.0006546145371546539,0.00118677516002208,0.0013198935193940997,2.3044328689575195,0.4076245129108429,0.0013198935193940997,13.024170875549316,17.055234909057617,7.829990386962891,6.379301071166992,9.707469940185547,5.304446220397949,1303.0,1.1074925881531237,-1.9881224448916286,0.6158746079407669,0.6558802711966094,1.1650576283602556,-1.1762925842464897,24.0,0.28602659084986237,2.4861874041472707e-07,1.0797602070983941e-05,2.486624645140652e-07,1.0793750679046795e-05
synthetic_niah_119,niah_single_1,recovery_formal,64,32,physical_delete_value_norm_24,value_norm,24,18,19,0.014519981039429699,0.06276186491510152,0.1405097769795065,0.9942379076372535,0.23135037588623272,0.01416026382683819,0.2779525133345049,0.029087281478569996,0.9998158258770438,0.050944902987068406,0.2779525133345049,64.95705678369238,0.00021799423385194318,0.00037482843617908657,0.0007055241730995476,2.200700283050537,0.43967774510383606,0.0007055241730995476,19.326704025268555,22.846078872680664,7.635371208190918,6.347468376159668,9.495035171508789,3.6070287227630615,1303.0,1.1074925881531237,-1.9881224448916286,0.6158746079407669,0.6558802711966094,1.1650576283602556,-1.1762925842464897,24.0,0.28602659084986237,4.00860897817755e-08,1.0540401761200931e-05,4.0084452910147564e-08,1.0535626945088326e-05
synthetic_niah_119,niah_single_1,recovery_formal,64,32,physical_delete_value_norm_24,value_norm,24,19,20,0.004325179806946282,0.05352495979907199,0.06795891404115183,0.9977708422964228,0.08080678291366547,0.0038265908133799167,0.2635614652868527,0.026309744433395985,0.999723373839304,0.014518779553813626,0.2635614652868527,70.58645800352772,5.421140147290963e-05,8.667384827276692e-05,0.00012342099216766655,1.627402663230896,0.5602157115936279,0.00012342099216766655,15.694608688354492,19.56728744506836,8.724266052246094,8.438726425170898,10.106160163879395,2.689727306365967,1303.0,1.1074925881531237,-1.9881224448916286,0.6158746079407669,0.6558802711966094,1.1650576283602556,-1.1762925842464897,24.0,0.28602659084986237,,,,
synthetic_niah_119,niah_single_1,recovery_formal,64,32,physical_delete_value_norm_24,value_norm,24,20,21,0.05781793251931106,0.08585198313481693,0.4622958441665309,0.9115224234457358,0.6734606517885227,0.04433809970831353,0.2533681350505319,0.12434796980845417,0.9935304128459445,0.174994774696,0.2533681350505319,85.46989560420296,0.000518756918969879,0.0014571537030860782,0.0016409445088356733,2.441591501235962,0.39110955595970154,0.0016409445088356733,16.593563079833984,19.164627075195312,7.393336296081543,5.465260028839111,11.13171100616455,5.768357753753662,1303.0,1.1074925881531237,-1.9881224448916286,0.6158746079407669,0.6558802711966094,1.1650576283602556,-1.1762925842464897,24.0,0.28602659084986237,,,,
synthetic_niah_119,niah_single_1,recovery_formal,64,32,physical_delete_value_norm_24,value_norm,24,21,22,0.09508095727613229,0.09586885272907958,0.969498045568007,0.24610992105670548,0.9917815283012321,0.08735990707355627,0.26847114915519865,0.3125148658127369,0.9500002248810847,0.3253977470147266,0.26847114915519865,114.47923393332974,0.0007631070201293697,0.0019074402516707778,0.0028187050484120846,2.7963244915008545,0.3140542805194855,0.0028187050484120846,14.413257598876953,17.469491958618164,5.392074108123779,7.417016983032227,11.166789054870605,7.718429088592529,1303.0,1.1074925881531237,-1.9881224448916286,0.6158746079407669,0.6558802711966094,1.1650576283602556,-1.1762925842464897,24.0,0.28602659084986237,,,,
synthetic_niah_119,niah_single_1,recovery_formal,64,32,physical_delete_value_norm_24,value_norm,24,22,23,0.023631450550574362,0.03111158808584567,0.7210489064702342,0.6939541790237738,0.7595706938960656,0.023638937765663576,0.2881246716543735,0.03565321218650333,1.0004403858477988,0.0820441291262284,0.2881246716543735,135.4216544241431,0.00017455803406171653,0.0006485863705165684,0.0009352097404189408,1.783931851387024,0.548654317855835,0.0009352097404189408,16.52153205871582,19.763986587524414,6.60565185546875,7.168334007263184,10.892867088317871,11.864660263061523,1303.0,1.1074925881531237,-1.9881224448916286,0.6158746079407669,0.6558802711966094,1.1650576283602556,-1.1762925842464897,24.0,0.28602659084986237,3.195003121638174e-08,1.1236541079177745e-05,3.195046451366692e-08,1.1235303625709464e-05
synthetic_niah_119,niah_single_1,recovery_formal,64,32,physical_delete_value_norm_24,value_norm,24,23,24,0.060788491679526345,0.06270424195394826,0.9460117216168688,0.32497857472113817,0.9694478361475305,0.06348634619479997,0.3116934043412421,0.23297638179147134,0.9729235141635761,0.20368203276221747,0.3116934043412421,163.11949303357028,0.00038920146828640747,0.001146056572906673,0.0012626596726477146,1.7303094863891602,0.5904880166053772,0.0012626596726477146,15.284444808959961,18.568071365356445,8.626470565795898,11.121831893920898,13.522188186645508,13.489949226379395,1303.0,1.1074925881531237,-1.9881224448916286,0.6158746079407669,0.6558802711966094,1.1650576283602556,-1.1762925842464897,24.0,0.28602659084986237,,,,
synthetic_niah_119,niah_single_1,recovery_formal,64,32,physical_delete_value_norm_24,value_norm,24,24,25,0.04734594253319221,0.047754134033808876,0.9496486348501351,0.31609335747293016,0.9914522269354172,0.049877625443860596,0.3330091416316433,0.13664602259977887,0.9907069837800205,0.14977854721787948,0.3330091416316433,188.67952362465002,0.0002643510248790152,0.0014010150916874409,0.0016404029447585344,1.653537392616272,0.5926900506019592,0.0016404029447585344,14.931674003601074,18.387710571289062,6.113500118255615,6.818927764892578,15.393977165222168,72.10769653320312,1303.0,1.1074925881531237,-1.9881224448916286,0.6158746079407669,0.6558802711966094,1.1650576283602556,-1.1762925842464897,24.0,0.28602659084986237,,,,
synthetic_niah_119,niah_single_1,recovery_formal,64,32,physical_delete_value_norm_24,value_norm,24,25,26,0.04601119180181196,0.06253055240089334,0.78501664875494,0.6214251630022372,0.7358193720539501,0.04671186160851888,0.35249923638441316,0.11577517760339469,0.9934165140062081,0.13251620652470836,0.35249923638441316,220.17518907330356,0.0002121576995351959,0.0012819268740713596,0.000892148120328784,1.4503012895584106,0.6489273905754089,0.000892148120328784,14.583179473876953,17.668689727783203,8.143671989440918,9.022693634033203,20.292037963867188,69.18254089355469,1303.0,1.1074925881531237,-1.9881224448916286,0.6158746079407669,0.6558802711966094,1.1650576283602556,-1.1762925842464897,24.0,0.28602659084986237,,,,
synthetic_niah_119,niah_single_1,recovery_formal,64,32,physical_delete_value_norm_24,value_norm,24,26,27,0.1151633226981945,0.12684815729423016,0.9418577017318217,0.33772522879953865,0.9078832925500672,0.1194745108511669,0.3891801399858055,0.29845647916824825,0.9544613954432939,0.30699025612027503,0.3891801399858055,261.56298871143355,0.0004567714699994342,0.00437158765271306,0.002414198825135827,2.00390887260437,0.5687065720558167,0.002414198825135827,13.7108154296875,17.504606246948242,8.276472091674805,9.333333969116211,25.36241912841797,175.3046875,1303.0,1.1074925881531237,-1.9881224448916286,0.6158746079407669,0.6558802711966094,1.1650576283602556,-1.1762925842464897,24.0,0.28602659084986237,8.622479281414157e-07,1.4332961207387486e-05,8.62178537837859e-07,1.4346032852808438e-05
synthetic_niah_119,niah_single_1,recovery_formal,64,32,physical_delete_value_norm_24,value_norm,24,27,28,0.1901387255606429,0.14610338389938463,0.9630151112609913,0.43255660608565316,1.3013985062220297,0.14097840939307157,0.46479285208676496,0.3694214772267652,0.9316103827302139,0.3033144953932177,0.46479285208676496,225.4644910409532,0.000625279877741211,0.006004685536026955,0.0020009593572467566,3.137021780014038,0.19577734172344208,0.0020009593572467566,15.003890991210938,16.113780975341797,4.33458948135376,11.109601020812988,25.04941177368164,151.51519775390625,1303.0,1.1074925881531237,-1.9881224448916286,0.6158746079407669,0.6558802711966094,1.1650576283602556,-1.1762925842464897,24.0,0.28602659084986237,,,,
synthetic_niah_119,niah_single_1,recovery_formal,64,32,physical_delete_aov_84,aov,84,0,1,0.0007771031959042761,0.000777163654014179,0.9991716845514756,0.04070022203984762,0.9999222067197937,0.0022106985036524154,0.002200902276407458,0.9997241737804125,0.02395661272684565,1.0044510050945779,0.002200902276407458,16.310602743209646,0.00013553751130213523,0.00010907318210229278,0.00015645074017811567,1.657152771949768,0.5285634398460388,0.00015645074017811567,779.23828125,778.9019775390625,1848.9189453125,3.605106830596924,4.092738151550293,0.9033900499343872,1243.0,-0.3644009000393046,-0.04032451683209229,-0.36790534174043776,-0.3734770675190945,-1.2196212371228004,1.4924243650731661,84.0,0.2331407945436743,6.009729566192882e-10,6.090141637872937e-10,6.009724644443588e-10,6.090124861086454e-10
synthetic_niah_119,niah_single_1,recovery_formal,64,32,physical_delete_aov_84,aov,84,1,2,0.01386164592929767,0.013890436267504165,0.9996397948277713,0.026892622487067867,0.9979273265682916,0.01378169243110243,0.01398654478328275,0.9875792359013406,0.1571375391663381,0.9853536126788678,0.01398654478328275,20.37010129765543,0.0006765647470142273,0.0008190227090381086,0.0015419181436300278,2.7315664291381836,0.2738693058490753,0.0015419181436300278,91.8169174194336,91.14028930664062,3904.626708984375,3.870232582092285,3.96563458442688,0.5624406337738037,1243.0,-0.3644009000393046,-0.04032451683209229,-0.36790534174043776,-0.3734770675190945,-1.2196212371228004,1.4924243650731661,84.0,0.2331407945436743,,,,
synthetic_niah_119,niah_single_1,recovery_formal,64,32,physical_delete_aov_84,aov,84,2,3,0.0012875482719164853,0.005190044831171591,0.3735871882140402,0.9360473133208983,0.24808037575772474,0.0012638430390250733,0.016013093438938353,0.17479046086923214,0.9892615255641098,0.07892560196719019,0.016013093438938353,26.39751686054548,4.7877345649660365e-05,2.292302633577492e-05,4.963334504282102e-05,2.241241931915283,0.34612441062927246,4.963334504282102e-05,31.621623992919922,27.39702796936035,48.942752838134766,6.431402206420898,5.867598056793213,1.3341593742370605,1243.0,-0.3644009000393046,-0.04032451683209229,-0.36790534174043776,-0.3734770675190945,-1.2196212371228004,1.4924243650731661,84.0,0.2331407945436743,,,,
synthetic_niah_119,niah_single_1,recovery_formal,64,32,physical_delete_aov_84,aov,84,3,4,2.7237212865443425e-05,0.0040450554720194345,0.09547057133780881,0.9993796301785184,0.0067334584293959375,2.7493555238207106e-05,0.016444842758869406,0.04607436732605716,0.9999243645886644,0.0016718648904914982,0.016444842758869406,31.29581760651056,8.785057346604532e-07,9.701288945507258e-07,9.312626048085804e-07,2.060614824295044,0.40266332030296326,9.312626048085804e-07,26.980464935302734,22.067481994628906,9.248373031616211,6.241327285766602,6.476851463317871,1.405389666557312,1243.0,-0.3644009000393046,-0.04032451683209229,-0.36790534174043776,-0.3734770675190945,-1.2196212371228004,1.4924243650731661,84.0,0.2331407945436743,,,,
synthetic_niah_119,niah_single_1,recovery_formal,64,32,physical_delete_aov_84,aov,84,4,5,0.0027269967278278915,0.0046841057331349694,0.6908729959977097,0.7311008704175291,0.5821808650768376,0.0025799479914841517,0.016323793357500064,0.18931563295387385,0.9824139842532402,0.15804831236109584,0.016323793357500064,32.85472658627311,7.852593095576296e-05,3.486705827526748e-05,0.00010689420014386997,1.7133830785751343,0.5252370238304138,0.00010689420014386997,21.891307830810547,18.983558654785156,7.002256870269775,7.175924301147461,6.752904415130615,2.020242214202881,1243.0,-0.3644009000393046,-0.04032451683209229,-0.36790534174043776,-0.3734770675190945,-1.2196212371228004,1.4924243650731661,84.0,0.2331407945436743,1.1729753639872052e-10,1.6502147650559448e-08,1.172997929846847e-10,1.6502305856957413e-08
synthetic_niah_119,niah_single_1,recovery_formal,64,32,physical_delete_aov_84,aov,84,5,6,0.00030751022356204983,0.00488918615964081,0.0823381392569018,0.996794074939407,0.06289599404098808,0.00020270057521573504,0.013320031462092095,-0.015424404379342576,1.0003504525114386,0.015217724957527849,0.013320031462092095,32.70553759988273,6.197744788529691e-06,5.12830592924729e-06,1.0599948836897966e-05,1.8270035982131958,0.5266585946083069,1.0599948836897966e-05,20.272716522216797,17.824180603027344,5.266371250152588,8.410035133361816,7.761381149291992,1.6384142637252808,1243.0,-0.3644009000393046,-0.04032451683209229,-0.36790534174043776,-0.3734770675190945,-1.2196212371228004,1.4924243650731661,84.0,0.2331407945436743,,,,
synthetic_niah_119,niah_single_1,recovery_formal,64,32,physical_delete_aov_84,aov,84,6,7,0.0009846250166343387,0.003128431763151447,0.39022659593485204,0.9238085728125462,0.3147343752968644,0.0008356965900341475,0.013187062296840763,0.13448563997246626,0.9934639887164414,0.06337246091833176,0.013187062296840763,36.522611294543275,2.2881622107864074e-05,1.9048877220484428e-05,3.0491946745314635e-05,1.4146209955215454,0.5416954159736633,3.0491946745314635e-05,20.408885955810547,19.659055709838867,6.123626708984375,7.5573272705078125,6.79297399520874,1.1505763530731201,1243.0,-0.3644009000393046,-0.04032451683209229,-0.36790534174043776,-0.3734770675190945,-1.2196212371228004,1.4924243650731661,84.0,0.2331407945436743,,,,
synthetic_niah_119,niah_single_1,recovery_formal,64,32,physical_delete_aov_84,aov,84,7,8,0.0006256149250536164,0.003170325462029669,0.1903730623540438,0.981736502436361,0.19733460571997313,0.0005683906675506429,0.013442902070596943,0.040340833188790046,0.9991878625637043,0.042281842459736305,0.013442902070596943,38.48688821987782,1.476842358112701e-05,2.286776179971639e-05,3.1893199775367975e-05,2.3440959453582764,0.35583698749542236,3.1893199775367975e-05,33.058616638183594,33.501705169677734,193.26585388183594,6.544585227966309,6.165644645690918,1.4768967628479004,1243.0,-0.3644009000393046,-0.04032451683209229,-0.36790534174043776,-0.3734770675190945,-1.2196212371228004,1.4924243650731661,84.0,0.2331407945436743,2.9189149670619697e-11,1.7877864975109867e-08,2.9189519644028354e-11,1.787818181386406e-08
synthetic_niah_119,niah_single_1,recovery_formal,64,32,physical_delete_aov_84,aov,84,8,9,0.0003604984418352688,0.003518921501527627,0.04697518361976228,1.0004350615468158,0.10244571857564028,0.00030832267892260925,0.013857088354948083,0.18494630076118462,0.9961249390911389,0.0222501777447723,0.013857088354948083,40.533346897692276,7.606642493668917e-06,5.6591761676827446e-06,1.4214687325875275e-05,1.6870707273483276,0.5170236229896545,1.4214687325875275e-05,24.690658569335938,21.05253028869629,13.135741233825684,9.046553611755371,8.273991584777832,3.1730759143829346,1243.0,-0.3644009000393046,-0.04032451683209229,-0.36790534174043776,-0.3734770675190945,-1.2196212371228004,1.4924243650731661,84.0,0.2331407945436743,,,,
synthetic_niah_119,niah_single_1,recovery_formal,64,32,physical_delete_aov_84,aov,84,9,10,0.0002406945362952342,0.003619256530277978,-0.06969119299695253,1.0068228397210068,0.06650386185163493,0.00020766552472041273,0.01583036681744729,0.07903941577002643,0.9990487379095244,0.013118175157605074,0.01583036681744729,41.3454777972737,5.022690165503568e-06,4.918332251691027e-06,9.318726370111108e-06,1.867110252380371,0.4777524769306183,9.318726370111108e-06,21.63962173461914,19.895654678344727,6.753230571746826,8.32756233215332,7.546325206756592,2.8054187297821045,1243.0,-0.3644009000393046,-0.04032451683209229,-0.36790534174043776,-0.3734770675190945,-1.2196212371228004,1.4924243650731661,84.0,0.2331407945436743,,,,
synthetic_niah_119,niah_single_1,recovery_formal,64,32,physical_delete_aov_84,aov,84,10,11,0.00015859764979459952,0.007688748341601894,0.11366293406100358,0.9978659118201726,0.020627239018406587,0.00014589953198809554,0.014136060171356496,0.07074621845296877,0.9993228551729121,0.010321088777177653,0.014136060171356496,43.2652277196414,3.3722122747977716e-06,4.60658475276432e-06,5.765744390373584e-06,2.510382652282715,0.34566572308540344,5.765744390373584e-06,24.341474533081055,20.048242568969727,10.92613697052002,8.16086483001709,8.673315048217773,3.8562514781951904,1243.0,-0.3644009000393046,-0.04032451683209229,-0.36790534174043776,-0.3734770675190945,-1.2196212371228004,1.4924243650731661,84.0,0.2331407945436743,2.862980047830651e-12,1.78293246926698e-08,2.8631179018538285e-12,1.7829618118047927e-08
synthetic_niah_119,niah_single_1,recovery_formal,64,32,physical_delete_aov_84,aov,84,11,12,0.00011435226002585411,0.004552713952118787,0.040037263688788315,0.999309571832511,0.025117383000229067,0.00011562889096363879,0.014537099544488744,-0.10239915222444249,1.0008457643380577,0.0079540551132482,0.014537099544488744,43.634034466804174,2.6499701981857015e-06,3.2666127935954137e-06,5.068302925792523e-06,2.22554612159729,0.3982022702693939,5.068302925792523e-06,22.934593200683594,19.7804012298584,7.845221519470215,7.5879034996032715,7.441056251525879,1.2213726043701172,1243.0,-0.3644009000393046,-0.04032451683209229,-0.36790534174043776,-0.3734770675190945,-1.2196212371228004,1.4924243650731661,84.0,0.2331407945436743,,,,
synthetic_niah_119,niah_single_1,recovery_formal,64,32,physical_delete_aov_84,aov,84,12,13,0.0012080384129713323,0.003976744459730426,0.28046071115137094,0.9601486234720165,0.30377572036731326,0.0010392772705009742,0.014955913419577398,0.09322131927098491,0.9959282053417546,0.06948938799956897,0.014955913419577398,43.94976715683142,2.3646934619525785e-05,1.0226368431176525e-05,2.5457226001890376e-05,2.169546365737915,0.42926454544067383,2.5457226001890376e-05,21.436012268066406,18.45178985595703,6.787254810333252,9.813764572143555,8.682546615600586,1.2867980003356934,1243.0,-0.3644009000393046,-0.04032451683209229,-0.36790534174043776,-0.3734770675190945,-1.2196212371228004,1.4924243650731661,84.0,0.2331407945436743,,,,
synthetic_niah_119,niah_single_1,recovery_formal,64,32,physical_delete_aov_84,aov,84,13,14,0.0005765381033657178,0.0031004518017693395,0.3022879192699944,0.9602894579780948,0.18595293209741365,0.0005238102561603524,0.014835080480240844,0.12508581090487558,0.9961994956122407,0.035308892112720675,0.014835080480240844,48.32273154732532,1.0839831263415933e-05,1.1757343600038439e-05,1.8727138012764044e-05,2.3142969608306885,0.3699864149093628,1.8727138012764044e-05,23.07360076904297,20.026838302612305,6.228476524353027,7.323836326599121,7.90222692489624,2.29547381401062,1243.0,-0.3644009000393046,-0.04032451683209229,-0.36790534174043776,-0.3734770675190945,-1.2196212371228004,1.4924243650731661,84.0,0.2331407945436743,,,,
synthetic_niah_119,niah_single_1,recovery_formal,64,32,physical_delete_aov_84,aov,84,14,15,0.00015921175023750285,0.004162738770310353,0.09486310103404712,0.9970989866056009,0.038246875199817745,0.0001494457433517881,0.014699432659272777,0.05362396868374743,0.9995063772408513,0.010166769481236675,0.014699432659272777,49.422913777421826,3.023814905467195e-06,1.884715743472043e-06,2.873960056604119e-06,1.8284735679626465,0.5020263195037842,2.873960056604119e-06,25.900789260864258,20.08243751525879,11.629332542419434,10.548833847045898,9.88247013092041,2.72499942779541,1243.0,-0.3644009000393046,-0.04032451683209229,-0.36790534174043776,-0.3734770675190945,-1.2196212371228004,1.4924243650731661,84.0,0.2331407945436743,5.053729068693032e-12,1.8251295642822125e-08,5.053743825475909e-12,1.8251692009919836e-08
synthetic_niah_119,niah_single_1,recovery_formal,64,32,physical_delete_aov_84,aov,84,15,16,0.0009947570579193262,0.005362993494963162,0.011820345859143145,1.0148989282773038,0.18548541199119226,0.0008630330592584248,0.012946880169639205,-0.0005171378494653715,1.0022536796819286,0.06665953866494118,0.012946880169639205,47.82236020760642,1.8046642940913535e-05,2.039744140347466e-05,3.740131069207564e-05,2.527007579803467,0.38851067423820496,3.740131069207564e-05,58.19187927246094,55.885765075683594,1394.629150390625,8.938037872314453,8.475003242492676,3.564970016479492,1243.0,-0.3644009000393046,-0.04032451683209229,-0.36790534174043776,-0.3734770675190945,-1.2196212371228004,1.4924243650731661,84.0,0.2331407945436743,,,,
synthetic_niah_119,niah_single_1,recovery_formal,64,32,physical_delete_aov_84,aov,84,16,17,0.006294674697674087,0.006287310377902546,0.9537856637330018,0.3042010948011375,1.0011712989066714,0.006222305422076473,0.014666063383804823,0.4010161550883704,0.9163659627245738,0.42426554824163165,0.014666063383804823,51.73140238242646,0.00012028101183257765,0.000137002527480945,0.00014899489178787917,2.9544763565063477,0.3116416335105896,0.00014899489178787917,20.73482894897461,18.591670989990234,6.741070747375488,9.448286056518555,9.09876537322998,3.6528584957122803,1243.0,-0.3644009000393046,-0.04032451683209229,-0.36790534174043776,-0.3734770675190945,-1.2196212371228004,1.4924243650731661,84.0,0.2331407945436743,,,,
synthetic_niah_119,niah_single_1,recovery_formal,64,32,physical_delete_aov_84,aov,84,17,18,0.0008998259396829209,0.0019870703812914147,0.39835097394706015,0.9188501562895542,0.4528404973245668,0.0008408442335967434,0.014441044852580983,0.06329694919272469,0.9980076206019183,0.05822599695384666,0.014441044852580983,58.49861674441569,1.4373745575394495e-05,1.164791774499463e-05,1.8798858945956454e-05,2.3044328689575195,0.4076245129108429,1.8798858945956454e-05,20.384700775146484,17.055234909057617,7.829990386962891,9.393194198608398,9.707469940185547,5.304446220397949,1243.0,-0.3644009000393046,-0.04032451683209229,-0.36790534174043776,-0.3734770675190945,-1.2196212371228004,1.4924243650731661,84.0,0.2331407945436743,1.332759739662444e-10,2.699153941083536e-08,1.3327547864546303e-10,2.6992432799853596e-08
synthetic_niah_119,niah_single_1,recovery_formal,64,32,physical_delete_aov_84,aov,84,18,19,0.0005798965888009716,0.0032021396531250984,0.058197539145497204,1.0058415503631009,0.18109659528279065,0.000575694885538701,0.014283331637194308,0.1025552012060143,0.9966732026578229,0.040305364333876485,0.014283331637194308,64.95705678369238,8.86269966719352e-06,9.04855642147595e-06,1.3091465007164516e-05,2.200700283050537,0.43967774510383606,1.3091465007164516e-05,26.165393829345703,22.846078872680664,7.635371208190918,10.611759185791016,9.495035171508789,3.6070287227630615,1243.0,-0.3644009000393046,-0.04032451683209229,-0.36790534174043776,-0.3734770675190945,-1.2196212371228004,1.4924243650731661,84.0,0.2331407945436743,7.094158672124549e-11,2.787400886565235e-08,7.094327914935659e-11,2.787498586571878e-08
synthetic_niah_119,niah_single_1,recovery_formal,64,32,physical_delete_aov_84,aov,84,19,20,0.0002610170474055734,0.003238734104177148,0.03764990807926676,1.000213244209769,0.08059230520619998,0.0002247689430553939,0.01331794124286584,0.12554382306195006,0.9980216397919163,0.016877153830048484,0.01331794124286584,70.58645800352772,3.1843068686653826e-06,4.000713943241863e-06,6.381922048603883e-06,1.627402663230896,0.5602157115936279,6.381922048603883e-06,23.36429214477539,19.56728744506836,8.724266052246094,11.175115585327148,10.106160163879395,2.689727306365967,1243.0,-0.3644009000393046,-0.04032451683209229,-0.36790534174043776,-0.3734770675190945,-1.2196212371228004,1.4924243650731661,84.0,0.2331407945436743,,,,
synthetic_niah_119,niah_single_1,recovery_formal,64,32,physical_delete_aov_84,aov,84,20,21,0.004164968087225975,0.004950644085032082,0.7538992424402283,0.6627778772773019,0.8412982261880749,0.004044419768333618,0.013080165709719331,0.2372535340053501,0.9741085219033238,0.30920248703947045,0.013080165709719331,85.46989560420296,4.731981640720214e-05,5.21041511092335e-05,9.701393719296902e-05,2.441591501235962,0.39110955595970154,9.701393719296902e-05,21.07651138305664,19.164627075195312,7.393336296081543,10.617303848266602,11.13171100616455,5.768357753753662,1243.0,-0.3644009000393046,-0.04032451683209229,-0.36790534174043776,-0.3734770675190945,-1.2196212371228004,1.4924243650731661,84.0,0.2331407945436743,,,,
synthetic_niah_119,niah_single_1,recovery_formal,64,32,physical_delete_aov_84,aov,84,21,22,0.0020258688328826397,0.0025213039240926005,0.6944397264770817,0.7277689930864676,0.8035004481309153,0.00196016671963917,0.013375603482987372,0.1632370615974655,0.9867280220716599,0.1465479088201392,0.013375603482987372,114.47923393332974,1.7122465379011264e-05,4.6206860133679584e-05,6.468822539318353e-05,2.7963244915008545,0.3140542805194855,6.468822539318353e-05,18.077085494995117,17.469491958618164,5.392074108123779,11.192699432373047,11.166789054870605,7.718429088592529,1243.0,-0.3644009000393046,-0.04032451683209229,-0.36790534174043776,-0.3734770675190945,-1.2196212371228004,1.4924243650731661,84.0,0.2331407945436743,,,,
synthetic_niah_119,niah_single_1,recovery_formal,64,32,physical_delete_aov_84,aov,84,22,23,0.0006130452738837551,0.0014950094098563588,0.35886836651079423,0.9347909907174377,0.4100611473359601,0.0006682012181770527,0.014192157031931095,0.04016448926591816,0.999217029320822,0.047082428461977924,0.014192157031931095,135.4216544241431,4.934227255001879e-06,9.01424209587276e-06,1.065474862116389e-05,1.783931851387024,0.548654317855835,1.065474862116389e-05,23.881771087646484,19.763986587524414,6.60565185546875,11.866604804992676,10.892867088317871,11.864660263061523,1243.0,-0.3644009000393046,-0.04032451683209229,-0.36790534174043776,-0.3734770675190945,-1.2196212371228004,1.4924243650731661,84.0,0.2331407945436743,2.8592245405729375e-11,2.70045201953006e-08,2.859265956796913e-11,2.700508654620308e-08
synthetic_niah_119,niah_single_1,recovery_formal,64,32,physical_delete_aov_84,aov,84,23,24,0.0008933232292175785,0.0011637739140794648,0.6334939485110088,0.78528481515441,0.7676089130457865,0.000876047109335984,0.014496079832266506,-0.024747166322524605,1.0033161532281907,0.060433380574105966,0.014496079832266506,163.11949303357028,5.37058504194647e-06,7.923731573100667e-06,1.9021439584321342e-05,1.7303094863891602,0.5904880166053772,1.9021439584321342e-05,23.09716033935547,18.568071365356445,8.626470565795898,11.994258880615234,13.522188186645508,13.489949226379395,1243.0,-0.3644009000393046,-0.04032451683209229,-0.36790534174043776,-0.3734770675190945,-1.2196212371228004,1.4924243650731661,84.0,0.2331407945436743,,,,
synthetic_niah_119,niah_single_1,recovery_formal,64,32,physical_delete_aov_84,aov,84,24,25,0.00046813453776649446,0.001297194909162128,0.3730369113913029,0.9278961148897592,0.3608821885285285,0.0004861249219830896,0.015379518868246896,-0.005048462201144152,1.0006589092094391,0.031608591019499345,0.015379518868246896,188.67952362465002,2.576458285691685e-06,4.886300757789286e-06,9.846673492575064e-06,1.653537392616272,0.5926900506019592,9.846673492575064e-06,21.916881561279297,18.387710571289062,6.113500118255615,11.701370239257812,15.393977165222168,72.10769653320312,1243.0,-0.3644009000393046,-0.04032451683209229,-0.36790534174043776,-0.3734770675190945,-1.2196212371228004,1.4924243650731661,84.0,0.2331407945436743,,,,
synthetic_niah_119,niah_single_1,recovery_formal,64,32,physical_delete_aov_84,aov,84,25,26,8.449550648313513e-05,0.0027450401735662983,0.2007608966787366,0.9942777152374623,0.030781154788478142,8.834318909115795e-05,0.015444407993274331,0.02601689358125844,0.9998675322502062,0.005720076103249104,0.015444407993274331,220.17518907330356,4.0124043704917906e-07,1.38098096158501e-06,1.4636660807809676e-06,1.4503012895584106,0.6489273905754089,1.4636660807809676e-06,21.191465377807617,17.668689727783203,8.143671989440918,14.428938865661621,20.292037963867188,69.18254089355469,1243.0,-0.3644009000393046,-0.04032451683209229,-0.36790534174043776,-0.3734770675190945,-1.2196212371228004,1.4924243650731661,84.0,0.2331407945436743,,,,
synthetic_niah_119,niah_single_1,recovery_formal,64,32,physical_delete_aov_84,aov,84,26,27,0.0006100168508413219,0.0015499181866527568,0.04294592616137958,1.0588200622439117,0.39358003286530235,0.0003544834423134976,0.016922135457817497,0.03381590369788916,0.9995109153029823,0.020947914239141573,0.016922135457817497,261.56298871143355,1.3552507717541702e-06,4.589719992509345e-06,5.582698122452712e-06,2.00390887260437,0.5687065720558167,5.582698122452712e-06,22.669357299804688,17.504606246948242,8.276472091674805,15.365121841430664,25.36241912841797,175.3046875,1243.0,-0.3644009000393046,-0.04032451683209229,-0.36790534174043776,-0.3734770675190945,-1.2196212371228004,1.4924243650731661,84.0,0.2331407945436743,5.2689962054532985e-12,2.7758721477485652e-08,5.271675943947289e-12,2.7759359686994065e-08
synthetic_niah_119,niah_single_1,recovery_formal,64,32,physical_delete_aov_84,aov,84,27,28,0.0034359706072178827,0.003439881919186525,0.8928024937034394,0.4627661698767657,0.9988629516766764,0.002138315099392362,0.020453660613362006,-0.14054080927963095,1.0199583456696995,0.10454437177839157,0.020453660613362006,225.4644910409532,9.484043760150063e-06,2.1476667825481854e-05,2.1984769773553126e-05,3.137021780014038,0.19577734172344208,2.1984769773553126e-05,19.13517951965332,16.113780975341797,4.33458948135376,15.386590003967285,25.04941177368164,151.51519775390625,1243.0,-0.3644009000393046,-0.04032451683209229,-0.36790534174043776,-0.3734770675190945,-1.2196212371228004,1.4924243650731661,84.0,0.2331407945436743,,,,
synthetic_niah_119,niah_single_1,recovery_formal,64,32,physical_delete_aor_66,aor,66,0,1,0.0009092210105248747,0.0009083313776192478,0.9993975666576486,0.034741991901894066,1.0009794144819246,0.0019590255250470905,0.0019482275148986023,0.9996526174872357,0.027006199657125633,1.0055424790307668,0.0019482275148986023,16.310602743209646,0.00012010748811000641,8.944710134528577e-05,0.0001396570005454123,1.657152771949768,0.5285634398460388,0.0001396570005454123,779.2382202148438,778.9019775390625,1848.9189453125,3.605106830596924,4.092738151550293,0.9033900499343872,1261.0,-0.3597454951182434,-0.01262668737768656,-0.363077862248987,-0.3675304600239482,-1.1993017259095102,1.0554996338636886,66.0,0.6707923356545581,3.7576916311791113e-10,3.552881783275848e-10,3.7576933354245634e-10,3.5528744284916803e-10
synthetic_niah_119,niah_single_1,recovery_formal,64,32,physical_delete_aor_66,aor,66,1,2,0.014993316161087823,0.015048270043554642,0.9997471115090288,0.02274348047959113,0.9963481594689779,0.014761300932640378,0.01491844021961037,0.9919171173737847,0.12691113599074633,0.9894667750343342,0.01491844021961037,20.37010129765543,0.0007246552541365802,0.0008346001268364489,0.0015701331431046128,2.7315664291381836,0.2738693058490753,0.0015701331431046128,91.83563995361328,91.14028930664062,3904.626708984375,3.892833948135376,3.96563458442688,0.5624406337738037,1261.0,-0.3597454951182434,-0.01262668737768656,-0.363077862248987,-0.3675304600239482,-1.1993017259095102,1.0554996338636886,66.0,0.6707923356545581,,,,
synthetic_niah_119,niah_single_1,recovery_formal,64,32,physical_delete_aor_66,aor,66,2,3,0.0007001618266617566,0.004197749249162639,0.2743049409017835,0.9676338547758944,0.16679458088198665,0.0006932665865795915,0.01619362467258326,0.15508057482638254,0.9942607577643958,0.0428110815581228,0.01619362467258326,26.39751686054548,2.6262568189349984e-05,1.3407737242232542e-05,2.6934238121611997e-05,2.241241931915283,0.34612441062927246,2.6934238121611997e-05,31.262516021728516,27.39702796936035,48.942752838134766,6.401060104370117,5.867598056793213,1.3341593742370605,1261.0,-0.3597454951182434,-0.01262668737768656,-0.363077862248987,-0.3675304600239482,-1.1993017259095102,1.0554996338636886,66.0,0.6707923356545581,,,,
synthetic_niah_119,niah_single_1,recovery_formal,64,32,physical_delete_aor_66,aor,66,3,4,0.00018452292498647227,0.004207018894693765,0.0886376255861952,0.997069877992177,0.043860731222103044,0.00017008647267150988,0.01656147774736252,0.022675723607612545,0.999819840467756,0.010270005809028534,0.01656147774736252,31.29581760651056,5.434798822323347e-06,6.322920398815768e-06,6.710453817504458e-06,2.060614824295044,0.40266332030296326,6.710453817504458e-06,26.44770050048828,22.067481994628906,9.248373031616211,6.201682090759277,6.476851463317871,1.405389666557312,1261.0,-0.3597454951182434,-0.01262668737768656,-0.363077862248987,-0.3675304600239482,-1.1993017259095102,1.0554996338636886,66.0,0.6707923356545581,,,,
synthetic_niah_119,niah_single_1,recovery_formal,64,32,physical_delete_aor_66,aor,66,4,5,0.0032213218933104847,0.004814526046316352,0.7672076557492568,0.6488610661736096,0.6690839061458924,0.003051567367651474,0.01633186421990839,0.24372069060223306,0.9715116001286724,0.18684746129175148,0.01633186421990839,32.85472658627311,9.28806197683117e-05,4.548091601463966e-05,0.0001278563286177814,1.7133830785751343,0.5252370238304138,0.0001278563286177814,21.1774845123291,18.983558654785156,7.002256870269775,7.160902500152588,6.752904415130615,2.020242214202881,1261.0,-0.3597454951182434,-0.01262668737768656,-0.363077862248987,-0.3675304600239482,-1.1993017259095102,1.0554996338636886,66.0,0.6707923356545581,1.4999512179634293e-10,1.7409791476143138e-08,1.49996800902303e-10,1.74098956164028e-08
synthetic_niah_119,niah_single_1,recovery_formal,64,32,physical_delete_aor_66,aor,66,5,6,0.000846293912530409,0.005071650345915141,0.20457247147728186,0.9795773396472596,0.1668675588434521,0.0005712460752914302,0.013268656919592288,-0.007050588194206034,1.0012295379594796,0.04305229072943602,0.013268656919592288,32.70553759988273,1.7466341091224823e-05,1.4462180843111128e-05,2.6480593078304082e-05,1.8270035982131958,0.5266585946083069,2.6480593078304082e-05,19.64813232421875,17.824180603027344,5.266371250152588,8.479385375976562,7.761381149291992,1.6384142637252808,1261.0,-0.3597454951182434,-0.01262668737768656,-0.363077862248987,-0.3675304600239482,-1.1993017259095102,1.0554996338636886,66.0,0.6707923356545581,,,,
synthetic_niah_119,niah_single_1,recovery_formal,64,32,physical_delete_aor_66,aor,66,6,7,0.002016852238006977,0.0037476261240578456,0.6857282039366628,0.7426647031284873,0.5381679418498595,0.001809883273191835,0.013115663341133375,0.13923404850052667,0.9902602775926466,0.1379940324875277,0.013115663341133375,36.522611294543275,4.95551443076099e-05,4.4071359297959134e-05,6.941362516954541e-05,1.4146209955215454,0.5416954159736633,6.941362516954541e-05,20.118865966796875,19.659055709838867,6.123626708984375,7.688655853271484,6.79297399520874,1.1505763530731201,1261.0,-0.3597454951182434,-0.01262668737768656,-0.363077862248987,-0.3675304600239482,-1.1993017259095102,1.0554996338636886,66.0,0.6707923356545581,,,,
synthetic_niah_119,niah_single_1,recovery_formal,64,32,physical_delete_aor_66,aor,66,7,8,0.0010597317500587392,0.0032368394877496666,0.3323354645686102,0.9431741762657037,0.32739706558495174,0.0010475197551211121,0.013260213353892417,0.11190679546081365,0.9942635015227735,0.07899720216896979,0.013260213353892417,38.48688821987782,2.721757470067653e-05,3.3267166145378724e-05,5.24306196894031e-05,2.3440959453582764,0.35583698749542236,5.24306196894031e-05,33.073646545410156,33.501705169677734,193.26585388183594,6.513489723205566,6.165644645690918,1.4768967628479004,1261.0,-0.3597454951182434,-0.01262668737768656,-0.363077862248987,-0.3675304600239482,-1.1993017259095102,1.0554996338636886,66.0,0.6707923356545581,5.696472823145472e-11,1.919972969480835e-08,5.6965409198345656e-11,1.9200113262631115e-08
synthetic_niah_119,niah_single_1,recovery_formal,64,32,physical_delete_aor_66,aor,66,8,9,0.0034410491697212733,0.004819148353713146,0.686072957643384,0.7280699637501891,0.7140367793554125,0.0029481803958876255,0.014655592184249763,0.36323579608482387,0.945688617093433,0.20116419444695038,0.014655592184249763,40.533346897692276,7.27346893738863e-05,4.658727630157955e-05,0.00013888391549699008,1.6870707273483276,0.5170236229896545,0.00013888391549699008,24.038604736328125,21.05253028869629,13.135741233825684,8.832962989807129,8.273991584777832,3.1730759143829346,1261.0,-0.3597454951182434,-0.01262668737768656,-0.363077862248987,-0.3675304600239482,-1.1993017259095102,1.0554996338636886,66.0,0.6707923356545581,,,,
synthetic_niah_119,niah_single_1,recovery_formal,64,32,physical_delete_aor_66,aor,66,9,10,0.00043889965776036123,0.0037969768487748435,-0.030582592698269982,1.010164184098641,0.11559187091224414,0.00034975571593952727,0.016622339132561136,0.014035047726949171,0.9999260498073803,0.02104130550762248,0.016622339132561136,41.3454777972737,8.459346331767145e-06,1.1403541975596454e-05,1.4239202755561564e-05,1.867110252380371,0.4777524769306183,1.4239202755561564e-05,21.278484344482422,19.895654678344727,6.753230571746826,8.167552947998047,7.546325206756592,2.8054187297821045,1261.0,-0.3597454951182434,-0.01262668737768656,-0.363077862248987,-0.3675304600239482,-1.1993017259095102,1.0554996338636886,66.0,0.6707923356545581,,,,
synthetic_niah_119,niah_single_1,recovery_formal,64,32,physical_delete_aor_66,aor,66,10,11,0.0002603499497625565,0.008138416589786378,0.1143670433764063,0.9968480907916673,0.03199024612346495,0.0002473869439290392,0.015055626154499338,0.04919257794581999,0.9993264615046047,0.01643152808062441,0.015055626154499338,43.2652277196414,5.71791614115858e-06,5.746798251493601e-06,7.450702014466515e-06,2.510382652282715,0.34566572308540344,7.450702014466515e-06,23.63412857055664,20.048242568969727,10.92613697052002,8.182523727416992,8.673315048217773,3.8562514781951904,1261.0,-0.3597454951182434,-0.01262668737768656,-0.363077862248987,-0.3675304600239482,-1.1993017259095102,1.0554996338636886,66.0,0.6707923356545581,2.4629418254472768e-12,1.955529862972838e-08,2.46430006861566e-12,1.955560718783422e-08
synthetic_niah_119,niah_single_1,recovery_formal,64,32,physical_delete_aor_66,aor,66,11,12,9.944954732905497e-05,0.004964947720167883,0.04257707024081139,0.9993475614270263,0.02003033122082748,0.00010079611476163557,0.015524084826013479,0.014487267961337655,0.9999270119404599,0.0064928861115685875,0.015524084826013479,43.634034466804174,2.3100342655300203e-06,3.1104307254281593e-06,4.697354142990662e-06,2.22554612159729,0.3982022702693939,4.697354142990662e-06,22.092445373535156,19.7804012298584,7.845221519470215,7.587735176086426,7.441056251525879,1.2213726043701172,1261.0,-0.3597454951182434,-0.01262668737768656,-0.363077862248987,-0.3675304600239482,-1.1993017259095102,1.0554996338636886,66.0,0.6707923356545581,,,,
synthetic_niah_119,niah_single_1,recovery_formal,64,32,physical_delete_aor_66,aor,66,12,13,0.0017435508559627594,0.004498502728633414,0.3508501447092251,0.9371518574517949,0.3875847056543694,0.0015067016181441854,0.016012798742060363,0.12339918408496785,0.9927897358369238,0.09409358366483275,0.016012798742060363,43.94976715683142,3.428235723678887e-05,1.4637977983511519e-05,3.713190017151646e-05,2.169546365737915,0.42926454544067383,3.713190017151646e-05,20.611743927001953,18.45178985595703,6.787254810333252,9.854194641113281,8.682546615600586,1.2867980003356934,1261.0,-0.3597454951182434,-0.01262668737768656,-0.363077862248987,-0.3675304600239482,-1.1993017259095102,1.0554996338636886,66.0,0.6707923356545581,,,,
synthetic_niah_119,niah_single_1,recovery_formal,64,32,physical_delete_aor_66,aor,66,13,14,0.0006212821159327302,0.0034664970183518394,0.2732095225349017,0.9665348888232353,0.17922476570544446,0.0005380112727106145,0.015878858365323278,0.07036972324851727,0.9981880777506164,0.03388223890739775,0.015878858365323278,48.32273154732532,1.1133709860414414e-05,1.1577867553569376e-05,2.0653287720051594e-05,2.3142969608306885,0.3699864149093628,2.0653287720051594e-05,22.750244140625,20.026838302612305,6.228476524353027,7.2196197509765625,7.90222692489624,2.29547381401062,1261.0,-0.3597454951182434,-0.01262668737768656,-0.363077862248987,-0.3675304600239482,-1.1993017259095102,1.0554996338636886,66.0,0.6707923356545581,,,,
synthetic_niah_119,niah_single_1,recovery_formal,64,32,physical_delete_aor_66,aor,66,14,15,0.00017966506671820325,0.004412765168686659,0.06012112233879356,0.9983797143875854,0.040714848819312026,0.00017041814231970716,0.01571475679280517,0.06255609041067431,0.9993802217745845,0.010844465782488677,0.01571475679280517,49.422913777421826,3.44816056550596e-06,2.4019184365897672e-06,3.3334963518427685e-06,1.8284735679626465,0.5020263195037842,3.3334963518427685e-06,25.233280181884766,20.08243751525879,11.629332542419434,10.999448776245117,9.88247013092041,2.72499942779541,1261.0,-0.3597454951182434,-0.01262668737768656,-0.363077862248987,-0.3675304600239482,-1.1993017259095102,1.0554996338636886,66.0,0.6707923356545581,2.930174181619517e-12,2.0458489841283854e-08,2.9327367679684083e-12,2.04588091305092e-08
synthetic_niah_119,niah_single_1,recovery_formal,64,32,physical_delete_aor_66,aor,66,15,16,0.002464975695966006,0.006031093196330284,0.21595077115768443,0.9952496522342786,0.40871125942239794,0.0021530404357687698,0.013861414649639204,0.09598616378541443,0.9971498847174014,0.15532616909521646,0.013861414649639204,47.82236020760642,4.5021626419565885e-05,4.9289217713521793e-05,8.275010623037815e-05,2.527007579803467,0.38851067423820496,8.275010623037815e-05,57.552734375,55.885765075683594,1394.629150390625,9.10637378692627,8.475003242492676,3.564970016479492,1261.0,-0.3597454951182434,-0.01262668737768656,-0.363077862248987,-0.3675304600239482,-1.1993017259095102,1.0554996338636886,66.0,0.6707923356545581,,,,
synthetic_niah_119,niah_single_1,recovery_formal,64,32,physical_delete_aor_66,aor,66,16,17,0.008707810934309739,0.008532663665600921,0.9710285798001804,0.24403597946817607,1.0205266814177754,0.008623953205260484,0.01631527583054188,0.4708293465254083,0.8841125716428181,0.5285815143325135,0.01631527583054188,51.73140238242646,0.00016670634871847405,0.00017465553537476808,0.00018962315516546369,2.9544763565063477,0.3116416335105896,0.00018962315516546369,20.225976943969727,18.591670989990234,6.741070747375488,9.745594024658203,9.09876537322998,3.6528584957122803,1261.0,-0.3597454951182434,-0.01262668737768656,-0.363077862248987,-0.3675304600239482,-1.1993017259095102,1.0554996338636886,66.0,0.6707923356545581,,,,
synthetic_niah_119,niah_single_1,recovery_formal,64,32,physical_delete_aor_66,aor,66,17,18,0.0004941521034815541,0.0023563613799842255,0.11642246020265244,0.9975712209576765,0.2097098126285121,0.0004856570082151884,0.015937354502770562,0.024755964542009137,0.9997098705536299,0.03047287478801839,0.015937354502770562,58.49861674441569,8.302025504928704e-06,7.558472589153098e-06,9.729659723234363e-06,2.3044328689575195,0.4076245129108429,9.729659723234363e-06,20.137859344482422,17.055234909057617,7.829990386962891,9.306877136230469,9.707469940185547,5.304446220397949,1261.0,-0.3597454951182434,-0.01262668737768656,-0.363077862248987,-0.3675304600239482,-1.1993017259095102,1.0554996338636886,66.0,0.6707923356545581,6.286269115958285e-11,3.3834534280010155e-08,6.286405173546654e-11,3.383584341118349e-08
synthetic_niah_119,niah_single_1,recovery_formal,64,32,physical_delete_aor_66,aor,66,18,19,0.0005839766162582086,0.0038285507734058533,-0.013463900473388976,1.0135942836607135,0.152532028650284,0.0005614379730401302,0.015703901997059417,0.11628802748098674,0.9964754024739907,0.03575149495617461,0.015703901997059417,64.95705678369238,8.643217547705771e-06,1.115918712457642e-05,1.718087514746003e-05,2.200700283050537,0.43967774510383606,1.718087514746003e-05,26.174297332763672,22.846078872680664,7.635371208190918,10.600218772888184,9.495035171508789,3.6070287227630615,1261.0,-0.3597454951182434,-0.01262668737768656,-0.363077862248987,-0.3675304600239482,-1.1993017259095102,1.0554996338636886,66.0,0.6707923356545581,6.904126184354842e-11,3.5178810303036306e-08,6.904231117790733e-11,3.518028633325333e-08
synthetic_niah_119,niah_single_1,recovery_formal,64,32,physical_delete_aor_66,aor,66,19,20,0.0003251967627617333,0.0036439786311754717,0.05705395091717639,0.9988898496361286,0.08924222551130373,0.00028524395926751906,0.014789556792481761,0.12732211891059095,0.9977277671917387,0.019286849719020803,0.014789556792481761,70.58645800352772,4.041057836522458e-06,5.010736003896454e-06,8.080609404714778e-06,1.627402663230896,0.5602157115936279,8.080609404714778e-06,23.070838928222656,19.56728744506836,8.724266052246094,11.312295913696289,10.106160163879395,2.689727306365967,1261.0,-0.3597454951182434,-0.01262668737768656,-0.363077862248987,-0.3675304600239482,-1.1993017259095102,1.0554996338636886,66.0,0.6707923356545581,,,,
synthetic_niah_119,niah_single_1,recovery_formal,64,32,physical_delete_aor_66,aor,66,20,21,0.005657205227668034,0.006231883699136213,0.805520373180946,0.6013275378813758,0.9077841469429486,0.005437829487633309,0.014821793888264958,0.2910571934312761,0.9597056360474264,0.3668806575389413,0.014821793888264958,85.46989560420296,6.362274633883963e-05,7.317921699723229e-05,0.00012607405369635671,2.441591501235962,0.39110955595970154,0.00012607405369635671,20.846904754638672,19.164627075195312,7.393336296081543,10.670553207397461,11.13171100616455,5.768357753753662,1261.0,-0.3597454951182434,-0.01262668737768656,-0.363077862248987,-0.3675304600239482,-1.1993017259095102,1.0554996338636886,66.0,0.6707923356545581,,,,
synthetic_niah_119,niah_single_1,recovery_formal,64,32,physical_delete_aor_66,aor,66,21,22,0.003425378700064281,0.0037488277305017786,0.8254921730158192,0.5712677249424652,0.9137199536255554,0.0033215132669216735,0.015253027408513295,0.24397301238917363,0.9701361982023253,0.21776091905976713,0.015253027408513295,114.47923393332974,2.9014111579887508e-05,7.865110819693655e-05,0.00010051607387140393,2.7963244915008545,0.3140542805194855,0.00010051607387140393,17.65845489501953,17.469491958618164,5.392074108123779,11.24533462524414,11.166789054870605,7.718429088592529,1261.0,-0.3597454951182434,-0.01262668737768656,-0.363077862248987,-0.3675304600239482,-1.1993017259095102,1.0554996338636886,66.0,0.6707923356545581,,,,
synthetic_niah_119,niah_single_1,recovery_formal,64,32,physical_delete_aor_66,aor,66,22,23,0.0011478039326337371,0.0020908226227429965,0.5217676267269608,0.8535213201172884,0.5489724093036202,0.0012714940629744043,0.016409307169376733,0.11809499422295507,0.9938323049884575,0.077486151599824,0.016409307169376733,135.4216544241431,9.389148791463304e-06,1.8751043171505444e-05,1.943032657436561e-05,1.783931851387024,0.548654317855835,1.943032657436561e-05,23.14698028564453,19.763986587524414,6.60565185546875,11.44443130493164,10.892867088317871,11.864660263061523,1261.0,-0.3597454951182434,-0.01262668737768656,-0.363077862248987,-0.3675304600239482,-1.1993017259095102,1.0554996338636886,66.0,0.6707923356545581,7.89693841959902e-11,3.7886939375400176e-08,7.897134243670837e-11,3.7887617274545635e-08
synthetic_niah_119,niah_single_1,recovery_formal,64,32,physical_delete_aor_66,aor,66,23,24,0.0016549731573280292,0.0020049302957040605,0.821628101801961,0.5700367377381584,0.8254517181341017,0.0016335481453214457,0.016638426419734422,-0.014827634074988168,1.0062557806073067,0.09817924508677907,0.016638426419734422,163.11949303357028,1.0014426326014014e-05,1.4402779015654232e-05,3.406401083339006e-05,1.7303094863891602,0.5904880166053772,3.406401083339006e-05,22.441364288330078,18.568071365356445,8.626470565795898,11.964523315429688,13.522188186645508,13.489949226379395,1261.0,-0.3597454951182434,-0.01262668737768656,-0.363077862248987,-0.3675304600239482,-1.1993017259095102,1.0554996338636886,66.0,0.6707923356545581,,,,
synthetic_niah_119,niah_single_1,recovery_formal,64,32,physical_delete_aor_66,aor,66,24,25,0.0005955015156891493,0.0017154886780140534,0.31605848652893687,0.9492484471638103,0.34713229141129365,0.0006198567786585124,0.017675616257404728,-0.02866604598466136,1.0016188626660414,0.03506846774854822,0.017675616257404728,188.67952362465002,3.285236080474878e-06,7.096010904206196e-06,1.2122080988774542e-05,1.653537392616272,0.5926900506019592,1.2122080988774542e-05,21.168376922607422,18.387710571289062,6.113500118255615,11.850099563598633,15.393977165222168,72.10769653320312,1261.0,-0.3597454951182434,-0.01262668737768656,-0.363077862248987,-0.3675304600239482,-1.1993017259095102,1.0554996338636886,66.0,0.6707923356545581,,,,
synthetic_niah_119,niah_single_1,recovery_formal,64,32,physical_delete_aor_66,aor,66,25,26,0.00014855259235008417,0.0027369031230997966,-0.04154793929686488,1.0037212296653353,0.054277621701799436,0.00015702321438895286,0.018145138880819554,0.07521400429155999,0.9993863732675151,0.008653734502684647,0.018145138880819554,220.17518907330356,7.131739731885715e-07,3.4638323995750397e-06,3.231081791454926e-06,1.4503012895584106,0.6489273905754089,3.231081791454926e-06,20.412799835205078,17.668689727783203,8.143671989440918,14.284552574157715,20.292037963867188,69.18254089355469,1261.0,-0.3597454951182434,-0.01262668737768656,-0.363077862248987,-0.3675304600239482,-1.1993017259095102,1.0554996338636886,66.0,0.6707923356545581,,,,
synthetic_niah_119,niah_single_1,recovery_formal,64,32,physical_delete_aor_66,aor,66,26,27,0.0006256585304889824,0.002646721191453466,0.03463230713834932,1.0195620561804752,0.236390040820808,0.0003496623665083854,0.0197753768802804,0.01278345609138654,0.9999302856129109,0.017681704304561778,0.0197753768802804,261.56298871143355,1.3368189751576303e-06,6.599047992494889e-06,4.572938451019581e-06,2.00390887260437,0.5687065720558167,4.572938451019581e-06,21.932926177978516,17.504606246948242,8.276472091674805,15.716611862182617,25.36241912841797,175.3046875,1261.0,-0.3597454951182434,-0.01262668737768656,-0.363077862248987,-0.3675304600239482,-1.1993017259095102,1.0554996338636886,66.0,0.6707923356545581,8.316993794842703e-12,3.950214513161182e-08,8.318599445909961e-12,3.950287541982462e-08
synthetic_niah_119,niah_single_1,recovery_formal,64,32,physical_delete_aor_66,aor,66,27,28,0.00667041203112737,0.006117307470473903,0.9454647835225285,0.356521103509511,1.090416341392534,0.004619756356060713,0.023255421932073698,-0.025396066504364948,1.0244769234321096,0.1986528719863466,0.023255421932073698,225.4644910409532,2.0489950921901863e-05,4.376351716928184e-05,5.127993426867761e-05,3.137021780014038,0.19577734172344208,5.127993426867761e-05,18.80107307434082,16.113780975341797,4.33458948135376,15.770149230957031,25.04941177368164,151.51519775390625,1261.0,-0.3597454951182434,-0.01262668737768656,-0.363077862248987,-0.3675304600239482,-1.1993017259095102,1.0554996338636886,66.0,0.6707923356545581,,,,
synthetic_niah_119,niah_single_1,recovery_formal,64,32,physical_delete_v_ridge_74,v_ridge,74,0,1,0.006699139767164001,0.006701307915955798,0.9999889060854791,0.004720733972165328,0.9996764588616149,0.00811240711117064,0.008115809574208543,0.9999792714884108,0.006451000235065937,0.9995807611050024,0.008115809574208543,16.310602743209646,0.0004973701609247985,0.00015946845815051347,0.0004783516051247716,1.657152771949768,0.5285634398460388,0.0004783516051247716,778.4987182617188,778.9019775390625,1848.9189453125,4.92659854888916,4.092738151550293,0.9033900499343872,1253.0,-0.3591206414432154,0.700420059633963,-0.34953723407769904,-0.3517581441214798,-1.4858128445687169,1.067706764113313,74.0,0.6172291817238289,5.938603253314918e-10,5.950385856060403e-10,5.938618155146418e-10,5.950385199688255e-10
synthetic_niah_119,niah_single_1,recovery_formal,64,32,physical_delete_v_ridge_74,v_ridge,74,1,2,0.002274727655478386,0.0024371372543322673,0.919267318403754,0.39388604340437006,0.9333605037774622,0.002501001782444759,0.008281446370235828,0.33752271262748806,0.9419873878467401,0.3020006011792284,0.008281446370235828,20.37010129765543,0.00012277807291673215,8.024374983506277e-05,0.00018740395898930728,2.7315664291381836,0.2738693058490753,0.00018740395898930728,91.7200927734375,91.14028930664062,3904.626708984375,3.9812302589416504,3.96563458442688,0.5624406337738037,1253.0,-0.3591206414432154,0.700420059633963,-0.34953723407769904,-0.3517581441214798,-1.4858128445687169,1.067706764113313,74.0,0.6172291817238289,,,,
synthetic_niah_119,niah_single_1,recovery_formal,64,32,physical_delete_v_ridge_74,v_ridge,74,2,3,0.0019626374438793063,0.002371548520479034,0.7364169201934774,0.6826420433934017,0.8275763396495338,0.0019942639199941772,0.007923627432756488,0.1624761232105731,0.9907370299677777,0.25168572562483654,0.007923627432756488,26.39751686054548,7.554740586130144e-05,4.9556620069779456e-05,9.260659135179594e-05,2.241241931915283,0.34612441062927246,9.260659135179594e-05,26.21214485168457,27.39702796936035,48.942752838134766,5.869656562805176,5.867598056793213,1.3341593742370605,1253.0,-0.3591206414432154,0.700420059633963,-0.34953723407769904,-0.3517581441214798,-1.4858128445687169,1.067706764113313,74.0,0.6172291817238289,,,,
synthetic_niah_119,niah_single_1,recovery_formal,64,32,physical_delete_v_ridge_74,v_ridge,74,3,4,0.0003981307380193318,0.0019419148485537872,0.17938897143296462,0.9841120513170879,0.205019668249529,0.00036723382963737097,0.007356412893258115,0.01820193999465217,1.0003373127866926,0.04992023081982354,0.007356412893258115,31.29581760651056,1.1734278179106406e-05,7.499128969357116e-06,1.3818883417116012e-05,2.060614824295044,0.40266332030296326,1.3818883417116012e-05,23.401123046875,22.067481994628906,9.248373031616211,6.738663673400879,6.476851463317871,1.405389666557312,1253.0,-0.3591206414432154,0.700420059633963,-0.34953723407769904,-0.3517581441214798,-1.4858128445687169,1.067706764113313,74.0,0.6172291817238289,,,,
synthetic_niah_119,niah_single_1,recovery_formal,64,32,physical_delete_v_ridge_74,v_ridge,74,4,5,0.00011995032219682989,0.0013593443628581098,0.13680517743339793,0.9917876753688495,0.08824130623135593,0.0001191677347710919,0.006837098393263337,-0.0012644023718401877,1.0001739179570812,0.017429577273380927,0.006837098393263337,32.85472658627311,3.6271108346669627e-06,2.27722216550319e-06,4.239989721099846e-06,1.7133830785751343,0.5252370238304138,4.239989721099846e-06,21.978317260742188,18.983558654785156,7.002256870269775,7.088335990905762,6.752904415130615,2.020242214202881,1253.0,-0.3591206414432154,0.700420059633963,-0.34953723407769904,-0.3517581441214798,-1.4858128445687169,1.067706764113313,74.0,0.6172291817238289,1.898435184355316e-12,9.975855909269209e-10,1.9000029263200135e-12,9.975810994740154e-10
synthetic_niah_119,niah_single_1,recovery_formal,64,32,physical_delete_v_ridge_74,v_ridge,74,5,6,0.00025264803842938105,0.002023129233988478,0.1372350882017876,0.9906155575838977,0.12487983178973722,0.0001894904888176087,0.005643451113538434,0.0198446090703613,0.9998973805652657,0.03357705861277471,0.005643451113538434,32.70553759988273,5.793835011545205e-06,5.37937876288197e-06,7.818105586920865e-06,1.8270035982131958,0.5266585946083069,7.818105586920865e-06,19.33382225036621,17.824180603027344,5.266371250152588,7.651729583740234,7.761381149291992,1.6384142637252808,1253.0,-0.3591206414432154,0.700420059633963,-0.34953723407769904,-0.3517581441214798,-1.4858128445687169,1.067706764113313,74.0,0.6172291817238289,,,,
synthetic_niah_119,niah_single_1,recovery_formal,64,32,physical_delete_v_ridge_74,v_ridge,74,6,7,1.4972433536335695e-05,0.0007989715176068271,0.04115386510626754,0.9994042010911366,0.018739633649498395,1.5699501102436655e-05,0.004700068167080045,0.017422869076362844,0.9999473802173245,0.0033402709374298492,0.004700068167080045,36.522611294543275,4.298570268107381e-07,3.743673175904405e-07,5.608815172308823e-07,1.4146209955215454,0.5416954159736633,5.608815172308823e-07,21.66643524169922,19.659055709838867,6.123626708984375,7.403369426727295,6.79297399520874,1.1505763530731201,1253.0,-0.3591206414432154,0.700420059633963,-0.34953723407769904,-0.3517581441214798,-1.4858128445687169,1.067706764113313,74.0,0.6172291817238289,,,,
synthetic_niah_119,niah_single_1,recovery_formal,64,32,physical_delete_v_ridge_74,v_ridge,74,7,8,0.0004603467814492491,0.0011744804089677038,0.38265269996857837,0.9239391194645489,0.3919578206109591,0.0004273881730385472,0.0041883054187882894,0.02895630673692181,1.002249085433344,0.10204322042068127,0.0041883054187882894,38.48688821987782,1.1104773412619224e-05,1.5063434148032684e-05,1.7440061128581874e-05,2.3440959453582764,0.35583698749542236,1.7440061128581874e-05,33.85591125488281,33.501705169677734,193.26585388183594,6.326544284820557,6.165644645690918,1.4768967628479004,1253.0,-0.3591206414432154,0.700420059633963,-0.34953723407769904,-0.3517581441214798,-1.4858128445687169,1.067706764113313,74.0,0.6172291817238289,1.2926776148026686e-11,1.0526181970898962e-09,1.2927596016479652e-11,1.0526096939186594e-09
synthetic_niah_119,niah_single_1,recovery_formal,64,32,physical_delete_v_ridge_74,v_ridge,74,8,9,0.0004195866837647355,0.0008774874393306087,0.45192932139666214,0.8924395625791846,0.4781683075541425,0.0003616960262033265,0.0040742095915034535,0.11368704404434248,0.9938288420412876,0.08877698068298309,0.0040742095915034535,40.533346897692276,8.923418712899806e-06,5.87381919103791e-06,1.7142619981314056e-05,1.6870707273483276,0.5170236229896545,1.7142619981314056e-05,23.66204833984375,21.05253028869629,13.135741233825684,8.928069114685059,8.273991584777832,3.1730759143829346,1253.0,-0.3591206414432154,0.700420059633963,-0.34953723407769904,-0.3517581441214798,-1.4858128445687169,1.067706764113313,74.0,0.6172291817238289,,,,
synthetic_niah_119,niah_single_1,recovery_formal,64,32,physical_delete_v_ridge_74,v_ridge,74,9,10,0.0001960738409410018,0.0006303579995852875,0.4442617436524112,0.9057463526782717,0.31105156287379354,0.00017617492412310855,0.0039451892620597,0.07349334007567718,0.9977125549521817,0.04465563308137246,0.0039451892620597,41.3454777972737,4.261044581149463e-06,2.7824219159811037e-06,5.255113137536682e-06,1.867110252380371,0.4777524769306183,5.255113137536682e-06,22.39633560180664,19.895654678344727,6.753230571746826,8.087658882141113,7.546325206756592,2.8054187297821045,1253.0,-0.3591206414432154,0.700420059633963,-0.34953723407769904,-0.3517581441214798,-1.4858128445687169,1.067706764113313,74.0,0.6172291817238289,,,,
synthetic_niah_119,niah_single_1,recovery_formal,64,32,physical_delete_v_ridge_74,v_ridge,74,10,11,0.0002187228730946173,0.0009441963362859727,0.2533054336407239,0.9676287121850203,0.23164977948862936,0.0002184005795057293,0.003856665091919694,0.09889728553418224,0.9959949307962027,0.05662938686672899,0.003856665091919694,43.2652277196414,5.047947070126723e-06,2.835809937096201e-06,4.129247827222571e-06,2.510382652282715,0.34566572308540344,4.129247827222571e-06,24.42937469482422,20.048242568969727,10.92613697052002,9.123833656311035,8.673315048217773,3.8562514781951904,1253.0,-0.3591206414432154,0.700420059633963,-0.34953723407769904,-0.3517581441214798,-1.4858128445687169,1.067706764113313,74.0,0.6172291817238289,4.021748345431041e-12,1.0726040003002916e-09,4.021440160890577e-12,1.0725961492601837e-09
synthetic_niah_119,niah_single_1,recovery_formal,64,32,physical_delete_v_ridge_74,v_ridge,74,11,12,8.050858825172388e-05,0.0009395992726885677,-0.009639328878224836,1.004486741125716,0.08568396186744244,8.328324484756778e-05,0.003952735968990416,-0.033035375180840584,1.000917594468371,0.02106977179880787,0.003952735968990416,43.634034466804174,1.908676240124618e-06,2.1619366634695325e-06,2.9658733637916157e-06,2.22554612159729,0.3982022702693939,2.9658733637916157e-06,21.67263412475586,19.7804012298584,7.845221519470215,6.732100486755371,7.441056251525879,1.2213726043701172,1253.0,-0.3591206414432154,0.700420059633963,-0.34953723407769904,-0.3517581441214798,-1.4858128445687169,1.067706764113313,74.0,0.6172291817238289,,,,
synthetic_niah_119,niah_single_1,recovery_formal,64,32,physical_delete_v_ridge_74,v_ridge,74,12,13,0.0007455367593686215,0.0013051738599241197,0.5478729968633345,0.8368871461635261,0.5712164350364521,0.0006505151996183482,0.003977538224665966,0.1574606274441783,0.9875440228405986,0.1635471899639578,0.003977538224665966,43.94976715683142,1.4801334380158009e-05,6.27413601250737e-06,1.3741283510171343e-05,2.169546365737915,0.42926454544067383,1.3741283510171343e-05,22.25798225402832,18.45178985595703,6.787254810333252,9.656124114990234,8.682546615600586,1.2867980003356934,1253.0,-0.3591206414432154,0.700420059633963,-0.34953723407769904,-0.3517581441214798,-1.4858128445687169,1.067706764113313,74.0,0.6172291817238289,,,,
synthetic_niah_119,niah_single_1,recovery_formal,64,32,physical_delete_v_ridge_74,v_ridge,74,13,14,0.0001567824332191378,0.000792876059605683,0.28333234694010967,0.9628338489951938,0.19773889162085387,0.00013978934330835727,0.003985853073377084,0.03534939447844339,0.9993750535236854,0.03507137386524845,0.003985853073377084,48.32273154732532,2.892827843795487e-06,2.8829674647568027e-06,4.298215571907349e-06,2.3142969608306885,0.3699864149093628,4.298215571907349e-06,23.54071807861328,20.026838302612305,6.228476524353027,8.245441436767578,7.90222692489624,2.29547381401062,1253.0,-0.3591206414432154,0.700420059633963,-0.34953723407769904,-0.3517581441214798,-1.4858128445687169,1.067706764113313,74.0,0.6172291817238289,,,,
synthetic_niah_119,niah_single_1,recovery_formal,64,32,physical_delete_v_ridge_74,v_ridge,74,14,15,0.0013306512151138512,0.001486775497826304,0.855814131263355,0.5187649057812356,0.8949913534755519,0.0012411348348865476,0.004227626109364632,0.3167972375439487,0.9487774650788748,0.293577247083725,0.004227626109364632,49.422913777421826,2.5112538699681904e-05,1.1411510058678687e-05,2.534675513743423e-05,1.8284735679626465,0.5020263195037842,2.534675513743423e-05,22.090229034423828,20.08243751525879,11.629332542419434,11.328709602355957,9.88247013092041,2.72499942779541,1253.0,-0.3591206414432154,0.700420059633963,-0.34953723407769904,-0.3517581441214798,-1.4858128445687169,1.067706764113313,74.0,0.6172291817238289,2.2213010386999135e-10,1.1424114647433472e-09,2.2213025594406644e-10,1.1424216166008903e-09
synthetic_niah_119,niah_single_1,recovery_formal,64,32,physical_delete_v_ridge_74,v_ridge,74,15,16,0.0007246033781990413,0.0014355891096735959,0.44718819634007567,0.8962897178834096,0.5047428775520535,0.0006483763068663361,0.003902825742912419,0.17387979680396431,0.9847973782181292,0.16612996571619826,0.003902825742912419,47.82236020760642,1.3558015623896541e-05,1.4102067325438838e-05,2.2010901375324465e-05,2.527007579803467,0.38851067423820496,2.2010901375324465e-05,57.81089782714844,55.885765075683594,1394.629150390625,9.748143196105957,8.475003242492676,3.564970016479492,1253.0,-0.3591206414432154,0.700420059633963,-0.34953723407769904,-0.3517581441214798,-1.4858128445687169,1.067706764113313,74.0,0.6172291817238289,,,,
synthetic_niah_119,niah_single_1,recovery_formal,64,32,physical_delete_v_ridge_74,v_ridge,74,16,17,0.0025368162174016296,0.0025110428071741667,0.9750645830116309,0.22469548234664913,1.0102640266242484,0.002709081509617901,0.004811156923458385,0.5606411654479466,0.8280624656446272,0.5630831736975528,0.004811156923458385,51.73140238242646,5.236822094229938e-05,4.200354669592343e-05,4.56412963103503e-05,2.9544763565063477,0.3116416335105896,4.56412963103503e-05,21.211530685424805,18.591670989990234,6.741070747375488,9.69486141204834,9.09876537322998,3.6528584957122803,1253.0,-0.3591206414432154,0.700420059633963,-0.34953723407769904,-0.3517581441214798,-1.4858128445687169,1.067706764113313,74.0,0.6172291817238289,,,,
synthetic_niah_119,niah_single_1,recovery_formal,64,32,physical_delete_v_ridge_74,v_ridge,74,17,18,0.00023707817602545126,0.0008667403014086154,0.2620054728941997,0.965135178286871,0.2735285017209363,0.000228496568158043,0.00474711138260169,0.055887028221931846,0.9984672014813392,0.04813381227908197,0.00474711138260169,58.49861674441569,3.906016601321695e-06,4.288599029678153e-06,5.180786956771044e-06,2.3044328689575195,0.4076245129108429,5.180786956771044e-06,20.56659698486328,17.055234909057617,7.829990386962891,10.50409984588623,9.707469940185547,5.304446220397949,1253.0,-0.3591206414432154,0.700420059633963,-0.34953723407769904,-0.3517581441214798,-1.4858128445687169,1.067706764113313,74.0,0.6172291817238289,6.583696272945154e-12,2.222029812608606e-09,6.585767278514051e-12,2.222010642390156e-09
synthetic_niah_119,niah_single_1,recovery_formal,64,32,physical_delete_v_ridge_74,v_ridge,74,18,19,0.0005615205986913664,0.0009861509159549628,0.42937727180846563,0.9139164637090859,0.5694063551597521,0.0005532337458655867,0.004774614926773668,0.24567868419571706,0.9780042570377744,0.11586981449819686,0.004774614926773668,64.95705678369238,8.516915224589999e-06,1.1077404451498296e-05,1.4313136489363387e-05,2.200700283050537,0.43967774510383606,1.4313136489363387e-05,25.277250289916992,22.846078872680664,7.635371208190918,10.548992156982422,9.495035171508789,3.6070287227630615,1253.0,-0.3591206414432154,0.700420059633963,-0.34953723407769904,-0.3517581441214798,-1.4858128445687169,1.067706764113313,74.0,0.6172291817238289,7.00161573229019e-11,2.6315287381161587e-09,7.001654594742619e-11,2.6315074666588114e-09
synthetic_niah_119,niah_single_1,recovery_formal,64,32,physical_delete_v_ridge_74,v_ridge,74,19,20,0.0005578552909079563,0.0011830024610726825,0.47668853837091374,0.879087226044591,0.47155885914398127,0.0004787673910236745,0.004629351835336247,0.19305852440597795,0.985273301180651,0.1034199620277727,0.004629351835336247,70.58645800352772,6.782708816466566e-06,7.706551514274906e-06,1.4762538739887532e-05,1.627402663230896,0.5602157115936279,1.4762538739887532e-05,22.578372955322266,19.56728744506836,8.724266052246094,10.070697784423828,10.106160163879395,2.689727306365967,1253.0,-0.3591206414432154,0.700420059633963,-0.34953723407769904,-0.3517581441214798,-1.4858128445687169,1.067706764113313,74.0,0.6172291817238289,,,,
synthetic_niah_119,niah_single_1,recovery_formal,64,32,physical_delete_v_ridge_74,v_ridge,74,20,21,0.0016975055818741651,0.0018958878834747011,0.8204364203304698,0.5766263020657508,0.8953617967973141,0.0016527567844905533,0.004624947764204481,0.25049810637323766,0.9739966584746964,0.35735685433732406,0.004624947764204481,85.46989560420296,1.9337297335007853e-05,2.200539893237874e-05,3.676452979561873e-05,2.441591501235962,0.39110955595970154,3.676452979561873e-05,21.29021453857422,19.164627075195312,7.393336296081543,11.517093658447266,11.13171100616455,5.768357753753662,1253.0,-0.3591206414432154,0.700420059633963,-0.34953723407769904,-0.3517581441214798,-1.4858128445687169,1.067706764113313,74.0,0.6172291817238289,,,,
synthetic_niah_119,niah_single_1,recovery_formal,64,32,physical_delete_v_ridge_74,v_ridge,74,21,22,0.0033768768453295893,0.003357672231090148,0.9813645255613819,0.19369263968265427,1.005719621487058,0.003277487109376271,0.005972855668683099,0.6088114198826003,0.7955868220573329,0.5487303379120316,0.005972855668683099,114.47923393332974,2.862953390555539e-05,4.611487383954227e-05,8.105247979983687e-05,2.7963244915008545,0.3140542805194855,8.105247979983687e-05,19.15145492553711,17.469491958618164,5.392074108123779,11.160444259643555,11.166789054870605,7.718429088592529,1253.0,-0.3591206414432154,0.700420059633963,-0.34953723407769904,-0.3517581441214798,-1.4858128445687169,1.067706764113313,74.0,0.6172291817238289,,,,
synthetic_niah_119,niah_single_1,recovery_formal,64,32,physical_delete_v_ridge_74,v_ridge,74,22,23,0.001442447687579907,0.0014495874494457022,0.9365049310631118,0.3555121982938329,0.9950746249434449,0.0014564662576453528,0.006467885955026984,0.3251848731548009,0.9509231916489774,0.22518428243363736,0.006467885955026984,135.4216544241431,1.0755046996277817e-05,1.3343897990125697e-05,2.554406637500506e-05,1.783931851387024,0.548654317855835,2.554406637500506e-05,22.331607818603516,19.763986587524414,6.60565185546875,13.781806945800781,10.892867088317871,11.864660263061523,1253.0,-0.3591206414432154,0.700420059633963,-0.34953723407769904,-0.3517581441214798,-1.4858128445687169,1.067706764113313,74.0,0.6172291817238289,1.1001052434547791e-10,2.84141773871437e-09,1.1001279009120929e-10,2.8414544487390787e-09
synthetic_niah_119,niah_single_1,recovery_formal,64,32,physical_delete_v_ridge_74,v_ridge,74,23,24,0.0013522853647955598,0.0014514048018481062,0.9417432603851941,0.3364823017000953,0.931707930877495,0.0012940751482187298,0.00671070405159058,0.1497263514467089,0.9896669074354141,0.1928374635910231,0.00671070405159058,163.11949303357028,7.933295550105755e-06,1.32681825562031e-05,1.579787931405008e-05,1.7303094863891602,0.5904880166053772,1.579787931405008e-05,21.184925079345703,18.568071365356445,8.626470565795898,16.062259674072266,13.522188186645508,13.489949226379395,1253.0,-0.3591206414432154,0.700420059633963,-0.34953723407769904,-0.3517581441214798,-1.4858128445687169,1.067706764113313,74.0,0.6172291817238289,,,,
synthetic_niah_119,niah_single_1,recovery_formal,64,32,physical_delete_v_ridge_74,v_ridge,74,24,25,0.0017416403481035072,0.001767019139026484,0.933506335029792,0.3623307633733482,0.9856375121454775,0.0018096547463748722,0.007516932515917999,0.36381825028623327,0.939565647543809,0.2407437797988359,0.007516932515917999,188.67952362465002,9.591156006811383e-06,1.1312083188386168e-05,1.8721115338848904e-05,1.653537392616272,0.5926900506019592,1.8721115338848904e-05,20.279834747314453,18.387710571289062,6.113500118255615,20.035823822021484,15.393977165222168,72.10769653320312,1253.0,-0.3591206414432154,0.700420059633963,-0.34953723407769904,-0.3517581441214798,-1.4858128445687169,1.067706764113313,74.0,0.6172291817238289,,,,
synthetic_niah_119,niah_single_1,recovery_formal,64,32,physical_delete_v_ridge_74,v_ridge,74,25,26,0.00030868412187134037,0.0012767687505651582,0.32083367368145493,0.9504298240266457,0.2417697971811279,0.00033174482710627656,0.007716180998115454,-0.0429153235969438,1.00276546766653,0.04299339623931834,0.007716180998115454,220.17518907330356,1.5067312011973694e-06,4.02339173888322e-06,6.335970283544157e-06,1.4503012895584106,0.6489273905754089,6.335970283544157e-06,19.349803924560547,17.668689727783203,8.143671989440918,26.25484848022461,20.292037963867188,69.18254089355469,1253.0,-0.3591206414432154,0.700420059633963,-0.34953723407769904,-0.3517581441214798,-1.4858128445687169,1.067706764113313,74.0,0.6172291817238289,,,,
synthetic_niah_119,niah_single_1,recovery_formal,64,32,physical_delete_v_ridge_74,v_ridge,74,26,27,0.004063928781810469,0.004162191436120779,0.9575521376227437,0.2888751102328825,0.9763916062443557,0.004374520597395109,0.009976571047242524,0.5355357999768146,0.8500713836799724,0.43847937098630746,0.009976571047242524,261.56298871143355,1.6724539733032527e-05,1.5792245903867297e-05,2.4803599444567226e-05,2.00390887260437,0.5687065720558167,2.4803599444567226e-05,19.948440551757812,17.504606246948242,8.276472091674805,36.90471649169922,25.36241912841797,175.3046875,1253.0,-0.3591206414432154,0.700420059633963,-0.34953723407769904,-0.3517581441214798,-1.4858128445687169,1.067706764113313,74.0,0.6172291817238289,3.0489267700016035e-10,3.1159332898294833e-09,3.048965254582562e-10,3.1159938981625375e-09
synthetic_niah_119,niah_single_1,recovery_formal,64,32,physical_delete_v_ridge_74,v_ridge,74,27,28,0.008253039670327976,0.008367747083568891,0.9905860766254008,0.1369586298405252,0.9862917208066484,0.008200485455138276,0.014596616463642234,0.6145662171208679,0.7906275164501229,0.5618072842815549,0.014596616463642234,225.4644910409532,3.637151649591131e-05,5.062869968242012e-05,3.179804843966849e-05,3.137021780014038,0.19577734172344208,3.179804843966849e-05,17.38764190673828,16.113780975341797,4.33458948135376,37.25457000732422,25.04941177368164,151.51519775390625,1253.0,-0.3591206414432154,0.700420059633963,-0.34953723407769904,-0.3517581441214798,-1.4858128445687169,1.067706764113313,74.0,0.6172291817238289,,,,
synthetic_niah_119,niah_single_1,recovery_formal,64,32,physical_delete_key_query_32,key_query,32,0,1,0.0009105829380331354,0.0009198940526279547,0.9994552034680022,0.034365942200034735,0.9898780576217235,0.0012243540428758912,0.001244756519501175,0.9992161421379777,0.042552038311259574,0.9836092630923035,0.001244756519501175,16.310602743209646,7.50649171064882e-05,7.612407353008166e-05,0.00020010700973216444,1.657152771949768,0.5285634398460388,0.00020010700973216444,779.73486328125,778.9019775390625,1848.9189453125,3.1908457279205322,4.092738151550293,0.9033900499343872,1295.0,0.8884723838338999,-1.538138933505447,0.5969453163288868,0.6395640607128935,0.7925942119679968,-1.005227187899219,32.0,0.9288674595679278,4.2046626678837535e-11,4.931183360386772e-11,4.204929565627983e-11,4.931285567217527e-11
synthetic_niah_119,niah_single_1,recovery_formal,64,32,physical_delete_key_query_32,key_query,32,1,2,0.031240366314053122,0.03124271001458282,0.9999911625431406,0.004204665885481505,0.9999249840833716,0.029221377260498355,0.029206147918447885,0.9991475986442276,0.04130331187507417,1.000521443022647,0.029206147918447885,20.37010129765543,0.0014345229232542744,0.001522171776741743,0.004238289315253496,2.7315664291381836,0.2738693058490753,0.004238289315253496,90.94110107421875,91.14028930664062,3904.626708984375,3.317990779876709,3.96563458442688,0.5624406337738037,1295.0,0.8884723838338999,-1.538138933505447,0.5969453163288868,0.6395640607128935,0.7925942119679968,-1.005227187899219,32.0,0.9288674595679278,,,,
synthetic_niah_119,niah_single_1,recovery_formal,64,32,physical_delete_key_query_32,key_query,32,2,3,0.001292592895854644,0.006462921266399628,0.09277897471519644,1.0014433068723592,0.2000013372551455,0.0013673386130772546,0.030206625764716638,0.09268612800439645,0.9968239227540081,0.04526618178831472,0.030206625764716638,26.39751686054548,5.179800131583285e-05,3.8978516386123374e-05,6.118328019510955e-05,2.241241931915283,0.34612441062927246,6.118328019510955e-05,27.077808380126953,27.39702796936035,48.942752838134766,5.3337860107421875,5.867598056793213,1.3341593742370605,1295.0,0.8884723838338999,-1.538138933505447,0.5969453163288868,0.6395640607128935,0.7925942119679968,-1.005227187899219,32.0,0.9288674595679278,,,,
synthetic_niah_119,niah_single_1,recovery_formal,64,32,physical_delete_key_query_32,key_query,32,3,4,0.011214420377584843,0.01364535422530237,0.7099948211303129,0.7130348558154824,0.8218489745608887,0.012029839940794287,0.032515803140073976,0.32957317942676845,0.9449938325897711,0.369969023645864,0.032515803140073976,31.29581760651056,0.00038439129765031877,0.0002488672034814954,0.00025083895889110863,2.060614824295044,0.40266332030296326,0.00025083895889110863,19.79591178894043,22.067481994628906,9.248373031616211,7.179871082305908,6.476851463317871,1.405389666557312,1295.0,0.8884723838338999,-1.538138933505447,0.5969453163288868,0.6395640607128935,0.7925942119679968,-1.005227187899219,32.0,0.9288674595679278,,,,
synthetic_niah_119,niah_single_1,recovery_formal,64,32,physical_delete_key_query_32,key_query,32,4,5,0.005187151460624608,0.00733250823224358,0.7194749609677392,0.6946230204094201,0.7074184298648183,0.004623046521548243,0.031033133963600593,0.06188867169673332,1.0018748313323098,0.14897130682871768,0.031033133963600593,32.85472658627311,0.00014071176363037453,0.00017406749248038977,0.00030974525725468993,1.7133830785751343,0.5252370238304138,0.00030974525725468993,16.75384521484375,18.983558654785156,7.002256870269775,5.0718770027160645,6.752904415130615,2.020242214202881,1295.0,0.8884723838338999,-1.538138933505447,0.5969453163288868,0.6395640607128935,0.7925942119679968,-1.005227187899219,32.0,0.9288674595679278,2.6854187546058054e-10,8.340075598858762e-08,2.685415065910349e-10,8.340040919128182e-08
synthetic_niah_119,niah_single_1,recovery_formal,64,32,physical_delete_key_query_32,key_query,32,5,6,0.10227398778108969,0.10211772589880931,0.9955613479041768,0.09430392309436922,1.001530213103602,0.06850497956157646,0.07428419599947822,0.9377076383995913,0.34777123585168157,0.9222012655566421,0.07428419599947822,32.70553759988273,0.0020945987924021188,0.0018328045262023807,0.0046821581199765205,1.8270035982131958,0.5266585946083069,0.0046821581199765205,15.70635986328125,17.824180603027344,5.266371250152588,6.838040351867676,7.761381149291992,1.6384142637252808,1295.0,0.8884723838338999,-1.538138933505447,0.5969453163288868,0.6395640607128935,0.7925942119679968,-1.005227187899219,32.0,0.9288674595679278,,,,
synthetic_niah_119,niah_single_1,recovery_formal,64,32,physical_delete_key_query_32,key_query,32,6,7,0.014143470408153018,0.021845323848735363,0.649748822270145,0.7601524929858666,0.6474369758071493,0.012355929702690895,0.06259570663155059,0.3008610611462542,0.9592644801843294,0.19739260673931017,0.06259570663155059,36.522611294543275,0.00033830904376043214,0.0004986057174392045,0.0008835178450681269,1.4146209955215454,0.5416954159736633,0.0008835178450681269,16.43752670288086,19.659055709838867,6.123626708984375,6.831071853637695,6.79297399520874,1.1505763530731201,1295.0,0.8884723838338999,-1.538138933505447,0.5969453163288868,0.6395640607128935,0.7925942119679968,-1.005227187899219,32.0,0.9288674595679278,,,,
synthetic_niah_119,niah_single_1,recovery_formal,64,32,physical_delete_key_query_32,key_query,32,7,8,0.047298851037186056,0.04718044074874134,0.9546169773829597,0.30166229875620715,1.0025097325621715,0.048145082255120035,0.0719259115567467,0.695574233576574,0.7189319314501005,0.6693704843370037,0.0719259115567467,38.48688821987782,0.0012509476468989748,0.0014794805319979787,0.0028646450955420732,2.3440959453582764,0.35583698749542236,0.0028646450955420732,33.053768157958984,33.501705169677734,193.26585388183594,4.487927436828613,6.165644645690918,1.4768967628479004,1295.0,0.8884723838338999,-1.538138933505447,0.5969453163288868,0.6395640607128935,0.7925942119679968,-1.005227187899219,32.0,0.9288674595679278,6.701415994425175e-08,3.54783413277545e-07,6.701522330989723e-08,3.547505548454961e-07
synthetic_niah_119,niah_single_1,recovery_formal,64,32,physical_delete_key_query_32,key_query,32,8,9,0.010436400320174276,0.02089586162884237,0.44355306381704934,0.8979893902397783,0.49944819244826005,0.009640711947845436,0.06714375296622041,0.2926001334247029,0.9677764315787948,0.14358315586999756,0.06714375296622041,40.533346897692276,0.00023784643227658852,0.00020162777218502015,0.0004981319070793688,1.6870707273483276,0.5170236229896545,0.0004981319070793688,18.56939697265625,21.05253028869629,13.135741233825684,7.304878234863281,8.273991584777832,3.1730759143829346,1295.0,0.8884723838338999,-1.538138933505447,0.5969453163288868,0.6395640607128935,0.7925942119679968,-1.005227187899219,32.0,0.9288674595679278,,,,
synthetic_niah_119,niah_single_1,recovery_formal,64,32,physical_delete_key_query_32,key_query,32,9,10,0.10082555669092082,0.10427676938464178,0.9852698657167711,0.17199017688863935,0.9669033408487119,0.09297718974498502,0.1134777529901782,0.8451297321241961,0.5351828633852755,0.8193428869977046,0.1134777529901782,41.3454777972737,0.0022487874055023226,0.002604721114039421,0.004206046462059021,1.867110252380371,0.4777524769306183,0.004206046462059021,16.227933883666992,19.895654678344727,6.753230571746826,6.359188079833984,7.546325206756592,2.8054187297821045,1295.0,0.8884723838338999,-1.538138933505447,0.5969453163288868,0.6395640607128935,0.7925942119679968,-1.005227187899219,32.0,0.9288674595679278,,,,
synthetic_niah_119,niah_single_1,recovery_formal,64,32,physical_delete_key_query_32,key_query,32,10,11,0.17790253867505285,0.16882277287816472,0.9040487635382422,0.45289747467596236,1.053782825871725,0.20867087129037926,0.20901416718212956,0.8558626709876445,0.5364735577580189,0.9983575472592192,0.20901416718212956,43.2652277196414,0.004823061897248435,0.003957375884056091,0.005952349863946438,2.510382652282715,0.34566572308540344,0.005952349863946438,16.06328010559082,20.048242568969727,10.92613697052002,8.363929748535156,8.673315048217773,3.8562514781951904,1295.0,0.8884723838338999,-1.538138933505447,0.5969453163288868,0.6395640607128935,0.7925942119679968,-1.005227187899219,32.0,0.9288674595679278,2.59013543067667e-06,5.549485300459036e-06,2.589789686543756e-06,5.550599420035615e-06
synthetic_niah_119,niah_single_1,recovery_formal,64,32,physical_delete_key_query_32,key_query,32,11,12,0.21367711460948663,0.23323389661699387,0.9202170740761964,0.3914295362484843,0.9161494864546962,0.17169210042364766,0.23704472314202632,0.7748064806205964,0.6342125537414885,0.7243025626045159,0.23704472314202632,43.634034466804174,0.00393482066285361,0.006344691384583712,0.00886398646980524,2.22554612159729,0.3982022702693939,0.00886398646980524,14.801084518432617,19.7804012298584,7.845221519470215,5.940246105194092,7.441056251525879,1.2213726043701172,1295.0,0.8884723838338999,-1.538138933505447,0.5969453163288868,0.6395640607128935,0.7925942119679968,-1.005227187899219,32.0,0.9288674595679278,,,,
synthetic_niah_119,niah_single_1,recovery_formal,64,32,physical_delete_key_query_32,key_query,32,12,13,0.19001310504257252,0.2091644819935149,0.9266019021656545,0.3764821611918663,0.9084386757808328,0.16220812585123412,0.2704589640239113,0.6036356041276759,0.7972698068684403,0.5997513391232738,0.2704589640239113,43.94976715683142,0.0036907618935137173,0.005090589169412851,0.006123984232544899,2.169546365737915,0.42926454544067383,0.006123984232544899,14.18115234375,18.45178985595703,6.787254810333252,6.885674476623535,8.682546615600586,1.2867980003356934,1295.0,0.8884723838338999,-1.538138933505447,0.5969453163288868,0.6395640607128935,0.7925942119679968,-1.005227187899219,32.0,0.9288674595679278,,,,
synthetic_niah_119,niah_single_1,recovery_formal,64,32,physical_delete_key_query_32,key_query,32,13,14,0.06233470248775616,0.11296844106168218,0.575154463738555,0.8183784604616634,0.5517886402780457,0.05862969431186116,0.26859358916720477,0.24187641666818568,0.9705938384308501,0.21828404204898214,0.26859358916720477,48.32273154732532,0.0012132942909992912,0.0017252038232982159,0.0022300793789327145,2.3142969608306885,0.3699864149093628,0.0022300793789327145,16.97330093383789,20.026838302612305,6.228476524353027,6.601301193237305,7.90222692489624,2.29547381401062,1295.0,0.8884723838338999,-1.538138933505447,0.5969453163288868,0.6395640607128935,0.7925942119679968,-1.005227187899219,32.0,0.9288674595679278,,,,
synthetic_niah_119,niah_single_1,recovery_formal,64,32,physical_delete_key_query_32,key_query,32,14,15,0.05880088117195843,0.07469886749674787,0.5241089892831279,0.8913540742811062,0.7871723245940565,0.056524409517945705,0.2722252037529595,0.24501520480757827,0.9702394415376021,0.2076384138525278,0.2722252037529595,49.422913777421826,0.001143688325874629,0.0014628389617428184,0.002393391914665699,1.8284735679626465,0.5020263195037842,0.002393391914665699,18.887104034423828,20.08243751525879,11.629332542419434,8.19268798828125,9.88247013092041,2.72499942779541,1295.0,0.8884723838338999,-1.538138933505447,0.5969453163288868,0.6395640607128935,0.7925942119679968,-1.005227187899219,32.0,0.9288674595679278,1.0856879722025972e-06,1.9301238311895605e-05,1.0855756212420187e-06,1.9307867658537784e-05
synthetic_niah_119,niah_single_1,recovery_formal,64,32,physical_delete_key_query_32,key_query,32,15,16,0.2451685851097303,0.2684976733942795,0.9065954700350325,0.42205109353290987,0.9131125123371507,0.22690058896888357,0.3223094776494897,0.6764083833332712,0.737042801994561,0.703983608001863,0.3223094776494897,47.82236020760642,0.004744654759486207,0.0060790530405938625,0.00942059513181448,2.527007579803467,0.38851067423820496,0.00942059513181448,53.43925857543945,55.885765075683594,1394.629150390625,6.991697311401367,8.475003242492676,3.564970016479492,1295.0,0.8884723838338999,-1.538138933505447,0.5969453163288868,0.6395640607128935,0.7925942119679968,-1.005227187899219,32.0,0.9288674595679278,,,,
synthetic_niah_119,niah_single_1,recovery_formal,64,32,physical_delete_key_query_32,key_query,32,16,17,0.2378683650652755,0.268509615000051,0.9339175484350579,0.36070103534756937,0.88588397501233,0.23619401190317893,0.4192512706053668,0.6604956430090907,0.7570856621539013,0.5633710103302318,0.4192512706053668,51.73140238242646,0.004565776318165613,0.008074898272752762,0.006391514092683792,2.9544763565063477,0.3116416335105896,0.006391514092683792,15.59901237487793,18.591670989990234,6.741070747375488,8.187393188476562,9.09876537322998,3.6528584957122803,1295.0,0.8884723838338999,-1.538138933505447,0.5969453163288868,0.6395640607128935,0.7925942119679968,-1.005227187899219,32.0,0.9288674595679278,,,,
synthetic_niah_119,niah_single_1,recovery_formal,64,32,physical_delete_key_query_32,key_query,32,17,18,0.05117771886369807,0.10214024398830465,0.5736325347724752,0.8223219822759398,0.5010534228756891,0.0479437777555078,0.4231761056193663,0.15311743743751485,0.9890100450370192,0.11329509657766862,0.4231761056193663,58.49861674441569,0.0008195711355873136,0.0008223420009016991,0.0009084761259146035,2.3044328689575195,0.4076245129108429,0.0009084761259146035,15.055444717407227,17.055234909057617,7.829990386962891,8.583625793457031,9.707469940185547,5.304446220397949,1295.0,0.8884723838338999,-1.538138933505447,0.5969453163288868,0.6395640607128935,0.7925942119679968,-1.005227187899219,32.0,0.9288674595679278,4.352639359362899e-07,6.165031641374656e-05,4.3520355833829953e-07,6.14851411985707e-05
synthetic_niah_119,niah_single_1,recovery_formal,64,32,physical_delete_key_query_32,key_query,32,18,19,0.022436779236443348,0.09593840608242919,0.002149522396382255,1.0264931257522822,0.23386649989959102,0.022314062567332496,0.42125669034449065,0.17566616173604452,0.9920663747904778,0.052970227129413065,0.42125669034449065,64.95705678369238,0.00034352022200818825,0.00048268664977513254,0.0008177793934009969,2.200700283050537,0.43967774510383606,0.0008177793934009969,21.720478057861328,22.846078872680664,7.635371208190918,8.168009757995605,9.495035171508789,3.6070287227630615,1295.0,0.8884723838338999,-1.538138933505447,0.5969453163288868,0.6395640607128935,0.7925942119679968,-1.005227187899219,32.0,0.9288674595679278,7.560891519374778e-08,6.120177254617014e-05,7.560320891699708e-08,6.1027262893146045e-05
synthetic_niah_119,niah_single_1,recovery_formal,64,32,physical_delete_key_query_32,key_query,32,19,20,0.007683492216681559,0.09104677935754663,0.0041748273470485694,1.0032034393806026,0.08439059866695543,0.006794435616720083,0.41737902170895236,0.09294218088495868,0.9986185571966967,0.016278814370929245,0.41737902170895236,70.58645800352772,9.625692815441335e-05,0.00015454732056241482,0.00017804223170969635,1.627402663230896,0.5602157115936279,0.00017804223170969635,16.0012264251709,19.56728744506836,8.724266052246094,8.491403579711914,10.106160163879395,2.689727306365967,1295.0,0.8884723838338999,-1.538138933505447,0.5969453163288868,0.6395640607128935,0.7925942119679968,-1.005227187899219,32.0,0.9288674595679278,,,,
synthetic_niah_119,niah_single_1,recovery_formal,64,32,physical_delete_key_query_32,key_query,32,20,21,0.1642590685235134,0.1856241305026268,0.6596100442717743,0.7846469411469115,0.8849014838681706,0.1634183131905822,0.44538059966049753,0.23862219135294588,0.9795505873712802,0.3669183464999416,0.44538059966049753,85.46989560420296,0.0019119985117022436,0.002397658536210656,0.004275599494576454,2.441591501235962,0.39110955595970154,0.004275599494576454,16.496095657348633,19.164627075195312,7.393336296081543,9.20868968963623,11.13171100616455,5.768357753753662,1295.0,0.8884723838338999,-1.538138933505447,0.5969453163288868,0.6395640607128935,0.7925942119679968,-1.005227187899219,32.0,0.9288674595679278,,,,
synthetic_niah_119,niah_single_1,recovery_formal,64,32,physical_delete_key_query_32,key_query,32,21,22,0.12955967386725678,0.13603770069335924,0.7355998147934208,0.7112572271467827,0.9523806504146634,0.12436791313673778,0.49948256958028386,0.17764132239913338,0.986678617286197,0.2489934998957909,0.49948256958028386,114.47923393332974,0.0010863796765897909,0.0024520426522940397,0.0035187022294849157,2.7963244915008545,0.3140542805194855,0.0035187022294849157,16.2629337310791,17.469491958618164,5.392074108123779,9.648300170898438,11.166789054870605,7.718429088592529,1295.0,0.8884723838338999,-1.538138933505447,0.5969453163288868,0.6395640607128935,0.7925942119679968,-1.005227187899219,32.0,0.9288674595679278,,,,
synthetic_niah_119,niah_single_1,recovery_formal,64,32,physical_delete_key_query_32,key_query,32,22,23,0.02677327878946612,0.04439098002342878,0.48170115432064753,0.8847076231346837,0.6031243008227268,0.026586501247904112,0.546273609019703,0.01758481665651377,1.0003284413358267,0.04866883702402176,0.546273609019703,135.4216544241431,0.0001963238550064874,0.0006577353342436254,0.0011793472804129124,1.783931851387024,0.548654317855835,0.0011793472804129124,16.782318115234375,19.763986587524414,6.60565185546875,7.04995059967041,10.892867088317871,11.864660263061523,1295.0,0.8884723838338999,-1.538138933505447,0.5969453163288868,0.6395640607128935,0.7925942119679968,-1.005227187899219,32.0,0.9288674595679278,4.046595764309488e-08,5.5321267042400936e-05,4.046844144678034e-08,5.524438694935296e-05
synthetic_niah_119,niah_single_1,recovery_formal,64,32,physical_delete_key_query_32,key_query,32,23,24,0.028544829509228455,0.05950010862323543,0.24406355099009758,0.9979871399841946,0.47974415794732506,0.028657097120147655,0.5929582874949537,-0.007135299813873908,1.001511547138539,0.04832902705722203,0.5929582874949537,163.11949303357028,0.00017568162202570095,0.0006668269052170217,0.0006823627627454698,1.7303094863891602,0.5904880166053772,0.0006823627627454698,15.197006225585938,18.568071365356445,8.626470565795898,9.69873046875,13.522188186645508,13.489949226379395,1295.0,0.8884723838338999,-1.538138933505447,0.5969453163288868,0.6395640607128935,0.7925942119679968,-1.005227187899219,32.0,0.9288674595679278,,,,
synthetic_niah_119,niah_single_1,recovery_formal,64,32,physical_delete_key_query_32,key_query,32,24,25,0.02404181927470484,0.05208242770308009,0.4012060365487136,0.9179773802249975,0.4616109566122057,0.025234598481489658,0.6426113228173317,0.07061538255579246,0.9979960289217915,0.03926883574173004,0.6426113228173317,188.67952362465002,0.00013374317465254023,0.0006132079870440066,0.0007038916228339076,1.653537392616272,0.5926900506019592,0.0007038916228339076,16.14301300048828,18.387710571289062,6.113500118255615,9.652313232421875,15.393977165222168,72.10769653320312,1295.0,0.8884723838338999,-1.538138933505447,0.5969453163288868,0.6395640607128935,0.7925942119679968,-1.005227187899219,32.0,0.9288674595679278,,,,
synthetic_niah_119,niah_single_1,recovery_formal,64,32,physical_delete_key_query_32,key_query,32,25,26,0.06130424122658455,0.10091749965332601,0.642903297411382,0.7667665535189638,0.6074688873305246,0.06217983637997199,0.7068499363784554,0.11436337906785862,0.9937895948687591,0.08796752065728447,0.7068499363784554,220.17518907330356,0.0002824107322976808,0.0007309221546165645,0.0008469123858958483,1.4503012895584106,0.6489273905754089,0.0008469123858958483,15.258575439453125,17.668689727783203,8.143671989440918,11.222384452819824,20.292037963867188,69.18254089355469,1295.0,0.8884723838338999,-1.538138933505447,0.5969453163288868,0.6395640607128935,0.7925942119679968,-1.005227187899219,32.0,0.9288674595679278,,,,
synthetic_niah_119,niah_single_1,recovery_formal,64,32,physical_delete_key_query_32,key_query,32,26,27,0.067240162696834,0.12421685054317431,0.5796810813496853,0.8157462682576666,0.5413127317494111,0.0663088046971848,0.7666955613141847,0.09328194359830921,0.9956629235070557,0.08648648569652025,0.7666955613141847,261.56298871143355,0.00025350989076799107,0.001793346251361072,0.0008192656096071005,2.00390887260437,0.5687065720558167,0.0008192656096071005,14.360940933227539,17.504606246948242,8.276472091674805,11.594392776489258,25.36241912841797,175.3046875,1295.0,0.8884723838338999,-1.538138933505447,0.5969453163288868,0.6395640607128935,0.7925942119679968,-1.005227187899219,32.0,0.9288674595679278,1.3127793279634132e-07,5.571658971514484e-05,1.312770229730124e-07,5.565339246755329e-05
synthetic_niah_119,niah_single_1,recovery_formal,64,32,physical_delete_key_query_32,key_query,32,27,28,0.17969639393261638,0.132207023774595,0.8351079673088484,0.759784150880609,1.3592045929343957,0.13407216393444557,0.851858242510317,0.16196163970948999,0.9868076542715101,0.1573878812739454,0.851858242510317,225.4644910409532,0.0005946486886491266,0.005401833448559046,0.0025273875799030066,3.137021780014038,0.19577734172344208,0.0025273875799030066,14.323169708251953,16.113780975341797,4.33458948135376,11.136978149414062,25.04941177368164,151.51519775390625,1295.0,0.8884723838338999,-1.538138933505447,0.5969453163288868,0.6395640607128935,0.7925942119679968,-1.005227187899219,32.0,0.9288674595679278,,,,
synthetic_niah_119,niah_single_1,recovery_formal,64,32,physical_delete_age_4,age,4,0,1,0.00044335035391486813,0.00043784650324564246,0.9975040058468727,0.07219938203383425,1.0125702743505476,0.0010086391760190817,0.0009937746813986693,0.9987543079166492,0.05246312450579855,1.0149576105113602,0.0009937746813986693,16.310602743209646,6.183947901244751e-05,4.602101762429811e-05,0.00012637053441721946,1.657152771949768,0.5285634398460388,0.00012637053441721946,778.8583984375,778.9019775390625,1848.9189453125,3.5669851303100586,4.092738151550293,0.9033900499343872,1323.0,-0.2400042876155929,-0.20086704164391966,-0.24371496847827623,-0.24571964564746784,1.030500992390233,-0.35867272101337555,4.0,0.16689016783748367,8.232138130759111e-11,8.691050757958067e-11,8.23229483663387e-11,8.691274055175531e-11
synthetic_niah_119,niah_single_1,recovery_formal,64,32,physical_delete_age_4,age,4,1,2,0.06255832208349589,0.06255916378398618,0.9999948502533342,0.003209288983784023,0.9999865455284345,0.06152234970090196,0.06155209204785146,0.9998788790095643,0.015567864857156964,0.9995167938901836,0.06155209204785146,20.37010129765543,0.0030202279704904115,0.0023274875711649656,0.004009758122265339,2.7315664291381836,0.2738693058490753,0.004009758122265339,91.52398681640625,91.14028930664062,3904.626708984375,4.77968692779541,3.96563458442688,0.5624406337738037,1323.0,-0.2400042876155929,-0.20086704164391966,-0.24371496847827623,-0.24571964564746784,1.030500992390233,-0.35867272101337555,4.0,0.16689016783748367,,,,
synthetic_niah_119,niah_single_1,recovery_formal,64,32,physical_delete_age_4,age,4,2,3,0.0006411784472195143,0.014438448821585907,0.104412817050305,0.9963425999701173,0.04440770993771392,0.0006120169158683637,0.05883867657959793,0.2309696077568803,0.9976488772650398,0.010401609136133732,0.05883867657959793,26.39751686054548,2.318463964249238e-05,1.1958069080719724e-05,1.88125286513241e-05,2.241241931915283,0.34612441062927246,1.88125286513241e-05,27.662723541259766,27.39702796936035,48.942752838134766,6.647296905517578,5.867598056793213,1.3341593742370605,1323.0,-0.2400042876155929,-0.20086704164391966,-0.24371496847827623,-0.24571964564746784,1.030500992390233,-0.35867272101337555,4.0,0.16689016783748367,,,,
synthetic_niah_119,niah_single_1,recovery_formal,64,32,physical_delete_age_4,age,4,3,4,0.036024414450168366,0.03997396015935405,0.9274073100564382,0.3749702117115195,0.901197036935019,0.03710848094499639,0.07078013358706318,0.6116164317844307,0.7959606192012034,0.5242781987596995,0.07078013358706318,31.29581760651056,0.001185732912032201,0.0005146075855009258,0.001078738714568317,2.060614824295044,0.40266332030296326,0.001078738714568317,20.383953094482422,22.067481994628906,9.248373031616211,7.322013854980469,6.476851463317871,1.405389666557312,1323.0,-0.2400042876155929,-0.20086704164391966,-0.24371496847827623,-0.24571964564746784,1.030500992390233,-0.35867272101337555,4.0,0.16689016783748367,,,,
synthetic_niah_119,niah_single_1,recovery_formal,64,32,physical_delete_age_4,age,4,4,5,0.021301163029092973,0.025790842736558996,0.8880214532439691,0.4639768704223729,0.8259196198695044,0.021976376800473887,0.07679624455516959,0.44178469295007405,0.9105184551029488,0.2861647327648463,0.07679624455516959,32.85472658627311,0.0006688954401360242,0.0003476952260825783,0.0009690391016192734,1.7133830785751343,0.5252370238304138,0.0009690391016192734,18.461536407470703,18.983558654785156,7.002256870269775,7.620412826538086,6.752904415130615,2.020242214202881,1323.0,-0.2400042876155929,-0.20086704164391966,-0.24371496847827623,-0.24571964564746784,1.030500992390233,-0.35867272101337555,4.0,0.16689016783748367,1.3095532310816434e-08,3.790804818672509e-07,1.3094628711801548e-08,3.791167062453988e-07
synthetic_niah_119,niah_single_1,recovery_formal,64,32,physical_delete_age_4,age,4,5,6,0.015239811815158707,0.03528382050316544,0.38736424280483883,0.9230028275523582,0.4319206819961996,0.01218857853180048,0.0638411933754178,0.2018315779423628,0.9794810210321899,0.19092028026678026,0.0638411933754178,32.70553759988273,0.0003726762935657778,0.00017440960800740868,0.0003010384098161012,1.8270035982131958,0.5266585946083069,0.0003010384098161012,17.817508697509766,17.824180603027344,5.266371250152588,8.273088455200195,7.761381149291992,1.6384142637252808,1323.0,-0.2400042876155929,-0.20086704164391966,-0.24371496847827623,-0.24571964564746784,1.030500992390233,-0.35867272101337555,4.0,0.16689016783748367,,,,
synthetic_niah_119,niah_single_1,recovery_formal,64,32,physical_delete_age_4,age,4,6,7,0.004609907443505301,0.015649450790834712,0.3875454299445468,0.9265270591624903,0.29457311346703285,0.003649965210382785,0.06325321753373911,0.10198416637480748,0.9957710383309671,0.05770402443853394,0.06325321753373911,36.522611294543275,9.99371370504418e-05,0.00010881602793233469,0.00017092947382479906,1.4146209955215454,0.5416954159736633,0.00017092947382479906,19.886260986328125,19.659055709838867,6.123626708984375,6.787395477294922,6.79297399520874,1.1505763530731201,1323.0,-0.2400042876155929,-0.20086704164391966,-0.24371496847827623,-0.24571964564746784,1.030500992390233,-0.35867272101337555,4.0,0.16689016783748367,,,,
synthetic_niah_119,niah_single_1,recovery_formal,64,32,physical_delete_age_4,age,4,7,8,0.0023515696379905852,0.017257402392415716,0.2289813684662732,0.9778363710464495,0.13626440321192562,0.002221286151819584,0.06337543995897256,0.14132041941862447,0.9956515546597332,0.035049636787651196,0.06337543995897256,38.48688821987782,5.771540008974609e-05,5.996687468723394e-05,0.00010132931492989883,2.3440959453582764,0.35583698749542236,0.00010132931492989883,33.97175979614258,33.501705169677734,193.26585388183594,6.296531677246094,6.165644645690918,1.4768967628479004,1323.0,-0.2400042876155929,-0.20086704164391966,-0.24371496847827623,-0.24571964564746784,1.030500992390233,-0.35867272101337555,4.0,0.16689016783748367,5.226359755765864e-10,3.7667781693181684e-07,5.226404912159812e-10,3.7672675206683353e-07
synthetic_niah_119,niah_single_1,recovery_formal,64,32,physical_delete_age_4,age,4,8,9,0.0137888791871392,0.02072757601644207,0.5787250973081053,0.8200991680418396,0.6652432091529287,0.012693503478399388,0.06809380656955068,0.20226535000428167,0.979459063216886,0.1864120118682792,0.06809380656955068,40.533346897692276,0.0003131619875959979,0.0001463772205170244,0.00033376971259713173,1.6870707273483276,0.5170236229896545,0.00033376971259713173,18.519786834716797,21.05253028869629,13.135741233825684,8.406990051269531,8.273991584777832,3.1730759143829346,1323.0,-0.2400042876155929,-0.20086704164391966,-0.24371496847827623,-0.24571964564746784,1.030500992390233,-0.35867272101337555,4.0,0.16689016783748367,,,,
synthetic_niah_119,niah_single_1,recovery_formal,64,32,physical_delete_age_4,age,4,9,10,0.005641120603722025,0.01580865758103271,0.2919368632143783,0.9586370274104523,0.35683742119193373,0.005427589495366152,0.07667720057036034,0.03965093216023313,0.9996985189381905,0.07078491983266526,0.07667720057036034,41.3454777972737,0.00013127407843679687,7.391389954136685e-05,0.0001869525294750929,1.867110252380371,0.4777524769306183,0.0001869525294750929,19.433338165283203,19.895654678344727,6.753230571746826,7.323515892028809,7.546325206756592,2.8054187297821045,1323.0,-0.2400042876155929,-0.20086704164391966,-0.24371496847827623,-0.24571964564746784,1.030500992390233,-0.35867272101337555,4.0,0.16689016783748367,,,,
synthetic_niah_119,niah_single_1,recovery_formal,64,32,physical_delete_age_4,age,4,10,11,0.00937274753717428,0.037389572532287155,0.2788487465130024,0.9607481257264888,0.25067811430795567,0.008852730969880955,0.0660229689036848,0.15506306551681445,0.9881272685104656,0.13408562378943362,0.0660229689036848,43.2652277196414,0.00020461537905790386,0.00020247262727934867,0.00024308056163135916,2.510382652282715,0.34566572308540344,0.00024308056163135916,18.977916717529297,20.048242568969727,10.92613697052002,8.479736328125,8.673315048217773,3.8562514781951904,1323.0,-0.2400042876155929,-0.20086704164391966,-0.24371496847827623,-0.24571964564746784,1.030500992390233,-0.35867272101337555,4.0,0.16689016783748367,5.965714598731549e-09,4.475517124247632e-07,5.965878110048861e-09,4.475419315882235e-07
synthetic_niah_119,niah_single_1,recovery_formal,64,32,physical_delete_age_4,age,4,11,12,0.0784003308666025,0.07600686459985362,0.9752323016466766,0.2282255494046419,1.031490132889306,0.06555228095214365,0.09084075662155408,0.7295805072306273,0.6839412933375328,0.7216175138791154,0.09084075662155408,43.634034466804174,0.0015023199608556572,0.0016687987372279167,0.002923055086284876,2.22554612159729,0.3982022702693939,0.002923055086284876,19.391769409179688,19.7804012298584,7.845221519470215,9.032400131225586,7.441056251525879,1.2213726043701172,1323.0,-0.2400042876155929,-0.20086704164391966,-0.24371496847827623,-0.24571964564746784,1.030500992390233,-0.35867272101337555,4.0,0.16689016783748367,,,,
synthetic_niah_119,niah_single_1,recovery_formal,64,32,physical_delete_age_4,age,4,12,13,0.021162281758172148,0.024433939890696768,0.6952826663161213,0.7387565393536278,0.8661018997689233,0.017184092670506433,0.08512126063356867,0.15109692252765686,0.9898224170674839,0.20187779812708345,0.08512126063356867,43.94976715683142,0.00039099394108702094,0.0004340086306910962,0.0007169888122007251,2.169546365737915,0.42926454544067383,0.0007169888122007251,17.10036849975586,18.45178985595703,6.787254810333252,8.046975135803223,8.682546615600586,1.2867980003356934,1323.0,-0.2400042876155929,-0.20086704164391966,-0.24371496847827623,-0.24571964564746784,1.030500992390233,-0.35867272101337555,4.0,0.16689016783748367,,,,
synthetic_niah_119,niah_single_1,recovery_formal,64,32,physical_delete_age_4,age,4,13,14,0.005287210335379335,0.014733130232796288,0.454331235392067,0.8959335124135585,0.3588653769997826,0.004941867170138026,0.08329291618552415,0.09098725307249622,0.9963550705514548,0.059331182007491,0.08329291618552415,48.32273154732532,0.00010226795985856392,0.00012488018546719104,0.00017712428234517574,2.3142969608306885,0.3699864149093628,0.00017712428234517574,17.802715301513672,20.026838302612305,6.228476524353027,7.5177483558654785,7.90222692489624,2.29547381401062,1323.0,-0.2400042876155929,-0.20086704164391966,-0.24371496847827623,-0.24571964564746784,1.030500992390233,-0.35867272101337555,4.0,0.16689016783748367,,,,
synthetic_niah_119,niah_single_1,recovery_formal,64,32,physical_delete_age_4,age,4,14,15,0.009498905773610197,0.017687046784835243,0.6190359965239616,0.7896299272728055,0.5370543703064378,0.008780098831861415,0.07744413513745982,0.08739299304467568,0.9965126402779667,0.11337332150817023,0.07744413513745982,49.422913777421826,0.00017765239158911108,0.00020802226208616048,0.0002656815049704164,1.8284735679626465,0.5020263195037842,0.0002656815049704164,19.743364334106445,20.08243751525879,11.629332542419434,9.230497360229492,9.88247013092041,2.72499942779541,1323.0,-0.2400042876155929,-0.20086704164391966,-0.24371496847827623,-0.24571964564746784,1.030500992390233,-0.35867272101337555,4.0,0.16689016783748367,1.3232651990312066e-08,8.222484987323065e-07,1.3233509680165154e-08,8.223601705521212e-07
synthetic_niah_119,niah_single_1,recovery_formal,64,32,physical_delete_age_4,age,4,15,16,0.00459613874802193,0.025939201776263177,0.24164361026387912,0.9725033545985283,0.17718890456482092,0.00420826096266964,0.06812477378398774,0.13352991737362768,0.9936391894815111,0.061772843107168796,0.06812477378398774,47.82236020760642,8.79977680817245e-05,0.00010148117871722206,0.00015668589912820607,2.527007579803467,0.38851067423820496,0.00015668589912820607,56.32140350341797,55.885765075683594,1394.629150390625,8.617984771728516,8.475003242492676,3.564970016479492,1323.0,-0.2400042876155929,-0.20086704164391966,-0.24371496847827623,-0.24571964564746784,1.030500992390233,-0.35867272101337555,4.0,0.16689016783748367,,,,
synthetic_niah_119,niah_single_1,recovery_formal,64,32,physical_delete_age_4,age,4,16,17,0.022267030985252602,0.02779582803910809,0.8251671083032857,0.5654014744827451,0.8010925579883212,0.02082316512647573,0.0723203097985493,0.305730468709985,0.9522844889307371,0.28792970030796844,0.0723203097985493,51.73140238242646,0.0004025246594426273,0.0003428070049267262,0.0006544056814163923,2.9544763565063477,0.3116416335105896,0.0006544056814163923,16.567398071289062,18.591670989990234,6.741070747375488,8.453682899475098,9.09876537322998,3.6528584957122803,1323.0,-0.2400042876155929,-0.20086704164391966,-0.24371496847827623,-0.24571964564746784,1.030500992390233,-0.35867272101337555,4.0,0.16689016783748367,,,,
synthetic_niah_119,niah_single_1,recovery_formal,64,32,physical_delete_age_4,age,4,17,18,0.031320269228690543,0.03221343741029274,0.9488877880902242,0.3164788362306836,0.9722734283142098,0.029726800913231266,0.07800706668496625,0.41434627672774677,0.9107271384809966,0.3810783070883026,0.07800706668496625,58.49861674441569,0.000508162458663076,0.00047638476826250553,0.0006820675916969776,2.3044328689575195,0.4076245129108429,0.0006820675916969776,16.770767211914062,17.055234909057617,7.829990386962891,10.072800636291504,9.707469940185547,5.304446220397949,1323.0,-0.2400042876155929,-0.20086704164391966,-0.24371496847827623,-0.24571964564746784,1.030500992390233,-0.35867272101337555,4.0,0.16689016783748367,6.515142424079381e-07,1.618818680059004e-06,6.514414116685148e-07,1.6194026158283647e-06
synthetic_niah_119,niah_single_1,recovery_formal,64,32,physical_delete_age_4,age,4,18,19,0.0017393074631916173,0.017487029550496788,0.11450671345014742,0.9935363780043882,0.09946271653336375,0.0016475560856346286,0.07662171282859498,0.037054870268286834,0.9994342468325791,0.021502470054673144,0.07662171282859498,64.95705678369238,2.5363773656201915e-05,2.8243326596566476e-05,4.5975477405590937e-05,2.200700283050537,0.43967774510383606,4.5975477405590937e-05,23.026649475097656,22.846078872680664,7.635371208190918,10.128425598144531,9.495035171508789,3.6070287227630615,1323.0,-0.2400042876155929,-0.20086704164391966,-0.24371496847827623,-0.24571964564746784,1.030500992390233,-0.35867272101337555,4.0,0.16689016783748367,3.8831216429896433e-10,1.614728497897032e-06,3.883135788567703e-10,1.615318863766096e-06
synthetic_niah_119,niah_single_1,recovery_formal,64,32,physical_delete_age_4,age,4,19,20,0.000689941941016223,0.016296137585938966,0.0021575153197822246,1.0008045748729026,0.042337758709863595,0.0006464144525797691,0.07294609012956398,0.012030606502673416,0.9999326514874814,0.008861536669499808,0.07294609012956398,70.58645800352772,9.157768655107514e-06,1.1544839253474493e-05,1.1159448149555828e-05,1.627402663230896,0.5602157115936279,1.1159448149555828e-05,16.919845581054688,19.56728744506836,8.724266052246094,10.80630111694336,10.106160163879395,2.689727306365967,1323.0,-0.2400042876155929,-0.20086704164391966,-0.24371496847827623,-0.24571964564746784,1.030500992390233,-0.35867272101337555,4.0,0.16689016783748367,,,,
synthetic_niah_119,niah_single_1,recovery_formal,64,32,physical_delete_age_4,age,4,20,21,0.0025440091614873997,0.02473118911512613,0.16100769301020804,0.9886642145472712,0.10286643111436274,0.0018723530460878475,0.07004097784037146,0.029155486900209124,0.9995778257107572,0.026732251659236938,0.07004097784037146,85.46989560420296,2.1906579303178358e-05,2.219647285528481e-05,2.9081897082505748e-05,2.441591501235962,0.39110955595970154,2.9081897082505748e-05,19.677085876464844,19.164627075195312,7.393336296081543,12.769476890563965,11.13171100616455,5.768357753753662,1323.0,-0.2400042876155929,-0.20086704164391966,-0.24371496847827623,-0.24571964564746784,1.030500992390233,-0.35867272101337555,4.0,0.16689016783748367,,,,
synthetic_niah_119,niah_single_1,recovery_formal,64,32,physical_delete_age_4,age,4,21,22,0.0019373624124646007,0.008684287471956098,0.19790485719995962,0.9805446804165173,0.22308824054027063,0.0017858778851983284,0.07504501600952743,0.0657364760892876,0.9987179782113412,0.023797421603209468,0.07504501600952743,114.47923393332974,1.5600016036431426e-05,2.7745832994696684e-05,2.6607625841279514e-05,2.7963244915008545,0.3140542805194855,2.6607625841279514e-05,17.880041122436523,17.469491958618164,5.392074108123779,16.59793472290039,11.166789054870605,7.718429088592529,1323.0,-0.2400042876155929,-0.20086704164391966,-0.24371496847827623,-0.24571964564746784,1.030500992390233,-0.35867272101337555,4.0,0.16689016783748367,,,,
synthetic_niah_119,niah_single_1,recovery_formal,64,32,physical_delete_age_4,age,4,22,23,0.004225703593299715,0.008255866290015642,0.535446240773895,0.844899081434161,0.5118425426063566,0.004256903742815216,0.08211358429086409,0.08624566474866545,0.9968677552737574,0.05184165055731024,0.08211358429086409,135.4216544241431,3.143443905568097e-05,6.260042573558167e-05,8.710539987077937e-05,1.783931851387024,0.548654317855835,8.710539987077937e-05,19.28680992126465,19.763986587524414,6.60565185546875,11.252368927001953,10.892867088317871,11.864660263061523,1323.0,-0.2400042876155929,-0.20086704164391966,-0.24371496847827623,-0.24571964564746784,1.030500992390233,-0.35867272101337555,4.0,0.16689016783748367,9.440625381541492e-10,1.5907146527005463e-06,9.44057312826236e-10,1.5912965550468416e-06
synthetic_niah_119,niah_single_1,recovery_formal,64,32,physical_delete_age_4,age,4,23,24,0.008176780438658693,0.011501054039330718,0.7237546131084058,0.6901760514702492,0.7109592225804832,0.008174828210638016,0.0880544059488705,0.12441160214045939,0.9927329055416081,0.09283837784772288,0.0880544059488705,163.11949303357028,5.011558127486101e-05,9.336103539681062e-05,0.00013501699140761048,1.7303094863891602,0.5904880166053772,0.00013501699140761048,18.059673309326172,18.568071365356445,8.626470565795898,14.894376754760742,13.522188186645508,13.489949226379395,1323.0,-0.2400042876155929,-0.20086704164391966,-0.24371496847827623,-0.24571964564746784,1.030500992390233,-0.35867272101337555,4.0,0.16689016783748367,,,,
synthetic_niah_119,niah_single_1,recovery_formal,64,32,physical_delete_age_4,age,4,24,25,0.004470363564319091,0.009304661126093725,0.429703837098538,0.9043943395905616,0.48044345771846886,0.004679482195939346,0.09598845026343698,0.03385552548093825,0.9995377245543557,0.048750471365009734,0.09598845026343698,188.67952362465002,2.480121905145618e-05,5.241827966528945e-05,4.8615591367706656e-05,1.653537392616272,0.5926900506019592,4.8615591367706656e-05,18.719802856445312,18.387710571289062,6.113500118255615,16.429031372070312,15.393977165222168,72.10769653320312,1323.0,-0.2400042876155929,-0.20086704164391966,-0.24371496847827623,-0.24571964564746784,1.030500992390233,-0.35867272101337555,4.0,0.16689016783748367,,,,
synthetic_niah_119,niah_single_1,recovery_formal,64,32,physical_delete_age_4,age,4,25,26,0.012142142660263209,0.018905699915228103,0.6604193421921896,0.7511168353337002,0.6422477197198605,0.01264655190482488,0.10339160377107776,0.12376036628691117,0.992313183935333,0.12231701070065579,0.10339160377107776,220.17518907330356,5.7438587690343386e-05,0.00013541612133849412,0.00013057047908660024,1.4503012895584106,0.6489273905754089,0.00013057047908660024,17.696041107177734,17.668689727783203,8.143671989440918,17.58687973022461,20.292037963867188,69.18254089355469,1323.0,-0.2400042876155929,-0.20086704164391966,-0.24371496847827623,-0.24571964564746784,1.030500992390233,-0.35867272101337555,4.0,0.16689016783748367,,,,
synthetic_niah_119,niah_single_1,recovery_formal,64,32,physical_delete_age_4,age,4,26,27,0.013943967158594276,0.02375041218266266,0.7028421620091286,0.7206997759908964,0.5871042174490386,0.012262695366957375,0.11412948067987612,0.07969837872825442,0.9972051290200208,0.10744546714755704,0.11412948067987612,261.56298871143355,4.688237975628141e-05,0.00017364411905873567,0.0001284231839235872,2.00390887260437,0.5687065720558167,0.0001284231839235872,15.525497436523438,17.504606246948242,8.276472091674805,19.834800720214844,25.36241912841797,175.3046875,1323.0,-0.2400042876155929,-0.20086704164391966,-0.24371496847827623,-0.24571964564746784,1.030500992390233,-0.35867272101337555,4.0,0.16689016783748367,5.488916896911558e-09,1.6085148448917376e-06,5.488912009220265e-09,1.6091141976720712e-06
synthetic_niah_119,niah_single_1,recovery_formal,64,32,physical_delete_age_4,age,4,27,28,0.035254784799067844,0.038687208094706604,0.9727887945947135,0.23971982071955414,0.9112775652552606,0.032220234685794796,0.16057550504571866,0.19289710028278617,0.9812496570846219,0.20065473047474539,0.16057550504571866,225.4644910409532,0.00014290602718430878,0.0005227000801824033,0.00035044579999521375,3.137021780014038,0.19577734172344208,0.00035044579999521375,13.62582778930664,16.113780975341797,4.33458948135376,17.024085998535156,25.04941177368164,151.51519775390625,1323.0,-0.2400042876155929,-0.20086704164391966,-0.24371496847827623,-0.24571964564746784,1.030500992390233,-0.35867272101337555,4.0,0.16689016783748367,,,,
synthetic_niah_119,niah_single_1,recovery_formal,64,32,physical_delete_random_77,random,77,0,1,0.0060645181605690655,0.006074894217120525,0.9999877692388952,0.005228487596417424,0.9982919774105339,0.008214190111449828,0.008237018743241911,0.9999830594303218,0.006439586349543162,0.9972285322513302,0.008237018743241911,16.310602743209646,0.0005036104576128875,0.000486854201881215,0.0013049454428255558,1.657152771949768,0.5285634398460388,0.0013049454428255558,779.73486328125,778.9019775390625,1848.9189453125,3.1908457279205322,4.092738151550293,0.9033900499343872,1250.0,0.12372580491734386,-0.5319401596849807,0.05537959477043296,0.04732101544476513,-0.4388344016983614,-0.05184883917748112,77.0,0.00022430051844102294,2.664481429781342e-09,2.7493664180214776e-09,2.6645350047335676e-09,2.7494221762336146e-09
synthetic_niah_119,niah_single_1,recovery_formal,64,32,physical_delete_random_77,random,77,1,2,0.03643681973606447,0.03647748651961815,0.9997283095919555,0.0233241915600937,0.9988851539008365,0.034495108964074365,0.03535693559826714,0.9741966214032959,0.2257055227601697,0.9756249624123247,0.03535693559826714,20.37010129765543,0.0016934186266439775,0.0017752702115103602,0.00453706132248044,2.7315664291381836,0.2738693058490753,0.00453706132248044,90.65798950195312,91.14028930664062,3904.626708984375,3.44116473197937,3.96563458442688,0.5624406337738037,1250.0,0.12372580491734386,-0.5319401596849807,0.05537959477043296,0.04732101544476513,-0.4388344016983614,-0.05184883917748112,77.0,0.00022430051844102294,,,,
synthetic_niah_119,niah_single_1,recovery_formal,64,32,physical_delete_random_77,random,77,2,3,0.0002814159627599625,0.0061846857655129695,-0.024567117044026185,1.0021507605068305,0.04550206322998551,0.00030248732436563704,0.03646113897749335,0.032404585235510125,0.999765552106888,0.008296156753423302,0.03646113897749335,26.39751686054548,1.1458931003383264e-05,8.237135261879303e-06,1.1888067092513666e-05,2.241241931915283,0.34612441062927246,1.1888067092513666e-05,29.853397369384766,27.39702796936035,48.942752838134766,6.140631198883057,5.867598056793213,1.3341593742370605,1250.0,0.12372580491734386,-0.5319401596849807,0.05537959477043296,0.04732101544476513,-0.4388344016983614,-0.05184883917748112,77.0,0.00022430051844102294,,,,
synthetic_niah_119,niah_single_1,recovery_formal,64,32,physical_delete_random_77,random,77,3,4,0.0021945547983029186,0.011824754679264367,0.11843379373273642,0.9952303132357538,0.18558987969122456,0.0018676755685187035,0.037412326169100445,0.011875259816400377,1.0006530301360816,0.04992139649582261,0.037412326169100445,31.29581760651056,5.967812031631235e-05,6.616538303205743e-05,6.91886743879877e-05,2.060614824295044,0.40266332030296326,6.91886743879877e-05,21.510841369628906,22.067481994628906,9.248373031616211,6.777898788452148,6.476851463317871,1.405389666557312,1250.0,0.12372580491734386,-0.5319401596849807,0.05537959477043296,0.04732101544476513,-0.4388344016983614,-0.05184883917748112,77.0,0.00022430051844102294,,,,
synthetic_niah_119,niah_single_1,recovery_formal,64,32,physical_delete_random_77,random,77,4,5,0.0015955325839778582,0.006503731110799206,0.36816133918980676,0.9378410393848418,0.24532573023022664,0.0014743620265056222,0.035362039242797544,-0.0732997291404008,1.003917605642197,0.041693354175153144,0.035362039242797544,32.85472658627311,4.487518782523118e-05,4.178974268143065e-05,8.195839473046362e-05,1.7133830785751343,0.5252370238304138,8.195839473046362e-05,18.30366325378418,18.983558654785156,7.002256870269775,5.617523670196533,6.752904415130615,2.020242214202881,1250.0,0.12372580491734386,-0.5319401596849807,0.05537959477043296,0.04732101544476513,-0.4388344016983614,-0.05184883917748112,77.0,0.00022430051844102294,3.5430097162657776e-11,6.876587892928681e-08,3.543137761515482e-11,6.87677355273433e-08
synthetic_niah_119,niah_single_1,recovery_formal,64,32,physical_delete_random_77,random,77,5,6,0.0031953102861651825,0.011416320371351752,0.1062960765280101,1.009374006111341,0.27988968268475817,0.0021583475811645875,0.028782840629812317,0.09968348653526811,0.9953256271246768,0.07498730264062409,0.028782840629812317,32.70553759988273,6.599333750662232e-05,7.117330096662045e-05,0.00013506195682566613,1.8270035982131958,0.5266585946083069,0.00013506195682566613,17.074493408203125,17.824180603027344,5.266371250152588,7.405396461486816,7.761381149291992,1.6384142637252808,1250.0,0.12372580491734386,-0.5319401596849807,0.05537959477043296,0.04732101544476513,-0.4388344016983614,-0.05184883917748112,77.0,0.00022430051844102294,,,,
synthetic_niah_119,niah_single_1,recovery_formal,64,32,physical_delete_random_77,random,77,6,7,0.005408605616076164,0.0069504510307803686,0.7609712596541335,0.649013409509578,0.7781661351362558,0.004723089945448175,0.026835760681029608,0.2474194251339092,0.9715371239919797,0.17599985338917415,0.026835760681029608,36.522611294543275,0.00012931961264647682,0.0001649732730584219,0.0002930218179244548,1.4146209955215454,0.5416954159736633,0.0002930218179244548,17.032970428466797,19.659055709838867,6.123626708984375,6.862776279449463,6.79297399520874,1.1505763530731201,1250.0,0.12372580491734386,-0.5319401596849807,0.05537959477043296,0.04732101544476513,-0.4388344016983614,-0.05184883917748112,77.0,0.00022430051844102294,,,,
synthetic_niah_119,niah_single_1,recovery_formal,64,32,physical_delete_random_77,random,77,7,8,0.014784671787654215,0.013846837437637769,0.7237184511207881,0.7710868663877324,1.067729137013429,0.013709574079756585,0.026919262669312213,0.42468988054726114,0.9092825870979376,0.5092849030885758,0.026919262669312213,38.48688821987782,0.00035621414756716616,0.0006253098836168647,0.0008680688915774226,2.3440959453582764,0.35583698749542236,0.0008680688915774226,32.7081298828125,33.501705169677734,193.26585388183594,4.534689903259277,6.165644645690918,1.4768967628479004,1250.0,0.12372580491734386,-0.5319401596849807,0.05537959477043296,0.04732101544476513,-0.4388344016983614,-0.05184883917748112,77.0,0.00022430051844102294,4.491829440420313e-08,1.5142815860346673e-07,4.491969540162584e-08,1.5142250417227654e-07
synthetic_niah_119,niah_single_1,recovery_formal,64,32,physical_delete_random_77,random,77,8,9,0.02227898691984526,0.02382538120244664,0.9296623646726675,0.36845270745117237,0.9350946677636965,0.018725316679870756,0.03415422884047326,0.5717076293528206,0.8207924761124684,0.5482576335519829,0.03415422884047326,40.533346897692276,0.0004619731187541501,0.000279037602012977,0.0008585069444961846,1.6870707273483276,0.5170236229896545,0.0008585069444961846,24.160076141357422,21.05253028869629,13.135741233825684,9.982362747192383,8.273991584777832,3.1730759143829346,1250.0,0.12372580491734386,-0.5319401596849807,0.05537959477043296,0.04732101544476513,-0.4388344016983614,-0.05184883917748112,77.0,0.00022430051844102294,,,,
synthetic_niah_119,niah_single_1,recovery_formal,64,32,physical_delete_random_77,random,77,9,10,0.0619136645561651,0.0636758630281415,0.9905153558499896,0.1386008699057095,0.9723254874268826,0.05569060996621479,0.0710620763271095,0.850578640564305,0.530085012380771,0.7836895971046847,0.0710620763271095,41.3454777972737,0.001346957706941459,0.0009070765227079391,0.0019921581260859966,1.867110252380371,0.4777524769306183,0.0019921581260859966,17.896333694458008,19.895654678344727,6.753230571746826,8.344143867492676,7.546325206756592,2.8054187297821045,1250.0,0.12372580491734386,-0.5319401596849807,0.05537959477043296,0.04732101544476513,-0.4388344016983614,-0.05184883917748112,77.0,0.00022430051844102294,,,,
synthetic_niah_119,niah_single_1,recovery_formal,64,32,physical_delete_random_77,random,77,10,11,0.04706730087661135,0.06268880776159594,0.8407927111511612,0.5487847876075682,0.7508086779319075,0.045716635953025546,0.07854612399335291,0.72800277858159,0.700941073237673,0.5820355433056683,0.07854612399335291,43.2652277196414,0.0010566600099569396,0.0010635011130943894,0.00154586520511657,2.510382652282715,0.34566572308540344,0.00154586520511657,18.004911422729492,20.048242568969727,10.92613697052002,9.293020248413086,8.673315048217773,3.8562514781951904,1250.0,0.12372580491734386,-0.5319401596849807,0.05537959477043296,0.04732101544476513,-0.4388344016983614,-0.05184883917748112,77.0,0.00022430051844102294,9.251838108471943e-08,2.9954786351669765e-07,9.251714135065158e-08,2.9960705885700956e-07
synthetic_niah_119,niah_single_1,recovery_formal,64,32,physical_delete_random_77,random,77,11,12,0.007727830614487086,0.037681094328690254,0.30320034511292454,0.9579645891403454,0.20508508980863496,0.0067354426662577785,0.06914279056813867,0.24625046457139832,0.9805677664157378,0.09741352078667045,0.06914279056813867,43.634034466804174,0.00015436213379218822,0.0002886578440666199,0.0003382256254553795,2.22554612159729,0.3982022702693939,0.0003382256254553795,18.197948455810547,19.7804012298584,7.845221519470215,7.085441589355469,7.441056251525879,1.2213726043701172,1250.0,0.12372580491734386,-0.5319401596849807,0.05537959477043296,0.04732101544476513,-0.4388344016983614,-0.05184883917748112,77.0,0.00022430051844102294,,,,
synthetic_niah_119,niah_single_1,recovery_formal,64,32,physical_delete_random_77,random,77,12,13,0.02059069516803784,0.03913852473515944,0.746555015437811,0.7008972494967975,0.5260978871168471,0.01767813838297311,0.06819651012253022,0.32417980661106816,0.9482229559044308,0.259223505003561,0.06819651012253022,43.94976715683142,0.0004022350862494905,0.00034951165434904397,0.0005877109942957759,2.169546365737915,0.42926454544067383,0.0005877109942957759,19.537761688232422,18.45178985595703,6.787254810333252,9.622596740722656,8.682546615600586,1.2867980003356934,1250.0,0.12372580491734386,-0.5319401596849807,0.05537959477043296,0.04732101544476513,-0.4388344016983614,-0.05184883917748112,77.0,0.00022430051844102294,,,,
synthetic_niah_119,niah_single_1,recovery_formal,64,32,physical_delete_random_77,random,77,13,14,0.009807304005312878,0.0180058990852028,0.613692925247419,0.7925559415114579,0.5446717189130809,0.00884018961889233,0.06717429708087759,0.1528632682612156,0.9884760567643105,0.1316007759373913,0.06717429708087759,48.32273154732532,0.00018294060240023078,0.00011638670548563823,0.00026603153673931956,2.3142969608306885,0.3699864149093628,0.00026603153673931956,20.013267517089844,20.026838302612305,6.228476524353027,8.062703132629395,7.90222692489624,2.29547381401062,1250.0,0.12372580491734386,-0.5319401596849807,0.05537959477043296,0.04732101544476513,-0.4388344016983614,-0.05184883917748112,77.0,0.00022430051844102294,,,,
synthetic_niah_119,niah_single_1,recovery_formal,64,32,physical_delete_random_77,random,77,14,15,0.005820377216541362,0.015975814831260548,0.268430263691927,0.9680603574502116,0.36432427879374174,0.0051901528014111345,0.06628311499501245,0.07114004410809782,0.9974920546279887,0.07830278950833366,0.06628311499501245,49.422913777421826,0.00010501511150850406,9.693377069197595e-05,0.0001267508923774585,1.8284735679626465,0.5020263195037842,0.0001267508923774585,23.718128204345703,20.08243751525879,11.629332542419434,12.854093551635742,9.88247013092041,2.72499942779541,1250.0,0.12372580491734386,-0.5319401596849807,0.05537959477043296,0.04732101544476513,-0.4388344016983614,-0.05184883917748112,77.0,0.00022430051844102294,6.322758445285239e-09,6.596316253366637e-07,6.3228187078870305e-09,6.598605293891493e-07
synthetic_niah_119,niah_single_1,recovery_formal,64,32,physical_delete_random_77,random,77,15,16,0.033637805023200844,0.03883491874140844,0.8265705230133636,0.5642247977807587,0.8661742090201394,0.02864051225348168,0.06392881564920737,0.47197560026901253,0.8819373900894434,0.44800630142499415,0.06392881564920737,47.82236020760642,0.0005988937419472291,0.0005892140907235444,0.0007531273877248168,2.527007579803467,0.38851067423820496,0.0007531273877248168,54.28013229370117,55.885765075683594,1394.629150390625,9.957423210144043,8.475003242492676,3.564970016479492,1250.0,0.12372580491734386,-0.5319401596849807,0.05537959477043296,0.04732101544476513,-0.4388344016983614,-0.05184883917748112,77.0,0.00022430051844102294,,,,
synthetic_niah_119,niah_single_1,recovery_formal,64,32,physical_delete_random_77,random,77,16,17,0.08397298488817743,0.07865853774544611,0.9747658649621328,0.24174968872424774,1.0675635130661834,0.0792490991274194,0.10126675048526422,0.7739348007321234,0.6333242642266709,0.7825776846562416,0.10126675048526422,51.73140238242646,0.0015319340956884808,0.0022427819203585386,0.0018404595321044326,2.9544763565063477,0.3116416335105896,0.0018404595321044326,19.370464324951172,18.591670989990234,6.741070747375488,12.047261238098145,9.09876537322998,3.6528584957122803,1250.0,0.12372580491734386,-0.5319401596849807,0.05537959477043296,0.04732101544476513,-0.4388344016983614,-0.05184883917748112,77.0,0.00022430051844102294,,,,
synthetic_niah_119,niah_single_1,recovery_formal,64,32,physical_delete_random_77,random,77,17,18,0.012373295857612192,0.023770089643151904,0.488604701529433,0.8730895400381319,0.5205405635134785,0.012106196997990515,0.10054015495075729,0.17474018462749266,0.9861122994997307,0.1204115609720306,0.10054015495075729,58.49861674441569,0.0002069484318045209,0.00016331765800714493,0.00016362503811251372,2.3044328689575195,0.4076245129108429,0.00016362503811251372,16.675779342651367,17.055234909057617,7.829990386962891,10.608184814453125,9.707469940185547,5.304446220397949,1250.0,0.12372580491734386,-0.5319401596849807,0.05537959477043296,0.04732101544476513,-0.4388344016983614,-0.05184883917748112,77.0,0.00022430051844102294,3.9790888492789375e-08,5.0374130482181865e-06,3.978861847554096e-08,5.037943323138716e-06
synthetic_niah_119,niah_single_1,recovery_formal,64,32,physical_delete_random_77,random,77,18,19,0.006261767749315883,0.025351007350549907,0.15300118275163097,0.9926867214412861,0.24700271917123856,0.006242144485997756,0.10116196578867918,0.043849901105461206,0.9991976638540881,0.061704460143026406,0.10116196578867918,64.95705678369238,9.609647966015697e-05,0.0001326199999311939,0.00016978182247839868,2.200700283050537,0.43967774510383606,0.00016978182247839868,22.552616119384766,22.846078872680664,7.635371208190918,9.652217864990234,9.495035171508789,3.6070287227630615,1250.0,0.12372580491734386,-0.5319401596849807,0.05537959477043296,0.04732101544476513,-0.4388344016983614,-0.05184883917748112,77.0,0.00022430051844102294,9.248427719333696e-09,4.834118231493933e-06,9.248333296145841e-09,4.834881778564398e-06
synthetic_niah_119,niah_single_1,recovery_formal,64,32,physical_delete_random_77,random,77,19,20,0.0004096974077530599,0.024964511866958108,-0.045521674639224775,1.0008813401994203,0.016411192413311983,0.0003821727123918057,0.09513885470553811,-0.007427888063423274,1.000037905244392,0.004016999296183025,0.09513885470553811,70.58645800352772,5.414249747064879e-06,1.184045322588645e-05,9.463179594604298e-06,1.627402663230896,0.5602157115936279,9.463179594604298e-06,20.09334373474121,19.56728744506836,8.724266052246094,8.96742057800293,10.106160163879395,2.689727306365967,1250.0,0.12372580491734386,-0.5319401596849807,0.05537959477043296,0.04732101544476513,-0.4388344016983614,-0.05184883917748112,77.0,0.00022430051844102294,,,,
synthetic_niah_119,niah_single_1,recovery_formal,64,32,physical_delete_random_77,random,77,20,21,0.08597464575632495,0.08284451620829869,0.9423965188682605,0.3478324553458081,1.037783183381216,0.08708319215507905,0.11813855201527644,0.6246652866175257,0.7889493398453392,0.737127640973781,0.11813855201527644,85.46989560420296,0.0010188756115761157,0.0011281854240223765,0.002254026010632515,2.441591501235962,0.39110955595970154,0.002254026010632515,19.15241241455078,19.164627075195312,7.393336296081543,10.334815979003906,11.13171100616455,5.768357753753662,1250.0,0.12372580491734386,-0.5319401596849807,0.05537959477043296,0.04732101544476513,-0.4388344016983614,-0.05184883917748112,77.0,0.00022430051844102294,,,,
synthetic_niah_119,niah_single_1,recovery_formal,64,32,physical_delete_random_77,random,77,21,22,0.07684804310880901,0.0794029688403879,0.9753627138142223,0.22073608518811394,0.9678232971777833,0.08224193117862225,0.1430744271036909,0.5140194425948821,0.8599305937501551,0.5748192241162617,0.1430744271036909,114.47923393332974,0.000718400432575555,0.0008766308892518282,0.0014530456392094493,2.7963244915008545,0.3140542805194855,0.0014530456392094493,17.059101104736328,17.469491958618164,5.392074108123779,10.256124496459961,11.166789054870605,7.718429088592529,1250.0,0.12372580491734386,-0.5319401596849807,0.05537959477043296,0.04732101544476513,-0.4388344016983614,-0.05184883917748112,77.0,0.00022430051844102294,,,,
synthetic_niah_119,niah_single_1,recovery_formal,64,32,physical_delete_random_77,random,77,22,23,0.028892512665919717,0.03014849142545742,0.8297360471421217,0.5727801775884149,0.9583402452277545,0.028199278490529365,0.15705573547935078,0.23046065538146965,0.9744125575183418,0.17954949817313054,0.15705573547935078,135.4216544241431,0.00020823315599297515,0.0005515400553122163,0.001136660692282021,1.783931851387024,0.548654317855835,0.001136660692282021,18.26230812072754,19.763986587524414,6.60565185546875,8.152200698852539,10.892867088317871,11.864660263061523,1250.0,0.12372580491734386,-0.5319401596849807,0.05537959477043296,0.04732101544476513,-0.4388344016983614,-0.05184883917748112,77.0,0.00022430051844102294,3.991744506541625e-08,2.609688132036421e-06,3.991421749300072e-08,2.609683753251559e-06
synthetic_niah_119,niah_single_1,recovery_formal,64,32,physical_delete_random_77,random,77,23,24,0.007169591305273971,0.024553148833207247,0.3667955848543267,0.9333032415719822,0.2920029261410805,0.006920200030849678,0.16229727224453133,-0.009718688779668715,1.0013225648844044,0.04263904091020764,0.16229727224453133,163.11949303357028,4.242411438481781e-05,0.00013453300925903022,0.00015911119407974184,1.7303094863891602,0.5904880166053772,0.00015911119407974184,17.50641632080078,18.568071365356445,8.626470565795898,10.882444381713867,13.522188186645508,13.489949226379395,1250.0,0.12372580491734386,-0.5319401596849807,0.05537959477043296,0.04732101544476513,-0.4388344016983614,-0.05184883917748112,77.0,0.00022430051844102294,,,,
synthetic_niah_119,niah_single_1,recovery_formal,64,32,physical_delete_random_77,random,77,24,25,0.004745896102912973,0.01919443279888321,0.11901230496037439,1.001140323681908,0.24725378200230555,0.004953652853084556,0.18136320365762323,-0.009094926165346694,1.000621232731644,0.02731343929298935,0.18136320365762323,188.67952362465002,2.6254321390693755e-05,9.637902257964015e-05,9.509699884802103e-05,1.653537392616272,0.5926900506019592,9.509699884802103e-05,17.52368927001953,18.387710571289062,6.113500118255615,9.750707626342773,15.393977165222168,72.10769653320312,1250.0,0.12372580491734386,-0.5319401596849807,0.05537959477043296,0.04732101544476513,-0.4388344016983614,-0.05184883917748112,77.0,0.00022430051844102294,,,,
synthetic_niah_119,niah_single_1,recovery_formal,64,32,physical_delete_random_77,random,77,25,26,0.004128695924648187,0.03917997051857791,0.1540743637835754,0.9892585373074095,0.10537771902330782,0.004303211933847398,0.18820259982209359,0.05106369819169955,0.999093427786622,0.022864784747475275,0.18820259982209359,220.17518907330356,1.9544490693793467e-05,6.714475603075698e-05,4.5083688746672124e-05,1.4503012895584106,0.6489273905754089,4.5083688746672124e-05,16.599409103393555,17.668689727783203,8.143671989440918,12.561918258666992,20.292037963867188,69.18254089355469,1250.0,0.12372580491734386,-0.5319401596849807,0.05537959477043296,0.04732101544476513,-0.4388344016983614,-0.05184883917748112,77.0,0.00022430051844102294,,,,
synthetic_niah_119,niah_single_1,recovery_formal,64,32,physical_delete_random_77,random,77,26,27,0.02150464912958399,0.060250629081516266,0.7730527128000979,0.7586540796155741,0.3569199103380184,0.017717626595115114,0.2099983531517353,0.15272666605205482,0.990629676823157,0.0843703120962723,0.2099983531517353,261.56298871143355,6.773751394415319e-05,0.0005001938552595675,0.000218529996345751,2.00390887260437,0.5687065720558167,0.000218529996345751,16.75123405456543,17.504606246948242,8.276472091674805,11.208372116088867,25.36241912841797,175.3046875,1250.0,0.12372580491734386,-0.5319401596849807,0.05537959477043296,0.04732101544476513,-0.4388344016983614,-0.05184883917748112,77.0,0.00022430051844102294,1.1594244273658454e-08,2.765112674627012e-06,1.1594128754288513e-08,2.7653859979210524e-06
synthetic_niah_119,niah_single_1,recovery_formal,64,32,physical_delete_random_77,random,77,27,28,0.032464965086294775,0.032470888800064865,0.32448398933325784,1.162233016129911,0.9998175684747478,0.02556046371125418,0.2501191051076445,0.26535521131310597,0.9778591228951599,0.10219316793194844,0.2501191051076445,225.4644910409532,0.0001133680234667702,0.0012340081157162786,0.00040753360372036695,3.137021780014038,0.19577734172344208,0.00040753360372036695,15.535207748413086,16.113780975341797,4.33458948135376,10.916178703308105,25.04941177368164,151.51519775390625,1250.0,0.12372580491734386,-0.5319401596849807,0.05537959477043296,0.04732101544476513,-0.4388344016983614,-0.05184883917748112,77.0,0.00022430051844102294,,,,
