sample_id,task,stage,target_anchor,history_length,candidate_id,candidate_source,deleted_position,layer,boundary,theory_u_norm,actual_u_norm,injection_cosine,injection_relative_l2,injection_norm_ratio,local_r_norm,actual_r_norm,adjacent_cosine,adjacent_relative_l2,adjacent_norm_ratio,actual_boundary_norm,state_norm,action_state_ratio,deleted_attention_mass_mean,deleted_attention_mass_std,attention_entropy,attention_concentration,head_disagreement,deleted_key_norm,key_norm_mean,key_norm_variance,deleted_value_norm,value_norm_mean,value_norm_variance,deleted_token_age,selector_attention,selector_value_norm,selector_aov,selector_aor,selector_v_ridge,selector_key_query,selector_age,selector_random,single_boundary_theory_risk,candidate_probe_risk,single_boundary_fisher_risk,probe_fisher_risk
gov_report:128,gov_report,disagreement_calibration,64,32,physical_delete_median_attention_45,median_attention,45,0,1,0.003133897641539402,0.003133007873677811,0.9999847497803176,0.005530800690094227,1.000283997965363,0.003973934576283474,0.00397469337848041,0.9999721999720048,0.0074582764414259425,0.9998090916393592,0.00397469337848041,21.965031044929678,0.00018092096333279718,0.0001286811602767557,0.0002938550023827702,1.0449306964874268,0.7037158608436584,0.0002938550023827702,778.50439453125,778.7916870117188,1835.3990478515625,4.543178081512451,4.159728050231934,0.7968976497650146,967.0,-0.23734704531034162,0.2469717066599854,-0.2156619783019375,-0.20634059631258792,0.4957773630888484,-0.2656066961559393,45.0,0.33689257194923117,1.0621171042557673e-10,1.1229011834311665e-10,1.0621063964070908e-10,1.1228973786006495e-10
gov_report:128,gov_report,disagreement_calibration,64,32,physical_delete_median_attention_45,median_attention,45,1,2,0.008624115562368036,0.008613304464355456,0.9972496542253799,0.07422379163759436,1.0012551626448734,0.009592214543226785,0.010636889184899526,0.9041448201492625,0.42723260735152896,0.9017875787259497,0.010636889184899526,27.954493444971533,0.0003431367684093105,0.000506614160258323,0.0008539909031242132,2.8160524368286133,0.252130389213562,0.0008539909031242132,91.34080505371094,90.98197937011719,3925.508056640625,3.8756749629974365,4.082812309265137,0.5946309566497803,967.0,-0.23734704531034162,0.2469717066599854,-0.2156619783019375,-0.20634059631258792,0.4957773630888484,-0.2656066961559393,45.0,0.33689257194923117,,,,
gov_report:128,gov_report,disagreement_calibration,64,32,physical_delete_median_attention_45,median_attention,45,2,3,0.0015250367572197652,0.0035644501449331525,0.31996165241795255,0.9535531632847536,0.42784628630241806,0.0017302280166694838,0.011087580305435768,0.2613278960703305,0.970974229913332,0.15605100202261685,0.011087580305435768,31.904446310152963,5.423156383437605e-05,8.442697435384616e-05,6.718061922583729e-05,1.7734079360961914,0.5100526213645935,6.718061922583729e-05,26.131263732910156,26.255582809448242,54.02253723144531,4.75068473815918,6.005796909332275,1.3502941131591797,967.0,-0.23734704531034162,0.2469717066599854,-0.2156619783019375,-0.20634059631258792,0.4957773630888484,-0.2656066961559393,45.0,0.33689257194923117,,,,
gov_report:128,gov_report,disagreement_calibration,64,32,physical_delete_median_attention_45,median_attention,45,3,4,0.0020244399717933128,0.0026668337755130487,0.6926682829651305,0.7243108016695863,0.7591174187089514,0.002089076443082323,0.011318283851341449,0.23670274990463447,0.9729794816949435,0.1845753711888684,0.011318283851341449,34.48534467691578,6.057867371355387e-05,5.245949432719499e-05,0.00010656238737283275,1.4411247968673706,0.6295778751373291,0.00010656238737283275,19.885190963745117,20.67840003967285,7.7529120445251465,6.078948020935059,6.3158040046691895,1.4502142667770386,967.0,-0.23734704531034162,0.2469717066599854,-0.2156619783019375,-0.20634059631258792,0.4957773630888484,-0.2656066961559393,45.0,0.33689257194923117,,,,
gov_report:128,gov_report,disagreement_calibration,64,32,physical_delete_median_attention_45,median_attention,45,4,5,0.006465096886155295,0.00650378327460672,0.9609654056706989,0.27863989779651144,0.9940517100865781,0.007531532564790664,0.014669547196611666,0.4827015395388711,0.8763232292730717,0.5134127498175457,0.014669547196611666,39.930672963164575,0.00018861521747300341,0.00020493644115049392,0.0001631768245715648,1.1774052381515503,0.742058277130127,0.0001631768245715648,19.02149200439453,17.608564376831055,4.755467891693115,7.795620918273926,6.994998931884766,2.138948678970337,967.0,-0.23734704531034162,0.2469717066599854,-0.2156619783019375,-0.20634059631258792,0.4957773630888484,-0.2656066961559393,45.0,0.33689257194923117,4.5499828789152263e-10,2.2736536026901963e-09,4.5501726584676945e-10,2.273624682317181e-09
gov_report:128,gov_report,disagreement_calibration,64,32,physical_delete_median_attention_45,median_attention,45,5,6,0.014704237290648414,0.015013764733203639,0.9609406396513944,0.2773684113117634,0.9793837556365399,0.01639979589943342,0.02084337069789314,0.7286803378471292,0.6873166325510621,0.7868111226890534,0.02084337069789314,40.50440470118126,0.0004048891971236684,0.00043875726987607777,0.0005646270583383739,1.4118510484695435,0.6707949042320251,0.0005646270583383739,17.289884567260742,16.876237869262695,4.381618022918701,7.844236373901367,8.032445907592773,1.88052499294281,967.0,-0.23734704531034162,0.2469717066599854,-0.2156619783019375,-0.20634059631258792,0.4957773630888484,-0.2656066961559393,45.0,0.33689257194923117,,,,
gov_report:128,gov_report,disagreement_calibration,64,32,physical_delete_median_attention_45,median_attention,45,6,7,0.011199448777411757,0.011744807769208698,0.9495837508930237,0.3135387662622543,0.9535659499488186,0.011944294876471542,0.024053355459277614,0.5355455714464582,0.8454050193260734,0.4965749953969317,0.024053355459277614,44.50681363118028,0.0002683700292600522,0.00028240546816959977,0.0005998396663926542,1.3149465322494507,0.6595332026481628,0.0005998396663926542,21.26748275756836,19.26874542236328,5.712917327880859,6.550158500671387,6.700473785400391,1.2047978639602661,967.0,-0.23734704531034162,0.2469717066599854,-0.2156619783019375,-0.20634059631258792,0.4957773630888484,-0.2656066961559393,45.0,0.33689257194923117,,,,
gov_report:128,gov_report,disagreement_calibration,64,32,physical_delete_median_attention_45,median_attention,45,7,8,0.002485385341511662,0.006144258187889252,0.2666532600023991,0.973601170457091,0.40450535532678694,0.0025870750629946883,0.022347079368402835,0.05420151073884893,1.0004262191186435,0.11576792744794323,0.022347079368402835,50.91791593268521,5.0808738252658806e-05,8.156427793437615e-05,9.935538400895894e-05,2.454462766647339,0.3305726647377014,9.935538400895894e-05,33.394866943359375,33.69430160522461,193.45433044433594,6.294495582580566,6.470142841339111,1.693371295928955,967.0,-0.23734704531034162,0.2469717066599854,-0.2156619783019375,-0.20634059631258792,0.4957773630888484,-0.2656066961559393,45.0,0.33689257194923117,1.2432364391999395e-10,6.745018756919558e-09,1.2432108111310114e-10,6.745579158225435e-09
gov_report:128,gov_report,disagreement_calibration,64,32,physical_delete_median_attention_45,median_attention,45,8,9,0.0318594652679782,0.03212226873012605,0.9914236562866746,0.13068775679725914,0.991818651902959,0.02826537856834844,0.0349951659955918,0.844339465945599,0.5370603049520988,0.807693798963803,0.0349951659955918,50.56403996587166,0.0005590015866498452,0.0007086687255650759,0.0013338199350982904,1.9818572998046875,0.49979427456855774,0.0013338199350982904,21.246227264404297,19.207393646240234,5.8656511306762695,7.324087142944336,7.806460857391357,1.9599103927612305,967.0,-0.23734704531034162,0.2469717066599854,-0.2156619783019375,-0.20634059631258792,0.4957773630888484,-0.2656066961559393,45.0,0.33689257194923117,,,,
gov_report:128,gov_report,disagreement_calibration,64,32,physical_delete_median_attention_45,median_attention,45,9,10,0.0063015735562271715,0.009059628303425323,0.5319566611513459,0.8624327659539468,0.6955664565007189,0.006425035307909029,0.03403540011353427,0.2733237253760684,0.9656306824744071,0.18877507790349424,0.03403540011353427,49.88482531422785,0.00012879739013692645,0.0001400450710207224,0.0001899871276691556,2.2178866863250732,0.4688349664211273,0.0001899871276691556,19.60540008544922,18.7982177734375,4.883980751037598,7.331963539123535,7.354213237762451,1.1959782838821411,967.0,-0.23734704531034162,0.2469717066599854,-0.2156619783019375,-0.20634059631258792,0.4957773630888484,-0.2656066961559393,45.0,0.33689257194923117,,,,
gov_report:128,gov_report,disagreement_calibration,64,32,physical_delete_median_attention_45,median_attention,45,10,11,0.06985490594520109,0.0695753935838226,0.9898633537620966,0.14272658468218805,1.0040174025180575,0.06772729217306904,0.07527558876452548,0.9201834564470217,0.3920216511805667,0.8997245094280331,0.07527558876452548,48.294772262480066,0.001402373155524454,0.0017258230363950133,0.0029948391020298004,2.565937042236328,0.3853241205215454,0.0029948391020298004,18.695024490356445,18.262813568115234,5.199052810668945,7.091001033782959,8.162530899047852,2.2973971366882324,967.0,-0.23734704531034162,0.2469717066599854,-0.2156619783019375,-0.20634059631258792,0.4957773630888484,-0.2656066961559393,45.0,0.33689257194923117,7.726170209325692e-08,8.783253850097627e-08,7.72618658824977e-08,8.783490875822291e-08
gov_report:128,gov_report,disagreement_calibration,64,32,physical_delete_median_attention_45,median_attention,45,11,12,0.03563957247367214,0.04330477376209304,0.6941105342633885,0.7313149354246132,0.8229940807327192,0.030960350171946777,0.07061085909103344,0.4834887857320957,0.8765077219096055,0.4384644312574055,0.07061085909103344,53.573444758524424,0.0005779047868117622,0.0009574882569722831,0.0015881287399679422,2.643414258956909,0.3429920971393585,0.0015881287399679422,18.846019744873047,18.990083694458008,6.348488807678223,6.311371803283691,7.674081802368164,1.2058316469192505,967.0,-0.23734704531034162,0.2469717066599854,-0.2156619783019375,-0.20634059631258792,0.4957773630888484,-0.2656066961559393,45.0,0.33689257194923117,,,,
gov_report:128,gov_report,disagreement_calibration,64,32,physical_delete_median_attention_45,median_attention,45,12,13,0.036105655871574625,0.03829756320524059,0.9053645168797135,0.4262792425065641,0.9427664020836181,0.029861652610171454,0.07201689502920224,0.3918176285144456,0.9203261194910174,0.41464787669702796,0.07201689502920224,57.555691178595865,0.0005188305795426982,0.0009352715569548309,0.0012989486567676067,2.262470245361328,0.3983441889286041,0.0012989486567676067,18.193679809570312,17.26920509338379,3.8595352172851562,8.68785285949707,8.473686218261719,1.088564157485962,967.0,-0.23734704531034162,0.2469717066599854,-0.2156619783019375,-0.20634059631258792,0.4957773630888484,-0.2656066961559393,45.0,0.33689257194923117,,,,
gov_report:128,gov_report,disagreement_calibration,64,32,physical_delete_median_attention_45,median_attention,45,13,14,0.011842901334730222,0.017150893590117802,0.6633427156115026,0.748808802531331,0.6905122040727953,0.010205596912965695,0.06753199619608923,0.18554610790027448,0.9832383403559877,0.15112239364777877,0.06753199619608923,61.09932588698295,0.00016703288890360687,0.00030920191784389317,0.00044401356717571616,2.5161640644073486,0.3269582986831665,0.00044401356717571616,18.896482467651367,18.964174270629883,3.578993082046509,7.8313140869140625,7.934084892272949,1.9900097846984863,967.0,-0.23734704531034162,0.2469717066599854,-0.2156619783019375,-0.20634059631258792,0.4957773630888484,-0.2656066961559393,45.0,0.33689257194923117,,,,
gov_report:128,gov_report,disagreement_calibration,64,32,physical_delete_median_attention_45,median_attention,45,14,15,0.05610754610018755,0.059537849261776,0.9465253071030215,0.32265614719984914,0.942384496515719,0.04800049624756153,0.08373901081888273,0.6409273675454958,0.770582254478977,0.57321546765558,0.08373901081888273,60.09752968335085,0.0007987099719484705,0.0006995361181907356,0.0015154670691117644,1.6286743879318237,0.5808057188987732,0.0015154670691117644,19.362041473388672,18.897523880004883,9.722497940063477,9.833906173706055,9.245899200439453,1.5664280652999878,967.0,-0.23734704531034162,0.2469717066599854,-0.2156619783019375,-0.20634059631258792,0.4957773630888484,-0.2656066961559393,45.0,0.33689257194923117,9.398413049831298e-08,4.349573812648989e-07,9.399464066351985e-08,4.350510714992111e-07
gov_report:128,gov_report,disagreement_calibration,64,32,physical_delete_median_attention_45,median_attention,45,15,16,0.021036524739252327,0.037936715416849,0.6349197697458178,0.77675067672995,0.5545162386385534,0.020087582710533926,0.07431718812933953,0.3702941736437089,0.9342815476748119,0.2702952468488725,0.07431718812933953,64.2660185568759,0.00031256927318060423,0.0005434161867015064,0.0009122199844568968,2.4773731231689453,0.39688268303871155,0.0009122199844568968,55.22429656982422,55.3814582824707,1431.7564697265625,6.003098964691162,7.754779815673828,2.012951374053955,967.0,-0.23734704531034162,0.2469717066599854,-0.2156619783019375,-0.20634059631258792,0.4957773630888484,-0.2656066961559393,45.0,0.33689257194923117,,,,
gov_report:128,gov_report,disagreement_calibration,64,32,physical_delete_median_attention_45,median_attention,45,16,17,0.008539416052782994,0.015903013687895963,0.39906154075653777,0.9272368589721263,0.5369684149415327,0.008587308349905644,0.07686138554654015,0.032250233788500074,1.0026345789707516,0.11172461033383226,0.07686138554654015,64.01716729679757,0.0001341407111953737,0.0003740844258572906,0.0003834058588836342,2.6235263347625732,0.32506343722343445,0.0003834058588836342,15.50967788696289,17.70060157775879,5.608544826507568,6.846973419189453,8.572480201721191,3.290295124053955,967.0,-0.23734704531034162,0.2469717066599854,-0.2156619783019375,-0.20634059631258792,0.4957773630888484,-0.2656066961559393,45.0,0.33689257194923117,,,,
gov_report:128,gov_report,disagreement_calibration,64,32,physical_delete_median_attention_45,median_attention,45,17,18,0.029533014284020595,0.033032721464598784,0.8803086860125883,0.4746003922099986,0.8940533196960828,0.028519238624679255,0.08298454932849654,0.3695431660168046,0.9295737235337191,0.3436692595845173,0.08298454932849654,66.07695121302957,0.0004316064543101318,0.0007206963491626084,0.0006022574380040169,2.6143035888671875,0.35293856263160706,0.0006022574380040169,15.59488296508789,15.894440650939941,6.254524230957031,8.386926651000977,9.225137710571289,3.402017116546631,967.0,-0.23734704531034162,0.2469717066599854,-0.2156619783019375,-0.20634059631258792,0.4957773630888484,-0.2656066961559393,45.0,0.33689257194923117,,,,
gov_report:128,gov_report,disagreement_calibration,64,32,physical_delete_median_attention_45,median_attention,45,18,19,0.011105112186572967,0.021854440206657104,0.5405609075817799,0.8419293494836118,0.5081398599809583,0.010354783128642655,0.08039982069795339,0.20073106475527938,0.9822842740183393,0.12879112215366223,0.08039982069795339,73.77617749647759,0.00014035402049851443,0.0002164609031751752,0.00031885551288723946,2.481377363204956,0.3493541479110718,0.00031885551288723946,22.304595947265625,21.688318252563477,6.932224273681641,8.907564163208008,9.205900192260742,2.720614194869995,967.0,-0.23734704531034162,0.2469717066599854,-0.2156619783019375,-0.20634059631258792,0.4957773630888484,-0.2656066961559393,45.0,0.33689257194923117,3.737211628043643e-09,1.3571991538471211e-06,3.737323292058649e-09,1.3581116910418999e-06
gov_report:128,gov_report,disagreement_calibration,64,32,physical_delete_median_attention_45,median_attention,45,19,20,0.08646089782350254,0.0853646690750348,0.9723489380742725,0.23701731499254788,1.0128417149664595,0.07647373097947857,0.10916378300985642,0.6690758406715103,0.7438599264959515,0.7005412314501206,0.10916378300985642,78.28630970582994,0.0009768467982056845,0.0011735022999346256,0.002539093839004636,1.7158198356628418,0.5407428741455078,0.002539093839004636,18.907230377197266,17.986217498779297,3.5662472248077393,10.260246276855469,9.965325355529785,3.164489984512329,967.0,-0.23734704531034162,0.2469717066599854,-0.2156619783019375,-0.20634059631258792,0.4957773630888484,-0.2656066961559393,45.0,0.33689257194923117,,,,
gov_report:128,gov_report,disagreement_calibration,64,32,physical_delete_median_attention_45,median_attention,45,20,21,0.06696617399560222,0.0713189969329516,0.9060018969437221,0.4245553567641213,0.9389668514064835,0.06534795543736727,0.13500329380189569,0.5242844917860582,0.8524932948892888,0.48404711912628656,0.13500329380189569,87.1730480120931,0.0007496348576489129,0.0006901887245476246,0.0012126859510317445,2.2817423343658447,0.4827902615070343,0.0012126859510317445,18.234071731567383,17.698307037353516,4.934889316558838,13.569799423217773,11.258508682250977,6.079520225524902,967.0,-0.23734704531034162,0.2469717066599854,-0.2156619783019375,-0.20634059631258792,0.4957773630888484,-0.2656066961559393,45.0,0.33689257194923117,,,,
gov_report:128,gov_report,disagreement_calibration,64,32,physical_delete_median_attention_45,median_attention,45,21,22,0.015418981939740138,0.02668564030081053,0.632375768240163,0.7765818209394446,0.5778007110165467,0.014809784592163693,0.14399599448102182,0.1423491135543027,0.9906043718124987,0.10284858718146894,0.14399599448102182,100.81533181749579,0.000146900122483092,0.00031454418785870075,0.0002911824267357588,2.6358063220977783,0.35962870717048645,0.0002911824267357588,17.502765655517578,16.66585350036621,4.551356315612793,9.982433319091797,11.427146911621094,7.424505710601807,967.0,-0.23734704531034162,0.2469717066599854,-0.2156619783019375,-0.20634059631258792,0.4957773630888484,-0.2656066961559393,45.0,0.33689257194923117,,,,
gov_report:128,gov_report,disagreement_calibration,64,32,physical_delete_median_attention_45,median_attention,45,22,23,0.01918352426772907,0.02363903280556599,0.7674495281474729,0.6426222374863371,0.8115190001856659,0.017919303213942018,0.15638539077618085,0.13872823750560798,0.9906247564525096,0.1145842532029617,0.15638539077618085,121.82687393397848,0.0001470882625097399,0.00021439183910842985,0.00024545975611545146,1.9418396949768066,0.49700435996055603,0.00024545975611545146,20.736465454101562,18.6369571685791,4.404827117919922,13.645745277404785,11.165304183959961,10.642879486083984,967.0,-0.23734704531034162,0.2469717066599854,-0.2156619783019375,-0.20634059631258792,0.4957773630888484,-0.2656066961559393,45.0,0.33689257194923117,7.602340138319799e-09,2.4790188204558286e-06,7.6023162415317e-09,2.4783493273767225e-06
gov_report:128,gov_report,disagreement_calibration,64,32,physical_delete_median_attention_45,median_attention,45,23,24,0.042248258766724556,0.04510304551572851,0.9222064502331925,0.3869696084385651,0.9367052331752537,0.04176913677021177,0.16907938400773534,0.30651546554342785,0.9537220586678401,0.24703861452618517,0.16907938400773534,141.63609024951035,0.00029490461574186366,0.00038656723336316645,0.0003962808405049145,1.8178640604019165,0.5605397820472717,0.0003962808405049145,17.035337448120117,17.133636474609375,4.388075351715088,17.83064079284668,13.946782112121582,13.99176025390625,967.0,-0.23734704531034162,0.2469717066599854,-0.2156619783019375,-0.20634059631258792,0.4957773630888484,-0.2656066961559393,45.0,0.33689257194923117,,,,
gov_report:128,gov_report,disagreement_calibration,64,32,physical_delete_median_attention_45,median_attention,45,24,25,0.1499014403610444,0.15131347879052884,0.9945445413411882,0.10438477805708594,0.9906681252670214,0.15884076200089453,0.2393820431164116,0.6439357857372613,0.7653307950286801,0.6635450175502521,0.2393820431164116,176.1589471714499,0.0009016900052558776,0.0005180803127586842,0.0009973421692848206,1.766546607017517,0.5543050765991211,0.0009973421692848206,18.336410522460938,17.46398162841797,5.492694854736328,22.233062744140625,16.807659149169922,80.22023010253906,967.0,-0.23734704531034162,0.2469717066599854,-0.2156619783019375,-0.20634059631258792,0.4957773630888484,-0.2656066961559393,45.0,0.33689257194923117,,,,
gov_report:128,gov_report,disagreement_calibration,64,32,physical_delete_median_attention_45,median_attention,45,25,26,0.06604015764315506,0.06727466481940779,0.9533052564094312,0.3033356197374859,0.9816497461627398,0.0702393241708519,0.27727426565715246,0.39000807179136243,0.9309012453673545,0.25332074725500237,0.27727426565715246,204.937785532972,0.00034273486457455277,0.0004149040032643825,0.000522605434525758,1.964152216911316,0.5397079586982727,0.000522605434525758,17.36652374267578,16.326168060302734,7.056440830230713,30.879297256469727,21.748506546020508,67.56988525390625,967.0,-0.23734704531034162,0.2469717066599854,-0.2156619783019375,-0.20634059631258792,0.4957773630888484,-0.2656066961559393,45.0,0.33689257194923117,,,,
gov_report:128,gov_report,disagreement_calibration,64,32,physical_delete_median_attention_45,median_attention,45,26,27,0.45120857511009715,0.45088368402924345,0.999026827677541,0.04413916998836609,1.0007205651753694,0.48508231841326377,0.6139693723124935,0.872536183822421,0.4954597152408173,0.7900757599458401,0.6139693723124935,236.62617873834967,0.0020499943032492845,0.0011903425911441445,0.002411977853626013,2.569713830947876,0.47176170349121094,0.002411977853626013,16.67084503173828,15.61402702331543,4.3671417236328125,41.60913848876953,27.619258880615234,172.17959594726562,967.0,-0.23734704531034162,0.2469717066599854,-0.2156619783019375,-0.20634059631258792,0.4957773630888484,-0.2656066961559393,45.0,0.33689257194923117,4.2477767546174154e-07,3.1118860488271683e-06,4.2479788577822835e-07,3.1100498822457088e-06
gov_report:128,gov_report,disagreement_calibration,64,32,physical_delete_median_attention_45,median_attention,45,27,28,0.2308471726198743,0.2499484518623622,0.9455713121575758,0.3261572471884104,0.9235791256150436,0.22694771677582146,0.7573101295706549,0.3671701908517667,0.9325993290155933,0.2996760612517964,0.7573101295706549,215.41826500954036,0.001053521235842144,0.0009287384455092251,0.0008340810891240835,3.378284215927124,0.17179988324642181,0.0008340810891240835,14.032196044921875,14.959524154663086,3.1543190479278564,39.34883499145508,26.85696029663086,152.3878631591797,967.0,-0.23734704531034162,0.2469717066599854,-0.2156619783019375,-0.20634059631258792,0.4957773630888484,-0.2656066961559393,45.0,0.33689257194923117,,,,
gov_report:128,gov_report,disagreement_calibration,64,32,physical_delete_high_v_ridge_11,high_v_ridge,11,0,1,0.015191341219110695,0.015191078070538065,0.9999993569518951,0.0011342039329246172,1.0000173225739086,0.0200185492382255,0.02001795171620932,0.9999988872755459,0.0014921147133281948,1.0000298493084931,0.02001795171620932,21.965031044929678,0.0009113826972189281,0.0005017056246288121,0.0013718242989853024,1.0449306964874268,0.7037158608436584,0.0013718242989853024,778.4161987304688,778.7916870117188,1835.3990478515625,4.786486625671387,4.159728050231934,0.7968976497650146,1001.0,0.40945291908233966,0.6854223309795597,0.7594014800953949,0.6998313310507688,1.170468179766008,-0.32492822091236806,11.0,0.4176210311027386,1.0509116124389093e-08,1.0553793310567959e-08,1.0509460884541471e-08,1.0554135423543694e-08
gov_report:128,gov_report,disagreement_calibration,64,32,physical_delete_high_v_ridge_11,high_v_ridge,11,1,2,0.031768127279328026,0.032199592490273876,0.9939980340281411,0.1096477768549979,0.9866002897062695,0.031125117236496715,0.037564087254318625,0.8092336503080827,0.5878056263012307,0.8285870764214658,0.037564087254318625,27.954493444971533,0.0011134208994974836,0.0015441152499988675,0.002206874080002308,2.8160524368286133,0.252130389213562,0.002206874080002308,90.75878143310547,90.98197937011719,3925.508056640625,4.15410041809082,4.082812309265137,0.5946309566497803,1001.0,0.40945291908233966,0.6854223309795597,0.7594014800953949,0.6998313310507688,1.170468179766008,-0.32492822091236806,11.0,0.4176210311027386,,,,
gov_report:128,gov_report,disagreement_calibration,64,32,physical_delete_high_v_ridge_11,high_v_ridge,11,2,3,0.033891693247627794,0.03415771788631851,0.9709362730979667,0.240281927621689,0.9922118731826265,0.042175711006316674,0.06728093163649498,0.8278256008982817,0.5958959889762998,0.62685979489974,0.06728093163649498,31.904446310152963,0.00132193834665907,0.000469483231427148,0.0008391331066377461,1.7734079360961914,0.5100526213645935,0.0008391331066377461,24.70437240600586,26.255582809448242,54.02253723144531,6.582964897155762,6.005796909332275,1.3502941131591797,1001.0,0.40945291908233966,0.6854223309795597,0.7594014800953949,0.6998313310507688,1.170468179766008,-0.32492822091236806,11.0,0.4176210311027386,,,,
gov_report:128,gov_report,disagreement_calibration,64,32,physical_delete_high_v_ridge_11,high_v_ridge,11,3,4,0.03633970242703972,0.04245563795048226,0.817191853156054,0.5776671207020245,0.8559452685512391,0.03899284452599801,0.09109269315039684,0.6504430475714505,0.7914414038654578,0.42805677576816864,0.09109269315039684,34.48534467691578,0.0011307076931175205,0.0005654634442180395,0.000728861428797245,1.4411247968673706,0.6295778751373291,0.000728861428797245,16.863765716552734,20.67840003967285,7.7529120445251465,7.578512191772461,6.3158040046691895,1.4502142667770386,1001.0,0.40945291908233966,0.6854223309795597,0.7594014800953949,0.6998313310507688,1.170468179766008,-0.32492822091236806,11.0,0.4176210311027386,,,,
gov_report:128,gov_report,disagreement_calibration,64,32,physical_delete_high_v_ridge_11,high_v_ridge,11,4,5,0.24738388895051458,0.2438264087222146,0.9977198798012359,0.06956759107978633,1.0145902170603387,0.35282658729712774,0.4016466735818734,0.9640878656783689,0.27904910457823145,0.8784501665372464,0.4016466735818734,39.930672963164575,0.008835978988448423,0.002862117253243923,0.004478830844163895,1.1774052381515503,0.742058277130127,0.004478830844163895,15.49339771270752,17.608564376831055,4.755467891693115,9.124982833862305,6.994998931884766,2.138948678970337,1001.0,0.40945291908233966,0.6854223309795597,0.7594014800953949,0.6998313310507688,1.170468179766008,-0.32492822091236806,11.0,0.4176210311027386,8.064927302225413e-07,1.7658068863319004e-06,8.067293267381046e-07,1.7670663284259782e-06
gov_report:128,gov_report,disagreement_calibration,64,32,physical_delete_high_v_ridge_11,high_v_ridge,11,5,6,0.05595934340978546,0.12821389566262326,0.3213045655608137,0.9539510182914976,0.4364530312458063,0.0909820361380575,0.4025725640263952,0.4121995171082427,0.9299253891151102,0.22600158149896213,0.4025725640263952,40.50440470118126,0.002246225732960942,0.0006637494661845267,0.0010888813994824886,1.4118510484695435,0.6707949042320251,0.0010888813994824886,15.784850120544434,16.876237869262695,4.381618022918701,9.389665603637695,8.032445907592773,1.88052499294281,1001.0,0.40945291908233966,0.6854223309795597,0.7594014800953949,0.6998313310507688,1.170468179766008,-0.32492822091236806,11.0,0.4176210311027386,,,,
gov_report:128,gov_report,disagreement_calibration,64,32,physical_delete_high_v_ridge_11,high_v_ridge,11,6,7,0.01952381205829044,0.07197596602110158,0.23219153245207577,0.9734541672340284,0.2712546025789572,0.02126657031781563,0.40779218277138296,0.18297795671272096,0.9917836902080672,0.052150510030100614,0.40779218277138296,44.50681363118028,0.0004778272939071253,0.00032850532443262637,0.0005485689616762102,1.3149465322494507,0.6595332026481628,0.0005485689616762102,17.693252563476562,19.26874542236328,5.712917327880859,8.001378059387207,6.700473785400391,1.2047978639602661,1001.0,0.40945291908233966,0.6854223309795597,0.7594014800953949,0.6998313310507688,1.170468179766008,-0.32492822091236806,11.0,0.4176210311027386,,,,
gov_report:128,gov_report,disagreement_calibration,64,32,physical_delete_high_v_ridge_11,high_v_ridge,11,7,8,0.04511717158392139,0.10154285081369932,0.4558580557605813,0.890127316062304,0.4443165739624335,0.04855427088239749,0.3985028918018196,0.10375476476401041,0.9947673527584083,0.12184170273610996,0.3985028918018196,50.91791593268521,0.0009535793049068914,0.0009837850229814649,0.0015765936113893986,2.454462766647339,0.3305726647377014,0.0015765936113893986,33.74650192260742,33.69430160522461,193.45433044433594,6.5965576171875,6.470142841339111,1.693371295928955,1001.0,0.40945291908233966,0.6854223309795597,0.7594014800953949,0.6998313310507688,1.170468179766008,-0.32492822091236806,11.0,0.4176210311027386,8.090280961254952e-08,3.3944477521317463e-06,8.090118496858641e-08,3.401455425565359e-06
gov_report:128,gov_report,disagreement_calibration,64,32,physical_delete_high_v_ridge_11,high_v_ridge,11,8,9,0.0708339343397293,0.09417063954868735,0.782160698891472,0.6237972920055636,0.7521870370552949,0.07159882070491183,0.3406061353537141,0.2287043832618571,0.9736715805377663,0.21021001465683403,0.3406061353537141,50.56403996587166,0.0014160027710055933,0.0010722585720941424,0.0016955981263890862,1.9818572998046875,0.49979427456855774,0.0016955981263890862,16.99176788330078,19.207393646240234,5.8656511306762695,8.59941291809082,7.806460857391357,1.9599103927612305,1001.0,0.40945291908233966,0.6854223309795597,0.7594014800953949,0.6998313310507688,1.170468179766008,-0.32492822091236806,11.0,0.4176210311027386,,,,
gov_report:128,gov_report,disagreement_calibration,64,32,physical_delete_high_v_ridge_11,high_v_ridge,11,9,10,0.1191954848790417,0.12711086687788833,0.9111933622808045,0.4128326186839796,0.9377285184715898,0.11289411340935701,0.3427784091654607,0.3788196302747069,0.9267917345535168,0.32935012938595704,0.3427784091654607,49.88482531422785,0.0022630952939742587,0.0017064070561900735,0.003530099056661129,2.2178866863250732,0.4688349664211273,0.003530099056661129,18.856033325195312,18.7982177734375,4.883980751037598,7.782670021057129,7.354213237762451,1.1959782838821411,1001.0,0.40945291908233966,0.6854223309795597,0.7594014800953949,0.6998313310507688,1.170468179766008,-0.32492822091236806,11.0,0.4176210311027386,,,,
gov_report:128,gov_report,disagreement_calibration,64,32,physical_delete_high_v_ridge_11,high_v_ridge,11,10,11,0.08159708637835038,0.1103798002864857,0.6326334985043404,0.7817542156189811,0.7392393007286558,0.0825996707606978,0.34871512240138863,0.31353697937043107,0.9526660482459586,0.23686862270808384,0.34871512240138863,48.294772262480066,0.001710323227362416,0.0011364702368155122,0.0019987886771559715,2.565937042236328,0.3853241205215454,0.0019987886771559715,17.17888069152832,18.262813568115234,5.199052810668945,8.759201049804688,8.162530899047852,2.2973971366882324,1001.0,0.40945291908233966,0.6854223309795597,0.7594014800953949,0.6998313310507688,1.170468179766008,-0.32492822091236806,11.0,0.4176210311027386,9.279066506995444e-08,4.702718920235338e-06,9.280292422613046e-08,4.711794025074523e-06
gov_report:128,gov_report,disagreement_calibration,64,32,physical_delete_high_v_ridge_11,high_v_ridge,11,11,12,0.09257548487780931,0.13217048670518503,0.6485335687203585,0.7629527565209234,0.7004247860893864,0.08663930510653806,0.34171471924082164,0.30284151266455317,0.9543151375422373,0.25354279528555945,0.34171471924082164,53.573444758524424,0.0016172061643049806,0.0019980419892817736,0.0028513441793620586,2.643414258956909,0.3429920971393585,0.0028513441793620586,18.020614624023438,18.990083694458008,6.348488807678223,8.583988189697266,7.674081802368164,1.2058316469192505,1001.0,0.40945291908233966,0.6854223309795597,0.7594014800953949,0.6998313310507688,1.170468179766008,-0.32492822091236806,11.0,0.4176210311027386,,,,
gov_report:128,gov_report,disagreement_calibration,64,32,physical_delete_high_v_ridge_11,high_v_ridge,11,12,13,0.09647987760389906,0.11866159259583643,0.7719412617480189,0.6370228026896008,0.8130674424075134,0.08245701815580479,0.3567665856238743,0.3328232379749586,0.9484574843117621,0.23112315300384143,0.3567665856238743,57.555691178595865,0.0014326475187299874,0.0022742729634046555,0.003800613572821021,2.262470245361328,0.3983441889286041,0.003800613572821021,16.148300170898438,17.26920509338379,3.8595352172851562,8.912858963012695,8.473686218261719,1.088564157485962,1001.0,0.40945291908233966,0.6854223309795597,0.7594014800953949,0.6998313310507688,1.170468179766008,-0.32492822091236806,11.0,0.4176210311027386,,,,
gov_report:128,gov_report,disagreement_calibration,64,32,physical_delete_high_v_ridge_11,high_v_ridge,11,13,14,0.05022357639912451,0.06457005612978114,0.7808036661412522,0.624783614847446,0.7778152817178717,0.0437901771638702,0.3551884255573379,0.1785996399438666,0.9854753358250969,0.12328717382937687,0.3551884255573379,61.09932588698295,0.0007167047512908744,0.0007511863368563354,0.0017069898312911391,2.5161640644073486,0.3269582986831665,0.0017069898312911391,18.52437400817871,18.964174270629883,3.578993082046509,8.5835542678833,7.934084892272949,1.9900097846984863,1001.0,0.40945291908233966,0.6854223309795597,0.7594014800953949,0.6998313310507688,1.170468179766008,-0.32492822091236806,11.0,0.4176210311027386,,,,
gov_report:128,gov_report,disagreement_calibration,64,32,physical_delete_high_v_ridge_11,high_v_ridge,11,14,15,0.010177083023168897,0.06141592091687539,0.0830688732105395,0.9999643576318424,0.16570757014200396,0.008727563585924381,0.34954502333105164,0.07743835205950572,0.9983768839548521,0.02496835315449068,0.34954502333105164,60.09752968335085,0.00014522333333681476,0.0001766858622431755,0.0002642917970661074,1.6286743879318237,0.5808057188987732,0.0002642917970661074,16.852642059326172,18.897523880004883,9.722497940063477,9.852259635925293,9.245899200439453,1.5664280652999878,1001.0,0.40945291908233966,0.6854223309795597,0.7594014800953949,0.6998313310507688,1.170468179766008,-0.32492822091236806,11.0,0.4176210311027386,9.300244948226804e-09,5.266446260744693e-06,9.299791947618115e-09,5.272188835495272e-06
gov_report:128,gov_report,disagreement_calibration,64,32,physical_delete_high_v_ridge_11,high_v_ridge,11,15,16,0.025579845551814948,0.07524218801740883,0.3131142551842345,0.9500950068943067,0.3399667955681529,0.022783983241276513,0.32546033081638287,0.11364406274657494,0.994479441311873,0.07000540798359449,0.32546033081638287,64.2660185568759,0.0003545261360965207,0.00048094839439727366,0.0007022208301350474,2.4773731231689453,0.39688268303871155,0.0007022208301350474,55.68106460571289,55.3814582824707,1431.7564697265625,9.28181266784668,7.754779815673828,2.012951374053955,1001.0,0.40945291908233966,0.6854223309795597,0.7594014800953949,0.6998313310507688,1.170468179766008,-0.32492822091236806,11.0,0.4176210311027386,,,,
gov_report:128,gov_report,disagreement_calibration,64,32,physical_delete_high_v_ridge_11,high_v_ridge,11,16,17,0.09031229788799919,0.10156431114559004,0.8766363552984971,0.4813178477885322,0.8892129220326088,0.08278530006416039,0.34061990091625466,0.3535389850490516,0.9419233182259558,0.24304305133514237,0.34061990091625466,64.01716729679757,0.0012931734339376446,0.0016072288854047656,0.002449312247335911,2.6235263347625732,0.32506343722343445,0.002449312247335911,15.665960311889648,17.70060157775879,5.608544826507568,9.212827682495117,8.572480201721191,3.290295124053955,1001.0,0.40945291908233966,0.6854223309795597,0.7594014800953949,0.6998313310507688,1.170468179766008,-0.32492822091236806,11.0,0.4176210311027386,,,,
gov_report:128,gov_report,disagreement_calibration,64,32,physical_delete_high_v_ridge_11,high_v_ridge,11,17,18,0.24238016922851358,0.24424348812272156,0.9897354185843165,0.1429361668923503,0.9923710600903646,0.22465985776315908,0.3963200069154111,0.5366277085460405,0.8443606951751825,0.5668647906819136,0.3963200069154111,66.07695121302957,0.003399973116781134,0.0047784894704818726,0.007260979153215885,2.6143035888671875,0.35293856263160706,0.007260979153215885,15.140969276428223,15.894440650939941,6.254524230957031,9.34524154663086,9.225137710571289,3.402017116546631,1001.0,0.40945291908233966,0.6854223309795597,0.7594014800953949,0.6998313310507688,1.170468179766008,-0.32492822091236806,11.0,0.4176210311027386,,,,
gov_report:128,gov_report,disagreement_calibration,64,32,physical_delete_high_v_ridge_11,high_v_ridge,11,18,19,0.020843712778407072,0.08958550134218264,0.22111364638769893,0.975316495847323,0.232668372293771,0.019747524495921244,0.3892321231192195,0.09713221723714402,0.9963523844604727,0.05073457025506781,0.3892321231192195,73.77617749647759,0.00026766803548291835,0.00041885406244546175,0.0004858874308411032,2.481377363204956,0.3493541479110718,0.0004858874308411032,22.558656692504883,21.688318252563477,6.932224273681641,9.668230056762695,9.205900192260742,2.720614194869995,1001.0,0.40945291908233966,0.6854223309795597,0.7594014800953949,0.6998313310507688,1.170468179766008,-0.32492822091236806,11.0,0.4176210311027386,5.6442353878882875e-08,1.1836188003334133e-05,5.6445502766078106e-08,1.186882480201197e-05
gov_report:128,gov_report,disagreement_calibration,64,32,physical_delete_high_v_ridge_11,high_v_ridge,11,19,20,0.0038571123656806158,0.07286698299347358,-0.005894961386000638,1.0017115603255455,0.05293360871035491,0.003303316382380293,0.4064794851480032,0.05106669025904152,0.999617947132789,0.008126649691010908,0.4064794851480032,78.28630970582994,4.2195326293867913e-05,6.787745951442048e-05,0.00010403676424175501,1.7158198356628418,0.5407428741455078,0.00010403676424175501,17.677635192871094,17.986217498779297,3.5662472248077393,9.943099975585938,9.965325355529785,3.164489984512329,1001.0,0.40945291908233966,0.6854223309795597,0.7594014800953949,0.6998313310507688,1.170468179766008,-0.32492822091236806,11.0,0.4176210311027386,,,,
gov_report:128,gov_report,disagreement_calibration,64,32,physical_delete_high_v_ridge_11,high_v_ridge,11,20,21,0.023381366284170573,0.10127368105466679,0.18087158625254562,0.9847769383390451,0.2308730762096964,0.022854368058005035,0.4309637205909932,0.06118477761821591,0.9981597616056018,0.05303083987363059,0.4309637205909932,87.1730480120931,0.0002621724096974854,0.00037824641913175583,0.0004062961379531771,2.2817423343658447,0.4827902615070343,0.0004062961379531771,14.757875442504883,17.698307037353516,4.934889316558838,11.805850982666016,11.258508682250977,6.079520225524902,1001.0,0.40945291908233966,0.6854223309795597,0.7594014800953949,0.6998313310507688,1.170468179766008,-0.32492822091236806,11.0,0.4176210311027386,,,,
gov_report:128,gov_report,disagreement_calibration,64,32,physical_delete_high_v_ridge_11,high_v_ridge,11,21,22,0.08525190690471016,0.09635621601443109,0.9031458719209219,0.42972742269219044,0.8847577295059215,0.07897043736094511,0.4626882618968544,0.23440814314364472,0.9742250396587663,0.17067741687933663,0.4626882618968544,100.81533181749579,0.0007833177348848476,0.0013439954491332173,0.0009996533626690507,2.6358063220977783,0.35962870717048645,0.0009996533626690507,14.91557502746582,16.66585350036621,4.551356315612793,13.846939086914062,11.427146911621094,7.424505710601807,1001.0,0.40945291908233966,0.6854223309795597,0.7594014800953949,0.6998313310507688,1.170468179766008,-0.32492822091236806,11.0,0.4176210311027386,,,,
gov_report:128,gov_report,disagreement_calibration,64,32,physical_delete_high_v_ridge_11,high_v_ridge,11,22,23,0.20053449619016475,0.20411903063394132,0.9656848460003926,0.2602565654452144,0.9824389992807435,0.1883683306433428,0.5382660351168419,0.3812839703568489,0.9249887045168858,0.3499539602242477,0.5382660351168419,121.82687393397848,0.0015461968657705613,0.0019345638575032353,0.00273903738707304,1.9418396949768066,0.49700435996055603,0.00273903738707304,16.273738861083984,18.6369571685791,4.404827117919922,12.616143226623535,11.165304183959961,10.642879486083984,1001.0,0.40945291908233966,0.6854223309795597,0.7594014800953949,0.6998313310507688,1.170468179766008,-0.32492822091236806,11.0,0.4176210311027386,2.0758630554516323e-07,1.4490566886214652e-05,2.075484220249524e-07,1.452206498948984e-05
gov_report:128,gov_report,disagreement_calibration,64,32,physical_delete_high_v_ridge_11,high_v_ridge,11,23,24,0.20520876322804832,0.215101029575843,0.9581268165579765,0.28637378156557386,0.9540110692761387,0.19289890325013911,0.6279785147662862,0.4212720829054801,0.9140832132592113,0.3071743677758307,0.6279785147662862,141.63609024951035,0.0013619332679285531,0.0013866290682926774,0.0024026092141866684,1.8178640604019165,0.5605397820472717,0.0024026092141866684,14.818952560424805,17.133636474609375,4.388075351715088,15.77861213684082,13.946782112121582,13.99176025390625,1001.0,0.40945291908233966,0.6854223309795597,0.7594014800953949,0.6998313310507688,1.170468179766008,-0.32492822091236806,11.0,0.4176210311027386,,,,
gov_report:128,gov_report,disagreement_calibration,64,32,physical_delete_high_v_ridge_11,high_v_ridge,11,24,25,0.033999941984795036,0.04610986712090388,0.7158663589875787,0.6985683059097331,0.7373680322184486,0.0363778882518491,0.6848351744863118,-0.17534795077678567,1.0106682589119074,0.053119187809148094,0.6848351744863118,176.1589471714499,0.00020650604942843838,0.00013363246398512274,0.0002602921158540994,1.766546607017517,0.5543050765991211,0.0002602921158540994,16.55957794189453,17.46398162841797,5.492694854736328,20.66204261779785,16.807659149169922,80.22023010253906,1001.0,0.40945291908233966,0.6854223309795597,0.7594014800953949,0.6998313310507688,1.170468179766008,-0.32492822091236806,11.0,0.4176210311027386,,,,
gov_report:128,gov_report,disagreement_calibration,64,32,physical_delete_high_v_ridge_11,high_v_ridge,11,25,26,0.1170931379946984,0.138853901264437,0.8601685305295715,0.5102893486625458,0.8432830257444706,0.12444434533246482,0.7547645984048105,0.22073660435825368,0.976931673929831,0.16487835491420377,0.7547645984048105,204.937785532972,0.0006072298722699101,0.001208681147545576,0.0019520209170877934,1.964152216911316,0.5397079586982727,0.0019520209170877934,15.524763107299805,16.326168060302734,7.056440830230713,29.770225524902344,21.748506546020508,67.56988525390625,1001.0,0.40945291908233966,0.6854223309795597,0.7594014800953949,0.6998313310507688,1.170468179766008,-0.32492822091236806,11.0,0.4176210311027386,,,,
gov_report:128,gov_report,disagreement_calibration,64,32,physical_delete_high_v_ridge_11,high_v_ridge,11,26,27,0.07045675527289426,0.10308361036430631,0.62085043769086,0.7864277570236272,0.6834913428419324,0.07828020348218703,0.8508567034869159,0.18159290682962984,0.9874465115142015,0.09200162984129417,0.8508567034869159,236.62617873834967,0.00033081801810587355,0.00029392566648311913,0.00034847657661885023,2.569713830947876,0.47176170349121094,0.00034847657661885023,13.287090301513672,15.61402702331543,4.3671417236328125,38.00852966308594,27.619258880615234,172.17959594726562,1001.0,0.40945291908233966,0.6854223309795597,0.7594014800953949,0.6998313310507688,1.170468179766008,-0.32492822091236806,11.0,0.4176210311027386,9.734899438215624e-09,1.713954118444074e-05,9.73379613681254e-09,1.7157003336851335e-05
gov_report:128,gov_report,disagreement_calibration,64,32,physical_delete_high_v_ridge_11,high_v_ridge,11,27,28,0.03751700740010665,0.3334284439281884,0.2849019229519224,0.9739336707637067,0.11251891697694158,0.03866820223316371,0.9157130214645136,0.05160516085104585,0.9987115946646523,0.042227424233108615,0.9157130214645136,215.41826500954036,0.00017950289513032327,0.0002868103329092264,0.0001761942548910156,3.378284215927124,0.17179988324642181,0.0001761942548910156,12.971115112304688,14.959524154663086,3.1543190479278564,36.553707122802734,26.85696029663086,152.3878631591797,1001.0,0.40945291908233966,0.6854223309795597,0.7594014800953949,0.6998313310507688,1.170468179766008,-0.32492822091236806,11.0,0.4176210311027386,,,,
gov_report:128,gov_report,disagreement_calibration,64,32,physical_delete_low_v_ridge_53,low_v_ridge,53,0,1,0.0005658033272096209,0.0005667174019160828,0.9995296168315607,0.030689582705246382,0.9983870713985994,0.0008522658005674597,0.0008557833202759875,0.9993991394716941,0.034837854921832195,0.9958897075635998,0.0008557833202759875,21.965031044929678,3.880102872716829e-05,4.9732658226275817e-05,0.00011433925828896463,1.0449306964874268,0.7037158608436584,0.00011433925828896463,779.9898681640625,778.7916870117188,1835.3990478515625,3.67757511138916,4.159728050231934,0.7968976497650146,959.0,0.3562642341250659,-1.1716692734041132,0.05561773913878598,0.03859539127555335,-2.059736949330685,-0.6738079760660847,53.0,0.1955376769927859,9.455949265158425e-12,9.087249156893647e-12,9.455778495850316e-12,9.085840213394016e-12
gov_report:128,gov_report,disagreement_calibration,64,32,physical_delete_low_v_ridge_53,low_v_ridge,53,1,2,0.01041055260048694,0.010407652576495181,0.9999053961783888,0.013760014783802052,1.0002786434280395,0.011907608744495184,0.01200189984266082,0.997033270810986,0.0771269425368464,0.9921436523049062,0.01200189984266082,27.954493444971533,0.0004259640321487253,0.00040732696652412415,0.0008783337543718517,2.8160524368286133,0.252130389213562,0.0008783337543718517,91.357177734375,90.98197937011719,3925.508056640625,3.67093563079834,4.082812309265137,0.5946309566497803,959.0,0.3562642341250659,-1.1716692734041132,0.05561773913878598,0.03859539127555335,-2.059736949330685,-0.6738079760660847,53.0,0.1955376769927859,,,,
gov_report:128,gov_report,disagreement_calibration,64,32,physical_delete_low_v_ridge_53,low_v_ridge,53,2,3,0.003993303000285308,0.0048207250063541625,0.8511940093957765,0.5253475819172059,0.8283615006086771,0.004009755463891614,0.013564634545520376,0.3379033309826837,0.942130883709131,0.29560364862286737,0.013564634545520376,31.904446310152963,0.00012568014579885024,0.00018119609740097076,0.00014094164362177253,1.7734079360961914,0.5100526213645935,0.00014094164362177253,26.83453369140625,26.255582809448242,54.02253723144531,5.359828948974609,6.005796909332275,1.3502941131591797,959.0,0.3562642341250659,-1.1716692734041132,0.05561773913878598,0.03859539127555335,-2.059736949330685,-0.6738079760660847,53.0,0.1955376769927859,,,,
gov_report:128,gov_report,disagreement_calibration,64,32,physical_delete_low_v_ridge_53,low_v_ridge,53,3,4,0.001501963576290668,0.0036140973560133236,0.387601961537061,0.9222514587855511,0.41558470299413014,0.001552434891959218,0.01352024454971669,0.14674263238063526,0.9896895793490038,0.11482298905545674,0.01352024454971669,34.48534467691578,4.5017235770834726e-05,4.97651744808536e-05,9.3844260845799e-05,1.4411247968673706,0.6295778751373291,9.3844260845799e-05,19.390338897705078,20.67840003967285,7.7529120445251465,5.464807987213135,6.3158040046691895,1.4502142667770386,959.0,0.3562642341250659,-1.1716692734041132,0.05561773913878598,0.03859539127555335,-2.059736949330685,-0.6738079760660847,53.0,0.1955376769927859,,,,
gov_report:128,gov_report,disagreement_calibration,64,32,physical_delete_low_v_ridge_53,low_v_ridge,53,4,5,0.004206440533603178,0.0041964281050370315,0.9242832601716928,0.38961581547781876,1.0023859406894469,0.005372560457968013,0.017001550706061803,0.43217256386068803,0.9092425292992485,0.31600414284871425,0.017001550706061803,39.930672963164575,0.00013454720542586688,0.00016106227121781558,0.00018006100435741246,1.1774052381515503,0.742058277130127,0.00018006100435741246,16.28050422668457,17.608564376831055,4.755467891693115,5.304129600524902,6.994998931884766,2.138948678970337,959.0,0.3562642341250659,-1.1716692734041132,0.05561773913878598,0.03859539127555335,-2.059736949330685,-0.6738079760660847,53.0,0.1955376769927859,7.822649894510468e-10,5.909993582177132e-09,7.822557121027763e-10,5.9102948713842006e-09
gov_report:128,gov_report,disagreement_calibration,64,32,physical_delete_low_v_ridge_53,low_v_ridge,53,5,6,0.009054246086267493,0.00936007658268619,0.892545150993471,0.4571163299816808,0.967326068999862,0.009365075188750219,0.019858458464932057,0.5926798810071773,0.8144894204114465,0.4715912468879674,0.019858458464932057,40.50440470118126,0.00023121127832492498,0.00024763456895016134,0.0004330947413109243,1.4118510484695435,0.6707949042320251,0.0004330947413109243,16.538009643554688,16.876237869262695,4.381618022918701,6.3379316329956055,8.032445907592773,1.88052499294281,959.0,0.3562642341250659,-1.1716692734041132,0.05561773913878598,0.03859539127555335,-2.059736949330685,-0.6738079760660847,53.0,0.1955376769927859,,,,
gov_report:128,gov_report,disagreement_calibration,64,32,physical_delete_low_v_ridge_53,low_v_ridge,53,6,7,0.003682857209458218,0.005653800658417684,0.7541579736105771,0.664684879785576,0.6513949521681458,0.004079356881732577,0.02193806273670997,0.1970808520062478,0.9804504372513091,0.1859488201255985,0.02193806273670997,44.50681363118028,9.165690708702384e-05,0.00010094698518514633,0.00015265076945070177,1.3149465322494507,0.6595332026481628,0.00015265076945070177,17.737411499023438,19.26874542236328,5.712917327880859,6.187315940856934,6.700473785400391,1.2047978639602661,959.0,0.3562642341250659,-1.1716692734041132,0.05561773913878598,0.03859539127555335,-2.059736949330685,-0.6738079760660847,53.0,0.1955376769927859,,,,
gov_report:128,gov_report,disagreement_calibration,64,32,physical_delete_low_v_ridge_53,low_v_ridge,53,7,8,0.018761473822357027,0.01873017068231575,0.9478296457052838,0.32329225639211756,1.001671268274711,0.019276555272683096,0.027633182597996783,0.6843388104713556,0.7292845213440585,0.6975872288442271,0.027633182597996783,50.91791593268521,0.00037858099491281603,0.0006038729916326702,0.000922712089959532,2.454462766647339,0.3305726647377014,0.000922712089959532,33.241233825683594,33.69430160522461,193.45433044433594,5.897863388061523,6.470142841339111,1.693371295928955,959.0,0.3562642341250659,-1.1716692734041132,0.05561773913878598,0.03859539127555335,-2.059736949330685,-0.6738079760660847,53.0,0.1955376769927859,1.1129730443642659e-08,8.471278785865521e-09,1.1128456822179578e-08,8.471306741134779e-09
gov_report:128,gov_report,disagreement_calibration,64,32,physical_delete_low_v_ridge_53,low_v_ridge,53,8,9,0.015105926750589449,0.01589521336436124,0.9351063176432638,0.3546947608363392,0.9503443838293195,0.012801838162773771,0.026503279660277962,0.427546664554889,0.9056942521796106,0.4830284525865924,0.026503279660277962,50.56403996587166,0.00025318068278196143,0.0004040318599436432,0.000609114533290267,1.9818572998046875,0.49979427456855774,0.000609114533290267,19.069002151489258,19.207393646240234,5.8656511306762695,6.422818660736084,7.806460857391357,1.9599103927612305,959.0,0.3562642341250659,-1.1716692734041132,0.05561773913878598,0.03859539127555335,-2.059736949330685,-0.6738079760660847,53.0,0.1955376769927859,,,,
gov_report:128,gov_report,disagreement_calibration,64,32,physical_delete_low_v_ridge_53,low_v_ridge,53,9,10,0.013162136522962005,0.013296805846423862,0.9660967540743683,0.25927268788395846,0.9898720546109143,0.011673287591166011,0.02663490869764316,0.40153051416185925,0.9165822674480194,0.4382702311346366,0.02663490869764316,49.88482531422785,0.00023400478036427296,0.0002961855207104236,0.000517707725521177,2.2178866863250732,0.4688349664211273,0.000517707725521177,17.28771209716797,18.7982177734375,4.883980751037598,6.467540264129639,7.354213237762451,1.1959782838821411,959.0,0.3562642341250659,-1.1716692734041132,0.05561773913878598,0.03859539127555335,-2.059736949330685,-0.6738079760660847,53.0,0.1955376769927859,,,,
gov_report:128,gov_report,disagreement_calibration,64,32,physical_delete_low_v_ridge_53,low_v_ridge,53,10,11,0.038673320431471474,0.03902196464653724,0.9563606965295341,0.29424248014277354,0.9910654366528235,0.03388634998396768,0.041458773235848914,0.8120673949726909,0.5835875748019157,0.8173505229205998,0.041458773235848914,48.294772262480066,0.0007016566886328149,0.0012175951851531863,0.0012923169415444136,2.565937042236328,0.3853241205215454,0.0012923169415444136,17.94597625732422,18.262813568115234,5.199052810668945,7.142521858215332,8.162530899047852,2.2973971366882324,959.0,0.3562642341250659,-1.1716692734041132,0.05561773913878598,0.03859539127555335,-2.059736949330685,-0.6738079760660847,53.0,0.1955376769927859,2.2975976616568543e-08,4.1643653037236e-08,2.2975415956309557e-08,4.1642971101142753e-08
gov_report:128,gov_report,disagreement_calibration,64,32,physical_delete_low_v_ridge_53,low_v_ridge,53,11,12,0.026454089879892555,0.029771153719374267,0.8644756368592417,0.5032523773509889,0.8885812800286925,0.024043325086998323,0.04587621740571377,0.581707840544366,0.8154358695445517,0.5240912709600113,0.04587621740571377,53.573444758524424,0.0004487918444552257,0.0009699297952465713,0.0015001192223280668,2.643414258956909,0.3429920971393585,0.0015001192223280668,19.77019500732422,18.990083694458008,6.348488807678223,7.314845085144043,7.674081802368164,1.2058316469192505,959.0,0.3562642341250659,-1.1716692734041132,0.05561773913878598,0.03859539127555335,-2.059736949330685,-0.6738079760660847,53.0,0.1955376769927859,,,,
gov_report:128,gov_report,disagreement_calibration,64,32,physical_delete_low_v_ridge_53,low_v_ridge,53,12,13,0.023419609760794425,0.0253149668467412,0.8160946440546655,0.5881139523694362,0.9251289919745337,0.021742500990221063,0.045962156583254594,0.2858475337615694,0.9763896703501802,0.47305223702541654,0.045962156583254594,57.555691178595865,0.0003777645710613373,0.0009978077141568065,0.0008143651066347957,2.262470245361328,0.3983441889286041,0.0008143651066347957,15.945755004882812,17.26920509338379,3.8595352172851562,7.173662185668945,8.473686218261719,1.088564157485962,959.0,0.3562642341250659,-1.1716692734041132,0.05561773913878598,0.03859539127555335,-2.059736949330685,-0.6738079760660847,53.0,0.1955376769927859,,,,
gov_report:128,gov_report,disagreement_calibration,64,32,physical_delete_low_v_ridge_53,low_v_ridge,53,13,14,0.03274078458712348,0.0325020665176448,0.9776213208076846,0.2124618380596955,1.0073447043543857,0.02926973746302939,0.05289956713685626,0.6002785063288059,0.8011691282912482,0.5533076931859531,0.05289956713685626,61.09932588698295,0.0004790517250087243,0.0010837333975359797,0.0013873931020498276,2.5161640644073486,0.3269582986831665,0.0013873931020498276,17.35771942138672,18.964174270629883,3.578993082046509,6.190330505371094,7.934084892272949,1.9900097846984863,959.0,0.3562642341250659,-1.1716692734041132,0.05561773913878598,0.03859539127555335,-2.059736949330685,-0.6738079760660847,53.0,0.1955376769927859,,,,
gov_report:128,gov_report,disagreement_calibration,64,32,physical_delete_low_v_ridge_53,low_v_ridge,53,14,15,0.018536760615285593,0.022802957055869665,0.7406441359355246,0.6757726502002691,0.812910385695529,0.016126903412874722,0.04994870285458084,0.371537142410629,0.929692803756613,0.3228693137402608,0.04994870285458084,60.09752968335085,0.0002683455293062145,0.0004373051633592695,0.0005893493071198463,1.6286743879318237,0.5808057188987732,0.0005893493071198463,17.678844451904297,18.897523880004883,9.722497940063477,8.940811157226562,9.245899200439453,1.5664280652999878,959.0,0.3562642341250659,-1.1716692734041132,0.05561773913878598,0.03859539127555335,-2.059736949330685,-0.6738079760660847,53.0,0.1955376769927859,1.1719978436899251e-08,6.720543396482694e-08,1.1719815271830358e-08,6.719519065132559e-08
gov_report:128,gov_report,disagreement_calibration,64,32,physical_delete_low_v_ridge_53,low_v_ridge,53,15,16,0.030996172271458552,0.03353129099249972,0.8957307330714702,0.44552005440784087,0.9243954334592062,0.028501571745836566,0.05401832057719671,0.5835514960554437,0.8139994488589863,0.5276278759000926,0.05401832057719671,64.2660185568759,0.0004434936594152392,0.0009437496191821992,0.0011564666638150811,2.4773731231689453,0.39688268303871155,0.0011564666638150811,56.58885192871094,55.3814582824707,1431.7564697265625,6.7171125411987305,7.754779815673828,2.012951374053955,959.0,0.3562642341250659,-1.1716692734041132,0.05561773913878598,0.03859539127555335,-2.059736949330685,-0.6738079760660847,53.0,0.1955376769927859,,,,
gov_report:128,gov_report,disagreement_calibration,64,32,physical_delete_low_v_ridge_53,low_v_ridge,53,16,17,0.04525630540834081,0.05237552958045632,0.8692644924971371,0.49437454306811707,0.8640734665760399,0.04299818509048323,0.07500610405488724,0.6745746261603941,0.7451263148388428,0.5732624781980202,0.07500610405488724,64.01716729679757,0.000671666474886873,0.0019097380572929978,0.002414756454527378,2.6235263347625732,0.32506343722343445,0.002414756454527378,16.079425811767578,17.70060157775879,5.608544826507568,7.262004852294922,8.572480201721191,3.290295124053955,959.0,0.3562642341250659,-1.1716692734041132,0.05561773913878598,0.03859539127555335,-2.059736949330685,-0.6738079760660847,53.0,0.1955376769927859,,,,
gov_report:128,gov_report,disagreement_calibration,64,32,physical_delete_low_v_ridge_53,low_v_ridge,53,17,18,0.0657985987331245,0.06751881323606704,0.9804798609461021,0.19670976875489657,0.974522441664842,0.05880586689741875,0.0992866364697572,0.6106966747411166,0.7920786609982048,0.5922838056391513,0.0992866364697572,66.07695121302957,0.0008899603540700731,0.001364335766993463,0.001365508185699582,2.6143035888671875,0.35293856263160706,0.001365508185699582,14.95471477508545,15.894440650939941,6.254524230957031,8.6495361328125,9.225137710571289,3.402017116546631,959.0,0.3562642341250659,-1.1716692734041132,0.05561773913878598,0.03859539127555335,-2.059736949330685,-0.6738079760660847,53.0,0.1955376769927859,,,,
gov_report:128,gov_report,disagreement_calibration,64,32,physical_delete_low_v_ridge_53,low_v_ridge,53,18,19,0.04677603317713991,0.05083703689846556,0.8639154928461827,0.5067629185382944,0.9201172222244876,0.042577892939316624,0.11192246647467936,0.46893988759981514,0.8876545507543382,0.38042311146662566,0.11192246647467936,73.77617749647759,0.0005771225127697825,0.0012056981213390827,0.0024069035425782204,2.481377363204956,0.3493541479110718,0.0024069035425782204,20.90390968322754,21.688318252563477,6.932224273681641,7.7914276123046875,9.205900192260742,2.720614194869995,959.0,0.3562642341250659,-1.1716692734041132,0.05561773913878598,0.03859539127555335,-2.059736949330685,-0.6738079760660847,53.0,0.1955376769927859,7.447184557865831e-08,1.2385560182096413e-06,7.446862370340226e-08,1.2384663456603196e-06
gov_report:128,gov_report,disagreement_calibration,64,32,physical_delete_low_v_ridge_53,low_v_ridge,53,19,20,0.05684201498595395,0.08663371154491173,0.6598082689315632,0.7514430515603182,0.6561188938152155,0.050903865762497946,0.13779517612298994,0.409497119334147,0.9131914004421403,0.36941689248296605,0.13779517612298994,78.28630970582994,0.0006502269164784397,0.0006089973612688482,0.0015158933820202947,1.7158198356628418,0.5407428741455078,0.0015158933820202947,18.131729125976562,17.986217498779297,3.5662472248077393,9.22778606414795,9.965325355529785,3.164489984512329,959.0,0.3562642341250659,-1.1716692734041132,0.05561773913878598,0.03859539127555335,-2.059736949330685,-0.6738079760660847,53.0,0.1955376769927859,,,,
gov_report:128,gov_report,disagreement_calibration,64,32,physical_delete_low_v_ridge_53,low_v_ridge,53,20,21,0.02927354254560984,0.04048071682606639,0.6759601584301093,0.738447385126808,0.7231478303951374,0.028283137476371144,0.1431536719221945,0.10784209472284653,0.9982091532812516,0.1975718617385052,0.1431536719221945,87.1730480120931,0.00032444818807353805,0.0010352834360674024,0.001126601593568921,2.2817423343658447,0.4827902615070343,0.001126601593568921,18.188831329345703,17.698307037353516,4.934889316558838,7.102519512176514,11.258508682250977,6.079520225524902,959.0,0.3562642341250659,-1.1716692734041132,0.05561773913878598,0.03859539127555335,-2.059736949330685,-0.6738079760660847,53.0,0.1955376769927859,,,,
gov_report:128,gov_report,disagreement_calibration,64,32,physical_delete_low_v_ridge_53,low_v_ridge,53,21,22,0.06521082638699073,0.07007815932975425,0.814514565292187,0.5916324066574722,0.9305442239163249,0.05390546861111358,0.16003529515774237,0.3724921057354354,0.9287201243008544,0.33683487481921065,0.16003529515774237,100.81533181749579,0.0005346951464554786,0.001912523526698351,0.001937488908879459,2.6358063220977783,0.35962870717048645,0.001937488908879459,16.389934539794922,16.66585350036621,4.551356315612793,7.631319046020508,11.427146911621094,7.424505710601807,959.0,0.3562642341250659,-1.1716692734041132,0.05561773913878598,0.03859539127555335,-2.059736949330685,-0.6738079760660847,53.0,0.1955376769927859,,,,
gov_report:128,gov_report,disagreement_calibration,64,32,physical_delete_low_v_ridge_53,low_v_ridge,53,22,23,0.10008223568452942,0.10247700439390435,0.9672035307040068,0.2541775174748648,0.9766311600974416,0.10439010210131032,0.21377983269714232,0.6395449087226224,0.7834892069337321,0.4883065946131491,0.21377983269714232,121.82687393397848,0.0008568725333778354,0.003023038851097226,0.00407622242346406,1.9418396949768066,0.49700435996055603,0.00407622242346406,16.873821258544922,18.6369571685791,4.404827117919922,7.600702285766602,11.165304183959961,10.642879486083984,959.0,0.3562642341250659,-1.1716692734041132,0.05561773913878598,0.03859539127555335,-2.059736949330685,-0.6738079760660847,53.0,0.1955376769927859,9.292059387452684e-08,2.303885650418178e-06,9.286011597005226e-08,2.30085347733811e-06
gov_report:128,gov_report,disagreement_calibration,64,32,physical_delete_low_v_ridge_53,low_v_ridge,53,23,24,0.34762921289557847,0.34802752670914455,0.9936912191461127,0.11226945665756147,0.9988555106047718,0.3493396498495264,0.43245441496664566,0.8438800007156271,0.5377432609884348,0.8078068757292495,0.43245441496664566,141.63609024951035,0.002466459284735404,0.0063889119774103165,0.009806806221604347,1.8178640604019165,0.5605397820472717,0.009806806221604347,15.576043128967285,17.133636474609375,4.388075351715088,9.971288681030273,13.946782112121582,13.99176025390625,959.0,0.3562642341250659,-1.1716692734041132,0.05561773913878598,0.03859539127555335,-2.059736949330685,-0.6738079760660847,53.0,0.1955376769927859,,,,
gov_report:128,gov_report,disagreement_calibration,64,32,physical_delete_low_v_ridge_53,low_v_ridge,53,24,25,0.12366373312691231,0.14899062893842527,0.9100632515186281,0.4221295755221618,0.8300101423024394,0.13125213485049544,0.4944162574274426,0.39014956479993457,0.9291547706702312,0.26546888958188675,0.4944162574274426,176.1589471714499,0.0007450778797102591,0.0037303350400179625,0.004534760024398565,1.766546607017517,0.5543050765991211,0.004534760024398565,14.875616073608398,17.46398162841797,5.492694854736328,6.4655656814575195,16.807659149169922,80.22023010253906,959.0,0.3562642341250659,-1.1716692734041132,0.05561773913878598,0.03859539127555335,-2.059736949330685,-0.6738079760660847,53.0,0.1955376769927859,,,,
gov_report:128,gov_report,disagreement_calibration,64,32,physical_delete_low_v_ridge_53,low_v_ridge,53,25,26,0.07903660352149981,0.0875534095920024,0.9010934021195766,0.4336281136801761,0.9027244500220976,0.07905123671915852,0.5329483695708775,0.23124167493358333,0.9764230349528058,0.14832813314131996,0.5329483695708775,204.937785532972,0.0003857328530879443,0.002683313563466072,0.002117494121193886,1.964152216911316,0.5397079586982727,0.002117494121193886,13.858957290649414,16.326168060302734,7.056440830230713,8.289870262145996,21.748506546020508,67.56988525390625,959.0,0.3562642341250659,-1.1716692734041132,0.05561773913878598,0.03859539127555335,-2.059736949330685,-0.6738079760660847,53.0,0.1955376769927859,,,,
gov_report:128,gov_report,disagreement_calibration,64,32,physical_delete_low_v_ridge_53,low_v_ridge,53,26,27,0.4825155183983563,0.5116183393422886,0.9774287193133976,0.21403376155143086,0.9431161498601761,0.4999704870127655,0.8075753901506029,0.6692363171925436,0.7447391034123413,0.6191006971120394,0.8075753901506029,236.62617873834967,0.0021129128217280213,0.01586908847093582,0.008248019963502884,2.569713830947876,0.47176170349121094,0.008248019963502884,14.536724090576172,15.61402702331543,4.3671417236328125,10.311748504638672,27.619258880615234,172.17959594726562,959.0,0.3562642341250659,-1.1716692734041132,0.05561773913878598,0.03859539127555335,-2.059736949330685,-0.6738079760660847,53.0,0.1955376769927859,9.62490346511979e-07,3.7488553271129883e-06,9.624108237105057e-07,3.743103997790555e-06
gov_report:128,gov_report,disagreement_calibration,64,32,physical_delete_low_v_ridge_53,low_v_ridge,53,27,28,0.7945021245263203,0.6476927431967046,0.893166885396463,0.559887503091713,1.2266651631837562,0.7225858417314248,1.1247892977664387,0.5846461875796826,0.8133428030748573,0.6424188451706526,1.1247892977664387,215.41826500954036,0.00335433878691495,0.03674157336354256,0.016962723806500435,3.378284215927124,0.17179988324642181,0.016962723806500435,15.81889533996582,14.959524154663086,3.1543190479278564,11.11568832397461,26.85696029663086,152.3878631591797,959.0,0.3562642341250659,-1.1716692734041132,0.05561773913878598,0.03859539127555335,-2.059736949330685,-0.6738079760660847,53.0,0.1955376769927859,,,,
gov_report:128,gov_report,disagreement_calibration,64,32,physical_delete_high_age_95,high_age,95,0,1,0.0049224169905982985,0.004921490638085866,0.999994005352873,0.003467993653548645,1.0001882260031674,0.006972990838617913,0.006969790395350526,0.9999911223931626,0.00423960141543549,1.0004591878788094,0.006969790395350526,21.965031044929678,0.00031745872902954676,0.00016026859520934522,0.00044808199163526297,1.0449306964874268,0.7037158608436584,0.00044808199163526297,778.1634521484375,778.7916870117188,1835.3990478515625,4.745882987976074,4.159728050231934,0.7968976497650146,917.0,-0.233713806575575,-0.07392543655992216,-0.20613421039471902,-0.2050297019742286,0.9235511184894112,-0.16129848707551042,95.0,0.6758325869356813,2.1256596512543666e-09,2.0934415435865464e-09,2.125717229855579e-09,2.093500116794267e-09
gov_report:128,gov_report,disagreement_calibration,64,32,physical_delete_high_age_95,high_age,95,1,2,0.02064942321480365,0.020614272346842544,0.9967819502358762,0.08031177865512804,1.001705171415691,0.020936221744926882,0.022164728498141387,0.9476026580391341,0.31946576730481135,0.9445737964569464,0.022164728498141387,27.954493444971533,0.0007489394070452348,0.0009881736477836967,0.001729743555188179,2.8160524368286133,0.252130389213562,0.001729743555188179,90.16675567626953,90.98197937011719,3925.508056640625,4.442677974700928,4.082812309265137,0.5946309566497803,917.0,-0.233713806575575,-0.07392543655992216,-0.20613421039471902,-0.2050297019742286,0.9235511184894112,-0.16129848707551042,95.0,0.6758325869356813,,,,
gov_report:128,gov_report,disagreement_calibration,64,32,physical_delete_high_age_95,high_age,95,2,3,0.002307748846055844,0.006990523743583285,0.2775662057255689,0.9621431605039021,0.330125314025886,0.0025645454903514783,0.023309415353123315,0.3311223696494442,0.9691457097858904,0.11002187105511615,0.023309415353123315,31.904446310152963,8.038207168432703e-05,4.635135701391846e-05,6.8111956352368e-05,1.7734079360961914,0.5100526213645935,6.8111956352368e-05,26.17970848083496,26.255582809448242,54.02253723144531,6.244579315185547,6.005796909332275,1.3502941131591797,917.0,-0.233713806575575,-0.07392543655992216,-0.20613421039471902,-0.2050297019742286,0.9235511184894112,-0.16129848707551042,95.0,0.6758325869356813,,,,
gov_report:128,gov_report,disagreement_calibration,64,32,physical_delete_high_age_95,high_age,95,3,4,0.004050975725110615,0.005377321318962086,0.690469497853559,0.7260889374501144,0.7533445529516026,0.0041100610324410446,0.024059369193568624,0.21171553547484823,0.9781861594153866,0.17082995814951443,0.024059369193568624,34.48534467691578,0.00011918283174917162,9.071415843209252e-05,0.00020559807308018208,1.4411247968673706,0.6295778751373291,0.00020559807308018208,19.647571563720703,20.67840003967285,7.7529120445251465,6.088682174682617,6.3158040046691895,1.4502142667770386,917.0,-0.233713806575575,-0.07392543655992216,-0.20613421039471902,-0.2050297019742286,0.9235511184894112,-0.16129848707551042,95.0,0.6758325869356813,,,,
gov_report:128,gov_report,disagreement_calibration,64,32,physical_delete_high_age_95,high_age,95,4,5,0.0036750541500212286,0.005107678647259282,0.6455918010129372,0.7672522045331683,0.7195155380405965,0.0046317218921713395,0.027602120779271863,0.22312316762467552,0.9763587251169207,0.167803116623183,0.027602120779271863,39.930672963164575,0.0001159940854601682,9.062667231773958e-05,0.00010568214929662645,1.1774052381515503,0.742058277130127,0.00010568214929662645,17.636646270751953,17.608564376831055,4.755467891693115,7.322404861450195,6.994998931884766,2.138948678970337,917.0,-0.233713806575575,-0.07392543655992216,-0.20613421039471902,-0.2050297019742286,0.9235511184894112,-0.16129848707551042,95.0,0.6758325869356813,6.607354896585501e-10,1.7680874508236422e-08,6.607539698422347e-10,1.767926451224675e-08
gov_report:128,gov_report,disagreement_calibration,64,32,physical_delete_high_age_95,high_age,95,5,6,0.005919702193020763,0.010248288427307904,0.6454913628597195,0.7667765551745186,0.5776283752169722,0.006427883548064738,0.02797697724942021,0.28666216388086974,0.9597203208658031,0.22975618454984978,0.02797697724942021,40.50440470118126,0.00015869591456746623,0.00015405569865833968,0.0002084323496092111,1.4118510484695435,0.6707949042320251,0.0002084323496092111,16.71163558959961,16.876237869262695,4.381618022918701,7.263946533203125,8.032445907592773,1.88052499294281,917.0,-0.233713806575575,-0.07392543655992216,-0.20613421039471902,-0.2050297019742286,0.9235511184894112,-0.16129848707551042,95.0,0.6758325869356813,,,,
gov_report:128,gov_report,disagreement_calibration,64,32,physical_delete_high_age_95,high_age,95,6,7,0.0008889321913275538,0.004882969393737033,0.08675770250163393,1.0007763184462677,0.18204746326440446,0.0009299195709634196,0.02995511063161677,-0.11400507230974363,1.0040129532047894,0.03104377020667438,0.02995511063161677,44.50681363118028,2.0893869839110274e-05,3.417941115912981e-05,4.262138463673182e-05,1.3149465322494507,0.6595332026481628,4.262138463673182e-05,20.744613647460938,19.26874542236328,5.712917327880859,6.171604633331299,6.700473785400391,1.2047978639602661,917.0,-0.233713806575575,-0.07392543655992216,-0.20613421039471902,-0.2050297019742286,0.9235511184894112,-0.16129848707551042,95.0,0.6758325869356813,,,,
gov_report:128,gov_report,disagreement_calibration,64,32,physical_delete_high_age_95,high_age,95,7,8,0.003162756039859622,0.006434739293349039,0.49968287894802316,0.8662469465585539,0.49151269316049123,0.0031225943557075526,0.02907536142786582,0.1711054750068025,0.9873103563877278,0.10739657917768337,0.02907536142786582,50.91791593268521,6.132604405560712e-05,0.00010311129881301895,0.00012562495248857886,2.454462766647339,0.3305726647377014,0.00012562495248857886,32.841041564941406,33.69430160522461,193.45433044433594,6.23518180847168,6.470142841339111,1.693371295928955,917.0,-0.233713806575575,-0.07392543655992216,-0.20613421039471902,-0.2050297019742286,0.9235511184894112,-0.16129848707551042,95.0,0.6758325869356813,1.0143398542099605e-10,1.779629423953114e-08,1.0143292100800918e-10,1.7795443078996272e-08
gov_report:128,gov_report,disagreement_calibration,64,32,physical_delete_high_age_95,high_age,95,8,9,0.02124707627236953,0.022234523129824546,0.9683586686472961,0.2498890577355849,0.9555894744542331,0.020182272383858127,0.032493903206200776,0.6362945049489125,0.7715956758325802,0.6211095126302575,0.032493903206200776,50.56403996587166,0.0003991427978753321,0.00042962279985658824,0.0010362268658354878,1.9818572998046875,0.49979427456855774,0.0010362268658354878,19.81816864013672,19.207393646240234,5.8656511306762695,7.870841026306152,7.806460857391357,1.9599103927612305,917.0,-0.233713806575575,-0.07392543655992216,-0.20613421039471902,-0.2050297019742286,0.9235511184894112,-0.16129848707551042,95.0,0.6758325869356813,,,,
gov_report:128,gov_report,disagreement_calibration,64,32,physical_delete_high_age_95,high_age,95,9,10,0.002077647473969745,0.00801093219890916,0.25852233574387135,0.9660056363575729,0.25935152394032945,0.0018288636867546532,0.03032913721896793,0.09911265656850739,0.9958328478433459,0.06030055103614608,0.03032913721896793,49.88482531422785,3.666172378543011e-05,7.618009112775326e-05,6.847553595434874e-05,2.2178866863250732,0.4688349664211273,6.847553595434874e-05,17.631465911865234,18.7982177734375,4.883980751037598,7.291141510009766,7.354213237762451,1.1959782838821411,917.0,-0.233713806575575,-0.07392543655992216,-0.20613421039471902,-0.2050297019742286,0.9235511184894112,-0.16129848707551042,95.0,0.6758325869356813,,,,
gov_report:128,gov_report,disagreement_calibration,64,32,physical_delete_high_age_95,high_age,95,10,11,0.01759564222019393,0.01838510602237564,0.9187226168347467,0.3967599748123995,0.9570596002426697,0.015834566613299083,0.03097588410332408,0.46014822203008177,0.8893080970184077,0.5111901426438978,0.03097588410332408,48.294772262480066,0.0003278733053598198,0.0003077092987950891,0.0004773822147399187,2.565937042236328,0.3853241205215454,0.0004773822147399187,16.72698974609375,18.262813568115234,5.199052810668945,7.648712635040283,8.162530899047852,2.2973971366882324,917.0,-0.233713806575575,-0.07392543655992216,-0.20613421039471902,-0.2050297019742286,0.9235511184894112,-0.16129848707551042,95.0,0.6758325869356813,9.095810984369483e-09,3.622306213518707e-08,9.096457843984116e-09,3.6225855306700757e-08
gov_report:128,gov_report,disagreement_calibration,64,32,physical_delete_high_age_95,high_age,95,11,12,0.01133338683636256,0.012747468491365424,0.7365119630029978,0.6934147127954116,0.8890696097063742,0.009766192405659487,0.02992841172601303,0.4010802018099927,0.9190886757252373,0.32631843263406307,0.02992841172601303,53.573444758524424,0.00018229539746192117,0.0003847721964120865,0.0004546229029074311,2.643414258956909,0.3429920971393585,0.0004546229029074311,16.843372344970703,18.990083694458008,6.348488807678223,5.734299659729004,7.674081802368164,1.2058316469192505,917.0,-0.233713806575575,-0.07392543655992216,-0.20613421039471902,-0.2050297019742286,0.9235511184894112,-0.16129848707551042,95.0,0.6758325869356813,,,,
gov_report:128,gov_report,disagreement_calibration,64,32,physical_delete_high_age_95,high_age,95,12,13,0.012845389662851567,0.013385143421176467,0.9560411869383769,0.29325493114744855,0.9596751606358612,0.010694500874602416,0.03023596651135755,0.36949354889483343,0.9293674796483837,0.35370130703727415,0.03023596651135755,57.555691178595865,0.00018581135341450903,0.00032412566361017525,0.00045428876182995737,2.262470245361328,0.3983441889286041,0.00045428876182995737,17.03022575378418,17.26920509338379,3.8595352172851562,8.120285034179688,8.473686218261719,1.088564157485962,917.0,-0.233713806575575,-0.07392543655992216,-0.20613421039471902,-0.2050297019742286,0.9235511184894112,-0.16129848707551042,95.0,0.6758325869356813,,,,
gov_report:128,gov_report,disagreement_calibration,64,32,physical_delete_high_age_95,high_age,95,13,14,0.004677227910911658,0.005781254858587179,0.7547951926231141,0.6581990531063867,0.8090333371074868,0.004043256729347428,0.0296025381242525,0.14107923889710908,0.9900085092256725,0.13658479932958537,0.0296025381242525,61.09932588698295,6.61751446624198e-05,0.0001044998862198554,0.0001803412160370499,2.5161640644073486,0.3269582986831665,0.0001803412160370499,19.18274688720703,18.964174270629883,3.578993082046509,7.505067825317383,7.934084892272949,1.9900097846984863,917.0,-0.233713806575575,-0.07392543655992216,-0.20613421039471902,-0.2050297019742286,0.9235511184894112,-0.16129848707551042,95.0,0.6758325869356813,,,,
gov_report:128,gov_report,disagreement_calibration,64,32,physical_delete_high_age_95,high_age,95,14,15,0.030615456837164094,0.030807147716480545,0.9817879552718222,0.19035799221764016,0.9937777141499567,0.026835606281476333,0.03829110553156501,0.6700332163878309,0.7429697251714023,0.700831326464434,0.03829110553156501,60.09752968335085,0.0004465342655991191,0.0008272950653918087,0.001053790794685483,1.6286743879318237,0.5808057188987732,0.001053790794685483,17.160310745239258,18.897523880004883,9.722497940063477,9.033358573913574,9.245899200439453,1.5664280652999878,917.0,-0.233713806575575,-0.07392543655992216,-0.20613421039471902,-0.2050297019742286,0.9235511184894112,-0.16129848707551042,95.0,0.6758325869356813,7.488902804473046e-09,2.437044310661325e-08,7.488624436213174e-09,2.4370093250408922e-08
gov_report:128,gov_report,disagreement_calibration,64,32,physical_delete_high_age_95,high_age,95,15,16,0.04051840094161253,0.04255279966450875,0.9615456032479034,0.27480458134043795,0.9521911897939581,0.03300047531328695,0.04761515101897284,0.7118133407374497,0.7026188189213541,0.6930666942574121,0.04761515101897284,64.2660185568759,0.0005134980516037614,0.0011690714163705707,0.0016834752168506384,2.4773731231689453,0.39688268303871155,0.0016834752168506384,54.624027252197266,55.3814582824707,1431.7564697265625,6.73784875869751,7.754779815673828,2.012951374053955,917.0,-0.233713806575575,-0.07392543655992216,-0.20613421039471902,-0.2050297019742286,0.9235511184894112,-0.16129848707551042,95.0,0.6758325869356813,,,,
gov_report:128,gov_report,disagreement_calibration,64,32,physical_delete_high_age_95,high_age,95,16,17,0.022006599741596813,0.02196604815170022,0.9614388890657045,0.2779712314957348,1.0018461031140666,0.01900773807700529,0.047420546104295976,0.4280891903249776,0.9041474016872776,0.40083338633848675,0.047420546104295976,64.01716729679757,0.00029691626292805594,0.0006817260873503983,0.0007679429254494607,2.6235263347625732,0.32506343722343445,0.0007679429254494607,15.63299560546875,17.70060157775879,5.608544826507568,7.7978692054748535,8.572480201721191,3.290295124053955,917.0,-0.233713806575575,-0.07392543655992216,-0.20613421039471902,-0.2050297019742286,0.9235511184894112,-0.16129848707551042,95.0,0.6758325869356813,,,,
gov_report:128,gov_report,disagreement_calibration,64,32,physical_delete_high_age_95,high_age,95,17,18,0.06825063816824671,0.06970562724986246,0.9922509016184563,0.12494156189670985,0.9791266625232381,0.06197922830293092,0.07963855446149881,0.8208209071234903,0.5727693786779114,0.7782565708534391,0.07963855446149881,66.07695121302957,0.0009379855935409649,0.0009281559032388031,0.0011846264824271202,2.6143035888671875,0.35293856263160706,0.0011846264824271202,14.328768730163574,15.894440650939941,6.254524230957031,9.075578689575195,9.225137710571289,3.402017116546631,917.0,-0.233713806575575,-0.07392543655992216,-0.20613421039471902,-0.2050297019742286,0.9235511184894112,-0.16129848707551042,95.0,0.6758325869356813,,,,
gov_report:128,gov_report,disagreement_calibration,64,32,physical_delete_high_age_95,high_age,95,18,19,0.01663836343380573,0.020785598290592632,0.769653881001945,0.639204880583255,0.8004755601062539,0.01584315375902501,0.07815914259689932,0.3213485964897656,0.9543645381460149,0.20270378144672138,0.07815914259689932,73.77617749647759,0.00021474619987978417,0.0003207054396625608,0.0005509220063686371,2.481377363204956,0.3493541479110718,0.0005509220063686371,20.607521057128906,21.688318252563477,6.932224273681641,8.501298904418945,9.205900192260742,2.720614194869995,917.0,-0.233713806575575,-0.07392543655992216,-0.20613421039471902,-0.2050297019742286,0.9235511184894112,-0.16129848707551042,95.0,0.6758325869356813,2.5841537323082972e-08,2.526736386519507e-07,2.584436292006796e-08,2.527006770210574e-07
gov_report:128,gov_report,disagreement_calibration,64,32,physical_delete_high_age_95,high_age,95,19,20,0.16471139959211425,0.16573880396560572,0.9915088249373284,0.1300596187430473,0.9938010631855128,0.14395961542599328,0.17444525489958357,0.8995926060335763,0.443013657697553,0.8252423690679416,0.17444525489958357,78.28630970582994,0.0018388862109727556,0.0024481688160449266,0.004554723389446735,1.7158198356628418,0.5407428741455078,0.004554723389446735,17.65491485595703,17.986217498779297,3.5662472248077393,9.785529136657715,9.965325355529785,3.164489984512329,917.0,-0.233713806575575,-0.07392543655992216,-0.20613421039471902,-0.2050297019742286,0.9235511184894112,-0.16129848707551042,95.0,0.6758325869356813,,,,
gov_report:128,gov_report,disagreement_calibration,64,32,physical_delete_high_age_95,high_age,95,20,21,0.3743063727494585,0.3756512638491916,0.9967184802356206,0.08094665120895966,0.9964198414083519,0.36447537808013836,0.40419629221733483,0.9021400922091805,0.43144341843529477,0.9017286528797778,0.40419629221733483,87.1730480120931,0.004181055800980785,0.003737597493454814,0.008483024314045906,2.2817423343658447,0.4827902615070343,0.008483024314045906,18.341279983520508,17.698307037353516,4.934889316558838,11.851619720458984,11.258508682250977,6.079520225524902,917.0,-0.233713806575575,-0.07392543655992216,-0.20613421039471902,-0.2050297019742286,0.9235511184894112,-0.16129848707551042,95.0,0.6758325869356813,,,,
gov_report:128,gov_report,disagreement_calibration,64,32,physical_delete_high_age_95,high_age,95,21,22,0.03596782627585914,0.061062761885009274,0.7315565533410077,0.6965189865535115,0.589030452693774,0.031685847302589526,0.39768022902855016,0.057212984753410606,0.9986146868362822,0.0796766974812689,0.39768022902855016,100.81533181749579,0.00031429591840207257,0.0009234542958438396,0.0007523283129557967,2.6358063220977783,0.35962870717048645,0.0007523283129557967,15.72039794921875,16.66585350036621,4.551356315612793,9.138312339782715,11.427146911621094,7.424505710601807,917.0,-0.233713806575575,-0.07392543655992216,-0.20613421039471902,-0.2050297019742286,0.9235511184894112,-0.16129848707551042,95.0,0.6758325869356813,,,,
gov_report:128,gov_report,disagreement_calibration,64,32,physical_delete_high_age_95,high_age,95,22,23,0.029168325588402145,0.04791841485677267,0.6024075835651111,0.798213504853408,0.6087080650640422,0.028072740852942417,0.4103216191314108,0.06637075177377164,0.9977971277336771,0.06841643126766801,0.4103216191314108,121.82687393397848,0.00023043143065589822,0.00033139646984636784,0.00032145954901352525,1.9418396949768066,0.49700435996055603,0.00032145954901352525,19.034996032714844,18.6369571685791,4.404827117919922,11.590803146362305,11.165304183959961,10.642879486083984,917.0,-0.233713806575575,-0.07392543655992216,-0.20613421039471902,-0.2050297019742286,0.9235511184894112,-0.16129848707551042,95.0,0.6758325869356813,3.2687751184439576e-09,6.63166460546235e-06,3.2688710457081515e-09,6.620740595827374e-06
gov_report:128,gov_report,disagreement_calibration,64,32,physical_delete_high_age_95,high_age,95,23,24,0.10223077568588126,0.11987829145001445,0.9392022215644232,0.35407145353173436,0.8527880607016187,0.09340301163286435,0.4633160681074246,0.29534925637889475,0.959978307039246,0.20159674585515974,0.4633160681074246,141.63609024951035,0.0006594577093191632,0.0007987337303347886,0.0011456626234576106,1.8178640604019165,0.5605397820472717,0.0011456626234576106,18.023536682128906,17.133636474609375,4.388075351715088,16.90559959411621,13.946782112121582,13.99176025390625,917.0,-0.233713806575575,-0.07392543655992216,-0.20613421039471902,-0.2050297019742286,0.9235511184894112,-0.16129848707551042,95.0,0.6758325869356813,,,,
gov_report:128,gov_report,disagreement_calibration,64,32,physical_delete_high_age_95,high_age,95,24,25,0.16232436115120577,0.1763743916983458,0.9271701247444878,0.3747028342395743,0.9203397363310549,0.16932025581228186,0.5453679599109091,0.3784958903747706,0.928099356930273,0.310469753008486,0.5453679599109091,176.1589471714499,0.0009611788588148624,0.0005002435646019876,0.0013645675498992205,1.766546607017517,0.5543050765991211,0.0013645675498992205,17.399085998535156,17.46398162841797,5.492694854736328,19.818449020385742,16.807659149169922,80.22023010253906,917.0,-0.233713806575575,-0.07392543655992216,-0.20613421039471902,-0.2050297019742286,0.9235511184894112,-0.16129848707551042,95.0,0.6758325869356813,,,,
gov_report:128,gov_report,disagreement_calibration,64,32,physical_delete_high_age_95,high_age,95,25,26,0.21607817989663702,0.23553060400732448,0.9488244917378533,0.3173624761039595,0.9174102058088276,0.22681863830715976,0.641896993369379,0.42199049095449204,0.9091944870720605,0.35335675451066834,0.641896993369379,204.937785532972,0.0011067682697814035,0.001304072211496532,0.0018869300838559866,1.964152216911316,0.5397079586982727,0.0018869300838559866,15.625551223754883,16.326168060302734,7.056440830230713,26.282373428344727,21.748506546020508,67.56988525390625,917.0,-0.233713806575575,-0.07392543655992216,-0.20613421039471902,-0.2050297019742286,0.9235511184894112,-0.16129848707551042,95.0,0.6758325869356813,,,,
gov_report:128,gov_report,disagreement_calibration,64,32,physical_delete_high_age_95,high_age,95,26,27,0.29337369491707066,0.3144683607012684,0.9374115770089508,0.3482523700055663,0.9329195924920511,0.31609982425833666,0.73750925951252,0.2986504131467552,0.9631697713279351,0.42860454995137665,0.73750925951252,236.62617873834967,0.0013358615937751558,0.002167615806683898,0.0031394504476338625,2.569713830947876,0.47176170349121094,0.0031394504476338625,15.93972396850586,15.61402702331543,4.3671417236328125,33.210594177246094,27.619258880615234,172.17959594726562,917.0,-0.233713806575575,-0.07392543655992216,-0.20613421039471902,-0.2050297019742286,0.9235511184894112,-0.16129848707551042,95.0,0.6758325869356813,1.0308547167430556e-06,7.386011578246893e-06,1.0301373114356824e-06,7.380495606815139e-06
gov_report:128,gov_report,disagreement_calibration,64,32,physical_delete_high_age_95,high_age,95,27,28,0.13641015623886768,0.19680953865674053,0.6941600675564766,0.7198214421833518,0.693107443723972,0.13270653552400566,0.8297758203483525,0.19472350725964066,0.9814750648361548,0.15993058880444774,0.8297758203483525,215.41826500954036,0.0006160412419909166,0.0009657048503868282,0.000819420674815774,3.378284215927124,0.17179988324642181,0.000819420674815774,13.967546463012695,14.959524154663086,3.1543190479278564,31.91702651977539,26.85696029663086,152.3878631591797,917.0,-0.233713806575575,-0.07392543655992216,-0.20613421039471902,-0.2050297019742286,0.9235511184894112,-0.16129848707551042,95.0,0.6758325869356813,,,,
gov_report:128,gov_report,disagreement_calibration,64,32,physical_delete_high_random_85,high_random,85,0,1,0.001054165032001683,0.0010543142631435488,0.9998711709024967,0.016051222997754074,0.9998584566793007,0.0013705966051001522,0.0013721745619993703,0.9997869735716605,0.02066120364388844,0.9988500319544483,0.0013721745619993703,21.965031044929678,6.239902881523745e-05,4.576841092784889e-05,0.00010041619680123404,1.0449306964874268,0.7037158608436584,0.00010041619680123404,778.4266357421875,778.7916870117188,1835.3990478515625,4.518459320068359,4.159728050231934,0.7968976497650146,927.0,-0.17755465254349176,-0.06479826687733381,-0.20004055036900026,-0.19767236000292673,-0.12190566474550123,-0.050948106525857566,85.0,0.9631886659667139,2.1187611187262e-10,2.2131369382092264e-10,2.1187830933336203e-10,2.2131460734394567e-10
gov_report:128,gov_report,disagreement_calibration,64,32,physical_delete_high_random_85,high_random,85,1,2,0.00647686201786965,0.0064432315725449114,0.9995346406256339,0.031029337927132142,1.0052194997100585,0.006373032113669157,0.006540911817146295,0.9779190104397297,0.20901498043148792,0.9743338989776533,0.006540911817146295,27.954493444971533,0.00022797880870975115,0.00038934123585931957,0.0005369947175495327,2.8160524368286133,0.252130389213562,0.0005369947175495327,90.51922607421875,90.98197937011719,3925.508056640625,4.066922664642334,4.082812309265137,0.5946309566497803,927.0,-0.17755465254349176,-0.06479826687733381,-0.20004055036900026,-0.19767236000292673,-0.12190566474550123,-0.050948106525857566,85.0,0.9631886659667139,,,,
gov_report:128,gov_report,disagreement_calibration,64,32,physical_delete_high_random_85,high_random,85,2,3,0.0030587223600314333,0.0030116726702448075,0.9227607371735362,0.39640373189240513,1.0156224447136883,0.003283438751141563,0.007672283624350841,0.3476469193928161,0.9410589689823384,0.4279610754639402,0.007672283624350841,31.904446310152963,0.0001029147699108219,8.9871151430998e-05,0.00013220378605183214,1.7734079360961914,0.5100526213645935,0.00013220378605183214,25.633625030517578,26.255582809448242,54.02253723144531,5.5315022468566895,6.005796909332275,1.3502941131591797,927.0,-0.17755465254349176,-0.06479826687733381,-0.20004055036900026,-0.19767236000292673,-0.12190566474550123,-0.050948106525857566,85.0,0.9631886659667139,,,,
gov_report:128,gov_report,disagreement_calibration,64,32,physical_delete_high_random_85,high_random,85,3,4,0.0014288572962800562,0.0018073056405477554,0.7880665884977732,0.6155952195658444,0.7906008060966381,0.0013362501315142925,0.007894766156806407,0.15449363528818316,0.9881040911246415,0.16925772150480423,0.007894766156806407,34.48534467691578,3.874834785713387e-05,4.509961945586838e-05,6.671203300356865e-05,1.4411247968673706,0.6295778751373291,6.671203300356865e-05,21.148406982421875,20.67840003967285,7.7529120445251465,6.252658843994141,6.3158040046691895,1.4502142667770386,927.0,-0.17755465254349176,-0.06479826687733381,-0.20004055036900026,-0.19767236000292673,-0.12190566474550123,-0.050948106525857566,85.0,0.9631886659667139,,,,
gov_report:128,gov_report,disagreement_calibration,64,32,physical_delete_high_random_85,high_random,85,4,5,0.003174973897756136,0.003300838627271576,0.8997982453449339,0.44069930708494526,0.9618688631199527,0.004214958567928404,0.00994288548572377,0.45678288170131004,0.8901851282978921,0.42391703836681427,0.00994288548572377,39.930672963164575,0.00010555691289792781,9.704035619506612e-05,0.00010402233601780608,1.1774052381515503,0.742058277130127,0.00010402233601780608,17.915287017822266,17.608564376831055,4.755467891693115,6.870270252227783,6.994998931884766,2.138948678970337,927.0,-0.17755465254349176,-0.06479826687733381,-0.20004055036900026,-0.19767236000292673,-0.12190566474550123,-0.050948106525857566,85.0,0.9631886659667139,1.1861357252527786e-09,2.2240605414223877e-09,1.1861256885147827e-09,2.2241373117757313e-09
gov_report:128,gov_report,disagreement_calibration,64,32,physical_delete_high_random_85,high_random,85,5,6,0.009102067936691306,0.00929388500402637,0.9449629427684217,0.32898063602799066,0.9793609381596649,0.010156363801925939,0.014875225810455469,0.7735159888896583,0.6402404062125686,0.6827703949735845,0.014875225810455469,40.50440470118126,0.000250747144090967,0.00020712241530418396,0.0002751795982476324,1.4118510484695435,0.6707949042320251,0.0002751795982476324,16.916484832763672,16.876237869262695,4.381618022918701,7.184426307678223,8.032445907592773,1.88052499294281,927.0,-0.17755465254349176,-0.06479826687733381,-0.20004055036900026,-0.19767236000292673,-0.12190566474550123,-0.050948106525857566,85.0,0.9631886659667139,,,,
gov_report:128,gov_report,disagreement_calibration,64,32,physical_delete_high_random_85,high_random,85,6,7,0.002968164838329807,0.004006928308629002,0.629876914776996,0.784569769120011,0.7407581592956889,0.003255594586590984,0.016295791534171947,0.3601256268088719,0.9465832413065067,0.19978131039318142,0.016295791534171947,44.50681363118028,7.314822879861707e-05,0.00012746498396154493,0.000176616755197756,1.3149465322494507,0.6595332026481628,0.000176616755197756,19.493688583374023,19.26874542236328,5.712917327880859,5.172530174255371,6.700473785400391,1.2047978639602661,927.0,-0.17755465254349176,-0.06479826687733381,-0.20004055036900026,-0.19767236000292673,-0.12190566474550123,-0.050948106525857566,85.0,0.9631886659667139,,,,
gov_report:128,gov_report,disagreement_calibration,64,32,physical_delete_high_random_85,high_random,85,7,8,0.011860723449811586,0.012272664620433782,0.9432891892795645,0.33277800303883076,0.9664342517812863,0.011975951870822794,0.019533171065572914,0.6057783235132302,0.7956672377583718,0.6131084313253331,0.019533171065572914,50.91791593268521,0.00023520113994169182,0.00048265568329952657,0.0005945334560237825,2.454462766647339,0.3305726647377014,0.0005945334560237825,33.34188461303711,33.69430160522461,193.45433044433594,5.611289978027344,6.470142841339111,1.693371295928955,927.0,-0.17755465254349176,-0.06479826687733381,-0.20004055036900026,-0.19767236000292673,-0.12190566474550123,-0.050948106525857566,85.0,0.9631886659667139,2.3162242529504525e-09,9.746775918002072e-09,2.316235554132129e-09,9.747471313424428e-09
gov_report:128,gov_report,disagreement_calibration,64,32,physical_delete_high_random_85,high_random,85,8,9,0.025022862514195165,0.024651637605735563,0.9858038521992173,0.17043068657211002,1.0150588335913728,0.020754913846291717,0.02726795125787522,0.784569607771246,0.6204830041822473,0.7611468001395051,0.02726795125787522,50.56403996587166,0.00041046787124407593,0.0006877708365209401,0.0008442760445177555,1.9818572998046875,0.49979427456855774,0.0008442760445177555,19.21277618408203,19.207393646240234,5.8656511306762695,6.962388038635254,7.806460857391357,1.9599103927612305,927.0,-0.17755465254349176,-0.06479826687733381,-0.20004055036900026,-0.19767236000292673,-0.12190566474550123,-0.050948106525857566,85.0,0.9631886659667139,,,,
gov_report:128,gov_report,disagreement_calibration,64,32,physical_delete_high_random_85,high_random,85,9,10,0.01472862294221409,0.014454166088627261,0.9340055978939175,0.36722685804353056,1.0189880794162713,0.014308067511989748,0.03116161906373462,0.5810406852587691,0.8229504344036975,0.4591567428741609,0.03116161906373462,49.88482531422785,0.0002868220430133267,0.0004397584998514503,0.000538994965609163,2.2178866863250732,0.4688349664211273,0.000538994965609163,18.45913314819336,18.7982177734375,4.883980751037598,7.536108016967773,7.354213237762451,1.1959782838821411,927.0,-0.17755465254349176,-0.06479826687733381,-0.20004055036900026,-0.19767236000292673,-0.12190566474550123,-0.050948106525857566,85.0,0.9631886659667139,,,,
gov_report:128,gov_report,disagreement_calibration,64,32,physical_delete_high_random_85,high_random,85,10,11,0.05709677479110859,0.057461771520782426,0.9834096630212559,0.18168725430911367,0.9936480077099289,0.05715174507099831,0.06588982912971612,0.9037415009303058,0.4296198433908107,0.8673834160122755,0.06588982912971612,48.294772262480066,0.0011833940278335089,0.0014061086112633348,0.0020886086858808994,2.565937042236328,0.3853241205215454,0.0020886086858808994,18.41799545288086,18.262813568115234,5.199052810668945,7.777790069580078,8.162530899047852,2.2973971366882324,927.0,-0.17755465254349176,-0.06479826687733381,-0.20004055036900026,-0.19767236000292673,-0.12190566474550123,-0.050948106525857566,85.0,0.9631886659667139,1.693853679136237e-08,3.4424740486346415e-08,1.6937145806047727e-08,3.442578807689858e-08
gov_report:128,gov_report,disagreement_calibration,64,32,physical_delete_high_random_85,high_random,85,11,12,0.018806122867643403,0.029676506445758886,0.5356261861835485,0.8501316719397911,0.6337040683011734,0.017669049159448624,0.05853232569170312,0.4599809242371441,0.9018964328293416,0.3018682232534831,0.05853232569170312,53.573444758524424,0.00032980983842068853,0.0006430853973142803,0.0008401796221733093,2.643414258956909,0.3429920971393585,0.0008401796221733093,19.70108413696289,18.990083694458008,6.348488807678223,7.43233060836792,7.674081802368164,1.2058316469192505,927.0,-0.17755465254349176,-0.06479826687733381,-0.20004055036900026,-0.19767236000292673,-0.12190566474550123,-0.050948106525857566,85.0,0.9631886659667139,,,,
gov_report:128,gov_report,disagreement_calibration,64,32,physical_delete_high_random_85,high_random,85,12,13,0.021029040052323783,0.02202337372471416,0.9186876666089404,0.3966368070169358,0.9548509831046206,0.018073251244850336,0.05612024565745261,0.3680970832392233,0.9309271296040269,0.32204511995842017,0.05612024565745261,57.555691178595865,0.000314013277831533,0.0005658136797137558,0.0008507180027663708,2.262470245361328,0.3983441889286041,0.0008507180027663708,16.7253475189209,17.26920509338379,3.8595352172851562,8.02736759185791,8.473686218261719,1.088564157485962,927.0,-0.17755465254349176,-0.06479826687733381,-0.20004055036900026,-0.19767236000292673,-0.12190566474550123,-0.050948106525857566,85.0,0.9631886659667139,,,,
gov_report:128,gov_report,disagreement_calibration,64,32,physical_delete_high_random_85,high_random,85,13,14,0.0036606109154370824,0.009194872188726924,0.29068811280706414,0.9628295932845524,0.3981143881396259,0.0034121472142978368,0.05388446557801874,0.13782322565262317,0.9932547424854669,0.0633233934436526,0.05388446557801874,61.09932588698295,5.584590606792252e-05,0.00010109424329129979,0.00013738442794419825,2.5161640644073486,0.3269582986831665,0.00013738442794419825,19.342121124267578,18.964174270629883,3.578993082046509,7.32877254486084,7.934084892272949,1.9900097846984863,927.0,-0.17755465254349176,-0.06479826687733381,-0.20004055036900026,-0.19767236000292673,-0.12190566474550123,-0.050948106525857566,85.0,0.9631886659667139,,,,
gov_report:128,gov_report,disagreement_calibration,64,32,physical_delete_high_random_85,high_random,85,14,15,0.015804973986859826,0.01909248067854748,0.815542991241709,0.5788265235393558,0.8278114433091174,0.01574177218540276,0.05389688675238933,0.24864596779748413,0.9695674314163204,0.2920720125769584,0.05389688675238933,60.09752968335085,0.00026193709239539327,0.00028740146080963314,0.00032682850724086165,1.6286743879318237,0.5808057188987732,0.00032682850724086165,18.68372917175293,18.897523880004883,9.722497940063477,10.137032508850098,9.245899200439453,1.5664280652999878,927.0,-0.17755465254349176,-0.06479826687733381,-0.20004055036900026,-0.19767236000292673,-0.12190566474550123,-0.050948106525857566,85.0,0.9631886659667139,1.2332682469489657e-08,3.1749375110555705e-08,1.2333344248633425e-08,3.175527842852703e-08
gov_report:128,gov_report,disagreement_calibration,64,32,physical_delete_high_random_85,high_random,85,15,16,0.017502116488269184,0.02337647651022036,0.7635867580830384,0.6458766827479149,0.7487063536122365,0.014583487071515303,0.04940249881199054,0.3361547390407974,0.9426969282731447,0.29519735685871273,0.04940249881199054,64.2660185568759,0.00022692376778575148,0.0006207541446201503,0.0006094708223827183,2.4773731231689453,0.39688268303871155,0.0006094708223827183,55.352821350097656,55.3814582824707,1431.7564697265625,7.618167877197266,7.754779815673828,2.012951374053955,927.0,-0.17755465254349176,-0.06479826687733381,-0.20004055036900026,-0.19767236000292673,-0.12190566474550123,-0.050948106525857566,85.0,0.9631886659667139,,,,
gov_report:128,gov_report,disagreement_calibration,64,32,physical_delete_high_random_85,high_random,85,16,17,0.011803556419664558,0.014445538793818439,0.4441395487252042,0.9704870260263136,0.8171073843722296,0.008784521908573612,0.048287030292456734,0.18528009799443734,0.9826914853223538,0.18192301028597127,0.048287030292456734,64.01716729679757,0.00013722134670293438,0.0003193810407537967,0.0003507697838358581,2.6235263347625732,0.32506343722343445,0.0003507697838358581,19.192115783691406,17.70060157775879,5.608544826507568,9.028965950012207,8.572480201721191,3.290295124053955,927.0,-0.17755465254349176,-0.06479826687733381,-0.20004055036900026,-0.19767236000292673,-0.12190566474550123,-0.050948106525857566,85.0,0.9631886659667139,,,,
gov_report:128,gov_report,disagreement_calibration,64,32,physical_delete_high_random_85,high_random,85,17,18,0.05000921002405474,0.05047566791351209,0.9876714982843536,0.1565712063119252,0.9907587574619795,0.047646667495985354,0.0678003326280158,0.7156095955782762,0.6986188389115978,0.7027497602024634,0.0678003326280158,66.07695121302957,0.0007210784792775065,0.0006772309425286949,0.0009966560173779726,2.6143035888671875,0.35293856263160706,0.0009966560173779726,16.267532348632812,15.894440650939941,6.254524230957031,9.581026077270508,9.225137710571289,3.402017116546631,927.0,-0.17755465254349176,-0.06479826687733381,-0.20004055036900026,-0.19767236000292673,-0.12190566474550123,-0.050948106525857566,85.0,0.9631886659667139,,,,
gov_report:128,gov_report,disagreement_calibration,64,32,physical_delete_high_random_85,high_random,85,18,19,0.011819445979007812,0.017139114101033918,0.6820326255208843,0.7313610869589302,0.689618256190663,0.010700409918983191,0.06657213184912567,0.14099673832689422,0.990206787581358,0.16073407327909878,0.06657213184912567,73.77617749647759,0.0001450388225859774,0.0003039600851479918,0.0004194627108518034,2.481377363204956,0.3493541479110718,0.0004194627108518034,22.29056167602539,21.688318252563477,6.932224273681641,9.18930435180664,9.205900192260742,2.720614194869995,927.0,-0.17755465254349176,-0.06479826687733381,-0.20004055036900026,-0.19767236000292673,-0.12190566474550123,-0.050948106525857566,85.0,0.9631886659667139,1.3860581144389507e-09,1.3810115470407546e-06,1.3860903950871068e-09,1.3818654729812269e-06
gov_report:128,gov_report,disagreement_calibration,64,32,physical_delete_high_random_85,high_random,85,19,20,0.06852753703770856,0.07166318368399295,0.9629794406379234,0.2696589589064793,0.9562446644833505,0.06306125654292678,0.09420331495891332,0.7441389823969963,0.672190909822527,0.6694165334885602,0.09420331495891332,78.28630970582994,0.000805520873060525,0.0008354560122825205,0.0017888578586280346,1.7158198356628418,0.5407428741455078,0.0017888578586280346,18.679576873779297,17.986217498779297,3.5662472248077393,9.567485809326172,9.965325355529785,3.164489984512329,927.0,-0.17755465254349176,-0.06479826687733381,-0.20004055036900026,-0.19767236000292673,-0.12190566474550123,-0.050948106525857566,85.0,0.9631886659667139,,,,
gov_report:128,gov_report,disagreement_calibration,64,32,physical_delete_high_random_85,high_random,85,20,21,0.024881594755298057,0.03768288380218775,0.7923813751476861,0.624163555674668,0.6602890289902258,0.022760055225953393,0.09904725107972412,0.2668113310062797,0.9644595906594579,0.22978987279145785,0.09904725107972412,87.1730480120931,0.0002610905061251959,0.0006500183953903615,0.0004537150089163333,2.2817423343658447,0.4827902615070343,0.0004537150089163333,18.322172164916992,17.698307037353516,4.934889316558838,11.319905281066895,11.258508682250977,6.079520225524902,927.0,-0.17755465254349176,-0.06479826687733381,-0.20004055036900026,-0.19767236000292673,-0.12190566474550123,-0.050948106525857566,85.0,0.9631886659667139,,,,
gov_report:128,gov_report,disagreement_calibration,64,32,physical_delete_high_random_85,high_random,85,21,22,0.020443638449963976,0.023652586450062418,0.7423768182416144,0.6809913522329991,0.8643299325055432,0.019465167740668123,0.10509116136929414,0.17539607709711788,0.984546982010212,0.18522173974523717,0.10509116136929414,100.81533181749579,0.0001930774554797436,0.0004241940041538328,0.0004343403852544725,2.6358063220977783,0.35962870717048645,0.0004343403852544725,16.891231536865234,16.66585350036621,4.551356315612793,10.918012619018555,11.427146911621094,7.424505710601807,927.0,-0.17755465254349176,-0.06479826687733381,-0.20004055036900026,-0.19767236000292673,-0.12190566474550123,-0.050948106525857566,85.0,0.9631886659667139,,,,
gov_report:128,gov_report,disagreement_calibration,64,32,physical_delete_high_random_85,high_random,85,22,23,0.02804026044021854,0.032396166466091066,0.8932068672758755,0.45049617851931273,0.86554254712724,0.027540059498429897,0.1171630715851361,0.3011301125315614,0.9558693658403106,0.23505750682217322,0.1171630715851361,121.82687393397848,0.00022605898525603353,0.00028403918258845806,0.0005546872853301466,1.9418396949768066,0.49700435996055603,0.0005546872853301466,18.229896545410156,18.6369571685791,4.404827117919922,12.707813262939453,11.165304183959961,10.642879486083984,927.0,-0.17755465254349176,-0.06479826687733381,-0.20004055036900026,-0.19767236000292673,-0.12190566474550123,-0.050948106525857566,85.0,0.9631886659667139,6.380031951128785e-09,3.6792623149271885e-06,6.3819031640340855e-09,3.6842312637329345e-06
gov_report:128,gov_report,disagreement_calibration,64,32,physical_delete_high_random_85,high_random,85,23,24,0.15008680739986605,0.15293991417259606,0.991196357466079,0.13276607933744272,0.9813449171318991,0.15162902020652935,0.20580756789538998,0.7927163409108572,0.6121542893483626,0.7367514312379462,0.20580756789538998,141.63609024951035,0.0010705535569318185,0.0014521698467433453,0.0026405523531138897,1.8178640604019165,0.5605397820472717,0.0026405523531138897,16.52028465270996,17.133636474609375,4.388075351715088,12.562224388122559,13.946782112121582,13.99176025390625,927.0,-0.17755465254349176,-0.06479826687733381,-0.20004055036900026,-0.19767236000292673,-0.12190566474550123,-0.050948106525857566,85.0,0.9631886659667139,,,,
gov_report:128,gov_report,disagreement_calibration,64,32,physical_delete_high_random_85,high_random,85,24,25,0.5591122943443659,0.5601003219968039,0.9991260533492106,0.0418081540821269,0.9982359809240681,0.6268171203154416,0.6858269304244,0.9445249715975672,0.32985892123613847,0.9139581613214834,0.6858269304244,176.1589471714499,0.0035582474258623966,0.0023461165837943554,0.005627863109111786,1.766546607017517,0.5543050765991211,0.005627863109111786,16.661617279052734,17.46398162841797,5.492694854736328,17.45743179321289,16.807659149169922,80.22023010253906,927.0,-0.17755465254349176,-0.06479826687733381,-0.20004055036900026,-0.19767236000292673,-0.12190566474550123,-0.050948106525857566,85.0,0.9631886659667139,,,,
gov_report:128,gov_report,disagreement_calibration,64,32,physical_delete_high_random_85,high_random,85,25,26,0.23264811778690186,0.24751872420726123,0.9734254713775662,0.2314419625983294,0.9399212868925934,0.23982449889465474,0.8157814960409958,0.4026774750655827,0.921773134291517,0.2939812928566386,0.8157814960409958,204.937785532972,0.0011702307520838802,0.0015452179359272122,0.0026111965999007225,1.964152216911316,0.5397079586982727,0.0026111965999007225,14.59885025024414,16.326168060302734,7.056440830230713,20.631742477416992,21.748506546020508,67.56988525390625,927.0,-0.17755465254349176,-0.06479826687733381,-0.20004055036900026,-0.19767236000292673,-0.12190566474550123,-0.050948106525857566,85.0,0.9631886659667139,,,,
gov_report:128,gov_report,disagreement_calibration,64,32,physical_delete_high_random_85,high_random,85,26,27,0.478376130437152,0.4903299481114914,0.9946089321495928,0.10542114874272834,0.9756208697421408,0.5059771685746862,0.870078509075567,0.24116084663855308,1.02844199150215,0.5815304748904465,0.870078509075567,236.62617873834967,0.0021382975090603667,0.004635999444872141,0.004978629294782877,2.569713830947876,0.47176170349121094,0.004978629294782877,13.99074935913086,15.61402702331543,4.3671417236328125,21.632583618164062,27.619258880615234,172.17959594726562,927.0,-0.17755465254349176,-0.06479826687733381,-0.20004055036900026,-0.19767236000292673,-0.12190566474550123,-0.050948106525857566,85.0,0.9631886659667139,2.5574822596398654e-06,7.628888299798168e-06,2.539446242321807e-06,7.747214309289157e-06
gov_report:128,gov_report,disagreement_calibration,64,32,physical_delete_high_random_85,high_random,85,27,28,0.1983757656110558,0.2473996387732848,0.7726574297931063,0.6354937581076159,0.8018433923133004,0.1972291728913655,0.9965110231798502,0.2294063134439295,0.9738398993354316,0.19791971017240778,0.9965110231798502,215.41826500954036,0.0009155638352329626,0.004503975156694651,0.0026370191480964422,3.378284215927124,0.17179988324642181,0.0026370191480964422,14.140798568725586,14.959524154663086,3.1543190479278564,19.04618263244629,26.85696029663086,152.3878631591797,927.0,-0.17755465254349176,-0.06479826687733381,-0.20004055036900026,-0.19767236000292673,-0.12190566474550123,-0.050948106525857566,85.0,0.9631886659667139,,,,
gov_report:128,gov_report,disagreement_calibration,64,32,physical_delete_median_aov_23,median_aov,23,0,1,0.0008754259933063112,0.0008768985887353092,0.9998144638643462,0.019320177147427692,0.9983206776155019,0.001220616160037325,0.0012223375692699487,0.9997135972060878,0.023957925588695774,0.9985917071716517,0.0012223375692699487,21.965031044929678,5.5570882533265866e-05,6.11869982094504e-05,0.00016885690274648368,1.0449306964874268,0.7037158608436584,0.00016885690274648368,778.75634765625,778.7916870117188,1835.3990478515625,3.102302074432373,4.159728050231934,0.7968976497650146,989.0,-0.05551016901151834,-0.8200578468082607,-0.2440551110625791,-0.2444708948621158,-0.39345316952599185,-0.0745907972788673,23.0,0.6800600407441711,1.1913976872038765e-10,1.244240351559812e-10,1.1913815624845578e-10,1.244240968504678e-10
gov_report:128,gov_report,disagreement_calibration,64,32,physical_delete_median_aov_23,median_aov,23,1,2,0.018501199373010587,0.01833976551640195,0.9996857702177772,0.02667346373942995,1.0088023947996643,0.021677629364785338,0.02160968382868577,0.9982137405009689,0.059946958838255335,1.003144217038908,0.02160968382868577,27.954493444971533,0.0007754613549860164,0.0008668584632687271,0.002072311704978347,2.8160524368286133,0.252130389213562,0.002072311704978347,91.87568664550781,90.98197937011719,3925.508056640625,3.1903648376464844,4.082812309265137,0.5946309566497803,989.0,-0.05551016901151834,-0.8200578468082607,-0.2440551110625791,-0.2444708948621158,-0.39345316952599185,-0.0745907972788673,23.0,0.6800600407441711,,,,
gov_report:128,gov_report,disagreement_calibration,64,32,physical_delete_median_aov_23,median_aov,23,2,3,0.007526619149618651,0.007858025117288718,0.743321785258704,0.7024846570963766,0.9578257943028294,0.008318880807523996,0.024767243048689876,0.46329734462636557,0.895315665524191,0.3358823907517653,0.024767243048689876,31.904446310152963,0.0002607436194520848,0.00011880459351232275,0.0002711598062887788,1.7734079360961914,0.5100526213645935,0.0002711598062887788,26.424701690673828,26.255582809448242,54.02253723144531,5.682425498962402,6.005796909332275,1.3502941131591797,989.0,-0.05551016901151834,-0.8200578468082607,-0.2440551110625791,-0.2444708948621158,-0.39345316952599185,-0.0745907972788673,23.0,0.6800600407441711,,,,
gov_report:128,gov_report,disagreement_calibration,64,32,physical_delete_median_aov_23,median_aov,23,3,4,0.002603496415439187,0.004870297901137254,0.48904151489478115,0.8734477027447595,0.5345661535059795,0.0026096287886471776,0.025242071920990178,0.3381415697314103,0.9699336834322531,0.10338409607640517,0.025242071920990178,34.48534467691578,7.567355968444308e-05,4.55205918115098e-05,9.306422725785524e-05,1.4411247968673706,0.6295778751373291,9.306422725785524e-05,20.761838912963867,20.67840003967285,7.7529120445251465,6.732424736022949,6.3158040046691895,1.4502142667770386,989.0,-0.05551016901151834,-0.8200578468082607,-0.2440551110625791,-0.2444708948621158,-0.39345316952599185,-0.0745907972788673,23.0,0.6800600407441711,,,,
gov_report:128,gov_report,disagreement_calibration,64,32,physical_delete_median_aov_23,median_aov,23,4,5,0.0018341987180365198,0.004821790253581885,0.13362349473994747,1.021294448961989,0.38039786501994327,0.002119839835414872,0.027167020391606816,0.1570693097894027,0.9907454065033517,0.07802989819486392,0.027167020391606816,39.930672963164575,5.308800674034197e-05,4.570493183564395e-05,6.613245204789564e-05,1.1774052381515503,0.742058277130127,6.613245204789564e-05,18.56948471069336,17.608564376831055,4.755467891693115,6.958178997039795,6.994998931884766,2.138948678970337,989.0,-0.05551016901151834,-0.8200578468082607,-0.2440551110625791,-0.2444708948621158,-0.39345316952599185,-0.0745907972788673,23.0,0.6800600407441711,3.083110152148244e-11,6.297385018279382e-09,3.083111673678221e-11,6.2974011023150855e-09
gov_report:128,gov_report,disagreement_calibration,64,32,physical_delete_median_aov_23,median_aov,23,5,6,0.003944269061770812,0.00960135029299869,0.2847149486485818,0.9668690400834952,0.41080357880984464,0.004288002805523725,0.026975226426133574,0.16452785114283403,0.9863881480297081,0.15896077155332095,0.026975226426133574,40.50440470118126,0.0001058650987999503,6.942888285266235e-05,0.00013757366104982793,1.4118510484695435,0.6707949042320251,0.00013757366104982793,17.8072452545166,16.876237869262695,4.381618022918701,7.735781669616699,8.032445907592773,1.88052499294281,989.0,-0.05551016901151834,-0.8200578468082607,-0.2440551110625791,-0.2444708948621158,-0.39345316952599185,-0.0745907972788673,23.0,0.6800600407441711,,,,
gov_report:128,gov_report,disagreement_calibration,64,32,physical_delete_median_aov_23,median_aov,23,6,7,0.016632958568250332,0.01667827373346873,0.9507044389732344,0.3135771522504019,0.9972829822832645,0.017821101540237652,0.03125629376827482,0.4268289860379298,0.915620508863402,0.570160418645863,0.03125629376827482,44.50681363118028,0.0004004128825738418,0.00033908034674823284,0.0008725327206775546,1.3149465322494507,0.6595332026481628,0.0008725327206775546,17.881027221679688,19.26874542236328,5.712917327880859,6.4019999504089355,6.700473785400391,1.2047978639602661,989.0,-0.05551016901151834,-0.8200578468082607,-0.2440551110625791,-0.2444708948621158,-0.39345316952599185,-0.0745907972788673,23.0,0.6800600407441711,,,,
gov_report:128,gov_report,disagreement_calibration,64,32,physical_delete_median_aov_23,median_aov,23,7,8,0.004002342578276424,0.010217254320570473,0.4496922809598011,0.8950626721789233,0.3917238871326202,0.0038053873233953425,0.030302676977645087,0.3004281474164972,0.9696984410649657,0.1255792458931155,0.030302676977645087,50.91791593268521,7.473572422771902e-05,9.68378153629601e-05,0.0001421523920726031,2.454462766647339,0.3305726647377014,0.0001421523920726031,34.653526306152344,33.69430160522461,193.45433044433594,5.9996442794799805,6.470142841339111,1.693371295928955,989.0,-0.05551016901151834,-0.8200578468082607,-0.2440551110625791,-0.2444708948621158,-0.39345316952599185,-0.0745907972788673,23.0,0.6800600407441711,7.952891340508165e-10,1.4179372104155337e-08,7.953061281875343e-10,1.4179094830910295e-08
gov_report:128,gov_report,disagreement_calibration,64,32,physical_delete_median_aov_23,median_aov,23,8,9,0.00795211162205843,0.011472475518296837,0.6587446325502898,0.7531527267275583,0.6931469680955983,0.007876151382928761,0.02955392537577912,0.3263869269210291,0.9471314033834405,0.26650102423902206,0.02955392537577912,50.56403996587166,0.00015576586420398353,0.00014626218762714416,0.00032233557431027293,1.9818572998046875,0.49979427456855774,0.00032233557431027293,19.226905822753906,19.207393646240234,5.8656511306762695,7.150025367736816,7.806460857391357,1.9599103927612305,989.0,-0.05551016901151834,-0.8200578468082607,-0.2440551110625791,-0.2444708948621158,-0.39345316952599185,-0.0745907972788673,23.0,0.6800600407441711,,,,
gov_report:128,gov_report,disagreement_calibration,64,32,physical_delete_median_aov_23,median_aov,23,9,10,0.020333771700261762,0.020749716134481386,0.9287448863851163,0.37423967043500284,0.9799542108661228,0.019460998892851016,0.032461155989663405,0.5613688277343546,0.828444497101211,0.5995165082552197,0.032461155989663405,49.88482531422785,0.00039011861363179854,0.00040152997826226056,0.000700588570907712,2.2178866863250732,0.4688349664211273,0.000700588570907712,17.111968994140625,18.7982177734375,4.883980751037598,7.055951118469238,7.354213237762451,1.1959782838821411,989.0,-0.05551016901151834,-0.8200578468082607,-0.2440551110625791,-0.2444708948621158,-0.39345316952599185,-0.0745907972788673,23.0,0.6800600407441711,,,,
gov_report:128,gov_report,disagreement_calibration,64,32,physical_delete_median_aov_23,median_aov,23,10,11,0.0053894947392595085,0.01674138462279994,0.21197469362083093,0.9834409595289241,0.3219264631146222,0.005377328228232595,0.029133248306722856,0.15645744161357789,0.9880849051539089,0.18457702250084176,0.029133248306722856,48.294772262480066,0.0001113438986523643,0.00013808532094117254,0.00018375761283095926,2.565937042236328,0.3853241205215454,0.00018375761283095926,18.05988311767578,18.262813568115234,5.199052810668945,7.499821662902832,8.162530899047852,2.2973971366882324,989.0,-0.05551016901151834,-0.8200578468082607,-0.2440551110625791,-0.2444708948621158,-0.39345316952599185,-0.0745907972788673,23.0,0.6800600407441711,1.0616314634008444e-09,3.602413805340061e-08,1.0616307766058558e-09,3.6023874695935456e-08
gov_report:128,gov_report,disagreement_calibration,64,32,physical_delete_median_aov_23,median_aov,23,11,12,0.027067273489763365,0.026524995198055387,0.9323315246028534,0.372185095244215,1.0204440486288093,0.023310799388021688,0.034939531946444266,0.6775568561427091,0.7355436624922178,0.6671754911815293,0.034939531946444266,53.573444758524424,0.0004351185460089824,0.00040904548950493336,0.00072091119363904,2.643414258956909,0.3429920971393585,0.00072091119363904,16.554080963134766,18.990083694458008,6.348488807678223,8.66228199005127,7.674081802368164,1.2058316469192505,989.0,-0.05551016901151834,-0.8200578468082607,-0.2440551110625791,-0.2444708948621158,-0.39345316952599185,-0.0745907972788673,23.0,0.6800600407441711,,,,
gov_report:128,gov_report,disagreement_calibration,64,32,physical_delete_median_aov_23,median_aov,23,12,13,0.011062968401257657,0.019579979038769776,0.653894659517123,0.7617883500600947,0.5650143128014682,0.008048978267675512,0.03998710174364977,0.2985364547112067,0.9593398677795908,0.20128936373723924,0.03998710174364977,57.555691178595865,0.00013984678322599678,0.0002061492414213717,0.000503924791701138,2.262470245361328,0.3983441889286041,0.000503924791701138,15.184867858886719,17.26920509338379,3.8595352172851562,6.792895793914795,8.473686218261719,1.088564157485962,989.0,-0.05551016901151834,-0.8200578468082607,-0.2440551110625791,-0.2444708948621158,-0.39345316952599185,-0.0745907972788673,23.0,0.6800600407441711,,,,
gov_report:128,gov_report,disagreement_calibration,64,32,physical_delete_median_aov_23,median_aov,23,13,14,0.001365410199039827,0.006630851690523507,0.20359303146160906,0.979058364937229,0.20591777086361399,0.0013436106311766778,0.03743190987292436,0.026868882216939623,0.999679713819217,0.035894792323929815,0.03743190987292436,61.09932588698295,2.1990596650149464e-05,2.9997943784110248e-05,4.182102202321403e-05,2.5161640644073486,0.3269582986831665,4.182102202321403e-05,16.074373245239258,18.964174270629883,3.578993082046509,7.074559211730957,7.934084892272949,1.9900097846984863,989.0,-0.05551016901151834,-0.8200578468082607,-0.2440551110625791,-0.2444708948621158,-0.39345316952599185,-0.0745907972788673,23.0,0.6800600407441711,,,,
gov_report:128,gov_report,disagreement_calibration,64,32,physical_delete_median_aov_23,median_aov,23,14,15,0.001085984583694099,0.01505444637660808,0.02380283803556582,1.0008844233292764,0.07213713188294489,0.0009136920397468749,0.04150223942915963,0.11048923506587942,0.9978074628482889,0.022015487653538796,0.04150223942915963,60.09752968335085,1.520348747379545e-05,1.732921191432979e-05,3.369097612448968e-05,1.6286743879318237,0.5808057188987732,3.369097612448968e-05,20.669391632080078,18.897523880004883,9.722497940063477,10.35297966003418,9.245899200439453,1.5664280652999878,989.0,-0.05551016901151834,-0.8200578468082607,-0.2440551110625791,-0.2444708948621158,-0.39345316952599185,-0.0745907972788673,23.0,0.6800600407441711,1.374504146111011e-10,4.3204463328635714e-08,1.3745099804860913e-10,4.3205344548012925e-08
gov_report:128,gov_report,disagreement_calibration,64,32,physical_delete_median_aov_23,median_aov,23,15,16,0.03567363474739781,0.036492616584620524,0.9444952276187099,0.33018462348190347,0.9775576016774894,0.03516287192644542,0.0523217882545932,0.7280421417490248,0.687815185593409,0.6720502700585459,0.0523217882545932,64.2660185568759,0.000547145641134218,0.0005021737306378782,0.001410118886269629,2.4773731231689453,0.39688268303871155,0.001410118886269629,54.23228073120117,55.3814582824707,1431.7564697265625,6.457945346832275,7.754779815673828,2.012951374053955,989.0,-0.05551016901151834,-0.8200578468082607,-0.2440551110625791,-0.2444708948621158,-0.39345316952599185,-0.0745907972788673,23.0,0.6800600407441711,,,,
gov_report:128,gov_report,disagreement_calibration,64,32,physical_delete_median_aov_23,median_aov,23,16,17,0.05750830683659799,0.05744079293148943,0.9786781873428768,0.20662799575007063,1.001175365130998,0.05445630841090992,0.08004369304808977,0.7903914248369002,0.6224101624345894,0.6803322827470354,0.08004369304808977,64.01716729679757,0.0008506516409643461,0.0009059534058906138,0.0028652024921029806,2.6235263347625732,0.32506343722343445,0.0028652024921029806,13.140649795532227,17.70060157775879,5.608544826507568,6.282433986663818,8.572480201721191,3.290295124053955,989.0,-0.05551016901151834,-0.8200578468082607,-0.2440551110625791,-0.2444708948621158,-0.39345316952599185,-0.0745907972788673,23.0,0.6800600407441711,,,,
gov_report:128,gov_report,disagreement_calibration,64,32,physical_delete_median_aov_23,median_aov,23,17,18,0.13936336428999208,0.13763225778786461,0.9915664809382511,0.13129123364288137,1.0125777672324148,0.1355072043509375,0.16103167734212115,0.8950226872867001,0.4492212152814415,0.8414940872971507,0.16103167734212115,66.07695121302957,0.002050748435926885,0.001727880910038948,0.0033032905776053667,2.6143035888671875,0.35293856263160706,0.0033032905776053667,12.979240417480469,15.894440650939941,6.254524230957031,7.548050880432129,9.225137710571289,3.402017116546631,989.0,-0.05551016901151834,-0.8200578468082607,-0.2440551110625791,-0.2444708948621158,-0.39345316952599185,-0.0745907972788673,23.0,0.6800600407441711,,,,
gov_report:128,gov_report,disagreement_calibration,64,32,physical_delete_median_aov_23,median_aov,23,18,19,0.008737512002837164,0.027501408251562803,0.2373255767013803,0.9747504591305062,0.3177114394620371,0.008008661424529292,0.1562673086594211,0.04195328456948082,0.9991628227136461,0.05124975590373722,0.1562673086594211,73.77617749647759,0.00010855348835213999,0.00020392141595948488,0.0003673681931104511,2.481377363204956,0.3493541479110718,0.0003673681931104511,20.07023048400879,21.688318252563477,6.932224273681641,8.0042085647583,9.205900192260742,2.720614194869995,989.0,-0.05551016901151834,-0.8200578468082607,-0.2440551110625791,-0.2444708948621158,-0.39345316952599185,-0.0745907972788673,23.0,0.6800600407441711,9.141633898964731e-09,1.3012301717329035e-06,9.141949920770754e-09,1.3012616672964032e-06
gov_report:128,gov_report,disagreement_calibration,64,32,physical_delete_median_aov_23,median_aov,23,19,20,0.002551992560514806,0.02843223417221814,0.14858008425471667,0.9906483289548657,0.08975701821591013,0.0028550864009367063,0.15549759324906565,0.05492263977889879,0.999159776738124,0.018360968432248465,0.15549759324906565,78.28630970582994,3.646980438425353e-05,5.2214145398465917e-05,7.041478966129944e-05,1.7158198356628418,0.5407428741455078,7.041478966129944e-05,16.543025970458984,17.986217498779297,3.5662472248077393,8.519647598266602,9.965325355529785,3.164489984512329,989.0,-0.05551016901151834,-0.8200578468082607,-0.2440551110625791,-0.2444708948621158,-0.39345316952599185,-0.0745907972788673,23.0,0.6800600407441711,,,,
gov_report:128,gov_report,disagreement_calibration,64,32,physical_delete_median_aov_23,median_aov,23,20,21,0.0036178647022792275,0.016512576147635523,0.2601453890324121,0.9664415673106593,0.21909753329417825,0.0034335654919073508,0.1675531902547422,0.055733131983252415,0.9990674290670982,0.020492391023334586,0.1675531902547422,87.1730480120931,3.938792516961238e-05,0.00010132138413609937,0.00014660775195807219,2.2817423343658447,0.4827902615070343,0.00014660775195807219,15.047799110412598,17.698307037353516,4.934889316558838,6.805939674377441,11.258508682250977,6.079520225524902,989.0,-0.05551016901151834,-0.8200578468082607,-0.2440551110625791,-0.2444708948621158,-0.39345316952599185,-0.0745907972788673,23.0,0.6800600407441711,,,,
gov_report:128,gov_report,disagreement_calibration,64,32,physical_delete_median_aov_23,median_aov,23,21,22,0.04019340026174588,0.044439188163965894,0.9510020590083115,0.3126681774243426,0.9044584728561093,0.038218377388439494,0.18923083371821722,0.32334168568552396,0.9540345784299119,0.2019669661517758,0.18923083371821722,100.81533181749579,0.0003790929087812313,0.0006025152979418635,0.001279567601159215,2.6358063220977783,0.35962870717048645,0.001279567601159215,14.440720558166504,16.66585350036621,4.551356315612793,8.034202575683594,11.427146911621094,7.424505710601807,989.0,-0.05551016901151834,-0.8200578468082607,-0.2440551110625791,-0.2444708948621158,-0.39345316952599185,-0.0745907972788673,23.0,0.6800600407441711,,,,
gov_report:128,gov_report,disagreement_calibration,64,32,physical_delete_median_aov_23,median_aov,23,22,23,0.00960458847551576,0.018464484582214502,0.5297667315840608,0.8481977323179457,0.5201655336086208,0.00966163626776346,0.19557613330690915,0.04658048691042616,0.9989185216762938,0.04940089623615716,0.19557613330690915,121.82687393397848,7.930628075542168e-05,0.0003243108803872019,0.00023896062339190394,1.9418396949768066,0.49700435996055603,0.00023896062339190394,16.208757400512695,18.6369571685791,4.404827117919922,7.187607765197754,11.165304183959961,10.642879486083984,989.0,-0.05551016901151834,-0.8200578468082607,-0.2440551110625791,-0.2444708948621158,-0.39345316952599185,-0.0745907972788673,23.0,0.6800600407441711,7.16378860296384e-10,1.221458459453649e-06,7.163801165448282e-10,1.2216641261116205e-06
gov_report:128,gov_report,disagreement_calibration,64,32,physical_delete_median_aov_23,median_aov,23,23,24,0.07526979281843199,0.07641386942877297,0.9678456223327465,0.2521310805219785,0.9850278932490469,0.07277946989957519,0.21977108149529903,0.34645237831606795,0.9381921953747459,0.33116035742460487,0.21977108149529903,141.63609024951035,0.0005138483402878794,0.0016563009703531861,0.0022367932833731174,1.8178640604019165,0.5605397820472717,0.0022367932833731174,14.6496000289917,17.133636474609375,4.388075351715088,10.030521392822266,13.946782112121582,13.99176025390625,989.0,-0.05551016901151834,-0.8200578468082607,-0.2440551110625791,-0.2444708948621158,-0.39345316952599185,-0.0745907972788673,23.0,0.6800600407441711,,,,
gov_report:128,gov_report,disagreement_calibration,64,32,physical_delete_median_aov_23,median_aov,23,24,25,0.020540384034973474,0.0315231470326919,0.7301265033495054,0.687809706199845,0.6515968730428956,0.021037267019637974,0.24087014532006126,0.09262520151017875,0.995715079703285,0.0873386238534637,0.24087014532006126,176.1589471714499,0.00011942207510563213,0.0004560686938930303,0.00044742674799636006,1.766546607017517,0.5543050765991211,0.00044742674799636006,15.450629234313965,17.46398162841797,5.492694854736328,9.816394805908203,16.807659149169922,80.22023010253906,989.0,-0.05551016901151834,-0.8200578468082607,-0.2440551110625791,-0.2444708948621158,-0.39345316952599185,-0.0745907972788673,23.0,0.6800600407441711,,,,
gov_report:128,gov_report,disagreement_calibration,64,32,physical_delete_median_aov_23,median_aov,23,25,26,0.27218783975209615,0.2635299603573977,0.9890656025178793,0.15383956956758765,1.0328534918115448,0.2833990902710336,0.39972807804428145,0.7613848529401204,0.6504147956843681,0.7089796935396642,0.39972807804428145,204.937785532972,0.0013828542624973283,0.0026226274203509092,0.004034819547086954,1.964152216911316,0.5397079586982727,0.004034819547086954,15.782600402832031,16.326168060302734,7.056440830230713,15.182162284851074,21.748506546020508,67.56988525390625,989.0,-0.05551016901151834,-0.8200578468082607,-0.2440551110625791,-0.2444708948621158,-0.39345316952599185,-0.0745907972788673,23.0,0.6800600407441711,,,,
gov_report:128,gov_report,disagreement_calibration,64,32,physical_delete_median_aov_23,median_aov,23,26,27,0.7202369585245002,0.7002798680400313,0.9993634684720599,0.04605997880390113,1.0284987351418877,0.4133024472197766,0.6014325120046244,0.7124945233849654,0.7021335579493725,0.6871967161239841,0.6014325120046244,236.62617873834967,0.0017466471775161758,0.010705103166401386,0.004601527936756611,2.569713830947876,0.47176170349121094,0.004601527936756611,11.456228256225586,15.61402702331543,4.3671417236328125,10.905900955200195,27.619258880615234,172.17959594726562,989.0,-0.05551016901151834,-0.8200578468082607,-0.2440551110625791,-0.2444708948621158,-0.39345316952599185,-0.0745907972788673,23.0,0.6800600407441711,8.461759455932305e-07,8.663689676847514e-06,8.461092801761585e-07,8.602559582526532e-06
gov_report:128,gov_report,disagreement_calibration,64,32,physical_delete_median_aov_23,median_aov,23,27,28,0.8156571165234026,0.7003535337273763,0.9422614440810444,0.40198747171991717,1.1646362547531743,0.746850077295559,0.9361423855112808,0.6921343231790096,0.7294616776854107,0.7977953875976479,0.9361423855112808,215.41826500954036,0.003466976568873966,0.038420166820287704,0.019364506006240845,3.378284215927124,0.17179988324642181,0.019364506006240845,14.078970909118652,14.959524154663086,3.1543190479278564,9.433403968811035,26.85696029663086,152.3878631591797,989.0,-0.05551016901151834,-0.8200578468082607,-0.2440551110625791,-0.2444708948621158,-0.39345316952599185,-0.0745907972788673,23.0,0.6800600407441711,,,,
gov_report:128,gov_report,disagreement_calibration,64,32,physical_delete_median_age_50,median_age,50,0,1,0.00029293636255754127,0.0002930182074397285,0.9982345228141848,0.05941419135941608,0.9997206832882422,0.0003768500559235618,0.00037904837895046367,0.9967332312794505,0.08080396536047374,0.9942004157015821,0.00037904837895046367,21.965031044929678,1.7156818724850034e-05,1.4623044990003109e-05,3.5205172025598586e-05,1.0449306964874268,0.7037158608436584,3.5205172025598586e-05,779.638427734375,778.7916870117188,1835.3990478515625,4.660738945007324,4.159728050231934,0.7968976497650146,962.0,-0.0008107788968094581,0.1260448939095352,0.04215311064154786,0.051881170080142855,-0.15811942307797336,-0.48795835544698696,50.0,0.13903811609683292,8.937868089253312e-12,5.922850084689641e-12,8.937767935128875e-12,5.923088725177431e-12
gov_report:128,gov_report,disagreement_calibration,64,32,physical_delete_median_age_50,median_age,50,1,2,0.01694979379456941,0.01695637314588427,0.9999943269321072,0.0033900280304523848,0.9996119835734769,0.020485294197955327,0.02050846066704279,0.9998141634861141,0.019301015319926996,0.9988703945428389,0.02050846066704279,27.954493444971533,0.0007328086355161707,0.0009527796064503491,0.0014261994510889053,2.8160524368286133,0.252130389213562,0.0014261994510889053,89.63226318359375,90.98197937011719,3925.508056640625,4.060120582580566,4.082812309265137,0.5946309566497803,962.0,-0.0008107788968094581,0.1260448939095352,0.04215311064154786,0.051881170080142855,-0.15811942307797336,-0.48795835544698696,50.0,0.13903811609683292,,,,
gov_report:128,gov_report,disagreement_calibration,64,32,physical_delete_median_age_50,median_age,50,2,3,0.005191565741093728,0.007251401327772938,0.6736847912484288,0.7402258272136302,0.7159396517208308,0.00513448761854584,0.02167219974627863,0.3457448191059144,0.9446185815637214,0.2369158497363652,0.02167219974627863,31.904446310152963,0.00016093329339214672,0.00010453203140059486,0.00015101941244211048,1.7734079360961914,0.5100526213645935,0.00015101941244211048,26.645719528198242,26.255582809448242,54.02253723144531,7.288965225219727,6.005796909332275,1.3502941131591797,962.0,-0.0008107788968094581,0.1260448939095352,0.04215311064154786,0.051881170080142855,-0.15811942307797336,-0.48795835544698696,50.0,0.13903811609683292,,,,
gov_report:128,gov_report,disagreement_calibration,64,32,physical_delete_median_age_50,median_age,50,3,4,0.006103489801279446,0.006717437254036698,0.875635353498274,0.4840967402120263,0.9086039170089287,0.0056125861685221885,0.02238180943684926,0.328861625073868,0.9476017267700036,0.2507655238669696,0.02238180943684926,34.48534467691578,0.00016275279313879702,0.00013882196799386293,0.0002434380876366049,1.4411247968673706,0.6295778751373291,0.0002434380876366049,20.035476684570312,20.67840003967285,7.7529120445251465,5.700827598571777,6.3158040046691895,1.4502142667770386,962.0,-0.0008107788968094581,0.1260448939095352,0.04215311064154786,0.051881170080142855,-0.15811942307797336,-0.48795835544698696,50.0,0.13903811609683292,,,,
gov_report:128,gov_report,disagreement_calibration,64,32,physical_delete_median_age_50,median_age,50,4,5,0.02567000224546966,0.025689797622113777,0.9909403078039918,0.13455859757426436,0.9992294459872632,0.030008361867894857,0.0427365916013381,0.7946566093454217,0.6140640078139888,0.7021702186225651,0.0427365916013381,39.930672963164575,0.0007515115484173559,0.000581366301048547,0.0010043574729934335,1.1774052381515503,0.742058277130127,0.0010043574729934335,18.910629272460938,17.608564376831055,4.755467891693115,8.431625366210938,6.994998931884766,2.138948678970337,962.0,-0.0008107788968094581,0.1260448939095352,0.04215311064154786,0.051881170080142855,-0.15811942307797336,-0.48795835544698696,50.0,0.13903811609683292,2.979102391934273e-08,4.6741271088815016e-08,2.9786598641110805e-08,4.673252769519191e-08
gov_report:128,gov_report,disagreement_calibration,64,32,physical_delete_median_age_50,median_age,50,5,6,0.3037531555592819,0.3036021886578716,0.9989693329221708,0.04541592692886329,1.0004972523487978,0.3159093050316609,0.31426366828685076,0.99081478239666,0.135992839768096,1.0052364842356134,0.31426366828685076,40.50440470118126,0.007799381508314029,0.002956385025754571,0.007180691696703434,1.4118510484695435,0.6707949042320251,0.007180691696703434,16.45297622680664,16.876237869262695,4.381618022918701,9.448787689208984,8.032445907592773,1.88052499294281,962.0,-0.0008107788968094581,0.1260448939095352,0.04215311064154786,0.051881170080142855,-0.15811942307797336,-0.48795835544698696,50.0,0.13903811609683292,,,,
gov_report:128,gov_report,disagreement_calibration,64,32,physical_delete_median_age_50,median_age,50,6,7,0.010616887354650491,0.04091915550635889,0.10724734801602766,1.0058164455171412,0.25946007983963926,0.01199078934825347,0.3403384658758614,0.3108339448117557,0.9896154383447251,0.03523195451150419,0.3403384658758614,44.50681363118028,0.0002694146888972758,0.00031558118644170463,0.000339875346980989,1.3149465322494507,0.6595332026481628,0.000339875346980989,20.465919494628906,19.26874542236328,5.712917327880859,6.910019874572754,6.700473785400391,1.2047978639602661,962.0,-0.0008107788968094581,0.1260448939095352,0.04215311064154786,0.051881170080142855,-0.15811942307797336,-0.48795835544698696,50.0,0.13903811609683292,,,,
gov_report:128,gov_report,disagreement_calibration,64,32,physical_delete_median_age_50,median_age,50,7,8,0.04932893128481603,0.1262534138425579,0.339147711285158,0.9421453578195775,0.3907136431679448,0.052226233421904196,0.37095007492664206,0.33858202138243965,0.9615007616738849,0.1407904646797343,0.37095007492664206,50.91791593268521,0.0010256946394064637,0.0012981025502085686,0.0017528168391436338,2.454462766647339,0.3305726647377014,0.0017528168391436338,33.239540100097656,33.69430160522461,193.45433044433594,6.759822845458984,6.470142841339111,1.693371295928955,962.0,-0.0008107788968094581,0.1260448939095352,0.04215311064154786,0.051881170080142855,-0.15811942307797336,-0.48795835544698696,50.0,0.13903811609683292,4.538381129494477e-08,2.6857091734248375e-06,4.539057811726134e-08,2.684943787938393e-06
gov_report:128,gov_report,disagreement_calibration,64,32,physical_delete_median_age_50,median_age,50,8,9,0.3721473416125254,0.37247634124433765,0.993130021367207,0.11716911393599092,0.9991167234119805,0.3698635233084007,0.500989754536511,0.7827615515376745,0.6239104417334124,0.7382656430780281,0.500989754536511,50.56403996587166,0.007314754192070909,0.005579499993473291,0.009765105322003365,1.9818572998046875,0.49979427456855774,0.009765105322003365,17.15637969970703,19.207393646240234,5.8656511306762695,7.7721757888793945,7.806460857391357,1.9599103927612305,962.0,-0.0008107788968094581,0.1260448939095352,0.04215311064154786,0.051881170080142855,-0.15811942307797336,-0.48795835544698696,50.0,0.13903811609683292,,,,
gov_report:128,gov_report,disagreement_calibration,64,32,physical_delete_median_age_50,median_age,50,9,10,0.38451632136050234,0.38888234224094054,0.9672969824698716,0.2545540468064237,0.9887729001649215,0.3250617846090689,0.6035075437361739,0.6541216758825419,0.7651570160523579,0.5386209136619694,0.6035075437361739,49.88482531422785,0.0065162458234840565,0.007459692191332579,0.01141489576548338,2.2178866863250732,0.4688349664211273,0.01141489576548338,16.65211296081543,18.7982177734375,4.883980751037598,7.313000679016113,7.354213237762451,1.1959782838821411,962.0,-0.0008107788968094581,0.1260448939095352,0.04215311064154786,0.051881170080142855,-0.15811942307797336,-0.48795835544698696,50.0,0.13903811609683292,,,,
gov_report:128,gov_report,disagreement_calibration,64,32,physical_delete_median_age_50,median_age,50,10,11,0.1978096440835783,0.2501624938161412,0.6360213067375736,0.7870260567619656,0.7907246248870543,0.18525149725513518,0.5730998286092613,0.34487748678467683,0.938896956771207,0.3232447263240056,0.5730998286092613,48.294772262480066,0.003835849897962062,0.0059359013102948666,0.006224930286407471,2.565937042236328,0.3853241205215454,0.006224930286407471,16.049602508544922,18.262813568115234,5.199052810668945,6.750420093536377,8.162530899047852,2.2973971366882324,962.0,-0.0008107788968094581,0.1260448939095352,0.04215311064154786,0.051881170080142855,-0.15811942307797336,-0.48795835544698696,50.0,0.13903811609683292,3.550222837457503e-07,8.767150329598182e-06,3.5465138850058135e-07,8.760164360590136e-06
gov_report:128,gov_report,disagreement_calibration,64,32,physical_delete_median_age_50,median_age,50,11,12,0.23449505322318487,0.308648807515689,0.7255910989204938,0.6889732892458141,0.759747154413565,0.22202420995462804,0.579951053589936,0.5054462940738627,0.8715263305075573,0.3828326693783609,0.579951053589936,53.573444758524424,0.004144295946534226,0.007083997130393982,0.009221313521265984,2.643414258956909,0.3429920971393585,0.009221313521265984,16.567100524902344,18.990083694458008,6.348488807678223,6.359127044677734,7.674081802368164,1.2058316469192505,962.0,-0.0008107788968094581,0.1260448939095352,0.04215311064154786,0.051881170080142855,-0.15811942307797336,-0.48795835544698696,50.0,0.13903811609683292,,,,
gov_report:128,gov_report,disagreement_calibration,64,32,physical_delete_median_age_50,median_age,50,12,13,0.04739845481401876,0.11408475330181356,0.37145029515175054,0.9294956439369404,0.41546704044339017,0.03919707496258205,0.5722079611939352,0.13452344076685896,0.9931074197526155,0.06850144985888654,0.5722079611939352,57.555691178595865,0.0006810286552020224,0.001209700247272849,0.0021978409495204687,2.262470245361328,0.3983441889286041,0.0021978409495204687,16.48303985595703,17.26920509338379,3.8595352172851562,7.797243118286133,8.473686218261719,1.088564157485962,962.0,-0.0008107788968094581,0.1260448939095352,0.04215311064154786,0.051881170080142855,-0.15811942307797336,-0.48795835544698696,50.0,0.13903811609683292,,,,
gov_report:128,gov_report,disagreement_calibration,64,32,physical_delete_median_age_50,median_age,50,13,14,0.13874762544611668,0.15381421902497489,0.8897564369404335,0.456601068951616,0.9020468089727658,0.12026879342486024,0.5648841288056567,0.23871625777646818,0.9714322281733787,0.2129087848142351,0.5648841288056567,61.09932588698295,0.0019684144084883134,0.003764566732570529,0.005118189379572868,2.5161640644073486,0.3269582986831665,0.005118189379572868,17.090862274169922,18.964174270629883,3.578993082046509,7.951547622680664,7.934084892272949,1.9900097846984863,962.0,-0.0008107788968094581,0.1260448939095352,0.04215311064154786,0.051881170080142855,-0.15811942307797336,-0.48795835544698696,50.0,0.13903811609683292,,,,
gov_report:128,gov_report,disagreement_calibration,64,32,physical_delete_median_age_50,median_age,50,14,15,0.11318589268531437,0.1643791882871736,0.6890014818576159,0.724760062219264,0.6885658328448273,0.09278667939437896,0.574980414846965,0.14442937312663393,0.9896601761093045,0.161373634646451,0.574980414846965,60.09752968335085,0.0015439349983812091,0.0027758823707699776,0.0052589853294193745,1.6286743879318237,0.5808057188987732,0.0052589853294193745,17.263914108276367,18.897523880004883,9.722497940063477,8.090834617614746,9.245899200439453,1.5664280652999878,962.0,-0.0008107788968094581,0.1260448939095352,0.04215311064154786,0.051881170080142855,-0.15811942307797336,-0.48795835544698696,50.0,0.13903811609683292,1.0708155238055517e-07,1.1914343814655587e-05,1.0704813036171797e-07,1.1909819350717091e-05
gov_report:128,gov_report,disagreement_calibration,64,32,physical_delete_median_age_50,median_age,50,15,16,0.05802341281801593,0.14586667559647976,0.40131237741772346,0.9159480476503926,0.3977838843638953,0.051878085631443326,0.5179822194396977,0.21923358345723412,0.9829122746540533,0.10015418229521458,0.5179822194396977,64.2660185568759,0.0008072397636634488,0.00207504746504128,0.00209425063803792,2.4773731231689453,0.39688268303871155,0.00209425063803792,53.804840087890625,55.3814582824707,1431.7564697265625,6.521378517150879,7.754779815673828,2.012951374053955,962.0,-0.0008107788968094581,0.1260448939095352,0.04215311064154786,0.051881170080142855,-0.15811942307797336,-0.48795835544698696,50.0,0.13903811609683292,,,,
gov_report:128,gov_report,disagreement_calibration,64,32,physical_delete_median_age_50,median_age,50,16,17,0.06847459906092969,0.1161466455809188,0.6268412180049601,0.7800387819595754,0.5895529631393768,0.06712887403704362,0.5081738715012514,0.18796304423139232,0.9837635744199803,0.13209823999555695,0.5081738715012514,64.01716729679757,0.0010486073794208903,0.0028591600712388754,0.002415294758975506,2.6235263347625732,0.32506343722343445,0.002415294758975506,15.65740966796875,17.70060157775879,5.608544826507568,7.390697002410889,8.572480201721191,3.290295124053955,962.0,-0.0008107788968094581,0.1260448939095352,0.04215311064154786,0.051881170080142855,-0.15811942307797336,-0.48795835544698696,50.0,0.13903811609683292,,,,
gov_report:128,gov_report,disagreement_calibration,64,32,physical_delete_median_age_50,median_age,50,17,18,0.018145342702697697,0.06160074715688658,0.23703966519515546,0.9732015255185387,0.29456367885416407,0.017382455337192817,0.4889777733100441,0.18944251530401587,0.9938787064380981,0.03554855923107817,0.4889777733100441,66.07695121302957,0.00026306382207545324,0.0005865536513738334,0.0005090949707664549,2.6143035888671875,0.35293856263160706,0.0005090949707664549,14.716487884521484,15.894440650939941,6.254524230957031,7.307754993438721,9.225137710571289,3.402017116546631,962.0,-0.0008107788968094581,0.1260448939095352,0.04215311064154786,0.051881170080142855,-0.15811942307797336,-0.48795835544698696,50.0,0.13903811609683292,,,,
gov_report:128,gov_report,disagreement_calibration,64,32,physical_delete_median_age_50,median_age,50,18,19,0.07016155818062926,0.10466469984948519,0.5899591727464952,0.8114248019757523,0.6703459550500431,0.069218402177779,0.4694123755923174,0.050892814976365115,1.0033616849398634,0.1474575571009122,0.4694123755923174,73.77617749647759,0.0009382215848887509,0.0016052498249337077,0.002985230879858136,2.481377363204956,0.3493541479110718,0.002985230879858136,20.205120086669922,21.688318252563477,6.932224273681641,8.44414234161377,9.205900192260742,2.720614194869995,962.0,-0.0008107788968094581,0.1260448939095352,0.04215311064154786,0.051881170080142855,-0.15811942307797336,-0.48795835544698696,50.0,0.13903811609683292,2.1295877011264485e-07,1.2211801741495495e-05,2.128932548471913e-07,1.2201432464692404e-05
gov_report:128,gov_report,disagreement_calibration,64,32,physical_delete_median_age_50,median_age,50,19,20,0.010501508847782967,0.10146682475743878,0.15376640519900306,0.989385116532938,0.10349696930880924,0.009044534263259801,0.4919803932962255,0.03925640037183255,0.9994471446512623,0.018383932340600435,0.4919803932962255,78.28630970582994,0.00011553149327443978,0.00018782327242661268,0.0003260909579694271,1.7158198356628418,0.5407428741455078,0.0003260909579694271,18.644641876220703,17.986217498779297,3.5662472248077393,8.709391593933105,9.965325355529785,3.164489984512329,962.0,-0.0008107788968094581,0.1260448939095352,0.04215311064154786,0.051881170080142855,-0.15811942307797336,-0.48795835544698696,50.0,0.13903811609683292,,,,
gov_report:128,gov_report,disagreement_calibration,64,32,physical_delete_median_age_50,median_age,50,20,21,0.06310098147460416,0.09819920419895661,0.5577745326841782,0.8343139542942554,0.6425813934984478,0.06568075539984322,0.5032359011117475,0.19132008606695564,0.9834092029321229,0.13051683167822775,0.5032359011117475,87.1730480120931,0.0007534525509619858,0.0010287067852914333,0.0013958403142169118,2.2817423343658447,0.4827902615070343,0.0013958403142169118,17.625011444091797,17.698307037353516,4.934889316558838,11.266937255859375,11.258508682250977,6.079520225524902,962.0,-0.0008107788968094581,0.1260448939095352,0.04215311064154786,0.051881170080142855,-0.15811942307797336,-0.48795835544698696,50.0,0.13903811609683292,,,,
gov_report:128,gov_report,disagreement_calibration,64,32,physical_delete_median_age_50,median_age,50,21,22,0.1542584197538537,0.16437535072609652,0.9230046216030945,0.3850988160228045,0.9384522622914372,0.14788769345011818,0.5266079085072574,0.35329693187212863,0.9383137138341515,0.28083074914185435,0.5266079085072574,100.81533181749579,0.0014669166959430005,0.0019306399626657367,0.002544982824474573,2.6358063220977783,0.35962870717048645,0.002544982824474573,16.258472442626953,16.66585350036621,4.551356315612793,12.046083450317383,11.427146911621094,7.424505710601807,962.0,-0.0008107788968094581,0.1260448939095352,0.04215311064154786,0.051881170080142855,-0.15811942307797336,-0.48795835544698696,50.0,0.13903811609683292,,,,
gov_report:128,gov_report,disagreement_calibration,64,32,physical_delete_median_age_50,median_age,50,22,23,0.13747597187176028,0.1439573590396357,0.9344752288645579,0.3566179618088607,0.954977034789233,0.13038755034430974,0.5749117674328449,0.2425559785106035,0.9702654182360145,0.2267957584631284,0.5749117674328449,121.82687393397848,0.001070269195407333,0.0008749605040065944,0.0013598183868452907,1.9418396949768066,0.49700435996055603,0.0013598183868452907,18.113338470458984,18.6369571685791,4.404827117919922,14.706306457519531,11.165304183959961,10.642879486083984,962.0,-0.0008107788968094581,0.1260448939095352,0.04215311064154786,0.051881170080142855,-0.15811942307797336,-0.48795835544698696,50.0,0.13903811609683292,5.979713903566828e-08,1.365622119233671e-05,5.975585291143543e-08,1.3639106175022131e-05
gov_report:128,gov_report,disagreement_calibration,64,32,physical_delete_median_age_50,median_age,50,23,24,0.049019256414624304,0.08105122508456421,0.6537709209695834,0.7582759180271172,0.6047935285799866,0.046056254251951964,0.6268756755491574,0.167071742074811,0.9903779123120257,0.07346951883498373,0.6268756755491574,141.63609024951035,0.0003251731544609703,0.0002500822301954031,0.00039077221299521625,1.8178640604019165,0.5605397820472717,0.00039077221299521625,16.380626678466797,17.133636474609375,4.388075351715088,18.05817985534668,13.946782112121582,13.99176025390625,962.0,-0.0008107788968094581,0.1260448939095352,0.04215311064154786,0.051881170080142855,-0.15811942307797336,-0.48795835544698696,50.0,0.13903811609683292,,,,
gov_report:128,gov_report,disagreement_calibration,64,32,physical_delete_median_age_50,median_age,50,24,25,0.005745869345735682,0.042669110477217095,0.09923246942081104,0.995694784994626,0.13466109983248076,0.006048510198520279,0.6774896981802082,0.09489160364247069,0.9991923511568822,0.008927826083211396,0.6774896981802082,176.1589471714499,3.433552649831323e-05,2.660691643541213e-05,4.0992177673615515e-05,1.766546607017517,0.5543050765991211,4.0992177673615515e-05,17.206130981445312,17.46398162841797,5.492694854736328,27.28007698059082,16.807659149169922,80.22023010253906,962.0,-0.0008107788968094581,0.1260448939095352,0.04215311064154786,0.051881170080142855,-0.15811942307797336,-0.48795835544698696,50.0,0.13903811609683292,,,,
gov_report:128,gov_report,disagreement_calibration,64,32,physical_delete_median_age_50,median_age,50,25,26,0.01596349740683667,0.07132217038700317,0.19295896317499123,0.9816921047772631,0.22382237276595343,0.017593060534232517,0.7444262315409855,0.15003733867320146,0.996728068138912,0.023633047559076917,0.7444262315409855,204.937785532972,8.584586043261412e-05,0.00010752138769021258,0.00014586093311663717,1.964152216911316,0.5397079586982727,0.00014586093311663717,16.69055938720703,16.326168060302734,7.056440830230713,36.212860107421875,21.748506546020508,67.56988525390625,962.0,-0.0008107788968094581,0.1260448939095352,0.04215311064154786,0.051881170080142855,-0.15811942307797336,-0.48795835544698696,50.0,0.13903811609683292,,,,
gov_report:128,gov_report,disagreement_calibration,64,32,physical_delete_median_age_50,median_age,50,26,27,0.09172768684039029,0.127979235168753,0.6877558557557707,0.7265204026529206,0.7167388265716579,0.0982115360023906,0.8527348990676109,0.10800774704873449,0.9941758692586092,0.11517241303220509,0.8527348990676109,236.62617873834967,0.0004150493260130292,0.0006553896819241345,0.00045235766447149217,2.569713830947876,0.47176170349121094,0.00045235766447149217,14.354511260986328,15.61402702331543,4.3671417236328125,39.739837646484375,27.619258880615234,172.17959594726562,962.0,-0.0008107788968094581,0.1260448939095352,0.04215311064154786,0.051881170080142855,-0.15811942307797336,-0.48795835544698696,50.0,0.13903811609683292,2.586894963256924e-08,1.4072976604799156e-05,2.5861675799796788e-08,1.4054039027479568e-05
gov_report:128,gov_report,disagreement_calibration,64,32,physical_delete_median_age_50,median_age,50,27,28,0.13004944035107951,0.22281076503194588,0.49132530872516317,0.8758585563728918,0.583676647456569,0.13468420367135442,0.9354148770039988,0.1167632449666979,0.9935327276141397,0.14398338852887269,0.9354148770039988,215.41826500954036,0.0006252218383867755,0.0010621619876474142,0.0008174448739737272,3.378284215927124,0.17179988324642181,0.0008174448739737272,14.323860168457031,14.959524154663086,3.1543190479278564,33.468448638916016,26.85696029663086,152.3878631591797,962.0,-0.0008107788968094581,0.1260448939095352,0.04215311064154786,0.051881170080142855,-0.15811942307797336,-0.48795835544698696,50.0,0.13903811609683292,,,,
gov_report:128,gov_report,disagreement_calibration,64,32,physical_delete_median_random_46,median_random,46,0,1,0.0003220060694277257,0.00032257527546708054,0.998570493929328,0.05345166901323218,0.9982354319049076,0.0004453786207046788,0.00044703537134887237,0.997727130657192,0.06739901226921095,0.9962939159843336,0.00044703537134887237,21.965031044929678,2.0276712552495493e-05,1.7839176507550292e-05,4.346815694589168e-05,1.0449306964874268,0.7037158608436584,4.346815694589168e-05,778.6583251953125,778.7916870117188,1835.3990478515625,3.664761543273926,4.159728050231934,0.7968976497650146,966.0,-0.10248765710751057,-0.16577774908705994,-0.10766032004931661,-0.0884919025586221,-0.3260564717249697,-0.8051205998611786,46.0,0.39892286409962774,4.2381049263330665e-11,3.812631296980386e-11,4.237921177877531e-11,3.812603444552944e-11
gov_report:128,gov_report,disagreement_calibration,64,32,physical_delete_median_random_46,median_random,46,1,2,0.0027069652354692222,0.002719626473439216,0.9996801467342842,0.02565934745631468,0.995344493777492,0.002901864132843727,0.002889773707360699,0.9878486430052629,0.1562750716446305,1.0041838658342803,0.002889773707360699,27.954493444971533,0.00010380671495822492,0.00015630836423952132,0.00023186557518783957,2.8160524368286133,0.252130389213562,0.00023186557518783957,92.09040832519531,90.98197937011719,3925.508056640625,4.084751605987549,4.082812309265137,0.5946309566497803,966.0,-0.10248765710751057,-0.16577774908705994,-0.10766032004931661,-0.0884919025586221,-0.3260564717249697,-0.8051205998611786,46.0,0.39892286409962774,,,,
gov_report:128,gov_report,disagreement_calibration,64,32,physical_delete_median_random_46,median_random,46,2,3,0.001509705722781029,0.0017167196465823831,0.884025712663191,0.46746103118007415,0.8794130863397095,0.0014599223649065201,0.003218379272492294,0.35145430199108163,0.9417631215255854,0.4536203602181308,0.003218379272492294,31.904446310152963,4.575921333077417e-05,4.819323658011854e-05,4.775828347192146e-05,1.7734079360961914,0.5100526213645935,4.775828347192146e-05,27.176151275634766,26.255582809448242,54.02253723144531,7.031526565551758,6.005796909332275,1.3502941131591797,966.0,-0.10248765710751057,-0.16577774908705994,-0.10766032004931661,-0.0884919025586221,-0.3260564717249697,-0.8051205998611786,46.0,0.39892286409962774,,,,
gov_report:128,gov_report,disagreement_calibration,64,32,physical_delete_median_random_46,median_random,46,3,4,0.0016232584104101584,0.0016846701151811026,0.9389474404909428,0.34493887851341287,0.9635467476881416,0.0015704667429252812,0.0036126615581816607,0.439207547131232,0.8983968732978116,0.43471183714085154,0.0036126615581816607,34.48534467691578,4.5540120234800477e-05,4.642794010578655e-05,7.914254820207134e-05,1.4411247968673706,0.6295778751373291,7.914254820207134e-05,19.814956665039062,20.67840003967285,7.7529120445251465,5.980473518371582,6.3158040046691895,1.4502142667770386,966.0,-0.10248765710751057,-0.16577774908705994,-0.10766032004931661,-0.0884919025586221,-0.3260564717249697,-0.8051205998611786,46.0,0.39892286409962774,,,,
gov_report:128,gov_report,disagreement_calibration,64,32,physical_delete_median_random_46,median_random,46,4,5,0.008866582796657528,0.008815540209435124,0.997136276045475,0.07611921655467173,1.0057900691290336,0.0111301512798247,0.012596066624144163,0.9412364366917569,0.34262733079724594,0.8836211820672976,0.012596066624144163,39.930672963164575,0.00027873688204784554,0.00023751302796881646,0.0003188308619428426,1.1774052381515503,0.742058277130127,0.0003188308619428426,17.18194580078125,17.608564376831055,4.755467891693115,6.769032955169678,6.994998931884766,2.138948678970337,966.0,-0.10248765710751057,-0.16577774908705994,-0.10766032004931661,-0.0884919025586221,-0.3260564717249697,-0.8051205998611786,46.0,0.39892286409962774,6.772772588222451e-10,1.4176700396966628e-09,6.773066381970561e-10,1.4177025354303089e-09
gov_report:128,gov_report,disagreement_calibration,64,32,physical_delete_median_random_46,median_random,46,5,6,0.024408270402112145,0.0231112341945019,0.9806180239754234,0.2099739505760505,1.056121460095749,0.023682815164400198,0.026349191218206853,0.8842321045881859,0.46727506681875164,0.8988061518956896,0.026349191218206853,40.50440470118126,0.0005846972777187741,0.00039556820411235094,0.0006149384425953031,1.4118510484695435,0.6707949042320251,0.0006149384425953031,16.668033599853516,16.876237869262695,4.381618022918701,8.187252044677734,8.032445907592773,1.88052499294281,966.0,-0.10248765710751057,-0.16577774908705994,-0.10766032004931661,-0.0884919025586221,-0.3260564717249697,-0.8051205998611786,46.0,0.39892286409962774,,,,
gov_report:128,gov_report,disagreement_calibration,64,32,physical_delete_median_random_46,median_random,46,6,7,0.0032577677214990068,0.004366818102568687,0.7103719367055893,0.7047290631482952,0.746027804451643,0.003649469055055382,0.026262364520752323,0.19286113976638886,0.9827052990502793,0.1389619374208137,0.026262364520752323,44.50681363118028,8.199798541629729e-05,9.763199341250584e-05,0.00013736760593019426,1.3149465322494507,0.6595332026481628,0.00013736760593019426,19.469987869262695,19.26874542236328,5.712917327880859,6.563793182373047,6.700473785400391,1.2047978639602661,966.0,-0.10248765710751057,-0.16577774908705994,-0.10766032004931661,-0.0884919025586221,-0.3260564717249697,-0.8051205998611786,46.0,0.39892286409962774,,,,
gov_report:128,gov_report,disagreement_calibration,64,32,physical_delete_median_random_46,median_random,46,7,8,0.012717679846747546,0.013568283036811212,0.9146007499202178,0.4049952507014054,0.9373094452882541,0.016456819616737624,0.03194266141974349,0.5436029720437859,0.839822962258354,0.5151987619467989,0.03194266141974349,50.91791593268521,0.0003232029299567948,0.0003070179373025894,0.00047559404629282653,2.454462766647339,0.3305726647377014,0.00047559404629282653,32.881534576416016,33.69430160522461,193.45433044433594,6.66815185546875,6.470142841339111,1.693371295928955,966.0,-0.10248765710751057,-0.16577774908705994,-0.10766032004931661,-0.0884919025586221,-0.3260564717249697,-0.8051205998611786,46.0,0.39892286409962774,9.59125566436862e-09,4.584038497409086e-08,9.590475157713999e-09,4.583478093336614e-08
gov_report:128,gov_report,disagreement_calibration,64,32,physical_delete_median_random_46,median_random,46,8,9,0.027944338288696496,0.028879675750448166,0.9556010097379151,0.2949084410662958,0.9676126051471629,0.026471294403302644,0.0428188559716022,0.7891060890815353,0.6375853372426313,0.618215825776817,0.0428188559716022,50.56403996587166,0.000523520162177894,0.0005651699029840529,0.0009662833763286471,1.9818572998046875,0.49979427456855774,0.0009662833763286471,19.017166137695312,19.207393646240234,5.8656511306762695,8.321796417236328,7.806460857391357,1.9599103927612305,966.0,-0.10248765710751057,-0.16577774908705994,-0.10766032004931661,-0.0884919025586221,-0.3260564717249697,-0.8051205998611786,46.0,0.39892286409962774,,,,
gov_report:128,gov_report,disagreement_calibration,64,32,physical_delete_median_random_46,median_random,46,9,10,0.027086038964752444,0.02895322413652616,0.9272840642571796,0.37444884147642254,0.9355102850387513,0.030012272942843195,0.049159821280366736,0.6129747586609249,0.7901063531885774,0.6105041100877514,0.049159821280366736,49.88482531422785,0.0006016313128049238,0.0004038169572595507,0.0007970142178237438,2.2178866863250732,0.4688349664211273,0.0007970142178237438,18.35965919494629,18.7982177734375,4.883980751037598,7.746337413787842,7.354213237762451,1.1959782838821411,966.0,-0.10248765710751057,-0.16577774908705994,-0.10766032004931661,-0.0884919025586221,-0.3260564717249697,-0.8051205998611786,46.0,0.39892286409962774,,,,
gov_report:128,gov_report,disagreement_calibration,64,32,physical_delete_median_random_46,median_random,46,10,11,0.11515409207986461,0.11849956816902785,0.9881684623529868,0.15424676381303234,0.9717680313873276,0.11420764274885097,0.12663469436108277,0.9441439900520184,0.3322340681602407,0.9018669277410056,0.12663469436108277,48.294772262480066,0.002364803422783261,0.002362235216423869,0.003827757202088833,2.565937042236328,0.3853241205215454,0.003827757202088833,17.867237091064453,18.262813568115234,5.199052810668945,8.40353012084961,8.162530899047852,2.2973971366882324,966.0,-0.10248765710751057,-0.16577774908705994,-0.10766032004931661,-0.0884919025586221,-0.3260564717249697,-0.8051205998611786,46.0,0.39892286409962774,1.6214854607527775e-07,4.105352684807481e-07,1.6217087853340284e-07,4.1035538580180723e-07
gov_report:128,gov_report,disagreement_calibration,64,32,physical_delete_median_random_46,median_random,46,11,12,0.09320504312865333,0.10430461548543574,0.8499473553973281,0.5286716748993343,0.8935850316390623,0.08345024044169147,0.1354497756710008,0.6731667989589106,0.7416895503010507,0.6160972953132605,0.1354497756710008,53.573444758524424,0.0015576791975545525,0.0020244501065462828,0.003593459026888013,2.643414258956909,0.3429920971393585,0.003593459026888013,19.459217071533203,18.990083694458008,6.348488807678223,7.845289707183838,7.674081802368164,1.2058316469192505,966.0,-0.10248765710751057,-0.16577774908705994,-0.10766032004931661,-0.0884919025586221,-0.3260564717249697,-0.8051205998611786,46.0,0.39892286409962774,,,,
gov_report:128,gov_report,disagreement_calibration,64,32,physical_delete_median_random_46,median_random,46,12,13,0.03921667468595208,0.04697025690766439,0.7526120159625247,0.6635892526348095,0.8349257012378164,0.03431410877524,0.1284041177958638,0.19489660831705838,0.9834877699737109,0.2672352675619982,0.1284041177958638,57.555691178595865,0.0005961896742541583,0.0010214140638709068,0.0014467700384557247,2.262470245361328,0.3983441889286041,0.0014467700384557247,16.448274612426758,17.26920509338379,3.8595352172851562,8.792106628417969,8.473686218261719,1.088564157485962,966.0,-0.10248765710751057,-0.16577774908705994,-0.10766032004931661,-0.0884919025586221,-0.3260564717249697,-0.8051205998611786,46.0,0.39892286409962774,,,,
gov_report:128,gov_report,disagreement_calibration,64,32,physical_delete_median_random_46,median_random,46,13,14,0.018188228533286176,0.02666211335770121,0.6348114028531818,0.7741174316284767,0.6821750507647812,0.015215268332398973,0.12332584638626337,0.12066980741999753,0.9926963851557796,0.12337452998087613,0.12332584638626337,61.09932588698295,0.00024902514244662963,0.0004280670254956931,0.0007070301217027009,2.5161640644073486,0.3269582986831665,0.0007070301217027009,18.52033233642578,18.964174270629883,3.578993082046509,7.490954399108887,7.934084892272949,1.9900097846984863,966.0,-0.10248765710751057,-0.16577774908705994,-0.10766032004931661,-0.0884919025586221,-0.3260564717249697,-0.8051205998611786,46.0,0.39892286409962774,,,,
gov_report:128,gov_report,disagreement_calibration,64,32,physical_delete_median_random_46,median_random,46,14,15,0.09568173493555461,0.10577712071974443,0.9281520296227713,0.3729482558248388,0.9045598356667558,0.08018272866457044,0.14308922297312787,0.5849768119309317,0.8114232473475042,0.5603687475445215,0.14308922297312787,60.09752968335085,0.0013342100596654624,0.0021256504114717245,0.00315936841070652,1.6286743879318237,0.5808057188987732,0.00315936841070652,19.370983123779297,18.897523880004883,9.722497940063477,10.152982711791992,9.245899200439453,1.5664280652999878,966.0,-0.10248765710751057,-0.16577774908705994,-0.10766032004931661,-0.0884919025586221,-0.3260564717249697,-0.8051205998611786,46.0,0.39892286409962774,1.6019596609700618e-07,1.1242097043377686e-06,1.6018063175415608e-07,1.124352941233391e-06
gov_report:128,gov_report,disagreement_calibration,64,32,physical_delete_median_random_46,median_random,46,15,16,0.03259229076530682,0.05006500607165702,0.6568597041623544,0.7540355905254955,0.6509994369851496,0.03057459353347873,0.12730167688438956,0.2832271308841854,0.9600187169819303,0.24017431884456156,0.12730167688438956,64.2660185568759,0.00047575054780186804,0.0010089734569191933,0.001109668635763228,2.4773731231689453,0.39688268303871155,0.001109668635763228,54.86784744262695,55.3814582824707,1431.7564697265625,7.695605278015137,7.754779815673828,2.012951374053955,966.0,-0.10248765710751057,-0.16577774908705994,-0.10766032004931661,-0.0884919025586221,-0.3260564717249697,-0.8051205998611786,46.0,0.39892286409962774,,,,
gov_report:128,gov_report,disagreement_calibration,64,32,physical_delete_median_random_46,median_random,46,16,17,0.018878094809049537,0.02706581278083381,0.6002615902386635,0.8056916948370355,0.6974885610092498,0.017147819712281787,0.1282447835066226,0.08550737148705216,0.9975029526093121,0.13371163522917304,0.1282447835066226,64.01716729679757,0.0002678628317429409,0.001065832911990583,0.0006986217922531068,2.6235263347625732,0.32506343722343445,0.0006986217922531068,15.396331787109375,17.70060157775879,5.608544826507568,6.978013038635254,8.572480201721191,3.290295124053955,966.0,-0.10248765710751057,-0.16577774908705994,-0.10766032004931661,-0.0884919025586221,-0.3260564717249697,-0.8051205998611786,46.0,0.39892286409962774,,,,
gov_report:128,gov_report,disagreement_calibration,64,32,physical_delete_median_random_46,median_random,46,17,18,0.046141086287282786,0.0509296750571277,0.8830234545016266,0.46988979439215883,0.9059764515584762,0.04294380624221027,0.13091378040303503,0.3786734217883952,0.9269148142612771,0.32803121344446856,0.13091378040303503,66.07695121302957,0.0006499059876985103,0.0008521983399987221,0.0007802208419889212,2.6143035888671875,0.35293856263160706,0.0007802208419889212,14.974520683288574,15.894440650939941,6.254524230957031,8.214361190795898,9.225137710571289,3.402017116546631,966.0,-0.10248765710751057,-0.16577774908705994,-0.10766032004931661,-0.0884919025586221,-0.3260564717249697,-0.8051205998611786,46.0,0.39892286409962774,,,,
gov_report:128,gov_report,disagreement_calibration,64,32,physical_delete_median_random_46,median_random,46,18,19,0.013552926221346927,0.025105984011475135,0.5225431346441866,0.8527880492968088,0.5398285211666001,0.01279671063748432,0.12879234365901074,0.12035480237235434,0.9929529368386438,0.09935924973432238,0.12879234365901074,73.77617749647759,0.00017345315346671753,0.00037757641985081136,0.0004971937742084265,2.481377363204956,0.3493541479110718,0.0004971937742084265,21.989181518554688,21.688318252563477,6.932224273681641,8.49300765991211,9.205900192260742,2.720614194869995,966.0,-0.10248765710751057,-0.16577774908705994,-0.10766032004931661,-0.0884919025586221,-0.3260564717249697,-0.8051205998611786,46.0,0.39892286409962774,1.4480860865608437e-08,1.2861631731285472e-06,1.4479223917922083e-08,1.287446010287116e-06
gov_report:128,gov_report,disagreement_calibration,64,32,physical_delete_median_random_46,median_random,46,19,20,0.10049641507875541,0.10400047905652869,0.9730251096712902,0.23079702299870403,0.9663072323362215,0.08990230990653143,0.16137401226336906,0.5818972080185414,0.8136401417954736,0.5571052528569913,0.16137401226336906,78.28630970582994,0.0011483784360809698,0.000920357124414295,0.0023587392643094063,1.7158198356628418,0.5407428741455078,0.0023587392643094063,17.976402282714844,17.986217498779297,3.5662472248077393,10.762723922729492,9.965325355529785,3.164489984512329,966.0,-0.10248765710751057,-0.16577774908705994,-0.10766032004931661,-0.0884919025586221,-0.3260564717249697,-0.8051205998611786,46.0,0.39892286409962774,,,,
gov_report:128,gov_report,disagreement_calibration,64,32,physical_delete_median_random_46,median_random,46,20,21,0.0619120293402457,0.07931334648045511,0.6936745549085637,0.725514791715134,0.7806003918332011,0.061886445565725264,0.18508767882670332,0.3696450324512048,0.929842665028113,0.33436285958110284,0.18508767882670332,87.1730480120931,0.0007099263703288205,0.0011292094131931663,0.0009361004922538996,2.2817423343658447,0.4827902615070343,0.0009361004922538996,18.286087036132812,17.698307037353516,4.934889316558838,11.770898818969727,11.258508682250977,6.079520225524902,966.0,-0.10248765710751057,-0.16577774908705994,-0.10766032004931661,-0.0884919025586221,-0.3260564717249697,-0.8051205998611786,46.0,0.39892286409962774,,,,
gov_report:128,gov_report,disagreement_calibration,64,32,physical_delete_median_random_46,median_random,46,21,22,0.08009133360229724,0.09237532288577628,0.9037093342748489,0.42971558260080034,0.8670208785232782,0.07469489809456108,0.21433395741666522,0.4478756282854721,0.8996017940272065,0.3484977322065406,0.21433395741666522,100.81533181749579,0.0007409081212942882,0.0013948666164651513,0.002022739499807358,2.6358063220977783,0.35962870717048645,0.002022739499807358,18.221622467041016,16.66585350036621,4.551356315612793,9.320699691772461,11.427146911621094,7.424505710601807,966.0,-0.10248765710751057,-0.16577774908705994,-0.10766032004931661,-0.0884919025586221,-0.3260564717249697,-0.8051205998611786,46.0,0.39892286409962774,,,,
gov_report:128,gov_report,disagreement_calibration,64,32,physical_delete_median_random_46,median_random,46,22,23,0.06091874579247324,0.06480794716656527,0.926262524782797,0.37712881932715714,0.939988820135033,0.06007347076995363,0.23000751794075236,0.1854157140106582,0.9855766386615072,0.2611804662203605,0.23000751794075236,121.82687393397848,0.0004931052470615735,0.0008515237714163959,0.001324923476204276,1.9418396949768066,0.49700435996055603,0.001324923476204276,18.512088775634766,18.6369571685791,4.404827117919922,11.02468490600586,11.165304183959961,10.642879486083984,966.0,-0.10248765710751057,-0.16577774908705994,-0.10766032004931661,-0.0884919025586221,-0.3260564717249697,-0.8051205998611786,46.0,0.39892286409962774,2.4452937593242603e-08,4.579780532056954e-06,2.4456810916635353e-08,4.577018914641742e-06
gov_report:128,gov_report,disagreement_calibration,64,32,physical_delete_median_random_46,median_random,46,23,24,0.12869631143787824,0.12829359930342607,0.9881476362389927,0.15423679729002082,1.0031389885125892,0.13517174721494934,0.26676707613939166,0.4952567730215918,0.8688220478595001,0.5067032602790876,0.26676707613939166,141.63609024951035,0.0009543594925334834,0.0013169823214411736,0.0026885021943598986,1.8178640604019165,0.5605397820472717,0.0026885021943598986,16.826414108276367,17.133636474609375,4.388075351715088,13.507186889648438,13.946782112121582,13.99176025390625,966.0,-0.10248765710751057,-0.16577774908705994,-0.10766032004931661,-0.0884919025586221,-0.3260564717249697,-0.8051205998611786,46.0,0.39892286409962774,,,,
gov_report:128,gov_report,disagreement_calibration,64,32,physical_delete_median_random_46,median_random,46,24,25,0.3649443492081207,0.366412462220428,0.9972142313083108,0.07460072120350385,0.9959932776210431,0.38530179761798183,0.48332642273003645,0.8121029100318081,0.5837048329837783,0.7971875310305421,0.48332642273003645,176.1589471714499,0.0021872394437222643,0.002531214850023389,0.004397898446768522,1.766546607017517,0.5543050765991211,0.004397898446768522,17.01414680480957,17.46398162841797,5.492694854736328,16.617673873901367,16.807659149169922,80.22023010253906,966.0,-0.10248765710751057,-0.16577774908705994,-0.10766032004931661,-0.0884919025586221,-0.3260564717249697,-0.8051205998611786,46.0,0.39892286409962774,,,,
gov_report:128,gov_report,disagreement_calibration,64,32,physical_delete_median_random_46,median_random,46,25,26,0.08949299578947882,0.09636717706884182,0.8754807953253405,0.4861708811940647,0.9286667775434339,0.09509814692872953,0.5343332862492605,0.20969386172489732,0.9782814263479319,0.17797533744578906,0.5343332862492605,204.937785532972,0.0004640342271749072,0.000995186623185873,0.001226938795298338,1.964152216911316,0.5397079586982727,0.001226938795298338,14.966405868530273,16.326168060302734,7.056440830230713,17.266799926757812,21.748506546020508,67.56988525390625,966.0,-0.10248765710751057,-0.16577774908705994,-0.10766032004931661,-0.0884919025586221,-0.3260564717249697,-0.8051205998611786,46.0,0.39892286409962774,,,,
gov_report:128,gov_report,disagreement_calibration,64,32,physical_delete_median_random_46,median_random,46,26,27,0.3251618954625943,0.34231871156698634,0.9860599174557338,0.17027854773994133,0.9498805775884829,0.31635227419720346,0.6585187116613166,0.4875003092265373,0.8731516852028673,0.4803998255404273,0.6585187116613166,236.62617873834967,0.001336928466173691,0.004218198359012604,0.002485297154635191,2.569713830947876,0.47176170349121094,0.002485297154635191,14.739635467529297,15.61402702331543,4.3671417236328125,23.3736629486084,27.619258880615234,172.17959594726562,966.0,-0.10248765710751057,-0.16577774908705994,-0.10766032004931661,-0.0884919025586221,-0.3260564717249697,-0.8051205998611786,46.0,0.39892286409962774,3.373132967013874e-07,1.1091289068092562e-05,3.372073888413496e-07,1.1084535028492866e-05
gov_report:128,gov_report,disagreement_calibration,64,32,physical_delete_median_random_46,median_random,46,27,28,0.6626466189045244,0.6726236241559076,0.9848364171621536,0.1734858516906707,0.9851670311700639,0.6927926927253214,0.9790059332825651,0.6868927286405283,0.7270551611528046,0.7076491256824329,0.9790059332825651,215.41826500954036,0.003216035059490611,0.014421497471630573,0.007947003468871117,3.378284215927124,0.17179988324642181,0.007947003468871117,14.455263137817383,14.959524154663086,3.1543190479278564,20.174123764038086,26.85696029663086,152.3878631591797,966.0,-0.10248765710751057,-0.16577774908705994,-0.10766032004931661,-0.0884919025586221,-0.3260564717249697,-0.8051205998611786,46.0,0.39892286409962774,,,,
gov_report:129,gov_report,disagreement_calibration,64,32,physical_delete_high_attention_976,high_attention,976,0,1,0.049254276913514625,0.04924893419347136,0.9999999558673839,0.0003162966666179226,1.0001084839729175,0.08301309323538492,0.08298927091777049,0.9999998907823499,0.0005485411712591269,1.000287052981078,0.08298927091777049,17.02739996158619,0.004875265361867486,0.011003329418599606,0.013071922585368156,1.8745471239089966,0.4756169021129608,0.013071922585368156,779.7247314453125,778.8067016601562,1837.22900390625,3.514136791229248,4.153479099273682,0.8475598096847534,32.0,2.2006299910701657,-0.0035152589847892296,2.0602064797391697,2.030432989043808,-0.899059417371404,1.0971316911530788,976.0,0.7634810288846419,1.1031580714956302e-07,1.1046178460790147e-07,1.1027540757536605e-07,1.1042131461360809e-07
gov_report:129,gov_report,disagreement_calibration,64,32,physical_delete_high_attention_976,high_attention,976,1,2,0.13237138372786655,0.14538994848823036,0.9868750068337493,0.1786542492709861,0.9104576011221457,0.1602444874109903,0.1959492304829997,0.8892188578199921,0.46302539079439614,0.8177857448891227,0.1959492304829997,21.347942565699263,0.00750631996117802,0.007228035945445299,0.007985950447618961,2.7319023609161377,0.27769485116004944,0.007985950447618961,91.28112030029297,90.88944244384766,3942.337890625,4.461846351623535,4.059065818786621,0.6496921181678772,32.0,2.2006299910701657,-0.0035152589847892296,2.0602064797391697,2.030432989043808,-0.899059417371404,1.0971316911530788,976.0,0.7634810288846419,,,,
gov_report:129,gov_report,disagreement_calibration,64,32,physical_delete_high_attention_976,high_attention,976,2,3,0.14420492320926612,0.15881229938255823,0.9392847181889836,0.3445600531904239,0.9080211278969972,0.1439887780513711,0.2539706989966541,0.5567511960298847,0.8307419145382462,0.5669503553764998,0.2539706989966541,30.603973365882105,0.004704904697502206,0.003309499239549041,0.006939409766346216,2.3880085945129395,0.3553844392299652,0.006939409766346216,27.377777099609375,26.45940399169922,54.95424270629883,7.019787788391113,6.076520919799805,1.6637930870056152,32.0,2.2006299910701657,-0.0035152589847892296,2.0602064797391697,2.030432989043808,-0.899059417371404,1.0971316911530788,976.0,0.7634810288846419,,,,
gov_report:129,gov_report,disagreement_calibration,64,32,physical_delete_high_attention_976,high_attention,976,3,4,0.18002898642716747,0.1832803455815066,0.9733439131576349,0.22952369517930787,0.9822601864699495,0.16515885341793843,0.2916402292460286,0.5719604486712272,0.8203006581811025,0.5663102578300674,0.2916402292460286,34.69350327550185,0.004760512425234444,0.005441538989543915,0.007852058857679367,2.0886218547821045,0.3929859697818756,0.007852058857679367,21.79979705810547,20.758384704589844,7.975159645080566,6.177804946899414,6.418210029602051,1.2962311506271362,32.0,2.2006299910701657,-0.0035152589847892296,2.0602064797391697,2.030432989043808,-0.899059417371404,1.0971316911530788,976.0,0.7634810288846419,,,,
gov_report:129,gov_report,disagreement_calibration,64,32,physical_delete_high_attention_976,high_attention,976,4,5,0.04927489986074377,0.055795607298973995,0.8429703432830269,0.5394571146882797,0.8831322436676815,0.044815366758210594,0.27853334139966773,0.24689952265892248,0.9728499080980028,0.16089767398404553,0.27853334139966773,34.90051456218582,0.001284088997552127,0.0018208622932434082,0.002494596876204014,1.3553543090820312,0.6630256772041321,0.002494596876204014,18.194425582885742,17.753862380981445,4.745891571044922,5.959353446960449,7.080383777618408,2.379506826400757,32.0,2.2006299910701657,-0.0035152589847892296,2.0602064797391697,2.030432989043808,-0.899059417371404,1.0971316911530788,976.0,0.7634810288846419,2.840404063229131e-09,4.1263080836380153e-07,2.8407064755149364e-09,4.1229520161431437e-07
gov_report:129,gov_report,disagreement_calibration,64,32,physical_delete_high_attention_976,high_attention,976,5,6,0.10715094872567466,0.14867064213003878,0.7173949086721931,0.6966747074287407,0.7207270190704644,0.10047610897407454,0.2543755621298819,0.36268712065605924,0.9324706998955258,0.3949912017207547,0.2543755621298819,35.39335154404771,0.002838841324451291,0.0039062362629920244,0.004658341873437166,1.8760639429092407,0.4994126558303833,0.004658341873437166,17.869176864624023,17.095985412597656,4.3185319900512695,7.805975437164307,8.118582725524902,2.357346534729004,32.0,2.2006299910701657,-0.0035152589847892296,2.0602064797391697,2.030432989043808,-0.899059417371404,1.0971316911530788,976.0,0.7634810288846419,,,,
gov_report:129,gov_report,disagreement_calibration,64,32,physical_delete_high_attention_976,high_attention,976,6,7,0.1537107057139289,0.1597518528280968,0.9570241986890389,0.2900539752243755,0.9621841812334497,0.11949348104004175,0.2555428858616654,0.47644660769615155,0.8792478489203073,0.46760636922887333,0.2555428858616654,41.321333114561455,0.002891810888790826,0.004098625387996435,0.007026603911072016,1.4500532150268555,0.5657816529273987,0.007026603911072016,17.400535583496094,19.06768798828125,5.70379638671875,6.649048328399658,6.709001064300537,1.374323844909668,32.0,2.2006299910701657,-0.0035152589847892296,2.0602064797391697,2.030432989043808,-0.899059417371404,1.0971316911530788,976.0,0.7634810288846419,,,,
gov_report:129,gov_report,disagreement_calibration,64,32,physical_delete_high_attention_976,high_attention,976,7,8,0.052821207312502755,0.07590944155674183,0.6901147546131476,0.7237226412598975,0.6958450257208023,0.048419738045067974,0.22462950819080202,0.28055412300313537,0.9620366050991047,0.21555377312200621,0.22462950819080202,44.50169039910113,0.0010880426700835162,0.001798218465410173,0.0020822833757847548,2.048428773880005,0.4424579441547394,0.0020822833757847548,33.022056579589844,33.70572280883789,197.79872131347656,6.474261283874512,6.389717102050781,1.8742786645889282,32.0,2.2006299910701657,-0.0035152589847892296,2.0602064797391697,2.030432989043808,-0.899059417371404,1.0971316911530788,976.0,0.7634810288846419,1.3805841023897437e-08,9.31169085178403e-07,1.3805432682890208e-08,9.298601849178644e-07
gov_report:129,gov_report,disagreement_calibration,64,32,physical_delete_high_attention_976,high_attention,976,8,9,0.01880900089912581,0.04329619718660172,0.43210188137247246,0.9018277919915484,0.43442616491377156,0.01642844062807117,0.19903433001816215,0.08707707131399105,0.996211906154953,0.08254073870860396,0.19903433001816215,45.603709275302094,0.0003602435172300432,0.00033788112341426313,0.0007888938416726887,1.56166410446167,0.5755893588066101,0.0007888938416726887,22.952320098876953,19.333627700805664,6.5400004386901855,8.980786323547363,7.821150779724121,1.6674134731292725,32.0,2.2006299910701657,-0.0035152589847892296,2.0602064797391697,2.030432989043808,-0.899059417371404,1.0971316911530788,976.0,0.7634810288846419,,,,
gov_report:129,gov_report,disagreement_calibration,64,32,physical_delete_high_attention_976,high_attention,976,9,10,0.018919366497377514,0.03878781467037433,0.5564974822246238,0.8336873556037512,0.48776572380160155,0.01691156648929697,0.19483795482722716,0.1649833594687011,0.9893904305829067,0.08679811130379256,0.19483795482722716,46.993533371837394,0.0003598700773462557,0.0003485280030872673,0.0006684334948658943,1.6575798988342285,0.5635745525360107,0.0006684334948658943,20.171300888061523,18.957069396972656,5.617557525634766,7.926698684692383,7.3310627937316895,1.3559222221374512,32.0,2.2006299910701657,-0.0035152589847892296,2.0602064797391697,2.030432989043808,-0.899059417371404,1.0971316911530788,976.0,0.7634810288846419,,,,
gov_report:129,gov_report,disagreement_calibration,64,32,physical_delete_high_attention_976,high_attention,976,10,11,0.018475559356140068,0.06067054514640943,0.28454314199066966,0.9588714115217086,0.30452271875182707,0.017870193388229823,0.1740436219589699,0.1275384759373416,0.9921451778952582,0.10267651975458572,0.1740436219589699,47.202921801031245,0.00037858235690485184,0.00034330642665736377,0.0004541967937257141,1.8931084871292114,0.5318884253501892,0.0004541967937257141,19.15972137451172,18.37088966369629,6.134020805358887,9.288596153259277,8.38504695892334,2.6931545734405518,32.0,2.2006299910701657,-0.0035152589847892296,2.0602064797391697,2.030432989043808,-0.899059417371404,1.0971316911530788,976.0,0.7634810288846419,9.851071260242051e-10,1.139566712105727e-06,9.851677526468424e-10,1.1378573459178e-06
gov_report:129,gov_report,disagreement_calibration,64,32,physical_delete_high_attention_976,high_attention,976,11,12,0.005546091086861865,0.038853087332913615,0.2612977965524375,0.9725112768199073,0.1427451836540054,0.005164427820707192,0.1641064130115941,0.04566238102345466,0.9990577414798356,0.03146999392608945,0.1641064130115941,49.39257371305453,0.00010455879158494279,0.00011516272934386507,0.00013033069262746722,2.4413623809814453,0.3573266565799713,0.00013033069262746722,20.474790573120117,19.005090713500977,6.719382286071777,8.046829223632812,7.714602470397949,1.279882550239563,32.0,2.2006299910701657,-0.0035152589847892296,2.0602064797391697,2.030432989043808,-0.899059417371404,1.0971316911530788,976.0,0.7634810288846419,,,,
gov_report:129,gov_report,disagreement_calibration,64,32,physical_delete_high_attention_976,high_attention,976,12,13,0.004492606966733746,0.01614729681953304,0.28324332764270055,0.9590611999394607,0.27822656739047086,0.003508283933181632,0.15551706471272164,0.09548736427112711,0.9980985590229425,0.02255883584005586,0.15551706471272164,53.80054854486809,6.520907366317696e-05,7.305426697712392e-05,0.00018366813310422003,1.6742206811904907,0.5664600729942322,0.00018366813310422003,18.51654052734375,17.37082862854004,4.5782365798950195,8.621842384338379,8.604656219482422,1.183647632598877,32.0,2.2006299910701657,-0.0035152589847892296,2.0602064797391697,2.030432989043808,-0.899059417371404,1.0971316911530788,976.0,0.7634810288846419,,,,
gov_report:129,gov_report,disagreement_calibration,64,32,physical_delete_high_attention_976,high_attention,976,13,14,0.01964480263047952,0.025485904831203984,0.7974682727615506,0.6039494942926479,0.770810483700275,0.01883545761547986,0.15311487569805646,0.12147480388327703,0.9925957106762822,0.12301520364764236,0.15311487569805646,60.64177265195559,0.000310602028795945,0.00027158347074873745,0.0005037497030571103,2.000993490219116,0.42011168599128723,0.0005037497030571103,19.437984466552734,19.147289276123047,3.7091331481933594,8.077315330505371,7.883759021759033,1.8747156858444214,32.0,2.2006299910701657,-0.0035152589847892296,2.0602064797391697,2.030432989043808,-0.899059417371404,1.0971316911530788,976.0,0.7634810288846419,,,,
gov_report:129,gov_report,disagreement_calibration,64,32,physical_delete_high_attention_976,high_attention,976,14,15,0.0015477548236379006,0.015990937201107173,0.13712134444462315,0.9913750019728256,0.09678950046347114,0.001245951728899361,0.14730465753680172,0.04243106756988894,0.9996768234049451,0.008458332205742236,0.14730465753680172,58.79395221558994,2.1191834907281187e-05,2.1135367205715738e-05,4.784639531862922e-05,1.2092472314834595,0.6557769775390625,4.784639531862922e-05,23.45128631591797,18.97857093811035,9.51415729522705,9.823232650756836,9.29702091217041,1.8866016864776611,32.0,2.2006299910701657,-0.0035152589847892296,2.0602064797391697,2.030432989043808,-0.899059417371404,1.0971316911530788,976.0,0.7634810288846419,1.2735964885915059e-11,1.0842848387561973e-06,1.2735615883351627e-11,1.0827006905851278e-06
gov_report:129,gov_report,disagreement_calibration,64,32,physical_delete_high_attention_976,high_attention,976,15,16,0.0310608184464279,0.03946378014716112,0.7967130209399323,0.6044347113677605,0.7870715458732429,0.033488197060527344,0.1474721375075524,0.27384173174972276,0.9629108076075407,0.22708151944167987,0.1474721375075524,61.61936135858476,0.0005434687462216256,0.0004985463456250727,0.0008304764050990343,1.8951950073242188,0.4992586374282837,0.0008304764050990343,55.506290435791016,55.3413200378418,1424.252685546875,8.048608779907227,7.857125759124756,2.1157824993133545,32.0,2.2006299910701657,-0.0035152589847892296,2.0602064797391697,2.030432989043808,-0.899059417371404,1.0971316911530788,976.0,0.7634810288846419,,,,
gov_report:129,gov_report,disagreement_calibration,64,32,physical_delete_high_attention_976,high_attention,976,16,17,0.02302333119764752,0.04000690262897354,0.5357530699245021,0.8453089332174955,0.5754839711328643,0.019650104079328642,0.14186210857325934,0.14373166128563836,0.9896304449888512,0.13851552241084225,0.14186210857325934,63.80583240988542,0.0003079672082811705,0.0002899169921875,0.0009313005139119923,1.8067706823349,0.4615853726863861,0.0009313005139119923,20.63530731201172,17.96230697631836,6.411449432373047,10.400354385375977,8.716146469116211,3.36085844039917,32.0,2.2006299910701657,-0.0035152589847892296,2.0602064797391697,2.030432989043808,-0.899059417371404,1.0971316911530788,976.0,0.7634810288846419,,,,
gov_report:129,gov_report,disagreement_calibration,64,32,physical_delete_high_attention_976,high_attention,976,17,18,0.03629674247173478,0.040077664121110045,0.9294115091241812,0.3698085650021766,0.9056601293441215,0.03202590079634192,0.13898256102353743,0.24685403451543772,0.9691918279047418,0.23043107394544388,0.13898256102353743,62.241859809533516,0.0005145395862903915,0.0006304238340817392,0.0008473945199511945,2.099520206451416,0.46240508556365967,0.0008473945199511945,17.997499465942383,16.143625259399414,7.766412734985352,12.32021713256836,9.627391815185547,4.991764545440674,32.0,2.2006299910701657,-0.0035152589847892296,2.0602064797391697,2.030432989043808,-0.899059417371404,1.0971316911530788,976.0,0.7634810288846419,,,,
gov_report:129,gov_report,disagreement_calibration,64,32,physical_delete_high_attention_976,high_attention,976,18,19,0.007260593233986037,0.028998852514546473,0.27688025240076414,0.9612699122078355,0.25037519089225896,0.006390211864036421,0.1317343799190533,0.08074789976568368,0.9972558187176261,0.04850830791447919,0.1317343799190533,67.01174892172594,9.535957450536924e-05,7.043313962640241e-05,0.0001422574423486367,1.6152935028076172,0.5327450037002563,0.0001422574423486367,23.183284759521484,21.92483901977539,6.8021368980407715,11.486116409301758,9.4117431640625,3.0947344303131104,32.0,2.2006299910701657,-0.0035152589847892296,2.0602064797391697,2.030432989043808,-0.899059417371404,1.0971316911530788,976.0,0.7634810288846419,2.341181282590681e-09,6.171901967955937e-07,2.3413637847440874e-09,6.161597721459179e-07
gov_report:129,gov_report,disagreement_calibration,64,32,physical_delete_high_attention_976,high_attention,976,19,20,0.010555996922312454,0.028623608155605065,0.3916060244911761,0.9204159155601879,0.3687863830767744,0.01042295469765471,0.11580242678546253,0.03551141147905235,1.0008539548132533,0.09000635813068449,0.11580242678546253,71.35644428221089,0.00014606886319100328,0.00013456270971801132,0.00023534000501967967,1.2923001050949097,0.6506093144416809,0.00023534000501967967,18.607688903808594,18.24982261657715,4.365218162536621,13.077527046203613,10.118913650512695,3.7302422523498535,32.0,2.2006299910701657,-0.0035152589847892296,2.0602064797391697,2.030432989043808,-0.899059417371404,1.0971316911530788,976.0,0.7634810288846419,,,,
gov_report:129,gov_report,disagreement_calibration,64,32,physical_delete_high_attention_976,high_attention,976,20,21,0.002881852165762725,0.023358489964361993,-0.01336085949548838,1.0092166094307322,0.12337493434548046,0.0032270059549611243,0.11508680756465534,0.017874039415896357,0.9998919244099098,0.028039755583177547,0.11508680756465534,89.17810248951909,3.6186080045158926e-05,3.544611899997108e-05,4.162104960414581e-05,1.6443448066711426,0.5317547917366028,4.162104960414581e-05,18.57013702392578,18.15448760986328,5.69955587387085,11.663702964782715,11.003811836242676,6.236955165863037,32.0,2.2006299910701657,-0.0035152589847892296,2.0602064797391697,2.030432989043808,-0.899059417371404,1.0971316911530788,976.0,0.7634810288846419,,,,
gov_report:129,gov_report,disagreement_calibration,64,32,physical_delete_high_attention_976,high_attention,976,21,22,0.00612889631275352,0.011382729408043976,0.5906180122810408,0.8086365664311647,0.5384381981726049,0.005966083094368522,0.11734846277886096,0.02525976582528546,1.0000081652908748,0.05084074348388692,0.11734846277886096,108.32939360232474,5.507353910121482e-05,8.172546949936077e-05,8.072363561950624e-05,1.6200250387191772,0.5931184887886047,8.072363561950624e-05,17.581661224365234,16.863445281982422,4.956933975219727,12.423430442810059,11.455097198486328,7.264296531677246,32.0,2.2006299910701657,-0.0035152589847892296,2.0602064797391697,2.030432989043808,-0.899059417371404,1.0971316911530788,976.0,0.7634810288846419,,,,
gov_report:129,gov_report,disagreement_calibration,64,32,physical_delete_high_attention_976,high_attention,976,22,23,0.0028058133916661946,0.013158983650963149,0.22879607393151707,0.9735989116095224,0.21322417187294157,0.0030501417212952272,0.1239618480083999,0.019689847880706487,0.9998182201804784,0.024605487658497505,0.1239618480083999,129.2339944747408,2.3601698095707993e-05,3.484755507088266e-05,4.761448872159235e-05,1.1374605894088745,0.6718021035194397,4.761448872159235e-05,22.409727096557617,18.983097076416016,4.953180313110352,11.287493705749512,11.111091613769531,11.856245040893555,32.0,2.2006299910701657,-0.0035152589847892296,2.0602064797391697,2.030432989043808,-0.899059417371404,1.0971316911530788,976.0,0.7634810288846419,3.8421210906559026e-10,5.656574249106655e-07,3.8423167793659834e-10,5.649218437865395e-07
gov_report:129,gov_report,disagreement_calibration,64,32,physical_delete_high_attention_976,high_attention,976,23,24,0.0019430537057182923,0.0040780072170207085,0.428990476105924,0.9045560276537431,0.4764713749422541,0.001971462682077786,0.13437493010635118,0.00139989538734693,1.0000870822123915,0.014671357823348967,0.13437493010635118,146.53001970502663,1.3454326192315089e-05,2.093401963065844e-05,4.114325929549523e-05,0.7880064845085144,0.8469693064689636,4.114325929549523e-05,20.992427825927734,17.426118850708008,4.676479816436768,14.452203750610352,13.812714576721191,13.064142227172852,32.0,2.2006299910701657,-0.0035152589847892296,2.0602064797391697,2.030432989043808,-0.899059417371404,1.0971316911530788,976.0,0.7634810288846419,,,,
gov_report:129,gov_report,disagreement_calibration,64,32,physical_delete_high_attention_976,high_attention,976,24,25,0.000966788440289144,0.011620432455616274,0.06843108928740758,0.9977651159360069,0.08319728581373796,0.0009839939682437066,0.15021427813964428,0.024297042950472747,0.9998622854504277,0.006550602116058186,0.15021427813964428,184.9648536287379,5.319896990910407e-06,1.42900071296026e-05,2.197946196247358e-05,0.8699190616607666,0.7718551754951477,2.197946196247358e-05,20.225902557373047,17.67094612121582,6.023995399475098,13.96222972869873,16.045087814331055,68.81375122070312,32.0,2.2006299910701657,-0.0035152589847892296,2.0602064797391697,2.030432989043808,-0.899059417371404,1.0971316911530788,976.0,0.7634810288846419,,,,
gov_report:129,gov_report,disagreement_calibration,64,32,physical_delete_high_attention_976,high_attention,976,25,26,0.012899386034186758,0.02865967271873937,0.4632210656214407,0.8863400653575958,0.4500883928710179,0.014238278488326444,0.1641079808324045,0.13218131507317168,0.9922656127832696,0.08676164569270586,0.1641079808324045,212.51981439506238,6.699741635317959e-05,0.00015848349721636623,0.0002286326780449599,1.29265558719635,0.6729320883750916,0.0002286326780449599,17.827857971191406,16.6160888671875,7.526893138885498,14.819550514221191,20.743087768554688,60.529571533203125,32.0,2.2006299910701657,-0.0035152589847892296,2.0602064797391697,2.030432989043808,-0.899059417371404,1.0971316911530788,976.0,0.7634810288846419,,,,
gov_report:129,gov_report,disagreement_calibration,64,32,physical_delete_high_attention_976,high_attention,976,26,27,0.0007771050760363319,0.01657451575144728,0.4536410734891662,0.9796222959317502,0.04688553727239213,0.0008528779720965658,0.18880750844339017,0.008620540450658316,0.9999712615014741,0.004517182495166938,0.18880750844339017,258.06333936679334,3.3049172121435823e-06,8.494204848830123e-06,7.141321475501172e-06,0.8780247569084167,0.8172376751899719,7.141321475501172e-06,19.82040786743164,16.243837356567383,5.642498970031738,18.694469451904297,25.945899963378906,145.8251190185547,32.0,2.2006299910701657,-0.0035152589847892296,2.0602064797391697,2.030432989043808,-0.899059417371404,1.0971316911530788,976.0,0.7634810288846419,1.2845875365942987e-11,5.11474622199692e-07,1.2846431825712589e-11,5.108348099581135e-07
gov_report:129,gov_report,disagreement_calibration,64,32,physical_delete_high_attention_976,high_attention,976,27,28,0.012185192692218837,0.016982895329659655,0.7809633981489471,0.6277929858259618,0.7174979563666094,0.011635145946003025,0.21653418035018085,-0.019078188893278215,1.0024657446336562,0.053733530323880375,0.21653418035018085,196.51614579264168,5.9207073795758774e-05,0.00010487396502867341,9.628719271859154e-05,2.844823122024536,0.2290603518486023,9.628719271859154e-05,17.12091064453125,15.268479347229004,3.4450454711914062,18.35623550415039,25.626020431518555,124.27452850341797,32.0,2.2006299910701657,-0.0035152589847892296,2.0602064797391697,2.030432989043808,-0.899059417371404,1.0971316911530788,976.0,0.7634810288846419,,,,
gov_report:129,gov_report,disagreement_calibration,64,32,physical_delete_high_random_62,high_random,62,0,1,0.0012070233255514734,0.0012093511034991951,0.9999203562344214,0.012754836234369151,0.9980751843356438,0.001713358138560621,0.0017223866732055592,0.9996578294234071,0.026612612991645947,0.9947581255792376,0.0017223866732055592,17.02739996158619,0.00010062359153047185,3.401653884793632e-05,9.382868302054703e-05,1.8745471239089966,0.4756169021129608,9.382868302054703e-05,778.4764404296875,778.8067016601562,1837.22900390625,4.650876045227051,4.153479099273682,0.8475598096847534,946.0,-0.13092240112652784,0.4425802492836477,-0.06956730892529192,-0.10455575558013158,-0.31812726108047373,-0.07983784124961632,62.0,0.9833885632936854,5.2102358497330075e-12,4.200799090540448e-12,5.210976507208894e-12,4.199380810329725e-12
gov_report:129,gov_report,disagreement_calibration,64,32,physical_delete_high_random_62,high_random,62,1,2,0.0030426125918512144,0.0030168467390479774,0.9963074037273998,0.086724908533954,1.0085406568619286,0.0037786187266008967,0.0042915254838399915,0.9074381593164408,0.42104931271632895,0.8804838141657373,0.0042915254838399915,21.347942565699263,0.0001770015407794932,0.00015157717280089855,0.00023999148106668144,2.7319023609161377,0.27769485116004944,0.00023999148106668144,91.11695098876953,90.88944244384766,3942.337890625,4.017663955688477,4.059065818786621,0.6496921181678772,946.0,-0.13092240112652784,0.4425802492836477,-0.06956730892529192,-0.10455575558013158,-0.31812726108047373,-0.07983784124961632,62.0,0.9833885632936854,,,,
gov_report:129,gov_report,disagreement_calibration,64,32,physical_delete_high_random_62,high_random,62,2,3,0.007724076820064504,0.007646166695150472,0.9855659490444689,0.17107330646753907,1.010189435833703,0.007574631535233136,0.008870329982415806,0.8715636257074867,0.49059945807283883,0.8539289463017483,0.008870329982415806,30.603973365882105,0.0002475048401289448,0.00026699420413933694,0.0003352895728312433,2.3880085945129395,0.3553844392299652,0.0003352895728312433,25.3206787109375,26.45940399169922,54.95424270629883,5.126485824584961,6.076520919799805,1.6637930870056152,946.0,-0.13092240112652784,0.4425802492836477,-0.06956730892529192,-0.10455575558013158,-0.31812726108047373,-0.07983784124961632,62.0,0.9833885632936854,,,,
gov_report:129,gov_report,disagreement_calibration,64,32,physical_delete_high_random_62,high_random,62,3,4,0.005229328022099337,0.005305059889028617,0.889661383561697,0.4666162916237573,0.9857245971745011,0.004336732408653543,0.00954666004515583,0.506675413395719,0.8637283540335373,0.4542669779944756,0.00954666004515583,34.69350327550185,0.00012500128263829278,8.782218355918303e-05,0.00016765731561463326,2.0886218547821045,0.3929859697818756,0.00016765731561463326,19.786041259765625,20.758384704589844,7.975159645080566,7.209495544433594,6.418210029602051,1.2962311506271362,946.0,-0.13092240112652784,0.4425802492836477,-0.06956730892529192,-0.10455575558013158,-0.31812726108047373,-0.07983784124961632,62.0,0.9833885632936854,,,,
gov_report:129,gov_report,disagreement_calibration,64,32,physical_delete_high_random_62,high_random,62,4,5,0.005011387546665917,0.004855456239765167,0.9614465796428265,0.28392684182766476,1.0321146560077519,0.004470636484200791,0.010566621242961888,0.5671175391700672,0.8361348579091087,0.42309044503497734,0.010566621242961888,34.90051456218582,0.00012809657795259723,0.00010249482147628441,0.000138373245135881,1.3553543090820312,0.6630256772041321,0.000138373245135881,18.25074005126953,17.753862380981445,4.745891571044922,7.551647186279297,7.080383777618408,2.379506826400757,946.0,-0.13092240112652784,0.4425802492836477,-0.06956730892529192,-0.10455575558013158,-0.31812726108047373,-0.07983784124961632,62.0,0.9833885632936854,5.040721789551775e-11,8.27318152215156e-10,5.040464125839597e-11,8.27287574487458e-10
gov_report:129,gov_report,disagreement_calibration,64,32,physical_delete_high_random_62,high_random,62,5,6,0.002875622048816747,0.004935878710031072,0.5626525318701343,0.8269340125157931,0.5825957682008448,0.002405208013169498,0.008557977906048602,0.31888424797520193,0.9485485596237816,0.28104863550413545,0.008557977906048602,35.39335154404771,6.795649205970704e-05,6.160558405099437e-05,0.00010178799129789695,1.8760639429092407,0.4994126558303833,0.00010178799129789695,17.995864868164062,17.095985412597656,4.3185319900512695,7.6194562911987305,8.118582725524902,2.357346534729004,946.0,-0.13092240112652784,0.4425802492836477,-0.06956730892529192,-0.10455575558013158,-0.31812726108047373,-0.07983784124961632,62.0,0.9833885632936854,,,,
gov_report:129,gov_report,disagreement_calibration,64,32,physical_delete_high_random_62,high_random,62,6,7,0.0003232792197176809,0.0016233062324134129,0.23681038345658942,0.9722855802768637,0.19914863459684562,0.0002915540993152489,0.007350504286255099,0.08020241847064882,0.9976025735041721,0.03966450300021368,0.007350504286255099,41.321333114561455,7.055776697884574e-06,8.699077625351492e-06,1.1673542758217081e-05,1.4500532150268555,0.5657816529273987,1.1673542758217081e-05,20.675338745117188,19.06768798828125,5.70379638671875,7.144719123840332,6.709001064300537,1.374323844909668,946.0,-0.13092240112652784,0.4425802492836477,-0.06956730892529192,-0.10455575558013158,-0.31812726108047373,-0.07983784124961632,62.0,0.9833885632936854,,,,
gov_report:129,gov_report,disagreement_calibration,64,32,physical_delete_high_random_62,high_random,62,7,8,0.003209276665153678,0.0035808788915745586,0.8662941918140447,0.500430099707557,0.8962259719826821,0.0029263402678241005,0.00683820836451388,0.47412461302711123,0.8816682512083135,0.42793961690462917,0.00683820836451388,44.50169039910113,6.575795754228716e-05,9.310976747656241e-05,0.00012387441529426724,2.048428773880005,0.4424579441547394,0.00012387441529426724,34.71593475341797,33.70572280883789,197.79872131347656,7.461635112762451,6.389717102050781,1.8742786645889282,946.0,-0.13092240112652784,0.4425802492836477,-0.06956730892529192,-0.10455575558013158,-0.31812726108047373,-0.07983784124961632,62.0,0.9833885632936854,3.431722509167093e-11,6.410057826308391e-10,3.431618270694718e-11,6.409860380188106e-10
gov_report:129,gov_report,disagreement_calibration,64,32,physical_delete_high_random_62,high_random,62,8,9,0.007393855252749701,0.007093135460835213,0.9805860161212885,0.20560040252035378,1.0423958901637949,0.006976754297452086,0.009396659784150883,0.7593763366367782,0.6508712199022948,0.7424717354585517,0.009396659784150883,45.603709275302094,0.00015298655325018777,0.0001559515221742913,0.00029374612495303154,1.56166410446167,0.5755893588066101,0.00029374612495303154,19.615890502929688,19.333627700805664,6.5400004386901855,8.212881088256836,7.821150779724121,1.6674134731292725,946.0,-0.13092240112652784,0.4425802492836477,-0.06956730892529192,-0.10455575558013158,-0.31812726108047373,-0.07983784124961632,62.0,0.9833885632936854,,,,
gov_report:129,gov_report,disagreement_calibration,64,32,physical_delete_high_random_62,high_random,62,9,10,0.008777471262665374,0.00861837494727113,0.974544330068584,0.22845556712046958,1.0184601292433466,0.00852476265863973,0.012896115198392235,0.6964319675683582,0.7184953544248809,0.6610333831154452,0.012896115198392235,46.993533371837394,0.00018140288773749682,0.00016753569070715457,0.0002558152482379228,1.6575798988342285,0.5635745525360107,0.0002558152482379228,20.1658878326416,18.957069396972656,5.617557525634766,7.823522567749023,7.3310627937316895,1.3559222221374512,946.0,-0.13092240112652784,0.4425802492836477,-0.06956730892529192,-0.10455575558013158,-0.31812726108047373,-0.07983784124961632,62.0,0.9833885632936854,,,,
gov_report:129,gov_report,disagreement_calibration,64,32,physical_delete_high_random_62,high_random,62,10,11,0.007234839121338514,0.008379475029922956,0.7952551740649303,0.6100925598738673,0.8634000454089347,0.0059383012866408525,0.01241033463968911,0.4901295537020251,0.8717272218305772,0.4784964675851491,0.01241033463968911,47.202921801031245,0.00012580368036690302,0.00017439427028875798,0.00022099498892202973,1.8931084871292114,0.5318884253501892,0.00022099498892202973,19.44500732421875,18.37088966369629,6.134020805358887,8.21622371673584,8.38504695892334,2.6931545734405518,946.0,-0.13092240112652784,0.4425802492836477,-0.06956730892529192,-0.10455575558013158,-0.31812726108047373,-0.07983784124961632,62.0,0.9833885632936854,2.968390222923629e-10,2.6030523149861854e-09,2.968505457117898e-10,2.603173818990114e-09
gov_report:129,gov_report,disagreement_calibration,64,32,physical_delete_high_random_62,high_random,62,11,12,0.0253409342787735,0.02487417702021293,0.9830061728883954,0.1870228290692968,1.0187647317208235,0.02423628164996001,0.027307516912430666,0.9240635630592011,0.383980627784125,0.8875315074483174,0.027307516912430666,49.39257371305453,0.0004906867536557287,0.0003962429764214903,0.0007620605756528676,2.4413623809814453,0.3573266565799713,0.0007620605756528676,19.832504272460938,19.005090713500977,6.719382286071777,7.699249744415283,7.714602470397949,1.279882550239563,946.0,-0.13092240112652784,0.4425802492836477,-0.06956730892529192,-0.10455575558013158,-0.31812726108047373,-0.07983784124961632,62.0,0.9833885632936854,,,,
gov_report:129,gov_report,disagreement_calibration,64,32,physical_delete_high_random_62,high_random,62,12,13,0.02312676494705388,0.022607145002969765,0.983588546590069,0.18467710508468566,1.0229847662770268,0.019427576763567062,0.034325301073355,0.750756231799254,0.6859342520903097,0.5659841620048516,0.034325301073355,53.80054854486809,0.00036110369297378126,0.00038942485116422176,0.0006205887184478343,1.6742206811904907,0.5664600729942322,0.0006205887184478343,18.28286361694336,17.37082862854004,4.5782365798950195,9.428282737731934,8.604656219482422,1.183647632598877,946.0,-0.13092240112652784,0.4425802492836477,-0.06956730892529192,-0.10455575558013158,-0.31812726108047373,-0.07983784124961632,62.0,0.9833885632936854,,,,
gov_report:129,gov_report,disagreement_calibration,64,32,physical_delete_high_random_62,high_random,62,13,14,0.01784828709842435,0.01872890138927284,0.9376546590697882,0.34790607486209024,0.9529809959193405,0.015801397431268325,0.03176665957822551,0.2554891973013996,0.9966223826773597,0.49742080662769494,0.03176665957822551,60.64177265195559,0.00026056951735164616,0.0005218682927079499,0.0005625858320854604,2.000993490219116,0.42011168599128723,0.0005625858320854604,19.155651092529297,19.147289276123047,3.7091331481933594,8.699800491333008,7.883759021759033,1.8747156858444214,946.0,-0.13092240112652784,0.4425802492836477,-0.06956730892529192,-0.10455575558013158,-0.31812726108047373,-0.07983784124961632,62.0,0.9833885632936854,,,,
gov_report:129,gov_report,disagreement_calibration,64,32,physical_delete_high_random_62,high_random,62,14,15,0.01026408846212871,0.011175171421850563,0.8514662530479455,0.5286729300663463,0.9184725741262069,0.008346452537867796,0.029610393268873398,0.31863704590297026,0.9485893864304714,0.28187577456600793,0.029610393268873398,58.79395221558994,0.0001419610729223036,0.00015933236863929778,0.000360846082912758,1.2092472314834595,0.6557769775390625,0.000360846082912758,19.030879974365234,18.97857093811035,9.51415729522705,8.954238891601562,9.29702091217041,1.8866016864776611,946.0,-0.13092240112652784,0.4425802492836477,-0.06956730892529192,-0.10455575558013158,-0.31812726108047373,-0.07983784124961632,62.0,0.9833885632936854,2.9486595071546403e-09,3.8056272337608156e-08,2.9488427481909907e-09,3.807311578624442e-08
gov_report:129,gov_report,disagreement_calibration,64,32,physical_delete_high_random_62,high_random,62,15,16,0.007906285712406582,0.011608612488683178,0.5886666872559302,0.8136399885424854,0.6810706895517563,0.006847517837427699,0.02610546515923742,0.33849724562098116,0.9440473069791676,0.2623020810263059,0.02610546515923742,61.61936135858476,0.00011112607606527405,0.0002450589672662318,0.0002878856030292809,1.8951950073242188,0.4992586374282837,0.0002878856030292809,55.840576171875,55.3413200378418,1424.252685546875,6.574456214904785,7.857125759124756,2.1157824993133545,946.0,-0.13092240112652784,0.4425802492836477,-0.06956730892529192,-0.10455575558013158,-0.31812726108047373,-0.07983784124961632,62.0,0.9833885632936854,,,,
gov_report:129,gov_report,disagreement_calibration,64,32,physical_delete_high_random_62,high_random,62,16,17,0.009531318099406303,0.011144608296558375,0.8096754378070432,0.5886440704897428,0.8552402960945445,0.00799498026856233,0.02646305517570184,0.42486481455965613,0.9135406564604446,0.30211856550498584,0.02646305517570184,63.80583240988542,0.0001253017156363228,0.00037715674261562526,0.0003833632217720151,1.8067706823349,0.4615853726863861,0.0003833632217720151,17.937694549560547,17.96230697631836,6.411449432373047,7.630198001861572,8.716146469116211,3.36085844039917,946.0,-0.13092240112652784,0.4425802492836477,-0.06956730892529192,-0.10455575558013158,-0.31812726108047373,-0.07983784124961632,62.0,0.9833885632936854,,,,
gov_report:129,gov_report,disagreement_calibration,64,32,physical_delete_high_random_62,high_random,62,17,18,0.03235385205385171,0.0318704860403832,0.9921494701987391,0.12715823114732452,1.0151665717572063,0.029553986234379142,0.03954997672504275,0.8014955815270203,0.6004553987852725,0.7472567288684592,0.03954997672504275,62.241859809533516,0.0004748249220832632,0.0006497477297671139,0.0006299077649600804,2.099520206451416,0.46240508556365967,0.0006299077649600804,16.224613189697266,16.143625259399414,7.766412734985352,10.163265228271484,9.627391815185547,4.991764545440674,946.0,-0.13092240112652784,0.4425802492836477,-0.06956730892529192,-0.10455575558013158,-0.31812726108047373,-0.07983784124961632,62.0,0.9833885632936854,,,,
gov_report:129,gov_report,disagreement_calibration,64,32,physical_delete_high_random_62,high_random,62,18,19,0.04869106160231942,0.04886451876027056,0.9856143187251695,0.1693571137657235,0.9964502431958427,0.04108121988637411,0.05614099886194834,0.8097613162369316,0.5919225067458505,0.7317507831913272,0.05614099886194834,67.01174892172594,0.0006130450338545803,0.0008232358377426863,0.0013303135056048632,1.6152935028076172,0.5327450037002563,0.0013303135056048632,21.10175323486328,21.92483901977539,6.8021368980407715,9.145319938659668,9.4117431640625,3.0947344303131104,946.0,-0.13092240112652784,0.4425802492836477,-0.06956730892529192,-0.10455575558013158,-0.31812726108047373,-0.07983784124961632,62.0,0.9833885632936854,2.8520011788770804e-07,4.192464477585669e-07,2.8538927674021496e-07,4.1964454648651353e-07
gov_report:129,gov_report,disagreement_calibration,64,32,physical_delete_high_random_62,high_random,62,19,20,0.00910135952205533,0.017111737429766728,0.45221798885595865,0.895457779231098,0.53187816604894,0.008331345765678583,0.04983557558806228,0.16824459849564802,0.985745857480573,0.16717667383928625,0.04983557558806228,71.35644428221089,0.00011675673934548309,0.00015129311941564083,0.0001842429774114862,1.2923001050949097,0.6506093144416809,0.0001842429774114862,18.228912353515625,18.24982261657715,4.365218162536621,9.669641494750977,10.118913650512695,3.7302422523498535,946.0,-0.13092240112652784,0.4425802492836477,-0.06956730892529192,-0.10455575558013158,-0.31812726108047373,-0.07983784124961632,62.0,0.9833885632936854,,,,
gov_report:129,gov_report,disagreement_calibration,64,32,physical_delete_high_random_62,high_random,62,20,21,0.06681899633933625,0.06676089562985148,0.9760873252200054,0.2187869475543037,1.000870280557752,0.0711072116187756,0.08577198088529321,0.7978974114187584,0.6035964849934473,0.8290261095155366,0.08577198088529321,89.17810248951909,0.0007973617921185605,0.0009080565650947392,0.0013473950093612075,1.6443448066711426,0.5317547917366028,0.0013473950093612075,18.674304962158203,18.15448760986328,5.69955587387085,12.101045608520508,11.003811836242676,6.236955165863037,946.0,-0.13092240112652784,0.4425802492836477,-0.06956730892529192,-0.10455575558013158,-0.31812726108047373,-0.07983784124961632,62.0,0.9833885632936854,,,,
gov_report:129,gov_report,disagreement_calibration,64,32,physical_delete_high_random_62,high_random,62,21,22,0.11901796045861106,0.11572566683295891,0.9929231814191397,0.12395825209175301,1.028449122098422,0.1251728426918149,0.1672447027169899,0.8418765416077791,0.5476988525603232,0.7484412998337612,0.1672447027169899,108.32939360232474,0.0011554836460298315,0.001720211817882955,0.002349306596443057,1.6200250387191772,0.5931184887886047,0.002349306596443057,16.96915054321289,16.863445281982422,4.956933975219727,12.56035041809082,11.455097198486328,7.264296531677246,946.0,-0.13092240112652784,0.4425802492836477,-0.06956730892529192,-0.10455575558013158,-0.31812726108047373,-0.07983784124961632,62.0,0.9833885632936854,,,,
gov_report:129,gov_report,disagreement_calibration,64,32,physical_delete_high_random_62,high_random,62,22,23,0.0061289820543348455,0.02084188175895216,0.2510282980745662,0.9689362324223062,0.29407047430840927,0.006493447275874546,0.2084288122823695,0.19018571334944132,0.9945453206082955,0.031154268955280184,0.2084288122823695,129.2339944747408,5.02456594510333e-05,5.115917883813381e-05,7.766216003801674e-05,1.1374605894088745,0.6718021035194397,7.766216003801674e-05,19.93520736694336,18.983097076416016,4.953180313110352,13.808455467224121,11.111091613769531,11.856245040893555,946.0,-0.13092240112652784,0.4425802492836477,-0.06956730892529192,-0.10455575558013158,-0.31812726108047373,-0.07983784124961632,62.0,0.9833885632936854,4.433781619943359e-09,1.0619875916153114e-05,4.433437508492604e-09,1.0667309912876601e-05
gov_report:129,gov_report,disagreement_calibration,64,32,physical_delete_high_random_62,high_random,62,23,24,0.04240805127679187,0.04469441258286297,0.8811190740310942,0.47771950134512126,0.9488445831605414,0.044293348499490015,0.2793674389743062,0.2687477479038606,0.9694939271703273,0.15854871513341873,0.2793674389743062,146.53001970502663,0.00030228173440947513,0.00023149058688431978,0.0004927446134388447,0.7880064845085144,0.8469693064689636,0.0004927446134388447,17.697803497314453,17.426118850708008,4.676479816436768,15.740059852600098,13.812714576721191,13.064142227172852,946.0,-0.13092240112652784,0.4425802492836477,-0.06956730892529192,-0.10455575558013158,-0.31812726108047373,-0.07983784124961632,62.0,0.9833885632936854,,,,
gov_report:129,gov_report,disagreement_calibration,64,32,physical_delete_high_random_62,high_random,62,24,25,0.055967631446062656,0.05878512280734701,0.949813211622464,0.31282576977107684,0.9520713536566394,0.06098340173902311,0.35305171726091616,0.05797744356521983,1.0048916714745852,0.17273220538948544,0.35305171726091616,184.9648536287379,0.0003297026464358965,0.00011105417070211843,0.00025507871760055423,0.8699190616607666,0.7718551754951477,0.00025507871760055423,18.145341873168945,17.67094612121582,6.023995399475098,21.72267723083496,16.045087814331055,68.81375122070312,946.0,-0.13092240112652784,0.4425802492836477,-0.06956730892529192,-0.10455575558013158,-0.31812726108047373,-0.07983784124961632,62.0,0.9833885632936854,,,,
gov_report:129,gov_report,disagreement_calibration,64,32,physical_delete_high_random_62,high_random,62,25,26,0.01092790490839128,0.054289824068039824,0.12299826331897493,0.9954902072745083,0.20128827263642743,0.013654086964679983,0.4247489126489958,0.03582890437771518,0.999364723970015,0.03214625525354424,0.4247489126489958,212.51981439506238,6.424853608848822e-05,6.307238800218329e-05,7.907068356871605e-05,1.29265558719635,0.6729320883750916,7.907068356871605e-05,18.948923110961914,16.6160888671875,7.526893138885498,31.091476440429688,20.743087768554688,60.529571533203125,946.0,-0.13092240112652784,0.4425802492836477,-0.06956730892529192,-0.10455575558013158,-0.31812726108047373,-0.07983784124961632,62.0,0.9833885632936854,,,,
gov_report:129,gov_report,disagreement_calibration,64,32,physical_delete_high_random_62,high_random,62,26,27,0.04105439386712218,0.053738561366226414,0.7549188113776494,0.6558806495194208,0.7639652574124179,0.04325803631619161,0.49106552054858255,0.16754848525859237,0.989060732120016,0.08809015193709159,0.49106552054858255,258.06333936679334,0.00016762565509046456,0.00013022070925217122,0.00017327317618764937,0.8780247569084167,0.8172376751899719,0.00017327317618764937,16.497379302978516,16.243837356567383,5.642498970031738,41.86537170410156,25.945899963378906,145.8251190185547,946.0,-0.13092240112652784,0.4425802492836477,-0.06956730892529192,-0.10455575558013158,-0.31812726108047373,-0.07983784124961632,62.0,0.9833885632936854,2.277511348967679e-08,1.1120899873400162e-05,2.2781909727250063e-08,1.1171225131011319e-05
gov_report:129,gov_report,disagreement_calibration,64,32,physical_delete_high_random_62,high_random,62,27,28,0.039189948424403355,0.05092695532784665,0.7178279613645778,0.698137794122098,0.769532523044323,0.04149966801441787,0.5599036821958561,0.09649921208338913,0.9955846335748044,0.07411929825441148,0.5599036821958561,196.51614579264168,0.00021117688751237345,0.0003631518629845232,0.00020764468354173005,2.844823122024536,0.2290603518486023,0.00020764468354173005,14.825883865356445,15.268479347229004,3.4450454711914062,36.1650390625,25.626020431518555,124.27452850341797,946.0,-0.13092240112652784,0.4425802492836477,-0.06956730892529192,-0.10455575558013158,-0.31812726108047373,-0.07983784124961632,62.0,0.9833885632936854,,,,
gov_report:129,gov_report,disagreement_calibration,64,32,physical_delete_median_aor_5,median_aor,5,0,1,0.0016968483461282998,0.0016957926696178657,0.9999590246993145,0.009076847334444265,1.00062252687451,0.0024174475349027814,0.002411325089952277,0.9998169373658223,0.019326189118510917,1.0025390375507706,0.002411325089952277,17.02739996158619,0.00014197396786100886,6.25547327217646e-05,0.00016486991080455482,1.8745471239089966,0.4756169021129608,0.00016486991080455482,779.251220703125,778.8067016601562,1837.22900390625,4.01718282699585,4.153479099273682,0.8475598096847534,1003.0,-0.23136713734086745,0.2927772118802298,-0.11281718139949971,-0.12822801050001142,0.7188556331179229,-0.203939812845696,5.0,0.8201259924350046,1.656663677424335e-11,1.6161094684142005e-11,1.65660169250933e-11,1.6160887615710888e-11
gov_report:129,gov_report,disagreement_calibration,64,32,physical_delete_median_aor_5,median_aor,5,1,2,0.005615579744594796,0.00554493256771745,0.9975784950110257,0.07118316812904632,1.0127408541068026,0.0062506520325947565,0.006746051899188864,0.9310484049617658,0.3649232429579846,0.926564474451542,0.006746051899188864,21.347942565699263,0.00029279880313328046,0.0003039823495782912,0.0005980277201160789,2.7319023609161377,0.27769485116004944,0.0005980277201160789,90.83619689941406,90.88944244384766,3942.337890625,3.8994016647338867,4.059065818786621,0.6496921181678772,1003.0,-0.23136713734086745,0.2927772118802298,-0.11281718139949971,-0.12822801050001142,0.7188556331179229,-0.203939812845696,5.0,0.8201259924350046,,,,
gov_report:129,gov_report,disagreement_calibration,64,32,physical_delete_median_aor_5,median_aor,5,2,3,0.02265174159316357,0.022550390005267602,0.9979192905991097,0.06480989248602669,1.0044944494473174,0.020895575450192373,0.022547389388957294,0.9560396412527615,0.2946975619830876,0.9267403462871002,0.022547389388957294,30.603973365882105,0.0006827732856899935,0.00030147991492412984,0.0007739049033261836,2.3880085945129395,0.3553844392299652,0.0007739049033261836,25.813438415527344,26.45940399169922,54.95424270629883,6.491097927093506,6.076520919799805,1.6637930870056152,1003.0,-0.23136713734086745,0.2927772118802298,-0.11281718139949971,-0.12822801050001142,0.7188556331179229,-0.203939812845696,5.0,0.8201259924350046,,,,
gov_report:129,gov_report,disagreement_calibration,64,32,physical_delete_median_aor_5,median_aor,5,3,4,0.005010901219257205,0.009645827648260065,0.46914822882966306,0.8845530685988606,0.5194889854953071,0.004492701601889448,0.021488457056538103,0.3359529892804499,0.9503860185790715,0.20907511367934598,0.021488457056538103,34.69350327550185,0.00012949691376546235,0.00010076128091895953,0.0002590141084510833,2.0886218547821045,0.3929859697818756,0.0002590141084510833,20.387680053710938,20.758384704589844,7.975159645080566,5.794378757476807,6.418210029602051,1.2962311506271362,1003.0,-0.23136713734086745,0.2927772118802298,-0.11281718139949971,-0.12822801050001142,0.7188556331179229,-0.203939812845696,5.0,0.8201259924350046,,,,
gov_report:129,gov_report,disagreement_calibration,64,32,physical_delete_median_aor_5,median_aor,5,4,5,0.0046717455709175786,0.006084284603560046,0.8240727533764082,0.5692683309512079,0.7678381067486618,0.004508864614445828,0.020854856500094752,0.2981792285976885,0.9580236900052772,0.21620214046667463,0.020854856500094752,34.90051456218582,0.00012919192370106528,9.852286893874407e-05,0.00017864478286355734,1.3553543090820312,0.6630256772041321,0.00017864478286355734,17.214313507080078,17.753862380981445,4.745891571044922,6.84922981262207,7.080383777618408,2.379506826400757,1003.0,-0.23136713734086745,0.2927772118802298,-0.11281718139949971,-0.12822801050001142,0.7188556331179229,-0.203939812845696,5.0,0.8201259924350046,3.2255699049947006e-11,4.675242010545466e-09,3.225588482655003e-11,4.674807648152094e-09
gov_report:129,gov_report,disagreement_calibration,64,32,physical_delete_median_aor_5,median_aor,5,5,6,0.04529382238012816,0.0455052008589976,0.9832349951734815,0.18274527394663936,0.9953548501076962,0.037669447264161875,0.04157227332866136,0.9165742169996031,0.4000012574592816,0.9061194937874917,0.04157227332866136,35.39335154404771,0.0010643085670279493,0.0004600158135872334,0.0008348861592821777,1.8760639429092407,0.4994126558303833,0.0008348861592821777,16.275375366210938,17.095985412597656,4.3185319900512695,8.007847785949707,8.118582725524902,2.357346534729004,1003.0,-0.23136713734086745,0.2927772118802298,-0.11281718139949971,-0.12822801050001142,0.7188556331179229,-0.203939812845696,5.0,0.8201259924350046,,,,
gov_report:129,gov_report,disagreement_calibration,64,32,physical_delete_median_aor_5,median_aor,5,6,7,0.0026994218276525472,0.01828556553006637,-0.14734240188065711,1.0321320049748333,0.14762583214689065,0.002466073224761776,0.03292262521446585,0.019392993202965003,1.001351840336491,0.0749051209828252,0.03292262521446585,41.321333114561455,5.968038876975977e-05,7.537067722296342e-05,0.00014804789680056274,1.4500532150268555,0.5657816529273987,0.00014804789680056274,21.074970245361328,19.06768798828125,5.70379638671875,7.018686294555664,6.709001064300537,1.374323844909668,1003.0,-0.23136713734086745,0.2927772118802298,-0.11281718139949971,-0.12822801050001142,0.7188556331179229,-0.203939812845696,5.0,0.8201259924350046,,,,
gov_report:129,gov_report,disagreement_calibration,64,32,physical_delete_median_aor_5,median_aor,5,7,8,0.0038878384543487455,0.008749246856519347,0.44399718486758544,0.8960282547939266,0.44436264264869735,0.0037213760720015312,0.028751390602929645,0.24150209903816205,0.9768501624700142,0.12943290720770698,0.028751390602929645,44.50169039910113,8.36232520299206e-05,0.00011931141489185393,0.00015775571228004992,2.048428773880005,0.4424579441547394,0.00015775571228004992,32.67876052856445,33.70572280883789,197.79872131347656,6.162858963012695,6.389717102050781,1.8742786645889282,1003.0,-0.23136713734086745,0.2927772118802298,-0.11281718139949971,-0.12822801050001142,0.7188556331179229,-0.203939812845696,5.0,0.8201259924350046,1.798031915858749e-11,9.742023449596366e-09,1.7980330307539763e-11,9.738874414348204e-09
gov_report:129,gov_report,disagreement_calibration,64,32,physical_delete_median_aor_5,median_aor,5,8,9,0.003343446983278752,0.006636643962452596,0.5460532345375866,0.838816071098303,0.5037857992977476,0.0029957269550162408,0.026558879523376284,0.09789725733207527,0.9953080377921385,0.11279568297975436,0.026558879523376284,45.603709275302094,6.56904230515884e-05,4.681745122070424e-05,8.333121513715014e-05,1.56166410446167,0.5755893588066101,8.333121513715014e-05,19.29633903503418,19.333627700805664,6.5400004386901855,8.634515762329102,7.821150779724121,1.6674134731292725,1003.0,-0.23136713734086745,0.2927772118802298,-0.11281718139949971,-0.12822801050001142,0.7188556331179229,-0.203939812845696,5.0,0.8201259924350046,,,,
gov_report:129,gov_report,disagreement_calibration,64,32,physical_delete_median_aor_5,median_aor,5,9,10,0.007651286834991966,0.010241860896344704,0.8600000992336682,0.5226425605211965,0.7470602181018386,0.006305978364161173,0.027134404278767135,0.25276835048864005,0.9677412446292791,0.2323978923353643,0.027134404278767135,46.993533371837394,0.0001341882150947233,0.00023291329853236675,0.0003432054363656789,1.6575798988342285,0.5635745525360107,0.0003432054363656789,17.511688232421875,18.957069396972656,5.617557525634766,6.516574382781982,7.3310627937316895,1.3559222221374512,1003.0,-0.23136713734086745,0.2927772118802298,-0.11281718139949971,-0.12822801050001142,0.7188556331179229,-0.203939812845696,5.0,0.8201259924350046,,,,
gov_report:129,gov_report,disagreement_calibration,64,32,physical_delete_median_aor_5,median_aor,5,10,11,0.006446223699015737,0.011238619824811847,0.5863362832031616,0.8101682170571148,0.5735778769546248,0.005508876437006681,0.025407289485490224,0.2650317672402274,0.9654440838578774,0.2168226736721652,0.025407289485490224,47.202921801031245,0.00011670625941816865,0.00019159681687597185,0.0002462256234139204,1.8931084871292114,0.5318884253501892,0.0002462256234139204,16.363693237304688,18.37088966369629,6.134020805358887,7.009566307067871,8.38504695892334,2.6931545734405518,1003.0,-0.23136713734086745,0.2927772118802298,-0.11281718139949971,-0.12822801050001142,0.7188556331179229,-0.203939812845696,5.0,0.8201259924350046,9.952276742584683e-11,8.117651723996063e-09,9.952005706998957e-11,8.115287821195229e-09
gov_report:129,gov_report,disagreement_calibration,64,32,physical_delete_median_aor_5,median_aor,5,11,12,0.03891116236187081,0.03915606631988079,0.9878650951012861,0.15542564891003363,0.9937454402081847,0.034977383029104435,0.04051514458414696,0.8255505625654592,0.5655904140155973,0.8633162583551688,0.04051514458414696,49.39257371305453,0.0007081506469435072,0.001161193591542542,0.0013600257225334644,2.4413623809814453,0.3573266565799713,0.0013600257225334644,15.028993606567383,19.005090713500977,6.719382286071777,5.98724365234375,7.714602470397949,1.279882550239563,1003.0,-0.23136713734086745,0.2927772118802298,-0.11281718139949971,-0.12822801050001142,0.7188556331179229,-0.203939812845696,5.0,0.8201259924350046,,,,
gov_report:129,gov_report,disagreement_calibration,64,32,physical_delete_median_aor_5,median_aor,5,12,13,0.01584405926752018,0.018346508167252282,0.8998718404570277,0.43765998056290734,0.8636008074714259,0.01372250462459702,0.03949294839126191,0.32425995582196865,0.9462526394863638,0.3474672108206846,0.03949294839126191,53.80054854486809,0.0002550625411031423,0.0004744827456306666,0.0005393083556555212,1.6742206811904907,0.5664600729942322,0.0005393083556555212,17.400745391845703,17.37082862854004,4.5782365798950195,8.807781219482422,8.604656219482422,1.183647632598877,1003.0,-0.23136713734086745,0.2927772118802298,-0.11281718139949971,-0.12822801050001142,0.7188556331179229,-0.203939812845696,5.0,0.8201259924350046,,,,
gov_report:129,gov_report,disagreement_calibration,64,32,physical_delete_median_aor_5,median_aor,5,13,14,0.0034392353607020786,0.0076777591780835125,0.521658823488413,0.8563325208841045,0.44794780364035397,0.0032487673816175514,0.037242478633325964,0.07575567653814826,0.9971924602992905,0.0872328454183614,0.037242478633325964,60.64177265195559,5.357309391767565e-05,6.211060826899484e-05,0.0001030178609653376,2.000993490219116,0.42011168599128723,0.0001030178609653376,17.485469818115234,19.147289276123047,3.7091331481933594,7.901553153991699,7.883759021759033,1.8747156858444214,1003.0,-0.23136713734086745,0.2927772118802298,-0.11281718139949971,-0.12822801050001142,0.7188556331179229,-0.203939812845696,5.0,0.8201259924350046,,,,
gov_report:129,gov_report,disagreement_calibration,64,32,physical_delete_median_aor_5,median_aor,5,14,15,0.0004943544302011921,0.005043562209230469,0.17964027860855242,0.9871128319909803,0.09801691933063698,0.0004468954969854017,0.03305367045772864,-0.02720974578769779,1.0004591777060814,0.013520298677779919,0.03305367045772864,58.79395221558994,7.601045348111534e-06,1.2402832908264827e-05,1.7225302144652233e-05,1.2092472314834595,0.6557769775390625,1.7225302144652233e-05,18.748037338256836,18.97857093811035,9.51415729522705,9.24711799621582,9.29702091217041,1.8866016864776611,1003.0,-0.23136713734086745,0.2927772118802298,-0.11281718139949971,-0.12822801050001142,0.7188556331179229,-0.203939812845696,5.0,0.8201259924350046,3.285589036788188e-12,1.8873505587875453e-08,3.2856513604195695e-12,1.887061014512445e-08
gov_report:129,gov_report,disagreement_calibration,64,32,physical_delete_median_aor_5,median_aor,5,15,16,0.004087482696952875,0.009120352459365034,0.3895672519067322,0.9228606734227596,0.44817157178566414,0.00399142997915456,0.028971590855608936,0.16597190130582032,0.9865336528164687,0.13777048002118303,0.028971590855608936,61.61936135858476,6.477558175144048e-05,7.687499601161107e-05,0.0001395356230204925,1.8951950073242188,0.4992586374282837,0.0001395356230204925,54.73883819580078,55.3413200378418,1424.252685546875,8.069469451904297,7.857125759124756,2.1157824993133545,1003.0,-0.23136713734086745,0.2927772118802298,-0.11281718139949971,-0.12822801050001142,0.7188556331179229,-0.203939812845696,5.0,0.8201259924350046,,,,
gov_report:129,gov_report,disagreement_calibration,64,32,physical_delete_median_aor_5,median_aor,5,16,17,0.01494247417624821,0.016611184207560557,0.8834913096867169,0.46872247854288307,0.8995429819775982,0.013622612287538593,0.03139121446921705,0.5225009301770145,0.8572233187248577,0.4339625757677277,0.03139121446921705,63.80583240988542,0.00021350105112691932,0.0003179517516400665,0.0006784477736800909,1.8067706823349,0.4615853726863861,0.0006784477736800909,14.640815734863281,17.96230697631836,6.411449432373047,7.727048873901367,8.716146469116211,3.36085844039917,1003.0,-0.23136713734086745,0.2927772118802298,-0.11281718139949971,-0.12822801050001142,0.7188556331179229,-0.203939812845696,5.0,0.8201259924350046,,,,
gov_report:129,gov_report,disagreement_calibration,64,32,physical_delete_median_aor_5,median_aor,5,17,18,0.08209240308243028,0.08209154426828237,0.9988132408233783,0.048719023939757744,1.0000104616639334,0.07165910118619279,0.07821586670236219,0.9322883191239872,0.3620749385745138,0.9161709024957798,0.07821586670236219,62.241859809533516,0.0011513007709839807,0.0009442658047191799,0.001736373989842832,2.099520206451416,0.46240508556365967,0.001736373989842832,13.059518814086914,16.143625259399414,7.766412734985352,8.69770336151123,9.627391815185547,4.991764545440674,1003.0,-0.23136713734086745,0.2927772118802298,-0.11281718139949971,-0.12822801050001142,0.7188556331179229,-0.203939812845696,5.0,0.8201259924350046,,,,
gov_report:129,gov_report,disagreement_calibration,64,32,physical_delete_median_aor_5,median_aor,5,18,19,0.020457093404069357,0.024414112792405688,0.8434400688077331,0.5372516286061444,0.8379208197331172,0.018257907597874174,0.07438154631940164,0.27772885145978976,0.961201216619999,0.24546286681743523,0.07438154631940164,67.01174892172594,0.0002724583060680985,0.00037080899346619844,0.0005945257726125419,1.6152935028076172,0.5327450037002563,0.0005945257726125419,19.638221740722656,21.92483901977539,6.8021368980407715,7.968644142150879,9.4117431640625,3.0947344303131104,1003.0,-0.23136713734086745,0.2927772118802298,-0.11281718139949971,-0.12822801050001142,0.7188556331179229,-0.203939812845696,5.0,0.8201259924350046,4.5867642211338104e-09,1.8651485401171333e-07,4.587551380197758e-09,1.8646552189166346e-07
gov_report:129,gov_report,disagreement_calibration,64,32,physical_delete_median_aor_5,median_aor,5,19,20,0.010168221241443065,0.02957473521487997,0.3197628574580777,0.9478028244119917,0.3438144472829335,0.009472288095799364,0.06150837306518501,0.23361956920757068,0.9755824804675607,0.15399997795033327,0.06150837306518501,71.35644428221089,0.00013274607768202373,0.00012960852473042905,0.00020438020874280483,1.2923001050949097,0.6506093144416809,0.00020438020874280483,15.23501205444336,18.24982261657715,4.365218162536621,9.971124649047852,10.118913650512695,3.7302422523498535,1003.0,-0.23136713734086745,0.2927772118802298,-0.11281718139949971,-0.12822801050001142,0.7188556331179229,-0.203939812845696,5.0,0.8201259924350046,,,,
gov_report:129,gov_report,disagreement_calibration,64,32,physical_delete_median_aor_5,median_aor,5,20,21,0.012542019106459272,0.017159937877316206,0.6314566858641536,0.7817604149709828,0.7308895402843282,0.014089911126301013,0.0649739187656377,0.16663324133801855,0.987297105999183,0.21685487644855808,0.0649739187656377,89.17810248951909,0.00015799743135325143,0.0002259687753394246,0.00024586415383964777,1.6443448066711426,0.5317547917366028,0.00024586415383964777,16.485923767089844,18.15448760986328,5.69955587387085,9.745199203491211,11.003811836242676,6.236955165863037,1003.0,-0.23136713734086745,0.2927772118802298,-0.11281718139949971,-0.12822801050001142,0.7188556331179229,-0.203939812845696,5.0,0.8201259924350046,,,,
gov_report:129,gov_report,disagreement_calibration,64,32,physical_delete_median_aor_5,median_aor,5,21,22,0.04910585071216193,0.048599163878083024,0.996461129088002,0.08520699038713284,1.010425834389867,0.05400729504241078,0.08631954636337048,0.6712407424159098,0.7426390968021593,0.6256670397115138,0.08631954636337048,108.32939360232474,0.0004985470078478477,0.0006887784111313522,0.0011295528383925557,1.6200250387191772,0.5931184887886047,0.0011295528383925557,14.887019157409668,16.863445281982422,4.956933975219727,10.47572135925293,11.455097198486328,7.264296531677246,1003.0,-0.23136713734086745,0.2927772118802298,-0.11281718139949971,-0.12822801050001142,0.7188556331179229,-0.203939812845696,5.0,0.8201259924350046,,,,
gov_report:129,gov_report,disagreement_calibration,64,32,physical_delete_median_aor_5,median_aor,5,22,23,0.02247901326415668,0.024459894562267593,0.9171326214636963,0.3985866260906517,0.9190151334026326,0.022747293456253776,0.09702147055107169,0.32295189562566967,0.9505438161305257,0.2344562840271494,0.09702147055107169,129.2339944747408,0.00017601633029071007,0.00016048533143475652,0.00022132864978630096,1.1374605894088745,0.6718021035194397,0.00022132864978630096,15.497692108154297,18.983097076416016,4.953180313110352,16.228103637695312,11.111091613769531,11.856245040893555,1003.0,-0.23136713734086745,0.2927772118802298,-0.11281718139949971,-0.12822801050001142,0.7188556331179229,-0.203939812845696,5.0,0.8201259924350046,3.415500091705785e-08,1.5844506624060886e-07,3.4168298861543695e-08,1.5840312590409342e-07
gov_report:129,gov_report,disagreement_calibration,64,32,physical_delete_median_aor_5,median_aor,5,23,24,0.02896162532069674,0.02902693873267607,0.995027824828939,0.09963451976458525,0.9977499035437104,0.02981045627183687,0.11456313701232704,0.30851577028688515,0.9524450019702047,0.2602098462844052,0.11456313701232704,146.53001970502663,0.00020344265517637297,0.0002831454330589622,0.00022299925331026316,0.7880064845085144,0.8469693064689636,0.00022299925331026316,13.131793975830078,17.426118850708008,4.676479816436768,19.60416603088379,13.812714576721191,13.064142227172852,1003.0,-0.23136713734086745,0.2927772118802298,-0.11281718139949971,-0.12822801050001142,0.7188556331179229,-0.203939812845696,5.0,0.8201259924350046,,,,
gov_report:129,gov_report,disagreement_calibration,64,32,physical_delete_median_aor_5,median_aor,5,24,25,0.04524645782227731,0.047848113803763276,0.9606248946550778,0.27825304165267206,0.9456267807722581,0.05038256916714688,0.13690668522233865,0.2666953839992701,0.9690910910045726,0.36800663959780183,0.13690668522233865,184.9648536287379,0.0002723899604639212,0.00037588784471154213,0.00047155169886536896,0.8699190616607666,0.7718551754951477,0.00047155169886536896,14.250636100769043,17.67094612121582,6.023995399475098,33.16144943237305,16.045087814331055,68.81375122070312,1003.0,-0.23136713734086745,0.2927772118802298,-0.11281718139949971,-0.12822801050001142,0.7188556331179229,-0.203939812845696,5.0,0.8201259924350046,,,,
gov_report:129,gov_report,disagreement_calibration,64,32,physical_delete_median_aor_5,median_aor,5,25,26,0.06896017509113599,0.07012562025037203,0.9687625290991277,0.2484207126018548,0.9833806081846405,0.07803325061101216,0.16913147381812468,0.39939693909760493,0.9188707874472414,0.4613762823052385,0.16913147381812468,212.51981439506238,0.000367181059484424,0.00019963500380981714,0.00027857537497766316,1.29265558719635,0.6729320883750916,0.00027857537497766316,15.831111907958984,16.6160888671875,7.526893138885498,49.2623291015625,20.743087768554688,60.529571533203125,1003.0,-0.23136713734086745,0.2927772118802298,-0.11281718139949971,-0.12822801050001142,0.7188556331179229,-0.203939812845696,5.0,0.8201259924350046,,,,
gov_report:129,gov_report,disagreement_calibration,64,32,physical_delete_median_aor_5,median_aor,5,26,27,0.06873048856113323,0.07030209887572392,0.9790867561880667,0.2034482804076252,0.9776449019343093,0.07809008963475765,0.21075277803308373,0.38115024961714267,0.9245741131719485,0.3705293489535837,0.21075277803308373,258.06333936679334,0.0003026004771788441,0.0001193018106278032,0.00017450623272452503,0.8780247569084167,0.8172376751899719,0.00017450623272452503,13.268056869506836,16.243837356567383,5.642498970031738,73.03106689453125,25.945899963378906,145.8251190185547,1003.0,-0.23136713734086745,0.2927772118802298,-0.11281718139949971,-0.12822801050001142,0.7188556331179229,-0.203939812845696,5.0,0.8201259924350046,2.7811581345396266e-08,2.3288473655573835e-07,2.7806487275421727e-08,2.328591112407843e-07
gov_report:129,gov_report,disagreement_calibration,64,32,physical_delete_median_aor_5,median_aor,5,27,28,0.19944565836906142,0.19972649729317857,0.9921314015216263,0.1253676424563392,0.9985938824946952,0.20354714397199275,0.35855961017513355,0.6120072299547908,0.7920934589736465,0.5676800682390661,0.35855961017513355,196.51614579264168,0.0010357782214331132,0.000512212049216032,0.0006541425245814025,2.844823122024536,0.2290603518486023,0.0006541425245814025,13.03309440612793,15.268479347229004,3.4450454711914062,64.3390884399414,25.626020431518555,124.27452850341797,1003.0,-0.23136713734086745,0.2927772118802298,-0.11281718139949971,-0.12822801050001142,0.7188556331179229,-0.203939812845696,5.0,0.8201259924350046,,,,
gov_report:129,gov_report,disagreement_calibration,64,32,physical_delete_median_attention_33,median_attention,33,0,1,0.0005511599196050636,0.0005503477150161944,0.9996120841813008,0.027913340987134386,1.001475802600262,0.0008822005510811794,0.0008659502996922656,0.9988962804061968,0.051000184873624434,1.0187658014492156,0.0008659502996922656,17.02739996158619,5.181064361390603e-05,0.00011265816283412278,0.000253864040132612,1.8745471239089966,0.4756169021129608,0.000253864040132612,779.73486328125,778.8067016601562,1837.22900390625,3.1908457279205322,4.153479099273682,0.8475598096847534,975.0,-0.1502190341249164,-0.8587840618637774,-0.19847700494420603,-0.19254517308242233,0.07395456103529864,-0.15729792676374582,33.0,0.3887533525974124,3.4453175292556204e-12,3.7815616654868895e-12,3.4437421158466916e-12,3.781680651163256e-12
gov_report:129,gov_report,disagreement_calibration,64,32,physical_delete_median_attention_33,median_attention,33,1,2,0.021797417519773987,0.021806484879371327,0.9999844665633245,0.005588099281543644,0.9995841897652236,0.024756800578145024,0.024577225755306735,0.9992580117839109,0.03934723515883677,1.0073065538245103,0.024577225755306735,21.347942565699263,0.0011596808686342886,0.0013612275943160057,0.002767658792436123,2.7319023609161377,0.27769485116004944,0.002767658792436123,90.78289794921875,90.88944244384766,3942.337890625,3.2293589115142822,4.059065818786621,0.6496921181678772,975.0,-0.1502190341249164,-0.8587840618637774,-0.19847700494420603,-0.19254517308242233,0.07395456103529864,-0.15729792676374582,33.0,0.3887533525974124,,,,
gov_report:129,gov_report,disagreement_calibration,64,32,physical_delete_median_attention_33,median_attention,33,2,3,0.015400127724364837,0.015584587466109832,0.9448419807633639,0.3303792148418742,0.9881639637785652,0.015006403336664677,0.031861612967220135,0.6198933696214866,0.7986897629841259,0.47098693189524227,0.031861612967220135,30.603973365882105,0.0004903416676409117,0.00031184995896182954,0.0007068183622322977,2.3880085945129395,0.3553844392299652,0.0007068183622322977,25.871479034423828,26.45940399169922,54.95424270629883,4.969550609588623,6.076520919799805,1.6637930870056152,975.0,-0.1502190341249164,-0.8587840618637774,-0.19847700494420603,-0.19254517308242233,0.07395456103529864,-0.15729792676374582,33.0,0.3887533525974124,,,,
gov_report:129,gov_report,disagreement_calibration,64,32,physical_delete_median_attention_33,median_attention,33,3,4,0.024677010522871443,0.02461284873019411,0.9304587536353799,0.37343252984876835,1.0026068413851916,0.022039041706101988,0.03976496149145298,0.6120204475748904,0.792950437477129,0.5542326932930396,0.03976496149145298,34.69350327550185,0.0006352498198607818,0.0003138681931886822,0.000906393164768815,2.0886218547821045,0.3929859697818756,0.000906393164768815,19.589256286621094,20.758384704589844,7.975159645080566,7.06038236618042,6.418210029602051,1.2962311506271362,975.0,-0.1502190341249164,-0.8587840618637774,-0.19847700494420603,-0.19254517308242233,0.07395456103529864,-0.15729792676374582,33.0,0.3887533525974124,,,,
gov_report:129,gov_report,disagreement_calibration,64,32,physical_delete_median_attention_33,median_attention,33,4,5,0.006313668029641612,0.007993766540446407,0.6740211651694864,0.7477337407645238,0.7898239206381712,0.006071186467351215,0.03790196617922623,0.2117809763072911,0.9786783659520834,0.16018130665418578,0.03790196617922623,34.90051456218582,0.00017395693282784013,0.00020632681844290346,0.0002508533070795238,1.3553543090820312,0.6630256772041321,0.0002508533070795238,16.806625366210938,17.753862380981445,4.745891571044922,5.5546674728393555,7.080383777618408,2.379506826400757,975.0,-0.1502190341249164,-0.8587840618637774,-0.19847700494420603,-0.19254517308242233,0.07395456103529864,-0.15729792676374582,33.0,0.3887533525974124,6.616589998303983e-11,6.443074413041036e-09,6.61662576915258e-11,6.444375384862631e-09
gov_report:129,gov_report,disagreement_calibration,64,32,physical_delete_median_attention_33,median_attention,33,5,6,0.02122748203602417,0.0239845296320185,0.853206656281533,0.5225440951776826,0.8850489195204491,0.01769248305580902,0.03839542161508022,0.5756870071892561,0.8257022802128389,0.46079668646899563,0.03839542161508022,35.39335154404771,0.0004998815394408292,0.0005402108072303236,0.0008989357156679034,1.8760639429092407,0.4994126558303833,0.0008989357156679034,15.825418472290039,17.095985412597656,4.3185319900512695,6.850630760192871,8.118582725524902,2.357346534729004,975.0,-0.1502190341249164,-0.8587840618637774,-0.19847700494420603,-0.19254517308242233,0.07395456103529864,-0.15729792676374582,33.0,0.3887533525974124,,,,
gov_report:129,gov_report,disagreement_calibration,64,32,physical_delete_median_attention_33,median_attention,33,6,7,0.005681782739165781,0.00896550200522878,0.5879782931304902,0.8101700516479193,0.6337383825079849,0.004745240015854832,0.03140344610342923,0.13618597301714658,0.9907956294318024,0.15110570987101493,0.03140344610342923,41.321333114561455,0.00011483753446915367,0.00022108769917394966,0.0002948525652755052,1.4500532150268555,0.5657816529273987,0.0002948525652755052,16.739641189575195,19.06768798828125,5.70379638671875,6.827343940734863,6.709001064300537,1.374323844909668,975.0,-0.1502190341249164,-0.8587840618637774,-0.19847700494420603,-0.19254517308242233,0.07395456103529864,-0.15729792676374582,33.0,0.3887533525974124,,,,
gov_report:129,gov_report,disagreement_calibration,64,32,physical_delete_median_attention_33,median_attention,33,7,8,0.010595540268902102,0.012149980649054292,0.8024355114112932,0.6007871020566041,0.8720623163895177,0.009726637233588045,0.02943546178128233,0.4015058912878598,0.9186095259035323,0.33043943070643794,0.02943546178128233,44.50169039910113,0.00021856781498314745,0.00023410622088704258,0.0003883629688061774,2.048428773880005,0.4424579441547394,0.0003883629688061774,34.09756851196289,33.70572280883789,197.79872131347656,5.330056667327881,6.389717102050781,1.8742786645889282,975.0,-0.1502190341249164,-0.8587840618637774,-0.19847700494420603,-0.19254517308242233,0.07395456103529864,-0.15729792676374582,33.0,0.3887533525974124,3.716024796990412e-10,7.016446333617735e-09,3.7159050892792135e-10,7.018034090600422e-09
gov_report:129,gov_report,disagreement_calibration,64,32,physical_delete_median_attention_33,median_attention,33,8,9,0.008417562255863355,0.010066731263310931,0.8753802864724276,0.48502196383607954,0.8361763153986126,0.007630563429345677,0.02820303519487893,0.3530725009811213,0.9392275619411303,0.27055823519063027,0.02820303519487893,45.603709275302094,0.00016732330660388216,0.00016747211338952184,0.00029901295783929527,1.56166410446167,0.5755893588066101,0.00029901295783929527,18.126953125,19.333627700805664,6.5400004386901855,6.415719985961914,7.821150779724121,1.6674134731292725,975.0,-0.1502190341249164,-0.8587840618637774,-0.19847700494420603,-0.19254517308242233,0.07395456103529864,-0.15729792676374582,33.0,0.3887533525974124,,,,
gov_report:129,gov_report,disagreement_calibration,64,32,physical_delete_median_attention_33,median_attention,33,9,10,0.018016590143791054,0.01759398880151637,0.9779721392377743,0.21375422227851765,1.0240196437000268,0.01837946899341547,0.03403860192447934,0.62504334749202,0.7852133864587514,0.5399595739623376,0.03403860192447934,46.993533371837394,0.00039110634324913404,0.000350467482348904,0.0006548480014316738,1.6575798988342285,0.5635745525360107,0.0006548480014316738,17.202495574951172,18.957069396972656,5.617557525634766,7.079068183898926,7.3310627937316895,1.3559222221374512,975.0,-0.1502190341249164,-0.8587840618637774,-0.19847700494420603,-0.19254517308242233,0.07395456103529864,-0.15729792676374582,33.0,0.3887533525974124,,,,
gov_report:129,gov_report,disagreement_calibration,64,32,physical_delete_median_attention_33,median_attention,33,10,11,0.02425742951901502,0.026843445714310257,0.9081313559944167,0.418709214356718,0.9036630310870772,0.02069503389728817,0.03772819521286976,0.6237194591759744,0.7852563549081013,0.5485296548250663,0.03772819521286976,47.202921801031245,0.0004384269682398356,0.0005109962658025324,0.0005453744670376182,1.8931084871292114,0.5318884253501892,0.0005453744670376182,17.674428939819336,18.37088966369629,6.134020805358887,9.819046020507812,8.38504695892334,2.6931545734405518,975.0,-0.1502190341249164,-0.8587840618637774,-0.19847700494420603,-0.19254517308242233,0.07395456103529864,-0.15729792676374582,33.0,0.3887533525974124,2.1838924873981833e-09,7.160719607126992e-09,2.183687786567739e-09,7.160529477949513e-09
gov_report:129,gov_report,disagreement_calibration,64,32,physical_delete_median_attention_33,median_attention,33,11,12,0.2771670464723469,0.2765065003259286,0.9991946486906178,0.040252419357067575,1.0023888991601995,0.24387394009546198,0.24780382628398873,0.9919552084029646,0.1268302968034012,0.9841411399999005,0.24780382628398873,49.39257371305453,0.004937461682240821,0.005559796467423439,0.011168614029884338,2.4413623809814453,0.3573266565799713,0.011168614029884338,16.625320434570312,19.005090713500977,6.719382286071777,7.274513244628906,7.714602470397949,1.279882550239563,975.0,-0.1502190341249164,-0.8587840618637774,-0.19847700494420603,-0.19254517308242233,0.07395456103529864,-0.15729792676374582,33.0,0.3887533525974124,,,,
gov_report:129,gov_report,disagreement_calibration,64,32,physical_delete_median_attention_33,median_attention,33,12,13,0.04154009232519405,0.05900928454881342,0.6738177385192915,0.7395120862791342,0.703958582836764,0.03389132310000131,0.2135318433369678,0.2364771830035672,0.9747435816395391,0.15871788755421593,0.2135318433369678,53.80054854486809,0.0006299438205864561,0.0009454154060222208,0.0023687283974140882,1.6742206811904907,0.5664600729942322,0.0023687283974140882,16.23630714416504,17.37082862854004,4.5782365798950195,8.01563549041748,8.604656219482422,1.183647632598877,975.0,-0.1502190341249164,-0.8587840618637774,-0.19847700494420603,-0.19254517308242233,0.07395456103529864,-0.15729792676374582,33.0,0.3887533525974124,,,,
gov_report:129,gov_report,disagreement_calibration,64,32,physical_delete_median_attention_33,median_attention,33,13,14,0.004334450689867684,0.03678960905102665,0.12558725033254328,0.9921130053613679,0.11781725334063388,0.003974363853692065,0.2019294309078656,0.018238481059750247,0.9998347070367982,0.019681944508155667,0.2019294309078656,60.64177265195559,6.553838517390205e-05,0.00011849668953800574,0.00014076002116780728,2.000993490219116,0.42011168599128723,0.00014076002116780728,17.974178314208984,19.147289276123047,3.7091331481933594,6.8126091957092285,7.883759021759033,1.8747156858444214,975.0,-0.1502190341249164,-0.8587840618637774,-0.19847700494420603,-0.19254517308242233,0.07395456103529864,-0.15729792676374582,33.0,0.3887533525974124,,,,
gov_report:129,gov_report,disagreement_calibration,64,32,physical_delete_median_attention_33,median_attention,33,14,15,0.008945898420394694,0.03173469744305516,0.3651293493572293,0.9346701420600669,0.2818964458837914,0.006730405211581418,0.19714847597122584,0.14457318103881855,0.9956376629494857,0.03413876358122967,0.19714847597122584,58.79395221558994,0.00011447444776125746,0.0001367616350762546,0.0002835716586560011,1.2092472314834595,0.6557769775390625,0.0002835716586560011,18.482328414916992,18.97857093811035,9.51415729522705,8.957704544067383,9.29702091217041,1.8866016864776611,975.0,-0.1502190341249164,-0.8587840618637774,-0.19847700494420603,-0.19254517308242233,0.07395456103529864,-0.15729792676374582,33.0,0.3887533525974124,2.0391936459303e-09,1.3897634301772191e-06,2.03926325438757e-09,1.3918327157432821e-06
gov_report:129,gov_report,disagreement_calibration,64,32,physical_delete_median_attention_33,median_attention,33,15,16,0.021909746425423857,0.06384551663175327,0.20670173729616906,0.9878752287600883,0.34316812802681823,0.019630547593616984,0.16010715512139467,0.19908324580539724,0.982961952840556,0.12260880894881261,0.16010715512139467,61.61936135858476,0.0003185775892641911,0.0003289257874712348,0.0008582810987718403,1.8951950073242188,0.4992586374282837,0.0008582810987718403,54.86259078979492,55.3413200378418,1424.252685546875,8.570710182189941,7.857125759124756,2.1157824993133545,975.0,-0.1502190341249164,-0.8587840618637774,-0.19847700494420603,-0.19254517308242233,0.07395456103529864,-0.15729792676374582,33.0,0.3887533525974124,,,,
gov_report:129,gov_report,disagreement_calibration,64,32,physical_delete_median_attention_33,median_attention,33,16,17,0.009748146459777677,0.04418995614416359,0.15114966153366766,0.9909473412502051,0.22059642756774195,0.008762200479544504,0.14579232864943487,0.040659112885606155,0.9993621997926091,0.06010055920441236,0.14579232864943487,63.80583240988542,0.000137326011566726,0.00016438243619631976,0.0004424374783411622,1.8067706823349,0.4615853726863861,0.0004424374783411622,17.27882957458496,17.96230697631836,6.411449432373047,8.528182983398438,8.716146469116211,3.36085844039917,975.0,-0.1502190341249164,-0.8587840618637774,-0.19847700494420603,-0.19254517308242233,0.07395456103529864,-0.15729792676374582,33.0,0.3887533525974124,,,,
gov_report:129,gov_report,disagreement_calibration,64,32,physical_delete_median_attention_33,median_attention,33,17,18,0.013451843112337002,0.028159151003237983,0.49072544412556074,0.8714114988259841,0.47770769476644354,0.010731367857943474,0.13396684953906493,0.06154338113422916,0.9982769821114946,0.08010465197074139,0.13396684953906493,62.241859809533516,0.00017241399744131298,0.00023333037097472697,0.00032070663291960955,2.099520206451416,0.46240508556365967,0.00032070663291960955,16.019798278808594,16.143625259399414,7.766412734985352,9.121764183044434,9.627391815185547,4.991764545440674,975.0,-0.1502190341249164,-0.8587840618637774,-0.19847700494420603,-0.19254517308242233,0.07395456103529864,-0.15729792676374582,33.0,0.3887533525974124,,,,
gov_report:129,gov_report,disagreement_calibration,64,32,physical_delete_median_attention_33,median_attention,33,18,19,0.0027146214121795925,0.027633762491061184,0.10435870598310022,0.9945585714019851,0.09823567865786294,0.0023764496015768826,0.12229306999709978,0.02475112920997922,0.99970779247297,0.01943241429488393,0.12229306999709978,67.01174892172594,3.5463178320457354e-05,5.109775884193368e-05,7.535678014392033e-05,1.6152935028076172,0.5327450037002563,7.535678014392033e-05,21.99538803100586,21.92483901977539,6.8021368980407715,8.552119255065918,9.4117431640625,3.0947344303131104,975.0,-0.1502190341249164,-0.8587840618637774,-0.19847700494420603,-0.19254517308242233,0.07395456103529864,-0.15729792676374582,33.0,0.3887533525974124,1.1735694682112584e-10,1.3441267743630166e-06,1.1736040872865055e-10,1.3459481680679262e-06
gov_report:129,gov_report,disagreement_calibration,64,32,physical_delete_median_attention_33,median_attention,33,19,20,0.0036722874062025974,0.028578970539735696,0.007966432973704304,1.0072060098499245,0.1284961402334879,0.003939875135208859,0.10812878679152844,0.15919486635605654,0.9948499981710656,0.03643687543452153,0.10812878679152844,71.35644428221089,5.521400589450429e-05,5.5321947002084926e-05,8.741414058022201e-05,1.2923001050949097,0.6506093144416809,8.741414058022201e-05,16.29142951965332,18.24982261657715,4.365218162536621,9.459909439086914,10.118913650512695,3.7302422523498535,975.0,-0.1502190341249164,-0.8587840618637774,-0.19847700494420603,-0.19254517308242233,0.07395456103529864,-0.15729792676374582,33.0,0.3887533525974124,,,,
gov_report:129,gov_report,disagreement_calibration,64,32,physical_delete_median_attention_33,median_attention,33,20,21,0.0007336593303232849,0.03052725736367041,0.12772056702578494,0.9972154148282023,0.024032926429754915,0.0007602044475952795,0.10559915571111322,0.07380021708184072,0.9994944997160182,0.007198963310606051,0.10559915571111322,89.17810248951909,8.524564061952592e-06,1.4976354577811435e-05,1.301652991969604e-05,1.6443448066711426,0.5317547917366028,1.301652991969604e-05,17.67908477783203,18.15448760986328,5.69955587387085,10.74249267578125,11.003811836242676,6.236955165863037,975.0,-0.1502190341249164,-0.8587840618637774,-0.19847700494420603,-0.19254517308242233,0.07395456103529864,-0.15729792676374582,33.0,0.3887533525974124,,,,
gov_report:129,gov_report,disagreement_calibration,64,32,physical_delete_median_attention_33,median_attention,33,21,22,0.0013492540410656193,0.009643153473468443,0.18043203721518622,0.9844214745143289,0.13991834152363858,0.001313335358038829,0.10491831715170505,-0.0032873484679319235,1.000119489210217,0.01251769370394906,0.10491831715170505,108.32939360232474,1.2123536506260336e-05,3.6252389691071585e-05,2.5681347324280068e-05,1.6200250387191772,0.5931184887886047,2.5681347324280068e-05,16.643125534057617,16.863445281982422,4.956933975219727,9.904623031616211,11.455097198486328,7.264296531677246,975.0,-0.1502190341249164,-0.8587840618637774,-0.19847700494420603,-0.19254517308242233,0.07395456103529864,-0.15729792676374582,33.0,0.3887533525974124,,,,
gov_report:129,gov_report,disagreement_calibration,64,32,physical_delete_median_attention_33,median_attention,33,22,23,0.0040727428202183445,0.01371501057143851,0.3123835154788082,0.9500813513438146,0.29695513532449075,0.004068663848636874,0.11598429133336784,0.06331826020918371,0.9983928229705611,0.035079438791780146,0.11598429133336784,129.2339944747408,3.148292262553339e-05,6.516940629808232e-05,0.00011336701572872698,1.1374605894088745,0.6718021035194397,0.00011336701572872698,18.117843627929688,18.983097076416016,4.953180313110352,9.205705642700195,11.111091613769531,11.856245040893555,975.0,-0.1502190341249164,-0.8587840618637774,-0.19847700494420603,-0.19254517308242233,0.07395456103529864,-0.15729792676374582,33.0,0.3887533525974124,1.3293035137707844e-09,1.458785405060516e-06,1.3293653784193898e-09,1.4608382036881296e-06
gov_report:129,gov_report,disagreement_calibration,64,32,physical_delete_median_attention_33,median_attention,33,23,24,0.0027441932656742467,0.005723028916471303,0.7457701726956059,0.7174444721488339,0.4795001572989181,0.0027477134959584914,0.1318428282191816,0.08409424636254619,0.99846339585623,0.020840826407262484,0.1318428282191816,146.53001970502663,1.8751881024037237e-05,4.847668969887309e-05,4.6717676013940945e-05,0.7880064845085144,0.8469693064689636,4.6717676013940945e-05,16.587955474853516,17.426118850708008,4.676479816436768,11.581841468811035,13.812714576721191,13.064142227172852,975.0,-0.1502190341249164,-0.8587840618637774,-0.19847700494420603,-0.19254517308242233,0.07395456103529864,-0.15729792676374582,33.0,0.3887533525974124,,,,
gov_report:129,gov_report,disagreement_calibration,64,32,physical_delete_median_attention_33,median_attention,33,24,25,0.0026002327778122353,0.024730190272731004,0.08839616855601758,0.9962261838959747,0.10514406679189235,0.0028820240770285038,0.143667552495203,-0.03327209980839353,1.000868282829625,0.02006036872608889,0.143667552495203,184.9648536287379,1.5581468697903617e-05,2.8054468202753924e-05,6.976153963478282e-05,0.8699190616607666,0.7718551754951477,6.976153963478282e-05,17.710927963256836,17.67094612121582,6.023995399475098,12.21070671081543,16.045087814331055,68.81375122070312,975.0,-0.1502190341249164,-0.8587840618637774,-0.19847700494420603,-0.19254517308242233,0.07395456103529864,-0.15729792676374582,33.0,0.3887533525974124,,,,
gov_report:129,gov_report,disagreement_calibration,64,32,physical_delete_median_attention_33,median_attention,33,25,26,0.027074852348586798,0.03252425996247433,0.8621420321517291,0.5075358849223746,0.8324509882722952,0.028546762370387672,0.17146965826697827,0.192890888365294,0.9815755132153567,0.16648287900556938,0.17146965826697827,212.51981439506238,0.00013432518022682275,0.00030862170387990773,0.00043196315527893603,1.29265558719635,0.6729320883750916,0.00043196315527893603,17.015499114990234,16.6160888671875,7.526893138885498,12.245481491088867,20.743087768554688,60.529571533203125,975.0,-0.1502190341249164,-0.8587840618637774,-0.19847700494420603,-0.19254517308242233,0.07395456103529864,-0.15729792676374582,33.0,0.3887533525974124,,,,
gov_report:129,gov_report,disagreement_calibration,64,32,physical_delete_median_attention_33,median_attention,33,26,27,0.018597952084099697,0.024974305550545067,0.5940015877421223,0.818454114878839,0.7446834526173159,0.019504801161250456,0.1897195179791434,0.06816978089287118,0.9982748769268537,0.10280861647242164,0.1897195179791434,258.06333936679334,7.558144914775238e-05,0.0003215334436390549,0.00025114708114415407,0.8780247569084167,0.8172376751899719,0.00025114708114415407,16.756256103515625,16.243837356567383,5.642498970031738,13.148618698120117,25.945899963378906,145.8251190185547,975.0,-0.1502190341249164,-0.8587840618637774,-0.19847700494420603,-0.19254517308242233,0.07395456103529864,-0.15729792676374582,33.0,0.3887533525974124,5.070972111242859e-09,1.7135503975618255e-06,5.071738820308217e-09,1.7163150392857114e-06
gov_report:129,gov_report,disagreement_calibration,64,32,physical_delete_median_attention_33,median_attention,33,27,28,0.06263402468890564,0.061753840482385434,0.9879225648647748,0.15716966429415904,1.0142531087887767,0.056377856539632884,0.22100134202336047,0.19435208070482868,0.9828111752158851,0.2551018741491334,0.22100134202336047,196.51614579264168,0.0002868866388165439,0.0021263828966766596,0.0010311738587915897,2.844823122024536,0.2290603518486023,0.0010311738587915897,16.15751838684082,15.268479347229004,3.4450454711914062,13.401214599609375,25.626020431518555,124.27452850341797,975.0,-0.1502190341249164,-0.8587840618637774,-0.19847700494420603,-0.19254517308242233,0.07395456103529864,-0.15729792676374582,33.0,0.3887533525974124,,,,
gov_report:129,gov_report,disagreement_calibration,64,32,physical_delete_median_random_82,median_random,82,0,1,0.000756302678020895,0.0007560944036573716,0.9997928401304308,0.02035951243600702,1.0002754607923507,0.001067499300647165,0.0010795663650779211,0.9991867169556856,0.041633228450417316,0.988822304194439,0.0010795663650779211,17.02739996158619,6.269303023687956e-05,3.397930777282454e-05,6.567235686816275e-05,1.8745471239089966,0.4756169021129608,6.567235686816275e-05,778.1477661132812,778.8067016601562,1837.22900390625,4.408244609832764,4.153479099273682,0.8475598096847534,926.0,0.08771806481755505,1.2582109818372609,0.2584165615029745,0.2067751995016474,-1.5320510947350177,0.01568113858003156,82.0,0.49103496773289224,4.059812544975285e-12,4.7741201625223015e-12,4.057696954433465e-12,4.774090186415932e-12
gov_report:129,gov_report,disagreement_calibration,64,32,physical_delete_median_random_82,median_random,82,1,2,0.0146798164973158,0.014612056453853361,0.9998663661805179,0.017029718120960255,1.004637269481981,0.013489512757999488,0.013471304452248515,0.9963597090572499,0.0853946690734741,1.0013516364221087,0.013471304452248515,21.347942565699263,0.0006318881885917062,0.0006678985082544386,0.0011754789156839252,2.7319023609161377,0.27769485116004944,0.0011754789156839252,90.19583129882812,90.88944244384766,3942.337890625,3.8455467224121094,4.059065818786621,0.6496921181678772,926.0,0.08771806481755505,1.2582109818372609,0.2584165615029745,0.2067751995016474,-1.5320510947350177,0.01568113858003156,82.0,0.49103496773289224,,,,
gov_report:129,gov_report,disagreement_calibration,64,32,physical_delete_median_random_82,median_random,82,2,3,0.05474117678629594,0.05456695316193077,0.9979614634287864,0.06403346645328893,1.0031928413493814,0.05075285175474245,0.05325270567817673,0.9668580259784688,0.25568737204314873,0.9530567716400796,0.05325270567817673,30.603973365882105,0.001658374589076159,0.0006719079683534801,0.0018264151876792312,2.3880085945129395,0.3553844392299652,0.0018264151876792312,26.984603881835938,26.45940399169922,54.95424270629883,6.25339412689209,6.076520919799805,1.6637930870056152,926.0,0.08771806481755505,1.2582109818372609,0.2584165615029745,0.2067751995016474,-1.5320510947350177,0.01568113858003156,82.0,0.49103496773289224,,,,
gov_report:129,gov_report,disagreement_calibration,64,32,physical_delete_median_random_82,median_random,82,3,4,0.0027443336739646808,0.012253733221548279,0.1723536343672389,0.986385998023138,0.22395898656735483,0.002525887137231692,0.048055870895120825,0.08837057224032434,0.9967311241669581,0.05256146835304047,0.048055870895120825,34.69350327550185,7.28057676151517e-05,6.63072059978731e-05,9.358634997624904e-05,2.0886218547821045,0.3929859697818756,9.358634997624904e-05,21.478965759277344,20.758384704589844,7.975159645080566,6.672435760498047,6.418210029602051,1.2962311506271362,926.0,0.08771806481755505,1.2582109818372609,0.2584165615029745,0.2067751995016474,-1.5320510947350177,0.01568113858003156,82.0,0.49103496773289224,,,,
gov_report:129,gov_report,disagreement_calibration,64,32,physical_delete_median_random_82,median_random,82,4,5,0.03900603610830977,0.0388207616005142,0.991442539510695,0.13122263661143324,1.004772562416527,0.03418377375184704,0.05782630471309754,0.594508954040602,0.8040960233499261,0.5911457410506897,0.05782630471309754,34.90051456218582,0.000979463316821255,0.0008460983517579734,0.0010242433054372668,1.3553543090820312,0.6630256772041321,0.0010242433054372668,18.046825408935547,17.753862380981445,4.745891571044922,8.088729858398438,7.080383777618408,2.379506826400757,926.0,0.08771806481755505,1.2582109818372609,0.2584165615029745,0.2067751995016474,-1.5320510947350177,0.01568113858003156,82.0,0.49103496773289224,1.4846529512273628e-08,1.2313007609327694e-08,1.4848549646346715e-08,1.2316748333719026e-08
gov_report:129,gov_report,disagreement_calibration,64,32,physical_delete_median_random_82,median_random,82,5,6,0.01113889684137861,0.025207870857498094,0.09787792015904977,1.052976027105225,0.4418817005350271,0.007443141673711225,0.04646802000859415,0.14799839807286655,0.9890625916202854,0.16017772378368247,0.04646802000859415,35.39335154404771,0.0002102977352808222,0.00012873848027084023,0.00020479844533838332,1.8760639429092407,0.4994126558303833,0.00020479844533838332,18.07308006286621,17.095985412597656,4.3185319900512695,8.97596263885498,8.118582725524902,2.357346534729004,926.0,0.08771806481755505,1.2582109818372609,0.2584165615029745,0.2067751995016474,-1.5320510947350177,0.01568113858003156,82.0,0.49103496773289224,,,,
gov_report:129,gov_report,disagreement_calibration,64,32,physical_delete_median_random_82,median_random,82,6,7,0.009556000851011565,0.011170155294246552,0.805731812921776,0.5943673283975478,0.8554940015859588,0.008894800095756186,0.04098530365174696,0.26250473054655393,0.9660019414891736,0.21702413556174915,0.04098530365174696,41.321333114561455,0.00021525927227700447,0.00017980836855713278,0.00023267364304047078,1.4500532150268555,0.5657816529273987,0.00023267364304047078,17.79800033569336,19.06768798828125,5.70379638671875,8.174567222595215,6.709001064300537,1.374323844909668,926.0,0.08771806481755505,1.2582109818372609,0.2584165615029745,0.2067751995016474,-1.5320510947350177,0.01568113858003156,82.0,0.49103496773289224,,,,
gov_report:129,gov_report,disagreement_calibration,64,32,physical_delete_median_random_82,median_random,82,7,8,0.0029094278677594134,0.008229162682200596,0.20202879776161242,0.991031438535503,0.3535508994192579,0.0026794632860416925,0.034300017919839366,0.0884311993923277,0.996135671655533,0.07811842233737938,0.034300017919839366,44.50169039910113,6.021037093224247e-05,9.198555926559493e-05,9.745307761477306e-05,2.048428773880005,0.4424579441547394,9.745307761477306e-05,34.44295120239258,33.70572280883789,197.79872131347656,7.623144626617432,6.389717102050781,1.8742786645889282,926.0,0.08771806481755505,1.2582109818372609,0.2584165615029745,0.2067751995016474,-1.5320510947350177,0.01568113858003156,82.0,0.49103496773289224,3.217904332167615e-11,1.225108940904301e-08,3.217812280618037e-11,1.2254332415425671e-08
gov_report:129,gov_report,disagreement_calibration,64,32,physical_delete_median_random_82,median_random,82,8,9,0.144632224600996,0.14545417012301115,0.9989878442162737,0.04521951971963967,0.9943491099545649,0.13496252580835266,0.14132379915730922,0.9762603516294026,0.21764246078708285,0.9549879539972191,0.14132379915730922,45.603709275302094,0.0029594637794396524,0.0018855478847399354,0.004070866387337446,1.56166410446167,0.5755893588066101,0.004070866387337446,18.752363204956055,19.333627700805664,6.5400004386901855,9.125740051269531,7.821150779724121,1.6674134731292725,926.0,0.08771806481755505,1.2582109818372609,0.2584165615029745,0.2067751995016474,-1.5320510947350177,0.01568113858003156,82.0,0.49103496773289224,,,,
gov_report:129,gov_report,disagreement_calibration,64,32,physical_delete_median_random_82,median_random,82,9,10,0.005393320624300774,0.03291016937216016,0.01231113090410445,1.011346417989204,0.16388006282529707,0.004958577734576102,0.12462840882159947,0.08127894977861765,0.9975546715445627,0.03978689755779604,0.12462840882159947,46.993533371837394,0.0001055161716685835,8.199094008887187e-05,0.0001416568411514163,1.6575798988342285,0.5635745525360107,0.0001416568411514163,21.59646987915039,18.957069396972656,5.617557525634766,9.292692184448242,7.3310627937316895,1.3559222221374512,926.0,0.08771806481755505,1.2582109818372609,0.2584165615029745,0.2067751995016474,-1.5320510947350177,0.01568113858003156,82.0,0.49103496773289224,,,,
gov_report:129,gov_report,disagreement_calibration,64,32,physical_delete_median_random_82,median_random,82,10,11,0.022845712966877398,0.04405256563849693,0.5933704184638081,0.808394695679593,0.5186011900953357,0.019109269262364243,0.10796169995497666,0.20049864427842423,0.9799757440209085,0.1770004480323429,0.10796169995497666,47.202921801031245,0.0004048323394664684,0.0004295691614970565,0.0003962093614973128,1.8931084871292114,0.5318884253501892,0.0003962093614973128,19.19396209716797,18.37088966369629,6.134020805358887,11.37254524230957,8.38504695892334,2.6931545734405518,926.0,0.08771806481755505,1.2582109818372609,0.2584165615029745,0.2067751995016474,-1.5320510947350177,0.01568113858003156,82.0,0.49103496773289224,2.9700723843976095e-09,6.712418093193678e-08,2.970449943513341e-09,6.708152757663448e-08
gov_report:129,gov_report,disagreement_calibration,64,32,physical_delete_median_random_82,median_random,82,11,12,0.015549059650635706,0.028105586342340127,0.539149383683428,0.8423279719978288,0.5532373337186554,0.01371967289667288,0.10045362676809197,0.1562415870190362,0.9879145992721188,0.13657717832673402,0.10045362676809197,49.39257371305453,0.00027776792876550894,0.00020581170974764973,0.0004781643801834434,2.4413623809814453,0.3573266565799713,0.0004781643801834434,22.779190063476562,19.005090713500977,6.719382286071777,9.072206497192383,7.714602470397949,1.279882550239563,926.0,0.08771806481755505,1.2582109818372609,0.2584165615029745,0.2067751995016474,-1.5320510947350177,0.01568113858003156,82.0,0.49103496773289224,,,,
gov_report:129,gov_report,disagreement_calibration,64,32,physical_delete_median_random_82,median_random,82,12,13,0.0375155430708981,0.04161041594150761,0.9370777835879133,0.35091964374710866,0.901590196157478,0.03098122431868231,0.09691664146538399,0.36929877953638207,0.9306350243315044,0.31966877772738306,0.09691664146538399,53.80054854486809,0.0005758533166784511,0.0008929359610192478,0.0011417543282732368,1.6742206811904907,0.5664600729942322,0.0011417543282732368,18.75902557373047,17.37082862854004,4.5782365798950195,10.260892868041992,8.604656219482422,1.183647632598877,926.0,0.08771806481755505,1.2582109818372609,0.2584165615029745,0.2067751995016474,-1.5320510947350177,0.01568113858003156,82.0,0.49103496773289224,,,,
gov_report:129,gov_report,disagreement_calibration,64,32,physical_delete_median_random_82,median_random,82,13,14,0.01435037977240041,0.01954858367906606,0.6436706532922523,0.7706253163075296,0.734087952763952,0.012846582344291637,0.09299611433894862,0.08693124919206248,0.9975296502984732,0.13814106573817603,0.09299611433894862,60.64177265195559,0.00021184377999671416,0.0004588872252497822,0.000411986984545365,2.000993490219116,0.42011168599128723,0.000411986984545365,19.9879150390625,19.147289276123047,3.7091331481933594,9.535757064819336,7.883759021759033,1.8747156858444214,926.0,0.08771806481755505,1.2582109818372609,0.2584165615029745,0.2067751995016474,-1.5320510947350177,0.01568113858003156,82.0,0.49103496773289224,,,,
gov_report:129,gov_report,disagreement_calibration,64,32,physical_delete_median_random_82,median_random,82,14,15,0.023216124323110477,0.023802050690858948,0.855722535156503,0.5310910065979311,0.9753833661074635,0.02113632126235733,0.08728112622555917,0.224176586244599,0.9747145196255197,0.24216370911318313,0.08728112622555917,58.79395221558994,0.0003594982216002954,0.0004429207183420658,0.0004821241891477257,1.2092472314834595,0.6557769775390625,0.0004821241891477257,19.778366088867188,18.97857093811035,9.51415729522705,10.418046951293945,9.29702091217041,1.8866016864776611,926.0,0.08771806481755505,1.2582109818372609,0.2584165615029745,0.2067751995016474,-1.5320510947350177,0.01568113858003156,82.0,0.49103496773289224,1.4550692701710128e-09,1.1555276429431978e-07,1.4552757869031733e-09,1.1545227141924647e-07
gov_report:129,gov_report,disagreement_calibration,64,32,physical_delete_median_random_82,median_random,82,15,16,0.03820264004491607,0.04336336668032803,0.860584909547686,0.5097155401722981,0.8809887923726838,0.03608298155534694,0.08604794107903022,0.42105422846521323,0.9070370939019698,0.41933579238353585,0.08604794107903022,61.61936135858476,0.0005855786356721123,0.0008897131774574518,0.001264827442355454,1.8951950073242188,0.4992586374282837,0.001264827442355454,55.63280487060547,55.3413200378418,1424.252685546875,8.077434539794922,7.857125759124756,2.1157824993133545,926.0,0.08771806481755505,1.2582109818372609,0.2584165615029745,0.2067751995016474,-1.5320510947350177,0.01568113858003156,82.0,0.49103496773289224,,,,
gov_report:129,gov_report,disagreement_calibration,64,32,physical_delete_median_random_82,median_random,82,16,17,0.026217527869415922,0.027609655335635447,0.8927011290005281,0.45422428361533806,0.9495782381454533,0.02340509467160879,0.08265167690465565,0.32758055856003515,0.945866063388531,0.28317749316336516,0.08265167690465565,63.80583240988542,0.0003668174802775968,0.0006740438402630389,0.0006137000164017081,1.8067706823349,0.4615853726863861,0.0006137000164017081,19.446056365966797,17.96230697631836,6.411449432373047,9.804784774780273,8.716146469116211,3.36085844039917,926.0,0.08771806481755505,1.2582109818372609,0.2584165615029745,0.2067751995016474,-1.5320510947350177,0.01568113858003156,82.0,0.49103496773289224,,,,
gov_report:129,gov_report,disagreement_calibration,64,32,physical_delete_median_random_82,median_random,82,17,18,0.06975353437754529,0.06979865498267128,0.9790592694690375,0.20458446939261885,0.9993535605358415,0.06548590419554558,0.10522907749661937,0.6962204386416349,0.7216222933481083,0.6223175737490372,0.10522907749661937,62.241859809533516,0.0010521199783544253,0.0008751496789045632,0.0011651628883555532,2.099520206451416,0.46240508556365967,0.0011651628883555532,16.957794189453125,16.143625259399414,7.766412734985352,9.753068923950195,9.627391815185547,4.991764545440674,926.0,0.08771806481755505,1.2582109818372609,0.2584165615029745,0.2067751995016474,-1.5320510947350177,0.01568113858003156,82.0,0.49103496773289224,,,,
gov_report:129,gov_report,disagreement_calibration,64,32,physical_delete_median_random_82,median_random,82,18,19,0.024182020310019404,0.030237774629024914,0.7796673508303458,0.6265151915476675,0.79972883608992,0.020441332107489576,0.10199837144930443,0.2442475916535664,0.9707033466769278,0.20040841649760452,0.10199837144930443,67.01174892172594,0.00030504101797680845,0.00036292438744567335,0.0006284627015702426,1.6152935028076172,0.5327450037002563,0.0006284627015702426,23.035499572753906,21.92483901977539,6.8021368980407715,10.611930847167969,9.4117431640625,3.0947344303131104,926.0,0.08771806481755505,1.2582109818372609,0.2584165615029745,0.2067751995016474,-1.5320510947350177,0.01568113858003156,82.0,0.49103496773289224,4.74591723788089e-08,2.546951663167865e-06,4.747188366102265e-08,2.5412484223370285e-06
gov_report:129,gov_report,disagreement_calibration,64,32,physical_delete_median_random_82,median_random,82,19,20,0.02523674541595961,0.0341636693716568,0.6501434402446656,0.7649548964057634,0.7387012542890595,0.018876471961958654,0.09410269299397415,0.2751058400202175,0.9642970151897252,0.2005943864238551,0.09410269299397415,71.35644428221089,0.0002645377323918107,0.00047553706099279225,0.0006381964194588363,1.2923001050949097,0.6506093144416809,0.0006381964194588363,20.023590087890625,18.24982261657715,4.365218162536621,10.55538558959961,10.118913650512695,3.7302422523498535,926.0,0.08771806481755505,1.2582109818372609,0.2584165615029745,0.2067751995016474,-1.5320510947350177,0.01568113858003156,82.0,0.49103496773289224,,,,
gov_report:129,gov_report,disagreement_calibration,64,32,physical_delete_median_random_82,median_random,82,20,21,0.01777507453973038,0.027088789387401595,0.4720785352261419,0.9005745739560134,0.6561782546102699,0.01881392758960268,0.09718597628917505,0.19762593569487139,0.98028582755548,0.19358685592273303,0.09718597628917505,89.17810248951909,0.00021097026135775696,0.0003301855467725545,0.00027872444479726255,1.6443448066711426,0.5317547917366028,0.00027872444479726255,19.33772087097168,18.15448760986328,5.69955587387085,14.177268981933594,11.003811836242676,6.236955165863037,926.0,0.08771806481755505,1.2582109818372609,0.2584165615029745,0.2067751995016474,-1.5320510947350177,0.01568113858003156,82.0,0.49103496773289224,,,,
gov_report:129,gov_report,disagreement_calibration,64,32,physical_delete_median_random_82,median_random,82,21,22,0.032835432029490366,0.03495029187715002,0.9215032114647713,0.3887870080367747,0.9394894939620714,0.0328627761023385,0.11172328089741902,0.32513822144577603,0.9461742728784585,0.294144388155877,0.11172328089741902,108.32939360232474,0.00030335973469008016,0.0005569675122387707,0.0006764380959793925,1.6200250387191772,0.5931184887886047,0.0006764380959793925,19.220033645629883,16.863445281982422,4.956933975219727,13.768919944763184,11.455097198486328,7.264296531677246,926.0,0.08771806481755505,1.2582109818372609,0.2584165615029745,0.2067751995016474,-1.5320510947350177,0.01568113858003156,82.0,0.49103496773289224,,,,
gov_report:129,gov_report,disagreement_calibration,64,32,physical_delete_median_random_82,median_random,82,22,23,0.01333012977063259,0.020104305464869753,0.5973997589625993,0.8046261780622066,0.6630485093815177,0.014234290172226811,0.12454909065515166,0.11972546492644734,0.9928219349251686,0.11428658448931073,0.12454909065515166,129.2339944747408,0.00011014354411995637,0.00011726276716217399,0.00016625248827040195,1.1374605894088745,0.6718021035194397,0.00016625248827040195,20.322561264038086,18.983097076416016,4.953180313110352,14.244075775146484,11.111091613769531,11.856245040893555,926.0,0.08771806481755505,1.2582109818372609,0.2584165615029745,0.2067751995016474,-1.5320510947350177,0.01568113858003156,82.0,0.49103496773289224,1.969983054192873e-08,3.290979028444988e-06,1.9705566289040688e-08,3.283132254310202e-06
gov_report:129,gov_report,disagreement_calibration,64,32,physical_delete_median_random_82,median_random,82,23,24,0.027077929198994113,0.02752595708323231,0.9530036994476458,0.3045121529858551,0.9837234402828043,0.029306578657507593,0.15538161081791865,0.16897915011451148,0.9858151096916261,0.18861034136047167,0.15538161081791865,146.53001970502663,0.00020000392217583418,0.00033213591086678207,0.0004583070403896272,0.7880064845085144,0.8469693064689636,0.0004583070403896272,19.093616485595703,17.426118850708008,4.676479816436768,16.00214385986328,13.812714576721191,13.064142227172852,926.0,0.08771806481755505,1.2582109818372609,0.2584165615029745,0.2067751995016474,-1.5320510947350177,0.01568113858003156,82.0,0.49103496773289224,,,,
gov_report:129,gov_report,disagreement_calibration,64,32,physical_delete_median_random_82,median_random,82,24,25,0.010472891655742392,0.022340009084844917,0.4738141100289123,0.8806391868490884,0.46879531767276783,0.011307547789960824,0.18598605293730863,0.045142599220229326,0.9991032138267062,0.0607978265648356,0.18598605293730863,184.9648536287379,6.113349411049395e-05,7.558143261121586e-05,8.21578869363293e-05,0.8699190616607666,0.7718551754951477,8.21578869363293e-05,19.4090576171875,17.67094612121582,6.023995399475098,19.748090744018555,16.045087814331055,68.81375122070312,926.0,0.08771806481755505,1.2582109818372609,0.2584165615029745,0.2067751995016474,-1.5320510947350177,0.01568113858003156,82.0,0.49103496773289224,,,,
gov_report:129,gov_report,disagreement_calibration,64,32,physical_delete_median_random_82,median_random,82,25,26,0.05595341532786943,0.06199855572004094,0.8781344526153536,0.4790337587458479,0.9024954642577677,0.06421980590750088,0.23796258240760615,0.23296120142906443,0.9731863129964253,0.2698735459068887,0.23796258240760615,212.51981439506238,0.0003021826745440304,0.0002885569992940873,0.00034577029873616993,1.29265558719635,0.6729320883750916,0.00034577029873616993,19.391016006469727,16.6160888671875,7.526893138885498,28.334867477416992,20.743087768554688,60.529571533203125,926.0,0.08771806481755505,1.2582109818372609,0.2584165615029745,0.2067751995016474,-1.5320510947350177,0.01568113858003156,82.0,0.49103496773289224,,,,
gov_report:129,gov_report,disagreement_calibration,64,32,physical_delete_median_random_82,median_random,82,26,27,0.0651583813574883,0.06839132468827612,0.9384017749254608,0.34584298614188114,0.9527287511168501,0.07321665268460101,0.28853012811602113,0.26058778335564603,0.9654743193987446,0.2537573915163542,0.28853012811602113,258.06333936679334,0.00028371582288383836,0.0001532268215669319,0.0003373951476532966,0.8780247569084167,0.8172376751899719,0.0003373951476532966,18.484609603881836,16.243837356567383,5.642498970031738,45.8088493347168,25.945899963378906,145.8251190185547,926.0,0.08771806481755505,1.2582109818372609,0.2584165615029745,0.2067751995016474,-1.5320510947350177,0.01568113858003156,82.0,0.49103496773289224,4.417110020377339e-08,3.2467061046962406e-06,4.415525032581971e-08,3.2384680660359544e-06
gov_report:129,gov_report,disagreement_calibration,64,32,physical_delete_median_random_82,median_random,82,27,28,0.044534755573150835,0.04680494271424613,0.9500740585228562,0.3120277353993972,0.9514968503443053,0.045963537425108454,0.4706757269360024,0.09299406849458251,0.9956775690716879,0.09765436115501681,0.4706757269360024,196.51614579264168,0.0002338919137647239,0.00035025799297727644,0.0002068119792966172,2.844823122024536,0.2290603518486023,0.0002068119792966172,16.73846435546875,15.268479347229004,3.4450454711914062,41.48926544189453,25.626020431518555,124.27452850341797,926.0,0.08771806481755505,1.2582109818372609,0.2584165615029745,0.2067751995016474,-1.5320510947350177,0.01568113858003156,82.0,0.49103496773289224,,,,
gov_report:129,gov_report,disagreement_calibration,64,32,physical_delete_high_value_norm_83,high_value_norm,83,0,1,0.0012838788440718907,0.0012857023982004274,0.9999288518513127,0.012004421781868817,0.9985816670085635,0.0017544299688570018,0.0017617497689263854,0.9996680373556069,0.026046679854930428,0.995845153381888,0.0017617497689263854,17.02739996158619,0.0001030356938120321,3.286161881987937e-05,8.37035768199712e-05,1.8745471239089966,0.4756169021129608,8.37035768199712e-05,778.1887817382812,778.8067016601562,1837.22900390625,5.237071514129639,4.153479099273682,0.8475598096847534,925.0,-0.006112711825453897,1.6243527715870318,0.176986051791771,0.11035535148535916,-2.105148766254937,0.3650239839395337,83.0,0.4067104649041766,6.987651233526336e-12,6.259919587453588e-12,6.985914061328064e-12,6.2582794221070206e-12
gov_report:129,gov_report,disagreement_calibration,64,32,physical_delete_high_value_norm_83,high_value_norm,83,1,2,0.01056737153518742,0.010482572652414895,0.9995744170667653,0.030389003995187406,1.0080895106177001,0.011334419622812066,0.011552295997666957,0.9874689152172506,0.15794048476168268,0.9811399937381372,0.011552295997666957,21.347942565699263,0.0005309373298119889,0.0005495336372405291,0.0007422948256134987,2.7319023609161377,0.27769485116004944,0.0007422948256134987,89.96627807617188,90.88944244384766,3942.337890625,4.047514915466309,4.059065818786621,0.6496921181678772,925.0,-0.006112711825453897,1.6243527715870318,0.176986051791771,0.11035535148535916,-2.105148766254937,0.3650239839395337,83.0,0.4067104649041766,,,,
gov_report:129,gov_report,disagreement_calibration,64,32,physical_delete_high_value_norm_83,high_value_norm,83,2,3,0.02279243289592037,0.022049759908589657,0.9844959362055271,0.18217296484746662,1.033681681361138,0.022068747204533987,0.02622780897072379,0.9101743274916796,0.41989176609806245,0.8414254972334035,0.02622780897072379,30.603973365882105,0.0007211072542997521,0.000382705096853897,0.0009231750736944377,2.3880085945129395,0.3553844392299652,0.0009231750736944377,25.516220092773438,26.45940399169922,54.95424270629883,5.744105815887451,6.076520919799805,1.6637930870056152,925.0,-0.006112711825453897,1.6243527715870318,0.176986051791771,0.11035535148535916,-2.105148766254937,0.3650239839395337,83.0,0.4067104649041766,,,,
gov_report:129,gov_report,disagreement_calibration,64,32,physical_delete_high_value_norm_83,high_value_norm,83,3,4,0.004738165069139506,0.010466089005726794,0.3373403547073794,0.9484265945157951,0.45271591580645787,0.0039377212061979285,0.026101604868761646,0.30402189997123297,0.9648983695379888,0.1508612679563848,0.026101604868761646,34.69350327550185,0.00011350024743619578,8.947613969212398e-05,0.0001294357789447531,2.0886218547821045,0.3929859697818756,0.0001294357789447531,20.30626678466797,20.758384704589844,7.975159645080566,7.093145370483398,6.418210029602051,1.2962311506271362,925.0,-0.006112711825453897,1.6243527715870318,0.176986051791771,0.11035535148535916,-2.105148766254937,0.3650239839395337,83.0,0.4067104649041766,,,,
gov_report:129,gov_report,disagreement_calibration,64,32,physical_delete_high_value_norm_83,high_value_norm,83,4,5,0.024062754083140417,0.024097597360903965,0.9889694416227535,0.14842947404654216,0.9985540766889865,0.02241556444159038,0.033959660329714925,0.697187783608473,0.7178491042355315,0.6600644477582308,0.033959660329714925,34.90051456218582,0.0006422703138559827,0.00041617456008680165,0.0005902398261241615,1.3553543090820312,0.6630256772041321,0.0005902398261241615,18.14553451538086,17.753862380981445,4.745891571044922,8.767309188842773,7.080383777618408,2.379506826400757,925.0,-0.006112711825453897,1.6243527715870318,0.176986051791771,0.11035535148535916,-2.105148766254937,0.3650239839395337,83.0,0.4067104649041766,1.5857136662446334e-09,2.0066042214834114e-09,1.5858148695945859e-09,2.0068499117763035e-09
gov_report:129,gov_report,disagreement_calibration,64,32,physical_delete_high_value_norm_83,high_value_norm,83,5,6,0.014186654575366976,0.017978873017498388,0.7369143256727984,0.677995478989994,0.7890736288953962,0.011257000870384858,0.03002920789399055,0.40729566435638936,0.9138718563352515,0.37486839180455406,0.03002920789399055,35.39335154404771,0.0003180541084495856,0.00022354640532284975,0.0003771339834202081,1.8760639429092407,0.4994126558303833,0.0003771339834202081,17.03689193725586,17.095985412597656,4.3185319900512695,8.922647476196289,8.118582725524902,2.357346534729004,925.0,-0.006112711825453897,1.6243527715870318,0.176986051791771,0.11035535148535916,-2.105148766254937,0.3650239839395337,83.0,0.4067104649041766,,,,
gov_report:129,gov_report,disagreement_calibration,64,32,physical_delete_high_value_norm_83,high_value_norm,83,6,7,0.047306181024687484,0.04707868833432677,0.9911826425646828,0.13320389989526682,1.004832179876066,0.061011998100794655,0.06216283474713692,0.9128543363438367,0.41401372877836234,0.9814867412172629,0.06216283474713692,41.321333114561455,0.0014765254047259743,0.0005547664477489889,0.001497848890721798,1.4500532150268555,0.5657816529273987,0.001497848890721798,18.55457305908203,19.06768798828125,5.70379638671875,8.363432884216309,6.709001064300537,1.374323844909668,925.0,-0.006112711825453897,1.6243527715870318,0.176986051791771,0.11035535148535916,-2.105148766254937,0.3650239839395337,83.0,0.4067104649041766,,,,
gov_report:129,gov_report,disagreement_calibration,64,32,physical_delete_high_value_norm_83,high_value_norm,83,7,8,0.0020032118145301907,0.01281413152687269,0.07744730213418578,1.0001120598962132,0.1563283325389027,0.001891998146980916,0.05761655778325548,-0.02204617798118549,1.0012623091067632,0.0328377504622598,0.05761655778325548,44.50169039910113,4.2515197288306414e-05,5.973899897071533e-05,7.13512345100753e-05,2.048428773880005,0.4424579441547394,7.13512345100753e-05,34.648284912109375,33.70572280883789,197.79872131347656,7.651815414428711,6.389717102050781,1.8742786645889282,925.0,-0.006112711825453897,1.6243527715870318,0.176986051791771,0.11035535148535916,-2.105148766254937,0.3650239839395337,83.0,0.4067104649041766,2.425515632484401e-11,1.0793743134973672e-08,2.42542083591347e-11,1.0791492679479185e-08
gov_report:129,gov_report,disagreement_calibration,64,32,physical_delete_high_value_norm_83,high_value_norm,83,8,9,0.019228161467321155,0.024001588363877467,0.7719618059783439,0.6363373258342786,0.801120374860676,0.018112540988388163,0.05100252898352144,0.3074323016234859,0.9527646479702956,0.3551302523496471,0.05100252898352144,45.603709275302094,0.000397172538730254,0.0003251692687626928,0.0005185602931305766,1.56166410446167,0.5755893588066101,0.0005185602931305766,20.301212310791016,19.333627700805664,6.5400004386901855,9.441505432128906,7.821150779724121,1.6674134731292725,925.0,-0.006112711825453897,1.6243527715870318,0.176986051791771,0.11035535148535916,-2.105148766254937,0.3650239839395337,83.0,0.4067104649041766,,,,
gov_report:129,gov_report,disagreement_calibration,64,32,physical_delete_high_value_norm_83,high_value_norm,83,9,10,0.001791844461619297,0.008825308417430424,0.060146299077520116,1.0083647840586736,0.20303476964955863,0.0016456064978845218,0.048600954174221916,0.022642363972751427,0.9998065556115242,0.033859551234024045,0.048600954174221916,46.993533371837394,3.5017722222834855e-05,4.1846895328490064e-05,4.382116094348021e-05,1.6575798988342285,0.5635745525360107,4.382116094348021e-05,24.2169246673584,18.957069396972656,5.617557525634766,8.815347671508789,7.3310627937316895,1.3559222221374512,925.0,-0.006112711825453897,1.6243527715870318,0.176986051791771,0.11035535148535916,-2.105148766254937,0.3650239839395337,83.0,0.4067104649041766,,,,
gov_report:129,gov_report,disagreement_calibration,64,32,physical_delete_high_value_norm_83,high_value_norm,83,10,11,0.005726933075588274,0.013770581087084717,0.3491684241642915,0.9394317839232016,0.41588172927281225,0.004640967218874149,0.04260996664091173,0.11513370145594991,0.993369454465442,0.10891741028537087,0.04260996664091173,47.202921801031245,9.831949044249116e-05,8.776109461905435e-05,9.575271542416885e-05,1.8931084871292114,0.5318884253501892,9.575271542416885e-05,21.285572052001953,18.37088966369629,6.134020805358887,11.830552101135254,8.38504695892334,2.6931545734405518,925.0,-0.006112711825453897,1.6243527715870318,0.176986051791771,0.11035535148535916,-2.105148766254937,0.3650239839395337,83.0,0.4067104649041766,2.0647629621097012e-10,1.2582103011382934e-08,2.0647536591792595e-10,1.2578977507752048e-08
gov_report:129,gov_report,disagreement_calibration,64,32,physical_delete_high_value_norm_83,high_value_norm,83,11,12,0.000666051982983978,0.010510063702037145,0.040775974764353164,0.9994238018029057,0.06337278268397921,0.0005674267086216019,0.03957041727627565,0.033881742325846044,0.9996168866843081,0.014339669573355782,0.03957041727627565,49.39257371305453,1.1488097622085041e-05,1.7671076420811005e-05,1.9133431123918854e-05,2.4413623809814453,0.3573266565799713,1.9133431123918854e-05,23.155664443969727,19.005090713500977,6.719382286071777,8.488940238952637,7.714602470397949,1.279882550239563,925.0,-0.006112711825453897,1.6243527715870318,0.176986051791771,0.11035535148535916,-2.105148766254937,0.3650239839395337,83.0,0.4067104649041766,,,,
gov_report:129,gov_report,disagreement_calibration,64,32,physical_delete_high_value_norm_83,high_value_norm,83,12,13,0.014505619793813988,0.01562850554548996,0.9141872603712997,0.40553255239172403,0.9281514314719611,0.012705174181867203,0.03959712117732417,0.35369208100247557,0.9359379188433519,0.3208610576756523,0.03959712117732417,53.80054854486809,0.00023615324611925577,0.00027626854716800153,0.0003047723730560392,1.6742206811904907,0.5664600729942322,0.0003047723730560392,18.95825958251953,17.37082862854004,4.5782365798950195,10.13284683227539,8.604656219482422,1.183647632598877,925.0,-0.006112711825453897,1.6243527715870318,0.176986051791771,0.11035535148535916,-2.105148766254937,0.3650239839395337,83.0,0.4067104649041766,,,,
gov_report:129,gov_report,disagreement_calibration,64,32,physical_delete_high_value_norm_83,high_value_norm,83,13,14,0.007888241105838162,0.00981108695536664,0.7603511161977168,0.6509781387076271,0.8040129642845856,0.007526936446050647,0.039526386297601405,0.12135755486112262,0.9950090906052534,0.19042814562856727,0.039526386297601405,60.64177265195559,0.00012412131303038215,0.0001517898344900459,0.00022003630874678493,2.000993490219116,0.42011168599128723,0.00022003630874678493,21.8568115234375,19.147289276123047,3.7091331481933594,11.000513076782227,7.883759021759033,1.8747156858444214,925.0,-0.006112711825453897,1.6243527715870318,0.176986051791771,0.11035535148535916,-2.105148766254937,0.3650239839395337,83.0,0.4067104649041766,,,,
gov_report:129,gov_report,disagreement_calibration,64,32,physical_delete_high_value_norm_83,high_value_norm,83,14,15,0.019724727451681672,0.019623792217271806,0.9387715604267757,0.35087489714929465,1.0051435132054154,0.01695423246654541,0.04035542458335984,0.45259579781410464,0.892306865270847,0.4201227627161757,0.04035542458335984,58.79395221558994,0.00028836694638891425,0.0004237907996866852,0.00042199899326078594,1.2092472314834595,0.6557769775390625,0.00042199899326078594,19.817394256591797,18.97857093811035,9.51415729522705,10.677190780639648,9.29702091217041,1.8866016864776611,925.0,-0.006112711825453897,1.6243527715870318,0.176986051791771,0.11035535148535916,-2.105148766254937,0.3650239839395337,83.0,0.4067104649041766,1.7541809513259384e-09,1.013144651495289e-08,1.7542558381711475e-09,1.0129343113281857e-08
gov_report:129,gov_report,disagreement_calibration,64,32,physical_delete_high_value_norm_83,high_value_norm,83,15,16,0.01456697718751248,0.01797878996407364,0.7989628471233015,0.6014859478581609,0.8102312345058338,0.013816584017735561,0.039238297064899695,0.446220108633307,0.899856916277305,0.3521198688842966,0.039238297064899695,61.61936135858476,0.00022422471952170995,0.00026561939739622176,0.0003499032754916698,1.8951950073242188,0.4992586374282837,0.0003499032754916698,55.921722412109375,55.3413200378418,1424.252685546875,8.678227424621582,7.857125759124756,2.1157824993133545,925.0,-0.006112711825453897,1.6243527715870318,0.176986051791771,0.11035535148535916,-2.105148766254937,0.3650239839395337,83.0,0.4067104649041766,,,,
gov_report:129,gov_report,disagreement_calibration,64,32,physical_delete_high_value_norm_83,high_value_norm,83,16,17,0.017164552058668483,0.01783491415579726,0.958147222047688,0.28630769668307793,0.9624129339074573,0.014568935856591223,0.03971619454399926,0.4739108512197472,0.8870601185180823,0.3668260774695105,0.03971619454399926,63.80583240988542,0.00022833235311469838,0.0004192677733954042,0.00043310923501849174,1.8067706823349,0.4615853726863861,0.00043310923501849174,19.272289276123047,17.96230697631836,6.411449432373047,10.387110710144043,8.716146469116211,3.36085844039917,925.0,-0.006112711825453897,1.6243527715870318,0.176986051791771,0.11035535148535916,-2.105148766254937,0.3650239839395337,83.0,0.4067104649041766,,,,
gov_report:129,gov_report,disagreement_calibration,64,32,physical_delete_high_value_norm_83,high_value_norm,83,17,18,0.09442088978241253,0.09401473435111887,0.99794400334344,0.06440823799731878,1.0043201252877745,0.09078795021958483,0.09875055786545384,0.9295635030614271,0.3688030281665825,0.9193664540435514,0.09875055786545384,62.241859809533516,0.0014586317069799212,0.0010972378076985478,0.0015310299349948764,2.099520206451416,0.46240508556365967,0.0015310299349948764,18.24877166748047,16.143625259399414,7.766412734985352,10.608414649963379,9.627391815185547,4.991764545440674,925.0,-0.006112711825453897,1.6243527715870318,0.176986051791771,0.11035535148535916,-2.105148766254937,0.3650239839395337,83.0,0.4067104649041766,,,,
gov_report:129,gov_report,disagreement_calibration,64,32,physical_delete_high_value_norm_83,high_value_norm,83,18,19,0.04877511492414299,0.052549742306842645,0.9018488950792835,0.43285262116815204,0.9281703921465634,0.04256857523671103,0.10420975791823506,0.41457998399613527,0.910033259179952,0.40848934003004916,0.10420975791823506,67.01174892172594,0.0006352404753147673,0.0006747216102667153,0.001107010175473988,1.6152935028076172,0.5327450037002563,0.001107010175473988,22.919986724853516,21.92483901977539,6.8021368980407715,10.762123107910156,9.4117431640625,3.0947344303131104,925.0,-0.006112711825453897,1.6243527715870318,0.176986051791771,0.11035535148535916,-2.105148766254937,0.3650239839395337,83.0,0.4067104649041766,2.4998659420770816e-07,1.0936463887086559e-06,2.5013048878627654e-07,1.0909110825842242e-06
gov_report:129,gov_report,disagreement_calibration,64,32,physical_delete_high_value_norm_83,high_value_norm,83,19,20,0.03862050050329836,0.04707164436899724,0.8252909685329783,0.5647283729057834,0.8204621066676598,0.03328797100228254,0.09911174297447652,0.33038330425629386,0.9438627547160309,0.3358630370455188,0.09911174297447652,71.35644428221089,0.0004665026591099525,0.000716277863830328,0.0010788454674184322,1.2923001050949097,0.6506093144416809,0.0010788454674184322,21.822128295898438,18.24982261657715,4.365218162536621,9.919624328613281,10.118913650512695,3.7302422523498535,925.0,-0.006112711825453897,1.6243527715870318,0.176986051791771,0.11035535148535916,-2.105148766254937,0.3650239839395337,83.0,0.4067104649041766,,,,
gov_report:129,gov_report,disagreement_calibration,64,32,physical_delete_high_value_norm_83,high_value_norm,83,20,21,0.08381614112755509,0.08521393280604325,0.9746234126339208,0.22403062963828535,0.9835966768290145,0.09218940919030173,0.13943535693101633,0.692481983696031,0.7221146870782077,0.6611623566604498,0.13943535693101633,89.17810248951909,0.0010337673331986016,0.0009483317844569683,0.001530482666566968,1.6443448066711426,0.5317547917366028,0.001530482666566968,18.909751892089844,18.15448760986328,5.69955587387085,13.600517272949219,11.003811836242676,6.236955165863037,925.0,-0.006112711825453897,1.6243527715870318,0.176986051791771,0.11035535148535916,-2.105148766254937,0.3650239839395337,83.0,0.4067104649041766,,,,
gov_report:129,gov_report,disagreement_calibration,64,32,physical_delete_high_value_norm_83,high_value_norm,83,21,22,0.13916000457514444,0.13964954636900645,0.9959338443628712,0.09008935555800016,0.9964944977868495,0.1406260110718375,0.2097758989065381,0.7199802918059766,0.6957659450233165,0.6703630484000018,0.2097758989065381,108.32939360232474,0.0012981334649400241,0.001558387652039528,0.0022366666235029697,1.6200250387191772,0.5931184887886047,0.0022366666235029697,17.631549835205078,16.863445281982422,4.956933975219727,14.121866226196289,11.455097198486328,7.264296531677246,925.0,-0.006112711825453897,1.6243527715870318,0.176986051791771,0.11035535148535916,-2.105148766254937,0.3650239839395337,83.0,0.4067104649041766,,,,
gov_report:129,gov_report,disagreement_calibration,64,32,physical_delete_high_value_norm_83,high_value_norm,83,22,23,0.01313498131982775,0.026006277255662305,0.45664691212499486,0.8909648472710598,0.5050696487890396,0.014029585596686508,0.22990054211752056,0.1834835200995092,0.9906210113798811,0.06102458683857676,0.22990054211752056,129.2339944747408,0.00010855956015062768,0.00013601190585177392,0.00014499685494229198,1.1374605894088745,0.6718021035194397,0.00014499685494229198,21.439476013183594,18.983097076416016,4.953180313110352,15.086904525756836,11.111091613769531,11.856245040893555,925.0,-0.006112711825453897,1.6243527715870318,0.176986051791771,0.11035535148535916,-2.105148766254937,0.3650239839395337,83.0,0.4067104649041766,3.1876211941748024e-09,3.6339161562646324e-06,3.187988534259269e-09,3.6480686199751904e-06
gov_report:129,gov_report,disagreement_calibration,64,32,physical_delete_high_value_norm_83,high_value_norm,83,23,24,0.12879042440861635,0.12830938468461478,0.9959796448483934,0.08991613246073112,1.003749061108694,0.13562458102010216,0.3181278106547772,0.5529128437756031,0.8428006113168547,0.42632104606308036,0.3181278106547772,146.53001970502663,0.0009255753960391342,0.0007912831497378647,0.0013942065415903926,0.7880064845085144,0.8469693064689636,0.0013942065415903926,18.384754180908203,17.426118850708008,4.676479816436768,17.30110740661621,13.812714576721191,13.064142227172852,925.0,-0.006112711825453897,1.6243527715870318,0.176986051791771,0.11035535148535916,-2.105148766254937,0.3650239839395337,83.0,0.4067104649041766,,,,
gov_report:129,gov_report,disagreement_calibration,64,32,physical_delete_high_value_norm_83,high_value_norm,83,24,25,0.04611679825752937,0.048832040675432314,0.9550316712750297,0.29669448613816457,0.9443962943111449,0.051666767732542786,0.36982636961389626,-0.07719951923760779,1.0203372039168084,0.13970547256130922,0.36982636961389626,184.9648536287379,0.00027933289335199056,0.00015587045345455408,0.0002797371707856655,0.8699190616607666,0.7718551754951477,0.0002797371707856655,19.153789520263672,17.67094612121582,6.023995399475098,22.917724609375,16.045087814331055,68.81375122070312,925.0,-0.006112711825453897,1.6243527715870318,0.176986051791771,0.11035535148535916,-2.105148766254937,0.3650239839395337,83.0,0.4067104649041766,,,,
gov_report:129,gov_report,disagreement_calibration,64,32,physical_delete_high_value_norm_83,high_value_norm,83,25,26,0.0861839736778391,0.09438489084767125,0.87761460375905,0.4806793841244722,0.9131119706111893,0.09623229408546563,0.4509218786473152,0.22456801843745366,0.9745222697386592,0.2134123417877732,0.4509218786473152,212.51981439506238,0.000452815632083017,0.0004915441968478262,0.00046389823546633124,1.29265558719635,0.6729320883750916,0.00046389823546633124,19.605220794677734,16.6160888671875,7.526893138885498,31.798946380615234,20.743087768554688,60.529571533203125,925.0,-0.006112711825453897,1.6243527715870318,0.176986051791771,0.11035535148535916,-2.105148766254937,0.3650239839395337,83.0,0.4067104649041766,,,,
gov_report:129,gov_report,disagreement_calibration,64,32,physical_delete_high_value_norm_83,high_value_norm,83,26,27,0.03361573889941856,0.07112716977478122,0.7063697730286447,0.7454416305935233,0.47261460010092127,0.0374608556002636,0.5277032432227754,0.12976497472128082,0.9932853198708456,0.070988488475992,0.5277032432227754,258.06333936679334,0.00014516147738063382,0.0001659361441852525,0.00015297808567993343,0.8780247569084167,0.8172376751899719,0.00015297808567993343,16.59931755065918,16.243837356567383,5.642498970031738,43.21773910522461,25.945899963378906,145.8251190185547,925.0,-0.006112711825453897,1.6243527715870318,0.176986051791771,0.11035535148535916,-2.105148766254937,0.3650239839395337,83.0,0.4067104649041766,3.215590119873881e-08,3.923449862003893e-06,3.215179261532806e-08,3.937384551516754e-06
gov_report:129,gov_report,disagreement_calibration,64,32,physical_delete_high_value_norm_83,high_value_norm,83,27,28,0.12181468710631609,0.13625975345489993,0.9772525334683904,0.2278384140778597,0.8939887532281132,0.13635832988698385,0.6918577244517367,0.23600991268745705,0.9725297272996054,0.19709013149349622,0.6918577244517367,196.51614579264168,0.0006938785072187673,0.0008130895439535379,0.0006562739727087319,2.844823122024536,0.2290603518486023,0.0006562739727087319,15.796285629272461,15.268479347229004,3.4450454711914062,39.21541213989258,25.626020431518555,124.27452850341797,925.0,-0.006112711825453897,1.6243527715870318,0.176986051791771,0.11035535148535916,-2.105148766254937,0.3650239839395337,83.0,0.4067104649041766,,,,
gov_report:129,gov_report,disagreement_calibration,64,32,physical_delete_low_random_86,low_random,86,0,1,0.0045384183293232854,0.0045379543081110136,0.9999943181639559,0.003372727356231276,1.0001022533901327,0.0056205725464277935,0.005627296733994192,0.9999686086443891,0.008008466283738006,0.9988050767741146,0.005627296733994192,17.02739996158619,0.0003300898880103717,0.00019954616436734796,0.0004264954477548599,1.8745471239089966,0.4756169021129608,0.0004264954477548599,778.3651123046875,778.8067016601562,1837.22900390625,4.30543327331543,4.153479099273682,0.8475598096847534,922.0,0.18813629959063363,-0.3645659734000691,0.17192361915073345,0.20218934561479507,0.6316378343746719,-0.13937381772889226,86.0,0.006779410679109699,4.266530041767655e-11,4.244303022543129e-11,4.2665906321799555e-11,4.244439692064586e-11
gov_report:129,gov_report,disagreement_calibration,64,32,physical_delete_low_random_86,low_random,86,1,2,0.09665009527602922,0.09653438912185668,0.9998901298482427,0.0148808711829496,1.001198600366409,0.10394106196954901,0.10438311411313014,0.9984797758085957,0.05518611030714048,0.9957650991030788,0.10438311411313014,21.347942565699263,0.004868903017218904,0.003844117745757103,0.00598028302192688,2.7319023609161377,0.27769485116004944,0.00598028302192688,90.27766418457031,90.88944244384766,3942.337890625,4.47486686706543,4.059065818786621,0.6496921181678772,922.0,0.18813629959063363,-0.3645659734000691,0.17192361915073345,0.20218934561479507,0.6316378343746719,-0.13937381772889226,86.0,0.006779410679109699,,,,
gov_report:129,gov_report,disagreement_calibration,64,32,physical_delete_low_random_86,low_random,86,2,3,0.011828858507410776,0.023034374490534696,0.4197119492183949,0.9124931989328953,0.513530702223822,0.011327652580128226,0.1076764925224569,0.22797326806795892,0.9813772308708999,0.10520079466523988,0.1076764925224569,30.603973365882105,0.0003701366631287331,0.00024029157066252083,0.0004549977893475443,2.3880085945129395,0.3553844392299652,0.0004549977893475443,26.115764617919922,26.45940399169922,54.95424270629883,5.754626274108887,6.076520919799805,1.6637930870056152,922.0,0.18813629959063363,-0.3645659734000691,0.17192361915073345,0.20218934561479507,0.6316378343746719,-0.13937381772889226,86.0,0.006779410679109699,,,,
gov_report:129,gov_report,disagreement_calibration,64,32,physical_delete_low_random_86,low_random,86,3,4,0.027781703761783506,0.036908956303497505,0.7304294052855501,0.6833514940657743,0.7527090046474953,0.02673340462215532,0.11330297561392881,0.4609849377585199,0.9154973120053979,0.23594618303095008,0.11330297561392881,34.69350327550185,0.0007705593871528276,0.0005873599438928068,0.0010634640930220485,2.0886218547821045,0.3929859697818756,0.0010634640930220485,20.910938262939453,20.758384704589844,7.975159645080566,6.3789215087890625,6.418210029602051,1.2962311506271362,922.0,0.18813629959063363,-0.3645659734000691,0.17192361915073345,0.20218934561479507,0.6316378343746719,-0.13937381772889226,86.0,0.006779410679109699,,,,
gov_report:129,gov_report,disagreement_calibration,64,32,physical_delete_low_random_86,low_random,86,4,5,0.008657471342729438,0.01887890321325381,0.40267233617614084,0.9170499229810236,0.4585791475773613,0.008003516923055,0.10962077411782857,0.11307224972493529,0.9943940738109319,0.07301095059274279,0.10962077411782857,34.90051456218582,0.00022932375133880373,0.0001967015559785068,0.00026978630921803415,1.3553543090820312,0.6630256772041321,0.00026978630921803415,18.13542366027832,17.753862380981445,4.745891571044922,7.782567977905273,7.080383777618408,2.379506826400757,922.0,0.18813629959063363,-0.3645659734000691,0.17192361915073345,0.20218934561479507,0.6316378343746719,-0.13937381772889226,86.0,0.006779410679109699,2.371291496954136e-10,1.688776666287918e-08,2.371191131280175e-10,1.6884698017808383e-08
gov_report:129,gov_report,disagreement_calibration,64,32,physical_delete_low_random_86,low_random,86,5,6,0.04462557498165029,0.056851336554431274,0.674391828057345,0.7466051379127023,0.7849520818024102,0.032372660494964546,0.0982432817727834,0.47835773084044725,0.8906895994662016,0.3295152595760785,0.0982432817727834,35.39335154404771,0.0009146537155340077,0.0006652171141467988,0.0010878595057874918,1.8760639429092407,0.4994126558303833,0.0010878595057874918,17.21565055847168,17.095985412597656,4.3185319900512695,7.745059967041016,8.118582725524902,2.357346534729004,922.0,0.18813629959063363,-0.3645659734000691,0.17192361915073345,0.20218934561479507,0.6316378343746719,-0.13937381772889226,86.0,0.006779410679109699,,,,
gov_report:129,gov_report,disagreement_calibration,64,32,physical_delete_low_random_86,low_random,86,6,7,0.019048270859878414,0.03850667589701773,0.4881944690748005,0.8727589307692838,0.49467450555381925,0.018317167444074765,0.08500093180520447,0.22155329449975805,0.9751670913622168,0.21549372524588295,0.08500093180520447,41.321333114561455,0.0004432859751472993,0.0003422143345233053,0.0008964223088696599,1.4500532150268555,0.5657816529273987,0.0008964223088696599,20.953472137451172,19.06768798828125,5.70379638671875,5.729734897613525,6.709001064300537,1.374323844909668,922.0,0.18813629959063363,-0.3645659734000691,0.17192361915073345,0.20218934561479507,0.6316378343746719,-0.13937381772889226,86.0,0.006779410679109699,,,,
gov_report:129,gov_report,disagreement_calibration,64,32,physical_delete_low_random_86,low_random,86,7,8,0.023532465815671408,0.028333675009313924,0.7073808094946532,0.7174834137233784,0.8305476013237164,0.020532503335586115,0.07499560855912021,0.19287472340105563,0.9845534259333203,0.27378274181747614,0.07499560855912021,44.50169039910113,0.0004613870428616537,0.0005232594558037817,0.0009819968836382031,2.048428773880005,0.4424579441547394,0.0009819968836382031,33.19452667236328,33.70572280883789,197.79872131347656,6.509856224060059,6.389717102050781,1.8742786645889282,922.0,0.18813629959063363,-0.3645659734000691,0.17192361915073345,0.20218934561479507,0.6316378343746719,-0.13937381772889226,86.0,0.006779410679109699,2.0085859919482723e-09,2.9447699313384833e-08,2.0085075128467412e-09,2.9435893506544554e-08
gov_report:129,gov_report,disagreement_calibration,64,32,physical_delete_low_random_86,low_random,86,8,9,0.007996694131149285,0.021349190031920724,0.6018114537241128,0.8303391986196198,0.37456662848533584,0.009265067620587904,0.066136286427262,0.17662917430592395,0.984955434061705,0.14009053306580507,0.066136286427262,45.603709275302094,0.0002031647812825096,0.00023086903092917055,0.00023788478574715555,1.56166410446167,0.5755893588066101,0.00023788478574715555,19.062786102294922,19.333627700805664,6.5400004386901855,6.519710063934326,7.821150779724121,1.6674134731292725,922.0,0.18813629959063363,-0.3645659734000691,0.17192361915073345,0.20218934561479507,0.6316378343746719,-0.13937381772889226,86.0,0.006779410679109699,,,,
gov_report:129,gov_report,disagreement_calibration,64,32,physical_delete_low_random_86,low_random,86,9,10,0.008801760097218437,0.011214170574341459,0.7451434210283441,0.6680869326028436,0.7848783856879501,0.008374638719289415,0.06395673779993367,0.11277834322728131,0.9937861805053476,0.13094224326272783,0.06395673779993367,46.993533371837394,0.0001782083218349405,0.00020697718719020486,0.00030288411653600633,1.6575798988342285,0.5635745525360107,0.00030288411653600633,17.734146118164062,18.957069396972656,5.617557525634766,7.257566452026367,7.3310627937316895,1.3559222221374512,922.0,0.18813629959063363,-0.3645659734000691,0.17192361915073345,0.20218934561479507,0.6316378343746719,-0.13937381772889226,86.0,0.006779410679109699,,,,
gov_report:129,gov_report,disagreement_calibration,64,32,physical_delete_low_random_86,low_random,86,10,11,0.016787900719481694,0.02079240064589073,0.779527731107537,0.6269877925524425,0.8074056000262549,0.014961907756875009,0.059699788104994,0.26157587495080065,0.9652451048017877,0.2506191099131123,0.059699788104994,47.202921801031245,0.00031696994986755533,0.0006914543337188661,0.0007073482847772539,1.8931084871292114,0.5318884253501892,0.0007073482847772539,16.529151916503906,18.37088966369629,6.134020805358887,6.86054801940918,8.38504695892334,2.6931545734405518,922.0,0.18813629959063363,-0.3645659734000691,0.17192361915073345,0.20218934561479507,0.6316378343746719,-0.13937381772889226,86.0,0.006779410679109699,1.2806649704617897e-09,4.601100976609946e-08,1.2806301731998647e-09,4.5987321397501266e-08
gov_report:129,gov_report,disagreement_calibration,64,32,physical_delete_low_random_86,low_random,86,11,12,0.00899006009607036,0.014195777245362196,0.5127527137407528,0.8669568438820475,0.6332911499444273,0.007217121079857104,0.0563759120680668,0.14089890893849605,0.9901077820327359,0.12801781496933196,0.0563759120680668,49.39257371305453,0.00014611753422255072,0.0002980258141178638,0.00035067080170847476,2.4413623809814453,0.3573266565799713,0.00035067080170847476,17.137142181396484,19.005090713500977,6.719382286071777,7.10305118560791,7.714602470397949,1.279882550239563,922.0,0.18813629959063363,-0.3645659734000691,0.17192361915073345,0.20218934561479507,0.6316378343746719,-0.13937381772889226,86.0,0.006779410679109699,,,,
gov_report:129,gov_report,disagreement_calibration,64,32,physical_delete_low_random_86,low_random,86,12,13,0.009355256917835205,0.01117213458230548,0.8840794291236702,0.46966471474153126,0.8373741695389293,0.007276805388386979,0.05475575239299396,0.13629007212796654,0.9906747891385596,0.13289572456533447,0.05475575239299396,53.80054854486809,0.00013525522666963765,0.0002273328136652708,0.0003541485930327326,1.6742206811904907,0.5664600729942322,0.0003541485930327326,16.706729888916016,17.37082862854004,4.5782365798950195,8.050174713134766,8.604656219482422,1.183647632598877,922.0,0.18813629959063363,-0.3645659734000691,0.17192361915073345,0.20218934561479507,0.6316378343746719,-0.13937381772889226,86.0,0.006779410679109699,,,,
gov_report:129,gov_report,disagreement_calibration,64,32,physical_delete_low_random_86,low_random,86,13,14,0.0015723371236665662,0.006099141497028742,0.08224790226390152,1.0119548314073468,0.25779646601616735,0.0015952391653583314,0.054825606627469,0.0030180173395878544,1.0003354359633847,0.029096607652656172,0.054825606627469,60.64177265195559,2.6305945482728032e-05,5.9094101743539795e-05,5.3011623094789684e-05,2.000993490219116,0.42011168599128723,5.3011623094789684e-05,18.79720115661621,19.147289276123047,3.7091331481933594,6.8761305809021,7.883759021759033,1.8747156858444214,922.0,0.18813629959063363,-0.3645659734000691,0.17192361915073345,0.20218934561479507,0.6316378343746719,-0.13937381772889226,86.0,0.006779410679109699,,,,
gov_report:129,gov_report,disagreement_calibration,64,32,physical_delete_low_random_86,low_random,86,14,15,0.022008516068748485,0.02180657488644651,0.9825175408555084,0.18808102296090107,1.009260563997489,0.019249375496995434,0.05684233510500355,0.32134169386267414,0.9471213871356531,0.3386450514644851,0.05684233510500355,58.79395221558994,0.0003274040062217696,0.0005623169708997011,0.0006998630706220865,1.2092472314834595,0.6557769775390625,0.0006998630706220865,17.487293243408203,18.97857093811035,9.51415729522705,8.382709503173828,9.29702091217041,1.8866016864776611,922.0,0.18813629959063363,-0.3645659734000691,0.17192361915073345,0.20218934561479507,0.6316378343746719,-0.13937381772889226,86.0,0.006779410679109699,7.9746692327424e-09,8.209991208914103e-08,7.973915828406774e-09,8.206678221632784e-08
gov_report:129,gov_report,disagreement_calibration,64,32,physical_delete_low_random_86,low_random,86,15,16,0.012943573483583366,0.016805583437656493,0.6676959859888478,0.7514573064227589,0.7701948302836383,0.012387176539261788,0.05455992737654862,0.27086860928755363,0.9636136773721943,0.22703799537288502,0.05455992737654862,61.61936135858476,0.0002010273437787913,0.0005435083294287324,0.0005412001628428698,1.8951950073242188,0.4992586374282837,0.0005412001628428698,54.39653778076172,55.3413200378418,1424.252685546875,6.008864402770996,7.857125759124756,2.1157824993133545,922.0,0.18813629959063363,-0.3645659734000691,0.17192361915073345,0.20218934561479507,0.6316378343746719,-0.13937381772889226,86.0,0.006779410679109699,,,,
gov_report:129,gov_report,disagreement_calibration,64,32,physical_delete_low_random_86,low_random,86,16,17,0.032316828532962374,0.035841206486770666,0.9458761897509119,0.3275251096628891,0.9016668717580929,0.026750690987575324,0.05911199653276026,0.5037290405223617,0.8653768630783455,0.45254250501841725,0.05911199653276026,63.80583240988542,0.00041925150064229627,0.00066120590781793,0.0015582966152578592,1.8067706823349,0.4615853726863861,0.0015582966152578592,15.510351181030273,17.96230697631836,6.411449432373047,7.2451066970825195,8.716146469116211,3.36085844039917,922.0,0.18813629959063363,-0.3645659734000691,0.17192361915073345,0.20218934561479507,0.6316378343746719,-0.13937381772889226,86.0,0.006779410679109699,,,,
gov_report:129,gov_report,disagreement_calibration,64,32,physical_delete_low_random_86,low_random,86,17,18,0.05463215549882641,0.057273165290102214,0.9901541379847872,0.14460308874330288,0.9538874832934681,0.050079319591413145,0.08387633541220986,0.755480151280324,0.6740521135743733,0.5970613683263409,0.08387633541220986,62.241859809533516,0.0008045922751129385,0.0007596598006784916,0.0012146307853981853,2.099520206451416,0.46240508556365967,0.0012146307853981853,14.989500045776367,16.143625259399414,7.766412734985352,8.793670654296875,9.627391815185547,4.991764545440674,922.0,0.18813629959063363,-0.3645659734000691,0.17192361915073345,0.20218934561479507,0.6316378343746719,-0.13937381772889226,86.0,0.006779410679109699,,,,
gov_report:129,gov_report,disagreement_calibration,64,32,physical_delete_low_random_86,low_random,86,18,19,0.014514822759664963,0.022799558813734046,0.5200355971573593,0.86206531947456,0.6366273522328639,0.01308665078509759,0.07955455386968571,0.19628145072200598,0.9810625419921308,0.16449907828701008,0.07955455386968571,67.01174892172594,0.0001952889007625162,0.0002774842141661793,0.00041546515421941876,1.6152935028076172,0.5327450037002563,0.00041546515421941876,20.441650390625,21.92483901977539,6.8021368980407715,8.217151641845703,9.4117431640625,3.0947344303131104,922.0,0.18813629959063363,-0.3645659734000691,0.17192361915073345,0.20218934561479507,0.6316378343746719,-0.13937381772889226,86.0,0.006779410679109699,2.2733357938187662e-08,1.8658471491101082e-06,2.272920233155711e-08,1.8633647119834694e-06
gov_report:129,gov_report,disagreement_calibration,64,32,physical_delete_low_random_86,low_random,86,19,20,0.05352664682528617,0.058758045029513,0.9205379600212784,0.3907703484326582,0.9109671160502498,0.04877840800095594,0.087639264392013,0.5817564378230354,0.8137525521079408,0.5565816684947136,0.087639264392013,71.35644428221089,0.0006835879855229328,0.000718437135219574,0.0009514844859950244,1.2923001050949097,0.6506093144416809,0.0009514844859950244,17.424091339111328,18.24982261657715,4.365218162536621,10.747881889343262,10.118913650512695,3.7302422523498535,922.0,0.18813629959063363,-0.3645659734000691,0.17192361915073345,0.20218934561479507,0.6316378343746719,-0.13937381772889226,86.0,0.006779410679109699,,,,
gov_report:129,gov_report,disagreement_calibration,64,32,physical_delete_low_random_86,low_random,86,20,21,0.0471908212022761,0.048910237304418167,0.9241205771362883,0.3842651120200448,0.9648454761844562,0.047819011862800714,0.10853917960324755,0.574544654767765,0.8293659512406536,0.4405691293927004,0.10853917960324755,89.17810248951909,0.0005362192122042603,0.0008608826319687068,0.001101760077290237,1.6443448066711426,0.5317547917366028,0.001101760077290237,15.811582565307617,18.15448760986328,5.69955587387085,10.242347717285156,11.003811836242676,6.236955165863037,922.0,0.18813629959063363,-0.3645659734000691,0.17192361915073345,0.20218934561479507,0.6316378343746719,-0.13937381772889226,86.0,0.006779410679109699,,,,
gov_report:129,gov_report,disagreement_calibration,64,32,physical_delete_low_random_86,low_random,86,21,22,0.013929252395881518,0.01836465490319282,0.6323440570159455,0.7848895892305167,0.7584815761204324,0.013281198675124603,0.11812176881247712,0.07865910436306844,0.9974736377442517,0.1124365035221325,0.11812176881247712,108.32939360232474,0.00012260013864639216,0.00032674416434019804,0.00033079145941883326,1.6200250387191772,0.5931184887886047,0.00033079145941883326,13.789928436279297,16.863445281982422,4.956933975219727,9.402690887451172,11.455097198486328,7.264296531677246,922.0,0.18813629959063363,-0.3645659734000691,0.17192361915073345,0.20218934561479507,0.6316378343746719,-0.13937381772889226,86.0,0.006779410679109699,,,,
gov_report:129,gov_report,disagreement_calibration,64,32,physical_delete_low_random_86,low_random,86,22,23,0.008687715642236032,0.023366761847099737,0.30870514324060855,0.9532480500081666,0.37179801373780613,0.009050214512883225,0.1316614090985743,0.1391013944850425,0.9927747638637896,0.06873855121896326,0.1316614090985743,129.2339944747408,7.002967407814759e-05,8.167124906321988e-05,0.00011777943291235715,1.1374605894088745,0.6718021035194397,0.00011777943291235715,17.311626434326172,18.983097076416016,4.953180313110352,11.877422332763672,11.111091613769531,11.856245040893555,922.0,0.18813629959063363,-0.3645659734000691,0.17192361915073345,0.20218934561479507,0.6316378343746719,-0.13937381772889226,86.0,0.006779410679109699,4.670947001453716e-09,5.019955649581063e-06,4.670919607099643e-09,5.00751732694775e-06
gov_report:129,gov_report,disagreement_calibration,64,32,physical_delete_low_random_86,low_random,86,23,24,0.02401160860893201,0.022897448243067674,0.9717532782317412,0.24821364218232336,1.0486587131472893,0.0241441061083247,0.1574721612232953,0.17436718929374212,0.9849055491183741,0.15332301227572784,0.1574721612232953,146.53001970502663,0.0001647724210842814,0.00030186836374923587,0.00030046410392969847,0.7880064845085144,0.8469693064689636,0.00030046410392969847,15.269952774047852,17.426118850708008,4.676479816436768,14.341270446777344,13.812714576721191,13.064142227172852,922.0,0.18813629959063363,-0.3645659734000691,0.17192361915073345,0.20218934561479507,0.6316378343746719,-0.13937381772889226,86.0,0.006779410679109699,,,,
gov_report:129,gov_report,disagreement_calibration,64,32,physical_delete_low_random_86,low_random,86,24,25,0.0206732710168653,0.0286683766096847,0.7014248284707939,0.7130154383780136,0.721117602797275,0.020417339993172485,0.17868316630992065,0.1421341549702416,0.9902396367052766,0.11426560439252131,0.17868316630992065,184.9648536287379,0.0001103849709423945,0.0001276189141208306,0.0002030972536886111,0.8699190616607666,0.7718551754951477,0.0002030972536886111,15.518078804016113,17.67094612121582,6.023995399475098,17.688678741455078,16.045087814331055,68.81375122070312,922.0,0.18813629959063363,-0.3645659734000691,0.17192361915073345,0.20218934561479507,0.6316378343746719,-0.13937381772889226,86.0,0.006779410679109699,,,,
gov_report:129,gov_report,disagreement_calibration,64,32,physical_delete_low_random_86,low_random,86,25,26,0.17369693919835225,0.1738614598957207,0.9909391490357025,0.13455649094959918,0.9990537253197626,0.1885007061387971,0.28218578109156855,0.6864681397433675,0.7273943127351237,0.668002141743737,0.28218578109156855,212.51981439506238,0.0008869794408364431,0.0010315836407244205,0.0014622772578150034,1.29265558719635,0.6729320883750916,0.0014622772578150034,14.510772705078125,16.6160888671875,7.526893138885498,24.49652862548828,20.743087768554688,60.529571533203125,922.0,0.18813629959063363,-0.3645659734000691,0.17192361915073345,0.20218934561479507,0.6316378343746719,-0.13937381772889226,86.0,0.006779410679109699,,,,
gov_report:129,gov_report,disagreement_calibration,64,32,physical_delete_low_random_86,low_random,86,26,27,0.01640408516633004,0.01769604130110189,0.8515053526517304,0.5297516758200786,0.9269917993075998,0.01806539784451815,0.3325939592325567,-0.04216652765970313,1.0037584332177953,0.05431667456078613,0.3325939592325567,258.06333936679334,7.00037358613005e-05,0.000149113402585499,0.00014051393372938037,0.8780247569084167,0.8172376751899719,0.00014051393372938037,12.98309326171875,16.243837356567383,5.642498970031738,24.26906967163086,25.945899963378906,145.8251190185547,922.0,0.18813629959063363,-0.3645659734000691,0.17192361915073345,0.20218934561479507,0.6316378343746719,-0.13937381772889226,86.0,0.006779410679109699,4.231594401746818e-09,4.975057058637477e-06,4.2310283573096295e-09,4.962723818479568e-06
gov_report:129,gov_report,disagreement_calibration,64,32,physical_delete_low_random_86,low_random,86,27,28,0.06950030329134334,0.0723833141562112,0.9748688675319392,0.2232638374368819,0.9601702284777123,0.07203895020849364,0.3968482404679645,0.2631305553008411,0.9682052138324738,0.18152770470531787,0.3968482404679645,196.51614579264168,0.0003665803128690867,0.0008849602309055626,0.0005111018544994295,2.844823122024536,0.2290603518486023,0.0005111018544994295,11.132292747497559,15.268479347229004,3.4450454711914062,24.13534164428711,25.626020431518555,124.27452850341797,922.0,0.18813629959063363,-0.3645659734000691,0.17192361915073345,0.20218934561479507,0.6316378343746719,-0.13937381772889226,86.0,0.006779410679109699,,,,
gov_report:129,gov_report,disagreement_calibration,64,32,physical_delete_low_value_norm_85,low_value_norm,85,0,1,0.000596611182062083,0.0005964009298642408,0.9996678639582354,0.025780429469020094,1.0003525349933475,0.0009424480731688569,0.0009278721922107659,0.9990041773186544,0.04764139503767372,1.0157089317693229,0.0009278721922107659,17.02739996158619,5.534891265225574e-05,0.00013113529712427408,0.00029098818777129054,1.8745471239089966,0.4756169021129608,0.00029098818777129054,779.73486328125,778.8067016601562,1837.22900390625,3.1908457279205322,4.153479099273682,0.8475598096847534,923.0,2.3621988470940694,-1.581761780169977,1.984184310762617,2.0828790214937363,-0.8706145830540267,-0.8566458847928512,85.0,0.16165916220680843,3.5852522245555576e-12,4.458499179635501e-12,3.5854724869883717e-12,4.459364557242493e-12
gov_report:129,gov_report,disagreement_calibration,64,32,physical_delete_low_value_norm_85,low_value_norm,85,1,2,0.04938242448190576,0.04939305213926863,0.9999962004979411,0.002764717899990747,0.9997848349736942,0.055501467986339786,0.055403132108263926,0.9998256558372236,0.01877385263894895,1.0017749155026778,0.055403132108263926,21.347942565699263,0.0025998509137604947,0.0020474500488489866,0.005647976882755756,2.7319023609161377,0.27769485116004944,0.005647976882755756,90.99900817871094,90.88944244384766,3942.337890625,3.517800807952881,4.059065818786621,0.6496921181678772,923.0,2.3621988470940694,-1.581761780169977,1.984184310762617,2.0828790214937363,-0.8706145830540267,-0.8566458847928512,85.0,0.16165916220680843,,,,
gov_report:129,gov_report,disagreement_calibration,64,32,physical_delete_low_value_norm_85,low_value_norm,85,2,3,0.027540480182518066,0.02969295720433866,0.850334537507858,0.531871268930144,0.9275088362870748,0.029117320624555246,0.06325500409794661,0.5020151402795224,0.8658634866238779,0.46031647677184256,0.06325500409794661,30.603973365882105,0.0009514228847492003,0.000903393083717674,0.0013926757965236902,2.3880085945129395,0.3553844392299652,0.0013926757965236902,24.05805015563965,26.45940399169922,54.95424270629883,4.552263259887695,6.076520919799805,1.6637930870056152,923.0,2.3621988470940694,-1.581761780169977,1.984184310762617,2.0828790214937363,-0.8706145830540267,-0.8566458847928512,85.0,0.16165916220680843,,,,
gov_report:129,gov_report,disagreement_calibration,64,32,physical_delete_low_value_norm_85,low_value_norm,85,3,4,0.08153338739415553,0.0808975423070254,0.9718591795760475,0.23829768275151558,1.0078598813882003,0.07703382202027231,0.10184287181120175,0.7853979940809653,0.6196700302842407,0.7563987606622001,0.10184287181120175,34.69350327550185,0.002220410588361316,0.0020225797779858112,0.004328850656747818,2.0886218547821045,0.3929859697818756,0.004328850656747818,16.91243553161621,20.758384704589844,7.975159645080566,6.106009483337402,6.418210029602051,1.2962311506271362,923.0,2.3621988470940694,-1.581761780169977,1.984184310762617,2.0828790214937363,-0.8706145830540267,-0.8566458847928512,85.0,0.16165916220680843,,,,
gov_report:129,gov_report,disagreement_calibration,64,32,physical_delete_low_value_norm_85,low_value_norm,85,4,5,0.018115356276752426,0.026069623938919397,0.7342361633659048,0.6800337301767457,0.6948836822194421,0.017570467613913503,0.10233119683602572,0.16473395580392036,0.9863626498212009,0.17170196535537652,0.10233119683602572,34.90051456218582,0.0005034443713603821,0.0006624525994993746,0.0007812409894540906,1.3553543090820312,0.6630256772041321,0.0007812409894540906,15.396568298339844,17.753862380981445,4.745891571044922,4.912219047546387,7.080383777618408,2.379506826400757,923.0,2.3621988470940694,-1.581761780169977,1.984184310762617,2.0828790214937363,-0.8706145830540267,-0.8566458847928512,85.0,0.16165916220680843,2.727261379354812e-10,3.031219104801006e-08,2.727184851389485e-10,3.032115304185727e-08
gov_report:129,gov_report,disagreement_calibration,64,32,physical_delete_low_value_norm_85,low_value_norm,85,5,6,0.05072917695478762,0.06260769396717926,0.792136286228184,0.6106135924052142,0.8102706511021042,0.04181253198817199,0.09696025936712244,0.5378871388080345,0.8497366536875987,0.4312337060677243,0.09696025936712244,35.39335154404771,0.001181366843321845,0.0017683325568214059,0.0028575642500072718,1.8760639429092407,0.4994126558303833,0.0028575642500072718,15.337069511413574,17.095985412597656,4.3185319900512695,6.168586730957031,8.118582725524902,2.357346534729004,923.0,2.3621988470940694,-1.581761780169977,1.984184310762617,2.0828790214937363,-0.8706145830540267,-0.8566458847928512,85.0,0.16165916220680843,,,,
gov_report:129,gov_report,disagreement_calibration,64,32,physical_delete_low_value_norm_85,low_value_norm,85,6,7,0.050935644217016574,0.05377307375366585,0.8714237360444312,0.4963544670175198,0.9472332649301856,0.04774382308359921,0.09242586043417382,0.5133318345981186,0.8581962893467359,0.5165634689179075,0.09242586043417382,41.321333114561455,0.0011554279468968657,0.0016246521845459938,0.0023638340644538403,1.4500532150268555,0.5657816529273987,0.0023638340644538403,15.644254684448242,19.06768798828125,5.70379638671875,6.037229061126709,6.709001064300537,1.374323844909668,923.0,2.3621988470940694,-1.581761780169977,1.984184310762617,2.0828790214937363,-0.8706145830540267,-0.8566458847928512,85.0,0.16165916220680843,,,,
gov_report:129,gov_report,disagreement_calibration,64,32,physical_delete_low_value_norm_85,low_value_norm,85,7,8,0.017518733211883884,0.02598324195312,0.3309247313095144,1.0041656753546306,0.6742320008985745,0.013415865128534868,0.0799042598749322,0.13982773543184954,0.9905736793445995,0.16789924779396814,0.0799042598749322,44.50169039910113,0.0003014686635095967,0.0007265051826834679,0.0008823200478218496,2.048428773880005,0.4424579441547394,0.0008823200478218496,33.100914001464844,33.70572280883789,197.79872131347656,4.603774547576904,6.389717102050781,1.8742786645889282,923.0,2.3621988470940694,-1.581761780169977,1.984184310762617,2.0828790214937363,-0.8706145830540267,-0.8566458847928512,85.0,0.16165916220680843,1.2001902829544647e-09,3.3693131912932066e-08,1.2001599792326905e-09,3.369745845565875e-08
gov_report:129,gov_report,disagreement_calibration,64,32,physical_delete_low_value_norm_85,low_value_norm,85,8,9,0.03315392712134067,0.033757214005726045,0.9422325135602275,0.33732712955559596,0.982128653025601,0.03421587190665127,0.07546826959790735,0.36594880068047775,0.9347330351896092,0.4533808988724983,0.07546826959790735,45.603709275302094,0.0007502870369621838,0.0009916831040754914,0.0010828945087268949,1.56166410446167,0.5755893588066101,0.0010828945087268949,18.062124252319336,19.333627700805664,6.5400004386901855,5.856863975524902,7.821150779724121,1.6674134731292725,923.0,2.3621988470940694,-1.581761780169977,1.984184310762617,2.0828790214937363,-0.8706145830540267,-0.8566458847928512,85.0,0.16165916220680843,,,,
gov_report:129,gov_report,disagreement_calibration,64,32,physical_delete_low_value_norm_85,low_value_norm,85,9,10,0.0786766606373194,0.07667451547081042,0.9861574297096476,0.17055765179874569,1.0261122636930284,0.07121554873276487,0.10415447270447155,0.7205252308688366,0.6944032402836892,0.6837493089214924,0.10415447270447155,46.993533371837394,0.0015154329462581633,0.002396463416516781,0.002282762434333563,1.6575798988342285,0.5635745525360107,0.002282762434333563,16.176719665527344,18.957069396972656,5.617557525634766,6.423863410949707,7.3310627937316895,1.3559222221374512,923.0,2.3621988470940694,-1.581761780169977,1.984184310762617,2.0828790214937363,-0.8706145830540267,-0.8566458847928512,85.0,0.16165916220680843,,,,
gov_report:129,gov_report,disagreement_calibration,64,32,physical_delete_low_value_norm_85,low_value_norm,85,10,11,0.05874600041085205,0.06328144750054004,0.6451980819714355,0.8147898684315219,0.9283289610331799,0.05305865250002073,0.10327180360170549,0.5047598631179884,0.8633068892274809,0.513776758510534,0.10327180360170549,47.202921801031245,0.0011240544117940927,0.0021984288468956947,0.002171980682760477,1.8931084871292114,0.5318884253501892,0.002171980682760477,16.079933166503906,18.37088966369629,6.134020805358887,7.20478630065918,8.38504695892334,2.6931545734405518,923.0,2.3621988470940694,-1.581761780169977,1.984184310762617,2.0828790214937363,-0.8706145830540267,-0.8566458847928512,85.0,0.16165916220680843,3.7342066471448763e-08,1.5303426392762257e-07,3.7336470046707986e-08,1.5294568464298199e-07
gov_report:129,gov_report,disagreement_calibration,64,32,physical_delete_low_value_norm_85,low_value_norm,85,11,12,0.7893259993637011,0.7835665397942242,0.9983750870385306,0.0576865692123813,1.0073503133135182,0.7322960780441976,0.737593360597204,0.9923331937604145,0.12359234501726242,0.9928181531505146,0.737593360597204,49.39257371305453,0.014826036041338147,0.016177332028746605,0.02643459476530552,2.4413623809814453,0.3573266565799713,0.02643459476530552,14.679530143737793,19.005090713500977,6.719382286071777,7.154898643493652,7.714602470397949,1.279882550239563,923.0,2.3621988470940694,-1.581761780169977,1.984184310762617,2.0828790214937363,-0.8706145830540267,-0.8566458847928512,85.0,0.16165916220680843,,,,
gov_report:129,gov_report,disagreement_calibration,64,32,physical_delete_low_value_norm_85,low_value_norm,85,12,13,0.08963700229801704,0.12656289548877925,0.5581140622983707,0.8432358633394935,0.7082407679742443,0.07197974791056144,0.6669695774355151,0.2710700999801948,0.9762882590079791,0.10792058640413879,0.6669695774355151,53.80054854486809,0.0013378998887071277,0.002449257066473365,0.003960792440921068,1.6742206811904907,0.5664600729942322,0.003960792440921068,15.05600357055664,17.37082862854004,4.5782365798950195,7.596790313720703,8.604656219482422,1.183647632598877,923.0,2.3621988470940694,-1.581761780169977,1.984184310762617,2.0828790214937363,-0.8706145830540267,-0.8566458847928512,85.0,0.16165916220680843,,,,
gov_report:129,gov_report,disagreement_calibration,64,32,physical_delete_low_value_norm_85,low_value_norm,85,13,14,0.07392795194162481,0.13346328987360562,0.3420102780594046,0.9632936173894985,0.5539197483565492,0.06547831803714389,0.6447752216575935,0.196724484747245,0.985067128695914,0.10155216242462248,0.6447752216575935,60.64177265195559,0.0010797560027301137,0.0017727608792483807,0.0029749181121587753,2.000993490219116,0.42011168599128723,0.0029749181121587753,16.697975158691406,19.147289276123047,3.7091331481933594,6.76342248916626,7.883759021759033,1.8747156858444214,923.0,2.3621988470940694,-1.581761780169977,1.984184310762617,2.0828790214937363,-0.8706145830540267,-0.8566458847928512,85.0,0.16165916220680843,,,,
gov_report:129,gov_report,disagreement_calibration,64,32,physical_delete_low_value_norm_85,low_value_norm,85,14,15,0.17110138225199056,0.17781379448601844,0.8510187904490459,0.5367862456135737,0.9622503290398221,0.1407603897907673,0.6070608959496356,0.3038555584148469,0.9554336399933284,0.23187194353965665,0.6070608959496356,58.79395221558994,0.002394130424752139,0.004226363729685545,0.0069626024924218655,1.2092472314834595,0.6557769775390625,0.0069626024924218655,16.88116455078125,18.97857093811035,9.51415729522705,8.468714714050293,9.29702091217041,1.8866016864776611,923.0,2.3621988470940694,-1.581761780169977,1.984184310762617,2.0828790214937363,-0.8706145830540267,-0.8566458847928512,85.0,0.16165916220680843,6.098948309100098e-08,1.9168830753247176e-06,6.099882420672056e-08,1.9166372304603537e-06
gov_report:129,gov_report,disagreement_calibration,64,32,physical_delete_low_value_norm_85,low_value_norm,85,15,16,0.1409034512648823,0.2382808787729692,0.48707384667209197,0.8795618967878361,0.591333438043651,0.12255625978106548,0.528854692123529,0.33289339071354834,0.9483745042474017,0.23173900431697217,0.528854692123529,61.61936135858476,0.0019889245373360402,0.005621142685413361,0.006180423311889172,1.8951950073242188,0.4992586374282837,0.006180423311889172,53.240116119384766,55.3413200378418,1424.252685546875,6.631931304931641,7.857125759124756,2.1157824993133545,923.0,2.3621988470940694,-1.581761780169977,1.984184310762617,2.0828790214937363,-0.8706145830540267,-0.8566458847928512,85.0,0.16165916220680843,,,,
gov_report:129,gov_report,disagreement_calibration,64,32,physical_delete_low_value_norm_85,low_value_norm,85,16,17,0.08849816904932378,0.21311266889308841,0.4355843327788534,0.9003772411671692,0.415264702511517,0.07273881241961186,0.49273219234427723,0.2040262349181226,0.9805888907984571,0.14762342211403243,0.49273219234427723,63.80583240988542,0.0011400025620282082,0.0024899973068386316,0.005623241420835257,1.8067706823349,0.4615853726863861,0.005623241420835257,16.60692596435547,17.96230697631836,6.411449432373047,8.204435348510742,8.716146469116211,3.36085844039917,923.0,2.3621988470940694,-1.581761780169977,1.984184310762617,2.0828790214937363,-0.8706145830540267,-0.8566458847928512,85.0,0.16165916220680843,,,,
gov_report:129,gov_report,disagreement_calibration,64,32,physical_delete_low_value_norm_85,low_value_norm,85,17,18,0.09059844606820136,0.13820643559539275,0.7084309226259585,0.7077599520777565,0.6555298650016088,0.07073380581608035,0.44383448720230234,0.15367127198891248,0.9881384585120424,0.15936978278084882,0.44383448720230234,62.241859809533516,0.0011364346443459925,0.002612020820379257,0.00400601327419281,2.099520206451416,0.46240508556365967,0.00400601327419281,15.35536003112793,16.143625259399414,7.766412734985352,7.551359176635742,9.627391815185547,4.991764545440674,923.0,2.3621988470940694,-1.581761780169977,1.984184310762617,2.0828790214937363,-0.8706145830540267,-0.8566458847928512,85.0,0.16165916220680843,,,,
gov_report:129,gov_report,disagreement_calibration,64,32,physical_delete_low_value_norm_85,low_value_norm,85,18,19,0.02572813090135655,0.09743502588353878,0.07888011161110614,1.0139365772802316,0.2640542317103567,0.022819003714226464,0.38883333824296423,0.033172288158909116,0.9997752445724559,0.058685821070126216,0.38883333824296423,67.01174892172594,0.00034052243198249513,0.000861157663166523,0.0008750319830141962,1.6152935028076172,0.5327450037002563,0.0008750319830141962,20.7195987701416,21.92483901977539,6.8021368980407715,8.190683364868164,9.4117431640625,3.0947344303131104,923.0,2.3621988470940694,-1.581761780169977,1.984184310762617,2.0828790214937363,-0.8706145830540267,-0.8566458847928512,85.0,0.16165916220680843,1.4040012295001329e-07,2.4068730496594123e-06,1.4046589768264784e-07,2.4056629512736675e-06
gov_report:129,gov_report,disagreement_calibration,64,32,physical_delete_low_value_norm_85,low_value_norm,85,19,20,0.03894495546676522,0.094759925345901,0.3835538256676884,0.92392584100128,0.41098550177836174,0.03528898836974247,0.3440880806802732,0.13428986140057728,0.9914500207278412,0.10255800869351536,0.3440880806802732,71.35644428221089,0.0004945452190719653,0.0008585494942963123,0.0009811625350266695,1.2923001050949097,0.6506093144416809,0.0009811625350266695,16.859100341796875,18.24982261657715,4.365218162536621,8.17495346069336,10.118913650512695,3.7302422523498535,923.0,2.3621988470940694,-1.581761780169977,1.984184310762617,2.0828790214937363,-0.8706145830540267,-0.8566458847928512,85.0,0.16165916220680843,,,,
gov_report:129,gov_report,disagreement_calibration,64,32,physical_delete_low_value_norm_85,low_value_norm,85,20,21,0.08305641764555022,0.12281237122802963,0.6885535208847302,0.7252892629183867,0.6762870614340369,0.08091842192634144,0.3455149701651513,0.24461606726571344,0.969676000268442,0.2341965729810884,0.3455149701651513,89.17810248951909,0.0009073799471776337,0.0020679181907325983,0.0017269407398998737,1.6443448066711426,0.5317547917366028,0.0017269407398998737,17.791683197021484,18.15448760986328,5.69955587387085,7.82880973815918,11.003811836242676,6.236955165863037,923.0,2.3621988470940694,-1.581761780169977,1.984184310762617,2.0828790214937363,-0.8706145830540267,-0.8566458847928512,85.0,0.16165916220680843,,,,
gov_report:129,gov_report,disagreement_calibration,64,32,physical_delete_low_value_norm_85,low_value_norm,85,21,22,0.03580554133317713,0.04324281682687731,0.7173532746278211,0.7054427544355096,0.828011308248597,0.03480893750194895,0.3417796387509962,0.05131469491935802,0.9999601138016511,0.10184614165184085,0.3417796387509962,108.32939360232474,0.0003213249547923432,0.0012600744375959039,0.001094670733436942,1.6200250387191772,0.5931184887886047,0.001094670733436942,15.76182746887207,16.863445281982422,4.956933975219727,7.950918674468994,11.455097198486328,7.264296531677246,923.0,2.3621988470940694,-1.581761780169977,1.984184310762617,2.0828790214937363,-0.8706145830540267,-0.8566458847928512,85.0,0.16165916220680843,,,,
gov_report:129,gov_report,disagreement_calibration,64,32,physical_delete_low_value_norm_85,low_value_norm,85,22,23,0.012005911240303533,0.050551075860630484,0.14828107530513385,0.9929616546873898,0.2375006077695335,0.012687778440189366,0.36126868331949474,0.04254211711958853,0.9991222423597497,0.03512006167711108,0.36126868331949474,129.2339944747408,9.817678770789085e-05,0.0003776111116167158,0.0005502506392076612,1.1374605894088745,0.6718021035194397,0.0005502506392076612,17.10068130493164,18.983097076416016,4.953180313110352,7.0974650382995605,11.111091613769531,11.856245040893555,923.0,2.3621988470940694,-1.581761780169977,1.984184310762617,2.0828790214937363,-0.8706145830540267,-0.8566458847928512,85.0,0.16165916220680843,4.265314953512896e-09,3.82224240148924e-06,4.264943716705653e-09,3.812660161220722e-06
gov_report:129,gov_report,disagreement_calibration,64,32,physical_delete_low_value_norm_85,low_value_norm,85,23,24,0.01405309165984821,0.01977806846248972,0.4800022756151174,0.9070529526982244,0.7105391351284243,0.013051616560408446,0.39714166063603207,0.04098646910536242,0.9991927170351781,0.03286388171793904,0.39714166063603207,146.53001970502663,8.907128100222808e-05,0.0003413539379835129,0.00025995017495006323,0.7880064845085144,0.8469693064689636,0.00025995017495006323,15.683928489685059,17.426118850708008,4.676479816436768,9.302404403686523,13.812714576721191,13.064142227172852,923.0,2.3621988470940694,-1.581761780169977,1.984184310762617,2.0828790214937363,-0.8706145830540267,-0.8566458847928512,85.0,0.16165916220680843,,,,
gov_report:129,gov_report,disagreement_calibration,64,32,physical_delete_low_value_norm_85,low_value_norm,85,24,25,0.004895726069813898,0.03748813558356838,0.03458923350802866,1.0040022423438424,0.13059401310850383,0.005274150375930652,0.4525911721873103,0.04690732650693948,0.9995211622722685,0.01165323298384592,0.4525911721873103,184.9648536287379,2.85143381159155e-05,0.00012738605437334627,7.797212310833856e-05,0.8699190616607666,0.7718551754951477,7.797212310833856e-05,16.191650390625,17.67094612121582,6.023995399475098,9.04499626159668,16.045087814331055,68.81375122070312,923.0,2.3621988470940694,-1.581761780169977,1.984184310762617,2.0828790214937363,-0.8706145830540267,-0.8566458847928512,85.0,0.16165916220680843,,,,
gov_report:129,gov_report,disagreement_calibration,64,32,physical_delete_low_value_norm_85,low_value_norm,85,25,26,0.1199336714467604,0.14411205724941334,0.9082087019063398,0.4253592144748726,0.8322251013264793,0.11413555188045404,0.5245993616057109,0.21578686715043804,0.9764421115085634,0.21756708115523476,0.5245993616057109,212.51981439506238,0.000537058401849921,0.001852563233114779,0.0018927979981526732,1.29265558719635,0.6729320883750916,0.0018927979981526732,14.92181396484375,16.6160888671875,7.526893138885498,9.911968231201172,20.743087768554688,60.529571533203125,923.0,2.3621988470940694,-1.581761780169977,1.984184310762617,2.0828790214937363,-0.8706145830540267,-0.8566458847928512,85.0,0.16165916220680843,,,,
gov_report:129,gov_report,disagreement_calibration,64,32,physical_delete_low_value_norm_85,low_value_norm,85,26,27,0.09499931704828668,0.10383412830768438,0.9629477416733966,0.27393223471002404,0.9149141866610743,0.10349084610175056,0.6041542575064448,0.16091558110710705,0.9870227885728338,0.17129871190330323,0.6041542575064448,258.06333936679334,0.00040102885731729544,0.0021227558609098196,0.002010270254686475,0.8780247569084167,0.8172376751899719,0.002010270254686475,16.882347106933594,16.243837356567383,5.642498970031738,11.451112747192383,25.945899963378906,145.8251190185547,923.0,2.3621988470940694,-1.581761780169977,1.984184310762617,2.0828790214937363,-0.8706145830540267,-0.8566458847928512,85.0,0.16165916220680843,1.704547083517744e-07,7.274697451366692e-06,1.703833505551577e-07,7.254767793007403e-06
gov_report:129,gov_report,disagreement_calibration,64,32,physical_delete_low_value_norm_85,low_value_norm,85,27,28,0.3726579975533697,0.3678106100950167,0.9959069699225572,0.09201973351382842,1.0131790310700954,0.32513646364456705,0.7880046553434837,0.2890423972439096,0.9652578799382525,0.41260728783745976,0.7880046553434837,196.51614579264168,0.0016545025465115825,0.016074692830443382,0.007434007711708546,2.844823122024536,0.2290603518486023,0.007434007711708546,16.72137451171875,15.268479347229004,3.4450454711914062,12.255455017089844,25.626020431518555,124.27452850341797,923.0,2.3621988470940694,-1.581761780169977,1.984184310762617,2.0828790214937363,-0.8706145830540267,-0.8566458847928512,85.0,0.16165916220680843,,,,
synthetic_niah_128,niah_single_1,disagreement_calibration,64,32,physical_delete_high_key_query_75,high_key_query,75,0,1,0.0024278562422392794,0.0024252357394856233,0.99980594868658,0.019740554433236128,1.001080514653067,0.004100485481018714,0.004097131119309916,0.9998671933873766,0.016324857465764817,1.000818709875549,0.004097131119309916,17.550997199235777,0.00023363262123916588,0.0003630450228229165,0.0005671721301041543,1.755044937133789,0.5142725110054016,0.0005671721301041543,779.23828125,778.9161376953125,1848.88818359375,3.605106830596924,4.087000370025635,0.9114859700202942,1252.0,-0.2903541709533656,-0.02049573222815808,-0.30431770103646355,-0.32088478043646596,-1.3178981676672847,1.578634201716611,75.0,0.8262539437164279,5.09924333551607e-10,5.023245886916364e-10,5.099202425461902e-10,5.023190085855366e-10
synthetic_niah_128,niah_single_1,disagreement_calibration,64,32,physical_delete_high_key_query_75,high_key_query,75,1,2,0.010416824044397706,0.010528415232987151,0.9985756393083508,0.05413748687234306,0.9894009510339398,0.010992184742409306,0.011877206490823584,0.9390937274028656,0.3439304429823571,0.9254856982491588,0.011877206490823584,22.472862911382276,0.0004891314820792983,0.0004943665117025375,0.0010325269540771842,2.862154960632324,0.22130709886550903,0.0010325269540771842,91.8309326171875,91.17081451416016,3900.419921875,3.8665668964385986,3.982773780822754,0.5869152545928955,1252.0,-0.2903541709533656,-0.02049573222815808,-0.30431770103646355,-0.32088478043646596,-1.3178981676672847,1.578634201716611,75.0,0.8262539437164279,,,,
synthetic_niah_128,niah_single_1,disagreement_calibration,64,32,physical_delete_high_key_query_75,high_key_query,75,2,3,0.00010279298971488036,0.003005411055206072,0.05612284485915344,0.9986644690308955,0.03420263911547772,9.214308797367091e-05,0.010454047063940647,0.13446542664189054,0.9988529937884558,0.008814106863121163,0.010454047063940647,28.651907631934343,3.215949498279538e-06,1.7242755347979255e-06,3.1047238735482097e-06,2.1159157752990723,0.3772388994693756,3.1047238735482097e-06,31.56570816040039,27.411495208740234,48.98939514160156,6.429231643676758,5.942244052886963,1.2758598327636719,1252.0,-0.2903541709533656,-0.02049573222815808,-0.30431770103646355,-0.32088478043646596,-1.3178981676672847,1.578634201716611,75.0,0.8262539437164279,,,,
synthetic_niah_128,niah_single_1,disagreement_calibration,64,32,physical_delete_high_key_query_75,high_key_query,75,3,4,4.9601162764680736e-05,0.002118347404820321,-0.14578640371140708,1.0036809497151358,0.02341502751239612,4.9084864973827616e-05,0.010001711087764842,0.08265590767918578,0.9996063190087973,0.004907646755950934,0.010001711087764842,33.280933111690125,1.474864445930642e-06,1.6726720559745445e-06,1.7297339809374535e-06,1.9636832475662231,0.449434369802475,1.7297339809374535e-06,26.877254486083984,22.066120147705078,9.490507125854492,6.239321708679199,6.495728492736816,1.512195348739624,1252.0,-0.2903541709533656,-0.02049573222815808,-0.30431770103646355,-0.32088478043646596,-1.3178981676672847,1.578634201716611,75.0,0.8262539437164279,,,,
synthetic_niah_128,niah_single_1,disagreement_calibration,64,32,physical_delete_high_key_query_75,high_key_query,75,4,5,0.001806817477089978,0.0024432296308712865,0.7848670745651652,0.6213211901115225,0.7395201229798626,0.0014957896078947167,0.009556921134494205,0.18275169621746698,0.9835091494831122,0.15651375446595445,0.009556921134494205,34.2360799739581,4.369044613263256e-05,3.881556403939612e-05,5.298596806824207e-05,1.6366583108901978,0.5960219502449036,5.298596806824207e-05,21.669692993164062,19.06649398803711,6.966439247131348,7.190672874450684,6.696853160858154,2.050711154937744,1252.0,-0.2903541709533656,-0.02049573222815808,-0.30431770103646355,-0.32088478043646596,-1.3178981676672847,1.578634201716611,75.0,0.8262539437164279,9.067889076109649e-11,2.444439203800491e-09,9.068079891949785e-11,2.44444051004278e-09
synthetic_niah_128,niah_single_1,disagreement_calibration,64,32,physical_delete_high_key_query_75,high_key_query,75,5,6,0.00046576297493522385,0.0036332922477157045,0.14463525008802647,0.9896216392774233,0.12819309408101007,0.00039374672452189213,0.007916782424122287,0.04753749200529859,0.9988718731535003,0.049735701125517014,0.007916782424122287,35.358088882864514,1.1135973039332237e-05,7.355590696533909e-06,1.2994468306715135e-05,1.9336766004562378,0.48440632224082947,1.2994468306715135e-05,19.93717384338379,17.89082145690918,5.291334629058838,8.435911178588867,7.669164180755615,1.4417251348495483,1252.0,-0.2903541709533656,-0.02049573222815808,-0.30431770103646355,-0.32088478043646596,-1.3178981676672847,1.578634201716611,75.0,0.8262539437164279,,,,
synthetic_niah_128,niah_single_1,disagreement_calibration,64,32,physical_delete_high_key_query_75,high_key_query,75,6,7,6.856661060180196e-05,0.0011759057505324902,-0.023601060866063676,1.0030714573793755,0.05830961415976804,6.372753772029603e-05,0.007193408162697579,0.06577201589316034,0.9994564099282331,0.008859157756508808,0.007193408162697579,39.04062615858272,1.6323390270800288e-06,2.1822218059242005e-06,2.63123411059496e-06,1.3538861274719238,0.6308184266090393,2.63123411059496e-06,20.238525390625,19.613672256469727,6.090360164642334,7.643392562866211,6.68304967880249,1.1823397874832153,1252.0,-0.2903541709533656,-0.02049573222815808,-0.30431770103646355,-0.32088478043646596,-1.3178981676672847,1.578634201716611,75.0,0.8262539437164279,,,,
synthetic_niah_128,niah_single_1,disagreement_calibration,64,32,physical_delete_high_key_query_75,high_key_query,75,7,8,0.001472320219698515,0.0018950376645250312,0.7652945784504149,0.6437854432515687,0.7769345418617496,0.0015440375954754546,0.0062853508713474554,0.29959402244362004,0.9555902222758187,0.24565654759452488,0.0062853508713474554,42.58764651982027,3.6255527638909565e-05,3.992087295046076e-05,5.676614819094539e-05,2.345106601715088,0.346594899892807,5.676614819094539e-05,33.041419982910156,33.42658233642578,196.0122833251953,6.492498397827148,6.074329376220703,1.2882859706878662,1252.0,-0.2903541709533656,-0.02049573222815808,-0.30431770103646355,-0.32088478043646596,-1.3178981676672847,1.578634201716611,75.0,0.8262539437164279,7.187600449165931e-11,2.510771495672436e-09,7.187742238900886e-11,2.510780787014614e-09
synthetic_niah_128,niah_single_1,disagreement_calibration,64,32,physical_delete_high_key_query_75,high_key_query,75,8,9,7.4056125840759e-05,0.000991357159041375,-0.005233393123313255,1.0031760765221405,0.0747017612828559,6.154329421828014e-05,0.005621588256487281,0.05424990300801959,0.9994658730491978,0.010947670197521051,0.005621588256487281,41.21847295775116,1.4930998118577045e-06,1.3822696018905845e-06,2.201269353463431e-06,1.741742491722107,0.5219583511352539,2.201269353463431e-06,24.42249870300293,21.035423278808594,13.309856414794922,8.99802017211914,8.186373710632324,3.2244341373443604,1252.0,-0.2903541709533656,-0.02049573222815808,-0.30431770103646355,-0.32088478043646596,-1.3178981676672847,1.578634201716611,75.0,0.8262539437164279,,,,
synthetic_niah_128,niah_single_1,disagreement_calibration,64,32,physical_delete_high_key_query_75,high_key_query,75,9,10,0.00032237511749829193,0.0008113926769666242,0.4376576487843135,0.9000464689679456,0.3973108541027078,0.00025571021991921996,0.005305721634396526,0.0369694277813566,0.9993794469408276,0.04819518202038214,0.005305721634396526,43.09264638358676,5.933964176695715e-06,6.433343514800072e-06,1.279394291486824e-05,2.233839750289917,0.39377811551094055,1.279394291486824e-05,21.435651779174805,19.763629913330078,6.96917724609375,8.270220756530762,7.506880283355713,2.825314998626709,1252.0,-0.2903541709533656,-0.02049573222815808,-0.30431770103646355,-0.32088478043646596,-1.3178981676672847,1.578634201716611,75.0,0.8262539437164279,,,,
synthetic_niah_128,niah_single_1,disagreement_calibration,64,32,physical_delete_high_key_query_75,high_key_query,75,10,11,0.0001490044580308605,0.001013580203214312,0.05878840788005765,1.002160980029221,0.14700805871931075,0.00012470750926742125,0.00505621436489962,-0.00016427233190638145,1.0003081656756596,0.0246642053258549,0.00505621436489962,43.92265007802656,2.8392528466721413e-06,1.6650084262437304e-06,2.9462314614647767e-06,2.261011838912964,0.39658835530281067,2.9462314614647767e-06,23.96486473083496,19.830543518066406,11.272928237915039,8.231961250305176,8.498671531677246,3.8351922035217285,1252.0,-0.2903541709533656,-0.02049573222815808,-0.30431770103646355,-0.32088478043646596,-1.3178981676672847,1.578634201716611,75.0,0.8262539437164279,1.7518039369951534e-12,2.5469892598092142e-09,1.7535158273538886e-12,2.5469957142202347e-09
synthetic_niah_128,niah_single_1,disagreement_calibration,64,32,physical_delete_high_key_query_75,high_key_query,75,11,12,0.00024891280889275877,0.0008107270195452991,0.31849773427619493,0.9479930566259943,0.30702419296739725,0.00021841310921175844,0.0047367452876122,0.05259884062404152,0.9986368019104893,0.0461103766299118,0.0047367452876122,44.57994935550133,4.899357499714285e-06,5.018876890972024e-06,1.2082588909834158e-05,2.440156936645508,0.3108135163784027,1.2082588909834158e-05,22.47907257080078,19.287208557128906,7.617166042327881,7.621237277984619,7.389365196228027,1.153964638710022,1252.0,-0.2903541709533656,-0.02049573222815808,-0.30431770103646355,-0.32088478043646596,-1.3178981676672847,1.578634201716611,75.0,0.8262539437164279,,,,
synthetic_niah_128,niah_single_1,disagreement_calibration,64,32,physical_delete_high_key_query_75,high_key_query,75,12,13,0.00012989381564818762,0.00045334630461463677,0.21131239113282305,0.9803079109880538,0.286522277398076,0.00011165193070384728,0.004592760808537352,0.05253804295837173,0.9990177940888078,0.02431041705814522,0.004592760808537352,49.6107973763172,2.2505570683922684e-06,2.200851895395317e-06,3.1202289392240345e-06,2.1174066066741943,0.43727216124534607,3.1202289392240345e-06,21.071813583374023,18.256084442138672,7.251338005065918,9.82833480834961,8.626214027404785,1.3184051513671875,1252.0,-0.2903541709533656,-0.02049573222815808,-0.30431770103646355,-0.32088478043646596,-1.3178981676672847,1.578634201716611,75.0,0.8262539437164279,,,,
synthetic_niah_128,niah_single_1,disagreement_calibration,64,32,physical_delete_high_key_query_75,high_key_query,75,13,14,0.0002645169520726022,0.00044770256273845237,0.5267497208666408,0.8524325522812656,0.5908318917243565,0.0002452411215777095,0.004543507938806691,0.06477476676673183,0.9979583355282695,0.053976162225463115,0.004543507938806691,54.9987162151034,4.459033563957315e-06,3.803992740358808e-06,8.579510904382914e-06,2.3329477310180664,0.3114968538284302,8.579510904382914e-06,22.997169494628906,19.827537536621094,6.135035037994385,7.276725769042969,7.8139214515686035,2.257922410964966,1252.0,-0.2903541709533656,-0.02049573222815808,-0.30431770103646355,-0.32088478043646596,-1.3178981676672847,1.578634201716611,75.0,0.8262539437164279,,,,
synthetic_niah_128,niah_single_1,disagreement_calibration,64,32,physical_delete_high_key_query_75,high_key_query,75,14,15,4.760818540047975e-05,0.0003460769555655729,0.14998056094917975,0.9887668934940069,0.13756531498226032,4.123435287882625e-05,0.0044743029598326494,0.01635094688447823,0.9998917724576434,0.009215816016260222,0.0044743029598326494,53.70501522952605,7.677933374117422e-07,7.879603458604834e-07,1.376427462673746e-06,1.3044476509094238,0.6577487587928772,1.376427462673746e-06,25.57354736328125,19.909820556640625,12.180984497070312,10.711479187011719,9.877788543701172,2.8940670490264893,1252.0,-0.2903541709533656,-0.02049573222815808,-0.30431770103646355,-0.32088478043646596,-1.3178981676672847,1.578634201716611,75.0,0.8262539437164279,1.4102950550394288e-12,2.719569155564839e-09,1.4115141111310996e-12,2.719561204224239e-09
synthetic_niah_128,niah_single_1,disagreement_calibration,64,32,physical_delete_high_key_query_75,high_key_query,75,15,16,0.00027107312263847466,0.0005761336733642779,0.45692337829418245,0.8896097212307603,0.47050386945024214,0.00023754404657922335,0.004360376154637525,0.06748373063918521,0.9978051404276058,0.054477879466105425,0.004360376154637525,53.443801453422594,4.444744575032673e-06,4.8210918066615704e-06,5.430886176327476e-06,2.171430826187134,0.41111406683921814,5.430886176327476e-06,57.91645050048828,55.78952407836914,1392.5086669921875,8.949332237243652,8.519864082336426,3.4728879928588867,1252.0,-0.2903541709533656,-0.02049573222815808,-0.30431770103646355,-0.32088478043646596,-1.3178981676672847,1.578634201716611,75.0,0.8262539437164279,,,,
synthetic_niah_128,niah_single_1,disagreement_calibration,64,32,physical_delete_high_key_query_75,high_key_query,75,16,17,0.0004119678067165939,0.0005017060697452595,0.8297269975964812,0.55823557094604,0.8211337903999646,0.00046820874333360004,0.00438877787913768,0.1238309660626359,0.9924514792678605,0.10668317154059186,0.00438877787913768,57.228547508928834,8.181384356479602e-06,6.087211659178138e-06,7.5331809057388455e-06,2.4757721424102783,0.363614946603775,7.5331809057388455e-06,20.651283264160156,18.49385643005371,6.942457675933838,9.657166481018066,9.081477165222168,3.4800736904144287,1252.0,-0.2903541709533656,-0.02049573222815808,-0.30431770103646355,-0.32088478043646596,-1.3178981676672847,1.578634201716611,75.0,0.8262539437164279,,,,
synthetic_niah_128,niah_single_1,disagreement_calibration,64,32,physical_delete_high_key_query_75,high_key_query,75,17,18,0.0003088184715773159,0.00040804355058409635,0.7400403547156075,0.6727719321546588,0.7568272336010602,0.00028511839039834804,0.004372079410819903,0.12133748690823427,0.9941967217685982,0.06521345190866039,0.004372079410819903,61.25420391563292,4.654674653694779e-06,3.849186214210931e-06,6.169604603201151e-06,2.1659257411956787,0.4437274932861328,6.169604603201151e-06,20.32040786743164,17.05182647705078,8.609465599060059,9.365659713745117,9.762139320373535,4.883847236633301,1252.0,-0.2903541709533656,-0.02049573222815808,-0.30431770103646355,-0.32088478043646596,-1.3178981676672847,1.578634201716611,75.0,0.8262539437164279,,,,
synthetic_niah_128,niah_single_1,disagreement_calibration,64,32,physical_delete_high_key_query_75,high_key_query,75,18,19,0.0003505233215943162,0.00047350839546857285,0.48479585814217624,0.9111746355069187,0.7402684407473843,0.00035543505544591216,0.00430374479802974,0.13131332544423935,0.9925376704309697,0.08258739124323328,0.00430374479802974,71.71362144785418,4.9563116221144e-06,5.288334705255693e-06,7.387614004983334e-06,2.026576519012451,0.44726839661598206,7.387614004983334e-06,26.282798767089844,22.82891845703125,7.617926120758057,10.60267448425293,9.562385559082031,3.470924139022827,1252.0,-0.2903541709533656,-0.02049573222815808,-0.30431770103646355,-0.32088478043646596,-1.3178981676672847,1.578634201716611,75.0,0.8262539437164279,5.201188665724739e-11,2.6277094271640278e-09,5.201358189643122e-11,2.627723389629755e-09
synthetic_niah_128,niah_single_1,disagreement_calibration,64,32,physical_delete_high_key_query_75,high_key_query,75,19,20,0.00015571106344191478,0.0005430999433624098,0.296786348673303,0.954997087773879,0.2867079353348579,0.0001391205366354845,0.0036913834217878498,0.13309568141396066,0.9956847803870711,0.03768791283353171,0.0036913834217878498,74.11274644291507,1.8771472292238061e-06,2.0702088932011975e-06,3.0946835067879874e-06,1.7238374948501587,0.5378341674804688,3.0946835067879874e-06,23.310482025146484,19.455537796020508,8.82597541809082,11.181098937988281,10.200896263122559,2.886415719985962,1252.0,-0.2903541709533656,-0.02049573222815808,-0.30431770103646355,-0.32088478043646596,-1.3178981676672847,1.578634201716611,75.0,0.8262539437164279,,,,
synthetic_niah_128,niah_single_1,disagreement_calibration,64,32,physical_delete_high_key_query_75,high_key_query,75,20,21,0.00011450940079668224,0.0007841573867357536,0.18835875886266382,0.9830121163048973,0.1460285941746408,0.000111077167740934,0.003715978271814621,0.02183955874734085,0.99979391465412,0.02989176997708648,0.003715978271814621,87.29129087770474,1.2724885452381877e-06,1.1409114222260541e-06,2.2654933218291262e-06,2.2106971740722656,0.37367334961891174,2.2654933218291262e-06,21.045923233032227,19.09882164001465,7.487560272216797,10.697336196899414,11.009747505187988,5.389927387237549,1252.0,-0.2903541709533656,-0.02049573222815808,-0.30431770103646355,-0.32088478043646596,-1.3178981676672847,1.578634201716611,75.0,0.8262539437164279,,,,
synthetic_niah_128,niah_single_1,disagreement_calibration,64,32,physical_delete_high_key_query_75,high_key_query,75,21,22,0.00021281190704215623,0.0004037151492465204,0.40706598334355404,0.9212565166933006,0.527133815610687,0.00023025194798954952,0.003899684931142378,0.11556213980608478,0.994906891311658,0.059043730982158926,0.003899684931142378,110.86589546262363,2.07685101923138e-06,4.042408818349941e-06,3.7549357330135535e-06,2.4925742149353027,0.3044877350330353,3.7549357330135535e-06,17.870319366455078,17.46212387084961,5.593074321746826,11.24870491027832,11.0556640625,7.620930194854736,1252.0,-0.2903541709533656,-0.02049573222815808,-0.30431770103646355,-0.32088478043646596,-1.3178981676672847,1.578634201716611,75.0,0.8262539437164279,,,,
synthetic_niah_128,niah_single_1,disagreement_calibration,64,32,physical_delete_high_key_query_75,high_key_query,75,22,23,0.0004991700888834903,0.0006312589878261609,0.7923543945471021,0.6100631747146759,0.7907532383855009,0.0005294878141030668,0.004091785306118635,0.11612969125568683,0.9933227400663746,0.12940263833278332,0.004091785306118635,128.40744944387856,4.1234976350377815e-06,4.174813966528745e-06,7.699912202951964e-06,1.791885495185852,0.5167881846427917,7.699912202951964e-06,23.54751205444336,19.69669532775879,6.719375133514404,11.763350486755371,10.762974739074707,10.46269416809082,1252.0,-0.2903541709533656,-0.02049573222815808,-0.30431770103646355,-0.32088478043646596,-1.3178981676672847,1.578634201716611,75.0,0.8262539437164279,5.581308167443122e-11,2.553552234215463e-09,5.5815990487290166e-11,2.553593141775066e-09
synthetic_niah_128,niah_single_1,disagreement_calibration,64,32,physical_delete_high_key_query_75,high_key_query,75,23,24,0.00014788714395084563,0.00044060058868540086,0.3429334669447965,0.939387939462947,0.3356489930984648,0.00014779211699534296,0.004336305341693452,-0.06954588124117672,1.0029467639571104,0.034082497737031106,0.004336305341693452,155.73324796388775,9.490081207939218e-07,1.4617517081205733e-06,2.6552427243586862e-06,1.759580135345459,0.5136420130729675,2.6552427243586862e-06,22.884593963623047,18.545568466186523,8.635787963867188,11.982177734375,13.279003143310547,10.270097732543945,1252.0,-0.2903541709533656,-0.02049573222815808,-0.30431770103646355,-0.32088478043646596,-1.3178981676672847,1.578634201716611,75.0,0.8262539437164279,,,,
synthetic_niah_128,niah_single_1,disagreement_calibration,64,32,physical_delete_high_key_query_75,high_key_query,75,24,25,0.00012383659777655894,0.0006278110468945119,0.3289633500577075,0.9534836948628844,0.1972513838186199,0.0001282654243372081,0.004669870261835583,0.07269880326799907,0.9983791047885223,0.027466592677200176,0.004669870261835583,177.7596643023436,7.21566531083492e-07,2.6008838176494464e-06,2.716448989303899e-06,1.6858572959899902,0.5667960047721863,2.716448989303899e-06,21.644378662109375,18.242456436157227,6.0237555503845215,11.81837272644043,15.070077896118164,58.05117416381836,1252.0,-0.2903541709533656,-0.02049573222815808,-0.30431770103646355,-0.32088478043646596,-1.3178981676672847,1.578634201716611,75.0,0.8262539437164279,,,,
synthetic_niah_128,niah_single_1,disagreement_calibration,64,32,physical_delete_high_key_query_75,high_key_query,75,25,26,7.029462232693963e-05,0.001667416568322204,-0.07432331979858146,1.0040138926023583,0.04215780487156357,7.052118330121463e-05,0.004524672932303738,0.01034953064142769,0.9999601526924481,0.015585918442354409,0.004524672932303738,204.6290134533388,3.4462944482354867e-07,1.0179210221394897e-06,9.099759381570038e-07,1.5307999849319458,0.6289698481559753,9.099759381570038e-07,20.920875549316406,17.483257293701172,8.395915985107422,14.490089416503906,19.574247360229492,55.57840347290039,1252.0,-0.2903541709533656,-0.02049573222815808,-0.30431770103646355,-0.32088478043646596,-1.3178981676672847,1.578634201716611,75.0,0.8262539437164279,,,,
synthetic_niah_128,niah_single_1,disagreement_calibration,64,32,physical_delete_high_key_query_75,high_key_query,75,26,27,0.00021196721191678395,0.0004543783900221964,-0.4179932186085734,1.267915110580473,0.4664993242887923,0.00014233460362041527,0.005062493771959408,0.03333556963381073,0.9994578474355423,0.02811551184690653,0.005062493771959408,238.5760024296058,5.966006730388254e-07,1.9342414816492237e-06,2.1605931124213384e-06,2.2405474185943604,0.4982297718524933,2.1605931124213384e-06,22.462867736816406,17.357627868652344,8.657668113708496,15.825553894042969,24.330669403076172,151.1013641357422,1252.0,-0.2903541709533656,-0.02049573222815808,-0.30431770103646355,-0.32088478043646596,-1.3178981676672847,1.578634201716611,75.0,0.8262539437164279,1.5520507813904703e-12,2.524421375233844e-09,1.5513564648147334e-12,2.5244580960914976e-09
synthetic_niah_128,niah_single_1,disagreement_calibration,64,32,physical_delete_high_key_query_75,high_key_query,75,27,28,0.0016211242234245036,0.001620725260670914,0.9081634110892162,0.42862390504565245,1.0002461630994905,0.0009933281216247905,0.0059051670628736865,0.2894606802980421,0.9648385470943817,0.1682133817804975,0.0059051670628736865,173.58188064361372,5.722533469171376e-06,7.65514141676249e-06,1.153995435743127e-05,3.1211986541748047,0.1704605668783188,1.153995435743127e-05,19.07056999206543,15.943020820617676,4.850271701812744,15.811393737792969,24.036951065063477,133.08554077148438,1252.0,-0.2903541709533656,-0.02049573222815808,-0.30431770103646355,-0.32088478043646596,-1.3178981676672847,1.578634201716611,75.0,0.8262539437164279,,,,
synthetic_niah_128,niah_single_1,disagreement_calibration,64,32,physical_delete_low_v_ridge_74,low_v_ridge,74,0,1,0.006092241484391851,0.0060908272881650466,0.9999691923113708,0.007853890315251837,1.0002321845883815,0.009091232228249084,0.009085412312267387,0.9999731006705447,0.007365016050882126,1.000640578080737,0.009085412312267387,17.550997199235777,0.0005179894979782085,0.0001650835038162768,0.00043323764111846685,1.755044937133789,0.5142725110054016,0.00043323764111846685,778.4987182617188,778.9161376953125,1848.88818359375,4.92659854888916,4.087000370025635,0.9114859700202942,1253.0,-0.3307125531741015,0.7013016769683359,-0.32907277988026706,-0.32799287893975193,-1.4979598854212695,1.2064208456756065,74.0,0.9649460770585411,3.0051669215050495e-09,2.985679707763841e-09,3.0052098118687623e-09,2.9857236572077576e-09
synthetic_niah_128,niah_single_1,disagreement_calibration,64,32,physical_delete_low_v_ridge_74,low_v_ridge,74,1,2,0.0024292278577461583,0.003196985624925594,0.7863798803865949,0.6183126603771808,0.759849477835139,0.0026225537584069884,0.009112780253431492,0.29109416457960374,0.9567001173183514,0.287788543723464,0.009112780253431492,22.472862911382276,0.00011669869427622822,8.534777589375153e-05,0.0002088985638692975,2.862154960632324,0.22130709886550903,0.0002088985638692975,91.7200927734375,91.17081451416016,3900.419921875,3.9812302589416504,3.982773780822754,0.5869152545928955,1253.0,-0.3307125531741015,0.7013016769683359,-0.32907277988026706,-0.32799287893975193,-1.4979598854212695,1.2064208456756065,74.0,0.9649460770585411,,,,
synthetic_niah_128,niah_single_1,disagreement_calibration,64,32,physical_delete_low_v_ridge_74,low_v_ridge,74,2,3,0.0064445698100488,0.006395869920156381,0.9461292113436531,0.32957537538721354,1.0076142714752443,0.005924702240953544,0.010004714217122084,0.506023300832572,0.8668133019401987,0.5921910523754891,0.010004714217122084,28.651907631934343,0.00020678212135341706,0.0001187180241686292,0.0003575245209503919,2.1159157752990723,0.3772388994693756,0.0003575245209503919,26.21214485168457,27.411495208740234,48.98939514160156,5.869656562805176,5.942244052886963,1.2758598327636719,1253.0,-0.3307125531741015,0.7013016769683359,-0.32907277988026706,-0.32799287893975193,-1.4979598854212695,1.2064208456756065,74.0,0.9649460770585411,,,,
synthetic_niah_128,niah_single_1,disagreement_calibration,64,32,physical_delete_low_v_ridge_74,low_v_ridge,74,3,4,0.00022132818955118992,0.0021524322980641174,0.1928898342607369,0.9853450274593896,0.10282701562797164,0.00021029146543754417,0.009523173414780367,0.07650198781642559,0.9985534399126094,0.022082078764959056,0.009523173414780367,33.280933111690125,6.31867696533058e-06,5.345997578842798e-06,7.375300810963381e-06,1.9636832475662231,0.449434369802475,7.375300810963381e-06,23.401123046875,22.066120147705078,9.490507125854492,6.738663673400879,6.495728492736816,1.512195348739624,1253.0,-0.3307125531741015,0.7013016769683359,-0.32907277988026706,-0.32799287893975193,-1.4979598854212695,1.2064208456756065,74.0,0.9649460770585411,,,,
synthetic_niah_128,niah_single_1,disagreement_calibration,64,32,physical_delete_low_v_ridge_74,low_v_ridge,74,4,5,0.0002194993262387462,0.0021699431314256964,0.17624454465339545,0.9872063554172086,0.10115441416869331,0.00020567174156938258,0.009015747244307547,0.0049984903162177815,1.0001461663504203,0.022812500838379386,0.009015747244307547,34.2360799739581,6.007455927367507e-06,5.301112196320901e-06,5.348308150132652e-06,1.6366583108901978,0.5960219502449036,5.348308150132652e-06,21.978317260742188,19.06649398803711,6.966439247131348,7.088335990905762,6.696853160858154,2.050711154937744,1253.0,-0.3307125531741015,0.7013016769683359,-0.32907277988026706,-0.32799287893975193,-1.4979598854212695,1.2064208456756065,74.0,0.9649460770585411,1.63729537050914e-12,8.872527407374574e-09,1.6378857170748334e-12,8.872245781180628e-09
synthetic_niah_128,niah_single_1,disagreement_calibration,64,32,physical_delete_low_v_ridge_74,low_v_ridge,74,5,6,0.00043234998833538354,0.003248179377365453,0.17389418582770383,0.9856087169281266,0.1331053301268281,0.0003109168336173818,0.007352596678264568,0.10600638664780673,0.9964049619537498,0.04228667057673663,0.007352596678264568,35.358088882864514,8.793372137487343e-06,1.0814465895236935e-05,1.383013204758754e-05,1.9336766004562378,0.48440632224082947,1.383013204758754e-05,19.33382225036621,17.89082145690918,5.291334629058838,7.651729583740234,7.669164180755615,1.4417251348495483,1253.0,-0.3307125531741015,0.7013016769683359,-0.32907277988026706,-0.32799287893975193,-1.4979598854212695,1.2064208456756065,74.0,0.9649460770585411,,,,
synthetic_niah_128,niah_single_1,disagreement_calibration,64,32,physical_delete_low_v_ridge_74,low_v_ridge,74,6,7,8.280350639569283e-05,0.0017702912415802716,0.06541885064791067,0.9980320668498875,0.04677394569369122,6.992896807537104e-05,0.006308648294753233,0.12444541475129069,0.9986811345817267,0.011084619843767398,0.006308648294753233,39.04062615858272,1.7911845929755358e-06,1.5493924365728162e-06,2.729362449827022e-06,1.3538861274719238,0.6308184266090393,2.729362449827022e-06,21.66643524169922,19.613672256469727,6.090360164642334,7.403369426727295,6.68304967880249,1.1823397874832153,1253.0,-0.3307125531741015,0.7013016769683359,-0.32907277988026706,-0.32799287893975193,-1.4979598854212695,1.2064208456756065,74.0,0.9649460770585411,,,,
synthetic_niah_128,niah_single_1,disagreement_calibration,64,32,physical_delete_low_v_ridge_74,low_v_ridge,74,7,8,0.0007093634820588788,0.0017745146160798883,0.39532731374672003,0.9185509683528895,0.3997507124657819,0.0006596945778257201,0.005749729459844468,0.06262947060846065,0.9993960797173134,0.11473489012534599,0.005749729459844468,42.58764651982027,1.549028020411268e-05,2.4344508346985094e-05,2.6821964638656937e-05,2.345106601715088,0.346594899892807,2.6821964638656937e-05,33.85591125488281,33.42658233642578,196.0122833251953,6.326544284820557,6.074329376220703,1.2882859706878662,1253.0,-0.3307125531741015,0.7013016769683359,-0.32907277988026706,-0.32799287893975193,-1.4979598854212695,1.2064208456756065,74.0,0.9649460770585411,1.4885607446181006e-11,8.78622279368514e-09,1.4885713406547927e-11,8.785946850168648e-09
synthetic_niah_128,niah_single_1,disagreement_calibration,64,32,physical_delete_low_v_ridge_74,low_v_ridge,74,8,9,0.00018579274388528676,0.000979528781283752,0.16357574422012577,0.9868759700272625,0.18967563530067005,0.00016171083408051982,0.005095926345588113,0.054520697983329494,0.9987726250466663,0.03173335388187543,0.005095926345588113,41.21847295775116,3.9232611612340185e-06,3.1372344437841093e-06,6.906869657541392e-06,1.741742491722107,0.5219583511352539,6.906869657541392e-06,23.66204833984375,21.035423278808594,13.309856414794922,8.928069114685059,8.186373710632324,3.2244341373443604,1253.0,-0.3307125531741015,0.7013016769683359,-0.32907277988026706,-0.32799287893975193,-1.4979598854212695,1.2064208456756065,74.0,0.9649460770585411,,,,
synthetic_niah_128,niah_single_1,disagreement_calibration,64,32,physical_delete_low_v_ridge_74,low_v_ridge,74,9,10,0.00032638430817944945,0.0009145993950664187,0.5370871526753559,0.8625654015421204,0.35686040242323497,0.00025387666811337527,0.005004315345112673,0.07767980987612626,0.997342496794825,0.050731548794445365,0.005004315345112673,43.09264638358676,5.891415111838489e-06,6.4100854615389835e-06,1.3290501556184608e-05,2.233839750289917,0.39377811551094055,1.3290501556184608e-05,22.39633560180664,19.763629913330078,6.96917724609375,8.087658882141113,7.506880283355713,2.825314998626709,1253.0,-0.3307125531741015,0.7013016769683359,-0.32907277988026706,-0.32799287893975193,-1.4979598854212695,1.2064208456756065,74.0,0.9649460770585411,,,,
synthetic_niah_128,niah_single_1,disagreement_calibration,64,32,physical_delete_low_v_ridge_74,low_v_ridge,74,10,11,0.00020537318300781454,0.0010398639680961063,0.27780152014990284,0.9639889220967377,0.19750004741854227,0.00017364042454666038,0.004702038362238439,0.0019500764747353177,1.0006096667436772,0.03692875539705244,0.004702038362238439,43.92265007802656,3.953323040349255e-06,1.7196813359987573e-06,3.7316196994652273e-06,2.261011838912964,0.39658835530281067,3.7316196994652273e-06,24.42937469482422,19.830543518066406,11.272928237915039,9.123833656311035,8.498671531677246,3.8351922035217285,1253.0,-0.3307125531741015,0.7013016769683359,-0.32907277988026706,-0.32799287893975193,-1.4979598854212695,1.2064208456756065,74.0,0.9649460770585411,4.64302728592999e-12,8.768007507990555e-09,4.6429249466517035e-12,8.767737558883908e-09
synthetic_niah_128,niah_single_1,disagreement_calibration,64,32,physical_delete_low_v_ridge_74,low_v_ridge,74,11,12,0.00015646466212716848,0.0009077487747805209,0.13240874250378415,0.9920002395976869,0.17236559990400332,0.00014235138036178236,0.004636251253734118,0.037582077270893945,0.9993172147255226,0.030703983147403857,0.004636251253734118,44.57994935550133,3.193170526655515e-06,3.786720299103763e-06,6.8167055360390805e-06,2.440156936645508,0.3108135163784027,6.8167055360390805e-06,21.67263412475586,19.287208557128906,7.617166042327881,6.732100486755371,7.389365196228027,1.153964638710022,1253.0,-0.3307125531741015,0.7013016769683359,-0.32907277988026706,-0.32799287893975193,-1.4979598854212695,1.2064208456756065,74.0,0.9649460770585411,,,,
synthetic_niah_128,niah_single_1,disagreement_calibration,64,32,physical_delete_low_v_ridge_74,low_v_ridge,74,12,13,0.0002951004892682422,0.0007384840646371599,0.2904284215515001,0.9631045804224194,0.39960305631406445,0.0002379882919432205,0.00467685578689881,0.09902273776039823,0.9962487669770664,0.05088638666385496,0.00467685578689881,49.6107973763172,4.79710676968134e-06,4.731316948891617e-06,7.3742298809520435e-06,2.1174066066741943,0.43727216124534607,7.3742298809520435e-06,22.25798225402832,18.256084442138672,7.251338005065918,9.656124114990234,8.626214027404785,1.3184051513671875,1253.0,-0.3307125531741015,0.7013016769683359,-0.32907277988026706,-0.32799287893975193,-1.4979598854212695,1.2064208456756065,74.0,0.9649460770585411,,,,
synthetic_niah_128,niah_single_1,disagreement_calibration,64,32,physical_delete_low_v_ridge_74,low_v_ridge,74,13,14,0.000343194274823629,0.0006978822476884283,0.46932212183931743,0.8833121998036538,0.4917653027575637,0.00031821214562909527,0.004629165626817784,0.05763384338206526,0.9983995706374202,0.06874071296685125,0.004629165626817784,54.9987162151034,5.785810424820604e-06,3.7438703657244332e-06,7.870903573348187e-06,2.3329477310180664,0.3114968538284302,7.870903573348187e-06,23.54071807861328,19.827537536621094,6.135035037994385,8.245441436767578,7.8139214515686035,2.257922410964966,1253.0,-0.3307125531741015,0.7013016769683359,-0.32907277988026706,-0.32799287893975193,-1.4979598854212695,1.2064208456756065,74.0,0.9649460770585411,,,,
synthetic_niah_128,niah_single_1,disagreement_calibration,64,32,physical_delete_low_v_ridge_74,low_v_ridge,74,14,15,0.00024670113053530896,0.0004425729009693508,0.5652191049982612,0.8249776444489467,0.5574248445735578,0.00021527744138118086,0.004580986447027847,-0.008292139019342148,1.001492767294996,0.04699368659360547,0.004580986447027847,53.70501522952605,4.008516531670681e-06,3.059845539610251e-06,5.9220774346613325e-06,1.3044476509094238,0.6577487587928772,5.9220774346613325e-06,22.090229034423828,19.909820556640625,12.180984497070312,11.328709602355957,9.877788543701172,2.8940670490264893,1253.0,-0.3307125531741015,0.7013016769683359,-0.32907277988026706,-0.32799287893975193,-1.4979598854212695,1.2064208456756065,74.0,0.9649460770585411,6.215919061895323e-12,8.931526997417127e-09,6.217126109808606e-12,8.931240354473712e-09
synthetic_niah_128,niah_single_1,disagreement_calibration,64,32,physical_delete_low_v_ridge_74,low_v_ridge,74,15,16,0.0002569737547434754,0.0008619716707454127,0.30635451882645154,0.9519530783431321,0.2981232022640032,0.00023488951081383064,0.004506137551135493,0.05915535962654409,0.9982735332864136,0.05212657362282279,0.004506137551135493,53.443801453422594,4.395074909080744e-06,4.093244115210837e-06,4.688030458055437e-06,2.171430826187134,0.41111406683921814,4.688030458055437e-06,57.81089782714844,55.78952407836914,1392.5086669921875,9.748143196105957,8.519864082336426,3.4728879928588867,1253.0,-0.3307125531741015,0.7013016769683359,-0.32907277988026706,-0.32799287893975193,-1.4979598854212695,1.2064208456756065,74.0,0.9649460770585411,,,,
synthetic_niah_128,niah_single_1,disagreement_calibration,64,32,physical_delete_low_v_ridge_74,low_v_ridge,74,16,17,0.0002280315996386218,0.00045011232271613893,0.5736091354495906,0.8218645786151214,0.5066104350634025,0.00023668381024714456,0.004479385425318662,0.09934469022326128,0.9961392785824524,0.05283845612153523,0.004479385425318662,57.228547508928834,4.135764763385214e-06,4.0197155612986535e-06,4.6996783567010425e-06,2.4757721424102783,0.363614946603775,4.6996783567010425e-06,21.211530685424805,18.49385643005371,6.942457675933838,9.69486141204834,9.081477165222168,3.4800736904144287,1253.0,-0.3307125531741015,0.7013016769683359,-0.32907277988026706,-0.32799287893975193,-1.4979598854212695,1.2064208456756065,74.0,0.9649460770585411,,,,
synthetic_niah_128,niah_single_1,disagreement_calibration,64,32,physical_delete_low_v_ridge_74,low_v_ridge,74,17,18,0.000438523432488021,0.0005414987649642111,0.7727351381878004,0.635811795118162,0.8098327472953776,0.00037919642870792777,0.004448113916775299,0.09490865764323715,0.9955328519516523,0.08524881237367898,0.004448113916775299,61.25420391563292,6.190537211620696e-06,6.29535361440503e-06,8.406411325267982e-06,2.1659257411956787,0.4437274932861328,8.406411325267982e-06,20.56659698486328,17.05182647705078,8.609465599060059,10.50409984588623,9.762139320373535,4.883847236633301,1253.0,-0.3307125531741015,0.7013016769683359,-0.32907277988026706,-0.32799287893975193,-1.4979598854212695,1.2064208456756065,74.0,0.9649460770585411,,,,
synthetic_niah_128,niah_single_1,disagreement_calibration,64,32,physical_delete_low_v_ridge_74,low_v_ridge,74,18,19,0.0013471448236102826,0.0014273830299127428,0.910988796091702,0.4137331293254064,0.9437864927486456,0.001432728228331499,0.004644537633953004,0.35783548035108187,0.9350883010516046,0.30847596493950513,0.004644537633953004,71.71362144785418,1.997846712250186e-05,1.60456638695905e-05,2.7257345209363848e-05,2.026576519012451,0.44726839661598206,2.7257345209363848e-05,25.277250289916992,22.82891845703125,7.617926120758057,10.548992156982422,9.562385559082031,3.470924139022827,1253.0,-0.3307125531741015,0.7013016769683359,-0.32907277988026706,-0.32799287893975193,-1.4979598854212695,1.2064208456756065,74.0,0.9649460770585411,5.644576995392799e-10,9.601199620051082e-09,5.644644300256908e-10,9.601106348548592e-09
synthetic_niah_128,niah_single_1,disagreement_calibration,64,32,physical_delete_low_v_ridge_74,low_v_ridge,74,19,20,0.0005496495687278095,0.0010821825035523564,0.5593944373272334,0.8304990529612095,0.5079083859917692,0.000454654904327653,0.004178856151567507,0.18476699203472263,0.9857141124154996,0.10879888846068798,0.004178856151567507,74.11274644291507,6.134638454909351e-06,6.860290795884794e-06,1.3384847989073023e-05,1.7238374948501587,0.5378341674804688,1.3384847989073023e-05,22.578372955322266,19.455537796020508,8.82597541809082,10.070697784423828,10.200896263122559,2.886415719985962,1253.0,-0.3307125531741015,0.7013016769683359,-0.32907277988026706,-0.32799287893975193,-1.4979598854212695,1.2064208456756065,74.0,0.9649460770585411,,,,
synthetic_niah_128,niah_single_1,disagreement_calibration,64,32,physical_delete_low_v_ridge_74,low_v_ridge,74,20,21,0.0002514032568958866,0.0009206792608011931,0.2792041358455931,0.9602514079823873,0.27306280004299277,0.00025715894818158794,0.004223297578140201,0.12506841569381102,0.9942216497098351,0.06089055848506705,0.004223297578140201,87.29129087770474,2.9459863131348134e-06,2.033997589023784e-06,4.339950464782305e-06,2.2106971740722656,0.37367334961891174,4.339950464782305e-06,21.29021453857422,19.09882164001465,7.487560272216797,11.517093658447266,11.009747505187988,5.389927387237549,1253.0,-0.3307125531741015,0.7013016769683359,-0.32907277988026706,-0.32799287893975193,-1.4979598854212695,1.2064208456756065,74.0,0.9649460770585411,,,,
synthetic_niah_128,niah_single_1,disagreement_calibration,64,32,physical_delete_low_v_ridge_74,low_v_ridge,74,21,22,0.0008359962244528483,0.0011021284677882298,0.810655411243057,0.5878392501412144,0.7585288365979148,0.0008856289764130387,0.004481702607758625,0.2267342823785977,0.9743920117715862,0.19760993843720404,0.004481702607758625,110.86589546262363,7.988290472173311e-06,8.828954378259368e-06,1.7523139831610024e-05,2.4925742149353027,0.3044877350330353,1.7523139831610024e-05,19.15145492553711,17.46212387084961,5.593074321746826,11.160444259643555,11.0556640625,7.620930194854736,1253.0,-0.3307125531741015,0.7013016769683359,-0.32907277988026706,-0.32799287893975193,-1.4979598854212695,1.2064208456756065,74.0,0.9649460770585411,,,,
synthetic_niah_128,niah_single_1,disagreement_calibration,64,32,physical_delete_low_v_ridge_74,low_v_ridge,74,22,23,0.00028881316035377547,0.0007789070574908691,0.4289837298023437,0.9051845884456353,0.37079284052726813,0.0003048199974682227,0.004670060632995953,0.02975773550291693,1.0001878205014958,0.06527110061795356,0.004670060632995953,128.40744944387856,2.3738497944501777e-06,3.2239513529930264e-06,4.791631909029093e-06,1.791885495185852,0.5167881846427917,4.791631909029093e-06,22.331607818603516,19.69669532775879,6.719375133514404,13.781806945800781,10.762974739074707,10.46269416809082,1253.0,-0.3307125531741015,0.7013016769683359,-0.32907277988026706,-0.32799287893975193,-1.4979598854212695,1.2064208456756065,74.0,0.9649460770585411,1.1065102763754494e-11,9.858021497376666e-09,1.1066153495106566e-11,9.85792785027188e-09
synthetic_niah_128,niah_single_1,disagreement_calibration,64,32,physical_delete_low_v_ridge_74,low_v_ridge,74,23,24,0.0009082688546141024,0.001052983284147024,0.8687645130891265,0.4952641995445043,0.8625672109789013,0.0009181259369216608,0.005092380638631064,0.13514488263341667,0.991853975211999,0.18029405146125757,0.005092380638631064,155.73324796388775,5.895503682903735e-06,7.577029009553371e-06,1.3430399121716619e-05,1.759580135345459,0.5136420130729675,1.3430399121716619e-05,21.184925079345703,18.545568466186523,8.635787963867188,16.062259674072266,13.279003143310547,10.270097732543945,1253.0,-0.3307125531741015,0.7013016769683359,-0.32907277988026706,-0.32799287893975193,-1.4979598854212695,1.2064208456756065,74.0,0.9649460770585411,,,,
synthetic_niah_128,niah_single_1,disagreement_calibration,64,32,physical_delete_low_v_ridge_74,low_v_ridge,74,24,25,0.0006734019320226448,0.0012615173531183087,0.6329029560493429,0.7805476414321305,0.5338031461541785,0.0006958100329883421,0.005511233176528937,0.2117286103268358,0.9810591551434067,0.12625305638520895,0.005511233176528937,177.7596643023436,3.9143302600125835e-06,6.3650418269389775e-06,6.603102974622743e-06,1.6858572959899902,0.5667960047721863,6.603102974622743e-06,20.279834747314453,18.242456436157227,6.0237555503845215,20.035823822021484,15.070077896118164,58.05117416381836,1253.0,-0.3307125531741015,0.7013016769683359,-0.32907277988026706,-0.32799287893975193,-1.4979598854212695,1.2064208456756065,74.0,0.9649460770585411,,,,
synthetic_niah_128,niah_single_1,disagreement_calibration,64,32,physical_delete_low_v_ridge_74,low_v_ridge,74,25,26,0.00039589614341696,0.0016886499505009425,0.27876637782281105,0.9613811207470488,0.23444535873140337,0.0004198502552649868,0.005564961097635217,0.09507992811924033,0.9956632589457389,0.07544531720866811,0.005564961097635217,204.6290134533388,2.051763081781775e-06,4.907210950477747e-06,5.941734343650751e-06,1.5307999849319458,0.6289698481559753,5.941734343650751e-06,19.349803924560547,17.483257293701172,8.395915985107422,26.25484848022461,19.574247360229492,55.57840347290039,1253.0,-0.3307125531741015,0.7013016769683359,-0.32907277988026706,-0.32799287893975193,-1.4979598854212695,1.2064208456756065,74.0,0.9649460770585411,,,,
synthetic_niah_128,niah_single_1,disagreement_calibration,64,32,physical_delete_low_v_ridge_74,low_v_ridge,74,26,27,0.0021923008495197786,0.002229490057770967,0.9425093886203827,0.3366623089320411,0.9833194105882804,0.0023630730101506757,0.0064022974955916375,0.40743914075965615,0.9140368788471889,0.3690976577982813,0.0064022974955916375,238.5760024296058,9.904906554245428e-06,1.0122294952452648e-05,1.4580552488041576e-05,2.2405474185943604,0.4982297718524933,1.4580552488041576e-05,19.948440551757812,17.357627868652344,8.657668113708496,36.90471649169922,24.330669403076172,151.1013641357422,1253.0,-0.3307125531741015,0.7013016769683359,-0.32907277988026706,-0.32799287893975193,-1.4979598854212695,1.2064208456756065,74.0,0.9649460770585411,3.695704350739979e-10,1.0215803546233936e-08,3.6957062223766414e-10,1.0215676779897307e-08
synthetic_niah_128,niah_single_1,disagreement_calibration,64,32,physical_delete_low_v_ridge_74,low_v_ridge,74,27,28,0.004290884682643702,0.004008818675202916,0.9752033282111378,0.24090148016839172,1.070361378324628,0.003398718901316231,0.0076894219407692135,0.4015533251776335,0.9167283139882956,0.44199927218147156,0.0076894219407692135,173.58188064361372,1.957991749319876e-05,2.1106141502968967e-05,1.791811519069597e-05,3.1211986541748047,0.1704605668783188,1.791811519069597e-05,17.38764190673828,15.943020820617676,4.850271701812744,37.25457000732422,24.036951065063477,133.08554077148438,1253.0,-0.3307125531741015,0.7013016769683359,-0.32907277988026706,-0.32799287893975193,-1.4979598854212695,1.2064208456756065,74.0,0.9649460770585411,,,,
synthetic_niah_128,niah_single_1,disagreement_calibration,64,32,physical_delete_median_value_norm_66,median_value_norm,66,0,1,0.0025562970322747453,0.002552825234478272,0.9998247289374783,0.01878479195479536,1.0013599825595514,0.0040658063193805116,0.004061361504008265,0.9998645012450771,0.016507326798518327,1.0010944151038659,0.004061361504008265,17.550997199235777,0.00023165671290503932,0.00021320226369425654,0.0003148062969557941,1.755044937133789,0.5142725110054016,0.0003148062969557941,779.2382202148438,778.9161376953125,1848.88818359375,3.605106830596924,4.087000370025635,0.9114859700202942,1261.0,-0.3107194214053199,-0.013922605494130658,-0.32315181678161775,-0.33332499880077815,-1.206693725558046,1.0223947947512582,66.0,0.1637368654646404,7.516175643155768e-10,7.16908443324739e-10,7.516077208413496e-10,7.168981627384372e-10
synthetic_niah_128,niah_single_1,disagreement_calibration,64,32,physical_delete_median_value_norm_66,median_value_norm,66,1,2,0.009989902713265785,0.010083156586206137,0.9986392311158625,0.05274373957543468,0.9907515199091598,0.010532357534183169,0.011503835139896456,0.9357373502074384,0.3532747739102469,0.9155518491095109,0.011503835139896456,22.472862911382276,0.00046867003886935286,0.0004709316126536578,0.0009943593759089708,2.862154960632324,0.22130709886550903,0.0009943593759089708,91.83563995361328,91.17081451416016,3900.419921875,3.892833948135376,3.982773780822754,0.5869152545928955,1261.0,-0.3107194214053199,-0.013922605494130658,-0.32315181678161775,-0.33332499880077815,-1.206693725558046,1.0223947947512582,66.0,0.1637368654646404,,,,
synthetic_niah_128,niah_single_1,disagreement_calibration,64,32,physical_delete_median_value_norm_66,median_value_norm,66,2,3,0.0001026048981190483,0.002918168775042946,0.08427351574812446,0.9976522649826431,0.03516071414256644,9.162977982564163e-05,0.010146586186293513,0.135286045414523,0.998818363342276,0.009030601834281905,0.010146586186293513,28.651907631934343,3.19803417638812e-06,2.066934257527464e-06,3.1792544632480713e-06,2.1159157752990723,0.3772388994693756,3.1792544632480713e-06,31.262516021728516,27.411495208740234,48.98939514160156,6.401060104370117,5.942244052886963,1.2758598327636719,1261.0,-0.3107194214053199,-0.013922605494130658,-0.32315181678161775,-0.33332499880077815,-1.206693725558046,1.0223947947512582,66.0,0.1637368654646404,,,,
synthetic_niah_128,niah_single_1,disagreement_calibration,64,32,physical_delete_median_value_norm_66,median_value_norm,66,3,4,0.0002760555811466807,0.0020397234102219443,0.0745484717840368,0.9990686164501581,0.1353397131019067,0.00025460740309809094,0.00975022188047127,0.016342643143834424,0.9999141851208307,0.026112985552466696,0.00975022188047127,33.280933111690125,7.650248334192848e-06,9.94847960100742e-06,9.58664713834878e-06,1.9636832475662231,0.449434369802475,9.58664713834878e-06,26.44770050048828,22.066120147705078,9.490507125854492,6.201682090759277,6.495728492736816,1.512195348739624,1261.0,-0.3107194214053199,-0.013922605494130658,-0.32315181678161775,-0.33332499880077815,-1.206693725558046,1.0223947947512582,66.0,0.1637368654646404,,,,
synthetic_niah_128,niah_single_1,disagreement_calibration,64,32,physical_delete_median_value_norm_66,median_value_norm,66,4,5,0.003524717163492806,0.0039334222390979365,0.9163073614769478,0.40098552096731827,0.8960942785285975,0.002902198397466044,0.009663939470633784,0.30962108586843373,0.9509055891908498,0.30031214560946656,0.009663939470633784,34.2360799739581,8.477017227654628e-05,7.580739475088194e-05,0.0001039481139741838,1.6366583108901978,0.5960219502449036,0.0001039481139741838,21.1774845123291,19.06649398803711,6.966439247131348,7.160902500152588,6.696853160858154,2.050711154937744,1261.0,-0.3107194214053199,-0.013922605494130658,-0.32315181678161775,-0.33332499880077815,-1.206693725558046,1.0223947947512582,66.0,0.1637368654646404,3.897347570554498e-10,2.5575580335818655e-09,3.8973707181104404e-10,2.557544744941683e-09
synthetic_niah_128,niah_single_1,disagreement_calibration,64,32,physical_delete_median_value_norm_66,median_value_norm,66,5,6,0.0010933921032504023,0.0037045558011287293,0.28685983946307964,0.9580084162031843,0.29514796427611106,0.0009380591980897767,0.008037302164016161,0.09740130866331935,0.995432536109066,0.11671319292804062,0.008037302164016161,35.358088882864514,2.653025736762559e-05,1.8388058379059657e-05,2.513513754820451e-05,1.9336766004562378,0.48440632224082947,2.513513754820451e-05,19.64813232421875,17.89082145690918,5.291334629058838,8.479385375976562,7.669164180755615,1.4417251348495483,1261.0,-0.3107194214053199,-0.013922605494130658,-0.32315181678161775,-0.33332499880077815,-1.206693725558046,1.0223947947512582,66.0,0.1637368654646404,,,,
synthetic_niah_128,niah_single_1,disagreement_calibration,64,32,physical_delete_median_value_norm_66,median_value_norm,66,6,7,0.0008003121537644757,0.00132405310536618,0.49961799442673666,0.8725650400807338,0.604441128925219,0.0007609892037412632,0.0073852258644052544,0.05307161017985893,0.9998402144039916,0.10304210293811333,0.0073852258644052544,39.04062615858272,1.9492238691309176e-05,1.7854814359452575e-05,3.7404344766400754e-05,1.3538861274719238,0.6308184266090393,3.7404344766400754e-05,20.118865966796875,19.613672256469727,6.090360164642334,7.688655853271484,6.68304967880249,1.1823397874832153,1261.0,-0.3107194214053199,-0.013922605494130658,-0.32315181678161775,-0.33332499880077815,-1.206693725558046,1.0223947947512582,66.0,0.1637368654646404,,,,
synthetic_niah_128,niah_single_1,disagreement_calibration,64,32,physical_delete_median_value_norm_66,median_value_norm,66,7,8,0.0011635664039820787,0.0017127356975337482,0.6835988936660481,0.729870200454626,0.679361331498815,0.001103279601255415,0.006355906115874038,0.1308172215142123,0.9923284728295229,0.1735833697259854,0.006355906115874038,42.58764651982027,2.5906094640424643e-05,4.8136960685951635e-05,6.064814078854397e-05,2.345106601715088,0.346594899892807,6.064814078854397e-05,33.073646545410156,33.42658233642578,196.0122833251953,6.513489723205566,6.074329376220703,1.2882859706878662,1261.0,-0.3107194214053199,-0.013922605494130658,-0.32315181678161775,-0.33332499880077815,-1.206693725558046,1.0223947947512582,66.0,0.1637368654646404,6.792239195613781e-11,3.052050230269231e-09,6.792343566938558e-11,3.0520155885329546e-09
synthetic_niah_128,niah_single_1,disagreement_calibration,64,32,physical_delete_median_value_norm_66,median_value_norm,66,8,9,0.00034630838959372916,0.0009327033093975815,0.3273323593107362,0.9459314298385018,0.371295337010656,0.00028887564208611194,0.0057139472142251095,0.1151394433767415,0.9954465830701476,0.05055623219041016,0.0057139472142251095,41.21847295775116,7.008402334123557e-06,5.763465651398292e-06,1.2347532901912928e-05,1.741742491722107,0.5219583511352539,1.2347532901912928e-05,24.038604736328125,21.035423278808594,13.309856414794922,8.832962989807129,8.186373710632324,3.2244341373443604,1261.0,-0.3107194214053199,-0.013922605494130658,-0.32315181678161775,-0.33332499880077815,-1.206693725558046,1.0223947947512582,66.0,0.1637368654646404,,,,
synthetic_niah_128,niah_single_1,disagreement_calibration,64,32,physical_delete_median_value_norm_66,median_value_norm,66,9,10,0.00047746970582489176,0.0009058056135624931,0.37110287394474645,0.9416074024516266,0.5271216016723772,0.00035411170197998824,0.005525885811585104,0.08415644343582196,0.9966547359013032,0.06408234155645917,0.005525885811585104,43.09264638358676,8.217450811163532e-06,1.1132520739920437e-05,1.6490717825945467e-05,2.233839750289917,0.39377811551094055,1.6490717825945467e-05,21.278484344482422,19.763629913330078,6.96917724609375,8.167552947998047,7.506880283355713,2.825314998626709,1261.0,-0.3107194214053199,-0.013922605494130658,-0.32315181678161775,-0.33332499880077815,-1.206693725558046,1.0223947947512582,66.0,0.1637368654646404,,,,
synthetic_niah_128,niah_single_1,disagreement_calibration,64,32,physical_delete_median_value_norm_66,median_value_norm,66,10,11,0.00016246403107666356,0.001300975188562533,-0.025074821388260095,1.010869575297063,0.12487865449315179,0.00013733099472898984,0.0052192491757307915,0.038853691074784716,0.9993236085285448,0.026312404352635828,0.0052192491757307915,43.92265007802656,3.1266554837886076e-06,2.1709083739551716e-06,3.424738679314032e-06,2.261011838912964,0.39658835530281067,3.424738679314032e-06,23.63412857055664,19.830543518066406,11.272928237915039,8.182523727416992,8.498671531677246,3.8351922035217285,1261.0,-0.3107194214053199,-0.013922605494130658,-0.32315181678161775,-0.33332499880077815,-1.206693725558046,1.0223947947512582,66.0,0.1637368654646404,2.127240423035862e-12,3.160743242795885e-09,2.1302188041555586e-12,3.160699949510404e-09
synthetic_niah_128,niah_single_1,disagreement_calibration,64,32,physical_delete_median_value_norm_66,median_value_norm,66,11,12,0.00020165937748019172,0.0007558146983340895,0.23166706383623553,0.9734297304223627,0.26681060572740156,0.0001775610730684919,0.004859458787590898,0.06591187866571789,0.9982576693591737,0.03653926925399829,0.004859458787590898,44.57994935550133,3.982980591847178e-06,4.576775609166361e-06,9.704335752758197e-06,2.440156936645508,0.3108135163784027,9.704335752758197e-06,22.092445373535156,19.287208557128906,7.617166042327881,7.587735176086426,7.389365196228027,1.153964638710022,1261.0,-0.3107194214053199,-0.013922605494130658,-0.32315181678161775,-0.33332499880077815,-1.206693725558046,1.0223947947512582,66.0,0.1637368654646404,,,,
synthetic_niah_128,niah_single_1,disagreement_calibration,64,32,physical_delete_median_value_norm_66,median_value_norm,66,12,13,0.00015631448293432063,0.0005527741027182061,0.09284668105688776,1.0136344814078766,0.2827818491598309,0.00013529436809510845,0.004723962831894863,0.06722203949761008,0.9984837354668598,0.028640015366259677,0.004723962831894863,49.6107973763172,2.7271153710521527e-06,2.5376173198310426e-06,3.706046982188127e-06,2.1174066066741943,0.43727216124534607,3.706046982188127e-06,20.611743927001953,18.256084442138672,7.251338005065918,9.854194641113281,8.626214027404785,1.3184051513671875,1261.0,-0.3107194214053199,-0.013922605494130658,-0.32315181678161775,-0.33332499880077815,-1.206693725558046,1.0223947947512582,66.0,0.1637368654646404,,,,
synthetic_niah_128,niah_single_1,disagreement_calibration,64,32,physical_delete_median_value_norm_66,median_value_norm,66,13,14,0.0001925339290050382,0.000497295271962143,0.3932814663629749,0.9194384882626219,0.3871621948975517,0.00017890260002892175,0.004690193405520172,0.06590637260361686,0.9982119519457905,0.038143970740814326,0.004690193405520172,54.9987162151034,3.2528504725314413e-06,4.148379957769066e-06,5.855932158738142e-06,2.3329477310180664,0.3114968538284302,5.855932158738142e-06,22.750244140625,19.827537536621094,6.135035037994385,7.2196197509765625,7.8139214515686035,2.257922410964966,1261.0,-0.3107194214053199,-0.013922605494130658,-0.32315181678161775,-0.33332499880077815,-1.206693725558046,1.0223947947512582,66.0,0.1637368654646404,,,,
synthetic_niah_128,niah_single_1,disagreement_calibration,64,32,physical_delete_median_value_norm_66,median_value_norm,66,14,15,3.88884696084935e-05,0.0004343439099549264,0.07267358151775334,0.9974982797996252,0.08953382036029724,3.3883680177933786e-05,0.004624397693353816,0.026675681937237076,0.9998313725200348,0.007327155323736842,0.004624397693353816,53.70501522952605,6.309220848950649e-07,7.108439490366436e-07,9.68001586443279e-07,1.3044476509094238,0.6577487587928772,9.68001586443279e-07,25.233280181884766,19.909820556640625,12.180984497070312,10.999448776245117,9.877788543701172,2.8940670490264893,1261.0,-0.3107194214053199,-0.013922605494130658,-0.32315181678161775,-0.33332499880077815,-1.206693725558046,1.0223947947512582,66.0,0.1637368654646404,1.5191463577156741e-12,3.37112862020189e-09,1.5198272644960224e-12,3.371072872069261e-09
synthetic_niah_128,niah_single_1,disagreement_calibration,64,32,physical_delete_median_value_norm_66,median_value_norm,66,15,16,0.0005646223148191184,0.0008091982840452054,0.6336839053026215,0.7762408386865772,0.6977552053083397,0.0005096598399992793,0.0045208604385891535,0.13300820663775414,0.9913222554488881,0.11273514122420715,0.0045208604385891535,53.443801453422594,9.536369534705698e-06,1.0460190424055327e-05,1.0948303497571032e-05,2.171430826187134,0.41111406683921814,1.0948303497571032e-05,57.552734375,55.78952407836914,1392.5086669921875,9.10637378692627,8.519864082336426,3.4728879928588867,1261.0,-0.3107194214053199,-0.013922605494130658,-0.32315181678161775,-0.33332499880077815,-1.206693725558046,1.0223947947512582,66.0,0.1637368654646404,,,,
synthetic_niah_128,niah_single_1,disagreement_calibration,64,32,physical_delete_median_value_norm_66,median_value_norm,66,16,17,0.00048097567074591126,0.0006023380787898285,0.8169526699644878,0.5769993954217221,0.7985144683401898,0.0005357077510179208,0.0045098169737068025,0.11391327354861197,0.9935026520261545,0.118787027088064,0.0045098169737068025,57.228547508928834,9.360848288773e-06,8.138194061757531e-06,9.225390385836363e-06,2.4757721424102783,0.363614946603775,9.225390385836363e-06,20.225976943969727,18.49385643005371,6.942457675933838,9.745594024658203,9.081477165222168,3.4800736904144287,1261.0,-0.3107194214053199,-0.013922605494130658,-0.32315181678161775,-0.33332499880077815,-1.206693725558046,1.0223947947512582,66.0,0.1637368654646404,,,,
synthetic_niah_128,niah_single_1,disagreement_calibration,64,32,physical_delete_median_value_norm_66,median_value_norm,66,17,18,0.00036735710371314984,0.0004731653047417908,0.7872988098733338,0.6166682715258169,0.7763821650313496,0.0003162493979072924,0.004485420420836485,0.07876326813678651,0.9969275444066316,0.07050607707544951,0.004485420420836485,61.25420391563292,5.1629011184745995e-06,7.513658147217939e-06,8.70727399160387e-06,2.1659257411956787,0.4437274932861328,8.70727399160387e-06,20.137859344482422,17.05182647705078,8.609465599060059,9.306877136230469,9.762139320373535,4.883847236633301,1261.0,-0.3107194214053199,-0.013922605494130658,-0.32315181678161775,-0.33332499880077815,-1.206693725558046,1.0223947947512582,66.0,0.1637368654646404,,,,
synthetic_niah_128,niah_single_1,disagreement_calibration,64,32,physical_delete_median_value_norm_66,median_value_norm,66,18,19,0.000505100274689702,0.0005622846518844821,0.6703293771709063,0.7762918962547197,0.8982999500286408,0.0005301146612672798,0.004445327501978555,0.16953455578528953,0.9868061406724267,0.11925210482947161,0.004445327501978555,71.71362144785418,7.3921055800082165e-06,6.77606112731155e-06,9.15254440769786e-06,2.026576519012451,0.44726839661598206,9.15254440769786e-06,26.174297332763672,22.82891845703125,7.617926120758057,10.600218772888184,9.562385559082031,3.470924139022827,1261.0,-0.3107194214053199,-0.013922605494130658,-0.32315181678161775,-0.33332499880077815,-1.206693725558046,1.0223947947512582,66.0,0.1637368654646404,1.2426137177930628e-10,3.396775445098547e-09,1.2426128349022039e-10,3.3967624339147866e-09
synthetic_niah_128,niah_single_1,disagreement_calibration,64,32,physical_delete_median_value_norm_66,median_value_norm,66,19,20,0.00022733404549186843,0.0005848843630025697,0.32286689227175014,0.9487299948464034,0.38868203677872926,0.00018002672337513362,0.0038482850346870027,0.08384741800916808,0.9971677531330179,0.04678102628896769,0.0038482850346870027,74.11274644291507,2.429092592241177e-06,2.2863537196826655e-06,4.598528903443366e-06,1.7238374948501587,0.5378341674804688,4.598528903443366e-06,23.070838928222656,19.455537796020508,8.82597541809082,11.312295913696289,10.200896263122559,2.886415719985962,1261.0,-0.3107194214053199,-0.013922605494130658,-0.32315181678161775,-0.33332499880077815,-1.206693725558046,1.0223947947512582,66.0,0.1637368654646404,,,,
synthetic_niah_128,niah_single_1,disagreement_calibration,64,32,physical_delete_median_value_norm_66,median_value_norm,66,20,21,7.761411826971645e-05,0.0007633182305719614,0.0972755877540348,0.9952672294202645,0.10167989596103251,7.423728131707374e-05,0.003876583933013407,0.012086664283332467,0.9999519017458832,0.01915018031335812,0.003876583933013407,87.29129087770474,8.504546166132462e-07,1.0189734211962787e-06,1.3791985793432104e-06,2.2106971740722656,0.37367334961891174,1.3791985793432104e-06,20.846904754638672,19.09882164001465,7.487560272216797,10.670553207397461,11.009747505187988,5.389927387237549,1261.0,-0.3107194214053199,-0.013922605494130658,-0.32315181678161775,-0.33332499880077815,-1.206693725558046,1.0223947947512582,66.0,0.1637368654646404,,,,
synthetic_niah_128,niah_single_1,disagreement_calibration,64,32,physical_delete_median_value_norm_66,median_value_norm,66,21,22,0.0002981907043458231,0.00045547938540676386,0.5293163924641187,0.8576355827347513,0.6546744241334329,0.000308387945951733,0.004072799104755624,0.13026647631294963,0.992978389063001,0.07571891910692141,0.004072799104755624,110.86589546262363,2.781630407303211e-06,6.075678811612306e-06,7.690478923905175e-06,2.4925742149353027,0.3044877350330353,7.690478923905175e-06,17.65845489501953,17.46212387084961,5.593074321746826,11.24533462524414,11.0556640625,7.620930194854736,1261.0,-0.3107194214053199,-0.013922605494130658,-0.32315181678161775,-0.33332499880077815,-1.206693725558046,1.0223947947512582,66.0,0.1637368654646404,,,,
synthetic_niah_128,niah_single_1,disagreement_calibration,64,32,physical_delete_median_value_norm_66,median_value_norm,66,22,23,0.00039025141671477,0.0005591971010325975,0.7394466485339503,0.674497292255073,0.69787811130305,0.0004403367051123985,0.004282403466872409,0.09263222909519798,0.9957525575653491,0.10282466575574485,0.004282403466872409,128.40744944387856,3.429214636841229e-06,3.848499090963742e-06,6.7165042310080025e-06,1.791885495185852,0.5167881846427917,6.7165042310080025e-06,23.14698028564453,19.69669532775879,6.719375133514404,11.44443130493164,10.762974739074707,10.46269416809082,1261.0,-0.3107194214053199,-0.013922605494130658,-0.32315181678161775,-0.33332499880077815,-1.206693725558046,1.0223947947512582,66.0,0.1637368654646404,4.5785640928827585e-11,3.3241071604381267e-09,4.578732761322778e-11,3.3241118462321445e-09
synthetic_niah_128,niah_single_1,disagreement_calibration,64,32,physical_delete_median_value_norm_66,median_value_norm,66,23,24,0.00012448844994151722,0.00044177916055097367,0.3150247910898578,0.9496652081258261,0.281788868868914,0.00012462679686125653,0.004536757910860693,-0.07875332836586757,1.0025374831336074,0.027470453418488205,0.004536757910860693,155.73324796388775,8.002581240080195e-07,1.5071364032337442e-06,2.3941036033647833e-06,1.759580135345459,0.5136420130729675,2.3941036033647833e-06,22.441364288330078,18.545568466186523,8.635787963867188,11.964523315429688,13.279003143310547,10.270097732543945,1261.0,-0.3107194214053199,-0.013922605494130658,-0.32315181678161775,-0.33332499880077815,-1.206693725558046,1.0223947947512582,66.0,0.1637368654646404,,,,
synthetic_niah_128,niah_single_1,disagreement_calibration,64,32,physical_delete_median_value_norm_66,median_value_norm,66,24,25,0.0002887234015009686,0.0008023973594012992,0.6712664678348558,0.8039878842561639,0.3598259616861111,0.000302469004520681,0.0048548363167060056,0.1090813332403245,0.9951329112694789,0.062302616358012555,0.0048548363167060056,177.7596643023436,1.7015615196382503e-06,3.857076080748811e-06,3.6053909298061626e-06,1.6858572959899902,0.5667960047721863,3.6053909298061626e-06,21.168376922607422,18.242456436157227,6.0237555503845215,11.850099563598633,15.070077896118164,58.05117416381836,1261.0,-0.3107194214053199,-0.013922605494130658,-0.32315181678161775,-0.33332499880077815,-1.206693725558046,1.0223947947512582,66.0,0.1637368654646404,,,,
synthetic_niah_128,niah_single_1,disagreement_calibration,64,32,physical_delete_median_value_norm_66,median_value_norm,66,25,26,0.00012086201326910602,0.0017793637050084919,0.01919720435324351,1.0010023956284295,0.06792428828850886,0.00012652923837093625,0.0046964435375100476,0.041145399718666126,0.9992541252454973,0.026941501023137884,0.0046964435375100476,204.6290134533388,6.183347915118033e-07,1.8860073396353982e-06,1.3951164419268025e-06,1.5307999849319458,0.6289698481559753,1.3951164419268025e-06,20.412799835205078,17.483257293701172,8.395915985107422,14.284552574157715,19.574247360229492,55.57840347290039,1261.0,-0.3107194214053199,-0.013922605494130658,-0.32315181678161775,-0.33332499880077815,-1.206693725558046,1.0223947947512582,66.0,0.1637368654646404,,,,
synthetic_niah_128,niah_single_1,disagreement_calibration,64,32,physical_delete_median_value_norm_66,median_value_norm,66,26,27,0.00029809484350710785,0.0005598779608592065,-0.3929721312756612,1.3045837541787024,0.5324282510596453,0.0002037183302833267,0.005203328280445027,0.03403069599532624,0.9994339071708922,0.03915154287860985,0.005203328280445027,238.5760024296058,8.538927981385546e-07,2.700520553844399e-06,3.093570057899342e-06,2.2405474185943604,0.4982297718524933,3.093570057899342e-06,21.932926177978516,17.357627868652344,8.657668113708496,15.716611862182617,24.330669403076172,151.1013641357422,1261.0,-0.3107194214053199,-0.013922605494130658,-0.32315181678161775,-0.33332499880077815,-1.206693725558046,1.0223947947512582,66.0,0.1637368654646404,2.6194759492666553e-12,3.2919121207436192e-09,2.620805964758325e-12,3.291912711695612e-09
synthetic_niah_128,niah_single_1,disagreement_calibration,64,32,physical_delete_median_value_norm_66,median_value_norm,66,27,28,0.0020418661389135094,0.0020015293987646135,0.9304874374846712,0.37713795148881046,1.020152959119058,0.0012871831067297213,0.00619663931014026,0.36107673565975795,0.9450613887649906,0.2077227739596459,0.00619663931014026,173.58188064361372,7.415423210977166e-06,1.0558985195530113e-05,1.5316507415263914e-05,3.1211986541748047,0.1704605668783188,1.5316507415263914e-05,18.80107307434082,15.943020820617676,4.850271701812744,15.770149230957031,24.036951065063477,133.08554077148438,1261.0,-0.3107194214053199,-0.013922605494130658,-0.32315181678161775,-0.33332499880077815,-1.206693725558046,1.0223947947512582,66.0,0.1637368654646404,,,,
synthetic_niah_128,niah_single_1,disagreement_calibration,64,32,physical_delete_low_aor_53,low_aor,53,0,1,0.0010468638092278194,0.0010402641862643405,0.9989670274968111,0.04603585938423692,1.0063441797291692,0.0016278666744841037,0.0016171914755265782,0.9991603488041774,0.04164086639133354,1.006601072983055,0.0016171914755265782,17.550997199235777,9.275066573168765e-05,0.00013020822370890528,0.00023593641526531428,1.755044937133789,0.5142725110054016,0.00023593641526531428,779.2382202148438,778.9161376953125,1848.88818359375,3.605106830596924,4.087000370025635,0.9114859700202942,1274.0,-0.33090440609716426,-0.25374316542640996,-0.34251353087806163,-0.34900271971660135,-0.5549442945283808,0.3990896489700244,53.0,0.3219790778359426,1.1049822342788807e-10,9.6525126437589e-11,1.1049924661376036e-10,9.652712018421622e-11
synthetic_niah_128,niah_single_1,disagreement_calibration,64,32,physical_delete_low_aor_53,low_aor,53,1,2,0.009663118429754425,0.009692480013261092,0.9996737356618631,0.025685184745903242,0.9969706841317707,0.010320374326946578,0.010603263518594285,0.9886142741059084,0.1512471979734513,0.9733205544546146,0.010603263518594285,22.472862911382276,0.00045923718609609874,0.0004741232842206955,0.0009312899201177061,2.862154960632324,0.22130709886550903,0.0009312899201177061,91.81575775146484,91.17081451416016,3900.419921875,4.040150165557861,3.982773780822754,0.5869152545928955,1274.0,-0.33090440609716426,-0.25374316542640996,-0.34251353087806163,-0.34900271971660135,-0.5549442945283808,0.3990896489700244,53.0,0.3219790778359426,,,,
synthetic_niah_128,niah_single_1,disagreement_calibration,64,32,physical_delete_low_aor_53,low_aor,53,2,3,0.00018219334303512869,0.0026722860417630816,0.0859830802957909,0.9964556694275992,0.06817883272515388,0.00017215376501768015,0.009472703617616055,0.08585462660088418,0.9986038730789376,0.01817366740974898,0.009472703617616055,28.651907631934343,6.0084573505257294e-06,4.966369942849269e-06,5.679220521415118e-06,2.1159157752990723,0.3772388994693756,5.679220521415118e-06,30.639259338378906,27.411495208740234,48.98939514160156,6.587764739990234,5.942244052886963,1.2758598327636719,1274.0,-0.33090440609716426,-0.25374316542640996,-0.34251353087806163,-0.34900271971660135,-0.5549442945283808,0.3990896489700244,53.0,0.3219790778359426,,,,
synthetic_niah_128,niah_single_1,disagreement_calibration,64,32,physical_delete_low_aor_53,low_aor,53,3,4,0.0002510441280328599,0.0021034935747677487,0.03889188936755615,1.0024770967567465,0.11934627756615715,0.00024150079935412485,0.008974285442378908,0.07203728910524154,0.9984222920493334,0.026910309562218213,0.008974285442378908,33.280933111690125,7.256431138623823e-06,6.357282018143451e-06,9.09774189494783e-06,1.9636832475662231,0.449434369802475,9.09774189494783e-06,25.837387084960938,22.066120147705078,9.490507125854492,6.298949718475342,6.495728492736816,1.512195348739624,1274.0,-0.33090440609716426,-0.25374316542640996,-0.34251353087806163,-0.34900271971660135,-0.5549442945283808,0.3990896489700244,53.0,0.3219790778359426,,,,
synthetic_niah_128,niah_single_1,disagreement_calibration,64,32,physical_delete_low_aor_53,low_aor,53,4,5,0.0005561856645811178,0.0015482344480670178,0.4255437255515109,0.9073637086065809,0.3592386574756296,0.0005227288450441284,0.008342660330967396,0.13398846472591364,0.9935467888821145,0.06265733282988808,0.008342660330967396,34.2360799739581,1.5268361490034653e-05,2.0056433641002513e-05,2.2010182874510065e-05,1.6366583108901978,0.5960219502449036,2.2010182874510065e-05,21.144065856933594,19.06649398803711,6.966439247131348,6.373022556304932,6.696853160858154,2.050711154937744,1274.0,-0.33090440609716426,-0.25374316542640996,-0.34251353087806163,-0.34900271971660135,-0.5549442945283808,0.3990896489700244,53.0,0.3219790778359426,1.6884912217210277e-11,2.7310166856692052e-09,1.6886908975834334e-11,2.7309602396085348e-09
synthetic_niah_128,niah_single_1,disagreement_calibration,64,32,physical_delete_low_aor_53,low_aor,53,5,6,0.00049790421301374,0.003184332446974808,0.15081567479307223,0.9885774520564248,0.15636062543870408,0.0003452839319368132,0.0069408441800769966,0.07230960692138864,0.9976374123717963,0.049746676769940525,0.0069408441800769966,35.358088882864514,9.765344871457323e-06,1.1103366887255106e-05,1.6160698578460142e-05,1.9336766004562378,0.48440632224082947,1.6160698578460142e-05,20.271484375,17.89082145690918,5.291334629058838,7.629364967346191,7.669164180755615,1.4417251348495483,1274.0,-0.33090440609716426,-0.25374316542640996,-0.34251353087806163,-0.34900271971660135,-0.5549442945283808,0.3990896489700244,53.0,0.3219790778359426,,,,
synthetic_niah_128,niah_single_1,disagreement_calibration,64,32,physical_delete_low_aor_53,low_aor,53,6,7,0.001130758622106234,0.001470076725589703,0.723137368926142,0.6922373748541122,0.7691834054801762,0.00110014879083229,0.0062301074705277595,0.14255835164307873,0.9903711358207355,0.17658584479267342,0.0062301074705277595,39.04062615858272,2.8179588779224346e-05,2.469038008712232e-05,4.792609979631379e-05,1.3538861274719238,0.6308184266090393,4.792609979631379e-05,20.873493194580078,19.613672256469727,6.090360164642334,7.0090532302856445,6.68304967880249,1.1823397874832153,1274.0,-0.33090440609716426,-0.25374316542640996,-0.34251353087806163,-0.34900271971660135,-0.5549442945283808,0.3990896489700244,53.0,0.3219790778359426,,,,
synthetic_niah_128,niah_single_1,disagreement_calibration,64,32,physical_delete_low_aor_53,low_aor,53,7,8,0.0011520111008717618,0.001510595121276158,0.7102853287472759,0.7058567434691598,0.7626206947487937,0.0010101582338151182,0.005350000403418726,0.23369250137035782,0.9733456940036072,0.18881460890537743,0.005350000403418726,42.58764651982027,2.371951296592525e-05,4.176885340712033e-05,5.7452518376521766e-05,2.345106601715088,0.346594899892807,5.7452518376521766e-05,32.80126953125,33.42658233642578,196.0122833251953,5.876001358032227,6.074329376220703,1.2882859706878662,1274.0,-0.33090440609716426,-0.25374316542640996,-0.34251353087806163,-0.34900271971660135,-0.5549442945283808,0.3990896489700244,53.0,0.3219790778359426,3.0733467899881386e-11,2.869512612896896e-09,3.073588631610218e-11,2.8694538732515195e-09
synthetic_niah_128,niah_single_1,disagreement_calibration,64,32,physical_delete_low_aor_53,low_aor,53,8,9,0.0007386425085211504,0.0010210481360822495,0.6306843359803228,0.7815602477088539,0.7234159511375375,0.0006112757229736,0.004854203213507565,0.20431776719583994,0.9820383633296104,0.12592709783402384,0.004854203213507565,41.21847295775116,1.483013996176317e-05,1.474172586313216e-05,2.422585203021299e-05,1.741742491722107,0.5219583511352539,2.422585203021299e-05,22.83782196044922,21.035423278808594,13.309856414794922,9.132059097290039,8.186373710632324,3.2244341373443604,1274.0,-0.33090440609716426,-0.25374316542640996,-0.34251353087806163,-0.34900271971660135,-0.5549442945283808,0.3990896489700244,53.0,0.3219790778359426,,,,
synthetic_niah_128,niah_single_1,disagreement_calibration,64,32,physical_delete_low_aor_53,low_aor,53,9,10,0.0005292968784598774,0.0007371503835957037,0.6558545361383203,0.7574435614301638,0.7180310696957796,0.0003981990042098263,0.004719529129823211,0.08902747341556526,0.9960400477410126,0.08437261287223846,0.004719529129823211,43.09264638358676,9.240532611185685e-06,1.3612009752250742e-05,1.858918767538853e-05,2.233839750289917,0.39377811551094055,1.858918767538853e-05,22.739383697509766,19.763629913330078,6.96917724609375,7.729527950286865,7.506880283355713,2.825314998626709,1274.0,-0.33090440609716426,-0.25374316542640996,-0.34251353087806163,-0.34900271971660135,-0.5549442945283808,0.3990896489700244,53.0,0.3219790778359426,,,,
synthetic_niah_128,niah_single_1,disagreement_calibration,64,32,physical_delete_low_aor_53,low_aor,53,10,11,0.00022681077919933562,0.0009781459978750815,0.1056364266922387,1.002386124467521,0.23187824689980635,0.0001976662777655871,0.004582006540229424,0.10090232344200244,0.9965717458159843,0.043139676041512115,0.004582006540229424,43.92265007802656,4.500326765676526e-06,2.223771616627346e-06,3.95961205867934e-06,2.261011838912964,0.39658835530281067,3.95961205867934e-06,23.056087493896484,19.830543518066406,11.272928237915039,9.062994956970215,8.498671531677246,3.8351922035217285,1274.0,-0.33090440609716426,-0.25374316542640996,-0.34251353087806163,-0.34900271971660135,-0.5549442945283808,0.3990896489700244,53.0,0.3219790778359426,3.4965534048494966e-12,2.6504488403738102e-09,3.4989355813654706e-12,2.650399918797534e-09
synthetic_niah_128,niah_single_1,disagreement_calibration,64,32,physical_delete_low_aor_53,low_aor,53,11,12,0.000282339248044418,0.000926670970960586,0.3720677844618213,0.930648436281023,0.30468122655417323,0.0002545619892425052,0.004143282760130982,0.14307646626672826,0.9930728517049483,0.06143968538474976,0.004143282760130982,44.57994935550133,5.7102350478801364e-06,6.453974492615089e-06,1.122744561143918e-05,2.440156936645508,0.3108135163784027,1.122744561143918e-05,22.607460021972656,19.287208557128906,7.617166042327881,7.963444709777832,7.389365196228027,1.153964638710022,1274.0,-0.33090440609716426,-0.25374316542640996,-0.34251353087806163,-0.34900271971660135,-0.5549442945283808,0.3990896489700244,53.0,0.3219790778359426,,,,
synthetic_niah_128,niah_single_1,disagreement_calibration,64,32,physical_delete_low_aor_53,low_aor,53,12,13,0.00024704091108283897,0.00048006292204799184,0.5207342745160728,0.8537408453909396,0.5146011069318582,0.00020652638808202404,0.0039039454511905548,0.08905360132794268,0.9966826961747296,0.05290196563044736,0.0039039454511905548,49.6107973763172,4.162932244677324e-06,5.470725682243938e-06,9.01911062101135e-06,2.1174066066741943,0.43727216124534607,9.01911062101135e-06,19.82005500793457,18.256084442138672,7.251338005065918,8.548513412475586,8.626214027404785,1.3184051513671875,1274.0,-0.33090440609716426,-0.25374316542640996,-0.34251353087806163,-0.34900271971660135,-0.5549442945283808,0.3990896489700244,53.0,0.3219790778359426,,,,
synthetic_niah_128,niah_single_1,disagreement_calibration,64,32,physical_delete_low_aor_53,low_aor,53,13,14,0.0011559459880918026,0.0011894098385232385,0.9504831355549379,0.3115108347671144,0.9718651642624847,0.0010726582107115203,0.004054285218755795,0.29004874958321847,0.9573508702834491,0.26457393913709515,0.004054285218755795,54.9987162151034,1.950333179626025e-05,1.5498902939725667e-05,3.2042069506132975e-05,2.3329477310180664,0.3114968538284302,3.2042069506132975e-05,21.070104598999023,19.827537536621094,6.135035037994385,7.662917137145996,7.8139214515686035,2.257922410964966,1274.0,-0.33090440609716426,-0.25374316542640996,-0.34251353087806163,-0.34900271971660135,-0.5549442945283808,0.3990896489700244,53.0,0.3219790778359426,,,,
synthetic_niah_128,niah_single_1,disagreement_calibration,64,32,physical_delete_low_aor_53,low_aor,53,14,15,2.651662189228607e-05,0.0004184399100967309,0.15085658386124493,0.9924193458444094,0.06337020263233546,2.3296168558680555e-05,0.003930580204258888,-0.014416739996499702,1.0001030054090034,0.005926903242793147,0.003930580204258888,53.70501522952605,4.337801313176566e-07,6.47393562758225e-07,6.22160484908818e-07,1.3044476509094238,0.6577487587928772,6.22160484908818e-07,21.182464599609375,19.909820556640625,12.180984497070312,10.382494926452637,9.877788543701172,2.8940670490264893,1274.0,-0.33090440609716426,-0.25374316542640996,-0.34251353087806163,-0.34900271971660135,-0.5549442945283808,0.3990896489700244,53.0,0.3219790778359426,8.182741711739923e-13,3.6568295566044668e-09,8.198062973870669e-13,3.6567189551386824e-09
synthetic_niah_128,niah_single_1,disagreement_calibration,64,32,physical_delete_low_aor_53,low_aor,53,15,16,0.0010280102333064542,0.001179118971181058,0.8459519788876083,0.5338873973310867,0.8718460634016884,0.0009189850333539586,0.003929975722028747,0.28581232548946495,0.9596939356699029,0.23383987544827797,0.003929975722028747,53.443801453422594,1.7195353031817423e-05,1.8232169168186374e-05,1.9122193407383747e-05,2.171430826187134,0.41111406683921814,1.9122193407383747e-05,56.26005935668945,55.78952407836914,1392.5086669921875,9.255400657653809,8.519864082336426,3.4728879928588867,1274.0,-0.33090440609716426,-0.25374316542640996,-0.34251353087806163,-0.34900271971660135,-0.5549442945283808,0.3990896489700244,53.0,0.3219790778359426,,,,
synthetic_niah_128,niah_single_1,disagreement_calibration,64,32,physical_delete_low_aor_53,low_aor,53,16,17,0.0014639344521730543,0.0015051681059035952,0.9792050869798529,0.20298018386130878,0.9726052833774422,0.001625739799725864,0.004067214024906159,0.35836709676919737,0.9344960911718911,0.39971828130273374,0.004067214024906159,57.228547508928834,2.84078466166246e-05,2.08001092687482e-05,2.9952752811368555e-05,2.4757721424102783,0.363614946603775,2.9952752811368555e-05,20.195829391479492,18.49385643005371,6.942457675933838,10.263893127441406,9.081477165222168,3.4800736904144287,1274.0,-0.33090440609716426,-0.25374316542640996,-0.34251353087806163,-0.34900271971660135,-0.5549442945283808,0.3990896489700244,53.0,0.3219790778359426,,,,
synthetic_niah_128,niah_single_1,disagreement_calibration,64,32,physical_delete_low_aor_53,low_aor,53,17,18,0.0005951892553832091,0.0007095430586753181,0.753961809906856,0.6623782731401119,0.8388345824908754,0.0005836251378521595,0.0041160446589202935,0.20819594839182287,0.980338633728841,0.14179271271688632,0.0041160446589202935,61.25420391563292,9.527919727044406e-06,1.015708676277427e-05,1.771086135704536e-05,2.1659257411956787,0.4437274932861328,1.771086135704536e-05,19.473819732666016,17.05182647705078,8.609465599060059,9.091797828674316,9.762139320373535,4.883847236633301,1274.0,-0.33090440609716426,-0.25374316542640996,-0.34251353087806163,-0.34900271971660135,-0.5549442945283808,0.3990896489700244,53.0,0.3219790778359426,,,,
synthetic_niah_128,niah_single_1,disagreement_calibration,64,32,physical_delete_low_aor_53,low_aor,53,18,19,0.0006070167969957428,0.0009675285639377901,0.3652802224195916,0.9670942976656056,0.6273890194261723,0.0005859334901102941,0.004061647511273477,0.13358099479730157,0.9910954344252885,0.14426005419819954,0.004061647511273477,71.71362144785418,8.17046299267357e-06,1.2686899026448373e-05,1.7354226656607352e-05,2.026576519012451,0.44726839661598206,1.7354226656607352e-05,25.091327667236328,22.82891845703125,7.617926120758057,10.19506549835205,9.562385559082031,3.470924139022827,1274.0,-0.33090440609716426,-0.25374316542640996,-0.34251353087806163,-0.34900271971660135,-0.5549442945283808,0.3990896489700244,53.0,0.3219790778359426,1.0178998109776073e-10,3.973193074903908e-09,1.0178978488864003e-10,3.973128232781756e-09
synthetic_niah_128,niah_single_1,disagreement_calibration,64,32,physical_delete_low_aor_53,low_aor,53,19,20,2.5180063490812057e-05,0.000583665778657139,0.2117599724643063,0.9917610559626658,0.04314123666586165,2.7165184938320048e-05,0.0035735345494963744,-0.00826418727434227,1.0000917116865413,0.007601769218139641,0.0035735345494963744,74.11274644291507,3.6653863528379534e-07,3.623158306709229e-07,5.067536221758928e-07,1.7238374948501587,0.5378341674804688,5.067536221758928e-07,22.675048828125,19.455537796020508,8.82597541809082,11.022172927856445,10.200896263122559,2.886415719985962,1274.0,-0.33090440609716426,-0.25374316542640996,-0.34251353087806163,-0.34900271971660135,-0.5549442945283808,0.3990896489700244,53.0,0.3219790778359426,,,,
synthetic_niah_128,niah_single_1,disagreement_calibration,64,32,physical_delete_low_aor_53,low_aor,53,20,21,0.0008724009757493777,0.0011780435512513123,0.6883640034995551,0.7272402972266698,0.7405506993546355,0.0009066578527807171,0.0036330393464479647,0.21302100129711893,0.9777305774636049,0.24955905134007417,0.0036330393464479647,87.29129087770474,1.038657858836051e-05,6.080932053009747e-06,1.2703369066002779e-05,2.2106971740722656,0.37367334961891174,1.2703369066002779e-05,20.847850799560547,19.09882164001465,7.487560272216797,10.699623107910156,11.009747505187988,5.389927387237549,1274.0,-0.33090440609716426,-0.25374316542640996,-0.34251353087806163,-0.34900271971660135,-0.5549442945283808,0.3990896489700244,53.0,0.3219790778359426,,,,
synthetic_niah_128,niah_single_1,disagreement_calibration,64,32,physical_delete_low_aor_53,low_aor,53,21,22,0.0005780965589876223,0.0006616564453055813,0.8643485796188444,0.5029803068567634,0.8737110672603401,0.0006177936612867869,0.0038904365164619723,0.3005741361368637,0.9642383794858503,0.15879803170483778,0.0038904365164619723,110.86589546262363,5.572440999180533e-06,9.882064659905154e-06,9.16353292268468e-06,2.4925742149353027,0.3044877350330353,9.16353292268468e-06,18.28106689453125,17.46212387084961,5.593074321746826,11.236398696899414,11.0556640625,7.620930194854736,1274.0,-0.33090440609716426,-0.25374316542640996,-0.34251353087806163,-0.34900271971660135,-0.5549442945283808,0.3990896489700244,53.0,0.3219790778359426,,,,
synthetic_niah_128,niah_single_1,disagreement_calibration,64,32,physical_delete_low_aor_53,low_aor,53,22,23,0.0003419060241222086,0.0005789797233955926,0.6769136669787752,0.7411138163383175,0.5905319483677297,0.0003606629920793844,0.004025149787967706,-0.002538279459037412,1.0042327707563663,0.08960237781895881,0.004025149787967706,128.40744944387856,2.8087388515338034e-06,6.047140686860075e-06,6.6222232817381155e-06,1.791885495185852,0.5167881846427917,6.6222232817381155e-06,22.025009155273438,19.69669532775879,6.719375133514404,10.459402084350586,10.762974739074707,10.46269416809082,1274.0,-0.33090440609716426,-0.25374316542640996,-0.34251353087806163,-0.34900271971660135,-0.5549442945283808,0.3990896489700244,53.0,0.3219790778359426,2.1352493117968667e-11,5.580394798979313e-09,2.1355351255152167e-11,5.580254519284763e-09
synthetic_niah_128,niah_single_1,disagreement_calibration,64,32,physical_delete_low_aor_53,low_aor,53,23,24,0.0004944071211308317,0.0006193629313514962,0.776331832897806,0.630705428925228,0.7982510675154524,0.000475833423934802,0.004298657365959757,0.15881414177829062,0.9884804826868824,0.11069349878937447,0.004298657365959757,155.73324796388775,3.0554389005303532e-06,8.00397447164869e-06,8.381942279811483e-06,1.759580135345459,0.5136420130729675,8.381942279811483e-06,21.549047470092773,18.545568466186523,8.635787963867188,12.0625,13.279003143310547,10.270097732543945,1274.0,-0.33090440609716426,-0.25374316542640996,-0.34251353087806163,-0.34900271971660135,-0.5549442945283808,0.3990896489700244,53.0,0.3219790778359426,,,,
synthetic_niah_128,niah_single_1,disagreement_calibration,64,32,physical_delete_low_aor_53,low_aor,53,24,25,0.0031684828350875814,0.0033334486794025695,0.9931678739136909,0.12424613188127735,0.9505119591807983,0.003332713583119415,0.005601413146584832,0.5894731600405594,0.8078067151104107,0.5949772844646108,0.005601413146584832,177.7596643023436,1.874842415009824e-05,4.0768853068584576e-05,3.528923116391525e-05,1.6858572959899902,0.5667960047721863,3.528923116391525e-05,19.150896072387695,18.242456436157227,6.0237555503845215,11.971986770629883,15.070077896118164,58.05117416381836,1274.0,-0.33090440609716426,-0.25374316542640996,-0.34251353087806163,-0.34900271971660135,-0.5549442945283808,0.3990896489700244,53.0,0.3219790778359426,,,,
synthetic_niah_128,niah_single_1,disagreement_calibration,64,32,physical_delete_low_aor_53,low_aor,53,25,26,0.0005408908729862791,0.001963706949636088,0.19483415426040127,0.9841430611194382,0.2754437840567384,0.0005688545767934605,0.005469327377106898,0.085172695872302,0.9965442217468523,0.1040081416911574,0.005469327377106898,204.6290134533388,2.7799311895875184e-06,8.142993465298787e-06,9.141731425188482e-06,1.5307999849319458,0.6289698481559753,9.141731425188482e-06,19.550241470336914,17.483257293701172,8.395915985107422,14.464632034301758,19.574247360229492,55.57840347290039,1274.0,-0.33090440609716426,-0.25374316542640996,-0.34251353087806163,-0.34900271971660135,-0.5549442945283808,0.3990896489700244,53.0,0.3219790778359426,,,,
synthetic_niah_128,niah_single_1,disagreement_calibration,64,32,physical_delete_low_aor_53,low_aor,53,26,27,0.0034268162004702785,0.003275530117962271,0.9812504142324356,0.20338228031897407,1.046186747506423,0.0033313550716360806,0.006801290356519429,0.46841701867487057,0.8837665137910649,0.48981221165521693,0.006801290356519429,238.5760024296058,1.3963496067124478e-05,4.675323725678027e-05,3.5665016184793785e-05,2.2405474185943604,0.4982297718524933,3.5665016184793785e-05,19.63365936279297,17.357627868652344,8.657668113708496,16.615402221679688,24.330669403076172,151.1013641357422,1274.0,-0.33090440609716426,-0.25374316542640996,-0.34251353087806163,-0.34900271971660135,-0.5549442945283808,0.3990896489700244,53.0,0.3219790778359426,7.059422879298e-10,6.2137931353435785e-09,7.059458024710757e-10,6.213617536066235e-09
synthetic_niah_128,niah_single_1,disagreement_calibration,64,32,physical_delete_low_aor_53,low_aor,53,27,28,0.006245114356235629,0.006039519166287768,0.994376422518722,0.11308784421476151,1.0340416487285082,0.005953407049741042,0.009565390591404349,0.5926170543567583,0.8060344146410128,0.6223903763104972,0.009565390591404349,173.58188064361372,3.429739917361631e-05,0.00012731910101138055,4.116123091080226e-05,3.1211986541748047,0.1704605668783188,4.116123091080226e-05,17.903013229370117,15.943020820617676,4.850271701812744,15.259790420532227,24.036951065063477,133.08554077148438,1274.0,-0.33090440609716426,-0.25374316542640996,-0.34251353087806163,-0.34900271971660135,-0.5549442945283808,0.3990896489700244,53.0,0.3219790778359426,,,,
synthetic_niah_128,niah_single_1,disagreement_calibration,64,32,physical_delete_median_attention_39,median_attention,39,0,1,0.0014430937632788484,0.0014381401897078153,0.9994537625745868,0.03328816462328502,1.003444430248514,0.0024294740166860185,0.002423509314563876,0.9996227206733298,0.02761291703489319,1.0024611839064526,0.002423509314563876,17.550997199235777,0.00013842370260259656,0.00014365572133101523,0.00020580959971994162,1.755044937133789,0.5142725110054016,0.00020580959971994162,779.2382202148438,778.9161376953125,1848.88818359375,3.605106830596924,4.087000370025635,0.9114859700202942,1288.0,-0.24256422442688125,-0.18050994050178448,-0.25393316268178967,-0.2604996725394126,0.5402256638006591,0.09898868781162878,39.0,0.7670598582618465,1.241936121763274e-10,1.1895249561225255e-10,1.2419510505621375e-10,1.18952827215505e-10
synthetic_niah_128,niah_single_1,disagreement_calibration,64,32,physical_delete_median_attention_39,median_attention,39,1,2,0.00630071812274113,0.0063211127598518,0.9988911448310016,0.0471271143566921,0.99677356853366,0.006405309981249196,0.006961957823644695,0.9412393809977107,0.33840457572586874,0.9200443529685037,0.006961957823644695,22.472862911382276,0.0002850242092655214,0.0003882401797454804,0.000648143352009356,2.862154960632324,0.22130709886550903,0.000648143352009356,91.97344970703125,91.17081451416016,3900.419921875,3.886691093444824,3.982773780822754,0.5869152545928955,1288.0,-0.24256422442688125,-0.18050994050178448,-0.25393316268178967,-0.2604996725394126,0.5402256638006591,0.09898868781162878,39.0,0.7670598582618465,,,,
synthetic_niah_128,niah_single_1,disagreement_calibration,64,32,physical_delete_median_attention_39,median_attention,39,2,3,0.0006683338492322823,0.0021592369434995347,0.3747065064038368,0.9294320320856158,0.30952316337691743,0.0006185186873266601,0.0063757214397819695,0.19139345259269153,0.9860408144827937,0.09701156067881968,0.0063757214397819695,28.651907631934343,2.1587347525764126e-05,1.9170798623235896e-05,2.4593464331701398e-05,2.1159157752990723,0.3772388994693756,2.4593464331701398e-05,29.779327392578125,27.411495208740234,48.98939514160156,6.2808732986450195,5.942244052886963,1.2758598327636719,1288.0,-0.24256422442688125,-0.18050994050178448,-0.25393316268178967,-0.2604996725394126,0.5402256638006591,0.09898868781162878,39.0,0.7670598582618465,,,,
synthetic_niah_128,niah_single_1,disagreement_calibration,64,32,physical_delete_median_attention_39,median_attention,39,3,4,0.00018739338413850562,0.0013556382431840906,0.002641091545345064,1.0091472037441307,0.13823258902637664,0.00017734827641612385,0.006168410479938955,0.08313937296364249,0.998021008981384,0.028751049722274474,0.006168410479938955,33.280933111690125,5.328825241195813e-06,5.387008059187792e-06,7.367258604062954e-06,1.9636832475662231,0.449434369802475,7.367258604062954e-06,24.858734130859375,22.066120147705078,9.490507125854492,6.133793830871582,6.495728492736816,1.512195348739624,1288.0,-0.24256422442688125,-0.18050994050178448,-0.25393316268178967,-0.2604996725394126,0.5402256638006591,0.09898868781162878,39.0,0.7670598582618465,,,,
synthetic_niah_128,niah_single_1,disagreement_calibration,64,32,physical_delete_median_attention_39,median_attention,39,4,5,0.03017777040338301,0.030286190326520874,0.9994157365790785,0.034309750774370096,0.9964201531467323,0.025040677030501047,0.0256091897986288,0.974986170507482,0.22228334941456004,0.9778004391158758,0.0256091897986288,34.2360799739581,0.0007314119212698534,0.00041831156704574823,0.0008665259229019284,1.6366583108901978,0.5960219502449036,0.0008665259229019284,19.29550552368164,19.06649398803711,6.966439247131348,7.286750793457031,6.696853160858154,2.050711154937744,1288.0,-0.24256422442688125,-0.18050994050178448,-0.25393316268178967,-0.2604996725394126,0.5402256638006591,0.09898868781162878,39.0,0.7670598582618465,2.438613698320602e-08,2.513122620447075e-08,2.4386045950717306e-08,2.513132832055236e-08
synthetic_niah_128,niah_single_1,disagreement_calibration,64,32,physical_delete_median_attention_39,median_attention,39,5,6,0.0063191107824682345,0.012444629615408992,0.490008881019163,0.8718985278179556,0.507778132234959,0.005126627979456289,0.02013144013644798,0.18176244636086253,0.9860406399700392,0.25465778626410973,0.02013144013644798,35.358088882864514,0.00014499165937502894,0.000103882142866496,0.0001868512772489339,1.9336766004562378,0.48440632224082947,0.0001868512772489339,18.00511932373047,17.89082145690918,5.291334629058838,8.635819435119629,7.669164180755615,1.4417251348495483,1288.0,-0.24256422442688125,-0.18050994050178448,-0.25393316268178967,-0.2604996725394126,0.5402256638006591,0.09898868781162878,39.0,0.7670598582618465,,,,
synthetic_niah_128,niah_single_1,disagreement_calibration,64,32,physical_delete_median_attention_39,median_attention,39,6,7,0.0014010762013984405,0.0037052871194661365,0.3359522756913442,0.9428228558074526,0.3781289158504698,0.001287819423705643,0.0185584041565041,0.11345704140081493,0.994519561444976,0.06939278899443008,0.0185584041565041,39.04062615858272,3.298664879181319e-05,3.4395990951452404e-05,5.201177918934263e-05,1.3538861274719238,0.6308184266090393,5.201177918934263e-05,19.22892189025879,19.613672256469727,6.090360164642334,7.347644805908203,6.68304967880249,1.1823397874832153,1288.0,-0.24256422442688125,-0.18050994050178448,-0.25393316268178967,-0.2604996725394126,0.5402256638006591,0.09898868781162878,39.0,0.7670598582618465,,,,
synthetic_niah_128,niah_single_1,disagreement_calibration,64,32,physical_delete_median_attention_39,median_attention,39,7,8,0.0016946583528183996,0.003759819423077412,0.3285234282842986,0.9523688752703674,0.4507286553223138,0.0015201825549907195,0.017496527300231244,0.12889345799691942,0.9925478338541879,0.08688481599263574,0.017496527300231244,42.58764651982027,3.569538772900323e-05,5.440790482680313e-05,8.416835771640763e-05,2.345106601715088,0.346594899892807,8.416835771640763e-05,32.934669494628906,33.42658233642578,196.0122833251953,6.289351463317871,6.074329376220703,1.2882859706878662,1288.0,-0.24256422442688125,-0.18050994050178448,-0.25393316268178967,-0.2604996725394126,0.5402256638006591,0.09898868781162878,39.0,0.7670598582618465,8.973804748154227e-11,2.1649802862459914e-08,8.974064156809553e-11,2.1650226814963547e-08
synthetic_niah_128,niah_single_1,disagreement_calibration,64,32,physical_delete_median_attention_39,median_attention,39,8,9,0.002034747055082738,0.004885370663884309,0.4216366227583944,0.9067794461223135,0.41649798860193976,0.0017684978404092738,0.01519708444332903,0.150154613344711,0.9892395735311909,0.1163708635695303,0.01519708444332903,41.21847295775116,4.290546722150479e-05,2.7170479370397516e-05,5.238427911535837e-05,1.741742491722107,0.5219583511352539,5.238427911535837e-05,22.058568954467773,21.035423278808594,13.309856414794922,8.001913070678711,8.186373710632324,3.2244341373443604,1288.0,-0.24256422442688125,-0.18050994050178448,-0.25393316268178967,-0.2604996725394126,0.5402256638006591,0.09898868781162878,39.0,0.7670598582618465,,,,
synthetic_niah_128,niah_single_1,disagreement_calibration,64,32,physical_delete_median_attention_39,median_attention,39,9,10,0.002135581994384895,0.0033851665177808137,0.4981036530435881,0.877221888287836,0.6308646807084991,0.0017208262581340785,0.01499119737183082,0.23279187707942567,0.9796594276350942,0.11478911360126534,0.01499119737183082,43.09264638358676,3.9933176598537035e-05,4.62423668068368e-05,9.27766741369851e-05,2.233839750289917,0.39377811551094055,9.27766741369851e-05,20.394729614257812,19.763629913330078,6.96917724609375,7.3859734535217285,7.506880283355713,2.825314998626709,1288.0,-0.24256422442688125,-0.18050994050178448,-0.25393316268178967,-0.2604996725394126,0.5402256638006591,0.09898868781162878,39.0,0.7670598582618465,,,,
synthetic_niah_128,niah_single_1,disagreement_calibration,64,32,physical_delete_median_attention_39,median_attention,39,10,11,0.001439846285914385,0.004306481422696591,0.2103634338191131,0.9854534032727361,0.33434401419356313,0.0012444428936728895,0.013873128046263351,0.11685997067369998,0.993519662614826,0.08970168007697969,0.013873128046263351,43.92265007802656,2.8332600411455006e-05,2.0028915969305672e-05,2.859809683286585e-05,2.261011838912964,0.39658835530281067,2.859809683286585e-05,21.070566177368164,19.830543518066406,11.272928237915039,8.476134300231934,8.498671531677246,3.8351922035217285,1288.0,-0.24256422442688125,-0.18050994050178448,-0.25393316268178967,-0.2604996725394126,0.5402256638006591,0.09898868781162878,39.0,0.7670598582618465,1.268033236251752e-10,1.866302423465528e-08,1.2680475389682608e-10,1.8663307293563814e-08
synthetic_niah_128,niah_single_1,disagreement_calibration,64,32,physical_delete_median_attention_39,median_attention,39,11,12,0.001153633830411468,0.0030819240326846525,0.29956853936177363,0.9569988821629791,0.37432260437858417,0.001013317767251969,0.01284232983051553,0.19803346582227202,0.987407947137942,0.07890451192463192,0.01284232983051553,44.57994935550133,2.2730348102715416e-05,3.456870399531908e-05,5.578169657383114e-05,2.440156936645508,0.3108135163784027,5.578169657383114e-05,20.553604125976562,19.287208557128906,7.617166042327881,7.372610569000244,7.389365196228027,1.153964638710022,1288.0,-0.24256422442688125,-0.18050994050178448,-0.25393316268178967,-0.2604996725394126,0.5402256638006591,0.09898868781162878,39.0,0.7670598582618465,,,,
synthetic_niah_128,niah_single_1,disagreement_calibration,64,32,physical_delete_median_attention_39,median_attention,39,12,13,0.0009446521215938858,0.002201672691694486,0.3840786074974875,0.92439550436671,0.42906110665652475,0.0008374507529639578,0.012248996680485602,0.15996806082570053,0.9913630116847167,0.06836892643608404,0.012248996680485602,49.6107973763172,1.6880413080474558e-05,2.3337903257925063e-05,2.1321928215911612e-05,2.1174066066741943,0.43727216124534607,2.1321928215911612e-05,18.331985473632812,18.256084442138672,7.251338005065918,9.55443000793457,8.626214027404785,1.3184051513671875,1288.0,-0.24256422442688125,-0.18050994050178448,-0.25393316268178967,-0.2604996725394126,0.5402256638006591,0.09898868781162878,39.0,0.7670598582618465,,,,
synthetic_niah_128,niah_single_1,disagreement_calibration,64,32,physical_delete_median_attention_39,median_attention,39,13,14,0.0005186202341543346,0.002042974381282433,0.2545323707275957,0.9670644913542076,0.2538554760675863,0.00047638746120327717,0.011824799127120327,0.03150321816797178,0.9995422475868603,0.04028715042699343,0.011824799127120327,54.9987162151034,8.661792383300297e-06,1.0583081348158885e-05,1.3921221579948906e-05,2.3329477310180664,0.3114968538284302,1.3921221579948906e-05,21.281173706054688,19.827537536621094,6.135035037994385,7.52297306060791,7.8139214515686035,2.257922410964966,1288.0,-0.24256422442688125,-0.18050994050178448,-0.25393316268178967,-0.2604996725394126,0.5402256638006591,0.09898868781162878,39.0,0.7670598582618465,,,,
synthetic_niah_128,niah_single_1,disagreement_calibration,64,32,physical_delete_median_attention_39,median_attention,39,14,15,0.0003095733507736443,0.0015837504860749796,0.19334122980049617,0.9811338818879257,0.19546851192504583,0.0002668919432373958,0.011295377044028776,0.024248529219600624,0.999706153508517,0.0236284226898372,0.011295377044028776,53.70501522952605,4.969590681554512e-06,4.8691231313569006e-06,8.894262464309577e-06,1.3044476509094238,0.6577487587928772,8.894262464309577e-06,22.539539337158203,19.909820556640625,12.180984497070312,10.873527526855469,9.877788543701172,2.8940670490264893,1288.0,-0.24256422442688125,-0.18050994050178448,-0.25393316268178967,-0.2604996725394126,0.5402256638006591,0.09898868781162878,39.0,0.7670598582618465,7.40128243186686e-12,1.863857097088363e-08,7.401502963504307e-12,1.863894448853148e-08
synthetic_niah_128,niah_single_1,disagreement_calibration,64,32,physical_delete_median_attention_39,median_attention,39,15,16,0.0024422289075150087,0.0035129933003203986,0.6920818816207889,0.7218257300991082,0.6951988514445125,0.0022422380096059125,0.011028092176598458,0.2702732954022709,0.9651088088713399,0.20332057201733655,0.011028092176598458,53.443801453422594,4.195506211436083e-05,3.9373913750750944e-05,4.886982424068265e-05,2.171430826187134,0.41111406683921814,4.886982424068265e-05,56.33348083496094,55.78952407836914,1392.5086669921875,10.178041458129883,8.519864082336426,3.4728879928588867,1288.0,-0.24256422442688125,-0.18050994050178448,-0.25393316268178967,-0.2604996725394126,0.5402256638006591,0.09898868781162878,39.0,0.7670598582618465,,,,
synthetic_niah_128,niah_single_1,disagreement_calibration,64,32,physical_delete_median_attention_39,median_attention,39,16,17,0.0012825374523301207,0.0019306009544107152,0.6414772429520209,0.7674820865303158,0.6643203244046849,0.0012713189942570372,0.01064888443931509,0.1059180626736877,0.9944660513413532,0.11938518081418914,0.01064888443931509,57.228547508928834,2.221476954414552e-05,3.075168569921516e-05,3.579779149731621e-05,2.4757721424102783,0.363614946603775,3.579779149731621e-05,18.981311798095703,18.49385643005371,6.942457675933838,9.018916130065918,9.081477165222168,3.4800736904144287,1288.0,-0.24256422442688125,-0.18050994050178448,-0.25393316268178967,-0.2604996725394126,0.5402256638006591,0.09898868781162878,39.0,0.7670598582618465,,,,
synthetic_niah_128,niah_single_1,disagreement_calibration,64,32,physical_delete_median_attention_39,median_attention,39,17,18,0.003198544525918452,0.0033625535787762087,0.9508761285925894,0.3095718166756686,0.9512248506929524,0.002899549597079153,0.010781284309070865,0.30371424868510405,0.953397453101957,0.2689428748891826,0.010781284309070865,61.25420391563292,4.7336336312080414e-05,3.665510666905902e-05,5.058765600551851e-05,2.1659257411956787,0.4437274932861328,5.058765600551851e-05,18.017803192138672,17.05182647705078,8.609465599060059,10.6053466796875,9.762139320373535,4.883847236633301,1288.0,-0.24256422442688125,-0.18050994050178448,-0.25393316268178967,-0.2604996725394126,0.5402256638006591,0.09898868781162878,39.0,0.7670598582618465,,,,
synthetic_niah_128,niah_single_1,disagreement_calibration,64,32,physical_delete_median_attention_39,median_attention,39,18,19,0.0016109584030858828,0.0021094562030266094,0.7026094090200303,0.7141919561301306,0.7636842143366186,0.0015412752175479553,0.01100931549413792,0.1835891361757823,0.9839691413524304,0.13999737026054263,0.01100931549413792,71.71362144785418,2.14920845779442e-05,2.5658564482000656e-05,3.62140272045508e-05,2.026576519012451,0.44726839661598206,3.62140272045508e-05,24.328657150268555,22.82891845703125,7.617926120758057,10.26714038848877,9.562385559082031,3.470924139022827,1288.0,-0.24256422442688125,-0.18050994050178448,-0.25393316268178967,-0.2604996725394126,0.5402256638006591,0.09898868781162878,39.0,0.7670598582618465,7.442761215102034e-10,2.1928118082040528e-08,7.442770935661781e-10,2.192809069407344e-08
synthetic_niah_128,niah_single_1,disagreement_calibration,64,32,physical_delete_median_attention_39,median_attention,39,19,20,0.0012387540201233818,0.0025428668850358827,0.4888562978605405,0.8723659990536303,0.4871485909911881,0.0010428833870633405,0.009984539697234073,0.17661930407120627,0.9869215043122518,0.10444982129243685,0.009984539697234073,74.11274644291507,1.4071579277751036e-05,1.3545319234253839e-05,3.3755790354916826e-05,1.7238374948501587,0.5378341674804688,3.3755790354916826e-05,20.998001098632812,19.455537796020508,8.82597541809082,10.110905647277832,10.200896263122559,2.886415719985962,1288.0,-0.24256422442688125,-0.18050994050178448,-0.25393316268178967,-0.2604996725394126,0.5402256638006591,0.09898868781162878,39.0,0.7670598582618465,,,,
synthetic_niah_128,niah_single_1,disagreement_calibration,64,32,physical_delete_median_attention_39,median_attention,39,20,21,0.00027899461910126615,0.0021266378931740397,0.2150433901430636,0.9801977621968989,0.13119046735542852,0.00027040952113823466,0.009912878986088386,-0.011872038806590279,1.0006956718657571,0.027278606095940856,0.009912878986088386,87.29129087770474,3.097783506456319e-06,3.1646420666220365e-06,5.92441529079224e-06,2.2106971740722656,0.37367334961891174,5.92441529079224e-06,20.44778060913086,19.09882164001465,7.487560272216797,9.68210506439209,11.009747505187988,5.389927387237549,1288.0,-0.24256422442688125,-0.18050994050178448,-0.25393316268178967,-0.2604996725394126,0.5402256638006591,0.09898868781162878,39.0,0.7670598582618465,,,,
synthetic_niah_128,niah_single_1,disagreement_calibration,64,32,physical_delete_median_attention_39,median_attention,39,21,22,0.0015017258618952778,0.0017961525528644095,0.5566521843944376,0.8764803621253434,0.8360792403186491,0.0017219226325560228,0.010133398520808991,0.13687401134406746,0.991139699921849,0.1699254824548788,0.010133398520808991,110.86589546262363,1.5531580973307854e-05,1.376323325530393e-05,1.9077593606198207e-05,2.4925742149353027,0.3044877350330353,1.9077593606198207e-05,17.694473266601562,17.46212387084961,5.593074321746826,10.549739837646484,11.0556640625,7.620930194854736,1288.0,-0.24256422442688125,-0.18050994050178448,-0.25393316268178967,-0.2604996725394126,0.5402256638006591,0.09898868781162878,39.0,0.7670598582618465,,,,
synthetic_niah_128,niah_single_1,disagreement_calibration,64,32,physical_delete_median_attention_39,median_attention,39,22,23,0.0009257003203658022,0.0011476593928217763,0.8033779676317188,0.5954781379830416,0.8065984787435598,0.0010037645168275225,0.010565795106720796,0.08384990365203182,0.9965407908448363,0.0950013232973861,0.010565795106720796,128.40744944387856,7.817027136468631e-06,1.4422633284993935e-05,1.9035298464586958e-05,1.791885495185852,0.5167881846427917,1.9035298464586958e-05,20.842853546142578,19.69669532775879,6.719375133514404,9.320323944091797,10.762974739074707,10.46269416809082,1288.0,-0.24256422442688125,-0.18050994050178448,-0.25393316268178967,-0.2604996725394126,0.5402256638006591,0.09898868781162878,39.0,0.7670598582618465,2.357278608159917e-10,1.9410173119948897e-08,2.3572747387314177e-10,1.9410079279898697e-08
synthetic_niah_128,niah_single_1,disagreement_calibration,64,32,physical_delete_median_attention_39,median_attention,39,23,24,0.00028392621351697476,0.0013709153783628323,0.18447667851490326,0.9830973949357827,0.20710703081910403,0.00027628295011338416,0.011138908215582038,-0.06503432692019497,1.001918837025029,0.02480341383250617,0.011138908215582038,155.73324796388775,1.7740781350521252e-06,4.998276835976867e-06,4.5498190957005136e-06,1.759580135345459,0.5136420130729675,4.5498190957005136e-06,20.780963897705078,18.545568466186523,8.635787963867188,11.278709411621094,13.279003143310547,10.270097732543945,1288.0,-0.24256422442688125,-0.18050994050178448,-0.25393316268178967,-0.2604996725394126,0.5402256638006591,0.09898868781162878,39.0,0.7670598582618465,,,,
synthetic_niah_128,niah_single_1,disagreement_calibration,64,32,physical_delete_median_attention_39,median_attention,39,24,25,0.0010001246306775998,0.001420900396550284,0.6923809079827618,0.7216235890171562,0.7038668108656598,0.0010344343998047532,0.011881655294377819,0.1198621837450506,0.9933322423028511,0.08706147200670167,0.011881655294377819,177.7596643023436,5.819286416097913e-06,1.3516230865207035e-05,1.3067446161585394e-05,1.6858572959899902,0.5667960047721863,1.3067446161585394e-05,18.700214385986328,18.242456436157227,6.0237555503845215,11.57170295715332,15.070077896118164,58.05117416381836,1288.0,-0.24256422442688125,-0.18050994050178448,-0.25393316268178967,-0.2604996725394126,0.5402256638006591,0.09898868781162878,39.0,0.7670598582618465,,,,
synthetic_niah_128,niah_single_1,disagreement_calibration,64,32,physical_delete_median_attention_39,median_attention,39,25,26,0.0009952132991516273,0.0035794084128019984,0.18403783985535865,0.9874037650066393,0.2780384869164913,0.0010372084392295772,0.011796833514343444,0.10462581407570622,0.9946519169651972,0.08792261397674758,0.011796833514343444,204.6290134533388,5.068726187579895e-06,1.1418174835853279e-05,1.3602926628664136e-05,1.5307999849319458,0.6289698481559753,1.3602926628664136e-05,18.15721893310547,17.483257293701172,8.395915985107422,13.48801040649414,19.574247360229492,55.57840347290039,1288.0,-0.24256422442688125,-0.18050994050178448,-0.25393316268178967,-0.2604996725394126,0.5402256638006591,0.09898868781162878,39.0,0.7670598582618465,,,,
synthetic_niah_128,niah_single_1,disagreement_calibration,64,32,physical_delete_median_attention_39,median_attention,39,26,27,0.0010642557716217201,0.0013728564022857366,-0.006136318996527108,1.2690424325998968,0.7752127388194338,0.0008707254987069072,0.012652402655362216,0.023699699827325796,1.0007367656143955,0.06881898422177427,0.012652402655362216,238.5760024296058,3.649677628259461e-06,1.751176932884846e-05,8.687950867170002e-06,2.2405474185943604,0.4982297718524933,8.687950867170002e-06,19.198505401611328,17.357627868652344,8.657668113708496,15.69945240020752,24.330669403076172,151.1013641357422,1288.0,-0.24256422442688125,-0.18050994050178448,-0.25393316268178967,-0.2604996725394126,0.5402256638006591,0.09898868781162878,39.0,0.7670598582618465,4.649792907092591e-11,2.0676929858719594e-08,4.650069029416624e-11,2.0676814425041676e-08
synthetic_niah_128,niah_single_1,disagreement_calibration,64,32,physical_delete_median_attention_39,median_attention,39,27,28,0.004383194145741262,0.004747352494362704,0.9503943313545217,0.31222609341288365,0.9232923299767889,0.004487674390997969,0.015160810706316152,0.35190876550046307,0.937702224564887,0.29600490883567043,0.015160810706316152,173.58188064361372,2.585335735710659e-05,5.9392990806372836e-05,3.580288102966733e-05,3.1211986541748047,0.1704605668783188,3.580288102966733e-05,17.540817260742188,15.943020820617676,4.850271701812744,15.722724914550781,24.036951065063477,133.08554077148438,1288.0,-0.24256422442688125,-0.18050994050178448,-0.25393316268178967,-0.2604996725394126,0.5402256638006591,0.09898868781162878,39.0,0.7670598582618465,,,,
synthetic_niah_128,niah_single_1,disagreement_calibration,64,32,physical_delete_high_random_21,high_random,21,0,1,0.005531468841935803,0.005531728002547581,0.9999626216381161,0.00864612146207195,0.9999531501527807,0.008369452890116482,0.00837263684070613,0.9999680004628283,0.008007455901068867,0.9996197194921713,0.00837263684070613,17.550997199235777,0.00047686480688863156,0.00013994582695886493,0.0004390686226543039,1.755044937133789,0.5142725110054016,0.0004390686226543039,776.9461059570312,778.9161376953125,1848.88818359375,5.808436393737793,4.087000370025635,0.9114859700202942,1306.0,-0.3026915873034311,0.3274908022909559,-0.2908525828076578,-0.28772378722343445,1.0257318941711673,0.040501685186589365,21.0,0.9864188422179001,1.2663199555950412e-09,1.285966973604245e-09,1.266319677215948e-09,1.285964748907862e-09
synthetic_niah_128,niah_single_1,disagreement_calibration,64,32,physical_delete_high_random_21,high_random,21,1,2,0.004224003803154408,0.004770877987669728,0.9006722939623077,0.43476833479929755,0.8853724228687656,0.0044054084735703075,0.009190158647437947,0.5185940157795654,0.8559202270367412,0.4793615260165783,0.009190158647437947,22.472862911382276,0.00019603236538852435,0.00010609487071633339,0.00029875471955165267,2.862154960632324,0.22130709886550903,0.00029875471955165267,92.43338012695312,91.17081451416016,3900.419921875,4.0913567543029785,3.982773780822754,0.5869152545928955,1306.0,-0.3026915873034311,0.3274908022909559,-0.2908525828076578,-0.28772378722343445,1.0257318941711673,0.040501685186589365,21.0,0.9864188422179001,,,,
synthetic_niah_128,niah_single_1,disagreement_calibration,64,32,physical_delete_high_random_21,high_random,21,2,3,0.001734869510745387,0.002845131089280826,0.6084080423846772,0.7936255433640887,0.6097678652774893,0.0014288226257837195,0.009060400005938034,0.12553661752497,0.9926102071818906,0.15769972902380613,0.009060400005938034,28.651907631934343,4.9868324445916033e-05,2.8514748919405974e-05,5.088905891170725e-05,2.1159157752990723,0.3772388994693756,5.088905891170725e-05,28.019794464111328,27.411495208740234,48.98939514160156,6.179366111755371,5.942244052886963,1.2758598327636719,1306.0,-0.3026915873034311,0.3274908022909559,-0.2908525828076578,-0.28772378722343445,1.0257318941711673,0.040501685186589365,21.0,0.9864188422179001,,,,
synthetic_niah_128,niah_single_1,disagreement_calibration,64,32,physical_delete_high_random_21,high_random,21,3,4,0.0006377517945923632,0.0020267522107020913,0.2888890861754063,0.9577095543749721,0.3146668799593604,0.0005832607212453941,0.008670939134626054,0.12565677662331587,0.9937906416235562,0.06726615331852955,0.008670939134626054,33.280933111690125,1.7525371638108317e-05,1.294459798373282e-05,2.9781664125039242e-05,1.9636832475662231,0.449434369802475,2.9781664125039242e-05,23.915786743164062,22.066120147705078,9.490507125854492,5.405216217041016,6.495728492736816,1.512195348739624,1306.0,-0.3026915873034311,0.3274908022909559,-0.2908525828076578,-0.28772378722343445,1.0257318941711673,0.040501685186589365,21.0,0.9864188422179001,,,,
synthetic_niah_128,niah_single_1,disagreement_calibration,64,32,physical_delete_high_random_21,high_random,21,4,5,0.0003125299320372404,0.0014134287695312775,0.19317718427620664,0.9815615530278389,0.22111473798632375,0.000332118520098812,0.007928456226699385,0.11446414284945815,0.9960748208848482,0.041889431006806845,0.007928456226699385,34.2360799739581,9.70083375057659e-06,5.224374035606161e-06,1.0768600986921228e-05,1.6366583108901978,0.5960219502449036,1.0768600986921228e-05,23.029098510742188,19.06649398803711,6.966439247131348,6.7645440101623535,6.696853160858154,2.050711154937744,1306.0,-0.3026915873034311,0.3274908022909559,-0.2908525828076578,-0.28772378722343445,1.0257318941711673,0.040501685186589365,21.0,0.9864188422179001,1.974791956933327e-12,2.5000156959577694e-09,1.976559327044739e-12,2.5000009433576995e-09
synthetic_niah_128,niah_single_1,disagreement_calibration,64,32,physical_delete_high_random_21,high_random,21,5,6,0.0007567742994280221,0.0032339949402402854,0.279603640937235,0.9611976626030144,0.23400602456471187,0.0007014276190360139,0.006522400073273678,0.16692875367284607,0.9877558689031853,0.10754133618852947,0.006522400073273678,35.358088882864514,1.9837826115538292e-05,2.260912151541561e-05,2.8016298529109918e-05,1.9336766004562378,0.48440632224082947,2.8016298529109918e-05,21.0770206451416,17.89082145690918,5.291334629058838,8.131573677062988,7.669164180755615,1.4417251348495483,1306.0,-0.3026915873034311,0.3274908022909559,-0.2908525828076578,-0.28772378722343445,1.0257318941711673,0.040501685186589365,21.0,0.9864188422179001,,,,
synthetic_niah_128,niah_single_1,disagreement_calibration,64,32,physical_delete_high_random_21,high_random,21,6,7,0.0001410332475443821,0.0007881137285741678,0.25955941857642273,0.9690855101995137,0.17895037534688718,0.0001434361087091932,0.005675589050013758,-0.025346766216273863,1.0009594635696502,0.02527246202028061,0.005675589050013758,39.04062615858272,3.6740217261515437e-06,3.8038949696783675e-06,4.755883310281206e-06,1.3538861274719238,0.6308184266090393,4.755883310281206e-06,21.778587341308594,19.613672256469727,6.090360164642334,7.34572172164917,6.68304967880249,1.1823397874832153,1306.0,-0.3026915873034311,0.3274908022909559,-0.2908525828076578,-0.28772378722343445,1.0257318941711673,0.040501685186589365,21.0,0.9864188422179001,,,,
synthetic_niah_128,niah_single_1,disagreement_calibration,64,32,physical_delete_high_random_21,high_random,21,7,8,0.0002130794678450609,0.0010521634618742158,0.25119078729473787,0.9691607021433526,0.20251555539241312,0.00021161628926407821,0.005072950301091588,0.11370491615264255,0.9961193663821633,0.041714638761302866,0.005072950301091588,42.58764651982027,4.968959464937611e-06,6.769690571672982e-06,8.117676770780236e-06,2.345106601715088,0.346594899892807,8.117676770780236e-06,34.511775970458984,33.42658233642578,196.0122833251953,6.800115585327148,6.074329376220703,1.2882859706878662,1306.0,-0.3026915873034311,0.3274908022909559,-0.2908525828076578,-0.28772378722343445,1.0257318941711673,0.040501685186589365,21.0,0.9864188422179001,5.2451519942069965e-12,3.065300169312712e-09,5.244850089112366e-12,3.0652662863623222e-09
synthetic_niah_128,niah_single_1,disagreement_calibration,64,32,physical_delete_high_random_21,high_random,21,8,9,0.00012063074716928459,0.0008640161888048201,0.2220057193472327,0.9785200438839532,0.13961630433817587,0.0001000506210119301,0.004610604102713032,0.11045912330715932,0.9978361310034953,0.021700111044680028,0.004610604102713032,41.21847295775116,2.427324785041934e-06,3.4612282888701884e-06,4.21316735810251e-06,1.741742491722107,0.5219583511352539,4.21316735810251e-06,21.2041072845459,21.035423278808594,13.309856414794922,7.813133239746094,8.186373710632324,3.2244341373443604,1306.0,-0.3026915873034311,0.3274908022909559,-0.2908525828076578,-0.28772378722343445,1.0257318941711673,0.040501685186589365,21.0,0.9864188422179001,,,,
synthetic_niah_128,niah_single_1,disagreement_calibration,64,32,physical_delete_high_random_21,high_random,21,9,10,0.004232980473300208,0.004124670618888332,0.9942010352536135,0.11221415509561156,1.0262590311856388,0.00339225085371112,0.005719194856633859,0.6395330799349324,0.770162504245668,0.5931343377427245,0.005719194856633859,43.09264638358676,7.871994733196913e-05,7.227356400107965e-05,0.00015763635747134686,2.233839750289917,0.39377811551094055,0.00015763635747134686,21.745939254760742,19.763629913330078,6.96917724609375,7.274277687072754,7.506880283355713,2.825314998626709,1306.0,-0.3026915873034311,0.3274908022909559,-0.2908525828076578,-0.28772378722343445,1.0257318941711673,0.040501685186589365,21.0,0.9864188422179001,,,,
synthetic_niah_128,niah_single_1,disagreement_calibration,64,32,physical_delete_high_random_21,high_random,21,10,11,0.0009252982607287883,0.001745469688700996,0.4638405991369154,0.8883941063728905,0.5301141960347698,0.0007986491246049942,0.005312960364353123,0.20145216956253634,0.9808320077323373,0.1503209265334381,0.005312960364353123,43.92265007802656,1.8183081466765573e-05,3.1455445423489437e-05,3.238278804928996e-05,2.261011838912964,0.39658835530281067,3.238278804928996e-05,20.6613712310791,19.830543518066406,11.272928237915039,6.546737194061279,8.498671531677246,3.8351922035217285,1306.0,-0.3026915873034311,0.3274908022909559,-0.2908525828076578,-0.28772378722343445,1.0257318941711673,0.040501685186589365,21.0,0.9864188422179001,5.587502923908152e-11,3.014431174456353e-09,5.587733179423265e-11,3.014412315189093e-09
synthetic_niah_128,niah_single_1,disagreement_calibration,64,32,physical_delete_high_random_21,high_random,21,11,12,0.0036464702130808487,0.0031206490296770474,0.906736629905214,0.49633393390278663,1.1684973793602857,0.002980243923630709,0.005553530721452432,0.529539652088211,0.8483148970991138,0.5366394953247466,0.005553530721452432,44.57994935550133,6.685166687527733e-05,6.609752745134756e-05,0.00010134431795449927,2.440156936645508,0.3108135163784027,0.00010134431795449927,21.01141929626465,19.287208557128906,7.617166042327881,6.876544952392578,7.389365196228027,1.153964638710022,1306.0,-0.3026915873034311,0.3274908022909559,-0.2908525828076578,-0.28772378722343445,1.0257318941711673,0.040501685186589365,21.0,0.9864188422179001,,,,
synthetic_niah_128,niah_single_1,disagreement_calibration,64,32,physical_delete_high_random_21,high_random,21,12,13,0.0006644857132352301,0.000873025636319665,0.7041091530614891,0.7123774559636288,0.7611296685816036,0.0005739621645845972,0.0053575880921781,0.18536797004515057,0.9857787713520085,0.10713070036544295,0.0053575880921781,49.6107973763172,1.1569299324718988e-05,1.6030677215894684e-05,1.9892935597454198e-05,2.1174066066741943,0.43727216124534607,1.9892935597454198e-05,20.1905517578125,18.256084442138672,7.251338005065918,9.372615814208984,8.626214027404785,1.3184051513671875,1306.0,-0.3026915873034311,0.3274908022909559,-0.2908525828076578,-0.28772378722343445,1.0257318941711673,0.040501685186589365,21.0,0.9864188422179001,,,,
synthetic_niah_128,niah_single_1,disagreement_calibration,64,32,physical_delete_high_random_21,high_random,21,13,14,0.0006968729629970179,0.0010318104183198447,0.701934117536796,0.7127363893677254,0.6753885700551228,0.0006645028377166199,0.005173180543140107,0.06722446961209592,0.9996147361936832,0.12845150718696324,0.005173180543140107,54.9987162151034,1.2082151792738361e-05,7.767540409986395e-06,1.5676423572585918e-05,2.3329477310180664,0.3114968538284302,1.5676423572585918e-05,21.068111419677734,19.827537536621094,6.135035037994385,9.184520721435547,7.8139214515686035,2.257922410964966,1306.0,-0.3026915873034311,0.3274908022909559,-0.2908525828076578,-0.28772378722343445,1.0257318941711673,0.040501685186589365,21.0,0.9864188422179001,,,,
synthetic_niah_128,niah_single_1,disagreement_calibration,64,32,physical_delete_high_random_21,high_random,21,14,15,0.0014867418010494223,0.0015434975559115744,0.9435803686124183,0.33172603397674416,0.9632291255371423,0.0013772157595170012,0.005446891783996099,0.3282661199845621,0.9475915783338207,0.25284434024621105,0.005446891783996099,53.70501522952605,2.564408097886234e-05,1.0366075912315864e-05,2.5028877644217573e-05,1.3044476509094238,0.6577487587928772,2.5028877644217573e-05,19.33269691467285,19.909820556640625,12.180984497070312,11.035676956176758,9.877788543701172,2.8940670490264893,1306.0,-0.3026915873034311,0.3274908022909559,-0.2908525828076578,-0.28772378722343445,1.0257318941711673,0.040501685186589365,21.0,0.9864188422179001,3.824096084782518e-10,3.915658500131686e-09,3.8241337872716336e-10,3.915645580017336e-09
synthetic_niah_128,niah_single_1,disagreement_calibration,64,32,physical_delete_high_random_21,high_random,21,15,16,0.0009208336274660209,0.0015342876238910656,0.53802512596869,0.8452165209930794,0.6001701461494681,0.0007602681496079485,0.005246683981111498,0.12001938832331664,0.9930833879894306,0.14490450584502088,0.005246683981111498,53.443801453422594,1.4225562720693405e-05,1.6865102224983275e-05,3.038303657376673e-05,2.171430826187134,0.41111406683921814,3.038303657376673e-05,57.35231018066406,55.78952407836914,1392.5086669921875,7.168869972229004,8.519864082336426,3.4728879928588867,1306.0,-0.3026915873034311,0.3274908022909559,-0.2908525828076578,-0.28772378722343445,1.0257318941711673,0.040501685186589365,21.0,0.9864188422179001,,,,
synthetic_niah_128,niah_single_1,disagreement_calibration,64,32,physical_delete_high_random_21,high_random,21,16,17,0.0006849322335443261,0.000794414417427254,0.7105252556485535,0.7198295312461317,0.8621850491617576,0.0006586700147985575,0.005217552037752035,0.19704990260485908,0.982947205433217,0.12624119702739817,0.005217552037752035,57.228547508928834,1.1509465877948264e-05,2.3071139366948046e-05,2.019737621594686e-05,2.4757721424102783,0.363614946603775,2.019737621594686e-05,20.055206298828125,18.49385643005371,6.942457675933838,8.603368759155273,9.081477165222168,3.4800736904144287,1306.0,-0.3026915873034311,0.3274908022909559,-0.2908525828076578,-0.28772378722343445,1.0257318941711673,0.040501685186589365,21.0,0.9864188422179001,,,,
synthetic_niah_128,niah_single_1,disagreement_calibration,64,32,physical_delete_high_random_21,high_random,21,17,18,0.0031142712630299278,0.003147638755537403,0.9890322883563996,0.14769992285652553,0.9893991988601696,0.002974278199586111,0.006032731945082883,0.5755993746047514,0.8218905927672521,0.4930234306217376,0.006032731945082883,61.25420391563292,4.855631139509486e-05,3.221986480639316e-05,5.880625030840747e-05,2.1659257411956787,0.4437274932861328,5.880625030840747e-05,18.460289001464844,17.05182647705078,8.609465599060059,10.813928604125977,9.762139320373535,4.883847236633301,1306.0,-0.3026915873034311,0.3274908022909559,-0.2908525828076578,-0.28772378722343445,1.0257318941711673,0.040501685186589365,21.0,0.9864188422179001,,,,
synthetic_niah_128,niah_single_1,disagreement_calibration,64,32,physical_delete_high_random_21,high_random,21,18,19,0.002422240506514372,0.0027353634359536185,0.9004876130498032,0.4351388895622471,0.8855278515009894,0.002351691493285727,0.0061958513070603394,0.3530740011050457,0.9359701961323208,0.3795590592378986,0.0061958513070603394,71.71362144785418,3.2792814611875866e-05,4.0044305933406577e-05,6.409007619367912e-05,2.026576519012451,0.44726839661598206,6.409007619367912e-05,25.189594268798828,22.82891845703125,7.617926120758057,11.35198974609375,9.562385559082031,3.470924139022827,1306.0,-0.3026915873034311,0.3274908022909559,-0.2908525828076578,-0.28772378722343445,1.0257318941711673,0.040501685186589365,21.0,0.9864188422179001,1.7559854019465988e-09,1.0374399033289165e-08,1.7559758334696734e-09,1.0374184335513605e-08
synthetic_niah_128,niah_single_1,disagreement_calibration,64,32,physical_delete_high_random_21,high_random,21,19,20,0.0005287108822504942,0.0017885153556741733,0.33971617410897764,0.9415614096254425,0.29561439356566155,0.0004904532158250714,0.00547587963789645,-0.0839365619923843,1.0114632120569278,0.08956610595142266,0.00547587963789645,74.11274644291507,6.617663483876425e-06,7.773903234919999e-06,5.514118129212875e-06,1.7238374948501587,0.5378341674804688,5.514118129212875e-06,20.124149322509766,19.455537796020508,8.82597541809082,12.430662155151367,10.200896263122559,2.886415719985962,1306.0,-0.3026915873034311,0.3274908022909559,-0.2908525828076578,-0.28772378722343445,1.0257318941711673,0.040501685186589365,21.0,0.9864188422179001,,,,
synthetic_niah_128,niah_single_1,disagreement_calibration,64,32,physical_delete_high_random_21,high_random,21,20,21,0.0018742373568725137,0.002480483593257742,0.7649369392820498,0.6441729412197611,0.7555935310223056,0.001834210339348127,0.0056812869308203945,0.33428098029932496,0.9425427661078319,0.322851206369762,0.0056812869308203945,87.29129087770474,2.101252394030762e-05,1.3393621884461027e-05,2.998760282935109e-05,2.2106971740722656,0.37367334961891174,2.998760282935109e-05,21.778038024902344,19.09882164001465,7.487560272216797,10.091497421264648,11.009747505187988,5.389927387237549,1306.0,-0.3026915873034311,0.3274908022909559,-0.2908525828076578,-0.28772378722343445,1.0257318941711673,0.040501685186589365,21.0,0.9864188422179001,,,,
synthetic_niah_128,niah_single_1,disagreement_calibration,64,32,physical_delete_high_random_21,high_random,21,21,22,0.0061224335065478055,0.006009911639889554,0.9904737757051982,0.1405692080356104,1.0187227156405114,0.007227257210538712,0.010449053372323488,0.8431068119967411,0.5586637249478987,0.6916662163561745,0.010449053372323488,110.86589546262363,6.51891835661513e-05,3.4572829463286325e-05,6.0737358580809087e-05,2.4925742149353027,0.3044877350330353,6.0737358580809087e-05,19.056304931640625,17.46212387084961,5.593074321746826,11.952581405639648,11.0556640625,7.620930194854736,1306.0,-0.3026915873034311,0.3274908022909559,-0.2908525828076578,-0.28772378722343445,1.0257318941711673,0.040501685186589365,21.0,0.9864188422179001,,,,
synthetic_niah_128,niah_single_1,disagreement_calibration,64,32,physical_delete_high_random_21,high_random,21,22,23,0.0016692555208388206,0.0022591111534051972,0.7612337609655986,0.6488620746076685,0.7388992428826368,0.0016011852399177263,0.012375236351709333,0.2640338651221281,0.9738665731718481,0.12938623509170893,0.012375236351709333,128.40744944387856,1.2469566577736101e-05,3.9167902286862954e-05,4.7448229452129453e-05,1.791885495185852,0.5167881846427917,4.7448229452129453e-05,21.709720611572266,19.69669532775879,6.719375133514404,11.950227737426758,10.762974739074707,10.46269416809082,1306.0,-0.3026915873034311,0.3274908022909559,-0.2908525828076578,-0.28772378722343445,1.0257318941711673,0.040501685186589365,21.0,0.9864188422179001,6.703721431836586e-10,3.6021864507933325e-08,6.703733867812023e-10,3.601918357504322e-08
synthetic_niah_128,niah_single_1,disagreement_calibration,64,32,physical_delete_high_random_21,high_random,21,23,24,0.002049061967424446,0.0032536415081314456,0.7605567117911259,0.6623121268718639,0.6297749651593346,0.0019729734033011566,0.01298731336655177,-0.11798011394193772,1.0290404763034766,0.1519154383679121,0.01298731336655177,155.73324796388775,1.2668928626972835e-05,3.561548510333523e-05,3.766063309740275e-05,1.759580135345459,0.5136420130729675,3.766063309740275e-05,21.871400833129883,18.545568466186523,8.635787963867188,14.666600227355957,13.279003143310547,10.270097732543945,1306.0,-0.3026915873034311,0.3274908022909559,-0.2908525828076578,-0.28772378722343445,1.0257318941711673,0.040501685186589365,21.0,0.9864188422179001,,,,
synthetic_niah_128,niah_single_1,disagreement_calibration,64,32,physical_delete_high_random_21,high_random,21,24,25,0.004450684526063167,0.004718168932043275,0.9510914198417645,0.3090076038501333,0.9433075818537362,0.0045998385298567585,0.014456838363356404,0.3264930742627508,0.9452361735127037,0.31817735069349057,0.014456838363356404,177.7596643023436,2.5876728266279212e-05,7.423484203172848e-05,8.379942300962284e-05,1.6858572959899902,0.5667960047721863,8.379942300962284e-05,18.698081970214844,18.242456436157227,6.0237555503845215,14.807397842407227,15.070077896118164,58.05117416381836,1306.0,-0.3026915873034311,0.3274908022909559,-0.2908525828076578,-0.28772378722343445,1.0257318941711673,0.040501685186589365,21.0,0.9864188422179001,,,,
synthetic_niah_128,niah_single_1,disagreement_calibration,64,32,physical_delete_high_random_21,high_random,21,25,26,0.0020007436643497307,0.0031479442384382598,0.6376046220112532,0.7703664579572091,0.6355715072457345,0.0021183820508241676,0.014736935090558801,0.1284866095826373,0.9918286413383921,0.14374644644945925,0.014736935090558801,204.6290134533388,1.0352305448157861e-05,2.318427686986979e-05,4.26877559220884e-05,1.5307999849319458,0.6289698481559753,4.26877559220884e-05,18.908567428588867,17.483257293701172,8.395915985107422,21.36450958251953,19.574247360229492,55.57840347290039,1306.0,-0.3026915873034311,0.3274908022909559,-0.2908525828076578,-0.28772378722343445,1.0257318941711673,0.040501685186589365,21.0,0.9864188422179001,,,,
synthetic_niah_128,niah_single_1,disagreement_calibration,64,32,physical_delete_high_random_21,high_random,21,26,27,0.009450057889309802,0.009785170071736935,0.9454916998711255,0.32627590775545606,0.9657530548809717,0.010127716773174516,0.017911930722237228,0.5006209256776216,0.8680882835642677,0.5654173707026011,0.017911930722237228,238.5760024296058,4.245069357368748e-05,7.048780389595777e-05,0.00010132510215044022,2.2405474185943604,0.4982297718524933,0.00010132510215044022,18.77069854736328,17.357627868652344,8.657668113708496,22.016286849975586,24.330669403076172,151.1013641357422,1306.0,-0.3026915873034311,0.3274908022909559,-0.2908525828076578,-0.28772378722343445,1.0257318941711673,0.040501685186589365,21.0,0.9864188422179001,9.017094529129628e-09,5.7111033928482314e-08,9.01718961848045e-09,5.711030700955627e-08
synthetic_niah_128,niah_single_1,disagreement_calibration,64,32,physical_delete_high_random_21,high_random,21,27,28,0.010326389818326101,0.011609669134196367,0.9208514565465141,0.3911748064079091,0.8894646091084235,0.008690843682212268,0.020282368451672122,0.4084519187267484,0.91299981204882,0.4284925452823916,0.020282368451672122,173.58188064361372,5.0067689380873255e-05,5.8707260905066505e-05,6.672231393167749e-05,3.1211986541748047,0.1704605668783188,6.672231393167749e-05,16.947925567626953,15.943020820617676,4.850271701812744,27.43341827392578,24.036951065063477,133.08554077148438,1306.0,-0.3026915873034311,0.3274908022909559,-0.2908525828076578,-0.28772378722343445,1.0257318941711673,0.040501685186589365,21.0,0.9864188422179001,,,,
synthetic_niah_128,niah_single_1,disagreement_calibration,64,32,physical_delete_median_key_query_49,median_key_query,49,0,1,0.0008015987374549898,0.0008002945323268558,0.998216053282118,0.059802706095156304,1.0016296564270433,0.0011553176352121692,0.0011515025753501044,0.9983286641376291,0.05800623334128737,1.0033131144851368,0.0011515025753501044,17.550997199235777,6.582632440181092e-05,2.9082757464493625e-05,6.310539902187884e-05,1.755044937133789,0.5142725110054016,6.310539902187884e-05,778.4901123046875,778.9161376953125,1848.88818359375,4.63233757019043,4.087000370025635,0.9114859700202942,1278.0,-0.3281910934908323,0.4556232933632528,-0.32451944202072597,-0.3241182753494965,0.15425627021730173,-0.0759210004616826,49.0,0.1853257300698783,6.689160583065227e-11,7.321350663659276e-11,6.689052955092805e-11,7.321486425519781e-11
synthetic_niah_128,niah_single_1,disagreement_calibration,64,32,physical_delete_median_key_query_49,median_key_query,49,1,2,0.0027881965912528563,0.0028058429016459933,0.9976293867093536,0.06892721919586327,0.9937108701336111,0.002942837575478672,0.00314732340533727,0.9348918492129888,0.3549327386863186,0.9350286565683626,0.00314732340533727,22.472862911382276,0.00013095071985635417,0.0001459435443393886,0.00023751369735691696,2.862154960632324,0.22130709886550903,0.00023751369735691696,90.83253479003906,91.17081451416016,3900.419921875,3.962946653366089,3.982773780822754,0.5869152545928955,1278.0,-0.3281910934908323,0.4556232933632528,-0.32451944202072597,-0.3241182753494965,0.15425627021730173,-0.0759210004616826,49.0,0.1853257300698783,,,,
synthetic_niah_128,niah_single_1,disagreement_calibration,64,32,physical_delete_median_key_query_49,median_key_query,49,2,3,0.0008314155354847012,0.00129258897303559,0.6794253393780472,0.7346374842999368,0.6432172584082606,0.0007738030998965985,0.0032240784788662245,0.30204853844580226,0.9553092523506358,0.24000752617185458,0.0032240784788662245,28.651907631934343,2.7007035965526656e-05,3.324170029372908e-05,2.904872235376388e-05,2.1159157752990723,0.3772388994693756,2.904872235376388e-05,27.03069305419922,27.411495208740234,48.98939514160156,5.48625373840332,5.942244052886963,1.2758598327636719,1278.0,-0.3281910934908323,0.4556232933632528,-0.32451944202072597,-0.3241182753494965,0.15425627021730173,-0.0759210004616826,49.0,0.1853257300698783,,,,
synthetic_niah_128,niah_single_1,disagreement_calibration,64,32,physical_delete_median_key_query_49,median_key_query,49,3,4,0.0007172811149799304,0.0013881804264774572,0.5228773872005315,0.8524302460225704,0.5167059708513895,0.0006536319697466991,0.0031588646099731566,0.23680588246939377,0.9720165356553572,0.20691990650154946,0.0031588646099731566,33.280933111690125,1.9639833040531758e-05,1.7529835531604476e-05,2.1622896383632906e-05,1.9636832475662231,0.449434369802475,2.1622896383632906e-05,22.103515625,22.066120147705078,9.490507125854492,7.474617958068848,6.495728492736816,1.512195348739624,1278.0,-0.3281910934908323,0.4556232933632528,-0.32451944202072597,-0.3241182753494965,0.15425627021730173,-0.0759210004616826,49.0,0.1853257300698783,,,,
synthetic_niah_128,niah_single_1,disagreement_calibration,64,32,physical_delete_median_key_query_49,median_key_query,49,4,5,0.0013410496790674934,0.0014321679945131568,0.9328263535090959,0.36034373008662507,0.9363773553139361,0.001313764108726303,0.003208416994655602,0.43888734411866115,0.8990233756130565,0.4094742394503882,0.003208416994655602,34.2360799739581,3.8373672153051005e-05,1.9979030184913427e-05,3.9230482798302546e-05,1.6366583108901978,0.5960219502449036,3.9230482798302546e-05,20.42430305480957,19.06649398803711,6.966439247131348,7.687167167663574,6.696853160858154,2.050711154937744,1278.0,-0.3281910934908323,0.4556232933632528,-0.32451944202072597,-0.3241182753494965,0.15425627021730173,-0.0759210004616826,49.0,0.1853257300698783,2.954568351675543e-11,1.8288396611754239e-10,2.9547725417410604e-11,1.8288603004845326e-10
synthetic_niah_128,niah_single_1,disagreement_calibration,64,32,physical_delete_median_key_query_49,median_key_query,49,5,6,0.0005670434079161568,0.0012472831684124206,0.3410378194286235,0.9468868787184532,0.4546228332720201,0.00038975176135913245,0.0025336860281036525,0.18113076110898213,0.9838379389655447,0.15382796330563647,0.0025336860281036525,35.358088882864514,1.1022987205284635e-05,1.297594189964002e-05,1.4235932212613989e-05,1.9336766004562378,0.48440632224082947,1.4235932212613989e-05,19.104290008544922,17.89082145690918,5.291334629058838,7.787839412689209,7.669164180755615,1.4417251348495483,1278.0,-0.3281910934908323,0.4556232933632528,-0.32451944202072597,-0.3241182753494965,0.15425627021730173,-0.0759210004616826,49.0,0.1853257300698783,,,,
synthetic_niah_128,niah_single_1,disagreement_calibration,64,32,physical_delete_median_key_query_49,median_key_query,49,6,7,0.00019996105376735314,0.0005504466049912276,0.4342765045270238,0.9035738818076314,0.3632705733020915,0.00019328833159693048,0.0022242432763855107,0.20096841312279817,0.986216576937353,0.08690071524506626,0.0022242432763855107,39.04062615858272,4.9509536760961465e-06,6.1018640735710505e-06,8.882610018190462e-06,1.3538861274719238,0.6308184266090393,8.882610018190462e-06,21.526691436767578,19.613672256469727,6.090360164642334,7.420980453491211,6.68304967880249,1.1823397874832153,1278.0,-0.3281910934908323,0.4556232933632528,-0.32451944202072597,-0.3241182753494965,0.15425627021730173,-0.0759210004616826,49.0,0.1853257300698783,,,,
synthetic_niah_128,niah_single_1,disagreement_calibration,64,32,physical_delete_median_key_query_49,median_key_query,49,7,8,0.0008348567844477425,0.0009047732257126432,0.8846378665588179,0.4678316654373915,0.922724900253507,0.0007560399212358705,0.0020887080584185607,0.40352348674527516,0.9159125914939615,0.3619653393822288,0.0020887080584185607,42.58764651982027,1.7752564018394627e-05,2.488063182681799e-05,3.364155418239534e-05,2.345106601715088,0.346594899892807,3.364155418239534e-05,34.082969665527344,33.42658233642578,196.0122833251953,6.831480026245117,6.074329376220703,1.2882859706878662,1278.0,-0.3281910934908323,0.4556232933632528,-0.32451944202072597,-0.3241182753494965,0.15425627021730173,-0.0759210004616826,49.0,0.1853257300698783,3.006399185577969e-11,2.705977264630848e-10,3.0064634217292234e-11,2.70597952139199e-10
synthetic_niah_128,niah_single_1,disagreement_calibration,64,32,physical_delete_median_key_query_49,median_key_query,49,8,9,0.0003559500892302558,0.00041559868651267563,0.42409709409854013,1.0035401004326125,0.856475491337722,0.00030226368922952967,0.001863591593045687,0.12106079546596857,0.9934969744265559,0.16219416869955772,0.001863591593045687,41.21847295775116,7.333209300095839e-06,6.7102282628184184e-06,1.3127375495969318e-05,1.741742491722107,0.5219583511352539,1.3127375495969318e-05,23.895959854125977,21.035423278808594,13.309856414794922,8.716120719909668,8.186373710632324,3.2244341373443604,1278.0,-0.3281910934908323,0.4556232933632528,-0.32451944202072597,-0.3241182753494965,0.15425627021730173,-0.0759210004616826,49.0,0.1853257300698783,,,,
synthetic_niah_128,niah_single_1,disagreement_calibration,64,32,physical_delete_median_key_query_49,median_key_query,49,9,10,0.0010746606087561484,0.0010896943444396255,0.9660799292765088,0.2590261317495113,0.9862037132153713,0.0009608257772882479,0.0020499003592104764,0.4686727630644577,0.8833718601096695,0.4687182832917362,0.0020499003592104764,43.09264638358676,2.2296745684530753e-05,2.431948814773932e-05,2.8152422601124272e-05,2.233839750289917,0.39377811551094055,2.8152422601124272e-05,20.233055114746094,19.763629913330078,6.96917724609375,8.107828140258789,7.506880283355713,2.825314998626709,1278.0,-0.3281910934908323,0.4556232933632528,-0.32451944202072597,-0.3241182753494965,0.15425627021730173,-0.0759210004616826,49.0,0.1853257300698783,,,,
synthetic_niah_128,niah_single_1,disagreement_calibration,64,32,physical_delete_median_key_query_49,median_key_query,49,10,11,0.001734442764971687,0.0018275719833620188,0.9353329652907173,0.35403415738413146,0.9490421065554909,0.0013969478488579173,0.002325458925109722,0.6462267574025755,0.7645010888604544,0.6007192102057898,0.002325458925109722,43.92265007802656,3.180472595292643e-05,2.001710163312964e-05,3.561676567187533e-05,2.261011838912964,0.39658835530281067,3.561676567187533e-05,21.577865600585938,19.830543518066406,11.272928237915039,8.657295227050781,8.498671531677246,3.8351922035217285,1278.0,-0.3281910934908323,0.4556232933632528,-0.32451944202072597,-0.3241182753494965,0.15425627021730173,-0.0759210004616826,49.0,0.1853257300698783,3.4081787049063876e-10,9.284343507172537e-10,3.408198204189798e-10,9.284325422582384e-10
synthetic_niah_128,niah_single_1,disagreement_calibration,64,32,physical_delete_median_key_query_49,median_key_query,49,11,12,0.0004745822421892501,0.0008073898309481001,0.5827633765921502,0.8126574898207362,0.587798141613895,0.000470096095173914,0.002094785013539387,0.27621468808246885,0.9624909896692828,0.22441257319271682,0.002094785013539387,44.57994935550133,1.0545011871259616e-05,1.2563574273372069e-05,1.898151822388172e-05,2.440156936645508,0.3108135163784027,1.898151822388172e-05,19.290485382080078,19.287208557128906,7.617166042327881,6.643061637878418,7.389365196228027,1.153964638710022,1278.0,-0.3281910934908323,0.4556232933632528,-0.32451944202072597,-0.3241182753494965,0.15425627021730173,-0.0759210004616826,49.0,0.1853257300698783,,,,
synthetic_niah_128,niah_single_1,disagreement_calibration,64,32,physical_delete_median_key_query_49,median_key_query,49,12,13,0.002553436909125383,0.002557561315874544,0.990447513432661,0.13811866063684422,0.9983873674020791,0.002293214194367345,0.0032243619091134696,0.7952237223999554,0.6121084181529167,0.7112148880948227,0.0032243619091134696,49.6107973763172,4.622409466577252e-05,3.358065805514343e-05,6.181363278301433e-05,2.1174066066741943,0.43727216124534607,6.181363278301433e-05,19.917236328125,18.256084442138672,7.251338005065918,9.178449630737305,8.626214027404785,1.3184051513671875,1278.0,-0.3281910934908323,0.4556232933632528,-0.32451944202072597,-0.3241182753494965,0.15425627021730173,-0.0759210004616826,49.0,0.1853257300698783,,,,
synthetic_niah_128,niah_single_1,disagreement_calibration,64,32,physical_delete_median_key_query_49,median_key_query,49,13,14,0.002504346332034339,0.0026750909886362893,0.9597094022225334,0.28197846388317316,0.9361723928915806,0.002432900174204486,0.00364799961448105,0.6227441500781433,0.7836712669301243,0.6669134954255144,0.00364799961448105,54.9987162151034,4.423558114864467e-05,3.883681711158715e-05,5.532567229238339e-05,2.3329477310180664,0.3114968538284302,5.532567229238339e-05,20.980194091796875,19.827537536621094,6.135035037994385,8.78486442565918,7.8139214515686035,2.257922410964966,1278.0,-0.3281910934908323,0.4556232933632528,-0.32451944202072597,-0.3241182753494965,0.15425627021730173,-0.0759210004616826,49.0,0.1853257300698783,,,,
synthetic_niah_128,niah_single_1,disagreement_calibration,64,32,physical_delete_median_key_query_49,median_key_query,49,14,15,0.00047926441000491795,0.0007413831351850067,0.6676486626003402,0.7447783576716204,0.6464463342362394,0.0004240198367011641,0.0033359036645361382,0.15567308466395463,0.988221563368243,0.1271079381604758,0.0033359036645361382,53.70501522952605,7.895348970463483e-06,7.781659405736718e-06,1.144629277405329e-05,1.3044476509094238,0.6577487587928772,1.144629277405329e-05,20.3896484375,19.909820556640625,12.180984497070312,10.949792861938477,9.877788543701172,2.8940670490264893,1278.0,-0.3281910934908323,0.4556232933632528,-0.32451944202072597,-0.3241182753494965,0.15425627021730173,-0.0759210004616826,49.0,0.1853257300698783,2.740087192965363e-11,2.4767530228862283e-09,2.740313666764783e-11,2.4767478598550363e-09
synthetic_niah_128,niah_single_1,disagreement_calibration,64,32,physical_delete_median_key_query_49,median_key_query,49,15,16,0.004150495558790855,0.004190984407199135,0.9669005100369686,0.2562279635795192,0.9903390601170625,0.0036313561974606248,0.0046574664649284845,0.8080431341755147,0.5898054625901071,0.7796848833599459,0.0046574664649284845,53.443801453422594,6.794719123087508e-05,5.8708701544674113e-05,6.455661059590057e-05,2.171430826187134,0.41111406683921814,6.455661059590057e-05,55.4808349609375,55.78952407836914,1392.5086669921875,10.593653678894043,8.519864082336426,3.4728879928588867,1278.0,-0.3281910934908323,0.4556232933632528,-0.32451944202072597,-0.3241182753494965,0.15425627021730173,-0.0759210004616826,49.0,0.1853257300698783,,,,
synthetic_niah_128,niah_single_1,disagreement_calibration,64,32,physical_delete_median_key_query_49,median_key_query,49,16,17,0.005619154912890476,0.005734281029789769,0.9815584231425385,0.1911693907813221,0.9799231819470987,0.005053102893887386,0.006755789871945844,0.7676555471950736,0.6411650558416798,0.7479662614834941,0.006755789871945844,57.228547508928834,8.829689226515836e-05,9.304221021011472e-05,8.39540662127547e-05,2.4757721424102783,0.363614946603775,8.39540662127547e-05,19.439327239990234,18.49385643005371,6.942457675933838,12.582134246826172,9.081477165222168,3.4800736904144287,1278.0,-0.3281910934908323,0.4556232933632528,-0.32451944202072597,-0.3241182753494965,0.15425627021730173,-0.0759210004616826,49.0,0.1853257300698783,,,,
synthetic_niah_128,niah_single_1,disagreement_calibration,64,32,physical_delete_median_key_query_49,median_key_query,49,17,18,0.005056089525013214,0.0052678697313989185,0.9674796861256605,0.25306534541311515,0.9597977518078328,0.004591840340574757,0.008209349062880266,0.6117262657834295,0.7928019945772015,0.5593428060377421,0.008209349062880266,61.25420391563292,7.496367672820012e-05,8.123740553855896e-05,0.00010210239270236343,2.1659257411956787,0.4437274932861328,0.00010210239270236343,18.214550018310547,17.05182647705078,8.609465599060059,11.576783180236816,9.762139320373535,4.883847236633301,1278.0,-0.3281910934908323,0.4556232933632528,-0.32451944202072597,-0.3241182753494965,0.15425627021730173,-0.0759210004616826,49.0,0.1853257300698783,,,,
synthetic_niah_128,niah_single_1,disagreement_calibration,64,32,physical_delete_median_key_query_49,median_key_query,49,18,19,0.0019828914270178326,0.0026685279771905776,0.6521567754698382,0.7635155272459145,0.7430656316766137,0.0017703463367170756,0.008290290118677166,0.2841725153905575,0.9613710469439501,0.213544557714412,0.008290290118677166,71.71362144785418,2.4686332958437535e-05,3.663089592009783e-05,4.7152476327028126e-05,2.026576519012451,0.44726839661598206,4.7152476327028126e-05,23.490589141845703,22.82891845703125,7.617926120758057,10.207416534423828,9.562385559082031,3.470924139022827,1278.0,-0.3281910934908323,0.4556232933632528,-0.32451944202072597,-0.3241182753494965,0.15425627021730173,-0.0759210004616826,49.0,0.1853257300698783,1.300190158433641e-09,4.455892367106665e-08,1.3001676764364107e-09,4.455890601490488e-08
synthetic_niah_128,niah_single_1,disagreement_calibration,64,32,physical_delete_median_key_query_49,median_key_query,49,19,20,0.0006523049611631568,0.0025826191162146746,0.32379382199885653,0.9488043448825777,0.25257497594892553,0.0006752451231237138,0.0073418628262473225,0.15505594185453012,0.9899177998108972,0.09197190673594412,0.0073418628262473225,74.11274644291507,9.111052491406691e-06,1.1218438885407522e-05,1.2874142157670576e-05,1.7238374948501587,0.5378341674804688,1.2874142157670576e-05,21.58013153076172,19.455537796020508,8.82597541809082,10.930850982666016,10.200896263122559,2.886415719985962,1278.0,-0.3281910934908323,0.4556232933632528,-0.32451944202072597,-0.3241182753494965,0.15425627021730173,-0.0759210004616826,49.0,0.1853257300698783,,,,
synthetic_niah_128,niah_single_1,disagreement_calibration,64,32,physical_delete_median_key_query_49,median_key_query,49,20,21,0.0024831258495025973,0.0034665643959491013,0.676968709221451,0.7370623461100066,0.7163074346474816,0.0025092999894676116,0.00784253023544845,0.3024435114233582,0.9533282581078376,0.31996051199465037,0.00784253023544845,87.29129087770474,2.8746281149435004e-05,2.289405711053405e-05,4.057065598317422e-05,2.2106971740722656,0.37367334961891174,4.057065598317422e-05,19.643447875976562,19.09882164001465,7.487560272216797,12.760588645935059,11.009747505187988,5.389927387237549,1278.0,-0.3281910934908323,0.4556232933632528,-0.32451944202072597,-0.3241182753494965,0.15425627021730173,-0.0759210004616826,49.0,0.1853257300698783,,,,
synthetic_niah_128,niah_single_1,disagreement_calibration,64,32,physical_delete_median_key_query_49,median_key_query,49,21,22,0.0030744039784852744,0.0033272130415973847,0.85368153597079,0.5255235685550403,0.9240177710439794,0.0032949265704363523,0.00936117791368438,0.443900920564609,0.9007784619268661,0.3519777746793761,0.00936117791368438,110.86589546262363,2.9719929259464426e-05,4.404170249472372e-05,5.638697257381864e-05,2.4925742149353027,0.3044877350330353,5.638697257381864e-05,17.94860076904297,17.46212387084961,5.593074321746826,10.41039752960205,11.0556640625,7.620930194854736,1278.0,-0.3281910934908323,0.4556232933632528,-0.32451944202072597,-0.3241182753494965,0.15425627021730173,-0.0759210004616826,49.0,0.1853257300698783,,,,
synthetic_niah_128,niah_single_1,disagreement_calibration,64,32,physical_delete_median_key_query_49,median_key_query,49,22,23,0.0012983254082479189,0.0015959392809683514,0.7327447205357134,0.6852806030547555,0.8135180477919859,0.0012568275922570026,0.010449297153357602,0.17589944618945721,0.9859782225149667,0.12027867270031216,0.010449297153357602,128.40744944387856,9.787809022764747e-06,2.096397838613484e-05,2.0272669644327834e-05,1.791885495185852,0.5167881846427917,2.0272669644327834e-05,20.18259048461914,19.69669532775879,6.719375133514404,11.312501907348633,10.762974739074707,10.46269416809082,1278.0,-0.3281910934908323,0.4556232933632528,-0.32451944202072597,-0.3241182753494965,0.15425627021730173,-0.0759210004616826,49.0,0.1853257300698783,1.6201912245839984e-10,6.175980679015561e-08,1.6201984606291934e-10,6.175866911962591e-08
synthetic_niah_128,niah_single_1,disagreement_calibration,64,32,physical_delete_median_key_query_49,median_key_query,49,23,24,0.003924745954759758,0.004111373134280206,0.9204524358453298,0.39234405046071325,0.9546070927096425,0.0037591831241886252,0.011436378239864988,0.2928921730801646,0.9568158971108354,0.3287039869916898,0.011436378239864988,155.73324796388775,2.4138603498851605e-05,3.8421025237767026e-05,4.1928513383027166e-05,1.759580135345459,0.5136420130729675,4.1928513383027166e-05,19.111103057861328,18.545568466186523,8.635787963867188,15.368947982788086,13.279003143310547,10.270097732543945,1278.0,-0.3281910934908323,0.4556232933632528,-0.32451944202072597,-0.3241182753494965,0.15425627021730173,-0.0759210004616826,49.0,0.1853257300698783,,,,
synthetic_niah_128,niah_single_1,disagreement_calibration,64,32,physical_delete_median_key_query_49,median_key_query,49,24,25,0.005196977652263565,0.0054256402723635334,0.9598280851565455,0.28059568651413735,0.9578551823155874,0.005090436007635096,0.013808772256000693,0.42918051624545595,0.9052455467209076,0.36863784218202406,0.013808772256000693,177.7596643023436,2.8636620279485888e-05,4.348867150838487e-05,5.324884841684252e-05,1.6858572959899902,0.5667960047721863,5.324884841684252e-05,19.375511169433594,18.242456436157227,6.0237555503845215,17.810157775878906,15.070077896118164,58.05117416381836,1278.0,-0.3281910934908323,0.4556232933632528,-0.32451944202072597,-0.3241182753494965,0.15425627021730173,-0.0759210004616826,49.0,0.1853257300698783,,,,
synthetic_niah_128,niah_single_1,disagreement_calibration,64,32,physical_delete_median_key_query_49,median_key_query,49,25,26,0.004499550736447737,0.004651083100820214,0.8936293826182989,0.4548313745699842,0.9674199834559494,0.004557639460174355,0.01500117701516319,0.1734232901671403,0.9934421719420401,0.3038187907233874,0.01500117701516319,204.6290134533388,2.2272694293244126e-05,5.024428901378997e-05,7.828970410628244e-05,1.5307999849319458,0.6289698481559753,7.828970410628244e-05,16.94534683227539,17.483257293701172,8.395915985107422,23.260467529296875,19.574247360229492,55.57840347290039,1278.0,-0.3281910934908323,0.4556232933632528,-0.32451944202072597,-0.3241182753494965,0.15425627021730173,-0.0759210004616826,49.0,0.1853257300698783,,,,
synthetic_niah_128,niah_single_1,disagreement_calibration,64,32,physical_delete_median_key_query_49,median_key_query,49,26,27,0.022591568435388305,0.022249206576418105,0.9959796289484351,0.09165832206623635,1.0153875985552252,0.024036253596259015,0.028622509946462173,0.8241109977885719,0.5666446764576943,0.8397674991193415,0.028622509946462173,238.5760024296058,0.00010074883203456789,8.75501791597344e-05,0.00013979787763673812,2.2405474185943604,0.4982297718524933,0.00013979787763673812,17.99798583984375,17.357627868652344,8.657668113708496,33.607662200927734,24.330669403076172,151.1013641357422,1278.0,-0.3281910934908323,0.4556232933632528,-0.32451944202072597,-0.3241182753494965,0.15425627021730173,-0.0759210004616826,49.0,0.1853257300698783,5.262720388681452e-08,6.91686314783512e-08,5.262458441896745e-08,6.916487199501353e-08
synthetic_niah_128,niah_single_1,disagreement_calibration,64,32,physical_delete_median_key_query_49,median_key_query,49,27,28,0.009542331245093776,0.009995596325790945,0.9413060878778912,0.33781800269306334,0.9546535228190798,0.010393434222972734,0.03590688082782996,0.3952126318343413,0.9246575609437403,0.28945522371626353,0.03590688082782996,173.58188064361372,5.987626234049055e-05,6.850269710412249e-05,6.84449405525811e-05,3.1211986541748047,0.1704605668783188,6.84449405525811e-05,17.338512420654297,15.943020820617676,4.850271701812744,33.55247497558594,24.036951065063477,133.08554077148438,1278.0,-0.3281910934908323,0.4556232933632528,-0.32451944202072597,-0.3241182753494965,0.15425627021730173,-0.0759210004616826,49.0,0.1853257300698783,,,,
synthetic_niah_128,niah_single_1,disagreement_calibration,64,32,physical_delete_low_random_40,low_random,40,0,1,0.0007735012513931701,0.0007727563590411664,0.9980857252695458,0.06191259278228576,1.0009639420540362,0.0011595774959186039,0.0011570684098293183,0.9983268041448782,0.057951278170902794,1.0021684855173392,0.0011570684098293183,17.550997199235777,6.606903771650624e-05,3.5313449188834056e-05,5.652449181070551e-05,1.755044937133789,0.5142725110054016,5.652449181070551e-05,778.4901123046875,778.9161376953125,1848.88818359375,4.63233757019043,4.087000370025635,0.9114859700202942,1287.0,-0.27513714291148467,0.3956189480742633,-0.27187948062666656,-0.271276128736223,0.534012247317384,-0.36601276862430915,40.0,0.007095701393639908,5.495498479001966e-11,5.778709125009958e-11,5.495737966203049e-11,5.7787667524353285e-11
synthetic_niah_128,niah_single_1,disagreement_calibration,64,32,physical_delete_low_random_40,low_random,40,1,2,0.002580993960800681,0.002568892367766569,0.9956272123415175,0.09385609195909994,1.004710821358636,0.0027210799019202706,0.0029974504338823493,0.9251686330763111,0.3799535954704013,0.9077981310923234,0.0029974504338823493,22.472862911382276,0.00012108292177326777,0.00014046399155631661,0.00021925364853814244,2.862154960632324,0.22130709886550903,0.00021925364853814244,90.75891876220703,91.17081451416016,3900.419921875,3.9604573249816895,3.982773780822754,0.5869152545928955,1287.0,-0.27513714291148467,0.3956189480742633,-0.27187948062666656,-0.271276128736223,0.534012247317384,-0.36601276862430915,40.0,0.007095701393639908,,,,
synthetic_niah_128,niah_single_1,disagreement_calibration,64,32,physical_delete_low_random_40,low_random,40,2,3,0.0026013364325075715,0.0027898047970657787,0.9488569023137721,0.31613282961646244,0.9324438882761863,0.002606840702859199,0.004082803471883335,0.6945500061905578,0.7216250390667446,0.6384928201446598,0.004082803471883335,28.651907631934343,9.098314626540649e-05,9.01439634617418e-05,0.00012836763926316053,2.1159157752990723,0.3772388994693756,0.00012836763926316053,26.5653133392334,27.411495208740234,48.98939514160156,5.450394153594971,5.942244052886963,1.2758598327636719,1287.0,-0.27513714291148467,0.3956189480742633,-0.27187948062666656,-0.271276128736223,0.534012247317384,-0.36601276862430915,40.0,0.007095701393639908,,,,
synthetic_niah_128,niah_single_1,disagreement_calibration,64,32,physical_delete_low_random_40,low_random,40,3,4,0.001024038386156753,0.0015624569886517844,0.6491600561960721,0.7606774552330188,0.655402608580206,0.0009220176278025448,0.004121538601438573,0.25561181417680373,0.9673057988336862,0.22370714360911864,0.004121538601438573,33.280933111690125,2.7704079831784542e-05,2.0631117877201177e-05,3.4723212593235075e-05,1.9636832475662231,0.449434369802475,3.4723212593235075e-05,21.26642417907715,22.066120147705078,9.490507125854492,7.468061447143555,6.495728492736816,1.512195348739624,1287.0,-0.27513714291148467,0.3956189480742633,-0.27187948062666656,-0.271276128736223,0.534012247317384,-0.36601276862430915,40.0,0.007095701393639908,,,,
synthetic_niah_128,niah_single_1,disagreement_calibration,64,32,physical_delete_low_random_40,low_random,40,4,5,0.0019081638467997417,0.0019651941622195837,0.9578246483535113,0.28765430847588286,0.9709798062113979,0.00187215804553367,0.004269519485504036,0.4668661716915201,0.8847830051785815,0.4384938520341835,0.004269519485504036,34.2360799739581,5.4683773579152157e-05,3.2871805160539225e-05,5.2332645282149315e-05,1.6366583108901978,0.5960219502449036,5.2332645282149315e-05,19.5686092376709,19.06649398803711,6.966439247131348,7.813619136810303,6.696853160858154,2.050711154937744,1287.0,-0.27513714291148467,0.3956189480742633,-0.27187948062666656,-0.271276128736223,0.534012247317384,-0.36601276862430915,40.0,0.007095701393639908,6.842437313053398e-11,8.256592246399841e-10,6.842411479213565e-11,8.256613766012197e-10
synthetic_niah_128,niah_single_1,disagreement_calibration,64,32,physical_delete_low_random_40,low_random,40,5,6,0.0010988716746895269,0.0016798297643074015,0.6232783866374271,0.7826094267773108,0.654156568741711,0.0008453035993738967,0.0035925606421626315,0.2235348550823596,0.97476685288492,0.23529278516647253,0.0035925606421626315,35.358088882864514,2.39069368871787e-05,3.386067692190409e-05,3.910529994755052e-05,1.9336766004562378,0.48440632224082947,3.910529994755052e-05,18.3493709564209,17.89082145690918,5.291334629058838,7.8424458503723145,7.669164180755615,1.4417251348495483,1287.0,-0.27513714291148467,0.3956189480742633,-0.27187948062666656,-0.271276128736223,0.534012247317384,-0.36601276862430915,40.0,0.007095701393639908,,,,
synthetic_niah_128,niah_single_1,disagreement_calibration,64,32,physical_delete_low_random_40,low_random,40,6,7,0.00030767271541178764,0.0007640487702620105,0.4373167613023504,0.8999740283883073,0.4026872725759108,0.00029345525621624747,0.0032224141610165276,0.22771877028514986,0.9832689847265741,0.09106689629357743,0.0032224141610165276,39.04062615858272,7.516663667847808e-06,8.450760105915833e-06,1.3268027032609098e-05,1.3538861274719238,0.6308184266090393,1.3268027032609098e-05,21.039459228515625,19.613672256469727,6.090360164642334,7.373394012451172,6.68304967880249,1.1823397874832153,1287.0,-0.27513714291148467,0.3956189480742633,-0.27187948062666656,-0.271276128736223,0.534012247317384,-0.36601276862430915,40.0,0.007095701393639908,,,,
synthetic_niah_128,niah_single_1,disagreement_calibration,64,32,physical_delete_low_random_40,low_random,40,7,8,0.001238878273646235,0.0013036049587459328,0.913038467736424,0.40957630837608505,0.9503479296657747,0.0011702358719246036,0.003097543425142093,0.38791599977951524,0.9217502998763395,0.37779482360959044,0.003097543425142093,42.58764651982027,2.7478294001993666e-05,3.841307989205234e-05,4.51417981821578e-05,2.345106601715088,0.346594899892807,4.51417981821578e-05,33.98382568359375,33.42658233642578,196.0122833251953,6.878250598907471,6.074329376220703,1.2882859706878662,1287.0,-0.27513714291148467,0.3956189480742633,-0.27187948062666656,-0.271276128736223,0.534012247317384,-0.36601276862430915,40.0,0.007095701393639908,9.552439466279603e-11,6.644761632869267e-10,9.552595338722598e-11,6.644777060638612e-10
synthetic_niah_128,niah_single_1,disagreement_calibration,64,32,physical_delete_low_random_40,low_random,40,8,9,0.0008793814752276946,0.0008869810044885063,0.6926670820813086,0.7806874362412817,0.9914321397838795,0.0007458420598731698,0.0029106119938515133,0.2843165624747728,0.9591412137357066,0.2562492223108799,0.0029106119938515133,41.21847295775116,1.8094849380705012e-05,1.6818266885820776e-05,3.138341708108783e-05,1.741742491722107,0.5219583511352539,3.138341708108783e-05,22.645366668701172,21.035423278808594,13.309856414794922,8.452071189880371,8.186373710632324,3.2244341373443604,1287.0,-0.27513714291148467,0.3956189480742633,-0.27187948062666656,-0.271276128736223,0.534012247317384,-0.36601276862430915,40.0,0.007095701393639908,,,,
synthetic_niah_128,niah_single_1,disagreement_calibration,64,32,physical_delete_low_random_40,low_random,40,9,10,0.0016712167004202434,0.001653986459798558,0.9493911336313681,0.3199698122045126,1.0104174012547744,0.0014740120043908054,0.0032583218223327364,0.4554607214721527,0.8902611968674651,0.45238379901206727,0.0032583218223327364,43.09264638358676,3.4205650571328825e-05,2.5509289116598666e-05,4.725569306174293e-05,2.233839750289917,0.39377811551094055,4.725569306174293e-05,19.58001708984375,19.763629913330078,6.96917724609375,7.70956563949585,7.506880283355713,2.825314998626709,1287.0,-0.27513714291148467,0.3956189480742633,-0.27187948062666656,-0.271276128736223,0.534012247317384,-0.36601276862430915,40.0,0.007095701393639908,,,,
synthetic_niah_128,niah_single_1,disagreement_calibration,64,32,physical_delete_low_random_40,low_random,40,10,11,0.0037075332126754856,0.003751550399491696,0.953851406491667,0.3022448062371465,0.988266934432715,0.00306232646656373,0.004315779605893507,0.7519613036668237,0.6605691774914434,0.7095650719471178,0.004315779605893507,43.92265007802656,6.972089482587341e-05,4.072679075761698e-05,6.873753591207787e-05,2.261011838912964,0.39658835530281067,6.873753591207787e-05,20.684955596923828,19.830543518066406,11.272928237915039,9.060308456420898,8.498671531677246,3.8351922035217285,1287.0,-0.27513714291148467,0.3956189480742633,-0.27187948062666656,-0.271276128736223,0.534012247317384,-0.36601276862430915,40.0,0.007095701393639908,1.6147862149178512e-09,2.7034792742680093e-09,1.614785544691753e-09,2.7034842675253433e-09
synthetic_niah_128,niah_single_1,disagreement_calibration,64,32,physical_delete_low_random_40,low_random,40,11,12,0.002188438373882723,0.0024420981792652187,0.899076059537665,0.43780237114856635,0.896130381842872,0.0023049114159295297,0.00441964562974727,0.565903966295081,0.8256652364972797,0.5215149831054062,0.00441964562974727,44.57994935550133,5.170287201425668e-05,5.18813612870872e-05,8.539847476640716e-05,2.440156936645508,0.3108135163784027,8.539847476640716e-05,18.54543685913086,19.287208557128906,7.617166042327881,6.598024368286133,7.389365196228027,1.153964638710022,1287.0,-0.27513714291148467,0.3956189480742633,-0.27187948062666656,-0.271276128736223,0.534012247317384,-0.36601276862430915,40.0,0.007095701393639908,,,,
synthetic_niah_128,niah_single_1,disagreement_calibration,64,32,physical_delete_low_random_40,low_random,40,12,13,0.006735643701719693,0.006648060431057475,0.9872154502278531,0.16149153101547226,1.0131742591046644,0.006031170631964146,0.00795958583024842,0.8582828973586705,0.52293644365476,0.7577241781908032,0.00795958583024842,49.6107973763172,0.00012156971770107563,8.69092473294586e-05,0.00016203694394789636,2.1174066066741943,0.43727216124534607,0.00016203694394789636,18.657760620117188,18.256084442138672,7.251338005065918,9.110099792480469,8.626214027404785,1.3184051513671875,1287.0,-0.27513714291148467,0.3956189480742633,-0.27187948062666656,-0.271276128736223,0.534012247317384,-0.36601276862430915,40.0,0.007095701393639908,,,,
synthetic_niah_128,niah_single_1,disagreement_calibration,64,32,physical_delete_low_random_40,low_random,40,13,14,0.0018224710911413367,0.0026321996459873318,0.7454017733593404,0.6687211376760752,0.6923757071085435,0.001790185755436955,0.00709891718617367,0.20069671306719417,0.9810051376008326,0.2521772980988765,0.00709891718617367,54.9987162151034,3.2549591674747956e-05,3.6242057831259444e-05,3.455972546362318e-05,2.3329477310180664,0.3114968538284302,3.455972546362318e-05,20.46290397644043,19.827537536621094,6.135035037994385,9.28239631652832,7.8139214515686035,2.257922410964966,1287.0,-0.27513714291148467,0.3956189480742633,-0.27187948062666656,-0.271276128736223,0.534012247317384,-0.36601276862430915,40.0,0.007095701393639908,,,,
synthetic_niah_128,niah_single_1,disagreement_calibration,64,32,physical_delete_low_random_40,low_random,40,14,15,0.0012785969246869382,0.0016956242998171377,0.7332516435231314,0.680275590577713,0.7540567358139576,0.001152749888369703,0.0067826564289466835,0.26902279391637174,0.9682154003448807,0.16995551823177338,0.0067826564289466835,53.70501522952605,2.1464473726393094e-05,1.9594481273088604e-05,2.9520562748075463e-05,1.3044476509094238,0.6577487587928772,2.9520562748075463e-05,19.681272506713867,19.909820556640625,12.180984497070312,10.138490676879883,9.877788543701172,2.8940670490264893,1287.0,-0.27513714291148467,0.3956189480742633,-0.27187948062666656,-0.271276128736223,0.534012247317384,-0.36601276862430915,40.0,0.007095701393639908,1.6181941876303418e-10,1.0246672003398535e-08,1.6182038611093497e-10,1.0246620412902345e-08
synthetic_niah_128,niah_single_1,disagreement_calibration,64,32,physical_delete_low_random_40,low_random,40,15,16,0.004900806887290589,0.005288052253004628,0.9025962673667264,0.4311662505421843,0.9267697543090635,0.004229260129931348,0.006919726448170183,0.5942909854798568,0.8044276006862628,0.6111889193321669,0.006919726448170183,53.443801453422594,7.91347174960456e-05,7.854903378756717e-05,0.00010797080904012546,2.171430826187134,0.41111406683921814,0.00010797080904012546,54.721839904785156,55.78952407836914,1392.5086669921875,9.293582916259766,8.519864082336426,3.4728879928588867,1287.0,-0.27513714291148467,0.3956189480742633,-0.27187948062666656,-0.271276128736223,0.534012247317384,-0.36601276862430915,40.0,0.007095701393639908,,,,
synthetic_niah_128,niah_single_1,disagreement_calibration,64,32,physical_delete_low_random_40,low_random,40,16,17,0.002084424732088953,0.002347708016896285,0.854546990851198,0.5204410400065298,0.8878551834757553,0.002159953147100074,0.006864997892331499,0.350154756969015,0.9373651686203276,0.31463274730394825,0.006864997892331499,57.228547508928834,3.774258200005997e-05,3.67265020031482e-05,3.9833266782807186e-05,2.4757721424102783,0.363614946603775,3.9833266782807186e-05,19.108047485351562,18.49385643005371,6.942457675933838,9.979599952697754,9.081477165222168,3.4800736904144287,1287.0,-0.27513714291148467,0.3956189480742633,-0.27187948062666656,-0.271276128736223,0.534012247317384,-0.36601276862430915,40.0,0.007095701393639908,,,,
synthetic_niah_128,niah_single_1,disagreement_calibration,64,32,physical_delete_low_random_40,low_random,40,17,18,0.009868595816211197,0.009895412979550742,0.9958304175068847,0.09123546335631977,0.9972899399555164,0.009014681811003266,0.010968262603043979,0.8050755225304336,0.5934105303294699,0.8218878538248581,0.010968262603043979,61.25420391563292,0.00014716837759281686,0.00014943897258490324,0.00014735519653186202,2.1659257411956787,0.4437274932861328,0.00014735519653186202,16.52227020263672,17.05182647705078,8.609465599060059,13.251569747924805,9.762139320373535,4.883847236633301,1287.0,-0.27513714291148467,0.3956189480742633,-0.27187948062666656,-0.271276128736223,0.534012247317384,-0.36601276862430915,40.0,0.007095701393639908,,,,
synthetic_niah_128,niah_single_1,disagreement_calibration,64,32,physical_delete_low_random_40,low_random,40,18,19,0.005674411591088519,0.006035270191212091,0.9009957074547569,0.4355965663306489,0.9402083769755636,0.005943764129431632,0.012313793540083324,0.5312806907687017,0.8485880814079942,0.4826915531825144,0.012313793540083324,71.71362144785418,8.288194082840425e-05,0.00011884677223861217,0.00014613865641877055,2.026576519012451,0.44726839661598206,0.00014613865641877055,21.717510223388672,22.82891845703125,7.617926120758057,10.123703002929688,9.562385559082031,3.470924139022827,1287.0,-0.27513714291148467,0.3956189480742633,-0.27187948062666656,-0.271276128736223,0.534012247317384,-0.36601276862430915,40.0,0.007095701393639908,9.715204907168664e-09,6.847525405010335e-08,9.715130117484869e-09,6.847465685094883e-08
synthetic_niah_128,niah_single_1,disagreement_calibration,64,32,physical_delete_low_random_40,low_random,40,19,20,0.0017244837751464286,0.004373628176618353,0.454222016759305,0.8929020348524906,0.3942913538845414,0.0018755487782412589,0.010762734704581108,0.4122827934547234,0.9416348638299118,0.17426321745559148,0.010762734704581108,74.11274644291507,2.530669646261038e-05,2.864381531253457e-05,3.8088648580014706e-05,1.7238374948501587,0.5378341674804688,3.8088648580014706e-05,19.698780059814453,19.455537796020508,8.82597541809082,9.816003799438477,10.200896263122559,2.886415719985962,1287.0,-0.27513714291148467,0.3956189480742633,-0.27187948062666656,-0.271276128736223,0.534012247317384,-0.36601276862430915,40.0,0.007095701393639908,,,,
synthetic_niah_128,niah_single_1,disagreement_calibration,64,32,physical_delete_low_random_40,low_random,40,20,21,0.003295036086733661,0.004609448284160973,0.7570840915618499,0.6546815334825433,0.7148439213552071,0.003398846932825862,0.010980308464148719,0.2526386970981542,0.9692324129581633,0.3095402049881636,0.010980308464148719,87.29129087770474,3.893683892918542e-05,2.139078605978284e-05,5.276197407511063e-05,2.2106971740722656,0.37367334961891174,5.276197407511063e-05,18.577388763427734,19.09882164001465,7.487560272216797,11.981023788452148,11.009747505187988,5.389927387237549,1287.0,-0.27513714291148467,0.3956189480742633,-0.27187948062666656,-0.271276128736223,0.534012247317384,-0.36601276862430915,40.0,0.007095701393639908,,,,
synthetic_niah_128,niah_single_1,disagreement_calibration,64,32,physical_delete_low_random_40,low_random,40,21,22,0.005475519465030909,0.005861938912774758,0.9513349258761206,0.3086415296649021,0.9340799258583646,0.006133463742828181,0.012567723527858902,0.5154729523441488,0.8573450802960482,0.48803299414027673,0.012567723527858902,110.86589546262363,5.532326886671803e-05,6.114292045822367e-05,8.807288395473734e-05,2.4925742149353027,0.3044877350330353,8.807288395473734e-05,17.34663963317871,17.46212387084961,5.593074321746826,10.762707710266113,11.0556640625,7.620930194854736,1287.0,-0.27513714291148467,0.3956189480742633,-0.27187948062666656,-0.271276128736223,0.534012247317384,-0.36601276862430915,40.0,0.007095701393639908,,,,
synthetic_niah_128,niah_single_1,disagreement_calibration,64,32,physical_delete_low_random_40,low_random,40,22,23,0.0025683052285258097,0.003083259926543793,0.7857738863682573,0.6203129572963606,0.8329836892489222,0.0023801986718720524,0.013400754946975995,0.2483378558021637,0.971251657811994,0.1776167597489846,0.013400754946975995,128.40744944387856,1.8536297404710434e-05,4.4296393753029406e-05,4.117954813409597e-05,1.791885495185852,0.5167881846427917,4.117954813409597e-05,19.56536865234375,19.69669532775879,6.719375133514404,10.813093185424805,10.762974739074707,10.46269416809082,1287.0,-0.27513714291148467,0.3956189480742633,-0.27187948062666656,-0.271276128736223,0.534012247317384,-0.36601276862430915,40.0,0.007095701393639908,5.104539836372839e-10,1.1389966964633468e-07,5.10455930118316e-10,1.1389426578976547e-07
synthetic_niah_128,niah_single_1,disagreement_calibration,64,32,physical_delete_low_random_40,low_random,40,23,24,0.002397054552136023,0.0035123904396104806,0.6593662902346474,0.7521763519790059,0.6824567465802159,0.0022691904759481905,0.01411933907152567,0.1359228161350679,0.9910295876435966,0.1607150635346979,0.01411933907152567,155.73324796388775,1.4571008475174052e-05,2.3068363589118235e-05,2.6478121071704663e-05,1.759580135345459,0.5136420130729675,2.6478121071704663e-05,19.12033462524414,18.545568466186523,8.635787963867188,14.758941650390625,13.279003143310547,10.270097732543945,1287.0,-0.27513714291148467,0.3956189480742633,-0.27187948062666656,-0.271276128736223,0.534012247317384,-0.36601276862430915,40.0,0.007095701393639908,,,,
synthetic_niah_128,niah_single_1,disagreement_calibration,64,32,physical_delete_low_random_40,low_random,40,24,25,0.003223970621680158,0.003513413067863882,0.8836344740762494,0.4694091898727164,0.9176178716840425,0.0031548512434429834,0.015561773095166513,0.23065643945347605,0.973435897406408,0.2027308343432202,0.015561773095166513,177.7596643023436,1.7747846542267517e-05,3.195786848664284e-05,3.436881161178462e-05,1.6858572959899902,0.5667960047721863,3.436881161178462e-05,19.204727172851562,18.242456436157227,6.0237555503845215,17.348247528076172,15.070077896118164,58.05117416381836,1287.0,-0.27513714291148467,0.3956189480742633,-0.27187948062666656,-0.271276128736223,0.534012247317384,-0.36601276862430915,40.0,0.007095701393639908,,,,
synthetic_niah_128,niah_single_1,disagreement_calibration,64,32,physical_delete_low_random_40,low_random,40,25,26,0.004096395729962099,0.004787865368635186,0.6424803870614646,0.7953803192852216,0.8555787213226934,0.004196900382147913,0.01652503498325867,0.2150896436564287,0.9773680486791957,0.2539722540012621,0.01652503498325867,204.6290134533388,2.050980118273856e-05,4.54225082648918e-05,7.469688716810197e-05,1.5307999849319458,0.6289698481559753,7.469688716810197e-05,17.284683227539062,17.483257293701172,8.395915985107422,23.32009506225586,19.574247360229492,55.57840347290039,1287.0,-0.27513714291148467,0.3956189480742633,-0.27187948062666656,-0.271276128736223,0.534012247317384,-0.36601276862430915,40.0,0.007095701393639908,,,,
synthetic_niah_128,niah_single_1,disagreement_calibration,64,32,physical_delete_low_random_40,low_random,40,26,27,0.013623581411786153,0.01339307370143746,0.968519899106947,0.25365335566819325,1.0172109640764504,0.014508123201394706,0.022819986353214087,0.6112146782140769,0.7918454904439662,0.6357638859565446,0.022819986353214087,238.5760024296058,6.0811326594658115e-05,4.3124349758727476e-05,8.017435175133869e-05,2.2405474185943604,0.4982297718524933,8.017435175133869e-05,18.377212524414062,17.357627868652344,8.657668113708496,34.03184127807617,24.330669403076172,151.1013641357422,1287.0,-0.27513714291148467,0.3956189480742633,-0.27187948062666656,-0.271276128736223,0.534012247317384,-0.36601276862430915,40.0,0.007095701393639908,1.9967640441204376e-08,9.873386346971971e-08,1.9966979678123824e-08,9.872900039835002e-08
synthetic_niah_128,niah_single_1,disagreement_calibration,64,32,physical_delete_low_random_40,low_random,40,27,28,0.006752021026546978,0.007195318482291563,0.916277028655504,0.40115511694637346,0.9383908499900891,0.006993937330156744,0.027898607598421787,0.37558701257810173,0.9351648746901517,0.25069126856898727,0.027898607598421787,173.58188064361372,4.02918628616325e-05,4.576929131872021e-05,4.55194604001008e-05,3.1211986541748047,0.1704605668783188,4.55194604001008e-05,17.08368682861328,15.943020820617676,4.850271701812744,33.99589538574219,24.036951065063477,133.08554077148438,1287.0,-0.27513714291148467,0.3956189480742633,-0.27187948062666656,-0.271276128736223,0.534012247317384,-0.36601276862430915,40.0,0.007095701393639908,,,,
synthetic_niah_129,niah_single_1,disagreement_calibration,64,32,physical_delete_median_value_norm_57,median_value_norm,57,0,1,0.0032009060852783554,0.003198414427658515,0.9969686488111391,0.07789757560374143,1.0007790290083405,0.004345180422358111,0.004336532805359458,0.9970808925469741,0.07651034985862022,1.0019941315762597,0.004336532805359458,15.792191057450763,0.0002751474071299342,0.00018272541637998074,0.00026762508787214756,1.6802334785461426,0.5164456367492676,0.00026762508787214756,779.23828125,778.8846435546875,1846.85595703125,3.605106830596924,4.065028190612793,0.877596378326416,1270.0,-0.2737385564142852,-0.020231270804247303,-0.28124102034322573,-0.2937233694214363,-0.7693886537199319,0.9785091318721542,57.0,0.9777090987050924,9.368972042812394e-10,8.902695278459715e-10,9.369013900031556e-10,8.90273928269862e-10
synthetic_niah_129,niah_single_1,disagreement_calibration,64,32,physical_delete_median_value_norm_57,median_value_norm,57,1,2,0.011153481392924111,0.011248042000753944,0.998581739231683,0.0536968384530628,0.991593149472282,0.011500753920111954,0.012017497982058492,0.9297025664909584,0.36932143950253893,0.9570006949268467,0.012017497982058492,20.165130802718206,0.0005703287537595185,0.0005628797807730734,0.0011193398386240005,2.9803621768951416,0.21085821092128754,0.0011193398386240005,91.83448028564453,91.1530990600586,3902.505615234375,3.8812415599823,4.009672164916992,0.5662907958030701,1270.0,-0.2737385564142852,-0.020231270804247303,-0.28124102034322573,-0.2937233694214363,-0.7693886537199319,0.9785091318721542,57.0,0.9777090987050924,,,,
synthetic_niah_129,niah_single_1,disagreement_calibration,64,32,physical_delete_median_value_norm_57,median_value_norm,57,2,3,0.0002100300355386442,0.003286746864249786,-0.06828869899466108,1.0063851457726676,0.06390210266058456,0.00021884930539150106,0.012644580906532784,0.18795858346474037,0.9968918076898066,0.017307754761443556,0.012644580906532784,23.545766114625504,9.294635151224166e-06,5.160247837920906e-06,6.991389000177151e-06,2.356273651123047,0.3713637888431549,6.991389000177151e-06,31.031875610351562,27.463594436645508,48.337364196777344,6.417501449584961,5.984463214874268,1.3169465065002441,1270.0,-0.2737385564142852,-0.020231270804247303,-0.28124102034322573,-0.2937233694214363,-0.7693886537199319,0.9785091318721542,57.0,0.9777090987050924,,,,
synthetic_niah_129,niah_single_1,disagreement_calibration,64,32,physical_delete_median_value_norm_57,median_value_norm,57,3,4,0.00021013495009267717,0.00549857496327375,-0.11891163988340503,1.0052607610266684,0.03821625630208135,0.00022571301446411027,0.014071761381452158,-0.0876001663725689,1.001532587506058,0.016040139421467182,0.014071761381452158,28.89634987857221,7.811125467839294e-06,5.734520982514368e-06,8.110295311780646e-06,2.3093245029449463,0.36137744784355164,8.110295311780646e-06,26.132373809814453,21.942440032958984,9.619653701782227,6.211735725402832,6.4897308349609375,1.3802896738052368,1270.0,-0.2737385564142852,-0.020231270804247303,-0.28124102034322573,-0.2937233694214363,-0.7693886537199319,0.9785091318721542,57.0,0.9777090987050924,,,,
synthetic_niah_129,niah_single_1,disagreement_calibration,64,32,physical_delete_median_value_norm_57,median_value_norm,57,4,5,0.0006228143032067834,0.002522553493731321,0.17805109104895323,0.986426760823168,0.24689835309915528,0.0006032086365982315,0.014575985576405137,0.0376303322011152,0.9992987771861604,0.041383728972308735,0.014575985576405137,32.371381538319966,1.8634009669441413e-05,1.7870059309643693e-05,1.7571868738741614e-05,1.728128433227539,0.58612459897995,1.7571868738741614e-05,20.77778434753418,19.02494239807129,7.08241605758667,7.1716766357421875,6.759066581726074,2.017435312271118,1270.0,-0.2737385564142852,-0.020231270804247303,-0.28124102034322573,-0.2937233694214363,-0.7693886537199319,0.9785091318721542,57.0,0.9777090987050924,1.3397362860125655e-11,1.1317157681718038e-08,1.339734454542512e-11,1.1316920322075665e-08
synthetic_niah_129,niah_single_1,disagreement_calibration,64,32,physical_delete_median_value_norm_57,median_value_norm,57,5,6,0.000936895744360117,0.005122851810979818,0.1560348010060649,0.9881164432462495,0.18288558383673456,0.0009407668637331091,0.0120450346267059,0.1803442973679828,0.9889029212721168,0.07810412280984798,0.0120450346267059,34.07387474759126,2.7609623815959276e-05,2.0130473785684444e-05,1.8759845261229202e-05,1.9502110481262207,0.501112163066864,1.8759845261229202e-05,19.37409019470215,17.90498161315918,5.341762065887451,8.492012023925781,7.690374851226807,1.5226361751556396,1270.0,-0.2737385564142852,-0.020231270804247303,-0.28124102034322573,-0.2937233694214363,-0.7693886537199319,0.9785091318721542,57.0,0.9777090987050924,,,,
synthetic_niah_129,niah_single_1,disagreement_calibration,64,32,physical_delete_median_value_norm_57,median_value_norm,57,6,7,0.0007921784090204474,0.002526479516618508,0.32527929435919034,0.9456907263912896,0.31355029946204166,0.0009040030464394829,0.011241620516855984,0.1245778595481546,0.9931921521923732,0.08041572343453479,0.011241620516855984,37.4821656548831,2.411821810839554e-05,2.4276070689666085e-05,2.7010328267351724e-05,1.3926335573196411,0.6498808860778809,2.7010328267351724e-05,20.017086029052734,19.756248474121094,7.029569149017334,7.720167636871338,6.775467872619629,1.251006007194519,1270.0,-0.2737385564142852,-0.020231270804247303,-0.28124102034322573,-0.2937233694214363,-0.7693886537199319,0.9785091318721542,57.0,0.9777090987050924,,,,
synthetic_niah_129,niah_single_1,disagreement_calibration,64,32,physical_delete_median_value_norm_57,median_value_norm,57,7,8,0.0007579216586719169,0.0030457153254387034,0.07510251571697624,1.0121992272248785,0.24884848966071582,0.0007657204593658817,0.010081388465400472,0.03670994275925635,1.0000962282968082,0.07595386905224907,0.010081388465400472,39.348667346992805,1.945988291327486e-05,3.195517274434678e-05,3.091822873102501e-05,2.606757879257202,0.31536051630973816,3.091822873102501e-05,33.02581024169922,33.48484420776367,196.19056701660156,6.458679676055908,6.112486839294434,1.2819980382919312,1270.0,-0.2737385564142852,-0.020231270804247303,-0.28124102034322573,-0.2937233694214363,-0.7693886537199319,0.9785091318721542,57.0,0.9777090987050924,3.343854088534087e-10,8.130181679703364e-09,3.3438494383900434e-10,8.129984016290024e-09
synthetic_niah_129,niah_single_1,disagreement_calibration,64,32,physical_delete_median_value_norm_57,median_value_norm,57,8,9,0.0004668752215733496,0.002219228951919004,0.09727010240490465,1.0016644885635606,0.21037722185880592,0.000418069250567572,0.009086879441826082,-0.0032805031455093187,1.0012085676518006,0.0460080111378211,0.009086879441826082,39.18652830524711,1.0668698367739613e-05,8.723071005078964e-06,1.781670653144829e-05,2.020681619644165,0.49445533752441406,1.781670653144829e-05,23.60718536376953,21.098846435546875,13.072538375854492,8.661630630493164,8.244819641113281,3.0976786613464355,1270.0,-0.2737385564142852,-0.020231270804247303,-0.28124102034322573,-0.2937233694214363,-0.7693886537199319,0.9785091318721542,57.0,0.9777090987050924,,,,
synthetic_niah_129,niah_single_1,disagreement_calibration,64,32,physical_delete_median_value_norm_57,median_value_norm,57,9,10,0.0002686357963269718,0.00364747147985068,0.4414887754157443,0.9697386876497589,0.07364986890534075,0.00022976716019085358,0.009493192544196472,0.07275129008862526,0.9985309966498741,0.024203360368090128,0.009493192544196472,40.17687933120476,5.718890168067309e-06,7.398057732643792e-06,9.195962775265798e-06,2.1864545345306396,0.4145396053791046,9.195962775265798e-06,21.159469604492188,19.852861404418945,6.69736385345459,8.031878471374512,7.513304710388184,2.932164430618286,1270.0,-0.2737385564142852,-0.020231270804247303,-0.28124102034322573,-0.2937233694214363,-0.7693886537199319,0.9785091318721542,57.0,0.9777090987050924,,,,
synthetic_niah_129,niah_single_1,disagreement_calibration,64,32,physical_delete_median_value_norm_57,median_value_norm,57,10,11,0.00010123711893134689,0.003120404093382836,0.14654570963006325,0.9957628473266011,0.03244359252893927,0.00012449162564458633,0.008854049738895685,-0.028176024151771343,1.0004948918253458,0.01406041634233167,0.008854049738895685,43.151641003626466,2.8849801015475645e-06,2.0583784134942107e-06,3.84297345590312e-06,2.5877115726470947,0.36274611949920654,3.84297345590312e-06,23.060497283935547,20.057493209838867,10.944012641906738,8.173799514770508,8.535377502441406,4.073339939117432,1270.0,-0.2737385564142852,-0.020231270804247303,-0.28124102034322573,-0.2937233694214363,-0.7693886537199319,0.9785091318721542,57.0,0.9777090987050924,5.780329938208757e-12,8.207777776699489e-09,5.7801157678218525e-12,8.20756054025409e-09
synthetic_niah_129,niah_single_1,disagreement_calibration,64,32,physical_delete_median_value_norm_57,median_value_norm,57,11,12,5.915363003930723e-05,0.0026799352139677698,-0.001345318989672793,1.0002732614869327,0.022072783599767515,6.585033748148639e-05,0.007999180949908601,-0.0473296134620385,1.0004234181494678,0.008232135001551477,0.007999180949908601,45.46814084666253,1.4482742477542924e-06,1.5511417359448387e-06,2.234324483652017e-06,2.0185658931732178,0.4860121011734009,2.234324483652017e-06,21.624256134033203,19.609355926513672,7.949995517730713,7.509904384613037,7.311403274536133,1.1777915954589844,1270.0,-0.2737385564142852,-0.020231270804247303,-0.28124102034322573,-0.2937233694214363,-0.7693886537199319,0.9785091318721542,57.0,0.9777090987050924,,,,
synthetic_niah_129,niah_single_1,disagreement_calibration,64,32,physical_delete_median_value_norm_57,median_value_norm,57,12,13,4.826571198848146e-05,0.0013470957083326254,-0.07139042825453731,1.0031946527076843,0.03582946014149402,4.2279162786991806e-05,0.0074431558817117825,-0.025060397702662354,1.0001584701170192,0.0056802737251377316,0.0074431558817117825,45.62639670166828,9.266382147912617e-07,9.027323244481522e-07,1.3212770682002883e-06,2.158435583114624,0.43396222591400146,1.3212770682002883e-06,20.173583984375,18.462373733520508,6.930051326751709,9.788957595825195,8.631064414978027,1.3838257789611816,1270.0,-0.2737385564142852,-0.020231270804247303,-0.28124102034322573,-0.2937233694214363,-0.7693886537199319,0.9785091318721542,57.0,0.9777090987050924,,,,
synthetic_niah_129,niah_single_1,disagreement_calibration,64,32,physical_delete_median_value_norm_57,median_value_norm,57,13,14,0.0006505930257467539,0.001585080787249215,0.4588337819259579,0.8898386131616303,0.41044786548438816,0.0007483980064715382,0.00743291625099401,0.08860883028491812,0.9961397277866734,0.10068699568240855,0.00743291625099401,50.51653262270496,1.481491241810144e-05,1.160030205937801e-05,1.5528879885096103e-05,2.2586193084716797,0.3331555724143982,1.5528879885096103e-05,22.60129737854004,19.832311630249023,6.210124969482422,7.295169830322266,7.803352355957031,2.4984474182128906,1270.0,-0.2737385564142852,-0.020231270804247303,-0.28124102034322573,-0.2937233694214363,-0.7693886537199319,0.9785091318721542,57.0,0.9777090987050924,,,,
synthetic_niah_129,niah_single_1,disagreement_calibration,64,32,physical_delete_median_value_norm_57,median_value_norm,57,14,15,4.2652882446474106e-05,0.0011355338168516518,0.004066294063384814,1.0005525599791416,0.037561965846805205,3.782373693440662e-05,0.007250651668680288,-0.0159478821450899,1.000096795458434,0.005216598267682473,0.007250651668680288,49.5043830347062,7.640482441300078e-07,6.733443456141686e-07,1.201055056299083e-06,1.5213794708251953,0.6269374489784241,1.201055056299083e-06,24.471343994140625,20.10799789428711,12.387578964233398,11.266498565673828,9.897773742675781,2.8655834197998047,1270.0,-0.2737385564142852,-0.020231270804247303,-0.28124102034322573,-0.2937233694214363,-0.7693886537199319,0.9785091318721542,57.0,0.9777090987050924,8.233776872474324e-13,8.016342617099878e-09,8.210982996632611e-13,8.016120668230085e-09
synthetic_niah_129,niah_single_1,disagreement_calibration,64,32,physical_delete_median_value_norm_57,median_value_norm,57,15,16,0.0006528128071449844,0.001761796289666463,0.3725551649570049,0.9280122398193521,0.370538189332078,0.0006281756880630155,0.006911422830454587,0.10826187102347835,0.9942741910288124,0.09088948881770245,0.006911422830454587,50.4511500019142,1.2451166882007279e-05,7.906054634077009e-06,1.1666697901091538e-05,2.474459171295166,0.3527611196041107,1.1666697901091538e-05,57.328880310058594,55.86594009399414,1389.7569580078125,9.68234634399414,8.45954704284668,3.598875045776367,1270.0,-0.2737385564142852,-0.020231270804247303,-0.28124102034322573,-0.2937233694214363,-0.7693886537199319,0.9785091318721542,57.0,0.9777090987050924,,,,
synthetic_niah_129,niah_single_1,disagreement_calibration,64,32,physical_delete_median_value_norm_57,median_value_norm,57,16,17,0.0003365661193591106,0.0010999745531966993,0.31131347383816965,0.9503222646394011,0.30597627770660374,0.00033357632447270715,0.0069472355921970305,0.015824952432458367,1.0003928301395706,0.048015692003790994,0.0069472355921970305,55.22273411128808,6.040561552067753e-06,8.786976650299039e-06,1.016493024508236e-05,2.6981427669525146,0.30311349034309387,1.016493024508236e-05,19.626277923583984,18.59597396850586,6.943085670471191,10.145313262939453,9.119979858398438,3.67515230178833,1270.0,-0.2737385564142852,-0.020231270804247303,-0.28124102034322573,-0.2937233694214363,-0.7693886537199319,0.9785091318721542,57.0,0.9777090987050924,,,,
synthetic_niah_129,niah_single_1,disagreement_calibration,64,32,physical_delete_median_value_norm_57,median_value_norm,57,17,18,9.758786212557256e-05,0.0007313013428997169,0.14605244033850046,0.9893571925664728,0.13344411722071015,9.481889782455668e-05,0.007049703002623417,0.01483839726902146,0.9998908687746325,0.013450055667490045,0.007049703002623417,61.45497884250493,1.5429001784795315e-06,1.8043959926217212e-06,2.324157321709208e-06,2.217710256576538,0.43532097339630127,2.324157321709208e-06,19.757984161376953,17.122854232788086,7.805800914764404,9.2443208694458,9.701337814331055,5.264163494110107,1270.0,-0.2737385564142852,-0.020231270804247303,-0.28124102034322573,-0.2937233694214363,-0.7693886537199319,0.9785091318721542,57.0,0.9777090987050924,,,,
synthetic_niah_129,niah_single_1,disagreement_calibration,64,32,physical_delete_median_value_norm_57,median_value_norm,57,18,19,9.238754916851448e-05,0.0010288616857656457,0.055844004739713404,0.9990166052385255,0.08979588845293879,9.025279460289888e-05,0.007138676284380383,-0.030506364203501755,1.0004654973390834,0.012642791325385414,0.007138676284380383,69.39449630690692,1.300575685480059e-06,1.503485123066639e-06,2.277811063322588e-06,2.1749401092529297,0.370229035615921,2.277811063322588e-06,25.93419647216797,22.886669158935547,7.367504596710205,10.52329158782959,9.468932151794434,3.6620450019836426,1270.0,-0.2737385564142852,-0.020231270804247303,-0.28124102034322573,-0.2937233694214363,-0.7693886537199319,0.9785091318721542,57.0,0.9777090987050924,4.781194309972247e-12,8.84951124054926e-09,4.780074122282658e-12,8.849301510843897e-09
synthetic_niah_129,niah_single_1,disagreement_calibration,64,32,physical_delete_median_value_norm_57,median_value_norm,57,19,20,3.024334547679413e-05,0.0010322283449288156,0.0679063794052819,0.998438404138086,0.029299084476196755,2.7463816170331305e-05,0.00673875391962073,0.03434691449946742,0.9998683152192658,0.004075503646210755,0.00673875391962073,79.90663834812874,3.436988057322581e-07,3.348296786498395e-07,6.481773198174778e-07,1.305275559425354,0.6813907027244568,6.481773198174778e-07,22.69340705871582,19.541114807128906,8.724408149719238,11.37039852142334,10.120649337768555,2.8332509994506836,1270.0,-0.2737385564142852,-0.020231270804247303,-0.28124102034322573,-0.2937233694214363,-0.7693886537199319,0.9785091318721542,57.0,0.9777090987050924,,,,
synthetic_niah_129,niah_single_1,disagreement_calibration,64,32,physical_delete_median_value_norm_57,median_value_norm,57,20,21,0.0006111824447130764,0.00132038682611547,0.45496362273916746,0.8905452220333319,0.46288135614860143,0.0005827983154544913,0.006766497018746348,0.07961047863135844,0.9968473683120873,0.08612998924552373,0.006766497018746348,92.44164577635378,6.304499563589216e-06,5.651720584864961e-06,1.2984517525183037e-05,2.531198740005493,0.3335178792476654,1.2984517525183037e-05,20.34054946899414,19.21767807006836,7.362602710723877,10.595624923706055,11.000275611877441,5.618958950042725,1270.0,-0.2737385564142852,-0.020231270804247303,-0.28124102034322573,-0.2937233694214363,-0.7693886537199319,0.9785091318721542,57.0,0.9777090987050924,,,,
synthetic_niah_129,niah_single_1,disagreement_calibration,64,32,physical_delete_median_value_norm_57,median_value_norm,57,21,22,0.0003558329157342303,0.0008449566757149042,0.36985026970538804,0.9305052073894642,0.42112563396598507,0.00034589995237833986,0.00719604465753144,0.09095590316694044,0.9967780044834846,0.048068066394824006,0.00719604465753144,119.64709515760946,2.8910016739034966e-06,8.351026735908817e-06,1.0230569387204014e-05,2.5571625232696533,0.3463539779186249,1.0230569387204014e-05,17.265178680419922,17.493576049804688,5.619006156921387,11.101638793945312,11.136276245117188,7.940159320831299,1270.0,-0.2737385564142852,-0.020231270804247303,-0.28124102034322573,-0.2937233694214363,-0.7693886537199319,0.9785091318721542,57.0,0.9777090987050924,,,,
synthetic_niah_129,niah_single_1,disagreement_calibration,64,32,physical_delete_median_value_norm_57,median_value_norm,57,22,23,0.00033680792525584823,0.0006317961165258105,0.5658516153252351,0.8251574914575477,0.5330959093384816,0.000351840515723733,0.007943043854376946,0.1291213453541364,0.9952502774041352,0.04429542656117331,0.007943043854376946,136.43094108396645,2.578890924069729e-06,3.5788871173281223e-06,4.980303856427781e-06,1.3554385900497437,0.646796703338623,4.980303856427781e-06,22.64908218383789,19.816709518432617,6.627074718475342,11.275629043579102,10.923470497131348,10.775778770446777,1270.0,-0.2737385564142852,-0.020231270804247303,-0.28124102034322573,-0.2937233694214363,-0.7693886537199319,0.9785091318721542,57.0,0.9777090987050924,5.9567075682373475e-12,9.323116399685685e-09,5.954662623642563e-12,9.322895005754943e-09
synthetic_niah_129,niah_single_1,disagreement_calibration,64,32,physical_delete_median_value_norm_57,median_value_norm,57,23,24,0.00020021979424659432,0.0007303474582101876,0.4452603846500105,0.9116053304081588,0.2741432067652556,0.0001968465316678897,0.008285367243931955,0.030134599625664307,0.9995661872303915,0.023758335131379524,0.008285367243931955,164.200196597792,1.198820316580161e-06,1.8934841818918358e-06,3.775843879338936e-06,1.3073338270187378,0.6681480407714844,3.775843879338936e-06,21.90583038330078,18.69270896911621,8.464625358581543,11.975183486938477,13.52079963684082,11.649779319763184,1270.0,-0.2737385564142852,-0.020231270804247303,-0.28124102034322573,-0.2937233694214363,-0.7693886537199319,0.9785091318721542,57.0,0.9777090987050924,,,,
synthetic_niah_129,niah_single_1,disagreement_calibration,64,32,physical_delete_median_value_norm_57,median_value_norm,57,24,25,0.0003740876556372183,0.0007222057119070305,0.5450304115947822,0.8388525553336781,0.5179793644243215,0.00037920221111158625,0.009006615819258445,0.07466403036993002,0.9977402103651261,0.04210262974698611,0.009006615819258445,190.14471639549035,1.994282135733222e-06,5.750745458499296e-06,6.0144279814267065e-06,1.6417994499206543,0.5812987089157104,6.0144279814267065e-06,20.726425170898438,18.38217544555664,6.313399314880371,11.950020790100098,15.412793159484863,66.885009765625,1270.0,-0.2737385564142852,-0.020231270804247303,-0.28124102034322573,-0.2937233694214363,-0.7693886537199319,0.9785091318721542,57.0,0.9777090987050924,,,,
synthetic_niah_129,niah_single_1,disagreement_calibration,64,32,physical_delete_median_value_norm_57,median_value_norm,57,25,26,0.00022637654597421552,0.0013724313950141155,0.220775782472313,0.9769212153638659,0.16494561899167806,0.00023107042142830043,0.009250777546682666,-0.017726598948647834,1.0007544613975088,0.024978486431247327,0.009250777546682666,214.0220777789926,1.0796569392570453e-06,3.929580543626798e-06,3.333096401547664e-06,1.3847907781600952,0.6698868274688721,3.333096401547664e-06,19.77155876159668,17.727157592773438,8.088042259216309,14.089385986328125,20.240509033203125,60.828487396240234,1270.0,-0.2737385564142852,-0.020231270804247303,-0.28124102034322573,-0.2937233694214363,-0.7693886537199319,0.9785091318721542,57.0,0.9777090987050924,,,,
synthetic_niah_129,niah_single_1,disagreement_calibration,64,32,physical_delete_median_value_norm_57,median_value_norm,57,26,27,0.00027661911180324383,0.00045044802535809355,0.3588238957212127,0.9676828739492034,0.614097734324264,0.00020708230751402228,0.010106056352290846,0.0895297117814793,0.9983740714964697,0.020490911617277965,0.010106056352290846,263.8809418077972,7.847565879344734e-07,3.4297506772418274e-06,2.7776791284850333e-06,1.6698740720748901,0.6618589162826538,2.7776791284850333e-06,21.274490356445312,17.566606521606445,8.483861923217773,15.353642463684082,25.20865249633789,157.77760314941406,1270.0,-0.2737385564142852,-0.020231270804247303,-0.28124102034322573,-0.2937233694214363,-0.7693886537199319,0.9785091318721542,57.0,0.9777090987050924,6.235631211558564e-12,9.501768953046036e-09,6.232657245382366e-12,9.501527062873028e-09
synthetic_niah_129,niah_single_1,disagreement_calibration,64,32,physical_delete_median_value_norm_57,median_value_norm,57,27,28,0.0015366926436477138,0.0025395943231357365,0.4253884852788157,0.9226801274075818,0.6050937465281065,0.0015055081266687252,0.010566761852207885,0.15293346852614031,0.988291817473252,0.14247582634354108,0.010566761852207885,202.74232908364868,7.425721769466175e-06,1.8771810573525727e-05,1.1942183846258558e-05,2.963963508605957,0.19373679161071777,1.1942183846258558e-05,18.345252990722656,16.171913146972656,4.41328763961792,15.454809188842773,24.944049835205078,137.37586975097656,1270.0,-0.2737385564142852,-0.020231270804247303,-0.28124102034322573,-0.2937233694214363,-0.7693886537199319,0.9785091318721542,57.0,0.9777090987050924,,,,
synthetic_niah_129,niah_single_1,disagreement_calibration,64,32,physical_delete_low_v_ridge_74,low_v_ridge,74,0,1,0.009955777401673973,0.009953073156311231,0.9996867532983956,0.02503472472018224,1.0002716995364418,0.014911260353054007,0.014909729400680942,0.9997520419970329,0.022270551649579796,1.0001026814325011,0.014909729400680942,15.792191057450763,0.0009442173222707351,0.0002458086528349668,0.0007111666491255164,1.6802334785461426,0.5164456367492676,0.0007111666491255164,778.4987182617188,778.8846435546875,1846.85595703125,4.92659854888916,4.065028190612793,0.877596378326416,1253.0,-0.24451296046269805,0.6950318863597792,-0.2215444491895185,-0.21201794561857232,-1.4682705994221357,1.1331818267289968,74.0,0.6486886598615509,3.3207983534706283e-08,3.262422427205354e-08,3.320846474468548e-08,3.2624631899694336e-08
synthetic_niah_129,niah_single_1,disagreement_calibration,64,32,physical_delete_low_v_ridge_74,low_v_ridge,74,1,2,0.0024952040758534767,0.0046275714937763805,0.5533939957619642,0.8330404836910995,0.5392037873881097,0.003027407945910461,0.015406463689901496,0.2516808398185614,0.9693819726827364,0.19650245551773451,0.015406463689901496,20.165130802718206,0.00015013083602226742,0.00010214472422376275,0.00019952564616687596,2.9803621768951416,0.21085821092128754,0.00019952564616687596,91.7200927734375,91.1530990600586,3902.505615234375,3.9812302589416504,4.009672164916992,0.5662907958030701,1253.0,-0.24451296046269805,0.6950318863597792,-0.2215444491895185,-0.21201794561857232,-1.4682705994221357,1.1331818267289968,74.0,0.6486886598615509,,,,
synthetic_niah_129,niah_single_1,disagreement_calibration,64,32,physical_delete_low_v_ridge_74,low_v_ridge,74,2,3,0.0011256613844125368,0.003929624366955495,0.18781056654734987,0.9871463707754378,0.28645521283874037,0.0010145295333532402,0.01674079754813907,0.1903969827053779,0.9902503061463952,0.06060222223199973,0.01674079754813907,23.545766114625504,4.3087556735861015e-05,2.6753376005217433e-05,5.106110984343104e-05,2.356273651123047,0.3713637888431549,5.106110984343104e-05,26.21214485168457,27.463594436645508,48.337364196777344,5.869656562805176,5.984463214874268,1.3169465065002441,1253.0,-0.24451296046269805,0.6950318863597792,-0.2215444491895185,-0.21201794561857232,-1.4682705994221357,1.1331818267289968,74.0,0.6486886598615509,,,,
synthetic_niah_129,niah_single_1,disagreement_calibration,64,32,physical_delete_low_v_ridge_74,low_v_ridge,74,3,4,0.0007126184287111984,0.006417798833293711,0.13089200120306793,0.9915954176492444,0.1110378257751454,0.000694735135432184,0.020068950634191462,0.09168515405311359,0.9974219566926963,0.034617412145534106,0.020068950634191462,28.89634987857221,2.404231462975736e-05,1.67832931765588e-05,2.2544183593709022e-05,2.3093245029449463,0.36137744784355164,2.2544183593709022e-05,23.401123046875,21.942440032958984,9.619653701782227,6.738663673400879,6.4897308349609375,1.3802896738052368,1253.0,-0.24451296046269805,0.6950318863597792,-0.2215444491895185,-0.21201794561857232,-1.4682705994221357,1.1331818267289968,74.0,0.6486886598615509,,,,
synthetic_niah_129,niah_single_1,disagreement_calibration,64,32,physical_delete_low_v_ridge_74,low_v_ridge,74,4,5,0.00023004490682156814,0.003990654627946484,0.07375110792422002,0.9974067132150809,0.05764590731820482,0.00022882268603109491,0.022378544591055746,0.09592203601351906,0.9990710330868245,0.010225092391511053,0.022378544591055746,32.371381538319966,7.068672239404538e-06,4.3680743146978784e-06,6.180613581818761e-06,1.728128433227539,0.58612459897995,6.180613581818761e-06,21.978317260742188,19.02494239807129,7.08241605758667,7.088335990905762,6.759066581726074,2.017435312271118,1253.0,-0.24451296046269805,0.6950318863597792,-0.2215444491895185,-0.21201794561857232,-1.4682705994221357,1.1331818267289968,74.0,0.6486886598615509,2.3742556705513733e-12,4.684741606878349e-08,2.3734437696909086e-12,4.6848345635600955e-08
synthetic_niah_129,niah_single_1,disagreement_calibration,64,32,physical_delete_low_v_ridge_74,low_v_ridge,74,5,6,0.00046941691485811326,0.007529644804204576,0.10594933535127644,0.9953272296276212,0.06234250446926653,0.000334463418623691,0.018262267920774088,0.02565209880776514,0.9996978598036351,0.01831445141833808,0.018262267920774088,34.07387474759126,9.815831662858794e-06,1.0427465895190835e-05,1.816478652472142e-05,1.9502110481262207,0.501112163066864,1.816478652472142e-05,19.33382225036621,17.90498161315918,5.341762065887451,7.651729583740234,7.690374851226807,1.5226361751556396,1253.0,-0.24451296046269805,0.6950318863597792,-0.2215444491895185,-0.21201794561857232,-1.4682705994221357,1.1331818267289968,74.0,0.6486886598615509,,,,
synthetic_niah_129,niah_single_1,disagreement_calibration,64,32,physical_delete_low_v_ridge_74,low_v_ridge,74,6,7,3.366984800724208e-05,0.00251193283633859,-0.08124027691393582,1.0011780805851695,0.013403960297091174,4.320744227878373e-05,0.018026574036660727,0.10209634562080114,0.9997581310892698,0.0023968748687860798,0.018026574036660727,37.4821656548831,1.152746686960836e-06,7.331607321248157e-07,1.3600127886093105e-06,1.3926335573196411,0.6498808860778809,1.3600127886093105e-06,21.66643524169922,19.756248474121094,7.029569149017334,7.403369426727295,6.775467872619629,1.251006007194519,1253.0,-0.24451296046269805,0.6950318863597792,-0.2215444491895185,-0.21201794561857232,-1.4682705994221357,1.1331818267289968,74.0,0.6486886598615509,,,,
synthetic_niah_129,niah_single_1,disagreement_calibration,64,32,physical_delete_low_v_ridge_74,low_v_ridge,74,7,8,0.0009333475102639705,0.0044465903390379985,0.17024208464704185,0.986200045174287,0.209901843682298,0.0011291284541432819,0.01617679632917647,0.15908174547779183,0.9912942852725901,0.06979926254661349,0.01617679632917647,39.348667346992805,2.8695468748310094e-05,2.029284405580256e-05,2.8869122616015375e-05,2.606757879257202,0.31536051630973816,2.8869122616015375e-05,33.85591125488281,33.48484420776367,196.19056701660156,6.326544284820557,6.112486839294434,1.2819980382919312,1253.0,-0.24451296046269805,0.6950318863597792,-0.2215444491895185,-0.21201794561857232,-1.4682705994221357,1.1331818267289968,74.0,0.6486886598615509,1.5863680722790253e-10,4.414985046174934e-08,1.5863545548356508e-10,4.415071082707571e-08
synthetic_niah_129,niah_single_1,disagreement_calibration,64,32,physical_delete_low_v_ridge_74,low_v_ridge,74,8,9,0.0008145823595022623,0.004217345703663829,0.21853716748002433,0.9761587935271406,0.1931504829671876,0.0007486586918909957,0.01379490687517853,-0.016333049379679294,1.0023562815613034,0.054270659357481654,0.01379490687517853,39.18652830524711,1.9105001751092853e-05,1.2065006558259483e-05,3.1786647014087066e-05,2.020681619644165,0.49445533752441406,3.1786647014087066e-05,23.66204833984375,21.098846435546875,13.072538375854492,8.928069114685059,8.244819641113281,3.0976786613464355,1253.0,-0.24451296046269805,0.6950318863597792,-0.2215444491895185,-0.21201794561857232,-1.4682705994221357,1.1331818267289968,74.0,0.6486886598615509,,,,
synthetic_niah_129,niah_single_1,disagreement_calibration,64,32,physical_delete_low_v_ridge_74,low_v_ridge,74,9,10,4.199304561397356e-05,0.0031381316843326693,0.16491454738851194,0.9978804754728321,0.013381543490869624,3.977614776917857e-05,0.013929394548245719,0.07198308853966817,0.99979850515093,0.002855554678375308,0.013929394548245719,40.17687933120476,9.90025816621478e-07,8.41270605178579e-07,8.911878239814541e-07,2.1864545345306396,0.4145396053791046,8.911878239814541e-07,22.39633560180664,19.852861404418945,6.69736385345459,8.087658882141113,7.513304710388184,2.932164430618286,1253.0,-0.24451296046269805,0.6950318863597792,-0.2215444491895185,-0.21201794561857232,-1.4682705994221357,1.1331818267289968,74.0,0.6486886598615509,,,,
synthetic_niah_129,niah_single_1,disagreement_calibration,64,32,physical_delete_low_v_ridge_74,low_v_ridge,74,10,11,3.775093471118354e-05,0.004303134371383961,0.1039160042813082,0.999126456359557,0.008772892374039947,4.5566426753881315e-05,0.013190568115724974,-0.04683526940647056,1.000167743664368,0.0034544703726263203,0.013190568115724974,43.151641003626466,1.0559604616207275e-06,7.691776318097254e-07,1.142532710218802e-06,2.5877115726470947,0.36274611949920654,1.142532710218802e-06,24.42937469482422,20.057493209838867,10.944012641906738,9.123833656311035,8.535377502441406,4.073339939117432,1253.0,-0.24451296046269805,0.6950318863597792,-0.2215444491895185,-0.21201794561857232,-1.4682705994221357,1.1331818267289968,74.0,0.6486886598615509,1.6130766652445496e-12,4.399448533632304e-08,1.6133950226947954e-12,4.3995344830352746e-08
synthetic_niah_129,niah_single_1,disagreement_calibration,64,32,physical_delete_low_v_ridge_74,low_v_ridge,74,11,12,4.7751060519497776e-05,0.003810123660490359,-0.07403752908248516,1.0010059167579413,0.012532679979565878,4.39619697716961e-05,0.011759115957242475,0.03885758568438695,0.9998617080073386,0.0037385437758711607,0.011759115957242475,45.46814084666253,9.66874144248698e-07,1.4505576473311521e-06,2.382197862971225e-06,2.0185658931732178,0.4860121011734009,2.382197862971225e-06,21.67263412475586,19.609355926513672,7.949995517730713,6.732100486755371,7.311403274536133,1.1777915954589844,1253.0,-0.24451296046269805,0.6950318863597792,-0.2215444491895185,-0.21201794561857232,-1.4682705994221357,1.1331818267289968,74.0,0.6486886598615509,,,,
synthetic_niah_129,niah_single_1,disagreement_calibration,64,32,physical_delete_low_v_ridge_74,low_v_ridge,74,12,13,2.9439181991454642e-05,0.0023258114695708914,-0.05603484681470605,1.000789062512434,0.012657596016106209,2.613092950349468e-05,0.011092792247354842,-0.016967203940646495,1.0000427427609215,0.002355667438892655,0.011092792247354842,45.62639670166828,5.72715169123562e-07,5.741136419601389e-07,7.058361006784253e-07,2.158435583114624,0.43396222591400146,7.058361006784253e-07,22.25798225402832,18.462373733520508,6.930051326751709,9.656124114990234,8.631064414978027,1.3838257789611816,1253.0,-0.24451296046269805,0.6950318863597792,-0.2215444491895185,-0.21201794561857232,-1.4682705994221357,1.1331818267289968,74.0,0.6486886598615509,,,,
synthetic_niah_129,niah_single_1,disagreement_calibration,64,32,physical_delete_low_v_ridge_74,low_v_ridge,74,13,14,0.0001257563911778801,0.0017640749092115362,0.07769787855246417,0.9969975593453081,0.07128744392951412,0.00012105312037887184,0.01110607421092475,-0.004675415308762593,1.0001103566062017,0.010899721907115936,0.01110607421092475,50.51653262270496,2.3963069928608635e-06,1.7939564713742584e-06,2.9740549507550895e-06,2.2586193084716797,0.3331555724143982,2.9740549507550895e-06,23.54071807861328,19.832311630249023,6.210124969482422,8.245441436767578,7.803352355957031,2.4984474182128906,1253.0,-0.24451296046269805,0.6950318863597792,-0.2215444491895185,-0.21201794561857232,-1.4682705994221357,1.1331818267289968,74.0,0.6486886598615509,,,,
synthetic_niah_129,niah_single_1,disagreement_calibration,64,32,physical_delete_low_v_ridge_74,low_v_ridge,74,14,15,1.6948789495056357e-05,0.0015280214959021653,-0.06134609894539659,1.0007416909265885,0.011091983679882431,1.7228161212164503e-05,0.010841216015708527,-0.0209749472690778,1.0000345941107134,0.001589135498010696,0.010841216015708527,49.5043830347062,3.480128456521981e-07,2.3226482426252915e-07,2.757354593541095e-07,1.5213794708251953,0.6269374489784241,2.757354593541095e-07,22.090229034423828,20.10799789428711,12.387578964233398,11.328709602355957,9.897773742675781,2.8655834197998047,1253.0,-0.24451296046269805,0.6950318863597792,-0.2215444491895185,-0.21201794561857232,-1.4682705994221357,1.1331818267289968,74.0,0.6486886598615509,1.2543115336451124e-12,4.497139855233854e-08,1.2533562143823101e-12,4.497227847147649e-08
synthetic_niah_129,niah_single_1,disagreement_calibration,64,32,physical_delete_low_v_ridge_74,low_v_ridge,74,15,16,0.00016262828018183512,0.0026213919107224053,0.10692046810701235,0.9952800451771161,0.06203890365138797,0.00015410665198114284,0.010154013587938908,0.04267328822549489,0.999467378525779,0.015176920007689675,0.010154013587938908,50.4511500019142,3.0545716396017886e-06,2.254731725770398e-06,3.3229625842068344e-06,2.474459171295166,0.3527611196041107,3.3229625842068344e-06,57.81089782714844,55.86594009399414,1389.7569580078125,9.748143196105957,8.45954704284668,3.598875045776367,1253.0,-0.24451296046269805,0.6950318863597792,-0.2215444491895185,-0.21201794561857232,-1.4682705994221357,1.1331818267289968,74.0,0.6486886598615509,,,,
synthetic_niah_129,niah_single_1,disagreement_calibration,64,32,physical_delete_low_v_ridge_74,low_v_ridge,74,16,17,0.00011862646636449002,0.0016307340263433244,-0.04283651954477774,1.0057454641980557,0.07274421484323351,0.00012475757053100273,0.010014536765188492,-0.010304919296639346,1.0002059503386747,0.012457647663212165,0.010014536765188492,55.22273411128808,2.2591704764125584e-06,2.3618410978087923e-06,3.131766789010726e-06,2.6981427669525146,0.30311349034309387,3.131766789010726e-06,21.211530685424805,18.59597396850586,6.943085670471191,9.69486141204834,9.119979858398438,3.67515230178833,1253.0,-0.24451296046269805,0.6950318863597792,-0.2215444491895185,-0.21201794561857232,-1.4682705994221357,1.1331818267289968,74.0,0.6486886598615509,,,,
synthetic_niah_129,niah_single_1,disagreement_calibration,64,32,physical_delete_low_v_ridge_74,low_v_ridge,74,17,18,0.00010705014992397233,0.0009417085899440502,0.10616496745775088,0.9943769018936365,0.11367651422860282,0.00010395443523833924,0.010253509114915373,0.03582015582186324,0.9996881852479976,0.010138425203828107,0.010253509114915373,61.45497884250493,1.6915543247480518e-06,1.6874245147846523e-06,2.7963069442193955e-06,2.217710256576538,0.43532097339630127,2.7963069442193955e-06,20.56659698486328,17.122854232788086,7.805800914764404,10.50409984588623,9.701337814331055,5.264163494110107,1253.0,-0.24451296046269805,0.6950318863597792,-0.2215444491895185,-0.21201794561857232,-1.4682705994221357,1.1331818267289968,74.0,0.6486886598615509,,,,
synthetic_niah_129,niah_single_1,disagreement_calibration,64,32,physical_delete_low_v_ridge_74,low_v_ridge,74,18,19,0.00014975439289916314,0.001364991669906131,0.059150833063344094,0.9995286359104626,0.10971084747312897,0.00014821892203289292,0.010351369357001709,0.03481088837585357,0.9996039859803214,0.014318774349660031,0.010351369357001709,69.39449630690692,2.1358887220302587e-06,1.8706683704294846e-06,3.4817674077203264e-06,2.1749401092529297,0.370229035615921,3.4817674077203264e-06,25.277250289916992,22.886669158935547,7.367504596710205,10.548992156982422,9.468932151794434,3.6620450019836426,1253.0,-0.24451296046269805,0.6950318863597792,-0.2215444491895185,-0.21201794561857232,-1.4682705994221357,1.1331818267289968,74.0,0.6486886598615509,5.568915246497173e-12,4.4158786836238925e-08,5.566570374016463e-12,4.4159634201715115e-08
synthetic_niah_129,niah_single_1,disagreement_calibration,64,32,physical_delete_low_v_ridge_74,low_v_ridge,74,19,20,3.561236620226772e-05,0.0014474703499734846,0.0625074049043124,0.9987640136605522,0.02460317491333766,3.303934826516269e-05,0.009802245936092574,0.0326764144292832,0.9998955361979739,0.003370589605746315,0.009802245936092574,79.90663834812874,4.134743864611144e-07,4.5217947786113655e-07,8.86213399553526e-07,1.305275559425354,0.6813907027244568,8.86213399553526e-07,22.578372955322266,19.541114807128906,8.724408149719238,10.070697784423828,10.120649337768555,2.8332509994506836,1253.0,-0.24451296046269805,0.6950318863597792,-0.2215444491895185,-0.21201794561857232,-1.4682705994221357,1.1331818267289968,74.0,0.6486886598615509,,,,
synthetic_niah_129,niah_single_1,disagreement_calibration,64,32,physical_delete_low_v_ridge_74,low_v_ridge,74,20,21,0.00013633743153267116,0.0018615010357458952,0.04621932669931845,0.9992967139113517,0.073240588597385,0.00013964992735734228,0.009868604220369375,0.056358321308319526,0.9993023583989754,0.014150929983502295,0.009868604220369375,92.44164577635378,1.5106819679000586e-06,1.6095473256427795e-06,2.3086563487595413e-06,2.531198740005493,0.3335178792476654,2.3086563487595413e-06,21.29021453857422,19.21767807006836,7.362602710723877,11.517093658447266,11.000275611877441,5.618958950042725,1253.0,-0.24451296046269805,0.6950318863597792,-0.2215444491895185,-0.21201794561857232,-1.4682705994221357,1.1331818267289968,74.0,0.6486886598615509,,,,
synthetic_niah_129,niah_single_1,disagreement_calibration,64,32,physical_delete_low_v_ridge_74,low_v_ridge,74,21,22,0.0001437608735487401,0.001150569622663134,0.09690551894722825,0.9956885440663902,0.12494756572486937,0.00014434297525029414,0.01045644497539991,0.018851108320437612,0.9998350398366929,0.013804211239085462,0.01045644497539991,119.64709515760946,1.206406014790022e-06,2.163209728678339e-06,3.193247721355874e-06,2.5571625232696533,0.3463539779186249,3.193247721355874e-06,19.15145492553711,17.493576049804688,5.619006156921387,11.160444259643555,11.136276245117188,7.940159320831299,1253.0,-0.24451296046269805,0.6950318863597792,-0.2215444491895185,-0.21201794561857232,-1.4682705994221357,1.1331818267289968,74.0,0.6486886598615509,,,,
synthetic_niah_129,niah_single_1,disagreement_calibration,64,32,physical_delete_low_v_ridge_74,low_v_ridge,74,22,23,2.137223580539342e-05,0.0008756032749822107,0.011296387750522026,1.0000221604073627,0.024408583677154056,2.4130370931500502e-05,0.011562681334529605,0.009828884773494731,0.999981665366643,0.002086918270370389,0.011562681334529605,136.43094108396645,1.7686875674814456e-07,3.1533875244349474e-07,2.640346394855442e-07,1.3554385900497437,0.646796703338623,2.640346394855442e-07,22.331607818603516,19.816709518432617,6.627074718475342,13.781806945800781,10.923470497131348,10.775778770446777,1253.0,-0.24451296046269805,0.6950318863597792,-0.2215444491895185,-0.21201794561857232,-1.4682705994221357,1.1331818267289968,74.0,0.6486886598615509,8.681190835931917e-13,4.449174540597291e-08,8.664040577201367e-13,4.4492592842137854e-08
synthetic_niah_129,niah_single_1,disagreement_calibration,64,32,physical_delete_low_v_ridge_74,low_v_ridge,74,23,24,0.00031588298755265523,0.0010130334262320757,0.3769421740652805,0.9285233630895557,0.3118189186782961,0.0003148578364542605,0.012191126161582147,0.007583675439982134,1.0001376403465787,0.02582680486454737,0.012191126161582147,164.200196597792,1.9175241137226165e-06,2.6623820303939283e-06,5.545015483221505e-06,1.3073338270187378,0.6681480407714844,5.545015483221505e-06,21.184925079345703,18.69270896911621,8.464625358581543,16.062259674072266,13.52079963684082,11.649779319763184,1253.0,-0.24451296046269805,0.6950318863597792,-0.2215444491895185,-0.21201794561857232,-1.4682705994221357,1.1331818267289968,74.0,0.6486886598615509,,,,
synthetic_niah_129,niah_single_1,disagreement_calibration,64,32,physical_delete_low_v_ridge_74,low_v_ridge,74,24,25,0.0006227768126094292,0.0011490336199922854,0.61112230833554,0.79454851753079,0.5420005139741781,0.0006540613168150613,0.013101348119749728,0.10526127596820614,0.9959831151361237,0.04992320720255434,0.013101348119749728,190.14471639549035,3.4398080010524743e-06,5.693612820323324e-06,1.4373209523910191e-05,1.6417994499206543,0.5812987089157104,1.4373209523910191e-05,20.279834747314453,18.38217544555664,6.313399314880371,20.035823822021484,15.412793159484863,66.885009765625,1253.0,-0.24451296046269805,0.6950318863597792,-0.2215444491895185,-0.21201794561857232,-1.4682705994221357,1.1331818267289968,74.0,0.6486886598615509,,,,
synthetic_niah_129,niah_single_1,disagreement_calibration,64,32,physical_delete_low_v_ridge_74,low_v_ridge,74,25,26,0.00012633684675528831,0.0020897553942424967,0.03424614294744894,0.9997570320073622,0.06045532750070179,0.0001414432082975698,0.013713457470048514,0.032038898116881584,0.9997226975229846,0.010314190174614617,0.013713457470048514,214.0220777789926,6.60881390206993e-07,1.2983186934434343e-06,1.7557487126396154e-06,1.3847907781600952,0.6698868274688721,1.7557487126396154e-06,19.349803924560547,17.727157592773438,8.088042259216309,26.25484848022461,20.240509033203125,60.828487396240234,1253.0,-0.24451296046269805,0.6950318863597792,-0.2215444491895185,-0.21201794561857232,-1.4682705994221357,1.1331818267289968,74.0,0.6486886598615509,,,,
synthetic_niah_129,niah_single_1,disagreement_calibration,64,32,physical_delete_low_v_ridge_74,low_v_ridge,74,26,27,0.0003055571590906931,0.001063469796940552,0.355757855353704,0.9370805501670528,0.28732095633532484,0.0003328353426127327,0.015201513699235683,0.005858713479159365,1.0001114108760214,0.0218948816017886,0.015201513699235683,263.8809418077972,1.26130875664056e-06,1.03211948498938e-06,1.80375536729116e-06,1.6698740720748901,0.6618589162826538,1.80375536729116e-06,19.948440551757812,17.566606521606445,8.483861923217773,36.90471649169922,25.20865249633789,157.77760314941406,1253.0,-0.24451296046269805,0.6950318863597792,-0.2215444491895185,-0.21201794561857232,-1.4682705994221357,1.1331818267289968,74.0,0.6486886598615509,3.0700640830378767e-12,4.6648030512405446e-08,3.067176040876603e-12,4.6648722463038456e-08
synthetic_niah_129,niah_single_1,disagreement_calibration,64,32,physical_delete_low_v_ridge_74,low_v_ridge,74,27,28,0.0009682655648804074,0.0031776813846572166,0.23885563852297054,0.9732854377745019,0.30470819684927486,0.0007926728261088233,0.016528863907563553,0.029952637206788913,0.9997134551780703,0.04795688503104553,0.016528863907563553,202.74232908364868,3.909754956902845e-06,3.401598632990499e-06,4.167510269326158e-06,2.963963508605957,0.19373679161071777,4.167510269326158e-06,17.38764190673828,16.171913146972656,4.41328763961792,37.25457000732422,24.944049835205078,137.37586975097656,1253.0,-0.24451296046269805,0.6950318863597792,-0.2215444491895185,-0.21201794561857232,-1.4682705994221357,1.1331818267289968,74.0,0.6486886598615509,,,,
synthetic_niah_129,niah_single_1,disagreement_calibration,64,32,physical_delete_median_attention_43,median_attention,43,0,1,0.01036048365946422,0.010354534853757699,0.9997108535828069,0.024061486545830336,1.0005745121138263,0.014934265594122932,0.014930841965200307,0.9997541126021691,0.0221797235617583,1.0002292991199428,0.014930841965200307,15.792191057450763,0.0009456740701650097,0.0002703836653381586,0.0007742224843241274,1.6802334785461426,0.5164456367492676,0.0007742224843241274,778.5771484375,778.8846435546875,1846.85595703125,4.936966896057129,4.065028190612793,0.877596378326416,1284.0,-0.2227705564058716,0.637602509606267,-0.19678231226892037,-0.19025588862363918,0.044384375126181624,-0.15430287171829593,43.0,0.05282100705497461,8.172464566829622e-09,7.892648070250554e-09,8.17254684054844e-09,7.892732476839306e-09
synthetic_niah_129,niah_single_1,disagreement_calibration,64,32,physical_delete_median_attention_43,median_attention,43,1,2,0.007777928681614774,0.008275175382669687,0.9354711625029569,0.3534309219886008,0.9399110377652813,0.009091553625368646,0.016981266054455244,0.5265013180908654,0.8502207490640165,0.535387267133911,0.016981266054455244,20.165130802718206,0.00045085517740074015,0.00035632657818496227,0.0005963458679616451,2.9803621768951416,0.21085821092128754,0.0005963458679616451,91.35060119628906,91.1530990600586,3902.505615234375,4.397514343261719,4.009672164916992,0.5662907958030701,1284.0,-0.2227705564058716,0.637602509606267,-0.19678231226892037,-0.19025588862363918,0.044384375126181624,-0.15430287171829593,43.0,0.05282100705497461,,,,
synthetic_niah_129,niah_single_1,disagreement_calibration,64,32,physical_delete_median_attention_43,median_attention,43,2,3,0.0014880966728369211,0.00487738822465367,0.2728190763555194,0.962606816280648,0.3051011328799005,0.0013553115908452437,0.016782830788104754,0.05571601560590632,0.9987605911276856,0.08075583958135682,0.016782830788104754,23.545766114625504,5.7560734454224825e-05,7.006212399573997e-05,7.024455408100039e-05,2.356273651123047,0.3713637888431549,7.024455408100039e-05,26.533315658569336,27.463594436645508,48.337364196777344,5.413815975189209,5.984463214874268,1.3169465065002441,1284.0,-0.2227705564058716,0.637602509606267,-0.19678231226892037,-0.19025588862363918,0.044384375126181624,-0.15430287171829593,43.0,0.05282100705497461,,,,
synthetic_niah_129,niah_single_1,disagreement_calibration,64,32,physical_delete_median_attention_43,median_attention,43,3,4,0.002579995460550445,0.0065866611252224806,0.40515573569482105,0.9143466987089413,0.39170004521271,0.002731138643144438,0.018996081820697255,0.22316316702903638,0.9780086269365147,0.14377378813817887,0.018996081820697255,28.89634987857221,9.451500465010932e-05,5.6616569054313004e-05,7.121276576071978e-05,2.3093245029449463,0.36137744784355164,7.121276576071978e-05,20.96460723876953,21.942440032958984,9.619653701782227,8.336517333984375,6.4897308349609375,1.3802896738052368,1284.0,-0.2227705564058716,0.637602509606267,-0.19678231226892037,-0.19025588862363918,0.044384375126181624,-0.15430287171829593,43.0,0.05282100705497461,,,,
synthetic_niah_129,niah_single_1,disagreement_calibration,64,32,physical_delete_median_attention_43,median_attention,43,4,5,0.0024205498557652813,0.0044620987419037375,0.5064729256405647,0.8630068868346381,0.5424689133464946,0.0023278089498739727,0.019912843176617845,0.09747328506842332,0.9954277227574619,0.11689987859731371,0.019912843176617845,32.371381538319966,7.19094718623116e-05,3.347539677633904e-05,5.792127922177315e-05,1.728128433227539,0.58612459897995,5.792127922177315e-05,20.64034080505371,19.02494239807129,7.08241605758667,7.957252502441406,6.759066581726074,2.017435312271118,1284.0,-0.2227705564058716,0.637602509606267,-0.19678231226892037,-0.19025588862363918,0.044384375126181624,-0.15430287171829593,43.0,0.05282100705497461,4.846913194723311e-10,2.384585330913514e-08,4.846904640589202e-10,2.3845543869953014e-08
synthetic_niah_129,niah_single_1,disagreement_calibration,64,32,physical_delete_median_attention_43,median_attention,43,5,6,0.002079657262340529,0.0073911099644978755,0.2837267713457968,0.9589080562965788,0.2813727941175089,0.0016509663713542321,0.015778755878540583,0.1209993309722349,0.9927875120021344,0.10463222728476196,0.015778755878540583,34.07387474759126,4.845255737963707e-05,4.844472277909517e-05,7.01556564308703e-05,1.9502110481262207,0.501112163066864,7.01556564308703e-05,18.911930084228516,17.90498161315918,5.341762065887451,8.189901351928711,7.690374851226807,1.5226361751556396,1284.0,-0.2227705564058716,0.637602509606267,-0.19678231226892037,-0.19025588862363918,0.044384375126181624,-0.15430287171829593,43.0,0.05282100705497461,,,,
synthetic_niah_129,niah_single_1,disagreement_calibration,64,32,physical_delete_median_attention_43,median_attention,43,6,7,0.0007822047255398323,0.0028084205513294537,0.3358474600989239,0.9436592504980462,0.2785212226030575,0.0009470356033572751,0.014699776497050985,0.1376094086597975,0.9931865803568534,0.06442517024304865,0.014699776497050985,37.4821656548831,2.5266298966743328e-05,1.627832534722984e-05,2.1366546206991188e-05,1.3926335573196411,0.6498808860778809,2.1366546206991188e-05,21.631254196166992,19.756248474121094,7.029569149017334,8.137248039245605,6.775467872619629,1.251006007194519,1284.0,-0.2227705564058716,0.637602509606267,-0.19678231226892037,-0.19025588862363918,0.044384375126181624,-0.15430287171829593,43.0,0.05282100705497461,,,,
synthetic_niah_129,niah_single_1,disagreement_calibration,64,32,physical_delete_median_attention_43,median_attention,43,7,8,0.003895140869754251,0.0047395022491168275,0.7778129574388533,0.6300364356921594,0.821845979813615,0.004277074961233061,0.013648980811819231,0.3330215519408529,0.943124135614887,0.3133622224400345,0.013648980811819231,39.348667346992805,0.00010869681871347882,0.00010714098607422784,0.00013307936023920774,2.606757879257202,0.31536051630973816,0.00013307936023920774,34.526588439941406,33.48484420776367,196.19056701660156,7.124953269958496,6.112486839294434,1.2819980382919312,1284.0,-0.2227705564058716,0.637602509606267,-0.19678231226892037,-0.19025588862363918,0.044384375126181624,-0.15430287171829593,43.0,0.05282100705497461,6.7135540411604145e-09,1.1345999962150757e-08,6.71351507634862e-09,1.134570816408168e-08
synthetic_niah_129,niah_single_1,disagreement_calibration,64,32,physical_delete_median_attention_43,median_attention,43,8,9,0.0009661267229020588,0.0029202673953022365,0.24378962536832308,0.9737266142687967,0.3308350202643236,0.0009504501134093053,0.011755749888530282,0.11332445558879724,0.9940886130248031,0.08084980732166051,0.011755749888530282,39.18652830524711,2.425451180583505e-05,2.822520946210716e-05,2.8418782676453702e-05,2.020681619644165,0.49445533752441406,2.8418782676453702e-05,20.258270263671875,21.098846435546875,13.072538375854492,8.789854049682617,8.244819641113281,3.0976786613464355,1284.0,-0.2227705564058716,0.637602509606267,-0.19678231226892037,-0.19025588862363918,0.044384375126181624,-0.15430287171829593,43.0,0.05282100705497461,,,,
synthetic_niah_129,niah_single_1,disagreement_calibration,64,32,physical_delete_median_attention_43,median_attention,43,9,10,0.00037480110756539124,0.0025126155396420747,0.18936946432768106,0.98272854185999,0.1491677105598026,0.0003651089077055322,0.01107771678268557,0.054973562954441356,0.9987304714273315,0.032958859200678974,0.01107771678268557,40.17687933120476,9.087537752638688e-06,1.201890790980542e-05,1.3807070899929386e-05,2.1864545345306396,0.4145396053791046,1.3807070899929386e-05,21.721559524536133,19.852861404418945,6.69736385345459,7.517180919647217,7.513304710388184,2.932164430618286,1284.0,-0.2227705564058716,0.637602509606267,-0.19678231226892037,-0.19025588862363918,0.044384375126181624,-0.15430287171829593,43.0,0.05282100705497461,,,,
synthetic_niah_129,niah_single_1,disagreement_calibration,64,32,physical_delete_median_attention_43,median_attention,43,10,11,0.00024333319231388683,0.0030802951163746376,0.029421304083196227,1.000795737467691,0.0789967139902746,0.0002558645943305437,0.010646559293135368,0.12402311506119264,0.9973045514170477,0.024032608778642574,0.010646559293135368,43.151641003626466,5.929429064100734e-06,4.5660226533073e-06,6.4614496295689605e-06,2.5877115726470947,0.36274611949920654,6.4614496295689605e-06,21.791648864746094,20.057493209838867,10.944012641906738,8.587150573730469,8.535377502441406,4.073339939117432,1284.0,-0.2227705564058716,0.637602509606267,-0.19678231226892037,-0.19025588862363918,0.044384375126181624,-0.15430287171829593,43.0,0.05282100705497461,8.124946761053641e-12,1.1118787557981316e-08,8.122586576106213e-12,1.1118519165763975e-08
synthetic_niah_129,niah_single_1,disagreement_calibration,64,32,physical_delete_median_attention_43,median_attention,43,11,12,0.00015292190301129688,0.0023833887189565668,0.030606969466610467,1.000094557015715,0.06416154519613786,0.00016453075422113105,0.01004060268863803,-0.06865269069282462,1.0012584477043491,0.016386541657236818,0.01004060268863803,45.46814084666253,3.6185942762867113e-06,4.769464794662781e-06,7.329154414037475e-06,2.0185658931732178,0.4860121011734009,7.329154414037475e-06,21.289199829101562,19.609355926513672,7.949995517730713,7.000701427459717,7.311403274536133,1.1777915954589844,1284.0,-0.2227705564058716,0.637602509606267,-0.19678231226892037,-0.19025588862363918,0.044384375126181624,-0.15430287171829593,43.0,0.05282100705497461,,,,
synthetic_niah_129,niah_single_1,disagreement_calibration,64,32,physical_delete_median_attention_43,median_attention,43,12,13,0.0004508860205925202,0.0019166333084257707,0.16869540649304515,0.9879125655962365,0.23524897465277594,0.00039437928824022925,0.009720059863093995,0.09700422536928931,0.9968824297288579,0.04057375096398781,0.009720059863093995,45.62639670166828,8.643664999866387e-06,1.1138258741993923e-05,1.5584380889777094e-05,2.158435583114624,0.43396222591400146,1.5584380889777094e-05,20.161195755004883,18.462373733520508,6.930051326751709,8.935403823852539,8.631064414978027,1.3838257789611816,1284.0,-0.2227705564058716,0.637602509606267,-0.19678231226892037,-0.19025588862363918,0.044384375126181624,-0.15430287171829593,43.0,0.05282100705497461,,,,
synthetic_niah_129,niah_single_1,disagreement_calibration,64,32,physical_delete_median_attention_43,median_attention,43,13,14,0.00043191298254963547,0.0013578276125074383,0.19760468762130862,0.9876585348172883,0.3180911763548846,0.0004281922032206848,0.00972374077882325,0.009762783077108808,1.0005395165729813,0.04403574847996964,0.00972374077882325,50.51653262270496,8.476278576337428e-06,8.998352313938085e-06,9.24739106267225e-06,2.2586193084716797,0.3331555724143982,9.24739106267225e-06,21.895614624023438,19.832311630249023,6.210124969482422,8.892217636108398,7.803352355957031,2.4984474182128906,1284.0,-0.2227705564058716,0.637602509606267,-0.19678231226892037,-0.19025588862363918,0.044384375126181624,-0.15430287171829593,43.0,0.05282100705497461,,,,
synthetic_niah_129,niah_single_1,disagreement_calibration,64,32,physical_delete_median_attention_43,median_attention,43,14,15,0.002654408316418329,0.00280426537279909,0.9374556829978896,0.3482237064558845,0.9465610288404409,0.0024715934881634418,0.009878539836995534,0.22777215082682178,0.9739726781198678,0.25019826097245906,0.009878539836995534,49.5043830347062,4.992676075632886e-05,2.5083410946535878e-05,5.546758256969042e-05,1.5213794708251953,0.6269374489784241,5.546758256969042e-05,19.823030471801758,20.10799789428711,12.387578964233398,9.578289031982422,9.897773742675781,2.8655834197998047,1284.0,-0.2227705564058716,0.637602509606267,-0.19678231226892037,-0.19025588862363918,0.044384375126181624,-0.15430287171829593,43.0,0.05282100705497461,8.78997819682101e-10,1.3428920155552977e-08,8.789853896285802e-10,1.3428298342453449e-08
synthetic_niah_129,niah_single_1,disagreement_calibration,64,32,physical_delete_median_attention_43,median_attention,43,15,16,0.0007079922076272832,0.0022999848264019136,0.2384580477165401,0.9736269799344162,0.3078247297547885,0.0006872712432372149,0.009261329455833857,0.08095628853197098,0.9967404924367642,0.07420870259661176,0.009261329455833857,50.4511500019142,1.3622508965824143e-05,8.510228326485958e-06,1.5903657185845077e-05,2.474459171295166,0.3527611196041107,1.5903657185845077e-05,57.334320068359375,55.86594009399414,1389.7569580078125,8.945145606994629,8.45954704284668,3.598875045776367,1284.0,-0.2227705564058716,0.637602509606267,-0.19678231226892037,-0.19025588862363918,0.044384375126181624,-0.15430287171829593,43.0,0.05282100705497461,,,,
synthetic_niah_129,niah_single_1,disagreement_calibration,64,32,physical_delete_median_attention_43,median_attention,43,16,17,0.0005871589603243426,0.0013775070008067193,0.4761694467629327,0.8807694678385259,0.4262475326662445,0.0005644545696050483,0.009150375461803046,0.043688759230899696,0.9992072911707414,0.06168649275226841,0.009150375461803046,55.22273411128808,1.0221416572158967e-05,9.738037988427095e-06,1.8209258996648714e-05,2.6981427669525146,0.30311349034309387,1.8209258996648714e-05,20.874530792236328,18.59597396850586,6.943085670471191,8.394195556640625,9.119979858398438,3.67515230178833,1284.0,-0.2227705564058716,0.637602509606267,-0.19678231226892037,-0.19025588862363918,0.044384375126181624,-0.15430287171829593,43.0,0.05282100705497461,,,,
synthetic_niah_129,niah_single_1,disagreement_calibration,64,32,physical_delete_median_attention_43,median_attention,43,17,18,0.00021773535864854526,0.0006036783129937588,0.3265494179973696,0.9457961986590329,0.3606811011128643,0.00021706811349489225,0.009291216916292524,0.07514500182957318,0.9985162158187539,0.02336272153050851,0.009291216916292524,61.45497884250493,3.532148535128264e-06,4.647682089853333e-06,5.831819180457387e-06,2.217710256576538,0.43532097339630127,5.831819180457387e-06,19.973737716674805,17.122854232788086,7.805800914764404,10.540718078613281,9.701337814331055,5.264163494110107,1284.0,-0.2227705564058716,0.637602509606267,-0.19678231226892037,-0.19025588862363918,0.044384375126181624,-0.15430287171829593,43.0,0.05282100705497461,,,,
synthetic_niah_129,niah_single_1,disagreement_calibration,64,32,physical_delete_median_attention_43,median_attention,43,18,19,0.00048817931287795146,0.0013618824540031092,0.27079771270538755,0.9666194377599865,0.35845921315969675,0.0004640505874440298,0.00933011076836698,0.0500870653492581,0.9987449166405784,0.04973687868930318,0.00933011076836698,69.39449630690692,6.687138204616413e-06,4.035952315462055e-06,8.981756764114834e-06,2.1749401092529297,0.370229035615921,8.981756764114834e-06,25.039352416992188,22.886669158935547,7.367504596710205,10.993611335754395,9.468932151794434,3.6620450019836426,1284.0,-0.2227705564058716,0.637602509606267,-0.19678231226892037,-0.19025588862363918,0.044384375126181624,-0.15430287171829593,43.0,0.05282100705497461,3.256016440925692e-11,1.3654233458870645e-08,3.255716373729874e-11,1.3653688430204503e-08
synthetic_niah_129,niah_single_1,disagreement_calibration,64,32,physical_delete_median_attention_43,median_attention,43,19,20,0.000348095243921733,0.001301921527821641,0.24454846672449218,0.9699056071639709,0.267370372547846,0.0003041093690417756,0.008986602868352784,0.06289362720941064,0.998443031560388,0.03384030356039511,0.008986602868352784,79.90663834812874,3.80580857020745e-06,5.271420832286822e-06,9.615437193133403e-06,1.305275559425354,0.6813907027244568,9.615437193133403e-06,21.141830444335938,19.541114807128906,8.724408149719238,10.312484741210938,10.120649337768555,2.8332509994506836,1284.0,-0.2227705564058716,0.637602509606267,-0.19678231226892037,-0.19025588862363918,0.044384375126181624,-0.15430287171829593,43.0,0.05282100705497461,,,,
synthetic_niah_129,niah_single_1,disagreement_calibration,64,32,physical_delete_median_attention_43,median_attention,43,20,21,0.0007550892210912988,0.001741902983514984,0.3633708337368359,0.934279222827499,0.4334852332404904,0.0008179087462578341,0.008827593513521673,0.07290163104908327,0.9975347083598991,0.09265364847225936,0.008827593513521673,92.44164577635378,8.847838432437905e-06,3.441103444856708e-06,9.811424206418451e-06,2.531198740005493,0.3335178792476654,9.811424206418451e-06,21.86420249938965,19.21767807006836,7.362602710723877,12.499754905700684,11.000275611877441,5.618958950042725,1284.0,-0.2227705564058716,0.637602509606267,-0.19678231226892037,-0.19025588862363918,0.044384375126181624,-0.15430287171829593,43.0,0.05282100705497461,,,,
synthetic_niah_129,niah_single_1,disagreement_calibration,64,32,physical_delete_median_attention_43,median_attention,43,21,22,0.00033947597972558175,0.0009580204504666584,0.341550938524206,0.9399504298963666,0.35435149589992637,0.00035537265914890723,0.00931220574093052,0.1486622093954248,0.9950426310046986,0.03816202831375552,0.00931220574093052,119.64709515760946,2.970173732013968e-06,2.9024815830780426e-06,4.147467734583188e-06,2.5571625232696533,0.3463539779186249,4.147467734583188e-06,19.578697204589844,17.493576049804688,5.619006156921387,13.188791275024414,11.136276245117188,7.940159320831299,1284.0,-0.2227705564058716,0.637602509606267,-0.19678231226892037,-0.19025588862363918,0.044384375126181624,-0.15430287171829593,43.0,0.05282100705497461,,,,
synthetic_niah_129,niah_single_1,disagreement_calibration,64,32,physical_delete_median_attention_43,median_attention,43,22,23,0.0002290366183465395,0.0007513604328713073,0.3259776428279392,0.9456139973364758,0.30482922486519703,0.0002483730327393391,0.010293910462006967,0.1349940681690771,0.997029514610227,0.02412815165393567,0.010293910462006967,136.43094108396645,1.820503697812052e-06,2.3491304546041647e-06,3.437372924963711e-06,1.3554385900497437,0.646796703338623,3.437372924963711e-06,21.380332946777344,19.816709518432617,6.627074718475342,13.051065444946289,10.923470497131348,10.775778770446777,1284.0,-0.2227705564058716,0.637602509606267,-0.19678231226892037,-0.19025588862363918,0.044384375126181624,-0.15430287171829593,43.0,0.05282100705497461,6.203007395393754e-12,1.3488409722355358e-08,6.1992449327406655e-12,1.3487840263464643e-08
synthetic_niah_129,niah_single_1,disagreement_calibration,64,32,physical_delete_median_attention_43,median_attention,43,23,24,0.0013040250306032121,0.0014323425566562698,0.9107786610618126,0.41289509971927757,0.9104142193801682,0.0013209474434803434,0.010725168326337978,0.009566670840661722,1.0063859496884422,0.12316332977604373,0.010725168326337978,164.200196597792,8.044737283208016e-06,1.237767264683498e-05,2.126762774423696e-05,1.3073338270187378,0.6681480407714844,2.126762774423696e-05,19.909156799316406,18.69270896911621,8.464625358581543,15.380556106567383,13.52079963684082,11.649779319763184,1284.0,-0.2227705564058716,0.637602509606267,-0.19678231226892037,-0.19025588862363918,0.044384375126181624,-0.15430287171829593,43.0,0.05282100705497461,,,,
synthetic_niah_129,niah_single_1,disagreement_calibration,64,32,physical_delete_median_attention_43,median_attention,43,24,25,0.0038766672971298883,0.003908403572952023,0.9737399888321501,0.22838453054898727,0.9918799900701748,0.0038834424118473526,0.012073158044432526,0.32483705622633124,0.9457753357135529,0.32165920445630064,0.012073158044432526,190.14471639549035,2.0423614631342215e-05,3.0667080864077434e-05,4.184160570730455e-05,1.6417994499206543,0.5812987089157104,4.184160570730455e-05,18.98691177368164,18.38217544555664,6.313399314880371,20.6771240234375,15.412793159484863,66.885009765625,1284.0,-0.2227705564058716,0.637602509606267,-0.19678231226892037,-0.19025588862363918,0.044384375126181624,-0.15430287171829593,43.0,0.05282100705497461,,,,
synthetic_niah_129,niah_single_1,disagreement_calibration,64,32,physical_delete_median_attention_43,median_attention,43,25,26,0.0003485133139372767,0.002227369619876427,0.17749294703969584,0.9843466252593968,0.1564685586205544,0.00038415042582394575,0.012185050259103866,-0.007490507965115558,1.000732836077211,0.031526371878272216,0.012185050259103866,214.0220777789926,1.7949102719236012e-06,3.431352524785325e-06,4.1790749492065515e-06,1.3847907781600952,0.6698868274688721,4.1790749492065515e-06,20.47598648071289,17.727157592773438,8.088042259216309,27.350051879882812,20.240509033203125,60.828487396240234,1284.0,-0.2227705564058716,0.637602509606267,-0.19678231226892037,-0.19025588862363918,0.044384375126181624,-0.15430287171829593,43.0,0.05282100705497461,,,,
synthetic_niah_129,niah_single_1,disagreement_calibration,64,32,physical_delete_median_attention_43,median_attention,43,26,27,0.0033049956919273316,0.003398648886519538,0.9383672590236397,0.34731557832776805,0.9724439923865998,0.003744472019181472,0.01389649638450965,0.2991775930425491,0.9546602727420456,0.2694543945159742,0.01389649638450965,263.8809418077972,1.4190005513580553e-05,1.0806608770508319e-05,1.881231219158508e-05,1.6698740720748901,0.6618589162826538,1.881231219158508e-05,19.495769500732422,17.566606521606445,8.483861923217773,38.13288879394531,25.20865249633789,157.77760314941406,1284.0,-0.2227705564058716,0.637602509606267,-0.19678231226892037,-0.19025588862363918,0.044384375126181624,-0.15430287171829593,43.0,0.05282100705497461,2.813793742315698e-10,1.9632146694676417e-08,2.813762764839986e-10,1.9631370137127425e-08
synthetic_niah_129,niah_single_1,disagreement_calibration,64,32,physical_delete_median_attention_43,median_attention,43,27,28,0.002761782451198292,0.0041591846177679035,0.5599749413180329,0.8350170497773504,0.6640201638080805,0.003226069589124166,0.014927260294328334,0.14241388148885764,0.9925476212471467,0.2161193364029381,0.014927260294328334,202.74232908364868,1.591216596803095e-05,1.7146247046184726e-05,1.0841471521416679e-05,2.963963508605957,0.19373679161071777,1.0841471521416679e-05,17.471494674682617,16.171913146972656,4.41328763961792,35.81280517578125,24.944049835205078,137.37586975097656,1284.0,-0.2227705564058716,0.637602509606267,-0.19678231226892037,-0.19025588862363918,0.044384375126181624,-0.15430287171829593,43.0,0.05282100705497461,,,,
synthetic_niah_129,niah_single_1,disagreement_calibration,64,32,physical_delete_median_v_ridge_45,median_v_ridge,45,0,1,0.006159585227240029,0.006157463294378331,0.9991814163208196,0.04047036325785773,1.0003446115324204,0.008610654381853825,0.008605673212292468,0.999260293391168,0.038478624904878876,1.0005788239267839,0.008605673212292468,15.792191057450763,0.0005452476069045096,0.00021550070960074663,0.0005378128844313323,1.6802334785461426,0.5164456367492676,0.0005378128844313323,778.5772705078125,778.8846435546875,1846.85595703125,4.601823806762695,4.065028190612793,0.877596378326416,1282.0,-0.25170356225457846,0.6193232247360038,-0.23126145963740752,-0.22466279310124215,0.07130939221296352,-0.1327438497449638,45.0,0.9646601610834363,9.540759183397686e-09,9.273379074216343e-09,9.540763523478767e-09,9.273370844424513e-09
synthetic_niah_129,niah_single_1,disagreement_calibration,64,32,physical_delete_median_v_ridge_45,median_v_ridge,45,1,2,0.003218392242423577,0.0036538716452763358,0.8913459814819108,0.453445918334288,0.8808169949221563,0.0036382380292070107,0.009268794784440417,0.3661880765023356,0.9309135034601234,0.3925254700119743,0.009268794784440417,20.165130802718206,0.00018042223801080357,0.00016222316480707377,0.00025162487872876227,2.9803621768951416,0.21085821092128754,0.00025162487872876227,91.24371337890625,91.1530990600586,3902.505615234375,4.0781450271606445,4.009672164916992,0.5662907958030701,1282.0,-0.25170356225457846,0.6193232247360038,-0.23126145963740752,-0.22466279310124215,0.07130939221296352,-0.1327438497449638,45.0,0.9646601610834363,,,,
synthetic_niah_129,niah_single_1,disagreement_calibration,64,32,physical_delete_median_v_ridge_45,median_v_ridge,45,2,3,0.0014549487720029982,0.0026664921662893693,0.5602223228373393,0.8284706087335529,0.5456414949936539,0.001444493158382142,0.00940222001946234,0.04948740972553281,1.0041898934589886,0.15363320103040348,0.00940222001946234,23.545766114625504,6.134831847687861e-05,5.980287096463144e-05,6.642614607699215e-05,2.356273651123047,0.3713637888431549,6.642614607699215e-05,27.821380615234375,27.463594436645508,48.337364196777344,5.916040420532227,5.984463214874268,1.3169465065002441,1282.0,-0.25170356225457846,0.6193232247360038,-0.23126145963740752,-0.22466279310124215,0.07130939221296352,-0.1327438497449638,45.0,0.9646601610834363,,,,
synthetic_niah_129,niah_single_1,disagreement_calibration,64,32,physical_delete_median_v_ridge_45,median_v_ridge,45,3,4,0.0005505119648743342,0.0031310101984062004,0.14977539916617125,0.9890631660302946,0.1758256696687111,0.0006130360659995726,0.010313560069773254,0.09184273603288749,0.9963005878544149,0.05943981145717517,0.010313560069773254,28.89634987857221,2.1215000115089388e-05,1.4468303561443463e-05,1.5314395568566397e-05,2.3093245029449463,0.36137744784355164,1.5314395568566397e-05,22.84792709350586,21.942440032958984,9.619653701782227,7.486699104309082,6.4897308349609375,1.3802896738052368,1282.0,-0.25170356225457846,0.6193232247360038,-0.23126145963740752,-0.22466279310124215,0.07130939221296352,-0.1327438497449638,45.0,0.9646601610834363,,,,
synthetic_niah_129,niah_single_1,disagreement_calibration,64,32,physical_delete_median_v_ridge_45,median_v_ridge,45,4,5,0.0004608750357719028,0.00226941626740792,0.20007139877577407,0.9797859420936411,0.20308087255332172,0.0005243790654773596,0.010080407740501784,0.15897058702512526,0.9930593436431442,0.052019628469042165,0.010080407740501784,32.371381538319966,1.6198847270593637e-05,8.8216866060975e-06,1.0104916327691171e-05,1.728128433227539,0.58612459897995,1.0104916327691171e-05,21.02759552001953,19.02494239807129,7.08241605758667,7.622203826904297,6.759066581726074,2.017435312271118,1282.0,-0.25170356225457846,0.6193232247360038,-0.23126145963740752,-0.22466279310124215,0.07130939221296352,-0.1327438497449638,45.0,0.9646601610834363,1.5958777647156256e-11,1.125946212502875e-08,1.5957767783756712e-11,1.1259493896197957e-08
synthetic_niah_129,niah_single_1,disagreement_calibration,64,32,physical_delete_median_v_ridge_45,median_v_ridge,45,5,6,0.0015418084596483725,0.0045755807238261606,0.3971253392489958,0.919734084689607,0.33696454127009523,0.0012451627103246938,0.008028763287047887,0.20515385144043724,0.9800094455098072,0.15508773466187598,0.008028763287047887,34.07387474759126,3.654303244196542e-05,2.6278286895831116e-05,4.02064724767115e-05,1.9502110481262207,0.501112163066864,4.02064724767115e-05,18.41149139404297,17.90498161315918,5.341762065887451,8.10702896118164,7.690374851226807,1.5226361751556396,1282.0,-0.25170356225457846,0.6193232247360038,-0.23126145963740752,-0.22466279310124215,0.07130939221296352,-0.1327438497449638,45.0,0.9646601610834363,,,,
synthetic_niah_129,niah_single_1,disagreement_calibration,64,32,physical_delete_median_v_ridge_45,median_v_ridge,45,6,7,0.0006676479752634494,0.0016708946651066456,0.3866885678012792,0.9223003932342757,0.39957514330853194,0.0007597201331288037,0.007530691845242695,0.17516262501900193,0.9873375769730618,0.10088317896166947,0.007530691845242695,37.4821656548831,2.0268843057893827e-05,1.3038050383329391e-05,2.1952204406261444e-05,1.3926335573196411,0.6498808860778809,2.1952204406261444e-05,21.48297691345215,19.756248474121094,7.029569149017334,7.2879638671875,6.775467872619629,1.251006007194519,1282.0,-0.25170356225457846,0.6193232247360038,-0.23126145963740752,-0.22466279310124215,0.07130939221296352,-0.1327438497449638,45.0,0.9646601610834363,,,,
synthetic_niah_129,niah_single_1,disagreement_calibration,64,32,physical_delete_median_v_ridge_45,median_v_ridge,45,7,8,0.001478316034262673,0.0023529255567417287,0.5898972734057666,0.8083904328883869,0.6282884853823456,0.0016181694755499241,0.006747621643096862,0.2440031552966192,0.9697834887311169,0.2398133092132379,0.006747621643096862,39.348667346992805,4.112386987036275e-05,4.677094329963438e-05,4.862226342083886e-05,2.606757879257202,0.31536051630973816,4.862226342083886e-05,34.097957611083984,33.48484420776367,196.19056701660156,6.646570682525635,6.112486839294434,1.2819980382919312,1282.0,-0.25170356225457846,0.6193232247360038,-0.23126145963740752,-0.22466279310124215,0.07130939221296352,-0.1327438497449638,45.0,0.9646601610834363,1.2996088504271663e-09,5.598176330402087e-09,1.2996032874996625e-09,5.598196631836635e-09
synthetic_niah_129,niah_single_1,disagreement_calibration,64,32,physical_delete_median_v_ridge_45,median_v_ridge,45,8,9,0.0007553538041011568,0.001393956034089999,0.5218691107875769,0.8532602054083942,0.5418777821025511,0.0007281899119662949,0.005997267291659679,0.09379401212563682,0.9959748462274413,0.12142028636592186,0.005997267291659679,39.18652830524711,1.858265948680097e-05,1.4617810847994406e-05,3.206062319804914e-05,2.020681619644165,0.49445533752441406,3.206062319804914e-05,22.268264770507812,21.098846435546875,13.072538375854492,8.452312469482422,8.244819641113281,3.0976786613464355,1282.0,-0.25170356225457846,0.6193232247360038,-0.23126145963740752,-0.22466279310124215,0.07130939221296352,-0.1327438497449638,45.0,0.9646601610834363,,,,
synthetic_niah_129,niah_single_1,disagreement_calibration,64,32,physical_delete_median_v_ridge_45,median_v_ridge,45,9,10,0.0001822570484998116,0.00131982179859683,0.21540613914944465,0.979580341749644,0.13809216417972364,0.00016887613672694198,0.005665682942670649,0.07663937900057691,0.9981581496789592,0.029806845606390103,0.005665682942670649,40.17687933120476,4.203316423228982e-06,5.741143013437977e-06,7.102333711372921e-06,2.1864545345306396,0.4145396053791046,7.102333711372921e-06,21.484886169433594,19.852861404418945,6.69736385345459,8.216791152954102,7.513304710388184,2.932164430618286,1282.0,-0.25170356225457846,0.6193232247360038,-0.23126145963740752,-0.22466279310124215,0.07130939221296352,-0.1327438497449638,45.0,0.9646601610834363,,,,
synthetic_niah_129,niah_single_1,disagreement_calibration,64,32,physical_delete_median_v_ridge_45,median_v_ridge,45,10,11,0.0002333625456954301,0.0017137514607476064,0.16751076884196725,0.9863682624652305,0.13617058893337317,0.00027255300667551017,0.0053494447860355674,0.0704018722764736,0.9977083544201071,0.05094977471063817,0.0053494447860355674,43.151641003626466,6.3161678289964635e-06,5.5036739468050655e-06,7.968217687448487e-06,2.5877115726470947,0.36274611949920654,7.968217687448487e-06,21.425697326660156,20.057493209838867,10.944012641906738,9.575553894042969,8.535377502441406,4.073339939117432,1282.0,-0.25170356225457846,0.6193232247360038,-0.23126145963740752,-0.22466279310124215,0.07130939221296352,-0.1327438497449638,45.0,0.9646601610834363,1.2331910858782352e-11,6.470616012633062e-09,1.2330543460699582e-11,6.47063433339927e-09
synthetic_niah_129,niah_single_1,disagreement_calibration,64,32,physical_delete_median_v_ridge_45,median_v_ridge,45,11,12,0.00019260717550456378,0.0012620416441691885,0.17113127311524493,0.9854222036700863,0.15261554671704874,0.0001922462585381378,0.004916250365572441,0.02389836238196298,0.9998300291250399,0.03910424495147796,0.004916250365572441,45.46814084666253,4.228153053067908e-06,5.1367746891628485e-06,6.746955477865413e-06,2.0185658931732178,0.4860121011734009,6.746955477865413e-06,20.487497329711914,19.609355926513672,7.949995517730713,7.5617218017578125,7.311403274536133,1.1777915954589844,1282.0,-0.25170356225457846,0.6193232247360038,-0.23126145963740752,-0.22466279310124215,0.07130939221296352,-0.1327438497449638,45.0,0.9646601610834363,,,,
synthetic_niah_129,niah_single_1,disagreement_calibration,64,32,physical_delete_median_v_ridge_45,median_v_ridge,45,12,13,0.0006093490208648699,0.000914197126808264,0.49986031804339826,0.8819987548771786,0.6665400743407385,0.0005426970538073034,0.004710940142053126,0.12814533727038807,0.9918398924009816,0.11519930999819174,0.004710940142053126,45.62639670166828,1.1894365828530578e-05,1.0251940693706274e-05,1.5569417882943526e-05,2.158435583114624,0.43396222591400146,1.5569417882943526e-05,20.001632690429688,18.462373733520508,6.930051326751709,9.448698043823242,8.631064414978027,1.3838257789611816,1282.0,-0.25170356225457846,0.6193232247360038,-0.23126145963740752,-0.22466279310124215,0.07130939221296352,-0.1327438497449638,45.0,0.9646601610834363,,,,
synthetic_niah_129,niah_single_1,disagreement_calibration,64,32,physical_delete_median_v_ridge_45,median_v_ridge,45,13,14,0.0007374897991972759,0.0010556563228382308,0.6787903708736838,0.7345994589446935,0.6986078548882894,0.0007505488730030097,0.004861489569803032,0.1751520104263484,0.9847603643932021,0.15438660563318227,0.004861489569803032,50.51653262270496,1.4857489895608374e-05,1.7213458704645745e-05,1.834515751397703e-05,2.2586193084716797,0.3331555724143982,1.834515751397703e-05,20.969831466674805,19.832311630249023,6.210124969482422,8.608455657958984,7.803352355957031,2.4984474182128906,1282.0,-0.25170356225457846,0.6193232247360038,-0.23126145963740752,-0.22466279310124215,0.07130939221296352,-0.1327438497449638,45.0,0.9646601610834363,,,,
synthetic_niah_129,niah_single_1,disagreement_calibration,64,32,physical_delete_median_v_ridge_45,median_v_ridge,45,14,15,0.00020443869587072322,0.0005972855401701595,0.3138473610623896,0.9498990630495798,0.3422796671295292,0.00018059639544205865,0.0047346675912616504,0.017506074933871008,1.0000597168098029,0.03814341597610129,0.0047346675912616504,49.5043830347062,3.6480890048755345e-06,4.930685918225208e-06,5.542368398891995e-06,1.5213794708251953,0.6269374489784241,5.542368398891995e-06,20.554229736328125,20.10799789428711,12.387578964233398,9.903100967407227,9.897773742675781,2.8655834197998047,1282.0,-0.25170356225457846,0.6193232247360038,-0.23126145963740752,-0.22466279310124215,0.07130939221296352,-0.1327438497449638,45.0,0.9646601610834363,1.8226465772558277e-11,7.134099504274532e-09,1.82239576369904e-11,7.134072482629976e-09
synthetic_niah_129,niah_single_1,disagreement_calibration,64,32,physical_delete_median_v_ridge_45,median_v_ridge,45,15,16,0.0005889830692862462,0.001168687506087359,0.5159532613613901,0.856700553458386,0.5039696807045526,0.0005485763982658737,0.004520172635670477,0.10051418748417748,0.995154019277863,0.12136182453228435,0.004520172635670477,50.4511500019142,1.0873417122207516e-05,6.630541520280531e-06,9.830859198700637e-06,2.474459171295166,0.3527611196041107,9.830859198700637e-06,56.30042266845703,55.86594009399414,1389.7569580078125,10.405061721801758,8.45954704284668,3.598875045776367,1282.0,-0.25170356225457846,0.6193232247360038,-0.23126145963740752,-0.22466279310124215,0.07130939221296352,-0.1327438497449638,45.0,0.9646601610834363,,,,
synthetic_niah_129,niah_single_1,disagreement_calibration,64,32,physical_delete_median_v_ridge_45,median_v_ridge,45,16,17,0.0006120427260374229,0.0009397470585375213,0.6190325108756778,0.7860273172982496,0.6512845350002081,0.0006300707195321725,0.004571367425499065,0.09615533572923456,0.9962383818671452,0.13782981346405043,0.004571367425499065,55.22273411128808,1.1409625576712975e-05,1.21991106425412e-05,1.7527403542771935e-05,2.6981427669525146,0.30311349034309387,1.7527403542771935e-05,20.518386840820312,18.59597396850586,6.943085670471191,10.531526565551758,9.119979858398438,3.67515230178833,1282.0,-0.25170356225457846,0.6193232247360038,-0.23126145963740752,-0.22466279310124215,0.07130939221296352,-0.1327438497449638,45.0,0.9646601610834363,,,,
synthetic_niah_129,niah_single_1,disagreement_calibration,64,32,physical_delete_median_v_ridge_45,median_v_ridge,45,17,18,0.00025687683543413725,0.00046822426875334287,0.5051109378980806,0.8641503986340466,0.5486192249668675,0.0002592637454523237,0.004640302663791066,0.04843773656308978,0.9988538713789772,0.055872162709427374,0.004640302663791066,61.45497884250493,4.21875900595064e-06,5.799778136861278e-06,6.318705800367752e-06,2.217710256576538,0.43532097339630127,6.318705800367752e-06,19.686243057250977,17.122854232788086,7.805800914764404,9.987260818481445,9.701337814331055,5.264163494110107,1282.0,-0.25170356225457846,0.6193232247360038,-0.23126145963740752,-0.22466279310124215,0.07130939221296352,-0.1327438497449638,45.0,0.9646601610834363,,,,
synthetic_niah_129,niah_single_1,disagreement_calibration,64,32,physical_delete_median_v_ridge_45,median_v_ridge,45,18,19,0.0003282488647362778,0.0007179563032788391,0.3334226457075809,0.9508679780635151,0.45719894544723133,0.00035284017595365946,0.004728036761610165,0.041016915898343796,0.9997235939235584,0.0746272065434401,0.004728036761610165,69.39449630690692,5.084555616531521e-06,4.802609964826843e-06,6.590795692318352e-06,2.1749401092529297,0.370229035615921,6.590795692318352e-06,24.228315353393555,22.886669158935547,7.367504596710205,10.549442291259766,9.468932151794434,3.6620450019836426,1282.0,-0.25170356225457846,0.6193232247360038,-0.23126145963740752,-0.22466279310124215,0.07130939221296352,-0.1327438497449638,45.0,0.9646601610834363,2.277107350418515e-11,9.07008229210603e-09,2.2767630140894738e-11,9.070089456687782e-09
synthetic_niah_129,niah_single_1,disagreement_calibration,64,32,physical_delete_median_v_ridge_45,median_v_ridge,45,19,20,5.249424738493879e-05,0.0007063382144205736,0.16362563680798045,0.9905565870985532,0.074318855065772,4.6237802592163924e-05,0.004464613603672379,0.006661619907990332,0.9999846373878652,0.010356507123960494,0.004464613603672379,79.90663834812874,5.786478263635618e-07,6.585369760614412e-07,1.2187250604256405e-06,1.305275559425354,0.6813907027244568,1.2187250604256405e-06,22.129192352294922,19.541114807128906,8.724408149719238,9.672277450561523,10.120649337768555,2.8332509994506836,1282.0,-0.25170356225457846,0.6193232247360038,-0.23126145963740752,-0.22466279310124215,0.07130939221296352,-0.1327438497449638,45.0,0.9646601610834363,,,,
synthetic_niah_129,niah_single_1,disagreement_calibration,64,32,physical_delete_median_v_ridge_45,median_v_ridge,45,20,21,0.00039651938833214673,0.0009209424295048427,0.4475030433012415,0.8944429278846914,0.43055827989740986,0.00040602843678177954,0.004498844043135802,0.10122792870761999,0.9949238078821155,0.09025172530736762,0.004498844043135802,92.44164577635378,4.392267504238226e-06,4.36909067502711e-06,5.748227977164788e-06,2.531198740005493,0.3335178792476654,5.748227977164788e-06,20.574554443359375,19.21767807006836,7.362602710723877,13.302576065063477,11.000275611877441,5.618958950042725,1282.0,-0.25170356225457846,0.6193232247360038,-0.23126145963740752,-0.22466279310124215,0.07130939221296352,-0.1327438497449638,45.0,0.9646601610834363,,,,
synthetic_niah_129,niah_single_1,disagreement_calibration,64,32,physical_delete_median_v_ridge_45,median_v_ridge,45,21,22,0.0013188856199787158,0.0014010045432805232,0.9387077314494503,0.34472447888974067,0.9413856837969121,0.0012475254499874752,0.0050009852901141275,0.26362335259768305,0.9647297257530651,0.2494559327046142,0.0050009852901141275,119.64709515760946,1.042670905084764e-05,1.8331780665903352e-05,2.9008975616306998e-05,2.5571625232696533,0.3463539779186249,2.9008975616306998e-05,18.157119750976562,17.493576049804688,5.619006156921387,11.64234733581543,11.136276245117188,7.940159320831299,1282.0,-0.25170356225457846,0.6193232247360038,-0.23126145963740752,-0.22466279310124215,0.07130939221296352,-0.1327438497449638,45.0,0.9646601610834363,,,,
synthetic_niah_129,niah_single_1,disagreement_calibration,64,32,physical_delete_median_v_ridge_45,median_v_ridge,45,22,23,0.00022624375786085295,0.00039497035416806355,0.5972639095093043,0.8024174215188128,0.5728119983521197,0.00021993948473713565,0.005551272329611863,0.03949876404270203,0.9992196266353542,0.039619653239478796,0.005551272329611863,136.43094108396645,1.6120938768704517e-06,3.679446990645374e-06,3.5649652545544086e-06,1.3554385900497437,0.646796703338623,3.5649652545544086e-06,20.86060333251953,19.816709518432617,6.627074718475342,13.022466659545898,10.923470497131348,10.775778770446777,1282.0,-0.25170356225457846,0.6193232247360038,-0.23126145963740752,-0.22466279310124215,0.07130939221296352,-0.1327438497449638,45.0,0.9646601610834363,6.157232665756794e-12,9.149415416648143e-09,6.1571523053623764e-12,9.149428580685709e-09
synthetic_niah_129,niah_single_1,disagreement_calibration,64,32,physical_delete_median_v_ridge_45,median_v_ridge,45,23,24,0.0020818852863163633,0.002131754796435692,0.9841123064194806,0.1777056769676544,0.9766063572589535,0.0019727406388295454,0.006239228894735125,0.26935852343557853,0.9641776576030566,0.31618340537148937,0.006239228894735125,164.200196597792,1.201424041934474e-05,1.7898870282806456e-05,2.3395907192025334e-05,1.3073338270187378,0.6681480407714844,2.3395907192025334e-05,20.020946502685547,18.69270896911621,8.464625358581543,16.3497314453125,13.52079963684082,11.649779319763184,1282.0,-0.25170356225457846,0.6193232247360038,-0.23126145963740752,-0.22466279310124215,0.07130939221296352,-0.1327438497449638,45.0,0.9646601610834363,,,,
synthetic_niah_129,niah_single_1,disagreement_calibration,64,32,physical_delete_median_v_ridge_45,median_v_ridge,45,24,25,0.0015292320378349575,0.001553207314111751,0.9598397647964574,0.2816361389009552,0.9845640204891101,0.0015600565490668582,0.006908981742549484,0.22176760025632095,0.9751078922942729,0.22580122617188758,0.006908981742549484,190.14471639549035,8.204574803025438e-06,1.872005123004783e-05,1.9072509530815296e-05,1.6417994499206543,0.5812987089157104,1.9072509530815296e-05,18.807079315185547,18.38217544555664,6.313399314880371,19.387271881103516,15.412793159484863,66.885009765625,1282.0,-0.25170356225457846,0.6193232247360038,-0.23126145963740752,-0.22466279310124215,0.07130939221296352,-0.1327438497449638,45.0,0.9646601610834363,,,,
synthetic_niah_129,niah_single_1,disagreement_calibration,64,32,physical_delete_median_v_ridge_45,median_v_ridge,45,25,26,0.00134475890480601,0.0017436131949785118,0.7928910528972591,0.6097476381373287,0.771248410300418,0.0014597813076579,0.0074443748991123125,0.3183550686065263,0.9558233847805057,0.19609185827435535,0.0074443748991123125,214.0220777789926,6.820704306802059e-06,1.2010280443064403e-05,1.6483505532960407e-05,1.3847907781600952,0.6698868274688721,1.6483505532960407e-05,19.24011993408203,17.727157592773438,8.088042259216309,27.798629760742188,20.240509033203125,60.828487396240234,1282.0,-0.25170356225457846,0.6193232247360038,-0.23126145963740752,-0.22466279310124215,0.07130939221296352,-0.1327438497449638,45.0,0.9646601610834363,,,,
synthetic_niah_129,niah_single_1,disagreement_calibration,64,32,physical_delete_median_v_ridge_45,median_v_ridge,45,26,27,0.029701931497794144,0.029621999127878048,0.9998315837648935,0.018574789706458938,1.002698412405288,0.032813604763963465,0.03405329634289605,0.9697551187947971,0.24415763325950118,0.9635955483883369,0.03405329634289605,263.8809418077972,0.00012435003657014338,6.577751628356054e-05,0.00014415003533940762,1.6698740720748901,0.6618589162826538,0.00014415003533940762,19.23333740234375,17.566606521606445,8.483861923217773,40.677703857421875,25.20865249633789,157.77760314941406,1282.0,-0.25170356225457846,0.6193232247360038,-0.23126145963740752,-0.22466279310124215,0.07130939221296352,-0.1327438497449638,45.0,0.9646601610834363,2.9186967550032195e-08,3.897665373394413e-08,2.918657775196434e-08,3.897745435232022e-08
synthetic_niah_129,niah_single_1,disagreement_calibration,64,32,physical_delete_median_v_ridge_45,median_v_ridge,45,27,28,0.014880412456868513,0.015022125623772515,0.9855389958100335,0.16952333831771205,0.9905663705354892,0.01574526072310809,0.044237750859775715,0.48145554947284125,0.885414489104731,0.3559236267010325,0.044237750859775715,202.74232908364868,7.766143752157358e-05,7.355474372161552e-05,9.136513835983351e-05,2.963963508605957,0.19373679161071777,9.136513835983351e-05,18.059585571289062,16.171913146972656,4.41328763961792,38.610694885253906,24.944049835205078,137.37586975097656,1282.0,-0.25170356225457846,0.6193232247360038,-0.23126145963740752,-0.22466279310124215,0.07130939221296352,-0.1327438497449638,45.0,0.9646601610834363,,,,
synthetic_niah_129,niah_single_1,disagreement_calibration,64,32,physical_delete_median_aor_83,median_aor,83,0,1,0.010050887362579497,0.010047355174864976,0.9996928324395556,0.02479263364489453,1.0003515539814256,0.015074679515216972,0.015071337912582606,0.9997584678761158,0.021982277217028168,1.000221719044039,0.015071337912582606,15.792191057450763,0.000954565421629998,0.0002525585878174752,0.0007208005408756435,1.6802334785461426,0.5164456367492676,0.0007208005408756435,778.4986572265625,778.8846435546875,1846.85595703125,4.92659854888916,4.065028190612793,0.877596378326416,1244.0,-0.24105568434762537,0.6251206179268863,-0.21776069059219505,-0.20818621421910707,-1.3668575502072278,1.3253563253204288,83.0,0.524661040896817,3.2771575478197365e-08,3.211657204457474e-08,3.277202664908194e-08,3.2116928677513225e-08
synthetic_niah_129,niah_single_1,disagreement_calibration,64,32,physical_delete_median_aor_83,median_aor,83,1,2,0.0024289359862268087,0.004622454202056056,0.5370335780956907,0.8436401943735481,0.525464586571009,0.002973055624316354,0.015580670651554149,0.24683619126543588,0.9706750502376493,0.1908169225064645,0.015580670651554149,20.165130802718206,0.00014743547430476345,0.00010378071601735428,0.0001919203787110746,2.9803621768951416,0.21085821092128754,0.0001919203787110746,91.77617645263672,91.1530990600586,3902.505615234375,3.99951434135437,4.009672164916992,0.5662907958030701,1244.0,-0.24105568434762537,0.6251206179268863,-0.21776069059219505,-0.20818621421910707,-1.3668575502072278,1.3253563253204288,83.0,0.524661040896817,,,,
synthetic_niah_129,niah_single_1,disagreement_calibration,64,32,physical_delete_median_aor_83,median_aor,83,2,3,0.001943306151663658,0.004217119466569071,0.3701721219638198,0.9333747822023051,0.46081363524772917,0.001790659094872663,0.017154359290089592,0.2481834730820771,0.979327801478409,0.10438507580444358,0.017154359290089592,23.545766114625504,7.605015212311954e-05,4.1315361158922315e-05,8.748410618864e-05,2.356273651123047,0.3713637888431549,8.748410618864e-05,26.30405044555664,27.463594436645508,48.337364196777344,5.883554458618164,5.984463214874268,1.3169465065002441,1244.0,-0.24105568434762537,0.6251206179268863,-0.21776069059219505,-0.20818621421910707,-1.3668575502072278,1.3253563253204288,83.0,0.524661040896817,,,,
synthetic_niah_129,niah_single_1,disagreement_calibration,64,32,physical_delete_median_aor_83,median_aor,83,3,4,0.0002118885734573418,0.006567076144429281,0.05490261405499644,0.998748292466793,0.032265283483439225,0.00021410796101214438,0.02049925924265234,0.0973486999356292,0.9990373072882686,0.010444668193992826,0.02049925924265234,28.89634987857221,7.409515800849087e-06,5.8928949329128955e-06,5.955551387160085e-06,2.3093245029449463,0.36137744784355164,5.955551387160085e-06,23.591617584228516,21.942440032958984,9.619653701782227,6.7184157371521,6.4897308349609375,1.3802896738052368,1244.0,-0.24105568434762537,0.6251206179268863,-0.21776069059219505,-0.20818621421910707,-1.3668575502072278,1.3253563253204288,83.0,0.524661040896817,,,,
synthetic_niah_129,niah_single_1,disagreement_calibration,64,32,physical_delete_median_aor_83,median_aor,83,4,5,0.00019484879035607962,0.004087013404047573,0.05985700444929923,0.998281291875867,0.047675104310426576,0.00019346236662939637,0.022821116828179253,0.09255050337244025,0.9992510701141334,0.008477340004259181,0.022821116828179253,32.371381538319966,5.976339514592024e-06,3.75869421986863e-06,5.456635790324071e-06,1.728128433227539,0.58612459897995,5.456635790324071e-06,22.20842742919922,19.02494239807129,7.08241605758667,7.066181182861328,6.759066581726074,2.017435312271118,1244.0,-0.24105568434762537,0.6251206179268863,-0.21776069059219505,-0.20818621421910707,-1.3668575502072278,1.3253563253204288,83.0,0.524661040896817,2.3742202828118563e-12,4.294865198704032e-08,2.3742903023278314e-12,4.294938274850193e-08
synthetic_niah_129,niah_single_1,disagreement_calibration,64,32,physical_delete_median_aor_83,median_aor,83,5,6,0.00037535906475603807,0.0075668099114410805,0.10288271753400921,0.9961192481730127,0.04960598576534769,0.0002603119797191957,0.01863977707688529,0.02254189655150433,0.9997826859667931,0.013965401981228729,0.01863977707688529,34.07387474759126,7.639635399481463e-06,7.751109478704166e-06,1.5746836652397178e-05,1.9502110481262207,0.501112163066864,1.5746836652397178e-05,19.535446166992188,17.90498161315918,5.341762065887451,7.617729187011719,7.690374851226807,1.5226361751556396,1244.0,-0.24105568434762537,0.6251206179268863,-0.21776069059219505,-0.20818621421910707,-1.3668575502072278,1.3253563253204288,83.0,0.524661040896817,,,,
synthetic_niah_129,niah_single_1,disagreement_calibration,64,32,physical_delete_median_aor_83,median_aor,83,6,7,7.347120702543735e-05,0.0025837908298167534,0.02021136707440365,0.9998295534119089,0.028435431451178286,8.67526838680897e-05,0.018413534598862333,0.10685615937540478,0.999507539953823,0.004711354216232317,0.018413534598862333,37.4821656548831,2.3145056416127268e-06,1.5922945522106602e-06,2.5377732981723966e-06,1.3926335573196411,0.6498808860778809,2.5377732981723966e-06,21.776500701904297,19.756248474121094,7.029569149017334,7.343815326690674,6.775467872619629,1.251006007194519,1244.0,-0.24105568434762537,0.6251206179268863,-0.21776069059219505,-0.20818621421910707,-1.3668575502072278,1.3253563253204288,83.0,0.524661040896817,,,,
synthetic_niah_129,niah_single_1,disagreement_calibration,64,32,physical_delete_median_aor_83,median_aor,83,7,8,0.0008778969475751253,0.004542791423464489,0.1529781000350562,0.989049832541465,0.1932505514210051,0.001076422240497993,0.016452475203062342,0.1580130596110068,0.991768222600737,0.06542615790100907,0.016452475203062342,39.348667346992805,2.735600245379741e-05,1.972891914192587e-05,2.7626609153230675e-05,2.606757879257202,0.31536051630973816,2.7626609153230675e-05,33.854270935058594,33.48484420776367,196.19056701660156,6.269372940063477,6.112486839294434,1.2819980382919312,1244.0,-0.24105568434762537,0.6251206179268863,-0.21776069059219505,-0.20818621421910707,-1.3668575502072278,1.3253563253204288,83.0,0.524661040896817,1.649357932098046e-10,4.0489158906710366e-08,1.6493504612767636e-10,4.0489802357340295e-08
synthetic_niah_129,niah_single_1,disagreement_calibration,64,32,physical_delete_median_aor_83,median_aor,83,8,9,0.000611898441468485,0.004260479505115754,0.17806535359170747,0.9846212859865425,0.1436219657279774,0.0005584219250274161,0.014007619345668628,-0.02397311265663724,1.0017488053671741,0.039865583954498934,0.014007619345668628,39.18652830524711,1.4250354628956579e-05,9.26546363189118e-06,2.398479773546569e-05,2.020681619644165,0.49445533752441406,2.398479773546569e-05,24.076841354370117,21.098846435546875,13.072538375854492,8.941218376159668,8.244819641113281,3.0976786613464355,1244.0,-0.24105568434762537,0.6251206179268863,-0.21776069059219505,-0.20818621421910707,-1.3668575502072278,1.3253563253204288,83.0,0.524661040896817,,,,
synthetic_niah_129,niah_single_1,disagreement_calibration,64,32,physical_delete_median_aor_83,median_aor,83,9,10,4.769322799526765e-05,0.003144770001928915,0.15251009098284418,0.9977996303790785,0.015165887478579974,4.278265475263134e-05,0.014145578503836001,-0.013312173149123347,1.0000448347150228,0.0030244542307710873,0.014145578503836001,40.17687933120476,1.0648575863731337e-06,1.1212667914151098e-06,1.5725870525784558e-06,2.1864545345306396,0.4145396053791046,1.5725870525784558e-06,22.54522705078125,19.852861404418945,6.69736385345459,8.08867073059082,7.513304710388184,2.932164430618286,1244.0,-0.24105568434762537,0.6251206179268863,-0.21776069059219505,-0.20818621421910707,-1.3668575502072278,1.3253563253204288,83.0,0.524661040896817,,,,
synthetic_niah_129,niah_single_1,disagreement_calibration,64,32,physical_delete_median_aor_83,median_aor,83,10,11,6.136765511503153e-05,0.004390446841690594,-0.1362150256322859,1.0019996378058493,0.013977541996932864,7.475696111343718e-05,0.01337890584424335,0.14520707637734678,0.9992039244105159,0.00558767375925614,0.01337890584424335,43.151641003626466,1.7324245237198419e-06,1.0637885452524642e-06,1.8780993968903203e-06,2.5877115726470947,0.36274611949920654,1.8780993968903203e-06,24.59166717529297,20.057493209838867,10.944012641906738,8.834925651550293,8.535377502441406,4.073339939117432,1244.0,-0.24105568434762537,0.6251206179268863,-0.21776069059219505,-0.20818621421910707,-1.3668575502072278,1.3253563253204288,83.0,0.524661040896817,1.1309229639944531e-12,4.0461121068346e-08,1.127933616424846e-12,4.046177887955438e-08
synthetic_niah_129,niah_single_1,disagreement_calibration,64,32,physical_delete_median_aor_83,median_aor,83,11,12,5.053970532032438e-05,0.003916141627901271,-0.12642830048896384,1.001713426331113,0.012905484561703531,4.714507897493614e-05,0.011926530000777476,0.04243865801104819,0.999840041890552,0.003952958569832366,0.011926530000777476,45.46814084666253,1.0368816075838453e-06,1.4848295677438728e-06,2.4088521968224086e-06,2.0185658931732178,0.4860121011734009,2.4088521968224086e-06,21.97284698486328,19.609355926513672,7.949995517730713,6.721311569213867,7.311403274536133,1.1777915954589844,1244.0,-0.24105568434762537,0.6251206179268863,-0.21776069059219505,-0.20818621421910707,-1.3668575502072278,1.3253563253204288,83.0,0.524661040896817,,,,
synthetic_niah_129,niah_single_1,disagreement_calibration,64,32,physical_delete_median_aor_83,median_aor,83,12,13,2.6980734371559764e-05,0.0024475527047898094,-0.04830965269431056,1.0005931276566833,0.011023556027520483,2.4002090871352277e-05,0.011266821980599594,-0.02157224942469987,1.0000482240886506,0.0021303337278854337,0.011266821980599594,45.62639670166828,5.260571205806982e-07,5.211289249018591e-07,6.810888635300216e-07,2.158435583114624,0.43396222591400146,6.810888635300216e-07,22.491607666015625,18.462373733520508,6.930051326751709,9.634592056274414,8.631064414978027,1.3838257789611816,1244.0,-0.24105568434762537,0.6251206179268863,-0.21776069059219505,-0.20818621421910707,-1.3668575502072278,1.3253563253204288,83.0,0.524661040896817,,,,
synthetic_niah_129,niah_single_1,disagreement_calibration,64,32,physical_delete_median_aor_83,median_aor,83,13,14,0.00015136536168769077,0.001786698162455188,0.10187049867346464,0.9949455323126948,0.0847179254271423,0.00014673791081980752,0.011296715636815878,0.00014324299786885598,1.0000824986136798,0.012989431223849717,0.011296715636815878,50.51653262270496,2.9047502510862214e-06,2.028659537245403e-06,3.3781336696847575e-06,2.2586193084716797,0.3331555724143982,3.3781336696847575e-06,23.446414947509766,19.832311630249023,6.210124969482422,8.190384864807129,7.803352355957031,2.4984474182128906,1244.0,-0.24105568434762537,0.6251206179268863,-0.21776069059219505,-0.20818621421910707,-1.3668575502072278,1.3253563253204288,83.0,0.524661040896817,,,,
synthetic_niah_129,niah_single_1,disagreement_calibration,64,32,physical_delete_median_aor_83,median_aor,83,14,15,1.66785216164844e-05,0.0015482214036382936,-0.06761002805553985,1.0007860589806494,0.010772697998677814,1.6850658155344158e-05,0.011003813369883961,-0.021886585601293924,1.0000346878707198,0.0015313471420246247,0.011003813369883961,49.5043830347062,3.4038719649390664e-07,2.2504256946831447e-07,2.8312206268310547e-07,1.5213794708251953,0.6269374489784241,2.8312206268310547e-07,22.185762405395508,20.10799789428711,12.387578964233398,11.179616928100586,9.897773742675781,2.8655834197998047,1244.0,-0.24105568434762537,0.6251206179268863,-0.21776069059219505,-0.20818621421910707,-1.3668575502072278,1.3253563253204288,83.0,0.524661040896817,1.2886689665447094e-12,4.109453509615316e-08,1.2881126992617544e-12,4.109521800196674e-08
synthetic_niah_129,niah_single_1,disagreement_calibration,64,32,physical_delete_median_aor_83,median_aor,83,15,16,0.00016079413805002496,0.0026916108668944955,0.10039388199534463,0.9957780314882015,0.05973899868948913,0.00015143350830007957,0.010327631914508998,0.04343883273716132,0.999470419508369,0.014662945925419254,0.010327631914508998,50.4511500019142,3.001586847759346e-06,2.2802860257797875e-06,3.1169406611297745e-06,2.474459171295166,0.3527611196041107,3.1169406611297745e-06,57.840003967285156,55.86594009399414,1389.7569580078125,9.704639434814453,8.45954704284668,3.598875045776367,1244.0,-0.24105568434762537,0.6251206179268863,-0.21776069059219505,-0.20818621421910707,-1.3668575502072278,1.3253563253204288,83.0,0.524661040896817,,,,
synthetic_niah_129,niah_single_1,disagreement_calibration,64,32,physical_delete_median_aor_83,median_aor,83,16,17,0.0001340672755302632,0.0016265952422005094,-0.030433498236507116,1.0058877529633283,0.08242202611443322,0.00013791213871399444,0.010173709957634908,-0.0076017458668243615,1.0001949072806984,0.013555737217621152,0.010173709957634908,55.22273411128808,2.4973797645742395e-06,2.4358853352168808e-06,3.5778534765995573e-06,2.6981427669525146,0.30311349034309387,3.5778534765995573e-06,21.199275970458984,18.59597396850586,6.943085670471191,9.708571434020996,9.119979858398438,3.67515230178833,1244.0,-0.24105568434762537,0.6251206179268863,-0.21776069059219505,-0.20818621421910707,-1.3668575502072278,1.3253563253204288,83.0,0.524661040896817,,,,
synthetic_niah_129,niah_single_1,disagreement_calibration,64,32,physical_delete_median_aor_83,median_aor,83,17,18,0.00014157013376246995,0.0009184422488216255,0.14686149728732434,0.9891838555748371,0.15414157389221417,0.00013736422534364198,0.010389998654131117,0.043646070340191453,0.9995102384923874,0.013220812621474716,0.010389998654131117,61.45497884250493,2.23520092156691e-06,2.1532741811824962e-06,3.6813005408475874e-06,2.217710256576538,0.43532097339630127,3.6813005408475874e-06,20.397972106933594,17.122854232788086,7.805800914764404,10.541574478149414,9.701337814331055,5.264163494110107,1244.0,-0.24105568434762537,0.6251206179268863,-0.21776069059219505,-0.20818621421910707,-1.3668575502072278,1.3253563253204288,83.0,0.524661040896817,,,,
synthetic_niah_129,niah_single_1,disagreement_calibration,64,32,physical_delete_median_aor_83,median_aor,83,18,19,0.0001815736102667178,0.001413417100331909,0.10455144326044122,0.9948069257286002,0.12846428009402133,0.000183586665102351,0.010510084167749551,0.05347903031586717,0.9992181000679895,0.017467668400381716,0.010510084167749551,69.39449630690692,2.645550798299813e-06,2.2358738078764873e-06,4.026279384561349e-06,2.1749401092529297,0.370229035615921,4.026279384561349e-06,25.035959243774414,22.886669158935547,7.367504596710205,10.566925048828125,9.468932151794434,3.6620450019836426,1244.0,-0.24105568434762537,0.6251206179268863,-0.21776069059219505,-0.20818621421910707,-1.3668575502072278,1.3253563253204288,83.0,0.524661040896817,1.1183480562145481e-11,4.048321662512299e-08,1.1182935244790916e-11,4.048387789211478e-08
synthetic_niah_129,niah_single_1,disagreement_calibration,64,32,physical_delete_median_aor_83,median_aor,83,19,20,3.253121716395123e-05,0.0014876514431565585,0.06446834419028677,0.9988286462487679,0.021867499482893106,2.9875005904444754e-05,0.009961361701949726,0.02122030007532584,0.9999408539578052,0.002999088558203579,0.009961361701949726,79.90663834812874,3.7387389235783524e-07,4.1027979591490293e-07,8.600053433838184e-07,1.305275559425354,0.6813907027244568,8.600053433838184e-07,22.509052276611328,19.541114807128906,8.724408149719238,10.079713821411133,10.120649337768555,2.8332509994506836,1244.0,-0.24105568434762537,0.6251206179268863,-0.21776069059219505,-0.20818621421910707,-1.3668575502072278,1.3253563253204288,83.0,0.524661040896817,,,,
synthetic_niah_129,niah_single_1,disagreement_calibration,64,32,physical_delete_median_aor_83,median_aor,83,20,21,0.00016509394596553233,0.0019033682597205549,0.059293948011346576,0.9986177406251612,0.08673778451563062,0.00017000527589810697,0.01001952832625434,0.0586262602714604,0.9991488491809806,0.01696739311097502,0.01001952832625434,92.44164577635378,1.839055054357261e-06,1.948188810274587e-06,2.7940488962485688e-06,2.531198740005493,0.3335178792476654,2.7940488962485688e-06,21.092838287353516,19.21767807006836,7.362602710723877,11.396531105041504,11.000275611877441,5.618958950042725,1244.0,-0.24105568434762537,0.6251206179268863,-0.21776069059219505,-0.20818621421910707,-1.3668575502072278,1.3253563253204288,83.0,0.524661040896817,,,,
synthetic_niah_129,niah_single_1,disagreement_calibration,64,32,physical_delete_median_aor_83,median_aor,83,21,22,0.00016021485485187128,0.0011666033761161987,0.11485714462055627,0.9936362847781601,0.13733446870799487,0.0001682052231176764,0.010557199115491857,0.01669896472075933,0.9998608561499743,0.015932750844004494,0.010557199115491857,119.64709515760946,1.4058446040507879e-06,2.10385201171448e-06,2.7350210984877776e-06,2.5571625232696533,0.3463539779186249,2.7350210984877776e-06,19.114444732666016,17.493576049804688,5.619006156921387,11.173490524291992,11.136276245117188,7.940159320831299,1244.0,-0.24105568434762537,0.6251206179268863,-0.21776069059219505,-0.20818621421910707,-1.3668575502072278,1.3253563253204288,83.0,0.524661040896817,,,,
synthetic_niah_129,niah_single_1,disagreement_calibration,64,32,physical_delete_median_aor_83,median_aor,83,22,23,3.705526934548468e-05,0.000877610771718714,-0.01727322490996199,1.0016194008906276,0.042222897142563096,3.888983883466974e-05,0.011643438495540998,0.03873059688896613,0.9998762076515246,0.003340064779795341,0.011643438495540998,136.43094108396645,2.8505145919014796e-07,6.145792781353521e-07,5.894758032809477e-07,1.3554385900497437,0.646796703338623,5.894758032809477e-07,22.339792251586914,19.816709518432617,6.627074718475342,13.778982162475586,10.923470497131348,10.775778770446777,1244.0,-0.24105568434762537,0.6251206179268863,-0.21776069059219505,-0.20818621421910707,-1.3668575502072278,1.3253563253204288,83.0,0.524661040896817,9.467941169102227e-13,4.0683655320751037e-08,9.454623365951834e-13,4.068428973271488e-08
synthetic_niah_129,niah_single_1,disagreement_calibration,64,32,physical_delete_median_aor_83,median_aor,83,23,24,0.0003033894554156038,0.0009850216913285647,0.3767165041640157,0.9288736439035841,0.30800281667544005,0.00030427765058349093,0.012229800722930017,0.0030663950322969637,1.0002331884752267,0.02488001705645062,0.012229800722930017,164.200196597792,1.8530894413532178e-06,2.235991132693016e-06,5.221524133958155e-06,1.3073338270187378,0.6681480407714844,5.221524133958155e-06,21.156391143798828,18.69270896911621,8.464625358581543,16.02837562561035,13.52079963684082,11.649779319763184,1244.0,-0.24105568434762537,0.6251206179268863,-0.21776069059219505,-0.20818621421910707,-1.3668575502072278,1.3253563253204288,83.0,0.524661040896817,,,,
synthetic_niah_129,niah_single_1,disagreement_calibration,64,32,physical_delete_median_aor_83,median_aor,83,24,25,0.0006506964590653472,0.0011705800615354378,0.6212970013727529,0.7863014971779293,0.5558752283990173,0.0006826239574069548,0.01308437307592604,0.10449859318012947,0.99590071191499,0.052170933482698974,0.01308437307592604,190.14471639549035,3.5900232746259183e-06,5.716807208955288e-06,1.5235358659992926e-05,1.6417994499206543,0.5812987089157104,1.5235358659992926e-05,20.29840087890625,18.38217544555664,6.313399314880371,19.938480377197266,15.412793159484863,66.885009765625,1244.0,-0.24105568434762537,0.6251206179268863,-0.21776069059219505,-0.20818621421910707,-1.3668575502072278,1.3253563253204288,83.0,0.524661040896817,,,,
synthetic_niah_129,niah_single_1,disagreement_calibration,64,32,physical_delete_median_aor_83,median_aor,83,25,26,0.00011353039640588337,0.0021094269081160365,0.02199065749263762,1.0002647396661661,0.05382049312496882,0.00012774257615644476,0.013624425394474464,0.03835544377838086,0.9996842842862285,0.009375997332573906,0.013624425394474464,214.0220777789926,5.968663489397418e-07,1.0380048252045526e-06,1.3880151072953595e-06,1.3847907781600952,0.6698868274688721,1.3880151072953595e-06,19.40300750732422,17.727157592773438,8.088042259216309,26.160228729248047,20.240509033203125,60.828487396240234,1244.0,-0.24105568434762537,0.6251206179268863,-0.21776069059219505,-0.20818621421910707,-1.3668575502072278,1.3253563253204288,83.0,0.524661040896817,,,,
synthetic_niah_129,niah_single_1,disagreement_calibration,64,32,physical_delete_median_aor_83,median_aor,83,26,27,0.00028962804790960694,0.001037711422470401,0.3413317288109694,0.9420005861800862,0.2791026885105604,0.0003156966448806918,0.015047299707608404,0.007722520412543955,1.0000580638219831,0.020980285567188197,0.015047299707608404,263.8809418077972,1.1963601566597239e-06,9.586899523128523e-07,1.7364753830406698e-06,1.6698740720748901,0.6618589162826538,1.7364753830406698e-06,19.956371307373047,17.566606521606445,8.483861923217773,36.64878845214844,25.20865249633789,157.77760314941406,1244.0,-0.24105568434762537,0.6251206179268863,-0.21776069059219505,-0.20818621421910707,-1.3668575502072278,1.3253563253204288,83.0,0.524661040896817,3.838927940845379e-12,4.25321505519639e-08,3.8360583200218776e-12,4.2532620890832755e-08
synthetic_niah_129,niah_single_1,disagreement_calibration,64,32,physical_delete_median_aor_83,median_aor,83,27,28,0.0006914872203668491,0.003115079092759537,0.12668037890102252,0.9965110232774214,0.2219806302748754,0.0005757246156342401,0.016285469262414726,0.02781817698822409,0.9996413897851975,0.035352043368069005,0.016285469262414726,202.74232908364868,2.8396863064382775e-06,2.7250378025200916e-06,2.8378090064506978e-06,2.963963508605957,0.19373679161071777,2.8378090064506978e-06,17.360687255859375,16.171913146972656,4.41328763961792,37.15283203125,24.944049835205078,137.37586975097656,1244.0,-0.24105568434762537,0.6251206179268863,-0.21776069059219505,-0.20818621421910707,-1.3668575502072278,1.3253563253204288,83.0,0.524661040896817,,,,
synthetic_niah_129,niah_single_1,disagreement_calibration,64,32,physical_delete_median_aov_65,median_aov,65,0,1,0.010368860263216945,0.010366335874121366,0.9997112551166445,0.024035176239279688,1.0002435179726215,0.01551466761599929,0.015514118391412786,0.9997720080264526,0.0213541879482345,1.0000354015982507,0.015514118391412786,15.792191057450763,0.000982426539772609,0.00026438056374900043,0.0007377443835139275,1.6802334785461426,0.5164456367492676,0.0007377443835139275,778.4986572265625,778.8846435546875,1846.85595703125,4.92659854888916,4.065028190612793,0.877596378326416,1262.0,-0.23381565453706107,0.7656066211573531,-0.20992709875221005,-0.20015645341063112,-1.372861732672238,0.7150875488723809,65.0,0.738254165672172,3.666544842602711e-08,3.5937137136403096e-08,3.666598747448102e-08,3.5937619734176906e-08
synthetic_niah_129,niah_single_1,disagreement_calibration,64,32,physical_delete_median_aov_65,median_aov,65,1,2,0.0026763128138673786,0.004842031469071138,0.5592843353105073,0.8290018422944846,0.5527252003549626,0.003289726602823272,0.016113871056934136,0.25524683701014356,0.9682248874697328,0.20415495390275162,0.016113871056934136,20.165130802718206,0.00016313936343918115,0.00011296250158920884,0.00020864912949036807,2.9803621768951416,0.21085821092128754,0.00020864912949036807,91.67823028564453,91.1530990600586,3902.505615234375,3.979318141937256,4.009672164916992,0.5662907958030701,1262.0,-0.23381565453706107,0.7656066211573531,-0.20992709875221005,-0.20015645341063112,-1.372861732672238,0.7150875488723809,65.0,0.738254165672172,,,,
synthetic_niah_129,niah_single_1,disagreement_calibration,64,32,physical_delete_median_aov_65,median_aov,65,2,3,0.001367127897655466,0.004155567688750706,0.22490244321344974,0.9799247387090717,0.328987036201176,0.0012688628321710607,0.017694060203644276,0.22221357756764945,0.9865455298039599,0.07171123063714484,0.017694060203644276,23.545766114625504,5.388921413701225e-05,3.560507684596814e-05,6.0597936681006104e-05,2.356273651123047,0.3713637888431549,6.0597936681006104e-05,26.127830505371094,27.463594436645508,48.337364196777344,5.870022773742676,5.984463214874268,1.3169465065002441,1262.0,-0.23381565453706107,0.7656066211573531,-0.20992709875221005,-0.20015645341063112,-1.372861732672238,0.7150875488723809,65.0,0.738254165672172,,,,
synthetic_niah_129,niah_single_1,disagreement_calibration,64,32,physical_delete_median_aov_65,median_aov,65,3,4,0.0024912026034866887,0.007342338683416148,0.35714980333009344,0.9342177962218536,0.3392927936045051,0.002426089637464299,0.021353796298297235,0.13778115245983039,0.9907574913099351,0.11361397306472183,0.021353796298297235,28.89634987857221,8.395834240861475e-05,4.849590186495334e-05,8.45560134621337e-05,2.3093245029449463,0.36137744784355164,8.45560134621337e-05,23.226253509521484,21.942440032958984,9.619653701782227,6.72268009185791,6.4897308349609375,1.3802896738052368,1262.0,-0.23381565453706107,0.7656066211573531,-0.20992709875221005,-0.20015645341063112,-1.372861732672238,0.7150875488723809,65.0,0.738254165672172,,,,
synthetic_niah_129,niah_single_1,disagreement_calibration,64,32,physical_delete_median_aov_65,median_aov,65,4,5,0.0003332008551291919,0.00437198440781301,0.10481347938350076,0.9949030794822357,0.0762127272306235,0.00035618879574431805,0.023962909419576083,0.1270313558220706,0.9982206729336628,0.014864171520564018,0.023962909419576083,32.371381538319966,1.1003200321329375e-05,8.547417564841453e-06,1.03501406556461e-05,1.728128433227539,0.58612459897995,1.03501406556461e-05,21.722002029418945,19.02494239807129,7.08241605758667,7.123271942138672,6.759066581726074,2.017435312271118,1262.0,-0.23381565453706107,0.7656066211573531,-0.20992709875221005,-0.20015645341063112,-1.372861732672238,0.7150875488723809,65.0,0.738254165672172,2.7764315441868515e-12,5.393963620186724e-08,2.7749058994013167e-12,5.394087508267198e-08
synthetic_niah_129,niah_single_1,disagreement_calibration,64,32,physical_delete_median_aov_65,median_aov,65,5,6,0.0008018189590974202,0.00800272603133006,0.15050115758529334,0.9898890287699079,0.10019322865213183,0.0005688356179428609,0.019553102946036245,0.035338059492740236,0.9993949353927909,0.029091833634424445,0.019553102946036245,34.07387474759126,1.6694186445087897e-05,1.7016522178892046e-05,2.9563547286670655e-05,1.9502110481262207,0.501112163066864,2.9563547286670655e-05,19.084129333496094,17.90498161315918,5.341762065887451,7.647612571716309,7.690374851226807,1.5226361751556396,1262.0,-0.23381565453706107,0.7656066211573531,-0.20992709875221005,-0.20015645341063112,-1.372861732672238,0.7150875488723809,65.0,0.738254165672172,,,,
synthetic_niah_129,niah_single_1,disagreement_calibration,64,32,physical_delete_median_aov_65,median_aov,65,6,7,0.00011561604704810296,0.0026969994942946007,0.05138107328223012,0.9987154003784634,0.04286839774819546,0.00012751409745688,0.019362657929752777,0.1104601380355955,0.9992939928956982,0.006585567845049882,0.019362657929752777,37.4821656548831,3.4019938610528962e-06,2.8710937840514816e-06,4.3381141949794255e-06,1.3926335573196411,0.6498808860778809,4.3381141949794255e-06,21.526737213134766,19.756248474121094,7.029569149017334,7.396535396575928,6.775467872619629,1.251006007194519,1262.0,-0.23381565453706107,0.7656066211573531,-0.20992709875221005,-0.20015645341063112,-1.372861732672238,0.7150875488723809,65.0,0.738254165672172,,,,
synthetic_niah_129,niah_single_1,disagreement_calibration,64,32,physical_delete_median_aov_65,median_aov,65,7,8,0.0014027062982541446,0.004802381834984377,0.26746212227839095,0.9638829420190522,0.29208554139442094,0.001790907031122693,0.017518633508695917,0.18977134011281876,0.9857233654994784,0.10222869439181548,0.017518633508695917,39.348667346992805,4.551379123795312e-05,3.553287388058379e-05,5.135757601237856e-05,2.606757879257202,0.31536051630973816,5.135757601237856e-05,33.8076286315918,33.48484420776367,196.19056701660156,6.447068214416504,6.112486839294434,1.2819980382919312,1262.0,-0.23381565453706107,0.7656066211573531,-0.20992709875221005,-0.20015645341063112,-1.372861732672238,0.7150875488723809,65.0,0.738254165672172,9.619113723619044e-10,4.5372927608155434e-08,9.619073740292862e-10,4.537391625941379e-08
synthetic_niah_129,niah_single_1,disagreement_calibration,64,32,physical_delete_median_aov_65,median_aov,65,8,9,0.0012929391364327918,0.004426449016838539,0.30747770218997184,0.9516796316958789,0.29209398583703455,0.0011667443832309079,0.014889196854559623,-0.009458649635076203,1.0038042472032036,0.07836180786834097,0.014889196854559623,39.18652830524711,2.9774119670475626e-05,2.0941633920301683e-05,4.811911276192404e-05,2.020681619644165,0.49445533752441406,4.811911276192404e-05,23.13909149169922,21.098846435546875,13.072538375854492,8.894250869750977,8.244819641113281,3.0976786613464355,1262.0,-0.23381565453706107,0.7656066211573531,-0.20992709875221005,-0.20015645341063112,-1.372861732672238,0.7150875488723809,65.0,0.738254165672172,,,,
synthetic_niah_129,niah_single_1,disagreement_calibration,64,32,physical_delete_median_aov_65,median_aov,65,9,10,6.85565076936971e-05,0.0030559484558748324,0.16430638283838017,0.9965597046798697,0.022433790583706457,6.128314066435888e-05,0.014956480469401276,0.041658464423977824,0.9998376886295897,0.004097430594700072,0.014956480469401276,40.17687933120476,1.5253335172988713e-06,1.821615114749875e-06,1.822055310185533e-06,2.1864545345306396,0.4145396053791046,1.822055310185533e-06,22.179210662841797,19.852861404418945,6.69736385345459,8.029303550720215,7.513304710388184,2.932164430618286,1262.0,-0.23381565453706107,0.7656066211573531,-0.20992709875221005,-0.20015645341063112,-1.372861732672238,0.7150875488723809,65.0,0.738254165672172,,,,
synthetic_niah_129,niah_single_1,disagreement_calibration,64,32,physical_delete_median_aov_65,median_aov,65,10,11,6.469849015268157e-05,0.0044943929873352325,-0.043049657074673585,1.0007230681803758,0.014395378938823485,6.880817723805176e-05,0.014133484119620869,0.11896425985872383,0.9994325182009905,0.0048684511657340395,0.014133484119620869,43.151641003626466,1.594566872492036e-06,1.3304394315127865e-06,1.684398512225016e-06,2.5877115726470947,0.36274611949920654,1.684398512225016e-06,24.124618530273438,20.057493209838867,10.944012641906738,9.338533401489258,8.535377502441406,4.073339939117432,1262.0,-0.23381565453706107,0.7656066211573531,-0.20992709875221005,-0.20015645341063112,-1.372861732672238,0.7150875488723809,65.0,0.738254165672172,1.5360587623944968e-12,4.6146484336080575e-08,1.5354584912306746e-12,4.6147492470165365e-08
synthetic_niah_129,niah_single_1,disagreement_calibration,64,32,physical_delete_median_aov_65,median_aov,65,11,12,4.797261145043724e-05,0.004190161315289522,-0.15340120951393196,1.0018201523118717,0.011448869826416823,4.338524941375791e-05,0.012656846995350322,0.04146289653078253,0.9998637387777248,0.0034278086343064837,0.012656846995350322,45.46814084666253,9.541900901572158e-07,1.6880126167961862e-06,2.22045218833955e-06,2.0185658931732178,0.4860121011734009,2.22045218833955e-06,21.24786376953125,19.609355926513672,7.949995517730713,6.68170690536499,7.311403274536133,1.1777915954589844,1262.0,-0.23381565453706107,0.7656066211573531,-0.20992709875221005,-0.20015645341063112,-1.372861732672238,0.7150875488723809,65.0,0.738254165672172,,,,
synthetic_niah_129,niah_single_1,disagreement_calibration,64,32,physical_delete_median_aov_65,median_aov,65,12,13,4.3777348556244215e-05,0.0026467930875453015,-0.11525421496636193,1.0020409773911498,0.016539769868011995,3.737782594746788e-05,0.011928511609140125,-0.02542884048293803,1.0000845867098063,0.003133486152524463,0.011928511609140125,45.62639670166828,8.192149424348735e-07,8.848014658724423e-07,1.0306483773092623e-06,2.158435583114624,0.43396222591400146,1.0306483773092623e-06,21.757333755493164,18.462373733520508,6.930051326751709,9.597813606262207,8.631064414978027,1.3838257789611816,1262.0,-0.23381565453706107,0.7656066211573531,-0.20992709875221005,-0.20015645341063112,-1.372861732672238,0.7150875488723809,65.0,0.738254165672172,,,,
synthetic_niah_129,niah_single_1,disagreement_calibration,64,32,physical_delete_median_aov_65,median_aov,65,13,14,0.00016297492294130563,0.0018628626372636317,0.08799382450210462,0.9961211494846183,0.08748628035221122,0.00015427833344587935,0.011909341787209978,0.004027800102259482,1.000031729969808,0.012954396322017255,0.011909341787209978,50.51653262270496,3.0540166839665086e-06,3.089598976657726e-06,4.398323198984144e-06,2.2586193084716797,0.3331555724143982,4.398323198984144e-06,23.382766723632812,19.832311630249023,6.210124969482422,8.376864433288574,7.803352355957031,2.4984474182128906,1262.0,-0.23381565453706107,0.7656066211573531,-0.20992709875221005,-0.20015645341063112,-1.372861732672238,0.7150875488723809,65.0,0.738254165672172,,,,
synthetic_niah_129,niah_single_1,disagreement_calibration,64,32,physical_delete_median_aov_65,median_aov,65,14,15,2.3356767170084673e-05,0.0015101308410100046,-0.05241234879453283,1.0009298243836202,0.015466717542476794,2.309121792500216e-05,0.011628367037662027,-0.020934086303984516,1.000043540886216,0.0019857661742370344,0.011628367037662027,49.5043830347062,4.664479488374499e-07,3.4476695986995765e-07,3.766338068089681e-07,1.5213794708251953,0.6269374489784241,3.766338068089681e-07,21.75157928466797,20.10799789428711,12.387578964233398,11.50418472290039,9.897773742675781,2.8655834197998047,1262.0,-0.23381565453706107,0.7656066211573531,-0.20992709875221005,-0.20015645341063112,-1.372861732672238,0.7150875488723809,65.0,0.738254165672172,7.473201972905132e-13,4.693770281133485e-08,7.464803547088239e-13,4.693871905297302e-08
synthetic_niah_129,niah_single_1,disagreement_calibration,64,32,physical_delete_median_aov_65,median_aov,65,15,16,0.00019153942229707202,0.002787231109830506,0.13373234841043413,0.993147633753119,0.06872032305520574,0.000183577978476684,0.010909066831624022,0.03651549850974078,0.9995269957523208,0.016828018501501372,0.010909066831624022,50.4511500019142,3.638727332671678e-06,3.1790020784683293e-06,3.4625347780092852e-06,2.474459171295166,0.3527611196041107,3.4625347780092852e-06,57.6721076965332,55.86594009399414,1389.7569580078125,9.564882278442383,8.45954704284668,3.598875045776367,1262.0,-0.23381565453706107,0.7656066211573531,-0.20992709875221005,-0.20015645341063112,-1.372861732672238,0.7150875488723809,65.0,0.738254165672172,,,,
synthetic_niah_129,niah_single_1,disagreement_calibration,64,32,physical_delete_median_aov_65,median_aov,65,16,17,0.00015648149199634615,0.001688209118589538,0.03243565024441506,1.0012884771104018,0.09269082264351412,0.00015776240300042623,0.01075484080629014,-0.011307618629772597,1.0002734229963504,0.014668966825446302,0.01075484080629014,55.22273411128808,2.8568379588466994e-06,3.4700697142397985e-06,4.915547378914198e-06,2.6981427669525146,0.30311349034309387,4.915547378914198e-06,20.917652130126953,18.59597396850586,6.943085670471191,9.443026542663574,9.119979858398438,3.67515230178833,1262.0,-0.23381565453706107,0.7656066211573531,-0.20992709875221005,-0.20015645341063112,-1.372861732672238,0.7150875488723809,65.0,0.738254165672172,,,,
synthetic_niah_129,niah_single_1,disagreement_calibration,64,32,physical_delete_median_aov_65,median_aov,65,17,18,0.00011335548423773199,0.0009706044240943364,0.10133612395454483,0.9949722445787049,0.11678855095215863,0.00011133770920679729,0.01098171719421566,0.022028448167493327,0.9998280448512695,0.010138460792401539,0.01098171719421566,61.45497884250493,1.8116955095230023e-06,1.7583203089088784e-06,2.845558810804505e-06,2.217710256576538,0.43532097339630127,2.845558810804505e-06,20.473602294921875,17.122854232788086,7.805800914764404,10.521265029907227,9.701337814331055,5.264163494110107,1262.0,-0.23381565453706107,0.7656066211573531,-0.20992709875221005,-0.20015645341063112,-1.372861732672238,0.7150875488723809,65.0,0.738254165672172,,,,
synthetic_niah_129,niah_single_1,disagreement_calibration,64,32,physical_delete_median_aov_65,median_aov,65,18,19,0.00017032230571489688,0.001469870074464795,0.06761154069969362,0.9988784280469041,0.1158757557377404,0.00016910170652138483,0.011080158782813418,0.03562421247501446,0.9995726830483362,0.015261668161622444,0.011080158782813418,69.39449630690692,2.436817262474372e-06,2.081009142784751e-06,3.886083959514508e-06,2.1749401092529297,0.370229035615921,3.886083959514508e-06,25.17397689819336,22.886669158935547,7.367504596710205,10.497343063354492,9.468932151794434,3.6620450019836426,1262.0,-0.23381565453706107,0.7656066211573531,-0.20992709875221005,-0.20015645341063112,-1.372861732672238,0.7150875488723809,65.0,0.738254165672172,7.0154753381969785e-12,4.669949118125983e-08,7.015447475703173e-12,4.670044062893832e-08
synthetic_niah_129,niah_single_1,disagreement_calibration,64,32,physical_delete_median_aov_65,median_aov,65,19,20,5.779048198220447e-05,0.0014947663453511945,0.07801911685572575,0.9977284245922832,0.0386618832849268,5.239073702841947e-05,0.010509793591804352,0.02535675689473682,0.9998860163152947,0.004984944430238318,0.010509793591804352,79.90663834812874,6.556493692072126e-07,5.699038752027263e-07,1.448920897928474e-06,1.305275559425354,0.6813907027244568,1.448920897928474e-06,22.422285079956055,19.541114807128906,8.724408149719238,10.060558319091797,10.120649337768555,2.8332509994506836,1262.0,-0.23381565453706107,0.7656066211573531,-0.20992709875221005,-0.20015645341063112,-1.372861732672238,0.7150875488723809,65.0,0.738254165672172,,,,
synthetic_niah_129,niah_single_1,disagreement_calibration,64,32,physical_delete_median_aov_65,median_aov,65,20,21,0.0003859954278395455,0.0019856133243244586,0.16251454682511793,0.9872210763673631,0.194396070529426,0.0003989572675259737,0.010614151977340438,0.04567141677129873,0.9989892265213915,0.03758729556328996,0.010614151977340438,92.44164577635378,4.3157741748906144e-06,2.683853608687059e-06,5.422783942776732e-06,2.531198740005493,0.3335178792476654,5.422783942776732e-06,21.069467544555664,19.21767807006836,7.362602710723877,11.762567520141602,11.000275611877441,5.618958950042725,1262.0,-0.23381565453706107,0.7656066211573531,-0.20992709875221005,-0.20015645341063112,-1.372861732672238,0.7150875488723809,65.0,0.738254165672172,,,,
synthetic_niah_129,niah_single_1,disagreement_calibration,64,32,physical_delete_median_aov_65,median_aov,65,21,22,0.00017126486681105763,0.0012428062155581078,0.11831921677262117,0.9931667822270422,0.13780496481838692,0.0001802069873575172,0.01122956509724443,0.0252544931100712,0.9997234509663219,0.016047548217315855,0.01122956509724443,119.64709515760946,1.5061543042071605e-06,2.1662801827915246e-06,2.7273104024061467e-06,2.5571625232696533,0.3463539779186249,2.7273104024061467e-06,18.916751861572266,17.493576049804688,5.619006156921387,11.345325469970703,11.136276245117188,7.940159320831299,1262.0,-0.23381565453706107,0.7656066211573531,-0.20992709875221005,-0.20015645341063112,-1.372861732672238,0.7150875488723809,65.0,0.738254165672172,,,,
synthetic_niah_129,niah_single_1,disagreement_calibration,64,32,physical_delete_median_aov_65,median_aov,65,22,23,4.310239436874491e-05,0.0008869334276790423,0.006049310621373143,1.0008864672895696,0.04859710213148323,4.338943407582442e-05,0.012374180902233103,-0.00786227104745871,1.0000337156762131,0.0035064489858875553,0.012374180902233103,136.43094108396645,3.1803221271573863e-07,7.907704571152863e-07,6.822069735790137e-07,1.3554385900497437,0.646796703338623,6.822069735790137e-07,22.03455352783203,19.816709518432617,6.627074718475342,13.708955764770508,10.923470497131348,10.775778770446777,1262.0,-0.23381565453706107,0.7656066211573531,-0.20992709875221005,-0.20015645341063112,-1.372861732672238,0.7150875488723809,65.0,0.738254165672172,1.3868076275436281e-12,4.662383771874438e-08,1.3838297709470204e-12,4.662481481038671e-08
synthetic_niah_129,niah_single_1,disagreement_calibration,64,32,physical_delete_median_aov_65,median_aov,65,23,24,0.00037513061119327307,0.001065330862851918,0.39430134358945146,0.9199484859049228,0.35212592094538486,0.0003743313306600945,0.012999895122509545,0.0004206773273883766,1.00040238023653,0.02879495004632255,0.012999895122509545,164.200196597792,2.2797252282043137e-06,3.3163933039759286e-06,6.520237548102159e-06,1.3073338270187378,0.6681480407714844,6.520237548102159e-06,20.885860443115234,18.69270896911621,8.464625358581543,16.2211971282959,13.52079963684082,11.649779319763184,1262.0,-0.23381565453706107,0.7656066211573531,-0.20992709875221005,-0.20015645341063112,-1.372861732672238,0.7150875488723809,65.0,0.738254165672172,,,,
synthetic_niah_129,niah_single_1,disagreement_calibration,64,32,physical_delete_median_aov_65,median_aov,65,24,25,0.00045359853749230906,0.0010836671361676474,0.48604058370736103,0.8765362721998542,0.41857736785895816,0.000473804875382079,0.013887554112433136,0.08059999034556727,0.9978297893838236,0.03411722982651746,0.013887554112433136,190.14471639549035,2.491811943891154e-06,5.275167950458126e-06,8.987348337541334e-06,1.6417994499206543,0.5812987089157104,8.987348337541334e-06,19.942272186279297,18.38217544555664,6.313399314880371,20.279277801513672,15.412793159484863,66.885009765625,1262.0,-0.23381565453706107,0.7656066211573531,-0.20992709875221005,-0.20015645341063112,-1.372861732672238,0.7150875488723809,65.0,0.738254165672172,,,,
synthetic_niah_129,niah_single_1,disagreement_calibration,64,32,physical_delete_median_aov_65,median_aov,65,25,26,0.00030588716385327765,0.002265370640739528,0.24269723269692137,0.97605883058975,0.13502742480736887,0.00033177787818584843,0.014405242710383955,-0.08959008739090314,1.002325941694883,0.023031745098379203,0.014405242710383955,214.0220777789926,1.550203986564671e-06,2.364413603572757e-06,3.537507609507884e-06,1.3847907781600952,0.6698868274688721,3.537507609507884e-06,19.027854919433594,17.727157592773438,8.088042259216309,26.66396713256836,20.240509033203125,60.828487396240234,1262.0,-0.23381565453706107,0.7656066211573531,-0.20992709875221005,-0.20015645341063112,-1.372861732672238,0.7150875488723809,65.0,0.738254165672172,,,,
synthetic_niah_129,niah_single_1,disagreement_calibration,64,32,physical_delete_median_aov_65,median_aov,65,26,27,0.0004666192026321637,0.0010838882061111107,0.49256593120356423,0.872485170563431,0.4305049173902811,0.0005089539818890677,0.015937526935413077,0.014223017672592434,1.0000556963333993,0.03193431352000889,0.015937526935413077,263.8809418077972,1.9287258049115733e-06,1.4789029592066072e-06,2.6978739242622396e-06,1.6698740720748901,0.6618589162826538,2.6978739242622396e-06,19.537734985351562,17.566606521606445,8.483861923217773,37.70805358886719,25.20865249633789,157.77760314941406,1262.0,-0.23381565453706107,0.7656066211573531,-0.20992709875221005,-0.20015645341063112,-1.372861732672238,0.7150875488723809,65.0,0.738254165672172,6.0934298579711285e-12,4.8317049590860896e-08,6.090077260002209e-12,4.831792768379253e-08
synthetic_niah_129,niah_single_1,disagreement_calibration,64,32,physical_delete_median_aov_65,median_aov,65,27,28,0.0006075417116485948,0.0033216664447571556,0.09948922332438452,0.9985287677590855,0.18290268506867244,0.000570860938256974,0.017250109361562987,0.04236893261151516,0.9991450911526522,0.03309317792088767,0.017250109361562987,202.74232908364868,2.8156968544119107e-06,3.187836227880325e-06,2.441917104079039e-06,2.963963508605957,0.19373679161071777,2.441917104079039e-06,17.107744216918945,16.171913146972656,4.41328763961792,37.96693420410156,24.944049835205078,137.37586975097656,1262.0,-0.23381565453706107,0.7656066211573531,-0.20992709875221005,-0.20015645341063112,-1.372861732672238,0.7150875488723809,65.0,0.738254165672172,,,,
synthetic_niah_129,niah_single_1,disagreement_calibration,64,32,physical_delete_low_aor_35,low_aor,35,0,1,0.0006507594106344562,0.0006041352621225387,0.9238333244341252,0.41236593340495004,1.0771750159858415,0.0009449155428769574,0.0008478930572810666,0.9372825603177625,0.3910010441315505,1.1144277391620734,0.0008478930572810666,15.792191057450763,5.983435353836767e-05,7.268178160302341e-05,0.00017673091497272253,1.6802334785461426,0.5164456367492676,0.00017673091497272253,779.2382202148438,778.8846435546875,1846.85595703125,3.605106830596924,4.065028190612793,0.877596378326416,1292.0,-0.31756108207211065,-0.3261297726026332,-0.3156604550172325,-0.3155366092283835,0.6598466107539438,-0.1005515915918134,35.0,0.5514328206809315,2.9033155820677675e-11,2.1094551038998592e-11,2.9031702776261632e-11,2.1093885283032712e-11
synthetic_niah_129,niah_single_1,disagreement_calibration,64,32,physical_delete_low_aor_35,low_aor,35,1,2,0.007793707941223008,0.007804075333139799,0.999798842160569,0.020088454934581088,0.9986715412814166,0.008254013839514894,0.008297031318494377,0.9952132563564395,0.09772785032073279,0.9948153167888382,0.008297031318494377,20.165130802718206,0.00040932111575503764,0.00043416922562755644,0.0007900939672254026,2.9803621768951416,0.21085821092128754,0.0007900939672254026,91.91012573242188,91.1530990600586,3902.505615234375,4.046538352966309,4.009672164916992,0.5662907958030701,1292.0,-0.31756108207211065,-0.3261297726026332,-0.3156604550172325,-0.3155366092283835,0.6598466107539438,-0.1005515915918134,35.0,0.5514328206809315,,,,
synthetic_niah_129,niah_single_1,disagreement_calibration,64,32,physical_delete_low_aor_35,low_aor,35,2,3,0.0022555993437422457,0.0030071451369274183,0.7218824290404819,0.6925899653761615,0.750079973209051,0.002336085538589543,0.009769207794591436,0.3716292687354671,0.9377891150359242,0.23912742851911484,0.009769207794591436,23.545766114625504,9.921467525061664e-05,6.750439933966845e-05,0.00010365197522332892,2.356273651123047,0.3713637888431549,0.00010365197522332892,29.209369659423828,27.463594436645508,48.337364196777344,6.420711994171143,5.984463214874268,1.3169465065002441,1292.0,-0.31756108207211065,-0.3261297726026332,-0.3156604550172325,-0.3155366092283835,0.6598466107539438,-0.1005515915918134,35.0,0.5514328206809315,,,,
synthetic_niah_129,niah_single_1,disagreement_calibration,64,32,physical_delete_low_aor_35,low_aor,35,3,4,0.0010422969656580638,0.004098386843038146,0.10562663873744714,1.0054612783688952,0.2543188345991776,0.001146864197720253,0.011028687835487917,0.0831188351681697,0.9967581604923387,0.1039891793863177,0.011028687835487917,28.89634987857221,3.9688895052129e-05,2.9642169465660118e-05,4.204647848382592e-05,2.3093245029449463,0.36137744784355164,4.204647848382592e-05,23.95743179321289,21.942440032958984,9.619653701782227,6.098037242889404,6.4897308349609375,1.3802896738052368,1292.0,-0.31756108207211065,-0.3261297726026332,-0.3156604550172325,-0.3155366092283835,0.6598466107539438,-0.1005515915918134,35.0,0.5514328206809315,,,,
synthetic_niah_129,niah_single_1,disagreement_calibration,64,32,physical_delete_low_aor_35,low_aor,35,4,5,0.0009114829431328697,0.0024947886434029745,0.27555010732145424,0.9654724318522918,0.3653547748596357,0.0009336924037681064,0.011596494682494593,0.041897340420685575,0.9998679616441147,0.08051505470679474,0.011596494682494593,32.371381538319966,2.8843143523634853e-05,2.1633195501635782e-05,3.3261821954511106e-05,1.728128433227539,0.58612459897995,3.3261821954511106e-05,19.90674591064453,19.02494239807129,7.08241605758667,6.547115325927734,6.759066581726074,2.017435312271118,1292.0,-0.31756108207211065,-0.3261297726026332,-0.3156604550172325,-0.3155366092283835,0.6598466107539438,-0.1005515915918134,35.0,0.5514328206809315,3.0015676659399305e-11,3.914696428874832e-09,3.00126869074515e-11,3.914649323045392e-09
synthetic_niah_129,niah_single_1,disagreement_calibration,64,32,physical_delete_low_aor_35,low_aor,35,5,6,0.0011314020977034962,0.003964810696871287,0.24283654776819527,0.9709988335704193,0.28536093755908915,0.0009004648235385383,0.00961092580221358,0.11099125155147795,0.993971937991887,0.09369178808259492,0.00961092580221358,34.07387474759126,2.6426839630329792e-05,2.917135316238273e-05,4.146208812016994e-05,1.9502110481262207,0.501112163066864,4.146208812016994e-05,18.923542022705078,17.90498161315918,5.341762065887451,7.611141204833984,7.690374851226807,1.5226361751556396,1292.0,-0.31756108207211065,-0.3261297726026332,-0.3156604550172325,-0.3155366092283835,0.6598466107539438,-0.1005515915918134,35.0,0.5514328206809315,,,,
synthetic_niah_129,niah_single_1,disagreement_calibration,64,32,physical_delete_low_aor_35,low_aor,35,6,7,0.0014318500538001665,0.0022461249291332195,0.6281180944630864,0.7781742890416006,0.6374756965778916,0.0015902069088309478,0.008927369263666354,0.1547938154555805,0.9882223026915065,0.17812715726938247,0.008927369263666354,37.4821656548831,4.242569448822067e-05,3.71453097613994e-05,4.497366171563044e-05,1.3926335573196411,0.6498808860778809,4.497366171563044e-05,20.42760467529297,19.756248474121094,7.029569149017334,6.451684951782227,6.775467872619629,1.251006007194519,1292.0,-0.31756108207211065,-0.3261297726026332,-0.3156604550172325,-0.3155366092283835,0.6598466107539438,-0.1005515915918134,35.0,0.5514328206809315,,,,
synthetic_niah_129,niah_single_1,disagreement_calibration,64,32,physical_delete_low_aor_35,low_aor,35,7,8,0.0007920755372813748,0.002325234141604666,0.22967688208097237,0.9795723994997757,0.34064334559218024,0.0007341401432168374,0.007999995569486057,0.06564203058025345,0.9981851870092125,0.09176756872429127,0.007999995569486057,39.348667346992805,1.865730640234614e-05,2.6877571144723333e-05,3.119161192444153e-05,2.606757879257202,0.31536051630973816,3.119161192444153e-05,33.000770568847656,33.48484420776367,196.19056701660156,6.14414644241333,6.112486839294434,1.2819980382919312,1292.0,-0.31756108207211065,-0.3261297726026332,-0.3156604550172325,-0.3155366092283835,0.6598466107539438,-0.1005515915918134,35.0,0.5514328206809315,1.9473522910952243e-10,4.284109297019685e-09,1.9473529306964616e-10,4.284029127538194e-09
synthetic_niah_129,niah_single_1,disagreement_calibration,64,32,physical_delete_low_aor_35,low_aor,35,8,9,0.0017250990173995064,0.002386446650182366,0.6874036901612417,0.7271411647088695,0.7228734894482888,0.0016338730032128056,0.0072004274439726665,0.18812195413737207,0.9829114413742163,0.22691333478826842,0.0072004274439726665,39.18652830524711,4.169476281454687e-05,3.024806392204482e-05,4.2649371607694775e-05,2.020681619644165,0.49445533752441406,4.2649371607694775e-05,21.546852111816406,21.098846435546875,13.072538375854492,8.723686218261719,8.244819641113281,3.0976786613464355,1292.0,-0.31756108207211065,-0.3261297726026332,-0.3156604550172325,-0.3155366092283835,0.6598466107539438,-0.1005515915918134,35.0,0.5514328206809315,,,,
synthetic_niah_129,niah_single_1,disagreement_calibration,64,32,physical_delete_low_aor_35,low_aor,35,9,10,0.0007541927203945663,0.0022516408376782294,0.47360825359398273,0.8915832215951259,0.33495249676331557,0.0007222289769421644,0.007091909015130537,0.1296994395838234,0.9919447013132554,0.10183844369707706,0.007091909015130537,40.17687933120476,1.797623381817065e-05,1.603491728019435e-05,2.2031525077181868e-05,2.1864545345306396,0.4145396053791046,2.2031525077181868e-05,21.31671142578125,19.852861404418945,6.69736385345459,7.471280097961426,7.513304710388184,2.932164430618286,1292.0,-0.31756108207211065,-0.3261297726026332,-0.3156604550172325,-0.3155366092283835,0.6598466107539438,-0.1005515915918134,35.0,0.5514328206809315,,,,
synthetic_niah_129,niah_single_1,disagreement_calibration,64,32,physical_delete_low_aor_35,low_aor,35,10,11,0.000528358640384711,0.002266730821174167,0.2279208525875119,0.9736933983678677,0.23309280283709255,0.000630907360879812,0.006857333543248737,0.10289341358296605,0.994751983214982,0.09200476495721291,0.006857333543248737,43.151641003626466,1.4620703783357637e-05,7.730769539193716e-06,9.098374903260265e-06,2.5877115726470947,0.36274611949920654,9.098374903260265e-06,20.48537826538086,20.057493209838867,10.944012641906738,9.711921691894531,8.535377502441406,4.073339939117432,1292.0,-0.31756108207211065,-0.3261297726026332,-0.3156604550172325,-0.3155366092283835,0.6598466107539438,-0.1005515915918134,35.0,0.5514328206809315,5.6648456394777524e-11,3.4618769098813444e-09,5.664702942751906e-11,3.46185227808893e-09
synthetic_niah_129,niah_single_1,disagreement_calibration,64,32,physical_delete_low_aor_35,low_aor,35,11,12,0.000331476706820708,0.0019999762067134143,0.06720983151462667,1.0025921886422924,0.16574032516388174,0.0002973414069677168,0.0063569959934774364,0.018007315942995334,1.0002515944176367,0.046773886167743764,0.0063569959934774364,45.46814084666253,6.539554981376424e-06,8.818186870485079e-06,1.5252757293637842e-05,2.0185658931732178,0.4860121011734009,1.5252757293637842e-05,20.545061111450195,19.609355926513672,7.949995517730713,7.6190290451049805,7.311403274536133,1.1777915954589844,1292.0,-0.31756108207211065,-0.3261297726026332,-0.3156604550172325,-0.3155366092283835,0.6598466107539438,-0.1005515915918134,35.0,0.5514328206809315,,,,
synthetic_niah_129,niah_single_1,disagreement_calibration,64,32,physical_delete_low_aor_35,low_aor,35,12,13,0.0009702506514696739,0.0015858767761502358,0.5250868342142145,0.8554555621749264,0.6118070874491187,0.0008967188414713096,0.006086680872783541,0.16558670189912372,0.9863643051225646,0.14732476701398428,0.006086680872783541,45.62639670166828,1.9653509948080605e-05,2.442267577862367e-05,2.9642584195244126e-05,2.158435583114624,0.43396222591400146,2.9642584195244126e-05,17.12738800048828,18.462373733520508,6.930051326751709,8.126495361328125,8.631064414978027,1.3838257789611816,1292.0,-0.31756108207211065,-0.3261297726026332,-0.3156604550172325,-0.3155366092283835,0.6598466107539438,-0.1005515915918134,35.0,0.5514328206809315,,,,
synthetic_niah_129,niah_single_1,disagreement_calibration,64,32,physical_delete_low_aor_35,low_aor,35,13,14,0.003664520475593574,0.0038633917282791318,0.9544307342694685,0.2984909728139119,0.9485241811670646,0.0035486711562376324,0.0069938135327519205,0.5014801366109358,0.8651894212168275,0.5074014541021519,0.0069938135327519205,50.51653262270496,7.024771836067507e-05,6.116021540947258e-05,0.00011884056584676728,2.2586193084716797,0.3331555724143982,0.00011884056584676728,17.903472900390625,19.832311630249023,6.210124969482422,7.130817413330078,7.803352355957031,2.4984474182128906,1292.0,-0.31756108207211065,-0.3261297726026332,-0.3156604550172325,-0.3155366092283835,0.6598466107539438,-0.1005515915918134,35.0,0.5514328206809315,,,,
synthetic_niah_129,niah_single_1,disagreement_calibration,64,32,physical_delete_low_aor_35,low_aor,35,14,15,0.0004337760697233207,0.0012970250545209995,0.3121719550903863,0.9502865369470356,0.3344392370920832,0.00040791737899316036,0.006662587757735113,0.038142939521467675,0.9995388440444563,0.061225066569603914,0.006662587757735113,49.5043830347062,8.240025508593458e-06,7.621059467055602e-06,1.0116881639987696e-05,1.5213794708251953,0.6269374489784241,1.0116881639987696e-05,20.179283142089844,20.10799789428711,12.387578964233398,9.784076690673828,9.897773742675781,2.8655834197998047,1292.0,-0.31756108207211065,-0.3261297726026332,-0.3156604550172325,-0.3155366092283835,0.6598466107539438,-0.1005515915918134,35.0,0.5514328206809315,1.0886296957105326e-10,8.12808114574354e-09,1.0886203902370487e-10,8.128123989949595e-09
synthetic_niah_129,niah_single_1,disagreement_calibration,64,32,physical_delete_low_aor_35,low_aor,35,15,16,0.009655657983108513,0.009828094172979755,0.9854930047377594,0.16974324285186188,0.9824547682555466,0.008742775610744456,0.010887877891443793,0.8228429961520211,0.5686157245933722,0.8029825185323709,0.010887877891443793,50.4511500019142,0.0001732918993999689,0.00011745678057195619,0.0002436988870613277,2.474459171295166,0.3527611196041107,0.0002436988870613277,54.88533401489258,55.86594009399414,1389.7569580078125,7.813610076904297,8.45954704284668,3.598875045776367,1292.0,-0.31756108207211065,-0.3261297726026332,-0.3156604550172325,-0.3155366092283835,0.6598466107539438,-0.1005515915918134,35.0,0.5514328206809315,,,,
synthetic_niah_129,niah_single_1,disagreement_calibration,64,32,physical_delete_low_aor_35,low_aor,35,16,17,0.0016264369438050437,0.00521953874885582,0.16358915818347125,0.9975707607110431,0.31160549275768407,0.0014857527079156212,0.011983467782210176,0.1296695734763194,0.9915735639567304,0.12398353589444838,0.011983467782210176,55.22273411128808,2.6904729217525623e-05,5.8294401242164895e-05,5.562547448789701e-05,2.6981427669525146,0.30311349034309387,5.562547448789701e-05,17.61853790283203,18.59597396850586,6.943085670471191,7.694568157196045,9.119979858398438,3.67515230178833,1292.0,-0.31756108207211065,-0.3261297726026332,-0.3156604550172325,-0.3155366092283835,0.6598466107539438,-0.1005515915918134,35.0,0.5514328206809315,,,,
synthetic_niah_129,niah_single_1,disagreement_calibration,64,32,physical_delete_low_aor_35,low_aor,35,17,18,0.0010035675307793605,0.0024842790481992057,0.20906782856826567,0.997134119325269,0.403967312571759,0.0009161916557122486,0.012877100949658658,0.10027576804350755,0.9953859273605465,0.07114890683034793,0.012877100949658658,61.45497884250493,1.4908338965671741e-05,2.3639833671040833e-05,2.24463456106605e-05,2.217710256576538,0.43532097339630127,2.24463456106605e-05,16.31787109375,17.122854232788086,7.805800914764404,9.437177658081055,9.701337814331055,5.264163494110107,1292.0,-0.31756108207211065,-0.3261297726026332,-0.3156604550172325,-0.3155366092283835,0.6598466107539438,-0.1005515915918134,35.0,0.5514328206809315,,,,
synthetic_niah_129,niah_single_1,disagreement_calibration,64,32,physical_delete_low_aor_35,low_aor,35,18,19,0.0016999186275033216,0.0038444058893765316,0.33798370886266316,0.9469022325264967,0.442179800057222,0.0017211364907001492,0.013552622503214266,0.17014966842086304,0.986362651746282,0.12699656397069634,0.013552622503214266,69.39449630690692,2.480220453057518e-05,2.004989619308617e-05,3.651950100902468e-05,2.1749401092529297,0.370229035615921,3.651950100902468e-05,22.695720672607422,22.886669158935547,7.367504596710205,9.689250946044922,9.468932151794434,3.6620450019836426,1292.0,-0.31756108207211065,-0.3261297726026332,-0.3156604550172325,-0.3155366092283835,0.6598466107539438,-0.1005515915918134,35.0,0.5514328206809315,5.627990213717946e-10,1.0459270194517772e-07,5.628029178795601e-10,1.0459534486340526e-07
synthetic_niah_129,niah_single_1,disagreement_calibration,64,32,physical_delete_low_aor_35,low_aor,35,19,20,0.0008425689821422356,0.0032212628438685496,0.21511616552152177,0.9776924420711398,0.2615648033025331,0.0007108691516662293,0.013339357305754423,0.07747545644296093,0.9972875394203111,0.053291109561895436,0.013339357305754423,79.90663834812874,8.89624649918559e-06,1.2827239515900146e-05,2.0036366549902596e-05,1.305275559425354,0.6813907027244568,2.0036366549902596e-05,19.96165657043457,19.541114807128906,8.724408149719238,9.831539154052734,10.120649337768555,2.8332509994506836,1292.0,-0.31756108207211065,-0.3261297726026332,-0.3156604550172325,-0.3155366092283835,0.6598466107539438,-0.1005515915918134,35.0,0.5514328206809315,,,,
synthetic_niah_129,niah_single_1,disagreement_calibration,64,32,physical_delete_low_aor_35,low_aor,35,20,21,0.0007841840214294886,0.003972802160849157,0.00879036873517601,1.0175911988679829,0.19738813806471425,0.0008156756933920848,0.012939364056279252,0.05039174179560537,0.9988095955413488,0.06303831392673825,0.012939364056279252,92.44164577635378,8.823682081185227e-06,1.0311906407878269e-05,1.4084799659030978e-05,2.531198740005493,0.3335178792476654,1.4084799659030978e-05,19.992591857910156,19.21767807006836,7.362602710723877,9.70704460144043,11.000275611877441,5.618958950042725,1292.0,-0.31756108207211065,-0.3261297726026332,-0.3156604550172325,-0.3155366092283835,0.6598466107539438,-0.1005515915918134,35.0,0.5514328206809315,,,,
synthetic_niah_129,niah_single_1,disagreement_calibration,64,32,physical_delete_low_aor_35,low_aor,35,21,22,0.0006280017508991473,0.002723941404178937,0.28769894920349476,0.9594245360528901,0.2305489207424572,0.0006169770118967751,0.013935121100193423,0.03372674155451253,0.9994867542601666,0.04427496592679136,0.013935121100193423,119.64709515760946,5.156640126398722e-06,1.0793111869134009e-05,1.307720594923012e-05,2.5571625232696533,0.3463539779186249,1.307720594923012e-05,17.635364532470703,17.493576049804688,5.619006156921387,10.573254585266113,11.136276245117188,7.940159320831299,1292.0,-0.31756108207211065,-0.3261297726026332,-0.3156604550172325,-0.3155366092283835,0.6598466107539438,-0.1005515915918134,35.0,0.5514328206809315,,,,
synthetic_niah_129,niah_single_1,disagreement_calibration,64,32,physical_delete_low_aor_35,low_aor,35,22,23,0.00040574320591942357,0.001537951880664875,0.23205835017527035,0.973220301427214,0.2638204816551321,0.00041363139172877455,0.01567667441907949,0.07648391399046883,0.9983286518705132,0.02638514908655367,0.01567667441907949,136.43094108396645,3.0318004731361125e-06,9.329046406492125e-06,1.3559111721406225e-05,1.3554385900497437,0.646796703338623,1.3559111721406225e-05,19.845691680908203,19.816709518432617,6.627074718475342,9.286859512329102,10.923470497131348,10.775778770446777,1292.0,-0.31756108207211065,-0.3261297726026332,-0.3156604550172325,-0.3155366092283835,0.6598466107539438,-0.1005515915918134,35.0,0.5514328206809315,1.8832054628140314e-11,9.786551173662589e-08,1.8830544648815862e-11,9.786794695911173e-08
synthetic_niah_129,niah_single_1,disagreement_calibration,64,32,physical_delete_low_aor_35,low_aor,35,23,24,0.001128300764539322,0.0025502310646021127,0.4998503032627755,0.8680130609232284,0.4424307978208083,0.001070058072984143,0.01731698065857586,0.011963267815973814,1.001169228568995,0.06179241601533002,0.01731698065857586,164.200196597792,6.516789231411506e-06,2.198635229433421e-05,2.2540312784258276e-05,1.3073338270187378,0.6681480407714844,2.2540312784258276e-05,18.803955078125,18.69270896911621,8.464625358581543,10.702600479125977,13.52079963684082,11.649779319763184,1292.0,-0.31756108207211065,-0.3261297726026332,-0.3156604550172325,-0.3155366092283835,0.6598466107539438,-0.1005515915918134,35.0,0.5514328206809315,,,,
synthetic_niah_129,niah_single_1,disagreement_calibration,64,32,physical_delete_low_aor_35,low_aor,35,24,25,0.005395384068172095,0.005524247839703277,0.9820626862869807,0.18863172644827925,0.9766730647736284,0.005384410887498652,0.01952412382813542,0.24629721904323962,0.9696427482800609,0.2757824594279307,0.01952412382813542,190.14471639549035,2.8317436264173543e-05,9.983175550587475e-05,0.00011960280244238675,1.6417994499206543,0.5812987089157104,0.00011960280244238675,17.72467803955078,18.38217544555664,6.313399314880371,11.256229400634766,15.412793159484863,66.885009765625,1292.0,-0.31756108207211065,-0.3261297726026332,-0.3156604550172325,-0.3155366092283835,0.6598466107539438,-0.1005515915918134,35.0,0.5514328206809315,,,,
synthetic_niah_129,niah_single_1,disagreement_calibration,64,32,physical_delete_low_aor_35,low_aor,35,25,26,0.0026889154162977724,0.003345390087657795,0.6929640020411388,0.7294369608201079,0.8037673771492402,0.002785204532600698,0.021477067854481117,0.11750579979488102,0.9931468493379555,0.12968271793300568,0.021477067854481117,214.0220777789926,1.3013631871553021e-05,4.2634186684153974e-05,3.9898764953250065e-05,1.3847907781600952,0.6698868274688721,3.9898764953250065e-05,17.52820587158203,17.727157592773438,8.088042259216309,13.203062057495117,20.240509033203125,60.828487396240234,1292.0,-0.31756108207211065,-0.3261297726026332,-0.3156604550172325,-0.3155366092283835,0.6598466107539438,-0.1005515915918134,35.0,0.5514328206809315,,,,
synthetic_niah_129,niah_single_1,disagreement_calibration,64,32,physical_delete_low_aor_35,low_aor,35,26,27,0.007541930948624864,0.006960829359298293,0.985212903190379,0.19751527519703127,1.0834816599189196,0.006640252131123944,0.024438994359563523,0.23005890815810998,0.9740674944642804,0.2717072574029817,0.024438994359563523,263.8809418077972,2.5163818522220146e-05,0.0001135958664235659,7.070258288877085e-05,1.6698740720748901,0.6618589162826538,7.070258288877085e-05,17.8082275390625,17.566606521606445,8.483861923217773,15.936634063720703,25.20865249633789,157.77760314941406,1292.0,-0.31756108207211065,-0.3261297726026332,-0.3156604550172325,-0.3155366092283835,0.6598466107539438,-0.1005515915918134,35.0,0.5514328206809315,1.545281642850671e-09,9.286575371402099e-08,1.5453059725571552e-09,9.286755236120052e-08
synthetic_niah_129,niah_single_1,disagreement_calibration,64,32,physical_delete_low_aor_35,low_aor,35,27,28,0.014339596327996059,0.014282570423327865,0.973130768625971,0.2323122154940814,1.0039926919999675,0.015392132036829976,0.03223486689794642,0.48740329590303405,0.8732331377136822,0.4774994755077012,0.03223486689794642,202.74232908364868,7.5919676499718e-05,0.00033063741284422576,0.00013653149653691798,2.963963508605957,0.19373679161071777,0.00013653149653691798,16.705867767333984,16.171913146972656,4.41328763961792,14.91356086730957,24.944049835205078,137.37586975097656,1292.0,-0.31756108207211065,-0.3261297726026332,-0.3156604550172325,-0.3155366092283835,0.6598466107539438,-0.1005515915918134,35.0,0.5514328206809315,,,,
synthetic_niah_129,niah_single_1,disagreement_calibration,64,32,physical_delete_median_key_query_69,median_key_query,69,0,1,0.006928666238320321,0.00693297346166203,0.9993544238999708,0.03592681481179097,0.9993787336176134,0.010099999910722522,0.010104643065180783,0.999463493753548,0.032752566049576354,0.9995404929765149,0.010104643065180783,15.792191057450763,0.0006395565931275469,0.0005621420568786561,0.0008270097896456718,1.6802334785461426,0.5164456367492676,0.0008270097896456718,779.1220703125,778.8846435546875,1846.85595703125,3.609076499938965,4.065028190612793,0.877596378326416,1258.0,-0.05627183885877558,-0.9845112772567937,-0.10923604984306012,-0.14490221482409396,-1.0346997011527583,0.008868706368327251,69.0,0.8883453490841202,2.2726256481827244e-09,2.2221375682997084e-09,2.272727892499228e-09,2.2222290601918464e-09
synthetic_niah_129,niah_single_1,disagreement_calibration,64,32,physical_delete_median_key_query_69,median_key_query,69,1,2,0.02040676812567912,0.02019443570449759,0.99463565113486,0.10465207226826186,1.0105144022981658,0.021480485873567674,0.023259933613872286,0.9090069905190924,0.41703268485223793,0.9234972992681567,0.023259933613872286,20.165130802718206,0.0010652291861490014,0.0009739406523294747,0.002049882896244526,2.9803621768951416,0.21085821092128754,0.002049882896244526,91.74957275390625,91.1530990600586,3902.505615234375,3.4758212566375732,4.009672164916992,0.5662907958030701,1258.0,-0.05627183885877558,-0.9845112772567937,-0.10923604984306012,-0.14490221482409396,-1.0346997011527583,0.008868706368327251,69.0,0.8883453490841202,,,,
synthetic_niah_129,niah_single_1,disagreement_calibration,64,32,physical_delete_median_key_query_69,median_key_query,69,2,3,0.0019002274619153577,0.006948538079372742,0.2119260656307125,0.979221726195569,0.27347154757003145,0.0017908041557477344,0.02270340027280925,0.09587089873783529,0.9955388095777853,0.07887823560475621,0.02270340027280925,23.545766114625504,7.60563129281817e-05,4.677517790696584e-05,8.866628195391968e-05,2.356273651123047,0.3713637888431549,8.866628195391968e-05,28.418020248413086,27.463594436645508,48.337364196777344,5.12434196472168,5.984463214874268,1.3169465065002441,1258.0,-0.05627183885877558,-0.9845112772567937,-0.10923604984306012,-0.14490221482409396,-1.0346997011527583,0.008868706368327251,69.0,0.8883453490841202,,,,
synthetic_niah_129,niah_single_1,disagreement_calibration,64,32,physical_delete_median_key_query_69,median_key_query,69,3,4,0.004889410308847025,0.00826557460976836,0.5644603055722099,0.825904245574753,0.591539068931597,0.00504935391663744,0.023951848107215196,0.1748751870149929,0.9852462505625865,0.2108127061442238,0.023951848107215196,28.89634987857221,0.0001747401986014066,0.00013121627853251994,0.00020445251720957458,2.3093245029449463,0.36137744784355164,0.00020445251720957458,23.885425567626953,21.942440032958984,9.619653701782227,5.09921407699585,6.4897308349609375,1.3802896738052368,1258.0,-0.05627183885877558,-0.9845112772567937,-0.10923604984306012,-0.14490221482409396,-1.0346997011527583,0.008868706368327251,69.0,0.8883453490841202,,,,
synthetic_niah_129,niah_single_1,disagreement_calibration,64,32,physical_delete_median_key_query_69,median_key_query,69,4,5,0.0007929070199959276,0.00397430754636847,0.126260040094533,0.9946977922845839,0.19950821891487677,0.0007954016773260491,0.02364118964656985,0.10880009027855186,0.9969006304748698,0.033644739931328105,0.02364118964656985,32.371381538319966,2.457113782383628e-05,3.5227076295996085e-05,3.935289350920357e-05,1.728128433227539,0.58612459897995,3.935289350920357e-05,19.049148559570312,19.02494239807129,7.08241605758667,4.511056900024414,6.759066581726074,2.017435312271118,1258.0,-0.05627183885877558,-0.9845112772567937,-0.10923604984306012,-0.14490221482409396,-1.0346997011527583,0.008868706368327251,69.0,0.8883453490841202,2.479449881605728e-11,5.647471075317001e-08,2.4794056699833806e-11,5.647988696175117e-08
synthetic_niah_129,niah_single_1,disagreement_calibration,64,32,physical_delete_median_key_query_69,median_key_query,69,5,6,0.0025742153818211016,0.008589794310637939,-0.08080114687464011,1.0668830139334313,0.29968300621972893,0.0016670307598686753,0.020527149197955504,0.15213907522845202,0.99090084799623,0.08121102174454457,0.020527149197955504,34.07387474759126,4.892401501788464e-05,7.44373319321312e-05,0.00011246576468693092,1.9502110481262207,0.501112163066864,0.00011246576468693092,18.262041091918945,17.90498161315918,5.341762065887451,6.354249954223633,7.690374851226807,1.5226361751556396,1258.0,-0.05627183885877558,-0.9845112772567937,-0.10923604984306012,-0.14490221482409396,-1.0346997011527583,0.008868706368327251,69.0,0.8883453490841202,,,,
synthetic_niah_129,niah_single_1,disagreement_calibration,64,32,physical_delete_median_key_query_69,median_key_query,69,6,7,0.0010537598461194933,0.005152659565091506,0.2298553143470574,0.973554838379349,0.2045079502745646,0.00121231938875742,0.021141491786805806,-0.053076402796048396,1.0046767487563875,0.05734313363421291,0.021141491786805806,37.4821656548831,3.234389922716436e-05,3.380818452569656e-05,5.985811003483832e-05,1.3926335573196411,0.6498808860778809,5.985811003483832e-05,19.29766845703125,19.756248474121094,7.029569149017334,5.8387131690979,6.775467872619629,1.251006007194519,1258.0,-0.05627183885877558,-0.9845112772567937,-0.10923604984306012,-0.14490221482409396,-1.0346997011527583,0.008868706368327251,69.0,0.8883453490841202,,,,
synthetic_niah_129,niah_single_1,disagreement_calibration,64,32,physical_delete_median_key_query_69,median_key_query,69,7,8,0.005649703311777077,0.007780755233803205,0.6265207220292814,0.785741877998419,0.7261124584965928,0.005568689396781619,0.020256697199015787,0.36325087072518525,0.9358705067636455,0.27490608869111127,0.020256697199015787,39.348667346992805,0.00014152167715553401,0.0002616457059048116,0.00030964496545493603,2.606757879257202,0.31536051630973816,0.00030964496545493603,32.47816848754883,33.48484420776367,196.19056701660156,5.024410247802734,6.112486839294434,1.2819980382919312,1258.0,-0.05627183885877558,-0.9845112772567937,-0.10923604984306012,-0.14490221482409396,-1.0346997011527583,0.008868706368327251,69.0,0.8883453490841202,3.080083623206061e-09,7.050677435239261e-08,3.080034430966256e-09,7.051606831184776e-08
synthetic_niah_129,niah_single_1,disagreement_calibration,64,32,physical_delete_median_key_query_69,median_key_query,69,8,9,0.002441325465576512,0.005749218341316362,0.22956586147983585,0.9926489310822302,0.42463606713839597,0.0020554104341093987,0.01910602173979814,0.06897126167379013,0.9983654328758712,0.10757919477438607,0.01910602173979814,39.18652830524711,5.245196558619809e-05,6.98534058756195e-05,0.0001033880835166201,2.020681619644165,0.49445533752441406,0.0001033880835166201,24.737289428710938,21.098846435546875,13.072538375854492,8.358945846557617,8.244819641113281,3.0976786613464355,1258.0,-0.05627183885877558,-0.9845112772567937,-0.10923604984306012,-0.14490221482409396,-1.0346997011527583,0.008868706368327251,69.0,0.8883453490841202,,,,
synthetic_niah_129,niah_single_1,disagreement_calibration,64,32,physical_delete_median_key_query_69,median_key_query,69,9,10,0.0035690718110141166,0.0063978856241675,0.6951051186847851,0.7318929949630936,0.5578517686424769,0.0037016661089226102,0.0197221768396123,0.10573842075026625,0.9977652714729239,0.18769054445794014,0.0197221768396123,40.17687933120476,9.213423666898847e-05,5.7429377193329856e-05,9.863822924671695e-05,2.1864545345306396,0.4145396053791046,9.863822924671695e-05,19.572599411010742,19.852861404418945,6.69736385345459,6.170701026916504,7.513304710388184,2.932164430618286,1258.0,-0.05627183885877558,-0.9845112772567937,-0.10923604984306012,-0.14490221482409396,-1.0346997011527583,0.008868706368327251,69.0,0.8883453490841202,,,,
synthetic_niah_129,niah_single_1,disagreement_calibration,64,32,physical_delete_median_key_query_69,median_key_query,69,10,11,0.004401426959217767,0.008903452954338418,0.47780191624408386,0.8786234611387121,0.49435056059605137,0.004649480513894634,0.01926684491132089,0.268969534072969,0.9635454689268617,0.24132028545902057,0.01926684491132089,43.151641003626466,0.00010774747856063902,9.567551751388237e-05,0.00021244320669211447,2.5877115726470947,0.36274611949920654,0.00021244320669211447,19.5644474029541,20.057493209838867,10.944012641906738,8.869434356689453,8.535377502441406,4.073339939117432,1258.0,-0.05627183885877558,-0.9845112772567937,-0.10923604984306012,-0.14490221482409396,-1.0346997011527583,0.008868706368327251,69.0,0.8883453490841202,1.1792637361270999e-09,7.564333152272639e-08,1.1792567606204522e-09,7.565060761165199e-08
synthetic_niah_129,niah_single_1,disagreement_calibration,64,32,physical_delete_median_key_query_69,median_key_query,69,11,12,0.0017855965642433562,0.006422561584443541,0.2563084959973855,0.9668388268948966,0.2780193760334433,0.0017446345384699916,0.017420384253541397,0.08682370687789162,0.9963128063458638,0.10014902731639368,0.017420384253541397,45.46814084666253,3.837048328748748e-05,5.324682570062578e-05,9.301469981437549e-05,2.0185658931732178,0.4860121011734009,9.301469981437549e-05,19.135242462158203,19.609355926513672,7.949995517730713,6.871405601501465,7.311403274536133,1.1777915954589844,1258.0,-0.05627183885877558,-0.9845112772567937,-0.10923604984306012,-0.14490221482409396,-1.0346997011527583,0.008868706368327251,69.0,0.8883453490841202,,,,
synthetic_niah_129,niah_single_1,disagreement_calibration,64,32,physical_delete_median_key_query_69,median_key_query,69,12,13,0.0013799844745154416,0.0031789885861457415,0.2852123199598841,0.9699588230231794,0.43409544800805894,0.001186253034438475,0.016831038246787434,0.11115479792304478,0.9946351306051487,0.07048008667349424,0.016831038246787434,45.62639670166828,2.5999270601947425e-05,3.686971831484698e-05,4.412385169416666e-05,2.158435583114624,0.43396222591400146,4.412385169416666e-05,18.611953735351562,18.462373733520508,6.930051326751709,8.204078674316406,8.631064414978027,1.3838257789611816,1258.0,-0.05627183885877558,-0.9845112772567937,-0.10923604984306012,-0.14490221482409396,-1.0346997011527583,0.008868706368327251,69.0,0.8883453490841202,,,,
synthetic_niah_129,niah_single_1,disagreement_calibration,64,32,physical_delete_median_key_query_69,median_key_query,69,13,14,0.003561450650548331,0.005448858470665379,0.626091814811117,0.7802349100450964,0.6536140862754746,0.004013678742125809,0.01781585209941626,0.22827819765939522,0.9736005403224642,0.22528693658482482,0.01781585209941626,50.51653262270496,7.945277582891423e-05,5.266303560347296e-05,0.00011544147128006443,2.2586193084716797,0.3331555724143982,0.00011544147128006443,19.243730545043945,19.832311630249023,6.210124969482422,6.990476608276367,7.803352355957031,2.4984474182128906,1258.0,-0.05627183885877558,-0.9845112772567937,-0.10923604984306012,-0.14490221482409396,-1.0346997011527583,0.008868706368327251,69.0,0.8883453490841202,,,,
synthetic_niah_129,niah_single_1,disagreement_calibration,64,32,physical_delete_median_key_query_69,median_key_query,69,14,15,0.0003375783909105636,0.0028998708377990733,0.10454803574072868,0.9945905944839779,0.1164115265101865,0.0002927283089989739,0.01702096134119542,0.029979492774238108,0.9996322292940559,0.01719810668334524,0.01702096134119542,49.5043830347062,5.913179622777035e-06,7.382345302175963e-06,9.089022569241934e-06,1.5213794708251953,0.6269374489784241,9.089022569241934e-06,21.043560028076172,20.10799789428711,12.387578964233398,9.640289306640625,9.897773742675781,2.8655834197998047,1258.0,-0.05627183885877558,-0.9845112772567937,-0.10923604984306012,-0.14490221482409396,-1.0346997011527583,0.008868706368327251,69.0,0.8883453490841202,1.4683405351010334e-11,5.662090686533208e-08,1.468238411001822e-11,5.662583641620615e-08
synthetic_niah_129,niah_single_1,disagreement_calibration,64,32,physical_delete_median_key_query_69,median_key_query,69,15,16,0.0033364150036314434,0.005170923717350549,0.5997222734360765,0.8015009632147442,0.6452261116203313,0.003139179395166976,0.015809076613665957,0.20277390545680435,0.9792346151386727,0.19856816889946324,0.015809076613665957,50.4511500019142,6.222215737496312e-05,7.459637708961964e-05,9.126348595600575e-05,2.474459171295166,0.3527611196041107,9.126348595600575e-05,55.26361846923828,55.86594009399414,1389.7569580078125,7.6460371017456055,8.45954704284668,3.598875045776367,1258.0,-0.05627183885877558,-0.9845112772567937,-0.10923604984306012,-0.14490221482409396,-1.0346997011527583,0.008868706368327251,69.0,0.8883453490841202,,,,
synthetic_niah_129,niah_single_1,disagreement_calibration,64,32,physical_delete_median_key_query_69,median_key_query,69,16,17,0.00316623276079251,0.004046737549945647,0.7557425693252894,0.6554118156668094,0.7824161368792094,0.003103767388748911,0.016078201620617415,0.2391912020372624,0.9720685790405466,0.1930419497146301,0.016078201620617415,55.22273411128808,5.6204522262407684e-05,8.702357445145026e-05,7.797604484949261e-05,2.6981427669525146,0.30311349034309387,7.797604484949261e-05,19.61864471435547,18.59597396850586,6.943085670471191,10.49533462524414,9.119979858398438,3.67515230178833,1258.0,-0.05627183885877558,-0.9845112772567937,-0.10923604984306012,-0.14490221482409396,-1.0346997011527583,0.008868706368327251,69.0,0.8883453490841202,,,,
synthetic_niah_129,niah_single_1,disagreement_calibration,64,32,physical_delete_median_key_query_69,median_key_query,69,17,18,0.0006155353520284868,0.0021154992805663495,0.26432378597407635,0.9648018801196682,0.290964576392434,0.0006344720828199254,0.015896576403659754,0.04469786992021582,0.9990120120417226,0.03991249855999531,0.015896576403659754,61.45497884250493,1.032417706051014e-05,2.1410203771665692e-05,2.6543759304331616e-05,2.217710256576538,0.43532097339630127,2.6543759304331616e-05,16.96748161315918,17.122854232788086,7.805800914764404,8.826326370239258,9.701337814331055,5.264163494110107,1258.0,-0.05627183885877558,-0.9845112772567937,-0.10923604984306012,-0.14490221482409396,-1.0346997011527583,0.008868706368327251,69.0,0.8883453490841202,,,,
synthetic_niah_129,niah_single_1,disagreement_calibration,64,32,physical_delete_median_key_query_69,median_key_query,69,18,19,0.0013014253767986252,0.003217952524903943,0.31832525764352587,0.9518836376532827,0.4044265310711734,0.0012280844671244866,0.016077698102250206,0.06667986257520042,0.9978216137869845,0.07638434677117156,0.016077698102250206,69.39449630690692,1.7697145054459513e-05,2.2984509996604174e-05,2.8840335289714858e-05,2.1749401092529297,0.370229035615921,2.8840335289714858e-05,22.398597717285156,22.886669158935547,7.367504596710205,8.68513298034668,9.468932151794434,3.6620450019836426,1258.0,-0.05627183885877558,-0.9845112772567937,-0.10923604984306012,-0.14490221482409396,-1.0346997011527583,0.008868706368327251,69.0,0.8883453490841202,2.0103658588561012e-10,7.643822585496783e-08,2.0103586474972073e-10,7.644707148914397e-08
synthetic_niah_129,niah_single_1,disagreement_calibration,64,32,physical_delete_median_key_query_69,median_key_query,69,19,20,0.00014499321779786218,0.002611326561773848,0.029376164719715853,0.999910390346689,0.055524735940865905,0.00012295250684036144,0.015222898302629373,0.025098568681082557,0.9998298865346216,0.00807681325829553,0.015222898302629373,79.90663834812874,1.5387020325482227e-06,2.465391617079149e-06,3.827485215879278e-06,1.305275559425354,0.6813907027244568,3.827485215879278e-06,19.997636795043945,19.541114807128906,8.724408149719238,9.041170120239258,10.120649337768555,2.8332509994506836,1258.0,-0.05627183885877558,-0.9845112772567937,-0.10923604984306012,-0.14490221482409396,-1.0346997011527583,0.008868706368327251,69.0,0.8883453490841202,,,,
synthetic_niah_129,niah_single_1,disagreement_calibration,64,32,physical_delete_median_key_query_69,median_key_query,69,20,21,0.004048968550047369,0.004816855437789447,0.7667701392771973,0.6461516429799756,0.8405833644668238,0.004358396807461542,0.015837825145307162,0.2750434333314641,0.9614318129744193,0.27518909745969505,0.015837825145307162,92.44164577635378,4.714754665885019e-05,5.46649971511215e-05,8.309474651468918e-05,2.531198740005493,0.3335178792476654,8.309474651468918e-05,21.60503387451172,19.21767807006836,7.362602710723877,8.211793899536133,11.000275611877441,5.618958950042725,1258.0,-0.05627183885877558,-0.9845112772567937,-0.10923604984306012,-0.14490221482409396,-1.0346997011527583,0.008868706368327251,69.0,0.8883453490841202,,,,
synthetic_niah_129,niah_single_1,disagreement_calibration,64,32,physical_delete_median_key_query_69,median_key_query,69,21,22,0.004319651323762213,0.004930277810520187,0.8303488320373567,0.5591228388973895,0.8761476512631755,0.00449685425332301,0.018262071666248294,0.36123028373777805,0.9395400075174385,0.24624009452520293,0.018262071666248294,119.64709515760946,3.758431617081356e-05,6.258773646550253e-05,8.33917802083306e-05,2.5571625232696533,0.3463539779186249,8.33917802083306e-05,17.55145835876465,17.493576049804688,5.619006156921387,8.429729461669922,11.136276245117188,7.940159320831299,1258.0,-0.05627183885877558,-0.9845112772567937,-0.10923604984306012,-0.14490221482409396,-1.0346997011527583,0.008868706368327251,69.0,0.8883453490841202,,,,
synthetic_niah_129,niah_single_1,disagreement_calibration,64,32,physical_delete_median_key_query_69,median_key_query,69,22,23,0.0012292825812734865,0.0026381259271518035,0.5358827151000809,0.8471822508310559,0.4659681210140925,0.0012764286677366767,0.019340662988151555,-0.040996399011861105,1.0048715913716126,0.0659971516239459,0.019340662988151555,136.43094108396645,9.355859144525716e-06,2.1614489014609717e-05,1.8185706721851602e-05,1.3554385900497437,0.646796703338623,1.8185706721851602e-05,20.55758285522461,19.816709518432617,6.627074718475342,9.549707412719727,10.923470497131348,10.775778770446777,1258.0,-0.05627183885877558,-0.9845112772567937,-0.10923604984306012,-0.14490221482409396,-1.0346997011527583,0.008868706368327251,69.0,0.8883453490841202,7.026503989147498e-11,9.508989276104589e-08,7.026179476654151e-11,9.510032839973067e-08
synthetic_niah_129,niah_single_1,disagreement_calibration,64,32,physical_delete_median_key_query_69,median_key_query,69,23,24,0.0031970983973664863,0.003620306235901595,0.8728548850762009,0.4880874365480712,0.8831016463916032,0.003162494926121155,0.020747974767385054,0.11316892733436393,0.994350931956493,0.15242427087835408,0.020747974767385054,164.200196597792,1.925999476034538e-05,5.1970069762319326e-05,6.157761526992545e-05,1.3073338270187378,0.6681480407714844,6.157761526992545e-05,19.531309127807617,18.69270896911621,8.464625358581543,12.218639373779297,13.52079963684082,11.649779319763184,1258.0,-0.05627183885877558,-0.9845112772567937,-0.10923604984306012,-0.14490221482409396,-1.0346997011527583,0.008868706368327251,69.0,0.8883453490841202,,,,
synthetic_niah_129,niah_single_1,disagreement_calibration,64,32,physical_delete_median_key_query_69,median_key_query,69,24,25,0.003499239804117378,0.0038095990809078133,0.9191454359510115,0.39391882857599303,0.9185322995414841,0.003613391241939431,0.022353177954824135,0.1419088701216894,0.9900765550374238,0.1616500011426612,0.022353177954824135,190.14471639549035,1.9003374432049847e-05,6.597316678380594e-05,6.314900383586064e-05,1.6417994499206543,0.5812987089157104,6.314900383586064e-05,17.852066040039062,18.38217544555664,6.313399314880371,8.909149169921875,15.412793159484863,66.885009765625,1258.0,-0.05627183885877558,-0.9845112772567937,-0.10923604984306012,-0.14490221482409396,-1.0346997011527583,0.008868706368327251,69.0,0.8883453490841202,,,,
synthetic_niah_129,niah_single_1,disagreement_calibration,64,32,physical_delete_median_key_query_69,median_key_query,69,25,26,0.0013985511089098096,0.0032193913653875586,0.46208077617577903,0.8872692742660517,0.4344147542749741,0.001467509179392226,0.0237309120798008,0.09756138519797307,0.9958703855721391,0.06183956075760508,0.0237309120798008,214.0220777789926,6.85681213181956e-06,3.0401080948649906e-05,3.8248388591455296e-05,1.3847907781600952,0.6698868274688721,3.8248388591455296e-05,17.320770263671875,17.727157592773438,8.088042259216309,11.696534156799316,20.240509033203125,60.828487396240234,1258.0,-0.05627183885877558,-0.9845112772567937,-0.10923604984306012,-0.14490221482409396,-1.0346997011527583,0.008868706368327251,69.0,0.8883453490841202,,,,
synthetic_niah_129,niah_single_1,disagreement_calibration,64,32,physical_delete_median_key_query_69,median_key_query,69,26,27,0.0023587485048834666,0.005049320598400978,0.8019798148828323,0.6847955171787944,0.4671417587606611,0.002138957817641859,0.026775882174600942,0.06232919989165659,0.9982100144717384,0.07988374775830284,0.026775882174600942,263.8809418077972,8.105768468871883e-06,6.594861770281568e-05,1.9754230379476212e-05,1.6698740720748901,0.6618589162826538,1.9754230379476212e-05,17.313697814941406,17.566606521606445,8.483861923217773,12.777847290039062,25.20865249633789,157.77760314941406,1258.0,-0.05627183885877558,-0.9845112772567937,-0.10923604984306012,-0.14490221482409396,-1.0346997011527583,0.008868706368327251,69.0,0.8883453490841202,2.0145738025861322e-10,1.0193854547692295e-07,2.0145530030389225e-10,1.019490381563817e-07
synthetic_niah_129,niah_single_1,disagreement_calibration,64,32,physical_delete_median_key_query_69,median_key_query,69,27,28,0.00385010578582147,0.006647649335070423,0.4896810968772097,0.8764817908063278,0.5791680023658593,0.004235918471176211,0.030808214962970537,0.1814117920675568,0.9843874282833643,0.137493148378363,0.030808214962970537,202.74232908364868,2.0893113393348308e-05,0.00013229103933554143,3.32285271724686e-05,2.963963508605957,0.19373679161071777,3.32285271724686e-05,15.959403038024902,16.171913146972656,4.41328763961792,14.177428245544434,24.944049835205078,137.37586975097656,1258.0,-0.05627183885877558,-0.9845112772567937,-0.10923604984306012,-0.14490221482409396,-1.0346997011527583,0.008868706368327251,69.0,0.8883453490841202,,,,
