sample_id,task,layer,head,future_horizon,method,future_topk_recall,mean_step_spearman,decisions
gov_report:86,gov_report,0,0,1,ema_rho_0,0.7004329004329004,0.7860045975635669,63
gov_report:86,gov_report,0,0,1,ema_rho_0.25,0.7222943722943721,0.8132318453210267,63
gov_report:86,gov_report,0,0,1,ema_rho_0.5,0.7398268398268397,0.8287451922995774,63
gov_report:86,gov_report,0,0,1,ema_rho_0.8,0.7496392496392497,0.8388070870347963,63
gov_report:86,gov_report,0,0,1,ema_rho_0.9,0.7417027417027415,0.8275083239435468,63
gov_report:86,gov_report,0,0,1,ema_rho_0.95,0.7145743145743144,0.7957325654978196,63
gov_report:86,gov_report,0,0,1,ema_rho_0.99,0.631890331890332,0.6948604098436154,63
gov_report:86,gov_report,0,0,1,ema_rho_0.995,0.6155122655122656,0.671740830782317,63
gov_report:86,gov_report,0,0,1,ema_rho_0.999,0.6015873015873016,0.650719751028037,63
gov_report:86,gov_report,0,0,4,ema_rho_0,0.733409090909091,0.8173127535411475,60
gov_report:86,gov_report,0,0,4,ema_rho_0.25,0.7629545454545456,0.8486804407544056,60
gov_report:86,gov_report,0,0,4,ema_rho_0.5,0.7862878787878788,0.8693034943111734,60
gov_report:86,gov_report,0,0,4,ema_rho_0.8,0.8068939393939394,0.8876534033833531,60
gov_report:86,gov_report,0,0,4,ema_rho_0.9,0.7987121212121211,0.8787830309802421,60
gov_report:86,gov_report,0,0,4,ema_rho_0.95,0.7664393939393938,0.8468231564642215,60
gov_report:86,gov_report,0,0,4,ema_rho_0.99,0.6648484848484849,0.7418509642493576,60
gov_report:86,gov_report,0,0,4,ema_rho_0.995,0.6475757575757576,0.7178699130824155,60
gov_report:86,gov_report,0,0,4,ema_rho_0.999,0.6337878787878789,0.6960841805129897,60
gov_report:86,gov_report,0,0,16,ema_rho_0,0.7405303030303029,0.8208904172018955,48
gov_report:86,gov_report,0,0,16,ema_rho_0.25,0.7745265151515152,0.8583472881904063,48
gov_report:86,gov_report,0,0,16,ema_rho_0.5,0.8015151515151514,0.8826122462904388,48
gov_report:86,gov_report,0,0,16,ema_rho_0.8,0.8265151515151515,0.9021176718933458,48
gov_report:86,gov_report,0,0,16,ema_rho_0.9,0.8136363636363636,0.8925591540914573,48
gov_report:86,gov_report,0,0,16,ema_rho_0.95,0.7706439393939393,0.8580929815902781,48
gov_report:86,gov_report,0,0,16,ema_rho_0.99,0.665435606060606,0.7607263174334528,48
gov_report:86,gov_report,0,0,16,ema_rho_0.995,0.6526515151515152,0.740182215163213,48
gov_report:86,gov_report,0,0,16,ema_rho_0.999,0.6408143939393939,0.7219551256772769,48
gov_report:86,gov_report,0,0,32,ema_rho_0,0.7382102272727273,0.8239644824383221,32
gov_report:86,gov_report,0,0,32,ema_rho_0.25,0.7683238636363636,0.8562615614704309,32
gov_report:86,gov_report,0,0,32,ema_rho_0.5,0.7919034090909091,0.8779397754043377,32
gov_report:86,gov_report,0,0,32,ema_rho_0.8,0.8099431818181818,0.8932113105900692,32
gov_report:86,gov_report,0,0,32,ema_rho_0.9,0.7887784090909091,0.8766663356025887,32
gov_report:86,gov_report,0,0,32,ema_rho_0.95,0.7389204545454545,0.8355773410991807,32
gov_report:86,gov_report,0,0,32,ema_rho_0.99,0.6552556818181818,0.7569347500644881,32
gov_report:86,gov_report,0,0,32,ema_rho_0.995,0.6457386363636364,0.7425836739087739,32
gov_report:86,gov_report,0,0,32,ema_rho_0.999,0.6389204545454545,0.7300578343017073,32
gov_report:86,gov_report,0,1,1,ema_rho_0,0.6787157287157288,0.6902251757619372,63
gov_report:86,gov_report,0,1,1,ema_rho_0.25,0.6766233766233766,0.6728446407100938,63
gov_report:86,gov_report,0,1,1,ema_rho_0.5,0.6773448773448775,0.6701478207172155,63
gov_report:86,gov_report,0,1,1,ema_rho_0.8,0.6571428571428569,0.6383519472075926,63
gov_report:86,gov_report,0,1,1,ema_rho_0.9,0.6107503607503607,0.5678054530566685,63
gov_report:86,gov_report,0,1,1,ema_rho_0.95,0.5537518037518038,0.466548977023319,63
gov_report:86,gov_report,0,1,1,ema_rho_0.99,0.4632756132756133,0.27144811319426393,63
gov_report:86,gov_report,0,1,1,ema_rho_0.995,0.45288600288600295,0.23824888916436934,63
gov_report:86,gov_report,0,1,1,ema_rho_0.999,0.4466810966810967,0.2120417859238409,63
gov_report:86,gov_report,0,1,4,ema_rho_0,0.6787878787878786,0.6676371282121424,60
gov_report:86,gov_report,0,1,4,ema_rho_0.25,0.6953030303030303,0.7178829557581705,60
gov_report:86,gov_report,0,1,4,ema_rho_0.5,0.7015909090909092,0.7385972410354761,60
gov_report:86,gov_report,0,1,4,ema_rho_0.8,0.6834848484848484,0.7230493477853881,60
gov_report:86,gov_report,0,1,4,ema_rho_0.9,0.6353030303030303,0.6574612743677972,60
gov_report:86,gov_report,0,1,4,ema_rho_0.95,0.5780303030303031,0.5658526181125857,60
gov_report:86,gov_report,0,1,4,ema_rho_0.99,0.4865909090909091,0.3798873065453574,60
gov_report:86,gov_report,0,1,4,ema_rho_0.995,0.47621212121212125,0.34707725094369707,60
gov_report:86,gov_report,0,1,4,ema_rho_0.999,0.4696212121212121,0.32063585748677953,60
gov_report:86,gov_report,0,1,16,ema_rho_0,0.6153409090909091,0.5841054834837344,48
gov_report:86,gov_report,0,1,16,ema_rho_0.25,0.6324810606060606,0.6523046625735052,48
gov_report:86,gov_report,0,1,16,ema_rho_0.5,0.6326704545454546,0.6696842048741871,48
gov_report:86,gov_report,0,1,16,ema_rho_0.8,0.6107954545454546,0.6526644975175229,48
gov_report:86,gov_report,0,1,16,ema_rho_0.9,0.5789772727272727,0.6160119043710953,48
gov_report:86,gov_report,0,1,16,ema_rho_0.95,0.540625,0.5531168381111008,48
gov_report:86,gov_report,0,1,16,ema_rho_0.99,0.4714962121212121,0.41389771456427066,48
gov_report:86,gov_report,0,1,16,ema_rho_0.995,0.4646780303030303,0.3881599465375991,48
gov_report:86,gov_report,0,1,16,ema_rho_0.999,0.4584280303030303,0.3664985353450752,48
gov_report:86,gov_report,0,1,32,ema_rho_0,0.571590909090909,0.48975835136945434,32
gov_report:86,gov_report,0,1,32,ema_rho_0.25,0.5866477272727273,0.5594920852558412,32
gov_report:86,gov_report,0,1,32,ema_rho_0.5,0.5921875,0.5944594782661343,32
gov_report:86,gov_report,0,1,32,ema_rho_0.8,0.5971590909090909,0.6154669874375613,32
gov_report:86,gov_report,0,1,32,ema_rho_0.9,0.5779829545454546,0.5937780675219818,32
gov_report:86,gov_report,0,1,32,ema_rho_0.95,0.5393465909090909,0.540294881366004,32
gov_report:86,gov_report,0,1,32,ema_rho_0.99,0.484375,0.4413012615759656,32
gov_report:86,gov_report,0,1,32,ema_rho_0.995,0.4788352272727273,0.4236137222018636,32
gov_report:86,gov_report,0,1,32,ema_rho_0.999,0.47414772727272725,0.4080587975788575,32
gov_report:86,gov_report,0,2,1,ema_rho_0,0.7148629148629146,0.8250740390409166,63
gov_report:86,gov_report,0,2,1,ema_rho_0.25,0.7281385281385281,0.8390648006978098,63
gov_report:86,gov_report,0,2,1,ema_rho_0.5,0.7315295815295814,0.8404362513941973,63
gov_report:86,gov_report,0,2,1,ema_rho_0.8,0.7168831168831169,0.8241152892030459,63
gov_report:86,gov_report,0,2,1,ema_rho_0.9,0.6843434343434343,0.7868837128658404,63
gov_report:86,gov_report,0,2,1,ema_rho_0.95,0.6405483405483405,0.7246868974473608,63
gov_report:86,gov_report,0,2,1,ema_rho_0.99,0.5616883116883117,0.5780922663634652,63
gov_report:86,gov_report,0,2,1,ema_rho_0.995,0.5495670995670996,0.5412615199321462,63
gov_report:86,gov_report,0,2,1,ema_rho_0.999,0.53008658008658,0.5040952946173612,63
gov_report:86,gov_report,0,2,4,ema_rho_0,0.7043181818181818,0.8137387434946889,60
gov_report:86,gov_report,0,2,4,ema_rho_0.25,0.7290151515151515,0.8428808985690089,60
gov_report:86,gov_report,0,2,4,ema_rho_0.5,0.741439393939394,0.8549236320045759,60
gov_report:86,gov_report,0,2,4,ema_rho_0.8,0.7433333333333334,0.856198560308631,60
gov_report:86,gov_report,0,2,4,ema_rho_0.9,0.7165909090909091,0.827931363532664,60
gov_report:86,gov_report,0,2,4,ema_rho_0.95,0.6783333333333333,0.7744772888573624,60
gov_report:86,gov_report,0,2,4,ema_rho_0.99,0.5975757575757576,0.6370266124091846,60
gov_report:86,gov_report,0,2,4,ema_rho_0.995,0.5840151515151515,0.600900091924934,60
gov_report:86,gov_report,0,2,4,ema_rho_0.999,0.5640909090909091,0.5640682575569329,60
gov_report:86,gov_report,0,2,16,ema_rho_0,0.6810606060606061,0.8032736245499642,48
gov_report:86,gov_report,0,2,16,ema_rho_0.25,0.7132575757575758,0.8453613155899857,48
gov_report:86,gov_report,0,2,16,ema_rho_0.5,0.7334280303030303,0.8626126882580495,48
gov_report:86,gov_report,0,2,16,ema_rho_0.8,0.7388257575757576,0.8627372477483485,48
gov_report:86,gov_report,0,2,16,ema_rho_0.9,0.715814393939394,0.8345698125821839,48
gov_report:86,gov_report,0,2,16,ema_rho_0.95,0.6834280303030303,0.7829499552894967,48
gov_report:86,gov_report,0,2,16,ema_rho_0.99,0.6053977272727273,0.6527356389131198,48
gov_report:86,gov_report,0,2,16,ema_rho_0.995,0.5913825757575758,0.6196934923838383,48
gov_report:86,gov_report,0,2,16,ema_rho_0.999,0.5693181818181817,0.5866115228994627,48
gov_report:86,gov_report,0,2,32,ema_rho_0,0.6586647727272728,0.7751872967992168,32
gov_report:86,gov_report,0,2,32,ema_rho_0.25,0.6856534090909091,0.8113546638290496,32
gov_report:86,gov_report,0,2,32,ema_rho_0.5,0.7022727272727272,0.8280286384814288,32
gov_report:86,gov_report,0,2,32,ema_rho_0.8,0.7186079545454546,0.8314213684976663,32
gov_report:86,gov_report,0,2,32,ema_rho_0.9,0.7056818181818182,0.8036475482829755,32
gov_report:86,gov_report,0,2,32,ema_rho_0.95,0.6724431818181817,0.7503463351491177,32
gov_report:86,gov_report,0,2,32,ema_rho_0.99,0.5998579545454545,0.6368337265694228,32
gov_report:86,gov_report,0,2,32,ema_rho_0.995,0.5866477272727273,0.611393236874539,32
gov_report:86,gov_report,0,2,32,ema_rho_0.999,0.5710227272727273,0.586844998055389,32
gov_report:86,gov_report,0,3,1,ema_rho_0,0.6157287157287157,0.6805257471398279,63
gov_report:86,gov_report,0,3,1,ema_rho_0.25,0.6424242424242425,0.7071754996107353,63
gov_report:86,gov_report,0,3,1,ema_rho_0.5,0.6636363636363636,0.7260374811759402,63
gov_report:86,gov_report,0,3,1,ema_rho_0.8,0.6804473304473306,0.7418224720550569,63
gov_report:86,gov_report,0,3,1,ema_rho_0.9,0.6739538239538241,0.7383654632655767,63
gov_report:86,gov_report,0,3,1,ema_rho_0.95,0.6592352092352091,0.7305602202623247,63
gov_report:86,gov_report,0,3,1,ema_rho_0.99,0.6194805194805195,0.7097697742971888,63
gov_report:86,gov_report,0,3,1,ema_rho_0.995,0.5958152958152959,0.6984139935532155,63
gov_report:86,gov_report,0,3,1,ema_rho_0.999,0.5622655122655121,0.6763402616144643,63
gov_report:86,gov_report,0,3,4,ema_rho_0,0.6653030303030304,0.7247553932522001,60
gov_report:86,gov_report,0,3,4,ema_rho_0.25,0.7084848484848485,0.7745745151747131,60
gov_report:86,gov_report,0,3,4,ema_rho_0.5,0.7418181818181818,0.8018317055580886,60
gov_report:86,gov_report,0,3,4,ema_rho_0.8,0.7733333333333334,0.827526134646877,60
gov_report:86,gov_report,0,3,4,ema_rho_0.9,0.7662121212121211,0.8242002365736262,60
gov_report:86,gov_report,0,3,4,ema_rho_0.95,0.7479545454545454,0.8114834125869979,60
gov_report:86,gov_report,0,3,4,ema_rho_0.99,0.6922727272727273,0.7678665423703677,60
gov_report:86,gov_report,0,3,4,ema_rho_0.995,0.6597727272727273,0.7466559920169096,60
gov_report:86,gov_report,0,3,4,ema_rho_0.999,0.6172727272727272,0.710545838345013,60
gov_report:86,gov_report,0,3,16,ema_rho_0,0.6616477272727272,0.7158772546879515,48
gov_report:86,gov_report,0,3,16,ema_rho_0.25,0.7196969696969697,0.7908029891687786,48
gov_report:86,gov_report,0,3,16,ema_rho_0.5,0.7616477272727273,0.8255502451664002,48
gov_report:86,gov_report,0,3,16,ema_rho_0.8,0.7929924242424242,0.8606443977087488,48
gov_report:86,gov_report,0,3,16,ema_rho_0.9,0.7946969696969696,0.8661412085376589,48
gov_report:86,gov_report,0,3,16,ema_rho_0.95,0.7776515151515152,0.8559479058990346,48
gov_report:86,gov_report,0,3,16,ema_rho_0.99,0.715814393939394,0.8011570800075504,48
gov_report:86,gov_report,0,3,16,ema_rho_0.995,0.6821969696969697,0.7745995317017832,48
gov_report:86,gov_report,0,3,16,ema_rho_0.999,0.6395833333333333,0.7329764258516853,48
gov_report:86,gov_report,0,3,32,ema_rho_0,0.6799715909090909,0.7383728113747074,32
gov_report:86,gov_report,0,3,32,ema_rho_0.25,0.7305397727272728,0.8063656088192975,32
gov_report:86,gov_report,0,3,32,ema_rho_0.5,0.7664772727272728,0.844212623946508,32
gov_report:86,gov_report,0,3,32,ema_rho_0.8,0.7954545454545454,0.8784547327130612,32
gov_report:86,gov_report,0,3,32,ema_rho_0.9,0.7940340909090908,0.8765336575114407,32
gov_report:86,gov_report,0,3,32,ema_rho_0.95,0.7742897727272727,0.8604296996270965,32
gov_report:86,gov_report,0,3,32,ema_rho_0.99,0.7112215909090909,0.7997607721824209,32
gov_report:86,gov_report,0,3,32,ema_rho_0.995,0.6819602272727272,0.7738804025692705,32
gov_report:86,gov_report,0,3,32,ema_rho_0.999,0.649715909090909,0.7376135634820342,32
gov_report:86,gov_report,0,4,1,ema_rho_0,0.8003607503607505,0.9184237488048654,63
gov_report:86,gov_report,0,4,1,ema_rho_0.25,0.805122655122655,0.9246956130762798,63
gov_report:86,gov_report,0,4,1,ema_rho_0.5,0.8028860028860028,0.9220262379027974,63
gov_report:86,gov_report,0,4,1,ema_rho_0.8,0.7693362193362192,0.9075530872152576,63
gov_report:86,gov_report,0,4,1,ema_rho_0.9,0.7376623376623376,0.8907597016226836,63
gov_report:86,gov_report,0,4,1,ema_rho_0.95,0.7135642135642134,0.8729265999881769,63
gov_report:86,gov_report,0,4,1,ema_rho_0.99,0.6710678210678209,0.8392329837108874,63
gov_report:86,gov_report,0,4,1,ema_rho_0.995,0.6637085137085138,0.8298669209409077,63
gov_report:86,gov_report,0,4,1,ema_rho_0.999,0.6582972582972584,0.8166730880514159,63
gov_report:86,gov_report,0,4,4,ema_rho_0,0.7835606060606061,0.9089118441458385,60
gov_report:86,gov_report,0,4,4,ema_rho_0.25,0.7900757575757574,0.9197291497405182,60
gov_report:86,gov_report,0,4,4,ema_rho_0.5,0.7893181818181817,0.9218866902365656,60
gov_report:86,gov_report,0,4,4,ema_rho_0.8,0.7615151515151516,0.916397635580529,60
gov_report:86,gov_report,0,4,4,ema_rho_0.9,0.733030303030303,0.9039493095673962,60
gov_report:86,gov_report,0,4,4,ema_rho_0.95,0.7124999999999999,0.8884294447746242,60
gov_report:86,gov_report,0,4,4,ema_rho_0.99,0.6709848484848485,0.8554297656464238,60
gov_report:86,gov_report,0,4,4,ema_rho_0.995,0.6640151515151516,0.84588996629723,60
gov_report:86,gov_report,0,4,4,ema_rho_0.999,0.6582575757575758,0.8323501803409117,60
gov_report:86,gov_report,0,4,16,ema_rho_0,0.7206439393939394,0.8886136595896401,48
gov_report:86,gov_report,0,4,16,ema_rho_0.25,0.7267045454545454,0.9045653753499697,48
gov_report:86,gov_report,0,4,16,ema_rho_0.5,0.7239583333333334,0.910031954325898,48
gov_report:86,gov_report,0,4,16,ema_rho_0.8,0.7006628787878788,0.9062265582827829,48
gov_report:86,gov_report,0,4,16,ema_rho_0.9,0.687215909090909,0.8981041934116242,48
gov_report:86,gov_report,0,4,16,ema_rho_0.95,0.6882575757575758,0.88769412204093,48
gov_report:86,gov_report,0,4,16,ema_rho_0.99,0.653125,0.8615871484228124,48
gov_report:86,gov_report,0,4,16,ema_rho_0.995,0.6474431818181818,0.8537082984237602,48
gov_report:86,gov_report,0,4,16,ema_rho_0.999,0.6426136363636363,0.8423390850538429,48
gov_report:86,gov_report,0,4,32,ema_rho_0,0.6721590909090909,0.855809315774658,32
gov_report:86,gov_report,0,4,32,ema_rho_0.25,0.6761363636363635,0.8725095606802598,32
gov_report:86,gov_report,0,4,32,ema_rho_0.5,0.675,0.8804951131883364,32
gov_report:86,gov_report,0,4,32,ema_rho_0.8,0.6640625,0.8858433897203336,32
gov_report:86,gov_report,0,4,32,ema_rho_0.9,0.6663352272727272,0.8841868810952693,32
gov_report:86,gov_report,0,4,32,ema_rho_0.95,0.6724431818181819,0.8782972829270926,32
gov_report:86,gov_report,0,4,32,ema_rho_0.99,0.6507102272727273,0.8619997335829355,32
gov_report:86,gov_report,0,4,32,ema_rho_0.995,0.6504261363636363,0.8569507576401378,32
gov_report:86,gov_report,0,4,32,ema_rho_0.999,0.6492897727272727,0.8500249298678605,32
gov_report:86,gov_report,0,5,1,ema_rho_0,0.7303751803751802,0.849398937140131,63
gov_report:86,gov_report,0,5,1,ema_rho_0.25,0.7446608946608947,0.8635572430781224,63
gov_report:86,gov_report,0,5,1,ema_rho_0.5,0.7508658008658007,0.8686520680649185,63
gov_report:86,gov_report,0,5,1,ema_rho_0.8,0.7456709956709956,0.8648364189416513,63
gov_report:86,gov_report,0,5,1,ema_rho_0.9,0.7269841269841271,0.8448110867284837,63
gov_report:86,gov_report,0,5,1,ema_rho_0.95,0.7007936507936506,0.8115113848030167,63
gov_report:86,gov_report,0,5,1,ema_rho_0.99,0.6546897546897548,0.7390323147544068,63
gov_report:86,gov_report,0,5,1,ema_rho_0.995,0.6510822510822512,0.7229040042081811,63
gov_report:86,gov_report,0,5,1,ema_rho_0.999,0.6405483405483405,0.70697763755843,63
gov_report:86,gov_report,0,5,4,ema_rho_0,0.7396969696969699,0.8626523903792472,60
gov_report:86,gov_report,0,5,4,ema_rho_0.25,0.7645454545454545,0.8851495259094384,60
gov_report:86,gov_report,0,5,4,ema_rho_0.5,0.7766666666666667,0.895451159410477,60
gov_report:86,gov_report,0,5,4,ema_rho_0.8,0.7765151515151515,0.8977207940235896,60
gov_report:86,gov_report,0,5,4,ema_rho_0.9,0.760151515151515,0.8799073315117035,60
gov_report:86,gov_report,0,5,4,ema_rho_0.95,0.7347727272727274,0.8488369456046333,60
gov_report:86,gov_report,0,5,4,ema_rho_0.99,0.6829545454545454,0.7798939696672262,60
gov_report:86,gov_report,0,5,4,ema_rho_0.995,0.6787121212121211,0.7642285449729086,60
gov_report:86,gov_report,0,5,4,ema_rho_0.999,0.6681060606060608,0.7487827554064802,60
gov_report:86,gov_report,0,5,16,ema_rho_0,0.7178030303030303,0.8522011528756751,48
gov_report:86,gov_report,0,5,16,ema_rho_0.25,0.7477272727272727,0.8825425624136692,48
gov_report:86,gov_report,0,5,16,ema_rho_0.5,0.7642045454545454,0.8962727368319596,48
gov_report:86,gov_report,0,5,16,ema_rho_0.8,0.7625000000000001,0.8965953214552567,48
gov_report:86,gov_report,0,5,16,ema_rho_0.9,0.75,0.880131516434426,48
gov_report:86,gov_report,0,5,16,ema_rho_0.95,0.7333333333333333,0.8542268591374361,48
gov_report:86,gov_report,0,5,16,ema_rho_0.99,0.6851325757575758,0.7980519673330008,48
gov_report:86,gov_report,0,5,16,ema_rho_0.995,0.6803977272727272,0.785127320218578,48
gov_report:86,gov_report,0,5,16,ema_rho_0.999,0.6737689393939394,0.7724622718352574,48
gov_report:86,gov_report,0,5,32,ema_rho_0,0.6997159090909091,0.8246783649883592,32
gov_report:86,gov_report,0,5,32,ema_rho_0.25,0.7284090909090909,0.8588796282772826,32
gov_report:86,gov_report,0,5,32,ema_rho_0.5,0.7465909090909091,0.8741620584375758,32
gov_report:86,gov_report,0,5,32,ema_rho_0.8,0.7501420454545454,0.8790070720709864,32
gov_report:86,gov_report,0,5,32,ema_rho_0.9,0.7461647727272727,0.8680173011368902,32
gov_report:86,gov_report,0,5,32,ema_rho_0.95,0.7362215909090909,0.847863413746581,32
gov_report:86,gov_report,0,5,32,ema_rho_0.99,0.6984375,0.806727623133138,32
gov_report:86,gov_report,0,5,32,ema_rho_0.995,0.6940340909090909,0.7974444775767693,32
gov_report:86,gov_report,0,5,32,ema_rho_0.999,0.6896306818181818,0.7884578532064952,32
gov_report:86,gov_report,0,6,1,ema_rho_0,0.6552669552669552,0.7536430414433419,63
gov_report:86,gov_report,0,6,1,ema_rho_0.25,0.686002886002886,0.7968441915089175,63
gov_report:86,gov_report,0,6,1,ema_rho_0.5,0.7095238095238094,0.8189705108573907,63
gov_report:86,gov_report,0,6,1,ema_rho_0.8,0.7222222222222224,0.8350200131667374,63
gov_report:86,gov_report,0,6,1,ema_rho_0.9,0.7168831168831168,0.8326143734061825,63
gov_report:86,gov_report,0,6,1,ema_rho_0.95,0.7059884559884559,0.8224440034821714,63
gov_report:86,gov_report,0,6,1,ema_rho_0.99,0.6630591630591629,0.7795833685286322,63
gov_report:86,gov_report,0,6,1,ema_rho_0.995,0.651154401154401,0.7641039879828613,63
gov_report:86,gov_report,0,6,1,ema_rho_0.999,0.6386002886002887,0.7461548558850004,63
gov_report:86,gov_report,0,6,4,ema_rho_0,0.7061363636363637,0.8202437465522145,60
gov_report:86,gov_report,0,6,4,ema_rho_0.25,0.7510606060606062,0.8791123248105257,60
gov_report:86,gov_report,0,6,4,ema_rho_0.5,0.7845454545454547,0.9063510781990953,60
gov_report:86,gov_report,0,6,4,ema_rho_0.8,0.8071212121212121,0.9267991873150812,60
gov_report:86,gov_report,0,6,4,ema_rho_0.9,0.8003030303030303,0.9245211278796679,60
gov_report:86,gov_report,0,6,4,ema_rho_0.95,0.7840151515151516,0.9130470781558734,60
gov_report:86,gov_report,0,6,4,ema_rho_0.99,0.7215909090909088,0.8647326188107276,60
gov_report:86,gov_report,0,6,4,ema_rho_0.995,0.7065151515151517,0.84760573126972,60
gov_report:86,gov_report,0,6,4,ema_rho_0.999,0.6915151515151515,0.8280707367452101,60
gov_report:86,gov_report,0,6,16,ema_rho_0,0.709375,0.8147010570460345,48
gov_report:86,gov_report,0,6,16,ema_rho_0.25,0.7579545454545454,0.8846390465406656,48
gov_report:86,gov_report,0,6,16,ema_rho_0.5,0.7980113636363636,0.9160434902732986,48
gov_report:86,gov_report,0,6,16,ema_rho_0.8,0.8265151515151515,0.937067566251355,48
gov_report:86,gov_report,0,6,16,ema_rho_0.9,0.821780303030303,0.9359698602585542,48
gov_report:86,gov_report,0,6,16,ema_rho_0.95,0.8048295454545454,0.9251882749374257,48
gov_report:86,gov_report,0,6,16,ema_rho_0.99,0.7385416666666668,0.8801516744021768,48
gov_report:86,gov_report,0,6,16,ema_rho_0.995,0.7229166666666668,0.8653312924796674,48
gov_report:86,gov_report,0,6,16,ema_rho_0.999,0.709375,0.8491736727067654,48
gov_report:86,gov_report,0,6,32,ema_rho_0,0.7103693181818183,0.8139892842221748,32
gov_report:86,gov_report,0,6,32,ema_rho_0.25,0.7609375,0.8845864572654567,32
gov_report:86,gov_report,0,6,32,ema_rho_0.5,0.798721590909091,0.9130864785952788,32
gov_report:86,gov_report,0,6,32,ema_rho_0.8,0.8210227272727273,0.9326687667980844,32
gov_report:86,gov_report,0,6,32,ema_rho_0.9,0.8133522727272727,0.9312649725203975,32
gov_report:86,gov_report,0,6,32,ema_rho_0.95,0.795028409090909,0.9202659982020466,32
gov_report:86,gov_report,0,6,32,ema_rho_0.99,0.7464488636363636,0.8817104596712285,32
gov_report:86,gov_report,0,6,32,ema_rho_0.995,0.733096590909091,0.8706565024154058,32
gov_report:86,gov_report,0,6,32,ema_rho_0.999,0.7257102272727274,0.8595957289560123,32
gov_report:86,gov_report,0,7,1,ema_rho_0,0.7819624819624819,0.8809842695872759,63
gov_report:86,gov_report,0,7,1,ema_rho_0.25,0.7954545454545454,0.8924157881019,63
gov_report:86,gov_report,0,7,1,ema_rho_0.5,0.8016594516594518,0.8968124516453214,63
gov_report:86,gov_report,0,7,1,ema_rho_0.8,0.7908369408369408,0.8907603745329434,63
gov_report:86,gov_report,0,7,1,ema_rho_0.9,0.772077922077922,0.873007770483509,63
gov_report:86,gov_report,0,7,1,ema_rho_0.95,0.7367243867243868,0.8372439746406776,63
gov_report:86,gov_report,0,7,1,ema_rho_0.99,0.6592352092352091,0.7116076371072906,63
gov_report:86,gov_report,0,7,1,ema_rho_0.995,0.6467532467532469,0.6772303622997425,63
gov_report:86,gov_report,0,7,1,ema_rho_0.999,0.6345598845598845,0.6447842844950931,63
gov_report:86,gov_report,0,7,4,ema_rho_0,0.792878787878788,0.8951095181842246,60
gov_report:86,gov_report,0,7,4,ema_rho_0.25,0.807878787878788,0.9090575020529318,60
gov_report:86,gov_report,0,7,4,ema_rho_0.5,0.8145454545454545,0.9148443303053154,60
gov_report:86,gov_report,0,7,4,ema_rho_0.8,0.803181818181818,0.9137363679500282,60
gov_report:86,gov_report,0,7,4,ema_rho_0.9,0.7868939393939394,0.8981778736072944,60
gov_report:86,gov_report,0,7,4,ema_rho_0.95,0.7513636363636363,0.8632929720866991,60
gov_report:86,gov_report,0,7,4,ema_rho_0.99,0.6687878787878787,0.7392520569441554,60
gov_report:86,gov_report,0,7,4,ema_rho_0.995,0.6565151515151516,0.7056355076978632,60
gov_report:86,gov_report,0,7,4,ema_rho_0.999,0.6443939393939394,0.6740154283219025,60
gov_report:86,gov_report,0,7,16,ema_rho_0,0.7623106060606061,0.878521847269614,48
gov_report:86,gov_report,0,7,16,ema_rho_0.25,0.781155303030303,0.8960779826484971,48
gov_report:86,gov_report,0,7,16,ema_rho_0.5,0.7892992424242425,0.9050127531653006,48
gov_report:86,gov_report,0,7,16,ema_rho_0.8,0.7824810606060607,0.9035181022536886,48
gov_report:86,gov_report,0,7,16,ema_rho_0.9,0.765719696969697,0.8853908394448884,48
gov_report:86,gov_report,0,7,16,ema_rho_0.95,0.734375,0.8469164081399773,48
gov_report:86,gov_report,0,7,16,ema_rho_0.99,0.668655303030303,0.7323778302139603,48
gov_report:86,gov_report,0,7,16,ema_rho_0.995,0.6573863636363636,0.704477183645244,48
gov_report:86,gov_report,0,7,16,ema_rho_0.999,0.649905303030303,0.6786525477350248,48
gov_report:86,gov_report,0,7,32,ema_rho_0,0.7336647727272727,0.8646428608020597,32
gov_report:86,gov_report,0,7,32,ema_rho_0.25,0.7470170454545455,0.8778701905474345,32
gov_report:86,gov_report,0,7,32,ema_rho_0.5,0.7522727272727273,0.8856002552855974,32
gov_report:86,gov_report,0,7,32,ema_rho_0.8,0.7453125,0.883383392768346,32
gov_report:86,gov_report,0,7,32,ema_rho_0.9,0.7305397727272727,0.858809730849339,32
gov_report:86,gov_report,0,7,32,ema_rho_0.95,0.7035511363636364,0.8138202216256105,32
gov_report:86,gov_report,0,7,32,ema_rho_0.99,0.6556818181818181,0.7198557196548965,32
gov_report:86,gov_report,0,7,32,ema_rho_0.995,0.6454545454545455,0.7007663025612879,32
gov_report:86,gov_report,0,7,32,ema_rho_0.999,0.6404829545454545,0.6835370525948916,32
gov_report:86,gov_report,7,0,1,ema_rho_0,0.7012265512265512,0.7919501892561428,63
gov_report:86,gov_report,7,0,1,ema_rho_0.25,0.7028138528138528,0.7980804354984824,63
gov_report:86,gov_report,7,0,1,ema_rho_0.5,0.6941558441558442,0.7923398285513624,63
gov_report:86,gov_report,7,0,1,ema_rho_0.8,0.6793650793650795,0.7771597695779328,63
gov_report:86,gov_report,7,0,1,ema_rho_0.9,0.6731601731601733,0.7696412438335196,63
gov_report:86,gov_report,7,0,1,ema_rho_0.95,0.6679653679653679,0.7576801389885941,63
gov_report:86,gov_report,7,0,1,ema_rho_0.99,0.6449494949494949,0.7124367389577329,63
gov_report:86,gov_report,7,0,1,ema_rho_0.995,0.6248917748917748,0.6834823425194707,63
gov_report:86,gov_report,7,0,1,ema_rho_0.999,0.5759740259740259,0.6032344546085773,63
gov_report:86,gov_report,7,0,4,ema_rho_0,0.6698484848484849,0.7590941795067085,60
gov_report:86,gov_report,7,0,4,ema_rho_0.25,0.6752272727272728,0.7728255265247809,60
gov_report:86,gov_report,7,0,4,ema_rho_0.5,0.6799242424242424,0.7789368652378955,60
gov_report:86,gov_report,7,0,4,ema_rho_0.8,0.6884090909090911,0.7961708078089134,60
gov_report:86,gov_report,7,0,4,ema_rho_0.9,0.6947727272727273,0.800693784812371,60
gov_report:86,gov_report,7,0,4,ema_rho_0.95,0.6925757575757578,0.7915703795965605,60
gov_report:86,gov_report,7,0,4,ema_rho_0.99,0.6639393939393938,0.7391470356846067,60
gov_report:86,gov_report,7,0,4,ema_rho_0.995,0.6399242424242425,0.7043086554156073,60
gov_report:86,gov_report,7,0,4,ema_rho_0.999,0.581590909090909,0.6108504442559747,60
gov_report:86,gov_report,7,0,16,ema_rho_0,0.6338068181818182,0.7189081963506186,48
gov_report:86,gov_report,7,0,16,ema_rho_0.25,0.6558712121212121,0.7535285055118709,48
gov_report:86,gov_report,7,0,16,ema_rho_0.5,0.6787878787878787,0.785772216460749,48
gov_report:86,gov_report,7,0,16,ema_rho_0.8,0.7196022727272727,0.8335897803973632,48
gov_report:86,gov_report,7,0,16,ema_rho_0.9,0.7288825757575758,0.8392131340086486,48
gov_report:86,gov_report,7,0,16,ema_rho_0.95,0.7175189393939393,0.8237536665297117,48
gov_report:86,gov_report,7,0,16,ema_rho_0.99,0.6629734848484848,0.7494665517175526,48
gov_report:86,gov_report,7,0,16,ema_rho_0.995,0.6325757575757576,0.7036360158290812,48
gov_report:86,gov_report,7,0,16,ema_rho_0.999,0.565719696969697,0.596272410256333,48
gov_report:86,gov_report,7,0,32,ema_rho_0,0.6338068181818182,0.7200041098387001,32
gov_report:86,gov_report,7,0,32,ema_rho_0.25,0.6507102272727273,0.7505969452813772,32
gov_report:86,gov_report,7,0,32,ema_rho_0.5,0.6727272727272727,0.7788862663895475,32
gov_report:86,gov_report,7,0,32,ema_rho_0.8,0.6988636363636364,0.8072316392876943,32
gov_report:86,gov_report,7,0,32,ema_rho_0.9,0.6958806818181819,0.7982143367185581,32
gov_report:86,gov_report,7,0,32,ema_rho_0.95,0.6771306818181818,0.7755326756707357,32
gov_report:86,gov_report,7,0,32,ema_rho_0.99,0.6215909090909091,0.6933948837085884,32
gov_report:86,gov_report,7,0,32,ema_rho_0.995,0.5920454545454545,0.6491500813868196,32
gov_report:86,gov_report,7,0,32,ema_rho_0.999,0.5410511363636363,0.5623451736435242,32
gov_report:86,gov_report,7,1,1,ema_rho_0,0.3700577200577201,0.28168595769410004,63
gov_report:86,gov_report,7,1,1,ema_rho_0.25,0.3647907647907648,0.2748037431511752,63
gov_report:86,gov_report,7,1,1,ema_rho_0.5,0.36118326118326116,0.2659034759381411,63
gov_report:86,gov_report,7,1,1,ema_rho_0.8,0.35555555555555557,0.25234835342491524,63
gov_report:86,gov_report,7,1,1,ema_rho_0.9,0.3455988455988456,0.2444996134953436,63
gov_report:86,gov_report,7,1,1,ema_rho_0.95,0.34054834054834054,0.23590882866777246,63
gov_report:86,gov_report,7,1,1,ema_rho_0.99,0.32525252525252524,0.2091297032846271,63
gov_report:86,gov_report,7,1,1,ema_rho_0.995,0.31760461760461767,0.1946312824585676,63
gov_report:86,gov_report,7,1,1,ema_rho_0.999,0.30425685425685417,0.15840848458740872,63
gov_report:86,gov_report,7,1,4,ema_rho_0,0.3581060606060607,0.2637498887460153,60
gov_report:86,gov_report,7,1,4,ema_rho_0.25,0.35621212121212126,0.2763319511404266,60
gov_report:86,gov_report,7,1,4,ema_rho_0.5,0.35613636363636364,0.2799741777547024,60
gov_report:86,gov_report,7,1,4,ema_rho_0.8,0.35886363636363644,0.284650676250019,60
gov_report:86,gov_report,7,1,4,ema_rho_0.9,0.3582575757575758,0.2848633099634749,60
gov_report:86,gov_report,7,1,4,ema_rho_0.95,0.35530303030303023,0.2787940316907191,60
gov_report:86,gov_report,7,1,4,ema_rho_0.99,0.33734848484848473,0.2496605905984399,60
gov_report:86,gov_report,7,1,4,ema_rho_0.995,0.33090909090909093,0.23264570876176485,60
gov_report:86,gov_report,7,1,4,ema_rho_0.999,0.3131818181818182,0.18932218603591752,60
gov_report:86,gov_report,7,1,16,ema_rho_0,0.34810606060606064,0.24437937365816395,48
gov_report:86,gov_report,7,1,16,ema_rho_0.25,0.36515151515151517,0.2819147710222606,48
gov_report:86,gov_report,7,1,16,ema_rho_0.5,0.3703598484848485,0.29086221759672476,48
gov_report:86,gov_report,7,1,16,ema_rho_0.8,0.37878787878787873,0.3003539088146167,48
gov_report:86,gov_report,7,1,16,ema_rho_0.9,0.38361742424242423,0.3038654471352275,48
gov_report:86,gov_report,7,1,16,ema_rho_0.95,0.3854166666666667,0.3010818637553453,48
gov_report:86,gov_report,7,1,16,ema_rho_0.99,0.3756628787878788,0.27723973207680436,48
gov_report:86,gov_report,7,1,16,ema_rho_0.995,0.3639204545454546,0.26194303702978305,48
gov_report:86,gov_report,7,1,16,ema_rho_0.999,0.34015151515151515,0.22171831938677022,48
gov_report:86,gov_report,7,1,32,ema_rho_0,0.3430397727272727,0.22590851187859035,32
gov_report:86,gov_report,7,1,32,ema_rho_0.25,0.35838068181818183,0.2540681192688646,32
gov_report:86,gov_report,7,1,32,ema_rho_0.5,0.36519886363636367,0.2649553464564933,32
gov_report:86,gov_report,7,1,32,ema_rho_0.8,0.3846590909090909,0.28247665402701627,32
gov_report:86,gov_report,7,1,32,ema_rho_0.9,0.38892045454545454,0.2918842415611153,32
gov_report:86,gov_report,7,1,32,ema_rho_0.95,0.3921875,0.29400987533151124,32
gov_report:86,gov_report,7,1,32,ema_rho_0.99,0.39360795454545455,0.27618058360298564,32
gov_report:86,gov_report,7,1,32,ema_rho_0.995,0.38636363636363635,0.2634772737332234,32
gov_report:86,gov_report,7,1,32,ema_rho_0.999,0.37002840909090906,0.23170654902667098,32
gov_report:86,gov_report,7,2,1,ema_rho_0,0.7062049062049062,0.8017197962747598,63
gov_report:86,gov_report,7,2,1,ema_rho_0.25,0.7050505050505053,0.7955411141965689,63
gov_report:86,gov_report,7,2,1,ema_rho_0.5,0.6927128427128428,0.7792933674860975,63
gov_report:86,gov_report,7,2,1,ema_rho_0.8,0.6643578643578644,0.7388235434557713,63
gov_report:86,gov_report,7,2,1,ema_rho_0.9,0.6342712842712843,0.7008042848126304,63
gov_report:86,gov_report,7,2,1,ema_rho_0.95,0.5968975468975467,0.6477875551482597,63
gov_report:86,gov_report,7,2,1,ema_rho_0.99,0.5194805194805195,0.517040080740546,63
gov_report:86,gov_report,7,2,1,ema_rho_0.995,0.5012987012987014,0.48586626737063127,63
gov_report:86,gov_report,7,2,1,ema_rho_0.999,0.48903318903318904,0.4550185319398611,63
gov_report:86,gov_report,7,2,4,ema_rho_0,0.6572727272727271,0.7311160773136129,60
gov_report:86,gov_report,7,2,4,ema_rho_0.25,0.6712121212121214,0.7481630838835928,60
gov_report:86,gov_report,7,2,4,ema_rho_0.5,0.6787878787878788,0.7571816999123148,60
gov_report:86,gov_report,7,2,4,ema_rho_0.8,0.6770454545454546,0.7537224090027617,60
gov_report:86,gov_report,7,2,4,ema_rho_0.9,0.6529545454545455,0.7290775678014029,60
gov_report:86,gov_report,7,2,4,ema_rho_0.95,0.6164393939393941,0.6801813517501923,60
gov_report:86,gov_report,7,2,4,ema_rho_0.99,0.5362121212121214,0.5493228259364259,60
gov_report:86,gov_report,7,2,4,ema_rho_0.995,0.5184090909090909,0.5180327176053512,60
gov_report:86,gov_report,7,2,4,ema_rho_0.999,0.5052272727272727,0.48702345436198485,60
gov_report:86,gov_report,7,2,16,ema_rho_0,0.6255681818181819,0.6802370067898607,48
gov_report:86,gov_report,7,2,16,ema_rho_0.25,0.6424242424242425,0.7080781126004005,48
gov_report:86,gov_report,7,2,16,ema_rho_0.5,0.6575757575757576,0.7295914183544738,48
gov_report:86,gov_report,7,2,16,ema_rho_0.8,0.6673295454545455,0.7470667528795936,48
gov_report:86,gov_report,7,2,16,ema_rho_0.9,0.646875,0.7252432030533686,48
gov_report:86,gov_report,7,2,16,ema_rho_0.95,0.6070075757575758,0.6765583505590976,48
gov_report:86,gov_report,7,2,16,ema_rho_0.99,0.5444128787878788,0.5636087836201129,48
gov_report:86,gov_report,7,2,16,ema_rho_0.995,0.5303977272727273,0.5382927564416841,48
gov_report:86,gov_report,7,2,16,ema_rho_0.999,0.5160984848484849,0.5137557481038975,48
gov_report:86,gov_report,7,2,32,ema_rho_0,0.5897727272727273,0.6345329744345315,32
gov_report:86,gov_report,7,2,32,ema_rho_0.25,0.6068181818181819,0.6593898567889243,32
gov_report:86,gov_report,7,2,32,ema_rho_0.5,0.6173295454545454,0.6782417760745794,32
gov_report:86,gov_report,7,2,32,ema_rho_0.8,0.6190340909090909,0.6930208984941943,32
gov_report:86,gov_report,7,2,32,ema_rho_0.9,0.5930397727272727,0.6684227590082361,32
gov_report:86,gov_report,7,2,32,ema_rho_0.95,0.5548295454545453,0.6214189558685732,32
gov_report:86,gov_report,7,2,32,ema_rho_0.99,0.5088068181818182,0.5388165992943561,32
gov_report:86,gov_report,7,2,32,ema_rho_0.995,0.5004261363636364,0.5223036900129041,32
gov_report:86,gov_report,7,2,32,ema_rho_0.999,0.4903409090909091,0.5072924274662607,32
gov_report:86,gov_report,7,3,1,ema_rho_0,0.7604617604617603,0.877227682514369,63
gov_report:86,gov_report,7,3,1,ema_rho_0.25,0.7607503607503605,0.8754320228027817,63
gov_report:86,gov_report,7,3,1,ema_rho_0.5,0.7478354978354976,0.8559451366793779,63
gov_report:86,gov_report,7,3,1,ema_rho_0.8,0.6871572871572872,0.7754803334089237,63
gov_report:86,gov_report,7,3,1,ema_rho_0.9,0.6114718614718614,0.6538357650320855,63
gov_report:86,gov_report,7,3,1,ema_rho_0.95,0.5355699855699856,0.5146242433858094,63
gov_report:86,gov_report,7,3,1,ema_rho_0.99,0.4862914862914862,0.40630554366078975,63
gov_report:86,gov_report,7,3,1,ema_rho_0.995,0.4844877344877345,0.39870401629024027,63
gov_report:86,gov_report,7,3,1,ema_rho_0.999,0.4826839826839827,0.3934480184018739,63
gov_report:86,gov_report,7,3,4,ema_rho_0,0.7312878787878786,0.844264912719917,60
gov_report:86,gov_report,7,3,4,ema_rho_0.25,0.7371212121212121,0.8495013441638612,60
gov_report:86,gov_report,7,3,4,ema_rho_0.5,0.7374242424242424,0.8442482693178832,60
gov_report:86,gov_report,7,3,4,ema_rho_0.8,0.6881818181818181,0.7777722048306549,60
gov_report:86,gov_report,7,3,4,ema_rho_0.9,0.6156818181818181,0.6614775998986907,60
gov_report:86,gov_report,7,3,4,ema_rho_0.95,0.5426515151515151,0.5252240328622878,60
gov_report:86,gov_report,7,3,4,ema_rho_0.99,0.49454545454545457,0.4216822802717997,60
gov_report:86,gov_report,7,3,4,ema_rho_0.995,0.4928787878787879,0.41423802577071284,60
gov_report:86,gov_report,7,3,4,ema_rho_0.999,0.49128787878787883,0.40903866951135665,60
gov_report:86,gov_report,7,3,16,ema_rho_0,0.656534090909091,0.7552072111606866,48
gov_report:86,gov_report,7,3,16,ema_rho_0.25,0.6692234848484849,0.7671744193914498,48
gov_report:86,gov_report,7,3,16,ema_rho_0.5,0.6714962121212121,0.7656997136154396,48
gov_report:86,gov_report,7,3,16,ema_rho_0.8,0.6404356060606061,0.708702947469051,48
gov_report:86,gov_report,7,3,16,ema_rho_0.9,0.5774621212121213,0.596256825196464,48
gov_report:86,gov_report,7,3,16,ema_rho_0.95,0.5212121212121211,0.4781694166249937,48
gov_report:86,gov_report,7,3,16,ema_rho_0.99,0.48939393939393944,0.40164023383895214,48
gov_report:86,gov_report,7,3,16,ema_rho_0.995,0.487405303030303,0.39552041233716323,48
gov_report:86,gov_report,7,3,16,ema_rho_0.999,0.4853219696969697,0.39110287571191615,48
gov_report:86,gov_report,7,3,32,ema_rho_0,0.6001420454545454,0.6877535016933869,32
gov_report:86,gov_report,7,3,32,ema_rho_0.25,0.6126420454545454,0.6981320087189735,32
gov_report:86,gov_report,7,3,32,ema_rho_0.5,0.6125,0.6922358771344881,32
gov_report:86,gov_report,7,3,32,ema_rho_0.8,0.579971590909091,0.6277573869007358,32
gov_report:86,gov_report,7,3,32,ema_rho_0.9,0.5275568181818182,0.5152411659734519,32
gov_report:86,gov_report,7,3,32,ema_rho_0.95,0.4984375,0.43825061958020667,32
gov_report:86,gov_report,7,3,32,ema_rho_0.99,0.4828125,0.3937276389779968,32
gov_report:86,gov_report,7,3,32,ema_rho_0.995,0.48139204545454545,0.3895367792839938,32
gov_report:86,gov_report,7,3,32,ema_rho_0.999,0.48025568181818185,0.38625447438967736,32
gov_report:86,gov_report,7,4,1,ema_rho_0,0.7103896103896105,0.8244716824335071,63
gov_report:86,gov_report,7,4,1,ema_rho_0.25,0.7210678210678211,0.8328529465109707,63
gov_report:86,gov_report,7,4,1,ema_rho_0.5,0.7158008658008658,0.8270736961952109,63
gov_report:86,gov_report,7,4,1,ema_rho_0.8,0.6809523809523811,0.7857406018430724,63
gov_report:86,gov_report,7,4,1,ema_rho_0.9,0.6438672438672439,0.7385134866499412,63
gov_report:86,gov_report,7,4,1,ema_rho_0.95,0.6005772005772004,0.6809577332208138,63
gov_report:86,gov_report,7,4,1,ema_rho_0.99,0.5222943722943724,0.550430537562235,63
gov_report:86,gov_report,7,4,1,ema_rho_0.995,0.5017316017316017,0.5044186336963387,63
gov_report:86,gov_report,7,4,1,ema_rho_0.999,0.47431457431457436,0.4370694428918016,63
gov_report:86,gov_report,7,4,4,ema_rho_0,0.6738636363636363,0.7868802310587022,60
gov_report:86,gov_report,7,4,4,ema_rho_0.25,0.6872727272727274,0.8023581788933752,60
gov_report:86,gov_report,7,4,4,ema_rho_0.5,0.6876515151515151,0.8050379115768295,60
gov_report:86,gov_report,7,4,4,ema_rho_0.8,0.6696969696969698,0.7786523010362544,60
gov_report:86,gov_report,7,4,4,ema_rho_0.9,0.6413636363636362,0.7395218949899337,60
gov_report:86,gov_report,7,4,4,ema_rho_0.95,0.6007575757575758,0.6872042958921952,60
gov_report:86,gov_report,7,4,4,ema_rho_0.99,0.5275757575757576,0.5620913577802625,60
gov_report:86,gov_report,7,4,4,ema_rho_0.995,0.5096212121212121,0.5168355173932359,60
gov_report:86,gov_report,7,4,4,ema_rho_0.999,0.4809090909090909,0.45052551802530505,60
gov_report:86,gov_report,7,4,16,ema_rho_0,0.6019886363636364,0.6774850734853954,48
gov_report:86,gov_report,7,4,16,ema_rho_0.25,0.6153409090909091,0.6972555079054,48
gov_report:86,gov_report,7,4,16,ema_rho_0.5,0.6201704545454546,0.705890712867033,48
gov_report:86,gov_report,7,4,16,ema_rho_0.8,0.6188446969696969,0.697437925422037,48
gov_report:86,gov_report,7,4,16,ema_rho_0.9,0.5983901515151514,0.6721073945054915,48
gov_report:86,gov_report,7,4,16,ema_rho_0.95,0.5705492424242424,0.636669362486716,48
gov_report:86,gov_report,7,4,16,ema_rho_0.99,0.5131628787878788,0.5463474615631824,48
gov_report:86,gov_report,7,4,16,ema_rho_0.995,0.5023674242424242,0.5116465924582946,48
gov_report:86,gov_report,7,4,16,ema_rho_0.999,0.47859848484848483,0.46069956027083747,48
gov_report:86,gov_report,7,4,32,ema_rho_0,0.5646306818181818,0.6140411250137823,32
gov_report:86,gov_report,7,4,32,ema_rho_0.25,0.5784090909090909,0.6335937941475926,32
gov_report:86,gov_report,7,4,32,ema_rho_0.5,0.5813920454545454,0.6442435642541152,32
gov_report:86,gov_report,7,4,32,ema_rho_0.8,0.584090909090909,0.6416979238729854,32
gov_report:86,gov_report,7,4,32,ema_rho_0.9,0.5670454545454546,0.6245934830468314,32
gov_report:86,gov_report,7,4,32,ema_rho_0.95,0.553409090909091,0.6021931924259989,32
gov_report:86,gov_report,7,4,32,ema_rho_0.99,0.514346590909091,0.5367702244102674,32
gov_report:86,gov_report,7,4,32,ema_rho_0.995,0.5061079545454545,0.511676489895371,32
gov_report:86,gov_report,7,4,32,ema_rho_0.999,0.4892045454545454,0.47652389773846787,32
gov_report:86,gov_report,7,5,1,ema_rho_0,0.6586580086580085,0.7466136071466746,63
gov_report:86,gov_report,7,5,1,ema_rho_0.25,0.6493506493506495,0.7358705147403005,63
gov_report:86,gov_report,7,5,1,ema_rho_0.5,0.633910533910534,0.7077214750852906,63
gov_report:86,gov_report,7,5,1,ema_rho_0.8,0.5895382395382396,0.644111553068885,63
gov_report:86,gov_report,7,5,1,ema_rho_0.9,0.5569264069264069,0.6009023445028492,63
gov_report:86,gov_report,7,5,1,ema_rho_0.95,0.5240981240981242,0.5544243381329612,63
gov_report:86,gov_report,7,5,1,ema_rho_0.99,0.44949494949494956,0.42841476544490376,63
gov_report:86,gov_report,7,5,1,ema_rho_0.995,0.4225829725829726,0.3722873987308384,63
gov_report:86,gov_report,7,5,1,ema_rho_0.999,0.3728715728715729,0.27421639845801377,63
gov_report:86,gov_report,7,5,4,ema_rho_0,0.5924999999999999,0.6469745783110183,60
gov_report:86,gov_report,7,5,4,ema_rho_0.25,0.5973484848484849,0.6553768937876534,60
gov_report:86,gov_report,7,5,4,ema_rho_0.5,0.5983333333333334,0.6515843649245893,60
gov_report:86,gov_report,7,5,4,ema_rho_0.8,0.5893939393939394,0.6335675902051037,60
gov_report:86,gov_report,7,5,4,ema_rho_0.9,0.5699242424242424,0.6086504869971783,60
gov_report:86,gov_report,7,5,4,ema_rho_0.95,0.5393939393939394,0.5657654031042529,60
gov_report:86,gov_report,7,5,4,ema_rho_0.99,0.44946969696969696,0.4237841081360287,60
gov_report:86,gov_report,7,5,4,ema_rho_0.995,0.41803030303030303,0.3598758018096778,60
gov_report:86,gov_report,7,5,4,ema_rho_0.999,0.3643181818181818,0.25238018965259906,60
gov_report:86,gov_report,7,5,16,ema_rho_0,0.5281250000000001,0.548557924393037,48
gov_report:86,gov_report,7,5,16,ema_rho_0.25,0.5445075757575758,0.5738543230134296,48
gov_report:86,gov_report,7,5,16,ema_rho_0.5,0.5520833333333334,0.58708932215302,48
gov_report:86,gov_report,7,5,16,ema_rho_0.8,0.5600378787878788,0.6037921435872329,48
gov_report:86,gov_report,7,5,16,ema_rho_0.9,0.5452651515151515,0.5887167137479588,48
gov_report:86,gov_report,7,5,16,ema_rho_0.95,0.5120265151515152,0.5392891338304185,48
gov_report:86,gov_report,7,5,16,ema_rho_0.99,0.4138257575757576,0.3686937834491588,48
gov_report:86,gov_report,7,5,16,ema_rho_0.995,0.3768939393939394,0.3010900027045962,48
gov_report:86,gov_report,7,5,16,ema_rho_0.999,0.32736742424242427,0.20037420638100625,48
gov_report:86,gov_report,7,5,32,ema_rho_0,0.4877840909090909,0.491774201696221,32
gov_report:86,gov_report,7,5,32,ema_rho_0.25,0.5056818181818181,0.521348209096997,32
gov_report:86,gov_report,7,5,32,ema_rho_0.5,0.5178977272727272,0.543287725456725,32
gov_report:86,gov_report,7,5,32,ema_rho_0.8,0.5184659090909091,0.5462090574330618,32
gov_report:86,gov_report,7,5,32,ema_rho_0.9,0.49048295454545454,0.5036562406960694,32
gov_report:86,gov_report,7,5,32,ema_rho_0.95,0.44843750000000004,0.43322413615890815,32
gov_report:86,gov_report,7,5,32,ema_rho_0.99,0.35809659090909096,0.2544966363953174,32
gov_report:86,gov_report,7,5,32,ema_rho_0.995,0.33693181818181817,0.1991647565165393,32
gov_report:86,gov_report,7,5,32,ema_rho_0.999,0.2995738636363636,0.12933369099212996,32
gov_report:86,gov_report,7,6,1,ema_rho_0,0.6888167388167389,0.7949746246411433,63
gov_report:86,gov_report,7,6,1,ema_rho_0.25,0.691991341991342,0.8010096775330091,63
gov_report:86,gov_report,7,6,1,ema_rho_0.5,0.6842712842712844,0.7939737234101083,63
gov_report:86,gov_report,7,6,1,ema_rho_0.8,0.6516594516594517,0.7554823365885038,63
gov_report:86,gov_report,7,6,1,ema_rho_0.9,0.6108225108225109,0.7077379020454042,63
gov_report:86,gov_report,7,6,1,ema_rho_0.95,0.5648629148629148,0.6456276652242724,63
gov_report:86,gov_report,7,6,1,ema_rho_0.99,0.46031746031746035,0.4786987294659512,63
gov_report:86,gov_report,7,6,1,ema_rho_0.995,0.4277777777777778,0.42044881819431396,63
gov_report:86,gov_report,7,6,1,ema_rho_0.999,0.40411255411255415,0.3415967479251532,63
gov_report:86,gov_report,7,6,4,ema_rho_0,0.6568939393939395,0.7611758716727052,60
gov_report:86,gov_report,7,6,4,ema_rho_0.25,0.6646212121212122,0.7771908251461085,60
gov_report:86,gov_report,7,6,4,ema_rho_0.5,0.6656060606060606,0.7814382744082534,60
gov_report:86,gov_report,7,6,4,ema_rho_0.8,0.6515151515151516,0.7656841389648044,60
gov_report:86,gov_report,7,6,4,ema_rho_0.9,0.6172727272727273,0.7287667160762213,60
gov_report:86,gov_report,7,6,4,ema_rho_0.95,0.574469696969697,0.6721482127073461,60
gov_report:86,gov_report,7,6,4,ema_rho_0.99,0.4700757575757576,0.5057212859329273,60
gov_report:86,gov_report,7,6,4,ema_rho_0.995,0.4372727272727273,0.44650007796784663,60
gov_report:86,gov_report,7,6,4,ema_rho_0.999,0.41356060606060613,0.3665110873685592,60
gov_report:86,gov_report,7,6,16,ema_rho_0,0.5840909090909091,0.6849902992454621,48
gov_report:86,gov_report,7,6,16,ema_rho_0.25,0.5952651515151516,0.7069136465867407,48
gov_report:86,gov_report,7,6,16,ema_rho_0.5,0.602935606060606,0.71979009144551,48
gov_report:86,gov_report,7,6,16,ema_rho_0.8,0.6015151515151516,0.717775215871435,48
gov_report:86,gov_report,7,6,16,ema_rho_0.9,0.5819128787878788,0.6895083986920524,48
gov_report:86,gov_report,7,6,16,ema_rho_0.95,0.549905303030303,0.6396865798908192,48
gov_report:86,gov_report,7,6,16,ema_rho_0.99,0.4570075757575758,0.490535955118347,48
gov_report:86,gov_report,7,6,16,ema_rho_0.995,0.43124999999999997,0.439041350965125,48
gov_report:86,gov_report,7,6,16,ema_rho_0.999,0.41818181818181815,0.3724366911944503,48
gov_report:86,gov_report,7,6,32,ema_rho_0,0.5338068181818182,0.6105120431389449,32
gov_report:86,gov_report,7,6,32,ema_rho_0.25,0.5426136363636364,0.6310325529438979,32
gov_report:86,gov_report,7,6,32,ema_rho_0.5,0.5502840909090909,0.6444156819768214,32
gov_report:86,gov_report,7,6,32,ema_rho_0.8,0.5529829545454545,0.6439280572000727,32
gov_report:86,gov_report,7,6,32,ema_rho_0.9,0.5303977272727273,0.614681067183954,32
gov_report:86,gov_report,7,6,32,ema_rho_0.95,0.4887784090909091,0.5643170650326412,32
gov_report:86,gov_report,7,6,32,ema_rho_0.99,0.4096590909090909,0.43640325342896175,32
gov_report:86,gov_report,7,6,32,ema_rho_0.995,0.3973011363636364,0.3979593904502628,32
gov_report:86,gov_report,7,6,32,ema_rho_0.999,0.3928977272727273,0.35384786913981103,32
gov_report:86,gov_report,7,7,1,ema_rho_0,0.6518037518037519,0.7609255885384815,63
gov_report:86,gov_report,7,7,1,ema_rho_0.25,0.6375180375180374,0.7329564970332323,63
gov_report:86,gov_report,7,7,1,ema_rho_0.5,0.6108225108225107,0.6908525203507595,63
gov_report:86,gov_report,7,7,1,ema_rho_0.8,0.547186147186147,0.5933965827129699,63
gov_report:86,gov_report,7,7,1,ema_rho_0.9,0.5000721500721501,0.5184305428867519,63
gov_report:86,gov_report,7,7,1,ema_rho_0.95,0.4505050505050505,0.44518566411035604,63
gov_report:86,gov_report,7,7,1,ema_rho_0.99,0.3611832611832611,0.3024467021547824,63
gov_report:86,gov_report,7,7,1,ema_rho_0.995,0.3403318903318903,0.257824795099272,63
gov_report:86,gov_report,7,7,1,ema_rho_0.999,0.31320346320346326,0.19162358065127424,63
gov_report:86,gov_report,7,7,4,ema_rho_0,0.5551515151515153,0.6105593564594437,60
gov_report:86,gov_report,7,7,4,ema_rho_0.25,0.5548484848484848,0.6101371179982797,60
gov_report:86,gov_report,7,7,4,ema_rho_0.5,0.5462121212121213,0.5980294285388078,60
gov_report:86,gov_report,7,7,4,ema_rho_0.8,0.5146212121212123,0.5462203475025754,60
gov_report:86,gov_report,7,7,4,ema_rho_0.9,0.4824242424242424,0.49492567951570565,60
gov_report:86,gov_report,7,7,4,ema_rho_0.95,0.44674242424242416,0.43619726491573574,60
gov_report:86,gov_report,7,7,4,ema_rho_0.99,0.3646969696969697,0.30561657890999333,60
gov_report:86,gov_report,7,7,4,ema_rho_0.995,0.3417424242424242,0.2620891955744541,60
gov_report:86,gov_report,7,7,4,ema_rho_0.999,0.31477272727272726,0.19647608052935875,60
gov_report:86,gov_report,7,7,16,ema_rho_0,0.4549242424242424,0.42732428815810536,48
gov_report:86,gov_report,7,7,16,ema_rho_0.25,0.45909090909090905,0.4356450641192078,48
gov_report:86,gov_report,7,7,16,ema_rho_0.5,0.46060606060606063,0.43758622946473397,48
gov_report:86,gov_report,7,7,16,ema_rho_0.8,0.4517045454545454,0.4307125254053244,48
gov_report:86,gov_report,7,7,16,ema_rho_0.9,0.43314393939393936,0.4151350624863115,48
gov_report:86,gov_report,7,7,16,ema_rho_0.95,0.4163825757575757,0.3869520269233943,48
gov_report:86,gov_report,7,7,16,ema_rho_0.99,0.3569128787878788,0.29438369855044066,48
gov_report:86,gov_report,7,7,16,ema_rho_0.995,0.3339962121212121,0.25838104722064864,48
gov_report:86,gov_report,7,7,16,ema_rho_0.999,0.3104166666666667,0.20238530749160677,48
gov_report:86,gov_report,7,7,32,ema_rho_0,0.4227272727272727,0.3616695583391896,32
gov_report:86,gov_report,7,7,32,ema_rho_0.25,0.4264204545454545,0.3711505276326843,32
gov_report:86,gov_report,7,7,32,ema_rho_0.5,0.43196022727272726,0.3773518025820999,32
gov_report:86,gov_report,7,7,32,ema_rho_0.8,0.42798295454545454,0.3804324369457101,32
gov_report:86,gov_report,7,7,32,ema_rho_0.9,0.41605113636363633,0.3722560329514708,32
gov_report:86,gov_report,7,7,32,ema_rho_0.95,0.39815340909090907,0.3459838816942065,32
gov_report:86,gov_report,7,7,32,ema_rho_0.99,0.3404829545454545,0.26423750280678254,32
gov_report:86,gov_report,7,7,32,ema_rho_0.995,0.3214488636363636,0.23410015945651008,32
gov_report:86,gov_report,7,7,32,ema_rho_0.999,0.3046875,0.19054056267813896,32
gov_report:86,gov_report,14,0,1,ema_rho_0,0.7372294372294372,0.8613556320001274,63
gov_report:86,gov_report,14,0,1,ema_rho_0.25,0.7173160173160172,0.8338943041737067,63
gov_report:86,gov_report,14,0,1,ema_rho_0.5,0.688023088023088,0.7949726751879902,63
gov_report:86,gov_report,14,0,1,ema_rho_0.8,0.6388888888888887,0.7157622014569901,63
gov_report:86,gov_report,14,0,1,ema_rho_0.9,0.6059884559884561,0.6615709875322574,63
gov_report:86,gov_report,14,0,1,ema_rho_0.95,0.5681818181818185,0.6035382624736512,63
gov_report:86,gov_report,14,0,1,ema_rho_0.99,0.4847763347763348,0.4671835573519224,63
gov_report:86,gov_report,14,0,1,ema_rho_0.995,0.46500721500721504,0.42580316344842617,63
gov_report:86,gov_report,14,0,1,ema_rho_0.999,0.4518759018759019,0.3724095469848323,63
gov_report:86,gov_report,14,0,4,ema_rho_0,0.6290909090909089,0.7214375725801969,60
gov_report:86,gov_report,14,0,4,ema_rho_0.25,0.6281060606060607,0.7155937617788055,60
gov_report:86,gov_report,14,0,4,ema_rho_0.5,0.6279545454545453,0.7059711657216291,60
gov_report:86,gov_report,14,0,4,ema_rho_0.8,0.6203787878787881,0.6783280603846247,60
gov_report:86,gov_report,14,0,4,ema_rho_0.9,0.6081818181818182,0.6493043651438115,60
gov_report:86,gov_report,14,0,4,ema_rho_0.95,0.5797727272727273,0.6052529479795314,60
gov_report:86,gov_report,14,0,4,ema_rho_0.99,0.496590909090909,0.47744801896371375,60
gov_report:86,gov_report,14,0,4,ema_rho_0.995,0.47727272727272724,0.43648992893093475,60
gov_report:86,gov_report,14,0,4,ema_rho_0.999,0.46333333333333326,0.3836006461853546,60
gov_report:86,gov_report,14,0,16,ema_rho_0,0.5787878787878787,0.6196263435340876,48
gov_report:86,gov_report,14,0,16,ema_rho_0.25,0.5876893939393939,0.6285280275251611,48
gov_report:86,gov_report,14,0,16,ema_rho_0.5,0.6006628787878787,0.6360282196363731,48
gov_report:86,gov_report,14,0,16,ema_rho_0.8,0.6258522727272727,0.646271356850365,48
gov_report:86,gov_report,14,0,16,ema_rho_0.9,0.625284090909091,0.6406479180068462,48
gov_report:86,gov_report,14,0,16,ema_rho_0.95,0.6021780303030303,0.6076736458503778,48
gov_report:86,gov_report,14,0,16,ema_rho_0.99,0.5148674242424242,0.4916252303083362,48
gov_report:86,gov_report,14,0,16,ema_rho_0.995,0.49886363636363634,0.4537767428159303,48
gov_report:86,gov_report,14,0,16,ema_rho_0.999,0.4878787878787878,0.4067219088658443,48
gov_report:86,gov_report,14,0,32,ema_rho_0,0.5488636363636363,0.5685602804118397,32
gov_report:86,gov_report,14,0,32,ema_rho_0.25,0.5619318181818181,0.5870694875050724,32
gov_report:86,gov_report,14,0,32,ema_rho_0.5,0.5799715909090909,0.6072317408631975,32
gov_report:86,gov_report,14,0,32,ema_rho_0.8,0.6160511363636363,0.6409578245347096,32
gov_report:86,gov_report,14,0,32,ema_rho_0.9,0.6147727272727272,0.6302648120254065,32
gov_report:86,gov_report,14,0,32,ema_rho_0.95,0.5845170454545454,0.587620652967829,32
gov_report:86,gov_report,14,0,32,ema_rho_0.99,0.5034090909090909,0.47667726580029746,32
gov_report:86,gov_report,14,0,32,ema_rho_0.995,0.49232954545454544,0.4442124829048981,32
gov_report:86,gov_report,14,0,32,ema_rho_0.999,0.4813920454545455,0.4060115037511515,32
gov_report:86,gov_report,14,1,1,ema_rho_0,0.7773448773448774,0.8810894456485263,63
gov_report:86,gov_report,14,1,1,ema_rho_0.25,0.781818181818182,0.886061150617486,63
gov_report:86,gov_report,14,1,1,ema_rho_0.5,0.7782828282828281,0.8822171777481722,63
gov_report:86,gov_report,14,1,1,ema_rho_0.8,0.7662337662337662,0.8677241511214633,63
gov_report:86,gov_report,14,1,1,ema_rho_0.9,0.7486291486291486,0.8496536225752686,63
gov_report:86,gov_report,14,1,1,ema_rho_0.95,0.7213564213564213,0.822187175482146,63
gov_report:86,gov_report,14,1,1,ema_rho_0.99,0.6778499278499278,0.7700624301781708,63
gov_report:86,gov_report,14,1,1,ema_rho_0.995,0.6579365079365079,0.7443871095610187,63
gov_report:86,gov_report,14,1,1,ema_rho_0.999,0.5970418470418469,0.6669729777021748,63
gov_report:86,gov_report,14,1,4,ema_rho_0,0.7558333333333332,0.858426066786171,60
gov_report:86,gov_report,14,1,4,ema_rho_0.25,0.765909090909091,0.8742014970540442,60
gov_report:86,gov_report,14,1,4,ema_rho_0.5,0.7762878787878786,0.8827038227965036,60
gov_report:86,gov_report,14,1,4,ema_rho_0.8,0.7863636363636365,0.8872832925376228,60
gov_report:86,gov_report,14,1,4,ema_rho_0.9,0.7727272727272727,0.8766192586223027,60
gov_report:86,gov_report,14,1,4,ema_rho_0.95,0.7462121212121212,0.8524257618515673,60
gov_report:86,gov_report,14,1,4,ema_rho_0.99,0.7000757575757575,0.8015783432653227,60
gov_report:86,gov_report,14,1,4,ema_rho_0.995,0.6781060606060605,0.7750453587237505,60
gov_report:86,gov_report,14,1,4,ema_rho_0.999,0.6075757575757575,0.6942212894326102,60
gov_report:86,gov_report,14,1,16,ema_rho_0,0.7103219696969697,0.8046654273979122,48
gov_report:86,gov_report,14,1,16,ema_rho_0.25,0.7330492424242424,0.833404263112544,48
gov_report:86,gov_report,14,1,16,ema_rho_0.5,0.7524621212121211,0.8553326173267374,48
gov_report:86,gov_report,14,1,16,ema_rho_0.8,0.7714015151515152,0.8735498371951415,48
gov_report:86,gov_report,14,1,16,ema_rho_0.9,0.7641098484848484,0.8675375204146114,48
gov_report:86,gov_report,14,1,16,ema_rho_0.95,0.741003787878788,0.8500644370158027,48
gov_report:86,gov_report,14,1,16,ema_rho_0.99,0.6987689393939394,0.8073067800419604,48
gov_report:86,gov_report,14,1,16,ema_rho_0.995,0.677840909090909,0.7814918762459758,48
gov_report:86,gov_report,14,1,16,ema_rho_0.999,0.6043560606060606,0.7024329267359665,48
gov_report:86,gov_report,14,1,32,ema_rho_0,0.6748579545454545,0.7604125868850662,32
gov_report:86,gov_report,14,1,32,ema_rho_0.25,0.6964488636363636,0.7876676174039352,32
gov_report:86,gov_report,14,1,32,ema_rho_0.5,0.712215909090909,0.8074087717970997,32
gov_report:86,gov_report,14,1,32,ema_rho_0.8,0.7198863636363637,0.8182250360811354,32
gov_report:86,gov_report,14,1,32,ema_rho_0.9,0.7116477272727273,0.8098262346885615,32
gov_report:86,gov_report,14,1,32,ema_rho_0.95,0.6981534090909092,0.7982318226562497,32
gov_report:86,gov_report,14,1,32,ema_rho_0.99,0.6661931818181818,0.7646632814447898,32
gov_report:86,gov_report,14,1,32,ema_rho_0.995,0.6454545454545454,0.742539112418352,32
gov_report:86,gov_report,14,1,32,ema_rho_0.999,0.5892045454545454,0.6787167472906415,32
gov_report:86,gov_report,14,2,1,ema_rho_0,0.7883838383838384,0.9141347663979987,63
gov_report:86,gov_report,14,2,1,ema_rho_0.25,0.7958152958152956,0.9206951105244587,63
gov_report:86,gov_report,14,2,1,ema_rho_0.5,0.7954545454545455,0.9219227574835563,63
gov_report:86,gov_report,14,2,1,ema_rho_0.8,0.7834054834054834,0.9160335914416493,63
gov_report:86,gov_report,14,2,1,ema_rho_0.9,0.7648629148629149,0.9015736227070352,63
gov_report:86,gov_report,14,2,1,ema_rho_0.95,0.737950937950938,0.8788391043519881,63
gov_report:86,gov_report,14,2,1,ema_rho_0.99,0.6883116883116883,0.8244432356877365,63
gov_report:86,gov_report,14,2,1,ema_rho_0.995,0.6612554112554112,0.7918920097081125,63
gov_report:86,gov_report,14,2,1,ema_rho_0.999,0.5683261183261185,0.6862282260425825,63
gov_report:86,gov_report,14,2,4,ema_rho_0,0.7677272727272728,0.9043723357221439,60
gov_report:86,gov_report,14,2,4,ema_rho_0.25,0.785,0.9185910718615965,60
gov_report:86,gov_report,14,2,4,ema_rho_0.5,0.7958333333333333,0.9265725864296932,60
gov_report:86,gov_report,14,2,4,ema_rho_0.8,0.8009848484848486,0.9290873537955809,60
gov_report:86,gov_report,14,2,4,ema_rho_0.9,0.7860606060606059,0.917838289438983,60
gov_report:86,gov_report,14,2,4,ema_rho_0.95,0.7584848484848484,0.8960000185413669,60
gov_report:86,gov_report,14,2,4,ema_rho_0.99,0.7023484848484848,0.8380455711254647,60
gov_report:86,gov_report,14,2,4,ema_rho_0.995,0.6698484848484848,0.8027058431932035,60
gov_report:86,gov_report,14,2,4,ema_rho_0.999,0.5656818181818182,0.6897862706507358,60
gov_report:86,gov_report,14,2,16,ema_rho_0,0.734469696969697,0.8747480837564724,48
gov_report:86,gov_report,14,2,16,ema_rho_0.25,0.756439393939394,0.8944162060952617,48
gov_report:86,gov_report,14,2,16,ema_rho_0.5,0.7710227272727274,0.9061233909248552,48
gov_report:86,gov_report,14,2,16,ema_rho_0.8,0.7800189393939393,0.9128285524408484,48
gov_report:86,gov_report,14,2,16,ema_rho_0.9,0.7694128787878789,0.9017752261161416,48
gov_report:86,gov_report,14,2,16,ema_rho_0.95,0.749905303030303,0.880544443098886,48
gov_report:86,gov_report,14,2,16,ema_rho_0.99,0.6879734848484848,0.815340341450284,48
gov_report:86,gov_report,14,2,16,ema_rho_0.995,0.650189393939394,0.7752912778537501,48
gov_report:86,gov_report,14,2,16,ema_rho_0.999,0.5442234848484849,0.6557961462077625,48
gov_report:86,gov_report,14,2,32,ema_rho_0,0.7171875,0.8519338788871381,32
gov_report:86,gov_report,14,2,32,ema_rho_0.25,0.7349431818181819,0.8707072267694478,32
gov_report:86,gov_report,14,2,32,ema_rho_0.5,0.7484375,0.8814898554785325,32
gov_report:86,gov_report,14,2,32,ema_rho_0.8,0.7443181818181819,0.8789759868821112,32
gov_report:86,gov_report,14,2,32,ema_rho_0.9,0.7286931818181819,0.8618757282796506,32
gov_report:86,gov_report,14,2,32,ema_rho_0.95,0.7099431818181818,0.8392267023851241,32
gov_report:86,gov_report,14,2,32,ema_rho_0.99,0.6485795454545455,0.7646582833083095,32
gov_report:86,gov_report,14,2,32,ema_rho_0.995,0.6119318181818182,0.7207390921260872,32
gov_report:86,gov_report,14,2,32,ema_rho_0.999,0.5127840909090908,0.6045274973027132,32
gov_report:86,gov_report,14,3,1,ema_rho_0,0.7007215007215007,0.7762371947868474,63
gov_report:86,gov_report,14,3,1,ema_rho_0.25,0.7078643578643579,0.7804911078163542,63
gov_report:86,gov_report,14,3,1,ema_rho_0.5,0.7010101010101012,0.7659178358582505,63
gov_report:86,gov_report,14,3,1,ema_rho_0.8,0.6678210678210676,0.7198712206007695,63
gov_report:86,gov_report,14,3,1,ema_rho_0.9,0.6332611832611833,0.6722567062118515,63
gov_report:86,gov_report,14,3,1,ema_rho_0.95,0.5953102453102452,0.6208056587492692,63
gov_report:86,gov_report,14,3,1,ema_rho_0.99,0.5503607503607506,0.5323766444307336,63
gov_report:86,gov_report,14,3,1,ema_rho_0.995,0.531962481962482,0.4885768526758752,63
gov_report:86,gov_report,14,3,1,ema_rho_0.999,0.4769119769119769,0.37771204490578414,63
gov_report:86,gov_report,14,3,4,ema_rho_0,0.6643181818181817,0.7107676246100204,60
gov_report:86,gov_report,14,3,4,ema_rho_0.25,0.6769696969696969,0.7280992055669668,60
gov_report:86,gov_report,14,3,4,ema_rho_0.5,0.6849242424242423,0.7342778380440421,60
gov_report:86,gov_report,14,3,4,ema_rho_0.8,0.6717424242424241,0.7271241537688937,60
gov_report:86,gov_report,14,3,4,ema_rho_0.9,0.6520454545454544,0.6986571848156068,60
gov_report:86,gov_report,14,3,4,ema_rho_0.95,0.6190151515151515,0.65585983379235,60
gov_report:86,gov_report,14,3,4,ema_rho_0.99,0.5785606060606062,0.5696956032026821,60
gov_report:86,gov_report,14,3,4,ema_rho_0.995,0.557121212121212,0.5230289975707266,60
gov_report:86,gov_report,14,3,4,ema_rho_0.999,0.4944696969696969,0.4031594271383737,60
gov_report:86,gov_report,14,3,16,ema_rho_0,0.5865530303030303,0.602917330443919,48
gov_report:86,gov_report,14,3,16,ema_rho_0.25,0.6086174242424242,0.6419940583656928,48
gov_report:86,gov_report,14,3,16,ema_rho_0.5,0.6274621212121212,0.673888757764994,48
gov_report:86,gov_report,14,3,16,ema_rho_0.8,0.6601325757575758,0.717653004103675,48
gov_report:86,gov_report,14,3,16,ema_rho_0.9,0.6602272727272728,0.7140666567474336,48
gov_report:86,gov_report,14,3,16,ema_rho_0.95,0.6455492424242424,0.6883776253311639,48
gov_report:86,gov_report,14,3,16,ema_rho_0.99,0.612310606060606,0.6079267662487159,48
gov_report:86,gov_report,14,3,16,ema_rho_0.995,0.5870265151515152,0.5579782239886574,48
gov_report:86,gov_report,14,3,16,ema_rho_0.999,0.515814393939394,0.43472009059169475,48
gov_report:86,gov_report,14,3,32,ema_rho_0,0.5723011363636363,0.5960085661226149,32
gov_report:86,gov_report,14,3,32,ema_rho_0.25,0.5960227272727273,0.6347374590651294,32
gov_report:86,gov_report,14,3,32,ema_rho_0.5,0.6119318181818181,0.6627635934301723,32
gov_report:86,gov_report,14,3,32,ema_rho_0.8,0.6238636363636364,0.6788393491952375,32
gov_report:86,gov_report,14,3,32,ema_rho_0.9,0.6082386363636363,0.6598353976715815,32
gov_report:86,gov_report,14,3,32,ema_rho_0.95,0.5941761363636364,0.6354920358209584,32
gov_report:86,gov_report,14,3,32,ema_rho_0.99,0.5617897727272727,0.557493237800264,32
gov_report:86,gov_report,14,3,32,ema_rho_0.995,0.5380681818181817,0.5122727037756682,32
gov_report:86,gov_report,14,3,32,ema_rho_0.999,0.4798295454545455,0.41636733451217545,32
gov_report:86,gov_report,14,4,1,ema_rho_0,0.7807359307359307,0.8937609381153279,63
gov_report:86,gov_report,14,4,1,ema_rho_0.25,0.7875901875901875,0.9008749768018877,63
gov_report:86,gov_report,14,4,1,ema_rho_0.5,0.7871572871572871,0.899043058312342,63
gov_report:86,gov_report,14,4,1,ema_rho_0.8,0.7733766233766234,0.88786494587675,63
gov_report:86,gov_report,14,4,1,ema_rho_0.9,0.7572871572871576,0.8766666050102616,63
gov_report:86,gov_report,14,4,1,ema_rho_0.95,0.7413419913419914,0.8599836575185273,63
gov_report:86,gov_report,14,4,1,ema_rho_0.99,0.7116883116883117,0.8182833615951971,63
gov_report:86,gov_report,14,4,1,ema_rho_0.995,0.6941558441558442,0.7944221329550797,63
gov_report:86,gov_report,14,4,1,ema_rho_0.999,0.6512987012987012,0.7343365812627329,63
gov_report:86,gov_report,14,4,4,ema_rho_0,0.7609848484848485,0.8750042534488817,60
gov_report:86,gov_report,14,4,4,ema_rho_0.25,0.7707575757575758,0.8863208265109361,60
gov_report:86,gov_report,14,4,4,ema_rho_0.5,0.7793939393939395,0.8931427930187018,60
gov_report:86,gov_report,14,4,4,ema_rho_0.8,0.7813636363636364,0.8987373092043399,60
gov_report:86,gov_report,14,4,4,ema_rho_0.9,0.7709090909090909,0.893979936414097,60
gov_report:86,gov_report,14,4,4,ema_rho_0.95,0.755378787878788,0.8800758612621064,60
gov_report:86,gov_report,14,4,4,ema_rho_0.99,0.7238636363636365,0.8388115627874645,60
gov_report:86,gov_report,14,4,4,ema_rho_0.995,0.7037121212121211,0.8137061979797883,60
gov_report:86,gov_report,14,4,4,ema_rho_0.999,0.6587121212121212,0.7511321861597329,60
gov_report:86,gov_report,14,4,16,ema_rho_0,0.7296401515151514,0.8510996840963885,48
gov_report:86,gov_report,14,4,16,ema_rho_0.25,0.7448863636363635,0.8687186941901702,48
gov_report:86,gov_report,14,4,16,ema_rho_0.5,0.7586174242424244,0.8847418969491088,48
gov_report:86,gov_report,14,4,16,ema_rho_0.8,0.7763257575757576,0.9027083877276113,48
gov_report:86,gov_report,14,4,16,ema_rho_0.9,0.7737689393939394,0.9003317276033025,48
gov_report:86,gov_report,14,4,16,ema_rho_0.95,0.7604166666666666,0.888151450351739,48
gov_report:86,gov_report,14,4,16,ema_rho_0.99,0.7339962121212121,0.8460773686764383,48
gov_report:86,gov_report,14,4,16,ema_rho_0.995,0.7089015151515152,0.8193470534664087,48
gov_report:86,gov_report,14,4,16,ema_rho_0.999,0.6669507575757576,0.7585757945100955,48
gov_report:86,gov_report,14,4,32,ema_rho_0,0.7375,0.8561391746728017,32
gov_report:86,gov_report,14,4,32,ema_rho_0.25,0.7487215909090909,0.8709795963079523,32
gov_report:86,gov_report,14,4,32,ema_rho_0.5,0.759375,0.8813603542439615,32
gov_report:86,gov_report,14,4,32,ema_rho_0.8,0.7646306818181818,0.887107470988702,32
gov_report:86,gov_report,14,4,32,ema_rho_0.9,0.7524147727272728,0.8797909011339253,32
gov_report:86,gov_report,14,4,32,ema_rho_0.95,0.7397727272727272,0.8684534383403515,32
gov_report:86,gov_report,14,4,32,ema_rho_0.99,0.7181818181818183,0.8263309532709727,32
gov_report:86,gov_report,14,4,32,ema_rho_0.995,0.6970170454545455,0.8014916029669752,32
gov_report:86,gov_report,14,4,32,ema_rho_0.999,0.6684659090909091,0.7544262370689666,32
gov_report:86,gov_report,14,5,1,ema_rho_0,0.7605339105339105,0.8810931943607425,63
gov_report:86,gov_report,14,5,1,ema_rho_0.25,0.7588023088023088,0.8771116950902511,63
gov_report:86,gov_report,14,5,1,ema_rho_0.5,0.746825396825397,0.8609566764536082,63
gov_report:86,gov_report,14,5,1,ema_rho_0.8,0.6992063492063493,0.807102663225778,63
gov_report:86,gov_report,14,5,1,ema_rho_0.9,0.6564935064935067,0.7541091543149845,63
gov_report:86,gov_report,14,5,1,ema_rho_0.95,0.6041847041847042,0.6889381864291629,63
gov_report:86,gov_report,14,5,1,ema_rho_0.99,0.48477633477633475,0.5216428038100835,63
gov_report:86,gov_report,14,5,1,ema_rho_0.995,0.4545454545454546,0.46080191659165004,63
gov_report:86,gov_report,14,5,1,ema_rho_0.999,0.4197691197691198,0.374557691379102,63
gov_report:86,gov_report,14,5,4,ema_rho_0,0.7034848484848485,0.8141541086613556,60
gov_report:86,gov_report,14,5,4,ema_rho_0.25,0.7050757575757577,0.8168312752391409,60
gov_report:86,gov_report,14,5,4,ema_rho_0.5,0.699621212121212,0.8123460043769707,60
gov_report:86,gov_report,14,5,4,ema_rho_0.8,0.675530303030303,0.7858364866908336,60
gov_report:86,gov_report,14,5,4,ema_rho_0.9,0.6446969696969697,0.7482218378487102,60
gov_report:86,gov_report,14,5,4,ema_rho_0.95,0.5988636363636365,0.6930363318003157,60
gov_report:86,gov_report,14,5,4,ema_rho_0.99,0.48431818181818187,0.536515483507985,60
gov_report:86,gov_report,14,5,4,ema_rho_0.995,0.45696969696969697,0.4775553115111343,60
gov_report:86,gov_report,14,5,4,ema_rho_0.999,0.42272727272727273,0.39393597049860485,60
gov_report:86,gov_report,14,5,16,ema_rho_0,0.615625,0.7068262722345541,48
gov_report:86,gov_report,14,5,16,ema_rho_0.25,0.6231060606060607,0.7193713844202968,48
gov_report:86,gov_report,14,5,16,ema_rho_0.5,0.6276515151515151,0.7295497333061371,48
gov_report:86,gov_report,14,5,16,ema_rho_0.8,0.6285037878787879,0.7331806198399019,48
gov_report:86,gov_report,14,5,16,ema_rho_0.9,0.609375,0.70955168811905,48
gov_report:86,gov_report,14,5,16,ema_rho_0.95,0.5677083333333334,0.6635935403665867,48
gov_report:86,gov_report,14,5,16,ema_rho_0.99,0.468371212121212,0.5214931136728972,48
gov_report:86,gov_report,14,5,16,ema_rho_0.995,0.44346590909090916,0.46909824212898915,48
gov_report:86,gov_report,14,5,16,ema_rho_0.999,0.41571969696969696,0.39878493726809955,48
gov_report:86,gov_report,14,5,32,ema_rho_0,0.5488636363636363,0.6237515627664226,32
gov_report:86,gov_report,14,5,32,ema_rho_0.25,0.5565340909090909,0.6366392627662558,32
gov_report:86,gov_report,14,5,32,ema_rho_0.5,0.5562499999999999,0.6478719122583874,32
gov_report:86,gov_report,14,5,32,ema_rho_0.8,0.5484374999999999,0.6516587609807551,32
gov_report:86,gov_report,14,5,32,ema_rho_0.9,0.5235795454545454,0.6262232597195864,32
gov_report:86,gov_report,14,5,32,ema_rho_0.95,0.4883522727272727,0.5782244433618744,32
gov_report:86,gov_report,14,5,32,ema_rho_0.99,0.4117897727272728,0.4545343688702459,32
gov_report:86,gov_report,14,5,32,ema_rho_0.995,0.4004261363636364,0.4152547842007118,32
gov_report:86,gov_report,14,5,32,ema_rho_0.999,0.3765625,0.3684781003268183,32
gov_report:86,gov_report,14,6,1,ema_rho_0,0.7453823953823954,0.8461573921861602,63
gov_report:86,gov_report,14,6,1,ema_rho_0.25,0.7515873015873015,0.8501034734252664,63
gov_report:86,gov_report,14,6,1,ema_rho_0.5,0.7478354978354977,0.8420718506415351,63
gov_report:86,gov_report,14,6,1,ema_rho_0.8,0.7362193362193361,0.8270894490918351,63
gov_report:86,gov_report,14,6,1,ema_rho_0.9,0.7254689754689753,0.8136523768053395,63
gov_report:86,gov_report,14,6,1,ema_rho_0.95,0.7087301587301587,0.7940154327399082,63
gov_report:86,gov_report,14,6,1,ema_rho_0.99,0.6786435786435786,0.7513796875524572,63
gov_report:86,gov_report,14,6,1,ema_rho_0.995,0.6626262626262626,0.7280452014510864,63
gov_report:86,gov_report,14,6,1,ema_rho_0.999,0.6106060606060605,0.6470741982813242,63
gov_report:86,gov_report,14,6,4,ema_rho_0,0.7196212121212119,0.8051634280592668,60
gov_report:86,gov_report,14,6,4,ema_rho_0.25,0.7343181818181818,0.8233300055899259,60
gov_report:86,gov_report,14,6,4,ema_rho_0.5,0.7403030303030302,0.832410060583307,60
gov_report:86,gov_report,14,6,4,ema_rho_0.8,0.7489393939393939,0.8426076793813073,60
gov_report:86,gov_report,14,6,4,ema_rho_0.9,0.7448484848484849,0.8373457533683831,60
gov_report:86,gov_report,14,6,4,ema_rho_0.95,0.7301515151515151,0.820896187218766,60
gov_report:86,gov_report,14,6,4,ema_rho_0.99,0.697348484848485,0.777376444177525,60
gov_report:86,gov_report,14,6,4,ema_rho_0.995,0.6778787878787879,0.7514172199504436,60
gov_report:86,gov_report,14,6,4,ema_rho_0.999,0.6154545454545454,0.6612163971043942,60
gov_report:86,gov_report,14,6,16,ema_rho_0,0.6633522727272728,0.7139525112627605,48
gov_report:86,gov_report,14,6,16,ema_rho_0.25,0.6894886363636363,0.7568137779757524,48
gov_report:86,gov_report,14,6,16,ema_rho_0.5,0.7107007575757575,0.7855915078006799,48
gov_report:86,gov_report,14,6,16,ema_rho_0.8,0.7323863636363637,0.813211492548183,48
gov_report:86,gov_report,14,6,16,ema_rho_0.9,0.7271780303030303,0.8099541864233162,48
gov_report:86,gov_report,14,6,16,ema_rho_0.95,0.7107954545454546,0.7951604074175327,48
gov_report:86,gov_report,14,6,16,ema_rho_0.99,0.6752840909090909,0.7480200266925922,48
gov_report:86,gov_report,14,6,16,ema_rho_0.995,0.6527462121212121,0.7168706337949488,48
gov_report:86,gov_report,14,6,16,ema_rho_0.999,0.5830492424242424,0.6130934050311916,48
gov_report:86,gov_report,14,6,32,ema_rho_0,0.6329545454545454,0.6574589435829603,32
gov_report:86,gov_report,14,6,32,ema_rho_0.25,0.6529829545454545,0.6979194000167805,32
gov_report:86,gov_report,14,6,32,ema_rho_0.5,0.6734375,0.7220237775222274,32
gov_report:86,gov_report,14,6,32,ema_rho_0.8,0.6826704545454545,0.7388346144085612,32
gov_report:86,gov_report,14,6,32,ema_rho_0.9,0.6748579545454545,0.7309621810613687,32
gov_report:86,gov_report,14,6,32,ema_rho_0.95,0.662784090909091,0.716188986709497,32
gov_report:86,gov_report,14,6,32,ema_rho_0.99,0.6259943181818182,0.6634701790910986,32
gov_report:86,gov_report,14,6,32,ema_rho_0.995,0.6018465909090909,0.6290963662046662,32
gov_report:86,gov_report,14,6,32,ema_rho_0.999,0.5366477272727272,0.5284206623287246,32
gov_report:86,gov_report,14,7,1,ema_rho_0,0.7724386724386725,0.8795925629916942,63
gov_report:86,gov_report,14,7,1,ema_rho_0.25,0.7789321789321789,0.8845389238712663,63
gov_report:86,gov_report,14,7,1,ema_rho_0.5,0.7772005772005771,0.8838516359819935,63
gov_report:86,gov_report,14,7,1,ema_rho_0.8,0.7665223665223665,0.8735103417750839,63
gov_report:86,gov_report,14,7,1,ema_rho_0.9,0.7503607503607505,0.8566302595280891,63
gov_report:86,gov_report,14,7,1,ema_rho_0.95,0.7284992784992785,0.8295980670140257,63
gov_report:86,gov_report,14,7,1,ema_rho_0.99,0.6554834054834057,0.7375648766136499,63
gov_report:86,gov_report,14,7,1,ema_rho_0.995,0.6235209235209235,0.6952033637490506,63
gov_report:86,gov_report,14,7,1,ema_rho_0.999,0.5790043290043289,0.6236365769242116,63
gov_report:86,gov_report,14,7,4,ema_rho_0,0.7552272727272729,0.8585777929046315,60
gov_report:86,gov_report,14,7,4,ema_rho_0.25,0.7672727272727273,0.872261065798084,60
gov_report:86,gov_report,14,7,4,ema_rho_0.5,0.7758333333333333,0.8819956143491645,60
gov_report:86,gov_report,14,7,4,ema_rho_0.8,0.7795454545454544,0.8862669542682554,60
gov_report:86,gov_report,14,7,4,ema_rho_0.9,0.7646212121212123,0.8746495104612536,60
gov_report:86,gov_report,14,7,4,ema_rho_0.95,0.7443939393939394,0.8494123255740419,60
gov_report:86,gov_report,14,7,4,ema_rho_0.99,0.6665151515151515,0.7551151058146118,60
gov_report:86,gov_report,14,7,4,ema_rho_0.995,0.633560606060606,0.7112709988276634,60
gov_report:86,gov_report,14,7,4,ema_rho_0.999,0.5873484848484849,0.6379081249112895,60
gov_report:86,gov_report,14,7,16,ema_rho_0,0.7303030303030303,0.8322095045918654,48
gov_report:86,gov_report,14,7,16,ema_rho_0.25,0.7441287878787879,0.8483519766291662,48
gov_report:86,gov_report,14,7,16,ema_rho_0.5,0.756439393939394,0.8609833647478217,48
gov_report:86,gov_report,14,7,16,ema_rho_0.8,0.7634469696969696,0.8703840715639438,48
gov_report:86,gov_report,14,7,16,ema_rho_0.9,0.7513257575757576,0.860595576900415,48
gov_report:86,gov_report,14,7,16,ema_rho_0.95,0.7341856060606059,0.8365403990245666,48
gov_report:86,gov_report,14,7,16,ema_rho_0.99,0.6569128787878787,0.7442998759290594,48
gov_report:86,gov_report,14,7,16,ema_rho_0.995,0.6226325757575757,0.7025627245619234,48
gov_report:86,gov_report,14,7,16,ema_rho_0.999,0.5803030303030302,0.6359117805183861,48
gov_report:86,gov_report,14,7,32,ema_rho_0,0.7004261363636364,0.7996568298548588,32
gov_report:86,gov_report,14,7,32,ema_rho_0.25,0.715625,0.8164201359894561,32
gov_report:86,gov_report,14,7,32,ema_rho_0.5,0.7299715909090909,0.8292742514136202,32
gov_report:86,gov_report,14,7,32,ema_rho_0.8,0.7322443181818182,0.836503497072205,32
gov_report:86,gov_report,14,7,32,ema_rho_0.9,0.7244318181818182,0.8245818464861526,32
gov_report:86,gov_report,14,7,32,ema_rho_0.95,0.7085227272727272,0.7993522011037061,32
gov_report:86,gov_report,14,7,32,ema_rho_0.99,0.6356534090909092,0.7128702810522141,32
gov_report:86,gov_report,14,7,32,ema_rho_0.995,0.6056818181818182,0.6778742332193657,32
gov_report:86,gov_report,14,7,32,ema_rho_0.999,0.5734375,0.6269607088708897,32
gov_report:86,gov_report,15,0,1,ema_rho_0,0.7634199134199134,0.8807171752492639,63
gov_report:86,gov_report,15,0,1,ema_rho_0.25,0.7725108225108225,0.8903164580992845,63
gov_report:86,gov_report,15,0,1,ema_rho_0.5,0.7773448773448773,0.8909613237581309,63
gov_report:86,gov_report,15,0,1,ema_rho_0.8,0.7695526695526695,0.8811262529475895,63
gov_report:86,gov_report,15,0,1,ema_rho_0.9,0.7551948051948053,0.8655041670081842,63
gov_report:86,gov_report,15,0,1,ema_rho_0.95,0.7317460317460318,0.8334286905046591,63
gov_report:86,gov_report,15,0,1,ema_rho_0.99,0.6594516594516595,0.7268718197765608,63
gov_report:86,gov_report,15,0,1,ema_rho_0.995,0.6276334776334777,0.6733474512913932,63
gov_report:86,gov_report,15,0,1,ema_rho_0.999,0.5655122655122654,0.5748743380255367,63
gov_report:86,gov_report,15,0,4,ema_rho_0,0.7597727272727272,0.8736474254095753,60
gov_report:86,gov_report,15,0,4,ema_rho_0.25,0.7762121212121211,0.8914362196500691,60
gov_report:86,gov_report,15,0,4,ema_rho_0.5,0.7869696969696968,0.9004101257088652,60
gov_report:86,gov_report,15,0,4,ema_rho_0.8,0.7976515151515149,0.9055079416637094,60
gov_report:86,gov_report,15,0,4,ema_rho_0.9,0.7916666666666667,0.8952458687091612,60
gov_report:86,gov_report,15,0,4,ema_rho_0.95,0.7661363636363634,0.8630921221054211,60
gov_report:86,gov_report,15,0,4,ema_rho_0.99,0.6762878787878788,0.7474642197739266,60
gov_report:86,gov_report,15,0,4,ema_rho_0.995,0.6390151515151515,0.6896198776246638,60
gov_report:86,gov_report,15,0,4,ema_rho_0.999,0.5726515151515151,0.5854935501610482,60
gov_report:86,gov_report,15,0,16,ema_rho_0,0.7405303030303031,0.8421297062189668,48
gov_report:86,gov_report,15,0,16,ema_rho_0.25,0.7639204545454547,0.8692336498578451,48
gov_report:86,gov_report,15,0,16,ema_rho_0.5,0.7827651515151515,0.8873391376726666,48
gov_report:86,gov_report,15,0,16,ema_rho_0.8,0.8059659090909091,0.8997265986601336,48
gov_report:86,gov_report,15,0,16,ema_rho_0.9,0.7982007575757576,0.8862681281426182,48
gov_report:86,gov_report,15,0,16,ema_rho_0.95,0.7633522727272727,0.8498445223124386,48
gov_report:86,gov_report,15,0,16,ema_rho_0.99,0.6605113636363636,0.7232606367244244,48
gov_report:86,gov_report,15,0,16,ema_rho_0.995,0.6248106060606061,0.6652832175175935,48
gov_report:86,gov_report,15,0,16,ema_rho_0.999,0.5638257575757576,0.5712267778368015,48
gov_report:86,gov_report,15,0,32,ema_rho_0,0.7178977272727273,0.8140828051509053,32
gov_report:86,gov_report,15,0,32,ema_rho_0.25,0.7392045454545455,0.8406846118753598,32
gov_report:86,gov_report,15,0,32,ema_rho_0.5,0.7585227272727273,0.8590548173035997,32
gov_report:86,gov_report,15,0,32,ema_rho_0.8,0.7764204545454545,0.8643244212773961,32
gov_report:86,gov_report,15,0,32,ema_rho_0.9,0.7569602272727273,0.8403525062790718,32
gov_report:86,gov_report,15,0,32,ema_rho_0.95,0.7218749999999999,0.7988472115432668,32
gov_report:86,gov_report,15,0,32,ema_rho_0.99,0.6291193181818182,0.673916287274088,32
gov_report:86,gov_report,15,0,32,ema_rho_0.995,0.6015625,0.6262762291361694,32
gov_report:86,gov_report,15,0,32,ema_rho_0.999,0.5602272727272727,0.5606372240006341,32
gov_report:86,gov_report,15,1,1,ema_rho_0,0.7884559884559883,0.8670699907054934,63
gov_report:86,gov_report,15,1,1,ema_rho_0.25,0.7974747474747473,0.8749146570621464,63
gov_report:86,gov_report,15,1,1,ema_rho_0.5,0.7951659451659453,0.871770864260464,63
gov_report:86,gov_report,15,1,1,ema_rho_0.8,0.7784271284271284,0.8505221232398767,63
gov_report:86,gov_report,15,1,1,ema_rho_0.9,0.7517316017316014,0.811498078463249,63
gov_report:86,gov_report,15,1,1,ema_rho_0.95,0.717965367965368,0.7719082739172592,63
gov_report:86,gov_report,15,1,1,ema_rho_0.99,0.6782106782106782,0.7134770685034525,63
gov_report:86,gov_report,15,1,1,ema_rho_0.995,0.6611111111111111,0.6874638798446722,63
gov_report:86,gov_report,15,1,1,ema_rho_0.999,0.6075757575757577,0.6130847505733991,63
gov_report:86,gov_report,15,1,4,ema_rho_0,0.770151515151515,0.8481478770395399,60
gov_report:86,gov_report,15,1,4,ema_rho_0.25,0.7850757575757575,0.8656671623839357,60
gov_report:86,gov_report,15,1,4,ema_rho_0.5,0.7926515151515152,0.8717917981799048,60
gov_report:86,gov_report,15,1,4,ema_rho_0.8,0.7909848484848484,0.8672960559586183,60
gov_report:86,gov_report,15,1,4,ema_rho_0.9,0.7712121212121212,0.8378255266934735,60
gov_report:86,gov_report,15,1,4,ema_rho_0.95,0.7395454545454546,0.8037361346877296,60
gov_report:86,gov_report,15,1,4,ema_rho_0.99,0.699090909090909,0.7475585508975208,60
gov_report:86,gov_report,15,1,4,ema_rho_0.995,0.6790909090909092,0.7203694726627283,60
gov_report:86,gov_report,15,1,4,ema_rho_0.999,0.6178787878787879,0.6404919452823642,60
gov_report:86,gov_report,15,1,16,ema_rho_0,0.7168560606060607,0.788082765042259,48
gov_report:86,gov_report,15,1,16,ema_rho_0.25,0.7379734848484848,0.8188572655099021,48
gov_report:86,gov_report,15,1,16,ema_rho_0.5,0.7490530303030303,0.8344414175246837,48
gov_report:86,gov_report,15,1,16,ema_rho_0.8,0.759280303030303,0.847228658186968,48
gov_report:86,gov_report,15,1,16,ema_rho_0.9,0.7439393939393938,0.8326519890234003,48
gov_report:86,gov_report,15,1,16,ema_rho_0.95,0.7224431818181819,0.8114767297296774,48
gov_report:86,gov_report,15,1,16,ema_rho_0.99,0.6851325757575757,0.7633378870037898,48
gov_report:86,gov_report,15,1,16,ema_rho_0.995,0.6634469696969697,0.7352595613660987,48
gov_report:86,gov_report,15,1,16,ema_rho_0.999,0.6035037878787878,0.65088652283826,48
gov_report:86,gov_report,15,1,32,ema_rho_0,0.6894886363636364,0.7561139583289578,32
gov_report:86,gov_report,15,1,32,ema_rho_0.25,0.7075284090909091,0.7840649061427252,32
gov_report:86,gov_report,15,1,32,ema_rho_0.5,0.7144886363636364,0.7969740138348992,32
gov_report:86,gov_report,15,1,32,ema_rho_0.8,0.7059659090909091,0.7980269636609486,32
gov_report:86,gov_report,15,1,32,ema_rho_0.9,0.6882102272727273,0.7832544954443661,32
gov_report:86,gov_report,15,1,32,ema_rho_0.95,0.6755681818181818,0.7670733911097138,32
gov_report:86,gov_report,15,1,32,ema_rho_0.99,0.6444602272727273,0.7173662206206319,32
gov_report:86,gov_report,15,1,32,ema_rho_0.995,0.6208806818181818,0.6872032110480266,32
gov_report:86,gov_report,15,1,32,ema_rho_0.999,0.5606534090909091,0.6059671975723822,32
gov_report:86,gov_report,15,2,1,ema_rho_0,0.7972582972582972,0.8866629160083952,63
gov_report:86,gov_report,15,2,1,ema_rho_0.25,0.7992784992784994,0.88884937439258,63
gov_report:86,gov_report,15,2,1,ema_rho_0.5,0.7915584415584417,0.8846742470563536,63
gov_report:86,gov_report,15,2,1,ema_rho_0.8,0.7735209235209235,0.8670318602380614,63
gov_report:86,gov_report,15,2,1,ema_rho_0.9,0.7484848484848486,0.8417082142462977,63
gov_report:86,gov_report,15,2,1,ema_rho_0.95,0.7155844155844157,0.8103833640195334,63
gov_report:86,gov_report,15,2,1,ema_rho_0.99,0.6747474747474749,0.7432976264485902,63
gov_report:86,gov_report,15,2,1,ema_rho_0.995,0.6564213564213562,0.7134740526281601,63
gov_report:86,gov_report,15,2,1,ema_rho_0.999,0.6084415584415584,0.6417787528349329,63
gov_report:86,gov_report,15,2,4,ema_rho_0,0.7778787878787877,0.8669769543861963,60
gov_report:86,gov_report,15,2,4,ema_rho_0.25,0.7866666666666667,0.8818963641966098,60
gov_report:86,gov_report,15,2,4,ema_rho_0.5,0.789469696969697,0.8871752969101532,60
gov_report:86,gov_report,15,2,4,ema_rho_0.8,0.7838636363636364,0.8843303665159621,60
gov_report:86,gov_report,15,2,4,ema_rho_0.9,0.7654545454545456,0.8664014574617369,60
gov_report:86,gov_report,15,2,4,ema_rho_0.95,0.7363636363636364,0.8391038952999268,60
gov_report:86,gov_report,15,2,4,ema_rho_0.99,0.6956060606060606,0.7748150852536919,60
gov_report:86,gov_report,15,2,4,ema_rho_0.995,0.6770454545454547,0.7448175711379444,60
gov_report:86,gov_report,15,2,4,ema_rho_0.999,0.6259090909090909,0.6719054527763091,60
gov_report:86,gov_report,15,2,16,ema_rho_0,0.7579545454545454,0.8502658471701644,48
gov_report:86,gov_report,15,2,16,ema_rho_0.25,0.774810606060606,0.8718803067990102,48
gov_report:86,gov_report,15,2,16,ema_rho_0.5,0.7839015151515151,0.8830984114142826,48
gov_report:86,gov_report,15,2,16,ema_rho_0.8,0.7962121212121213,0.8903425641411983,48
gov_report:86,gov_report,15,2,16,ema_rho_0.9,0.7803030303030303,0.8788503165793621,48
gov_report:86,gov_report,15,2,16,ema_rho_0.95,0.7617424242424242,0.8570681281727852,48
gov_report:86,gov_report,15,2,16,ema_rho_0.99,0.7209280303030304,0.795956639560884,48
gov_report:86,gov_report,15,2,16,ema_rho_0.995,0.6982007575757576,0.7655126048992767,48
gov_report:86,gov_report,15,2,16,ema_rho_0.999,0.6386363636363637,0.6929043122359438,48
gov_report:86,gov_report,15,2,32,ema_rho_0,0.7475852272727272,0.8328450671136713,32
gov_report:86,gov_report,15,2,32,ema_rho_0.25,0.764346590909091,0.855634527978389,32
gov_report:86,gov_report,15,2,32,ema_rho_0.5,0.7755681818181818,0.8666554142551628,32
gov_report:86,gov_report,15,2,32,ema_rho_0.8,0.7713068181818182,0.8649989492022173,32
gov_report:86,gov_report,15,2,32,ema_rho_0.9,0.7546875,0.84894429349889,32
gov_report:86,gov_report,15,2,32,ema_rho_0.95,0.7426136363636364,0.8263057285024109,32
gov_report:86,gov_report,15,2,32,ema_rho_0.99,0.6934659090909091,0.7580885905502515,32
gov_report:86,gov_report,15,2,32,ema_rho_0.995,0.6667613636363636,0.7263785537760601,32
gov_report:86,gov_report,15,2,32,ema_rho_0.999,0.6123579545454546,0.6609612877963493,32
gov_report:86,gov_report,15,3,1,ema_rho_0,0.7448051948051947,0.8417867506413538,63
gov_report:86,gov_report,15,3,1,ema_rho_0.25,0.746031746031746,0.8437756270402026,63
gov_report:86,gov_report,15,3,1,ema_rho_0.5,0.735064935064935,0.8330511220590457,63
gov_report:86,gov_report,15,3,1,ema_rho_0.8,0.7126262626262628,0.8069171194918806,63
gov_report:86,gov_report,15,3,1,ema_rho_0.9,0.691053391053391,0.7808235911657115,63
gov_report:86,gov_report,15,3,1,ema_rho_0.95,0.6716450216450217,0.753650097558849,63
gov_report:86,gov_report,15,3,1,ema_rho_0.99,0.6464646464646464,0.7019260533582501,63
gov_report:86,gov_report,15,3,1,ema_rho_0.995,0.6343434343434344,0.6749582987661579,63
gov_report:86,gov_report,15,3,1,ema_rho_0.999,0.5873737373737373,0.587342056639984,63
gov_report:86,gov_report,15,3,4,ema_rho_0,0.7054545454545453,0.8017243142616295,60
gov_report:86,gov_report,15,3,4,ema_rho_0.25,0.7143181818181819,0.8158454896174117,60
gov_report:86,gov_report,15,3,4,ema_rho_0.5,0.7188636363636365,0.8219268521215838,60
gov_report:86,gov_report,15,3,4,ema_rho_0.8,0.7190151515151515,0.8191161249933459,60
gov_report:86,gov_report,15,3,4,ema_rho_0.9,0.7083333333333335,0.8021772648099686,60
gov_report:86,gov_report,15,3,4,ema_rho_0.95,0.6915909090909093,0.778114434120285,60
gov_report:86,gov_report,15,3,4,ema_rho_0.99,0.6666666666666665,0.7242675547972741,60
gov_report:86,gov_report,15,3,4,ema_rho_0.995,0.6520454545454545,0.6945589757958276,60
gov_report:86,gov_report,15,3,4,ema_rho_0.999,0.6001515151515152,0.5975565401926866,60
gov_report:86,gov_report,15,3,16,ema_rho_0,0.6627840909090909,0.74743299716687,48
gov_report:86,gov_report,15,3,16,ema_rho_0.25,0.6830492424242424,0.7807030091981639,48
gov_report:86,gov_report,15,3,16,ema_rho_0.5,0.696685606060606,0.7986623855974697,48
gov_report:86,gov_report,15,3,16,ema_rho_0.8,0.7117424242424243,0.810634027328755,48
gov_report:86,gov_report,15,3,16,ema_rho_0.9,0.7082386363636365,0.8009727435288045,48
gov_report:86,gov_report,15,3,16,ema_rho_0.95,0.696496212121212,0.7808838489787305,48
gov_report:86,gov_report,15,3,16,ema_rho_0.99,0.6697916666666667,0.722876656213978,48
gov_report:86,gov_report,15,3,16,ema_rho_0.995,0.6492424242424243,0.6885893290039368,48
gov_report:86,gov_report,15,3,16,ema_rho_0.999,0.5856060606060606,0.5800641222393553,48
gov_report:86,gov_report,15,3,32,ema_rho_0,0.659375,0.7329527131412522,32
gov_report:86,gov_report,15,3,32,ema_rho_0.25,0.6767045454545455,0.7600228615928251,32
gov_report:86,gov_report,15,3,32,ema_rho_0.5,0.6842329545454545,0.771562524894731,32
gov_report:86,gov_report,15,3,32,ema_rho_0.8,0.6835227272727273,0.7691997785884357,32
gov_report:86,gov_report,15,3,32,ema_rho_0.9,0.6761363636363636,0.7539868939001687,32
gov_report:86,gov_report,15,3,32,ema_rho_0.95,0.6646306818181817,0.7323735138420974,32
gov_report:86,gov_report,15,3,32,ema_rho_0.99,0.6274147727272728,0.6622792320875952,32
gov_report:86,gov_report,15,3,32,ema_rho_0.995,0.603125,0.6213984819434663,32
gov_report:86,gov_report,15,3,32,ema_rho_0.999,0.5316761363636364,0.5062415778715421,32
gov_report:86,gov_report,15,4,1,ema_rho_0,0.792135642135642,0.8957833684361334,63
gov_report:86,gov_report,15,4,1,ema_rho_0.25,0.8010822510822512,0.9015325911903695,63
gov_report:86,gov_report,15,4,1,ema_rho_0.5,0.7963924963924963,0.8967004184376061,63
gov_report:86,gov_report,15,4,1,ema_rho_0.8,0.7797258297258295,0.8849162637569251,63
gov_report:86,gov_report,15,4,1,ema_rho_0.9,0.7622655122655122,0.8714987227405431,63
gov_report:86,gov_report,15,4,1,ema_rho_0.95,0.7404761904761906,0.8525029019382896,63
gov_report:86,gov_report,15,4,1,ema_rho_0.99,0.7088023088023088,0.8179878975784726,63
gov_report:86,gov_report,15,4,1,ema_rho_0.995,0.6981240981240981,0.8006017697388573,63
gov_report:86,gov_report,15,4,1,ema_rho_0.999,0.6482683982683982,0.7404600576051803,63
gov_report:86,gov_report,15,4,4,ema_rho_0,0.782878787878788,0.8792802342330277,60
gov_report:86,gov_report,15,4,4,ema_rho_0.25,0.7954545454545454,0.8943013163836819,60
gov_report:86,gov_report,15,4,4,ema_rho_0.5,0.8006060606060607,0.8997444149679256,60
gov_report:86,gov_report,15,4,4,ema_rho_0.8,0.7965909090909092,0.900787730404081,60
gov_report:86,gov_report,15,4,4,ema_rho_0.9,0.7811363636363636,0.8904986132823609,60
gov_report:86,gov_report,15,4,4,ema_rho_0.95,0.7578030303030303,0.8719477613295106,60
gov_report:86,gov_report,15,4,4,ema_rho_0.99,0.7200757575757576,0.8346642445943651,60
gov_report:86,gov_report,15,4,4,ema_rho_0.995,0.7067424242424244,0.8151282231574732,60
gov_report:86,gov_report,15,4,4,ema_rho_0.999,0.6478787878787879,0.7484739240319591,60
gov_report:86,gov_report,15,4,16,ema_rho_0,0.7013257575757575,0.8029977042411982,48
gov_report:86,gov_report,15,4,16,ema_rho_0.25,0.7267045454545457,0.8400481127090377,48
gov_report:86,gov_report,15,4,16,ema_rho_0.5,0.7484848484848484,0.8609223174143127,48
gov_report:86,gov_report,15,4,16,ema_rho_0.8,0.7635416666666668,0.8729793997538806,48
gov_report:86,gov_report,15,4,16,ema_rho_0.9,0.7553030303030303,0.8632775960022391,48
gov_report:86,gov_report,15,4,16,ema_rho_0.95,0.7336174242424244,0.8464602199224243,48
gov_report:86,gov_report,15,4,16,ema_rho_0.99,0.6946969696969697,0.8062171334870065,48
gov_report:86,gov_report,15,4,16,ema_rho_0.995,0.678219696969697,0.7834655837311196,48
gov_report:86,gov_report,15,4,16,ema_rho_0.999,0.6101325757575758,0.7091016567332664,48
gov_report:86,gov_report,15,4,32,ema_rho_0,0.6590909090909091,0.7521854648493989,32
gov_report:86,gov_report,15,4,32,ema_rho_0.25,0.6786931818181818,0.7839702738542966,32
gov_report:86,gov_report,15,4,32,ema_rho_0.5,0.6947443181818183,0.8003286846424491,32
gov_report:86,gov_report,15,4,32,ema_rho_0.8,0.6981534090909091,0.8074199884614599,32
gov_report:86,gov_report,15,4,32,ema_rho_0.9,0.6865056818181818,0.7970156939935953,32
gov_report:86,gov_report,15,4,32,ema_rho_0.95,0.6710227272727273,0.7832520547543753,32
gov_report:86,gov_report,15,4,32,ema_rho_0.99,0.6350852272727272,0.7431553699238334,32
gov_report:86,gov_report,15,4,32,ema_rho_0.995,0.6181818181818182,0.719624581964216,32
gov_report:86,gov_report,15,4,32,ema_rho_0.999,0.5667613636363636,0.6498995595353662,32
gov_report:86,gov_report,15,5,1,ema_rho_0,0.7640692640692639,0.8609589638580286,63
gov_report:86,gov_report,15,5,1,ema_rho_0.25,0.7646464646464647,0.8613598274352345,63
gov_report:86,gov_report,15,5,1,ema_rho_0.5,0.7600288600288602,0.853532048544211,63
gov_report:86,gov_report,15,5,1,ema_rho_0.8,0.7342712842712841,0.8214518943485822,63
gov_report:86,gov_report,15,5,1,ema_rho_0.9,0.6984848484848484,0.7751561812974442,63
gov_report:86,gov_report,15,5,1,ema_rho_0.95,0.6619047619047621,0.7122811203918117,63
gov_report:86,gov_report,15,5,1,ema_rho_0.99,0.5785714285714286,0.5640836121392946,63
gov_report:86,gov_report,15,5,1,ema_rho_0.995,0.5608225108225109,0.5202883685377748,63
gov_report:86,gov_report,15,5,1,ema_rho_0.999,0.5413419913419916,0.4668978785485724,63
gov_report:86,gov_report,15,5,4,ema_rho_0,0.7265151515151516,0.8075285013134185,60
gov_report:86,gov_report,15,5,4,ema_rho_0.25,0.7374999999999999,0.8199793582005437,60
gov_report:86,gov_report,15,5,4,ema_rho_0.5,0.7417424242424242,0.8250640473925096,60
gov_report:86,gov_report,15,5,4,ema_rho_0.8,0.7285606060606059,0.8093721822581258,60
gov_report:86,gov_report,15,5,4,ema_rho_0.9,0.6993939393939395,0.7701192305267158,60
gov_report:86,gov_report,15,5,4,ema_rho_0.95,0.6696212121212123,0.7126458865996553,60
gov_report:86,gov_report,15,5,4,ema_rho_0.99,0.5890909090909092,0.5710158665782024,60
gov_report:86,gov_report,15,5,4,ema_rho_0.995,0.5747727272727274,0.5286430521544817,60
gov_report:86,gov_report,15,5,4,ema_rho_0.999,0.5550000000000002,0.47703820863518936,60
gov_report:86,gov_report,15,5,16,ema_rho_0,0.6598484848484848,0.7113706070744948,48
gov_report:86,gov_report,15,5,16,ema_rho_0.25,0.6732954545454546,0.7306205933484723,48
gov_report:86,gov_report,15,5,16,ema_rho_0.5,0.681060606060606,0.7418680887394506,48
gov_report:86,gov_report,15,5,16,ema_rho_0.8,0.6773674242424241,0.7371635472735393,48
gov_report:86,gov_report,15,5,16,ema_rho_0.9,0.6641098484848484,0.7124571063350894,48
gov_report:86,gov_report,15,5,16,ema_rho_0.95,0.6537878787878788,0.6722123358763895,48
gov_report:86,gov_report,15,5,16,ema_rho_0.99,0.6036931818181818,0.5629168645995158,48
gov_report:86,gov_report,15,5,16,ema_rho_0.995,0.5929924242424243,0.5292276264989124,48
gov_report:86,gov_report,15,5,16,ema_rho_0.999,0.5741477272727273,0.48833036515526373,48
gov_report:86,gov_report,15,5,32,ema_rho_0,0.611221590909091,0.6350556295230589,32
gov_report:86,gov_report,15,5,32,ema_rho_0.25,0.6272727272727273,0.6528894972552258,32
gov_report:86,gov_report,15,5,32,ema_rho_0.5,0.6370738636363636,0.6671705526425871,32
gov_report:86,gov_report,15,5,32,ema_rho_0.8,0.6515625,0.6803850203134286,32
gov_report:86,gov_report,15,5,32,ema_rho_0.9,0.6559659090909091,0.6697481032563561,32
gov_report:86,gov_report,15,5,32,ema_rho_0.95,0.6438920454545454,0.6386214059470814,32
gov_report:86,gov_report,15,5,32,ema_rho_0.99,0.6071022727272727,0.5520601810377909,32
gov_report:86,gov_report,15,5,32,ema_rho_0.995,0.5970170454545455,0.5268539346180836,32
gov_report:86,gov_report,15,5,32,ema_rho_0.999,0.5842329545454545,0.4977859882461767,32
gov_report:86,gov_report,15,6,1,ema_rho_0,0.7576479076479077,0.8250057006683349,63
gov_report:86,gov_report,15,6,1,ema_rho_0.25,0.7551226551226551,0.816837884248864,63
gov_report:86,gov_report,15,6,1,ema_rho_0.5,0.7463924963924964,0.8026831628229858,63
gov_report:86,gov_report,15,6,1,ema_rho_0.8,0.7294372294372294,0.7702862742027108,63
gov_report:86,gov_report,15,6,1,ema_rho_0.9,0.7112554112554111,0.7380302950045218,63
gov_report:86,gov_report,15,6,1,ema_rho_0.95,0.6909812409812409,0.7039579734033538,63
gov_report:86,gov_report,15,6,1,ema_rho_0.99,0.6424242424242423,0.636370431805259,63
gov_report:86,gov_report,15,6,1,ema_rho_0.995,0.6197691197691199,0.607154749629721,63
gov_report:86,gov_report,15,6,1,ema_rho_0.999,0.5769841269841272,0.5442867251803281,63
gov_report:86,gov_report,15,6,4,ema_rho_0,0.7120454545454545,0.7561552666473814,60
gov_report:86,gov_report,15,6,4,ema_rho_0.25,0.7171212121212122,0.7618874604167278,60
gov_report:86,gov_report,15,6,4,ema_rho_0.5,0.7213636363636364,0.7653896927239909,60
gov_report:86,gov_report,15,6,4,ema_rho_0.8,0.7268939393939393,0.7630442265478674,60
gov_report:86,gov_report,15,6,4,ema_rho_0.9,0.7154545454545455,0.741910999680633,60
gov_report:86,gov_report,15,6,4,ema_rho_0.95,0.6963636363636362,0.7111213858457666,60
gov_report:86,gov_report,15,6,4,ema_rho_0.99,0.6427272727272727,0.6343388557271434,60
gov_report:86,gov_report,15,6,4,ema_rho_0.995,0.6152272727272727,0.5994826873816514,60
gov_report:86,gov_report,15,6,4,ema_rho_0.999,0.5663636363636364,0.5261287230553987,60
gov_report:86,gov_report,15,6,16,ema_rho_0,0.6767045454545455,0.707257334917981,48
gov_report:86,gov_report,15,6,16,ema_rho_0.25,0.6896780303030302,0.7269364771742396,48
gov_report:86,gov_report,15,6,16,ema_rho_0.5,0.6979166666666666,0.7386610976027939,48
gov_report:86,gov_report,15,6,16,ema_rho_0.8,0.7148674242424242,0.7453153843707971,48
gov_report:86,gov_report,15,6,16,ema_rho_0.9,0.7072916666666665,0.730333508522075,48
gov_report:86,gov_report,15,6,16,ema_rho_0.95,0.6863636363636364,0.7048767068244199,48
gov_report:86,gov_report,15,6,16,ema_rho_0.99,0.6335227272727272,0.6241620449742693,48
gov_report:86,gov_report,15,6,16,ema_rho_0.995,0.6026515151515152,0.5852870315854832,48
gov_report:86,gov_report,15,6,16,ema_rho_0.999,0.5459280303030303,0.506518374848769,48
gov_report:86,gov_report,15,6,32,ema_rho_0,0.6465909090909091,0.6678335293014426,32
gov_report:86,gov_report,15,6,32,ema_rho_0.25,0.6586647727272728,0.6877591770576904,32
gov_report:86,gov_report,15,6,32,ema_rho_0.5,0.6691761363636364,0.7010731751227275,32
gov_report:86,gov_report,15,6,32,ema_rho_0.8,0.6761363636363635,0.7114410736896466,32
gov_report:86,gov_report,15,6,32,ema_rho_0.9,0.670596590909091,0.7026340577947784,32
gov_report:86,gov_report,15,6,32,ema_rho_0.95,0.6586647727272728,0.6796611552852263,32
gov_report:86,gov_report,15,6,32,ema_rho_0.99,0.6147727272727272,0.5988029114567192,32
gov_report:86,gov_report,15,6,32,ema_rho_0.995,0.5876420454545455,0.5600522770445059,32
gov_report:86,gov_report,15,6,32,ema_rho_0.999,0.5365056818181818,0.48671157955802796,32
gov_report:86,gov_report,15,7,1,ema_rho_0,0.6974747474747475,0.7692437660353594,63
gov_report:86,gov_report,15,7,1,ema_rho_0.25,0.6936507936507936,0.7684212999144315,63
gov_report:86,gov_report,15,7,1,ema_rho_0.5,0.682034632034632,0.7531346614601215,63
gov_report:86,gov_report,15,7,1,ema_rho_0.8,0.6512265512265513,0.7138614832688432,63
gov_report:86,gov_report,15,7,1,ema_rho_0.9,0.625974025974026,0.6818854827103854,63
gov_report:86,gov_report,15,7,1,ema_rho_0.95,0.6069985569985571,0.6481750747998501,63
gov_report:86,gov_report,15,7,1,ema_rho_0.99,0.5726551226551225,0.5905598829589382,63
gov_report:86,gov_report,15,7,1,ema_rho_0.995,0.5591630591630592,0.5656633169669748,63
gov_report:86,gov_report,15,7,1,ema_rho_0.999,0.5267676767676768,0.5015577486728943,63
gov_report:86,gov_report,15,7,4,ema_rho_0,0.6492424242424243,0.7119660729087877,60
gov_report:86,gov_report,15,7,4,ema_rho_0.25,0.6562121212121212,0.7265679755844475,60
gov_report:86,gov_report,15,7,4,ema_rho_0.5,0.6600757575757578,0.7310702334786363,60
gov_report:86,gov_report,15,7,4,ema_rho_0.8,0.653030303030303,0.7253606409332988,60
gov_report:86,gov_report,15,7,4,ema_rho_0.9,0.6371969696969696,0.7078923458056302,60
gov_report:86,gov_report,15,7,4,ema_rho_0.95,0.6208333333333333,0.6806789353696708,60
gov_report:86,gov_report,15,7,4,ema_rho_0.99,0.5896969696969697,0.6265513982302507,60
gov_report:86,gov_report,15,7,4,ema_rho_0.995,0.5761363636363637,0.6005856972620229,60
gov_report:86,gov_report,15,7,4,ema_rho_0.999,0.5388636363636363,0.5310338035001659,60
gov_report:86,gov_report,15,7,16,ema_rho_0,0.5989583333333334,0.6382897153244046,48
gov_report:86,gov_report,15,7,16,ema_rho_0.25,0.612310606060606,0.6735046098390628,48
gov_report:86,gov_report,15,7,16,ema_rho_0.5,0.6268939393939393,0.6988294176238355,48
gov_report:86,gov_report,15,7,16,ema_rho_0.8,0.6473484848484848,0.7264947643921152,48
gov_report:86,gov_report,15,7,16,ema_rho_0.9,0.6424242424242425,0.723760854158439,48
gov_report:86,gov_report,15,7,16,ema_rho_0.95,0.6301136363636364,0.7084852436089988,48
gov_report:86,gov_report,15,7,16,ema_rho_0.99,0.6119318181818182,0.6622303122467132,48
gov_report:86,gov_report,15,7,16,ema_rho_0.995,0.593655303030303,0.6358596406542805,48
gov_report:86,gov_report,15,7,16,ema_rho_0.999,0.549810606060606,0.5673792150725454,48
gov_report:86,gov_report,15,7,32,ema_rho_0,0.5863636363636364,0.6213302435736767,32
gov_report:86,gov_report,15,7,32,ema_rho_0.25,0.6034090909090909,0.6583121635215886,32
gov_report:86,gov_report,15,7,32,ema_rho_0.5,0.621875,0.6855699524081246,32
gov_report:86,gov_report,15,7,32,ema_rho_0.8,0.6340909090909091,0.7092562720634983,32
gov_report:86,gov_report,15,7,32,ema_rho_0.9,0.6241477272727273,0.7052636541919236,32
gov_report:86,gov_report,15,7,32,ema_rho_0.95,0.6151988636363637,0.6930988727465309,32
gov_report:86,gov_report,15,7,32,ema_rho_0.99,0.6011363636363636,0.645891806985121,32
gov_report:86,gov_report,15,7,32,ema_rho_0.995,0.5859375,0.6203120192828394,32
gov_report:86,gov_report,15,7,32,ema_rho_0.999,0.5498579545454545,0.5634950212808103,32
gov_report:86,gov_report,21,0,1,ema_rho_0,0.7337662337662337,0.8532958187520073,63
gov_report:86,gov_report,21,0,1,ema_rho_0.25,0.7236652236652237,0.8404997895875196,63
gov_report:86,gov_report,21,0,1,ema_rho_0.5,0.702092352092352,0.8158692407865167,63
gov_report:86,gov_report,21,0,1,ema_rho_0.8,0.6504329004329005,0.7532651450608662,63
gov_report:86,gov_report,21,0,1,ema_rho_0.9,0.6054112554112555,0.6948599549514937,63
gov_report:86,gov_report,21,0,1,ema_rho_0.95,0.557936507936508,0.6252613678484052,63
gov_report:86,gov_report,21,0,1,ema_rho_0.99,0.4495670995670996,0.454844234125129,63
gov_report:86,gov_report,21,0,1,ema_rho_0.995,0.4248196248196249,0.40186754060176794,63
gov_report:86,gov_report,21,0,1,ema_rho_0.999,0.41240981240981245,0.33682181138209527,63
gov_report:86,gov_report,21,0,4,ema_rho_0,0.6552272727272727,0.7636620854873217,60
gov_report:86,gov_report,21,0,4,ema_rho_0.25,0.6567424242424243,0.7657041392986877,60
gov_report:86,gov_report,21,0,4,ema_rho_0.5,0.6544696969696968,0.761918965636981,60
gov_report:86,gov_report,21,0,4,ema_rho_0.8,0.631818181818182,0.7310202484507177,60
gov_report:86,gov_report,21,0,4,ema_rho_0.9,0.5972727272727273,0.6869068595410309,60
gov_report:86,gov_report,21,0,4,ema_rho_0.95,0.5549999999999999,0.6250682940492177,60
gov_report:86,gov_report,21,0,4,ema_rho_0.99,0.4510606060606061,0.45898317759704016,60
gov_report:86,gov_report,21,0,4,ema_rho_0.995,0.4286363636363637,0.40614174754681787,60
gov_report:86,gov_report,21,0,4,ema_rho_0.999,0.41590909090909095,0.3415151707792969,60
gov_report:86,gov_report,21,0,16,ema_rho_0,0.556155303030303,0.641283839399595,48
gov_report:86,gov_report,21,0,16,ema_rho_0.25,0.5641098484848485,0.6570793445426513,48
gov_report:86,gov_report,21,0,16,ema_rho_0.5,0.5701704545454546,0.666905266208831,48
gov_report:86,gov_report,21,0,16,ema_rho_0.8,0.5677083333333334,0.6616636917896814,48
gov_report:86,gov_report,21,0,16,ema_rho_0.9,0.5544507575757576,0.6375165719358628,48
gov_report:86,gov_report,21,0,16,ema_rho_0.95,0.5258522727272728,0.5941257376566388,48
gov_report:86,gov_report,21,0,16,ema_rho_0.99,0.4543560606060606,0.45716342415843786,48
gov_report:86,gov_report,21,0,16,ema_rho_0.995,0.4360795454545454,0.4120376487276253,48
gov_report:86,gov_report,21,0,16,ema_rho_0.999,0.42547348484848485,0.3580274451034235,48
gov_report:86,gov_report,21,0,32,ema_rho_0,0.5001420454545455,0.560047743070781,32
gov_report:86,gov_report,21,0,32,ema_rho_0.25,0.5080965909090909,0.5768179646320518,32
gov_report:86,gov_report,21,0,32,ema_rho_0.5,0.5137784090909091,0.5922572701036679,32
gov_report:86,gov_report,21,0,32,ema_rho_0.8,0.525,0.6118804840467371,32
gov_report:86,gov_report,21,0,32,ema_rho_0.9,0.5242897727272727,0.6012469032972199,32
gov_report:86,gov_report,21,0,32,ema_rho_0.95,0.4988636363636364,0.559373804884108,32
gov_report:86,gov_report,21,0,32,ema_rho_0.99,0.43806818181818186,0.4363575829235986,32
gov_report:86,gov_report,21,0,32,ema_rho_0.995,0.42911931818181814,0.40077380861450135,32
gov_report:86,gov_report,21,0,32,ema_rho_0.999,0.4248579545454545,0.3614090149357645,32
gov_report:86,gov_report,21,1,1,ema_rho_0,0.7766955266955264,0.8783231009141516,63
gov_report:86,gov_report,21,1,1,ema_rho_0.25,0.7790764790764789,0.8799888760790491,63
gov_report:86,gov_report,21,1,1,ema_rho_0.5,0.7706349206349206,0.8722005958021238,63
gov_report:86,gov_report,21,1,1,ema_rho_0.8,0.7501443001443002,0.8536792743320158,63
gov_report:86,gov_report,21,1,1,ema_rho_0.9,0.7303030303030306,0.8358900781801628,63
gov_report:86,gov_report,21,1,1,ema_rho_0.95,0.6999278499278501,0.8046953848293721,63
gov_report:86,gov_report,21,1,1,ema_rho_0.99,0.6413419913419913,0.7344368592892909,63
gov_report:86,gov_report,21,1,1,ema_rho_0.995,0.6155122655122655,0.7016763694154441,63
gov_report:86,gov_report,21,1,1,ema_rho_0.999,0.5625541125541127,0.6257011439926384,63
gov_report:86,gov_report,21,1,4,ema_rho_0,0.7387878787878787,0.8424701418203125,60
gov_report:86,gov_report,21,1,4,ema_rho_0.25,0.7492424242424243,0.8543399719108808,60
gov_report:86,gov_report,21,1,4,ema_rho_0.5,0.7537878787878789,0.8615067377995692,60
gov_report:86,gov_report,21,1,4,ema_rho_0.8,0.7549242424242423,0.8672655264991781,60
gov_report:86,gov_report,21,1,4,ema_rho_0.9,0.7424999999999999,0.858420504618376,60
gov_report:86,gov_report,21,1,4,ema_rho_0.95,0.7153787878787878,0.8300448202599777,60
gov_report:86,gov_report,21,1,4,ema_rho_0.99,0.6526515151515152,0.7605993743780409,60
gov_report:86,gov_report,21,1,4,ema_rho_0.995,0.6237878787878788,0.726820477109031,60
gov_report:86,gov_report,21,1,4,ema_rho_0.999,0.5665151515151515,0.6488639045553419,60
gov_report:86,gov_report,21,1,16,ema_rho_0,0.6910037878787879,0.7961726530912084,48
gov_report:86,gov_report,21,1,16,ema_rho_0.25,0.7101325757575757,0.8211308369179243,48
gov_report:86,gov_report,21,1,16,ema_rho_0.5,0.7309659090909091,0.843712530312609,48
gov_report:86,gov_report,21,1,16,ema_rho_0.8,0.7533143939393939,0.8695617993826277,48
gov_report:86,gov_report,21,1,16,ema_rho_0.9,0.7422348484848484,0.8631308189825285,48
gov_report:86,gov_report,21,1,16,ema_rho_0.95,0.7139204545454545,0.8369008245357694,48
gov_report:86,gov_report,21,1,16,ema_rho_0.99,0.6484848484848484,0.7706414114183509,48
gov_report:86,gov_report,21,1,16,ema_rho_0.995,0.6163825757575757,0.7368976476388904,48
gov_report:86,gov_report,21,1,16,ema_rho_0.999,0.5615530303030303,0.664171845252355,48
gov_report:86,gov_report,21,1,32,ema_rho_0,0.6815340909090909,0.7924484514171654,32
gov_report:86,gov_report,21,1,32,ema_rho_0.25,0.7000000000000001,0.8164163646770994,32
gov_report:86,gov_report,21,1,32,ema_rho_0.5,0.7157670454545455,0.8350518943177712,32
gov_report:86,gov_report,21,1,32,ema_rho_0.8,0.7197443181818182,0.8429528358283136,32
gov_report:86,gov_report,21,1,32,ema_rho_0.9,0.6937500000000001,0.8260723156823616,32
gov_report:86,gov_report,21,1,32,ema_rho_0.95,0.6688920454545454,0.8033153173057521,32
gov_report:86,gov_report,21,1,32,ema_rho_0.99,0.6176136363636363,0.7452194352759689,32
gov_report:86,gov_report,21,1,32,ema_rho_0.995,0.5957386363636363,0.7174911965961032,32
gov_report:86,gov_report,21,1,32,ema_rho_0.999,0.561221590909091,0.6666074850044645,32
gov_report:86,gov_report,21,2,1,ema_rho_0,0.8327561327561327,0.9233856430074339,63
gov_report:86,gov_report,21,2,1,ema_rho_0.25,0.8292929292929295,0.9233350729117658,63
gov_report:86,gov_report,21,2,1,ema_rho_0.5,0.8223665223665223,0.9177728421193455,63
gov_report:86,gov_report,21,2,1,ema_rho_0.8,0.8002886002886004,0.9016124156790648,63
gov_report:86,gov_report,21,2,1,ema_rho_0.9,0.7751803751803752,0.8791172641059102,63
gov_report:86,gov_report,21,2,1,ema_rho_0.95,0.7483405483405484,0.8494123400250897,63
gov_report:86,gov_report,21,2,1,ema_rho_0.99,0.709018759018759,0.7805969708773616,63
gov_report:86,gov_report,21,2,1,ema_rho_0.995,0.6919191919191918,0.7498876676774049,63
gov_report:86,gov_report,21,2,1,ema_rho_0.999,0.637373737373737,0.6777779927486145,63
gov_report:86,gov_report,21,2,4,ema_rho_0,0.809469696969697,0.9073505010601285,60
gov_report:86,gov_report,21,2,4,ema_rho_0.25,0.8178787878787879,0.914728964458297,60
gov_report:86,gov_report,21,2,4,ema_rho_0.5,0.8200000000000001,0.9159919294469153,60
gov_report:86,gov_report,21,2,4,ema_rho_0.8,0.8116666666666668,0.9095238708813811,60
gov_report:86,gov_report,21,2,4,ema_rho_0.9,0.7870454545454544,0.8896325543234921,60
gov_report:86,gov_report,21,2,4,ema_rho_0.95,0.761439393939394,0.8604221573570772,60
gov_report:86,gov_report,21,2,4,ema_rho_0.99,0.7168181818181818,0.7909015390833826,60
gov_report:86,gov_report,21,2,4,ema_rho_0.995,0.6985606060606062,0.759462525274182,60
gov_report:86,gov_report,21,2,4,ema_rho_0.999,0.6382575757575757,0.6851282942312786,60
gov_report:86,gov_report,21,2,16,ema_rho_0,0.7740530303030303,0.8764042422294455,48
gov_report:86,gov_report,21,2,16,ema_rho_0.25,0.7873106060606062,0.8920587487917295,48
gov_report:86,gov_report,21,2,16,ema_rho_0.5,0.7952651515151515,0.898493632965247,48
gov_report:86,gov_report,21,2,16,ema_rho_0.8,0.7963068181818181,0.8966703192848193,48
gov_report:86,gov_report,21,2,16,ema_rho_0.9,0.7742424242424243,0.8782814390591644,48
gov_report:86,gov_report,21,2,16,ema_rho_0.95,0.753030303030303,0.8511908810198537,48
gov_report:86,gov_report,21,2,16,ema_rho_0.99,0.7120265151515152,0.7841951908836741,48
gov_report:86,gov_report,21,2,16,ema_rho_0.995,0.6921401515151514,0.7528653932328545,48
gov_report:86,gov_report,21,2,16,ema_rho_0.999,0.6266098484848485,0.6791261216388843,48
gov_report:86,gov_report,21,2,32,ema_rho_0,0.7414772727272727,0.8533591507803466,32
gov_report:86,gov_report,21,2,32,ema_rho_0.25,0.7532670454545455,0.869843520386245,32
gov_report:86,gov_report,21,2,32,ema_rho_0.5,0.7542613636363635,0.873129072077552,32
gov_report:86,gov_report,21,2,32,ema_rho_0.8,0.7394886363636364,0.8613808684872842,32
gov_report:86,gov_report,21,2,32,ema_rho_0.9,0.7224431818181818,0.8395049507911477,32
gov_report:86,gov_report,21,2,32,ema_rho_0.95,0.7075284090909091,0.8140909428759238,32
gov_report:86,gov_report,21,2,32,ema_rho_0.99,0.6789772727272727,0.7486213795760515,32
gov_report:86,gov_report,21,2,32,ema_rho_0.995,0.659375,0.7184053133773767,32
gov_report:86,gov_report,21,2,32,ema_rho_0.999,0.6059659090909091,0.6534117235639939,32
gov_report:86,gov_report,21,3,1,ema_rho_0,0.8256854256854258,0.9196254613895233,63
gov_report:86,gov_report,21,3,1,ema_rho_0.25,0.8245310245310246,0.9189259530559886,63
gov_report:86,gov_report,21,3,1,ema_rho_0.5,0.8172438672438672,0.9118800118256631,63
gov_report:86,gov_report,21,3,1,ema_rho_0.8,0.7944444444444445,0.8889215048313964,63
gov_report:86,gov_report,21,3,1,ema_rho_0.9,0.7737373737373737,0.8663123706852518,63
gov_report:86,gov_report,21,3,1,ema_rho_0.95,0.7502164502164501,0.8391042506815374,63
gov_report:86,gov_report,21,3,1,ema_rho_0.99,0.6984848484848484,0.7781725924496501,63
gov_report:86,gov_report,21,3,1,ema_rho_0.995,0.6855699855699856,0.7599166656505322,63
gov_report:86,gov_report,21,3,1,ema_rho_0.999,0.6769841269841268,0.7380709626226483,63
gov_report:86,gov_report,21,3,4,ema_rho_0,0.7942424242424242,0.8866564113595585,60
gov_report:86,gov_report,21,3,4,ema_rho_0.25,0.7993939393939394,0.891988544059197,60
gov_report:86,gov_report,21,3,4,ema_rho_0.5,0.8024999999999999,0.893491812545637,60
gov_report:86,gov_report,21,3,4,ema_rho_0.8,0.796439393939394,0.8874251295121743,60
gov_report:86,gov_report,21,3,4,ema_rho_0.9,0.781060606060606,0.8745020649263374,60
gov_report:86,gov_report,21,3,4,ema_rho_0.95,0.7619696969696972,0.8542981720770217,60
gov_report:86,gov_report,21,3,4,ema_rho_0.99,0.7128030303030304,0.8001472101618454,60
gov_report:86,gov_report,21,3,4,ema_rho_0.995,0.6999242424242424,0.7826677473545394,60
gov_report:86,gov_report,21,3,4,ema_rho_0.999,0.6918939393939393,0.7615601994052227,60
gov_report:86,gov_report,21,3,16,ema_rho_0,0.7516098484848485,0.8398587677496434,48
gov_report:86,gov_report,21,3,16,ema_rho_0.25,0.7604166666666666,0.8504765391624197,48
gov_report:86,gov_report,21,3,16,ema_rho_0.5,0.7702651515151514,0.8594831117293752,48
gov_report:86,gov_report,21,3,16,ema_rho_0.8,0.7777462121212122,0.8712316927401881,48
gov_report:86,gov_report,21,3,16,ema_rho_0.9,0.7786931818181818,0.87266581184397,48
gov_report:86,gov_report,21,3,16,ema_rho_0.95,0.7663825757575756,0.8651247030011072,48
gov_report:86,gov_report,21,3,16,ema_rho_0.99,0.7306818181818181,0.8251154275052142,48
gov_report:86,gov_report,21,3,16,ema_rho_0.995,0.7154356060606061,0.8104833334913844,48
gov_report:86,gov_report,21,3,16,ema_rho_0.999,0.709090909090909,0.792880713834562,48
gov_report:86,gov_report,21,3,32,ema_rho_0,0.743465909090909,0.8291005431308844,32
gov_report:86,gov_report,21,3,32,ema_rho_0.25,0.7548295454545455,0.8419568854365878,32
gov_report:86,gov_report,21,3,32,ema_rho_0.5,0.7661931818181819,0.8548700371924534,32
gov_report:86,gov_report,21,3,32,ema_rho_0.8,0.7792613636363637,0.8745984279288253,32
gov_report:86,gov_report,21,3,32,ema_rho_0.9,0.7842329545454545,0.8787985731027137,32
gov_report:86,gov_report,21,3,32,ema_rho_0.95,0.7761363636363636,0.871285575015782,32
gov_report:86,gov_report,21,3,32,ema_rho_0.99,0.7414772727272727,0.8351937495398674,32
gov_report:86,gov_report,21,3,32,ema_rho_0.995,0.728125,0.8237790938997227,32
gov_report:86,gov_report,21,3,32,ema_rho_0.999,0.7251420454545454,0.8110500875201379,32
gov_report:86,gov_report,21,4,1,ema_rho_0,0.8345598845598846,0.9337990701558144,63
gov_report:86,gov_report,21,4,1,ema_rho_0.25,0.8369408369408372,0.9385454627297266,63
gov_report:86,gov_report,21,4,1,ema_rho_0.5,0.8281385281385283,0.9353055926281111,63
gov_report:86,gov_report,21,4,1,ema_rho_0.8,0.8051226551226549,0.9188032287533884,63
gov_report:86,gov_report,21,4,1,ema_rho_0.9,0.7781385281385281,0.8971643835745092,63
gov_report:86,gov_report,21,4,1,ema_rho_0.95,0.7450216450216451,0.8677115895745587,63
gov_report:86,gov_report,21,4,1,ema_rho_0.99,0.7062049062049064,0.822404573888405,63
gov_report:86,gov_report,21,4,1,ema_rho_0.995,0.6898989898989899,0.8033424191075196,63
gov_report:86,gov_report,21,4,1,ema_rho_0.999,0.638023088023088,0.7418184781596036,63
gov_report:86,gov_report,21,4,4,ema_rho_0,0.8153030303030301,0.9223687085051683,60
gov_report:86,gov_report,21,4,4,ema_rho_0.25,0.8237121212121211,0.9317839379944769,60
gov_report:86,gov_report,21,4,4,ema_rho_0.5,0.8212121212121214,0.9328206802939651,60
gov_report:86,gov_report,21,4,4,ema_rho_0.8,0.8053787878787878,0.9240693600529307,60
gov_report:86,gov_report,21,4,4,ema_rho_0.9,0.7823484848484846,0.9055819052826907,60
gov_report:86,gov_report,21,4,4,ema_rho_0.95,0.7481818181818183,0.8772712002661751,60
gov_report:86,gov_report,21,4,4,ema_rho_0.99,0.7107575757575757,0.8316362058604874,60
gov_report:86,gov_report,21,4,4,ema_rho_0.995,0.6928787878787878,0.8114831611209586,60
gov_report:86,gov_report,21,4,4,ema_rho_0.999,0.6373484848484848,0.7461856382175971,60
gov_report:86,gov_report,21,4,16,ema_rho_0,0.7602272727272726,0.8794121671918173,48
gov_report:86,gov_report,21,4,16,ema_rho_0.25,0.7739583333333333,0.8941759588815419,48
gov_report:86,gov_report,21,4,16,ema_rho_0.5,0.7794507575757575,0.900886077856284,48
gov_report:86,gov_report,21,4,16,ema_rho_0.8,0.777840909090909,0.9023951765713036,48
gov_report:86,gov_report,21,4,16,ema_rho_0.9,0.7604166666666666,0.8885389253941884,48
gov_report:86,gov_report,21,4,16,ema_rho_0.95,0.7285037878787879,0.8656590981618947,48
gov_report:86,gov_report,21,4,16,ema_rho_0.99,0.6943181818181818,0.8236905065213603,48
gov_report:86,gov_report,21,4,16,ema_rho_0.995,0.6764204545454545,0.8027511346124515,48
gov_report:86,gov_report,21,4,16,ema_rho_0.999,0.6266098484848485,0.7360150053616463,48
gov_report:86,gov_report,21,4,32,ema_rho_0,0.7132102272727273,0.8423296046942043,32
gov_report:86,gov_report,21,4,32,ema_rho_0.25,0.7257102272727272,0.8579702701171772,32
gov_report:86,gov_report,21,4,32,ema_rho_0.5,0.7295454545454545,0.8634358272029838,32
gov_report:86,gov_report,21,4,32,ema_rho_0.8,0.7160511363636364,0.8561907407325973,32
gov_report:86,gov_report,21,4,32,ema_rho_0.9,0.6951704545454546,0.8382698832891109,32
gov_report:86,gov_report,21,4,32,ema_rho_0.95,0.6803977272727273,0.8212721410660048,32
gov_report:86,gov_report,21,4,32,ema_rho_0.99,0.6541193181818182,0.7849478499930488,32
gov_report:86,gov_report,21,4,32,ema_rho_0.995,0.6413352272727273,0.7648834969800828,32
gov_report:86,gov_report,21,4,32,ema_rho_0.999,0.5978693181818182,0.7059106836002363,32
gov_report:86,gov_report,21,5,1,ema_rho_0,0.7811688311688312,0.8731426294402647,63
gov_report:86,gov_report,21,5,1,ema_rho_0.25,0.784920634920635,0.8786230535779014,63
gov_report:86,gov_report,21,5,1,ema_rho_0.5,0.7803030303030304,0.8733933486349477,63
gov_report:86,gov_report,21,5,1,ema_rho_0.8,0.7543290043290043,0.850914923019474,63
gov_report:86,gov_report,21,5,1,ema_rho_0.9,0.7282828282828282,0.82247609249362,63
gov_report:86,gov_report,21,5,1,ema_rho_0.95,0.697041847041847,0.7859138549665748,63
gov_report:86,gov_report,21,5,1,ema_rho_0.99,0.646969696969697,0.7246072753618514,63
gov_report:86,gov_report,21,5,1,ema_rho_0.995,0.6286435786435786,0.6996416192887823,63
gov_report:86,gov_report,21,5,1,ema_rho_0.999,0.5905483405483406,0.6373835146324824,63
gov_report:86,gov_report,21,5,4,ema_rho_0,0.7628030303030303,0.8515051229693991,60
gov_report:86,gov_report,21,5,4,ema_rho_0.25,0.7761363636363635,0.8680903327758822,60
gov_report:86,gov_report,21,5,4,ema_rho_0.5,0.7836363636363636,0.8741724595088562,60
gov_report:86,gov_report,21,5,4,ema_rho_0.8,0.7759848484848484,0.8683455095842318,60
gov_report:86,gov_report,21,5,4,ema_rho_0.9,0.7539393939393939,0.8464767115964821,60
gov_report:86,gov_report,21,5,4,ema_rho_0.95,0.722651515151515,0.81318000683497,60
gov_report:86,gov_report,21,5,4,ema_rho_0.99,0.6703030303030303,0.7534623685824514,60
gov_report:86,gov_report,21,5,4,ema_rho_0.995,0.6500757575757575,0.7278258821762059,60
gov_report:86,gov_report,21,5,4,ema_rho_0.999,0.6081060606060606,0.6628948246355159,60
gov_report:86,gov_report,21,5,16,ema_rho_0,0.7130681818181818,0.7988235283067248,48
gov_report:86,gov_report,21,5,16,ema_rho_0.25,0.7335227272727273,0.8234952785894865,48
gov_report:86,gov_report,21,5,16,ema_rho_0.5,0.7505681818181819,0.839610540967317,48
gov_report:86,gov_report,21,5,16,ema_rho_0.8,0.7644886363636364,0.8551314293980911,48
gov_report:86,gov_report,21,5,16,ema_rho_0.9,0.7489583333333334,0.8447956844394054,48
gov_report:86,gov_report,21,5,16,ema_rho_0.95,0.7177083333333334,0.8215885095864209,48
gov_report:86,gov_report,21,5,16,ema_rho_0.99,0.669128787878788,0.769716829237432,48
gov_report:86,gov_report,21,5,16,ema_rho_0.995,0.646685606060606,0.7443921135656041,48
gov_report:86,gov_report,21,5,16,ema_rho_0.999,0.6109848484848485,0.6812121543735951,48
gov_report:86,gov_report,21,5,32,ema_rho_0,0.7029829545454546,0.8087095204218758,32
gov_report:86,gov_report,21,5,32,ema_rho_0.25,0.717471590909091,0.8311015462751574,32
gov_report:86,gov_report,21,5,32,ema_rho_0.5,0.7258522727272727,0.8406179561969567,32
gov_report:86,gov_report,21,5,32,ema_rho_0.8,0.7140625,0.8382498584771044,32
gov_report:86,gov_report,21,5,32,ema_rho_0.9,0.6907670454545454,0.821756568505071,32
gov_report:86,gov_report,21,5,32,ema_rho_0.95,0.6707386363636363,0.8032604988574594,32
gov_report:86,gov_report,21,5,32,ema_rho_0.99,0.6255681818181819,0.7534955599199855,32
gov_report:86,gov_report,21,5,32,ema_rho_0.995,0.6105113636363636,0.7296167940720009,32
gov_report:86,gov_report,21,5,32,ema_rho_0.999,0.5869318181818182,0.6770374653660919,32
gov_report:86,gov_report,21,6,1,ema_rho_0,0.8432900432900434,0.9339696349482517,63
gov_report:86,gov_report,21,6,1,ema_rho_0.25,0.8440115440115439,0.9364034473142844,63
gov_report:86,gov_report,21,6,1,ema_rho_0.5,0.8356421356421354,0.931735877533299,63
gov_report:86,gov_report,21,6,1,ema_rho_0.8,0.8127705627705628,0.9147490670951725,63
gov_report:86,gov_report,21,6,1,ema_rho_0.9,0.7854256854256855,0.8870058581549114,63
gov_report:86,gov_report,21,6,1,ema_rho_0.95,0.7455988455988456,0.8410153837392571,63
gov_report:86,gov_report,21,6,1,ema_rho_0.99,0.6678932178932178,0.732049724587103,63
gov_report:86,gov_report,21,6,1,ema_rho_0.995,0.6407647907647909,0.6926647136550516,63
gov_report:86,gov_report,21,6,1,ema_rho_0.999,0.5894660894660894,0.6240564151611585,63
gov_report:86,gov_report,21,6,4,ema_rho_0,0.8239393939393939,0.9237376254825974,60
gov_report:86,gov_report,21,6,4,ema_rho_0.25,0.829318181818182,0.9310762019959794,60
gov_report:86,gov_report,21,6,4,ema_rho_0.5,0.8287878787878786,0.9315491739637971,60
gov_report:86,gov_report,21,6,4,ema_rho_0.8,0.8201515151515153,0.9232198417640369,60
gov_report:86,gov_report,21,6,4,ema_rho_0.9,0.7958333333333335,0.8983693852685131,60
gov_report:86,gov_report,21,6,4,ema_rho_0.95,0.751969696969697,0.8525284253626019,60
gov_report:86,gov_report,21,6,4,ema_rho_0.99,0.6718939393939394,0.742322318717821,60
gov_report:86,gov_report,21,6,4,ema_rho_0.995,0.6443181818181819,0.7023626817772715,60
gov_report:86,gov_report,21,6,4,ema_rho_0.999,0.5917424242424242,0.6336349762758605,60
gov_report:86,gov_report,21,6,16,ema_rho_0,0.7801136363636364,0.8961378199039259,48
gov_report:86,gov_report,21,6,16,ema_rho_0.25,0.7943181818181818,0.9099902603350977,48
gov_report:86,gov_report,21,6,16,ema_rho_0.5,0.8030303030303031,0.9159481188252588,48
gov_report:86,gov_report,21,6,16,ema_rho_0.8,0.8048295454545457,0.9148056119516385,48
gov_report:86,gov_report,21,6,16,ema_rho_0.9,0.7762310606060606,0.8915446139867415,48
gov_report:86,gov_report,21,6,16,ema_rho_0.95,0.7357007575757576,0.8473701482615263,48
gov_report:86,gov_report,21,6,16,ema_rho_0.99,0.6657196969696969,0.7439754625182992,48
gov_report:86,gov_report,21,6,16,ema_rho_0.995,0.6370265151515152,0.7067121869606652,48
gov_report:86,gov_report,21,6,16,ema_rho_0.999,0.5896780303030303,0.646081303596666,48
gov_report:86,gov_report,21,6,32,ema_rho_0,0.7572443181818183,0.876847318748912,32
gov_report:86,gov_report,21,6,32,ema_rho_0.25,0.7698863636363638,0.8910408212745129,32
gov_report:86,gov_report,21,6,32,ema_rho_0.5,0.7740056818181817,0.8948105589762353,32
gov_report:86,gov_report,21,6,32,ema_rho_0.8,0.7590909090909091,0.8809088770599109,32
gov_report:86,gov_report,21,6,32,ema_rho_0.9,0.7286931818181818,0.848141355851593,32
gov_report:86,gov_report,21,6,32,ema_rho_0.95,0.6980113636363636,0.8077089298983635,32
gov_report:86,gov_report,21,6,32,ema_rho_0.99,0.6457386363636364,0.7225750401238367,32
gov_report:86,gov_report,21,6,32,ema_rho_0.995,0.6272727272727272,0.6944741724520618,32
gov_report:86,gov_report,21,6,32,ema_rho_0.999,0.5926136363636363,0.6531264938862059,32
gov_report:86,gov_report,21,7,1,ema_rho_0,0.8417027417027416,0.9397975154865673,63
gov_report:86,gov_report,21,7,1,ema_rho_0.25,0.8420634920634922,0.9437288356454034,63
gov_report:86,gov_report,21,7,1,ema_rho_0.5,0.8326839826839826,0.9408580642530285,63
gov_report:86,gov_report,21,7,1,ema_rho_0.8,0.8098124098124099,0.9261332216021375,63
gov_report:86,gov_report,21,7,1,ema_rho_0.9,0.7805194805194805,0.9021516126680625,63
gov_report:86,gov_report,21,7,1,ema_rho_0.95,0.7384559884559885,0.8640933023085254,63
gov_report:86,gov_report,21,7,1,ema_rho_0.99,0.6710678210678211,0.7808552587666325,63
gov_report:86,gov_report,21,7,1,ema_rho_0.995,0.6424242424242426,0.7453718289759788,63
gov_report:86,gov_report,21,7,1,ema_rho_0.999,0.5868686868686869,0.6679976662510101,63
gov_report:86,gov_report,21,7,4,ema_rho_0,0.8196212121212122,0.9305144933983587,60
gov_report:86,gov_report,21,7,4,ema_rho_0.25,0.8264393939393939,0.9380591239473554,60
gov_report:86,gov_report,21,7,4,ema_rho_0.5,0.8256818181818181,0.9389237090994912,60
gov_report:86,gov_report,21,7,4,ema_rho_0.8,0.8142424242424243,0.9306259299517905,60
gov_report:86,gov_report,21,7,4,ema_rho_0.9,0.7863636363636364,0.9084334788686486,60
gov_report:86,gov_report,21,7,4,ema_rho_0.95,0.7445454545454545,0.8705445497623014,60
gov_report:86,gov_report,21,7,4,ema_rho_0.99,0.671590909090909,0.7857204031599179,60
gov_report:86,gov_report,21,7,4,ema_rho_0.995,0.6401515151515151,0.7490934553951154,60
gov_report:86,gov_report,21,7,4,ema_rho_0.999,0.5803030303030303,0.6700216365814415,60
gov_report:86,gov_report,21,7,16,ema_rho_0,0.7691287878787879,0.8909962474677892,48
gov_report:86,gov_report,21,7,16,ema_rho_0.25,0.7821969696969697,0.9039368509177098,48
gov_report:86,gov_report,21,7,16,ema_rho_0.5,0.7940340909090908,0.9103411176901003,48
gov_report:86,gov_report,21,7,16,ema_rho_0.8,0.7958333333333334,0.9103048144330103,48
gov_report:86,gov_report,21,7,16,ema_rho_0.9,0.7667613636363638,0.8906521241333875,48
gov_report:86,gov_report,21,7,16,ema_rho_0.95,0.7269886363636363,0.8567981246691065,48
gov_report:86,gov_report,21,7,16,ema_rho_0.99,0.6573863636363636,0.7770789178770365,48
gov_report:86,gov_report,21,7,16,ema_rho_0.995,0.6264204545454546,0.7415913071514447,48
gov_report:86,gov_report,21,7,16,ema_rho_0.999,0.5686553030303031,0.668656877971093,48
gov_report:86,gov_report,21,7,32,ema_rho_0,0.7269886363636363,0.8585779166396255,32
gov_report:86,gov_report,21,7,32,ema_rho_0.25,0.7397727272727272,0.8720474379206791,32
gov_report:86,gov_report,21,7,32,ema_rho_0.5,0.7464488636363636,0.8768917271586015,32
gov_report:86,gov_report,21,7,32,ema_rho_0.8,0.7342329545454545,0.865091081190988,32
gov_report:86,gov_report,21,7,32,ema_rho_0.9,0.6997159090909091,0.8393295342174384,32
gov_report:86,gov_report,21,7,32,ema_rho_0.95,0.670028409090909,0.810540520491629,32
gov_report:86,gov_report,21,7,32,ema_rho_0.99,0.6200284090909092,0.7417515908722647,32
gov_report:86,gov_report,21,7,32,ema_rho_0.995,0.5909090909090909,0.7122128535612735,32
gov_report:86,gov_report,21,7,32,ema_rho_0.999,0.5508522727272727,0.6591043745303122,32
gov_report:86,gov_report,27,0,1,ema_rho_0,0.798051948051948,0.9099782082907064,63
gov_report:86,gov_report,27,0,1,ema_rho_0.25,0.8090187590187591,0.9194504189899443,63
gov_report:86,gov_report,27,0,1,ema_rho_0.5,0.8091630591630591,0.9197912068214024,63
gov_report:86,gov_report,27,0,1,ema_rho_0.8,0.7855699855699856,0.9040230375466164,63
gov_report:86,gov_report,27,0,1,ema_rho_0.9,0.7581529581529582,0.8821765680424886,63
gov_report:86,gov_report,27,0,1,ema_rho_0.95,0.7300144300144299,0.8544837883546956,63
gov_report:86,gov_report,27,0,1,ema_rho_0.99,0.6767676767676767,0.784520531546933,63
gov_report:86,gov_report,27,0,1,ema_rho_0.995,0.6531024531024531,0.7518399046142613,63
gov_report:86,gov_report,27,0,1,ema_rho_0.999,0.6243145743145744,0.6937329502013281,63
gov_report:86,gov_report,27,0,4,ema_rho_0,0.7925757575757577,0.9053868049854704,60
gov_report:86,gov_report,27,0,4,ema_rho_0.25,0.8083333333333333,0.9166565595580511,60
gov_report:86,gov_report,27,0,4,ema_rho_0.5,0.8120454545454545,0.9192001297113549,60
gov_report:86,gov_report,27,0,4,ema_rho_0.8,0.7958333333333332,0.9096966071918017,60
gov_report:86,gov_report,27,0,4,ema_rho_0.9,0.7692424242424242,0.8910665820474963,60
gov_report:86,gov_report,27,0,4,ema_rho_0.95,0.7400757575757576,0.8656255722201137,60
gov_report:86,gov_report,27,0,4,ema_rho_0.99,0.6856060606060606,0.7978260819253595,60
gov_report:86,gov_report,27,0,4,ema_rho_0.995,0.6617424242424244,0.7653183531154478,60
gov_report:86,gov_report,27,0,4,ema_rho_0.999,0.6306818181818181,0.7076086161805074,60
gov_report:86,gov_report,27,0,16,ema_rho_0,0.7241477272727272,0.8476527633531772,48
gov_report:86,gov_report,27,0,16,ema_rho_0.25,0.7381628787878789,0.8605682651297206,48
gov_report:86,gov_report,27,0,16,ema_rho_0.5,0.7428977272727272,0.8672887694973971,48
gov_report:86,gov_report,27,0,16,ema_rho_0.8,0.7394886363636365,0.8673956080186146,48
gov_report:86,gov_report,27,0,16,ema_rho_0.9,0.727935606060606,0.857035844643432,48
gov_report:86,gov_report,27,0,16,ema_rho_0.95,0.7140151515151515,0.8409332327492919,48
gov_report:86,gov_report,27,0,16,ema_rho_0.99,0.6775568181818182,0.7873284494642568,48
gov_report:86,gov_report,27,0,16,ema_rho_0.995,0.6564393939393939,0.7598852983622381,48
gov_report:86,gov_report,27,0,16,ema_rho_0.999,0.624715909090909,0.7119303519154542,48
gov_report:86,gov_report,27,0,32,ema_rho_0,0.6754261363636365,0.7914986101773132,32
gov_report:86,gov_report,27,0,32,ema_rho_0.25,0.6869318181818181,0.8040740875477628,32
gov_report:86,gov_report,27,0,32,ema_rho_0.5,0.6927556818181818,0.8127516220962434,32
gov_report:86,gov_report,27,0,32,ema_rho_0.8,0.696590909090909,0.8211001494197531,32
gov_report:86,gov_report,27,0,32,ema_rho_0.9,0.6982954545454545,0.8184961914678175,32
gov_report:86,gov_report,27,0,32,ema_rho_0.95,0.6958806818181819,0.8095513002645112,32
gov_report:86,gov_report,27,0,32,ema_rho_0.99,0.6691761363636363,0.7688003421535268,32
gov_report:86,gov_report,27,0,32,ema_rho_0.995,0.6552556818181818,0.7484120058825781,32
gov_report:86,gov_report,27,0,32,ema_rho_0.999,0.6301136363636364,0.7154589100491315,32
gov_report:86,gov_report,27,1,1,ema_rho_0,0.7907647907647908,0.9196298487960872,63
gov_report:86,gov_report,27,1,1,ema_rho_0.25,0.7977633477633477,0.9237211148408422,63
gov_report:86,gov_report,27,1,1,ema_rho_0.5,0.7922799422799423,0.921208739175815,63
gov_report:86,gov_report,27,1,1,ema_rho_0.8,0.7748196248196247,0.9093999486209492,63
gov_report:86,gov_report,27,1,1,ema_rho_0.9,0.7535353535353536,0.8944104500459222,63
gov_report:86,gov_report,27,1,1,ema_rho_0.95,0.726767676767677,0.8736121721967907,63
gov_report:86,gov_report,27,1,1,ema_rho_0.99,0.6737373737373737,0.8174493405080767,63
gov_report:86,gov_report,27,1,1,ema_rho_0.995,0.647979797979798,0.7909066864519976,63
gov_report:86,gov_report,27,1,1,ema_rho_0.999,0.6063492063492063,0.738464985301712,63
gov_report:86,gov_report,27,1,4,ema_rho_0,0.7626515151515151,0.9007639646736476,60
gov_report:86,gov_report,27,1,4,ema_rho_0.25,0.7777272727272727,0.9127798120492236,60
gov_report:86,gov_report,27,1,4,ema_rho_0.5,0.7866666666666666,0.9201671663674478,60
gov_report:86,gov_report,27,1,4,ema_rho_0.8,0.7889393939393939,0.9212821568262911,60
gov_report:86,gov_report,27,1,4,ema_rho_0.9,0.7726515151515151,0.9114288209173014,60
gov_report:86,gov_report,27,1,4,ema_rho_0.95,0.7501515151515151,0.8932602067957373,60
gov_report:86,gov_report,27,1,4,ema_rho_0.99,0.6931818181818182,0.8385990503017763,60
gov_report:86,gov_report,27,1,4,ema_rho_0.995,0.6659090909090908,0.8119420375770955,60
gov_report:86,gov_report,27,1,4,ema_rho_0.999,0.6211363636363637,0.7593723021229085,60
gov_report:86,gov_report,27,1,16,ema_rho_0,0.7201704545454546,0.8679895588895713,48
gov_report:86,gov_report,27,1,16,ema_rho_0.25,0.7399621212121211,0.887997981259538,48
gov_report:86,gov_report,27,1,16,ema_rho_0.5,0.7540719696969695,0.9014714340159463,48
gov_report:86,gov_report,27,1,16,ema_rho_0.8,0.7617424242424242,0.910290209490293,48
gov_report:86,gov_report,27,1,16,ema_rho_0.9,0.7551136363636365,0.9062990098711667,48
gov_report:86,gov_report,27,1,16,ema_rho_0.95,0.7397727272727274,0.8923033294390624,48
gov_report:86,gov_report,27,1,16,ema_rho_0.99,0.6851325757575758,0.8426756137240643,48
gov_report:86,gov_report,27,1,16,ema_rho_0.995,0.6618371212121212,0.818083512197414,48
gov_report:86,gov_report,27,1,16,ema_rho_0.999,0.625094696969697,0.7715535180380423,48
gov_report:86,gov_report,27,1,32,ema_rho_0,0.7063920454545455,0.8454398867051245,32
gov_report:86,gov_report,27,1,32,ema_rho_0.25,0.7240056818181818,0.8667578742454531,32
gov_report:86,gov_report,27,1,32,ema_rho_0.5,0.7420454545454545,0.8827270717441197,32
gov_report:86,gov_report,27,1,32,ema_rho_0.8,0.7548295454545455,0.8921623669776766,32
gov_report:86,gov_report,27,1,32,ema_rho_0.9,0.7431818181818182,0.8846476121818702,32
gov_report:86,gov_report,27,1,32,ema_rho_0.95,0.7231534090909091,0.8705099509912937,32
gov_report:86,gov_report,27,1,32,ema_rho_0.99,0.6757102272727273,0.8268219005380648,32
gov_report:86,gov_report,27,1,32,ema_rho_0.995,0.6598011363636364,0.8069593274671599,32
gov_report:86,gov_report,27,1,32,ema_rho_0.999,0.6366477272727273,0.7737326138842777,32
gov_report:86,gov_report,27,2,1,ema_rho_0,0.7484126984126986,0.8489195390930364,63
gov_report:86,gov_report,27,2,1,ema_rho_0.25,0.7523809523809524,0.8522748653541734,63
gov_report:86,gov_report,27,2,1,ema_rho_0.5,0.7455266955266955,0.8454603218077278,63
gov_report:86,gov_report,27,2,1,ema_rho_0.8,0.7193362193362193,0.8133438494771855,63
gov_report:86,gov_report,27,2,1,ema_rho_0.9,0.7011544011544012,0.7773688888358836,63
gov_report:86,gov_report,27,2,1,ema_rho_0.95,0.6743145743145742,0.7343798388065653,63
gov_report:86,gov_report,27,2,1,ema_rho_0.99,0.6124819624819626,0.6336189818435548,63
gov_report:86,gov_report,27,2,1,ema_rho_0.995,0.5855699855699854,0.5973473023347032,63
gov_report:86,gov_report,27,2,1,ema_rho_0.999,0.5621933621933621,0.5473316880356456,63
gov_report:86,gov_report,27,2,4,ema_rho_0,0.7142424242424241,0.809975141253812,60
gov_report:86,gov_report,27,2,4,ema_rho_0.25,0.7236363636363635,0.8232998135194475,60
gov_report:86,gov_report,27,2,4,ema_rho_0.5,0.7287121212121211,0.8277394641550033,60
gov_report:86,gov_report,27,2,4,ema_rho_0.8,0.7230303030303031,0.8150995912684866,60
gov_report:86,gov_report,27,2,4,ema_rho_0.9,0.7132575757575758,0.7894543907899292,60
gov_report:86,gov_report,27,2,4,ema_rho_0.95,0.6895454545454545,0.7543332384176927,60
gov_report:86,gov_report,27,2,4,ema_rho_0.99,0.6348484848484849,0.6628639492603157,60
gov_report:86,gov_report,27,2,4,ema_rho_0.995,0.6093939393939396,0.628412077862335,60
gov_report:86,gov_report,27,2,4,ema_rho_0.999,0.5863636363636363,0.5806613979509153,60
gov_report:86,gov_report,27,2,16,ema_rho_0,0.6706439393939393,0.7304761110902223,48
gov_report:86,gov_report,27,2,16,ema_rho_0.25,0.6852272727272727,0.7493190422421514,48
gov_report:86,gov_report,27,2,16,ema_rho_0.5,0.6961174242424244,0.7616451246652981,48
gov_report:86,gov_report,27,2,16,ema_rho_0.8,0.7100378787878787,0.7662165702693575,48
gov_report:86,gov_report,27,2,16,ema_rho_0.9,0.7046401515151516,0.7565851305036037,48
gov_report:86,gov_report,27,2,16,ema_rho_0.95,0.6883522727272728,0.7395210687536413,48
gov_report:86,gov_report,27,2,16,ema_rho_0.99,0.6516098484848485,0.675760499441077,48
gov_report:86,gov_report,27,2,16,ema_rho_0.995,0.6277462121212122,0.64900484075565,48
gov_report:86,gov_report,27,2,16,ema_rho_0.999,0.6049242424242425,0.6121178004243935,48
gov_report:86,gov_report,27,2,32,ema_rho_0,0.6296875000000001,0.6884177320929338,32
gov_report:86,gov_report,27,2,32,ema_rho_0.25,0.6451704545454544,0.709040812149728,32
gov_report:86,gov_report,27,2,32,ema_rho_0.5,0.6598011363636364,0.7253939940960965,32
gov_report:86,gov_report,27,2,32,ema_rho_0.8,0.6789772727272727,0.7400387925093815,32
gov_report:86,gov_report,27,2,32,ema_rho_0.9,0.6818181818181819,0.7397014507828106,32
gov_report:86,gov_report,27,2,32,ema_rho_0.95,0.680965909090909,0.731327188315859,32
gov_report:86,gov_report,27,2,32,ema_rho_0.99,0.6491477272727273,0.6818784303546526,32
gov_report:86,gov_report,27,2,32,ema_rho_0.995,0.6305397727272727,0.6621047849036379,32
gov_report:86,gov_report,27,2,32,ema_rho_0.999,0.6127840909090909,0.6371023260562657,32
gov_report:86,gov_report,27,3,1,ema_rho_0,0.7571428571428571,0.8547694661512041,63
gov_report:86,gov_report,27,3,1,ema_rho_0.25,0.7619047619047619,0.8585368155358838,63
gov_report:86,gov_report,27,3,1,ema_rho_0.5,0.7582972582972585,0.8521412591259223,63
gov_report:86,gov_report,27,3,1,ema_rho_0.8,0.7367243867243868,0.8302785077001851,63
gov_report:86,gov_report,27,3,1,ema_rho_0.9,0.7135642135642136,0.8062562253988484,63
gov_report:86,gov_report,27,3,1,ema_rho_0.95,0.681890331890332,0.7716115811099055,63
gov_report:86,gov_report,27,3,1,ema_rho_0.99,0.6214285714285714,0.6984835921878197,63
gov_report:86,gov_report,27,3,1,ema_rho_0.995,0.604040404040404,0.6713922098818047,63
gov_report:86,gov_report,27,3,1,ema_rho_0.999,0.5782106782106783,0.6227387015024369,63
gov_report:86,gov_report,27,3,4,ema_rho_0,0.7274242424242424,0.8147248212235596,60
gov_report:86,gov_report,27,3,4,ema_rho_0.25,0.741439393939394,0.8292361561057771,60
gov_report:86,gov_report,27,3,4,ema_rho_0.5,0.749318181818182,0.8392433161741158,60
gov_report:86,gov_report,27,3,4,ema_rho_0.8,0.7510606060606062,0.8476053665986082,60
gov_report:86,gov_report,27,3,4,ema_rho_0.9,0.7378030303030304,0.8361019580650086,60
gov_report:86,gov_report,27,3,4,ema_rho_0.95,0.7109848484848486,0.8065766596777678,60
gov_report:86,gov_report,27,3,4,ema_rho_0.99,0.6478030303030302,0.7365765622732515,60
gov_report:86,gov_report,27,3,4,ema_rho_0.995,0.6286363636363638,0.709363678736821,60
gov_report:86,gov_report,27,3,4,ema_rho_0.999,0.6032575757575758,0.6601916340636613,60
gov_report:86,gov_report,27,3,16,ema_rho_0,0.6950757575757575,0.7886251016431256,48
gov_report:86,gov_report,27,3,16,ema_rho_0.25,0.7144886363636364,0.8149230723385146,48
gov_report:86,gov_report,27,3,16,ema_rho_0.5,0.7351325757575758,0.8386029098467253,48
gov_report:86,gov_report,27,3,16,ema_rho_0.8,0.7583333333333333,0.8684864873263775,48
gov_report:86,gov_report,27,3,16,ema_rho_0.9,0.7586174242424243,0.8668541054039248,48
gov_report:86,gov_report,27,3,16,ema_rho_0.95,0.7359848484848485,0.8454046842758042,48
gov_report:86,gov_report,27,3,16,ema_rho_0.99,0.6813446969696969,0.787203579432057,48
gov_report:86,gov_report,27,3,16,ema_rho_0.995,0.6642045454545454,0.7625913630442932,48
gov_report:86,gov_report,27,3,16,ema_rho_0.999,0.6425189393939393,0.7193791337723182,48
gov_report:86,gov_report,27,3,32,ema_rho_0,0.7011363636363637,0.7898625650039204,32
gov_report:86,gov_report,27,3,32,ema_rho_0.25,0.7213068181818182,0.8154124089002427,32
gov_report:86,gov_report,27,3,32,ema_rho_0.5,0.7389204545454545,0.8373318047519314,32
gov_report:86,gov_report,27,3,32,ema_rho_0.8,0.7542613636363636,0.8588471501603726,32
gov_report:86,gov_report,27,3,32,ema_rho_0.9,0.7467329545454544,0.8541889061624983,32
gov_report:86,gov_report,27,3,32,ema_rho_0.95,0.7322443181818181,0.8406699543987766,32
gov_report:86,gov_report,27,3,32,ema_rho_0.99,0.6998579545454545,0.7993240794646531,32
gov_report:86,gov_report,27,3,32,ema_rho_0.995,0.6920454545454545,0.7807320357742518,32
gov_report:86,gov_report,27,3,32,ema_rho_0.999,0.6764204545454546,0.7507667569190666,32
gov_report:86,gov_report,27,4,1,ema_rho_0,0.7984848484848484,0.9029728962687169,63
gov_report:86,gov_report,27,4,1,ema_rho_0.25,0.8026695526695528,0.9070513923314373,63
gov_report:86,gov_report,27,4,1,ema_rho_0.5,0.795021645021645,0.9018708856442987,63
gov_report:86,gov_report,27,4,1,ema_rho_0.8,0.7715728715728716,0.8815263553274583,63
gov_report:86,gov_report,27,4,1,ema_rho_0.9,0.746103896103896,0.8546476542276303,63
gov_report:86,gov_report,27,4,1,ema_rho_0.95,0.7144300144300144,0.8158332451895562,63
gov_report:86,gov_report,27,4,1,ema_rho_0.99,0.6442279942279943,0.7418369386109166,63
gov_report:86,gov_report,27,4,1,ema_rho_0.995,0.6257575757575757,0.7166236420222185,63
gov_report:86,gov_report,27,4,1,ema_rho_0.999,0.5998556998556998,0.6758336816037218,63
gov_report:86,gov_report,27,4,4,ema_rho_0,0.7795454545454545,0.8873530197980162,60
gov_report:86,gov_report,27,4,4,ema_rho_0.25,0.7922727272727272,0.8998777695614009,60
gov_report:86,gov_report,27,4,4,ema_rho_0.5,0.7993181818181818,0.9041574663142122,60
gov_report:86,gov_report,27,4,4,ema_rho_0.8,0.7939393939393938,0.8996878920578965,60
gov_report:86,gov_report,27,4,4,ema_rho_0.9,0.7733333333333333,0.8790796922355341,60
gov_report:86,gov_report,27,4,4,ema_rho_0.95,0.7415909090909091,0.8430064547177998,60
gov_report:86,gov_report,27,4,4,ema_rho_0.99,0.6652272727272729,0.7708202274010585,60
gov_report:86,gov_report,27,4,4,ema_rho_0.995,0.6459848484848485,0.7456765494049106,60
gov_report:86,gov_report,27,4,4,ema_rho_0.999,0.6189393939393941,0.7052296374246247,60
gov_report:86,gov_report,27,4,16,ema_rho_0,0.7398674242424242,0.8564531343071863,48
gov_report:86,gov_report,27,4,16,ema_rho_0.25,0.762689393939394,0.8797307156158659,48
gov_report:86,gov_report,27,4,16,ema_rho_0.5,0.7800189393939393,0.8940219366881662,48
gov_report:86,gov_report,27,4,16,ema_rho_0.8,0.7944128787878788,0.9057570711873041,48
gov_report:86,gov_report,27,4,16,ema_rho_0.9,0.7802083333333334,0.8926353797544545,48
gov_report:86,gov_report,27,4,16,ema_rho_0.95,0.7458333333333332,0.864232198263808,48
gov_report:86,gov_report,27,4,16,ema_rho_0.99,0.6800189393939394,0.8042419598352432,48
gov_report:86,gov_report,27,4,16,ema_rho_0.995,0.6640151515151514,0.7828334984236704,48
gov_report:86,gov_report,27,4,16,ema_rho_0.999,0.6444128787878788,0.7499087369738261,48
gov_report:86,gov_report,27,4,32,ema_rho_0,0.7227272727272727,0.8457003297732726,32
gov_report:86,gov_report,27,4,32,ema_rho_0.25,0.7431818181818182,0.8708176839839272,32
gov_report:86,gov_report,27,4,32,ema_rho_0.5,0.7580965909090909,0.8843466279900309,32
gov_report:86,gov_report,27,4,32,ema_rho_0.8,0.7651988636363637,0.8892159960706819,32
gov_report:86,gov_report,27,4,32,ema_rho_0.9,0.7460227272727272,0.8732552776962197,32
gov_report:86,gov_report,27,4,32,ema_rho_0.95,0.7220170454545455,0.854007569637206,32
gov_report:86,gov_report,27,4,32,ema_rho_0.99,0.6839488636363636,0.8118078782578677,32
gov_report:86,gov_report,27,4,32,ema_rho_0.995,0.6751420454545455,0.7973148802647088,32
gov_report:86,gov_report,27,4,32,ema_rho_0.999,0.6620738636363637,0.7773322686556541,32
gov_report:86,gov_report,27,5,1,ema_rho_0,0.7560606060606061,0.8580314607849975,63
gov_report:86,gov_report,27,5,1,ema_rho_0.25,0.7658730158730157,0.8697970244889834,63
gov_report:86,gov_report,27,5,1,ema_rho_0.5,0.7725108225108225,0.8748816467256904,63
gov_report:86,gov_report,27,5,1,ema_rho_0.8,0.7785714285714286,0.8798072790719511,63
gov_report:86,gov_report,27,5,1,ema_rho_0.9,0.7800865800865803,0.8808830296580292,63
gov_report:86,gov_report,27,5,1,ema_rho_0.95,0.7787878787878788,0.8789860278509785,63
gov_report:86,gov_report,27,5,1,ema_rho_0.99,0.7717171717171716,0.8706098111191377,63
gov_report:86,gov_report,27,5,1,ema_rho_0.995,0.763997113997114,0.8650131473152595,63
gov_report:86,gov_report,27,5,1,ema_rho_0.999,0.7372294372294372,0.8445107639666511,63
gov_report:86,gov_report,27,5,4,ema_rho_0,0.7610606060606061,0.8646963636809789,60
gov_report:86,gov_report,27,5,4,ema_rho_0.25,0.7829545454545453,0.8863765890866286,60
gov_report:86,gov_report,27,5,4,ema_rho_0.5,0.7981818181818183,0.8991336707994934,60
gov_report:86,gov_report,27,5,4,ema_rho_0.8,0.8196969696969697,0.9153871821735393,60
gov_report:86,gov_report,27,5,4,ema_rho_0.9,0.8246969696969697,0.9199204130568209,60
gov_report:86,gov_report,27,5,4,ema_rho_0.95,0.8249242424242422,0.9188473945533322,60
gov_report:86,gov_report,27,5,4,ema_rho_0.99,0.8165909090909091,0.9096877855280127,60
gov_report:86,gov_report,27,5,4,ema_rho_0.995,0.8080303030303031,0.9031735423542915,60
gov_report:86,gov_report,27,5,4,ema_rho_0.999,0.7717424242424243,0.8794575731633905,60
gov_report:86,gov_report,27,5,16,ema_rho_0,0.7637310606060606,0.8675467213077935,48
gov_report:86,gov_report,27,5,16,ema_rho_0.25,0.7912878787878789,0.8936660482039098,48
gov_report:86,gov_report,27,5,16,ema_rho_0.5,0.8135416666666666,0.9101632468443818,48
gov_report:86,gov_report,27,5,16,ema_rho_0.8,0.840530303030303,0.926779123086661,48
gov_report:86,gov_report,27,5,16,ema_rho_0.9,0.8482954545454545,0.929898626882183,48
gov_report:86,gov_report,27,5,16,ema_rho_0.95,0.8482007575757575,0.9281815939681763,48
gov_report:86,gov_report,27,5,16,ema_rho_0.99,0.8321969696969699,0.9184114313048225,48
gov_report:86,gov_report,27,5,16,ema_rho_0.995,0.8219696969696969,0.9114132117466172,48
gov_report:86,gov_report,27,5,16,ema_rho_0.999,0.7805871212121213,0.8866896220357301,48
gov_report:86,gov_report,27,5,32,ema_rho_0,0.7552556818181818,0.8594317678767152,32
gov_report:86,gov_report,27,5,32,ema_rho_0.25,0.7803977272727273,0.88189813083826,32
gov_report:86,gov_report,27,5,32,ema_rho_0.5,0.7990056818181819,0.8980413559656519,32
gov_report:86,gov_report,27,5,32,ema_rho_0.8,0.8264204545454545,0.9132144448781162,32
gov_report:86,gov_report,27,5,32,ema_rho_0.9,0.8291193181818182,0.9144521678752846,32
gov_report:86,gov_report,27,5,32,ema_rho_0.95,0.8251420454545455,0.9121020226911041,32
gov_report:86,gov_report,27,5,32,ema_rho_0.99,0.8058238636363636,0.9012522797404452,32
gov_report:86,gov_report,27,5,32,ema_rho_0.995,0.7947443181818181,0.8936035640396629,32
gov_report:86,gov_report,27,5,32,ema_rho_0.999,0.7563920454545454,0.8700090269047245,32
gov_report:86,gov_report,27,6,1,ema_rho_0,0.5942279942279942,0.7114536674693772,63
gov_report:86,gov_report,27,6,1,ema_rho_0.25,0.599062049062049,0.721396641183775,63
gov_report:86,gov_report,27,6,1,ema_rho_0.5,0.598989898989899,0.7238950180232414,63
gov_report:86,gov_report,27,6,1,ema_rho_0.8,0.6045454545454546,0.7234908156180626,63
gov_report:86,gov_report,27,6,1,ema_rho_0.9,0.5987012987012987,0.7123450150813959,63
gov_report:86,gov_report,27,6,1,ema_rho_0.95,0.5784271284271284,0.684368214166387,63
gov_report:86,gov_report,27,6,1,ema_rho_0.99,0.5119047619047619,0.5763794585055383,63
gov_report:86,gov_report,27,6,1,ema_rho_0.995,0.4801587301587302,0.528110534089315,63
gov_report:86,gov_report,27,6,1,ema_rho_0.999,0.4296536796536796,0.4417995923391596,63
gov_report:86,gov_report,27,6,4,ema_rho_0,0.5789393939393939,0.6865221349313085,60
gov_report:86,gov_report,27,6,4,ema_rho_0.25,0.5966666666666668,0.7103940004210809,60
gov_report:86,gov_report,27,6,4,ema_rho_0.5,0.6109090909090908,0.7311726456450666,60
gov_report:86,gov_report,27,6,4,ema_rho_0.8,0.6431060606060607,0.763596481273691,60
gov_report:86,gov_report,27,6,4,ema_rho_0.9,0.6446969696969697,0.7623427401233808,60
gov_report:86,gov_report,27,6,4,ema_rho_0.95,0.6261363636363637,0.7360470712911862,60
gov_report:86,gov_report,27,6,4,ema_rho_0.99,0.545909090909091,0.6213389602509165,60
gov_report:86,gov_report,27,6,4,ema_rho_0.995,0.5078030303030303,0.5692557697217839,60
gov_report:86,gov_report,27,6,4,ema_rho_0.999,0.45136363636363624,0.47631225582880543,60
gov_report:86,gov_report,27,6,16,ema_rho_0,0.5839015151515152,0.6968187941182992,48
gov_report:86,gov_report,27,6,16,ema_rho_0.25,0.6107954545454546,0.7332453929447246,48
gov_report:86,gov_report,27,6,16,ema_rho_0.5,0.6344696969696969,0.7648317643671358,48
gov_report:86,gov_report,27,6,16,ema_rho_0.8,0.6772727272727274,0.8082027595996566,48
gov_report:86,gov_report,27,6,16,ema_rho_0.9,0.6841856060606061,0.8092082176554231,48
gov_report:86,gov_report,27,6,16,ema_rho_0.95,0.6670454545454545,0.7807946042692803,48
gov_report:86,gov_report,27,6,16,ema_rho_0.99,0.5752840909090909,0.6615305388305487,48
gov_report:86,gov_report,27,6,16,ema_rho_0.995,0.5303030303030303,0.6099483417088036,48
gov_report:86,gov_report,27,6,16,ema_rho_0.999,0.4783143939393939,0.5222108229783853,48
gov_report:86,gov_report,27,6,32,ema_rho_0,0.5933238636363636,0.7044340590020296,32
gov_report:86,gov_report,27,6,32,ema_rho_0.25,0.6193181818181819,0.7400610684199251,32
gov_report:86,gov_report,27,6,32,ema_rho_0.5,0.6443181818181818,0.7707575744555022,32
gov_report:86,gov_report,27,6,32,ema_rho_0.8,0.6794034090909091,0.8038041578190984,32
gov_report:86,gov_report,27,6,32,ema_rho_0.9,0.6651988636363637,0.7877397440630298,32
gov_report:86,gov_report,27,6,32,ema_rho_0.95,0.6375,0.7490460731805471,32
gov_report:86,gov_report,27,6,32,ema_rho_0.99,0.5572443181818182,0.6377805481396972,32
gov_report:86,gov_report,27,6,32,ema_rho_0.995,0.5231534090909091,0.5953110807851849,32
gov_report:86,gov_report,27,6,32,ema_rho_0.999,0.4870738636363636,0.5294346343155993,32
gov_report:86,gov_report,27,7,1,ema_rho_0,0.8152236652236653,0.9240492275517296,63
gov_report:86,gov_report,27,7,1,ema_rho_0.25,0.8275613275613276,0.9333211053601721,63
gov_report:86,gov_report,27,7,1,ema_rho_0.5,0.8263347763347764,0.9309942918772088,63
gov_report:86,gov_report,27,7,1,ema_rho_0.8,0.8145021645021645,0.9206179887785781,63
gov_report:86,gov_report,27,7,1,ema_rho_0.9,0.8023088023088022,0.9091116180902273,63
gov_report:86,gov_report,27,7,1,ema_rho_0.95,0.7822510822510822,0.8917092097965674,63
gov_report:86,gov_report,27,7,1,ema_rho_0.99,0.739033189033189,0.8472342606507125,63
gov_report:86,gov_report,27,7,1,ema_rho_0.995,0.7202741702741704,0.827654959947849,63
gov_report:86,gov_report,27,7,1,ema_rho_0.999,0.676046176046176,0.784626552920663,63
gov_report:86,gov_report,27,7,4,ema_rho_0,0.8031818181818181,0.9134345075582353,60
gov_report:86,gov_report,27,7,4,ema_rho_0.25,0.8223484848484848,0.9280688762580244,60
gov_report:86,gov_report,27,7,4,ema_rho_0.5,0.8302272727272727,0.9334433178367619,60
gov_report:86,gov_report,27,7,4,ema_rho_0.8,0.8337121212121213,0.9347303368903649,60
gov_report:86,gov_report,27,7,4,ema_rho_0.9,0.8280303030303029,0.9269843126011194,60
gov_report:86,gov_report,27,7,4,ema_rho_0.95,0.8093939393939393,0.9109346390631806,60
gov_report:86,gov_report,27,7,4,ema_rho_0.99,0.7628030303030303,0.8666349412955836,60
gov_report:86,gov_report,27,7,4,ema_rho_0.995,0.7412878787878788,0.8465786373984143,60
gov_report:86,gov_report,27,7,4,ema_rho_0.999,0.6903787878787876,0.8025950400821308,60
gov_report:86,gov_report,27,7,16,ema_rho_0,0.781155303030303,0.8910053067658928,48
gov_report:86,gov_report,27,7,16,ema_rho_0.25,0.8068181818181818,0.9124955434534422,48
gov_report:86,gov_report,27,7,16,ema_rho_0.5,0.8265151515151516,0.9245324731844967,48
gov_report:86,gov_report,27,7,16,ema_rho_0.8,0.8427083333333334,0.9321814020676698,48
gov_report:86,gov_report,27,7,16,ema_rho_0.9,0.8400568181818181,0.927153644988315,48
gov_report:86,gov_report,27,7,16,ema_rho_0.95,0.8232954545454545,0.9145044620346813,48
gov_report:86,gov_report,27,7,16,ema_rho_0.99,0.7773674242424242,0.8754635320230824,48
gov_report:86,gov_report,27,7,16,ema_rho_0.995,0.7565340909090909,0.8568677933886274,48
gov_report:86,gov_report,27,7,16,ema_rho_0.999,0.7066287878787879,0.8171396903960849,48
gov_report:86,gov_report,27,7,32,ema_rho_0,0.7678977272727272,0.8693177547400868,32
gov_report:86,gov_report,27,7,32,ema_rho_0.25,0.7951704545454545,0.8919498246658961,32
gov_report:86,gov_report,27,7,32,ema_rho_0.5,0.8136363636363637,0.9061506814720232,32
gov_report:86,gov_report,27,7,32,ema_rho_0.8,0.8235795454545455,0.9145813656303129,32
gov_report:86,gov_report,27,7,32,ema_rho_0.9,0.8214488636363637,0.9106426506373076,32
gov_report:86,gov_report,27,7,32,ema_rho_0.95,0.8100852272727272,0.9007904059592072,32
gov_report:86,gov_report,27,7,32,ema_rho_0.99,0.7710227272727272,0.8686618308240347,32
gov_report:86,gov_report,27,7,32,ema_rho_0.995,0.7558238636363637,0.8533181431861616,32
gov_report:86,gov_report,27,7,32,ema_rho_0.999,0.7183238636363637,0.8233221697956229,32
synthetic_niah_86,niah_single_1,0,0,1,ema_rho_0,0.6881673881673882,0.8057359861082503,63
synthetic_niah_86,niah_single_1,0,0,1,ema_rho_0.25,0.7120490620490619,0.8268404298552327,63
synthetic_niah_86,niah_single_1,0,0,1,ema_rho_0.5,0.7277777777777777,0.8357782282542953,63
synthetic_niah_86,niah_single_1,0,0,1,ema_rho_0.8,0.7323953823953825,0.839461255647094,63
synthetic_niah_86,niah_single_1,0,0,1,ema_rho_0.9,0.7207792207792207,0.8309621277283978,63
synthetic_niah_86,niah_single_1,0,0,1,ema_rho_0.95,0.6937229437229437,0.8066443695186581,63
synthetic_niah_86,niah_single_1,0,0,1,ema_rho_0.99,0.6145021645021645,0.7200258851651483,63
synthetic_niah_86,niah_single_1,0,0,1,ema_rho_0.995,0.5969696969696969,0.6977037113140241,63
synthetic_niah_86,niah_single_1,0,0,1,ema_rho_0.999,0.584126984126984,0.6768550931383667,63
synthetic_niah_86,niah_single_1,0,0,4,ema_rho_0,0.7167424242424241,0.8191828959156684,60
synthetic_niah_86,niah_single_1,0,0,4,ema_rho_0.25,0.7462121212121211,0.842892189470525,60
synthetic_niah_86,niah_single_1,0,0,4,ema_rho_0.5,0.7703787878787879,0.8579661805253479,60
synthetic_niah_86,niah_single_1,0,0,4,ema_rho_0.8,0.7908333333333333,0.875337715710354,60
synthetic_niah_86,niah_single_1,0,0,4,ema_rho_0.9,0.7847727272727272,0.8728836693437928,60
synthetic_niah_86,niah_single_1,0,0,4,ema_rho_0.95,0.7525757575757575,0.8513901513974138,60
synthetic_niah_86,niah_single_1,0,0,4,ema_rho_0.99,0.6591666666666668,0.765062816283017,60
synthetic_niah_86,niah_single_1,0,0,4,ema_rho_0.995,0.6383333333333333,0.7427011812281433,60
synthetic_niah_86,niah_single_1,0,0,4,ema_rho_0.999,0.6232575757575758,0.721797305438858,60
synthetic_niah_86,niah_single_1,0,0,16,ema_rho_0,0.7172348484848485,0.8268418751180988,48
synthetic_niah_86,niah_single_1,0,0,16,ema_rho_0.25,0.7506628787878787,0.8558043972813468,48
synthetic_niah_86,niah_single_1,0,0,16,ema_rho_0.5,0.7786931818181818,0.8757443452693154,48
synthetic_niah_86,niah_single_1,0,0,16,ema_rho_0.8,0.8089962121212121,0.8991136856603057,48
synthetic_niah_86,niah_single_1,0,0,16,ema_rho_0.9,0.8063446969696969,0.8991047250836637,48
synthetic_niah_86,niah_single_1,0,0,16,ema_rho_0.95,0.7675189393939394,0.8765889878529814,48
synthetic_niah_86,niah_single_1,0,0,16,ema_rho_0.99,0.6676136363636364,0.7954970478282118,48
synthetic_niah_86,niah_single_1,0,0,16,ema_rho_0.995,0.649810606060606,0.7762577723116871,48
synthetic_niah_86,niah_single_1,0,0,16,ema_rho_0.999,0.6359848484848485,0.7585491476749766,48
synthetic_niah_86,niah_single_1,0,0,32,ema_rho_0,0.7078125,0.8321279687555493,32
synthetic_niah_86,niah_single_1,0,0,32,ema_rho_0.25,0.7382102272727273,0.8587650201030095,32
synthetic_niah_86,niah_single_1,0,0,32,ema_rho_0.5,0.7664772727272726,0.8781366361417077,32
synthetic_niah_86,niah_single_1,0,0,32,ema_rho_0.8,0.7928977272727273,0.8992457467989647,32
synthetic_niah_86,niah_single_1,0,0,32,ema_rho_0.9,0.7839488636363636,0.8922508797736781,32
synthetic_niah_86,niah_single_1,0,0,32,ema_rho_0.95,0.7426136363636364,0.8643267028133303,32
synthetic_niah_86,niah_single_1,0,0,32,ema_rho_0.99,0.6664772727272728,0.7973253130278126,32
synthetic_niah_86,niah_single_1,0,0,32,ema_rho_0.995,0.6556818181818183,0.7833165851907316,32
synthetic_niah_86,niah_single_1,0,0,32,ema_rho_0.999,0.6446022727272727,0.7708246800346225,32
synthetic_niah_86,niah_single_1,0,1,1,ema_rho_0,0.6829725829725829,0.6910415655434946,63
synthetic_niah_86,niah_single_1,0,1,1,ema_rho_0.25,0.6896825396825397,0.6799695694536366,63
synthetic_niah_86,niah_single_1,0,1,1,ema_rho_0.5,0.6895382395382398,0.6774733114818694,63
synthetic_niah_86,niah_single_1,0,1,1,ema_rho_0.8,0.6606782106782106,0.6543986357486232,63
synthetic_niah_86,niah_single_1,0,1,1,ema_rho_0.9,0.6132034632034631,0.5988080569069913,63
synthetic_niah_86,niah_single_1,0,1,1,ema_rho_0.95,0.5615440115440117,0.5102557889243273,63
synthetic_niah_86,niah_single_1,0,1,1,ema_rho_0.99,0.4782828282828282,0.32941247234562804,63
synthetic_niah_86,niah_single_1,0,1,1,ema_rho_0.995,0.4668109668109668,0.29299829237556146,63
synthetic_niah_86,niah_single_1,0,1,1,ema_rho_0.999,0.4564935064935065,0.26157067605653816,63
synthetic_niah_86,niah_single_1,0,1,4,ema_rho_0,0.694318181818182,0.6752329222943096,60
synthetic_niah_86,niah_single_1,0,1,4,ema_rho_0.25,0.7078787878787878,0.7203617456505422,60
synthetic_niah_86,niah_single_1,0,1,4,ema_rho_0.5,0.7104545454545456,0.7411476259452049,60
synthetic_niah_86,niah_single_1,0,1,4,ema_rho_0.8,0.6816666666666666,0.7304745861538273,60
synthetic_niah_86,niah_single_1,0,1,4,ema_rho_0.9,0.6306818181818183,0.669537303614719,60
synthetic_niah_86,niah_single_1,0,1,4,ema_rho_0.95,0.5837121212121212,0.5830164988476023,60
synthetic_niah_86,niah_single_1,0,1,4,ema_rho_0.99,0.49772727272727274,0.4154428869735091,60
synthetic_niah_86,niah_single_1,0,1,4,ema_rho_0.995,0.4850757575757576,0.3814600457877122,60
synthetic_niah_86,niah_single_1,0,1,4,ema_rho_0.999,0.476060606060606,0.3523404114605161,60
synthetic_niah_86,niah_single_1,0,1,16,ema_rho_0,0.6395833333333333,0.6081325259527355,48
synthetic_niah_86,niah_single_1,0,1,16,ema_rho_0.25,0.6497159090909091,0.664790769991094,48
synthetic_niah_86,niah_single_1,0,1,16,ema_rho_0.5,0.6521780303030303,0.6874524520685436,48
synthetic_niah_86,niah_single_1,0,1,16,ema_rho_0.8,0.6233901515151515,0.6665915315420793,48
synthetic_niah_86,niah_single_1,0,1,16,ema_rho_0.9,0.5822916666666667,0.619495217325187,48
synthetic_niah_86,niah_single_1,0,1,16,ema_rho_0.95,0.5513257575757575,0.5580204812851096,48
synthetic_niah_86,niah_single_1,0,1,16,ema_rho_0.99,0.47964015151515155,0.43368713163412614,48
synthetic_niah_86,niah_single_1,0,1,16,ema_rho_0.995,0.47092803030303027,0.40734238173930254,48
synthetic_niah_86,niah_single_1,0,1,16,ema_rho_0.999,0.46373106060606056,0.38484925045610713,48
synthetic_niah_86,niah_single_1,0,1,32,ema_rho_0,0.5884943181818182,0.5125260303218964,32
synthetic_niah_86,niah_single_1,0,1,32,ema_rho_0.25,0.5965909090909091,0.5501621739151497,32
synthetic_niah_86,niah_single_1,0,1,32,ema_rho_0.5,0.6015625,0.5695023665850619,32
synthetic_niah_86,niah_single_1,0,1,32,ema_rho_0.8,0.5946022727272727,0.5759620451418777,32
synthetic_niah_86,niah_single_1,0,1,32,ema_rho_0.9,0.5720170454545455,0.5567936309027448,32
synthetic_niah_86,niah_single_1,0,1,32,ema_rho_0.95,0.545596590909091,0.5165429058384029,32
synthetic_niah_86,niah_single_1,0,1,32,ema_rho_0.99,0.49374999999999997,0.4316470208015316,32
synthetic_niah_86,niah_single_1,0,1,32,ema_rho_0.995,0.4859375,0.41362739518037134,32
synthetic_niah_86,niah_single_1,0,1,32,ema_rho_0.999,0.48082386363636365,0.3978882970076421,32
synthetic_niah_86,niah_single_1,0,2,1,ema_rho_0,0.6936507936507937,0.8058514299564156,63
synthetic_niah_86,niah_single_1,0,2,1,ema_rho_0.25,0.7066378066378066,0.8126199207339831,63
synthetic_niah_86,niah_single_1,0,2,1,ema_rho_0.5,0.7038239538239539,0.8090053790824294,63
synthetic_niah_86,niah_single_1,0,2,1,ema_rho_0.8,0.6816738816738815,0.792269207062782,63
synthetic_niah_86,niah_single_1,0,2,1,ema_rho_0.9,0.6466089466089465,0.7583241720764543,63
synthetic_niah_86,niah_single_1,0,2,1,ema_rho_0.95,0.6064213564213565,0.7049774751807988,63
synthetic_niah_86,niah_single_1,0,2,1,ema_rho_0.99,0.5305194805194805,0.5842957809380794,63
synthetic_niah_86,niah_single_1,0,2,1,ema_rho_0.995,0.5177489177489178,0.5557494089029175,63
synthetic_niah_86,niah_single_1,0,2,1,ema_rho_0.999,0.5062770562770563,0.527813997081104,63
synthetic_niah_86,niah_single_1,0,2,4,ema_rho_0,0.678560606060606,0.777105936102945,60
synthetic_niah_86,niah_single_1,0,2,4,ema_rho_0.25,0.698939393939394,0.8010623972612775,60
synthetic_niah_86,niah_single_1,0,2,4,ema_rho_0.5,0.7124242424242424,0.8163814580361616,60
synthetic_niah_86,niah_single_1,0,2,4,ema_rho_0.8,0.7048484848484848,0.8214715177858577,60
synthetic_niah_86,niah_single_1,0,2,4,ema_rho_0.9,0.673939393939394,0.7954381096694515,60
synthetic_niah_86,niah_single_1,0,2,4,ema_rho_0.95,0.641060606060606,0.7485199421377194,60
synthetic_niah_86,niah_single_1,0,2,4,ema_rho_0.99,0.5609848484848484,0.6353776614155979,60
synthetic_niah_86,niah_single_1,0,2,4,ema_rho_0.995,0.5472727272727272,0.6076535324460266,60
synthetic_niah_86,niah_single_1,0,2,4,ema_rho_0.999,0.5346969696969697,0.5801167907475373,60
synthetic_niah_86,niah_single_1,0,2,16,ema_rho_0,0.6567234848484849,0.7777632444823294,48
synthetic_niah_86,niah_single_1,0,2,16,ema_rho_0.25,0.6827651515151514,0.8133029666762752,48
synthetic_niah_86,niah_single_1,0,2,16,ema_rho_0.5,0.6979166666666666,0.8317600885209631,48
synthetic_niah_86,niah_single_1,0,2,16,ema_rho_0.8,0.6864583333333334,0.8371070951212684,48
synthetic_niah_86,niah_single_1,0,2,16,ema_rho_0.9,0.6600378787878788,0.8124836970907126,48
synthetic_niah_86,niah_single_1,0,2,16,ema_rho_0.95,0.6373106060606061,0.7674521191303354,48
synthetic_niah_86,niah_single_1,0,2,16,ema_rho_0.99,0.5651515151515151,0.6609013515367151,48
synthetic_niah_86,niah_single_1,0,2,16,ema_rho_0.995,0.556060606060606,0.6358052478917527,48
synthetic_niah_86,niah_single_1,0,2,16,ema_rho_0.999,0.5410984848484848,0.6112141439181283,48
synthetic_niah_86,niah_single_1,0,2,32,ema_rho_0,0.6123579545454545,0.749096077396995,32
synthetic_niah_86,niah_single_1,0,2,32,ema_rho_0.25,0.6348011363636364,0.7793091167301629,32
synthetic_niah_86,niah_single_1,0,2,32,ema_rho_0.5,0.6495738636363636,0.7954317248795474,32
synthetic_niah_86,niah_single_1,0,2,32,ema_rho_0.8,0.6421875,0.7997706112198999,32
synthetic_niah_86,niah_single_1,0,2,32,ema_rho_0.9,0.6238636363636363,0.7750224596358611,32
synthetic_niah_86,niah_single_1,0,2,32,ema_rho_0.95,0.5995738636363637,0.7295018313608619,32
synthetic_niah_86,niah_single_1,0,2,32,ema_rho_0.99,0.5463068181818181,0.6440752723951284,32
synthetic_niah_86,niah_single_1,0,2,32,ema_rho_0.995,0.5363636363636364,0.6261009966748082,32
synthetic_niah_86,niah_single_1,0,2,32,ema_rho_0.999,0.5254261363636363,0.6090326667578638,32
synthetic_niah_86,niah_single_1,0,3,1,ema_rho_0,0.5980519480519481,0.7052034189720446,63
synthetic_niah_86,niah_single_1,0,3,1,ema_rho_0.25,0.6248196248196248,0.7291700393766517,63
synthetic_niah_86,niah_single_1,0,3,1,ema_rho_0.5,0.6448051948051948,0.7393734849162725,63
synthetic_niah_86,niah_single_1,0,3,1,ema_rho_0.8,0.6558441558441559,0.7437276031579106,63
synthetic_niah_86,niah_single_1,0,3,1,ema_rho_0.9,0.647907647907648,0.7349092413998499,63
synthetic_niah_86,niah_single_1,0,3,1,ema_rho_0.95,0.6336219336219336,0.7214464647917253,63
synthetic_niah_86,niah_single_1,0,3,1,ema_rho_0.99,0.5946608946608946,0.6851061195460278,63
synthetic_niah_86,niah_single_1,0,3,1,ema_rho_0.995,0.5764790764790765,0.6664171162261214,63
synthetic_niah_86,niah_single_1,0,3,1,ema_rho_0.999,0.5552669552669554,0.6333247758429901,63
synthetic_niah_86,niah_single_1,0,3,4,ema_rho_0,0.6451515151515151,0.7449930648071988,60
synthetic_niah_86,niah_single_1,0,3,4,ema_rho_0.25,0.6874242424242425,0.7949168538335339,60
synthetic_niah_86,niah_single_1,0,3,4,ema_rho_0.5,0.720530303030303,0.8194706699495995,60
synthetic_niah_86,niah_single_1,0,3,4,ema_rho_0.8,0.7440151515151515,0.8341904155904973,60
synthetic_niah_86,niah_single_1,0,3,4,ema_rho_0.9,0.740909090909091,0.8276566473276374,60
synthetic_niah_86,niah_single_1,0,3,4,ema_rho_0.95,0.7296212121212121,0.811397885053384,60
synthetic_niah_86,niah_single_1,0,3,4,ema_rho_0.99,0.6793939393939394,0.7498134464523604,60
synthetic_niah_86,niah_single_1,0,3,4,ema_rho_0.995,0.649469696969697,0.7187403471107042,60
synthetic_niah_86,niah_single_1,0,3,4,ema_rho_0.999,0.615530303030303,0.6678563108650484,60
synthetic_niah_86,niah_single_1,0,3,16,ema_rho_0,0.6410037878787879,0.7343763565995255,48
synthetic_niah_86,niah_single_1,0,3,16,ema_rho_0.25,0.6861742424242424,0.7948633059884868,48
synthetic_niah_86,niah_single_1,0,3,16,ema_rho_0.5,0.7178977272727273,0.8230452811648137,48
synthetic_niah_86,niah_single_1,0,3,16,ema_rho_0.8,0.7554924242424242,0.8488418401618082,48
synthetic_niah_86,niah_single_1,0,3,16,ema_rho_0.9,0.7696969696969697,0.8487053208389135,48
synthetic_niah_86,niah_single_1,0,3,16,ema_rho_0.95,0.7736742424242425,0.8350165050017683,48
synthetic_niah_86,niah_single_1,0,3,16,ema_rho_0.99,0.713068181818182,0.768521955115301,48
synthetic_niah_86,niah_single_1,0,3,16,ema_rho_0.995,0.6847537878787878,0.7351790387884117,48
synthetic_niah_86,niah_single_1,0,3,16,ema_rho_0.999,0.6520833333333335,0.6830541772601716,48
synthetic_niah_86,niah_single_1,0,3,32,ema_rho_0,0.6515625,0.7336035189533057,32
synthetic_niah_86,niah_single_1,0,3,32,ema_rho_0.25,0.6876420454545454,0.7777803703331827,32
synthetic_niah_86,niah_single_1,0,3,32,ema_rho_0.5,0.716903409090909,0.8024492757889969,32
synthetic_niah_86,niah_single_1,0,3,32,ema_rho_0.8,0.7605113636363636,0.8320875054907371,32
synthetic_niah_86,niah_single_1,0,3,32,ema_rho_0.9,0.7767045454545455,0.8304709125517394,32
synthetic_niah_86,niah_single_1,0,3,32,ema_rho_0.95,0.7769886363636364,0.8144510346377278,32
synthetic_niah_86,niah_single_1,0,3,32,ema_rho_0.99,0.7002840909090908,0.7489054943917403,32
synthetic_niah_86,niah_single_1,0,3,32,ema_rho_0.995,0.6755681818181818,0.7188775183520579,32
synthetic_niah_86,niah_single_1,0,3,32,ema_rho_0.999,0.6477272727272727,0.6747756453049405,32
synthetic_niah_86,niah_single_1,0,4,1,ema_rho_0,0.7922799422799424,0.92762745112027,63
synthetic_niah_86,niah_single_1,0,4,1,ema_rho_0.25,0.8057720057720056,0.9315855572022527,63
synthetic_niah_86,niah_single_1,0,4,1,ema_rho_0.5,0.8067099567099567,0.9282712455410003,63
synthetic_niah_86,niah_single_1,0,4,1,ema_rho_0.8,0.7808802308802308,0.9151776943349069,63
synthetic_niah_86,niah_single_1,0,4,1,ema_rho_0.9,0.7447330447330447,0.8996996792567363,63
synthetic_niah_86,niah_single_1,0,4,1,ema_rho_0.95,0.7108946608946608,0.8822292588658125,63
synthetic_niah_86,niah_single_1,0,4,1,ema_rho_0.99,0.6728715728715728,0.8486984580904998,63
synthetic_niah_86,niah_single_1,0,4,1,ema_rho_0.995,0.6660894660894661,0.8392929464374894,63
synthetic_niah_86,niah_single_1,0,4,1,ema_rho_0.999,0.6620490620490621,0.8271584035468887,63
synthetic_niah_86,niah_single_1,0,4,4,ema_rho_0,0.793560606060606,0.9150829549882569,60
synthetic_niah_86,niah_single_1,0,4,4,ema_rho_0.25,0.806060606060606,0.9233127008985421,60
synthetic_niah_86,niah_single_1,0,4,4,ema_rho_0.5,0.8063636363636364,0.9257077830323005,60
synthetic_niah_86,niah_single_1,0,4,4,ema_rho_0.8,0.7793181818181819,0.9226097840894801,60
synthetic_niah_86,niah_single_1,0,4,4,ema_rho_0.9,0.7450757575757574,0.9111064042896361,60
synthetic_niah_86,niah_single_1,0,4,4,ema_rho_0.95,0.711969696969697,0.8957232828848948,60
synthetic_niah_86,niah_single_1,0,4,4,ema_rho_0.99,0.6793181818181818,0.863096794710304,60
synthetic_niah_86,niah_single_1,0,4,4,ema_rho_0.995,0.6733333333333333,0.8535076360842505,60
synthetic_niah_86,niah_single_1,0,4,4,ema_rho_0.999,0.6695454545454546,0.8410474256657879,60
synthetic_niah_86,niah_single_1,0,4,16,ema_rho_0,0.7372159090909092,0.8960555444168948,48
synthetic_niah_86,niah_single_1,0,4,16,ema_rho_0.25,0.7471590909090909,0.9097179951822083,48
synthetic_niah_86,niah_single_1,0,4,16,ema_rho_0.5,0.7456439393939394,0.9164088981508512,48
synthetic_niah_86,niah_single_1,0,4,16,ema_rho_0.8,0.7333333333333334,0.9156950464166881,48
synthetic_niah_86,niah_single_1,0,4,16,ema_rho_0.9,0.7166666666666667,0.9080575461903829,48
synthetic_niah_86,niah_single_1,0,4,16,ema_rho_0.95,0.7004734848484849,0.8981394650165574,48
synthetic_niah_86,niah_single_1,0,4,16,ema_rho_0.99,0.6831439393939394,0.8734042991856704,48
synthetic_niah_86,niah_single_1,0,4,16,ema_rho_0.995,0.6808712121212123,0.8655090548502377,48
synthetic_niah_86,niah_single_1,0,4,16,ema_rho_0.999,0.6788825757575757,0.8552098050538316,48
synthetic_niah_86,niah_single_1,0,4,32,ema_rho_0,0.6995738636363635,0.868016105787324,32
synthetic_niah_86,niah_single_1,0,4,32,ema_rho_0.25,0.7085227272727272,0.8813901758223985,32
synthetic_niah_86,niah_single_1,0,4,32,ema_rho_0.5,0.7096590909090909,0.8892953169701004,32
synthetic_niah_86,niah_single_1,0,4,32,ema_rho_0.8,0.7110795454545455,0.89642601110315,32
synthetic_niah_86,niah_single_1,0,4,32,ema_rho_0.9,0.7042613636363637,0.8959042419897377,32
synthetic_niah_86,niah_single_1,0,4,32,ema_rho_0.95,0.7024147727272727,0.8905273406973058,32
synthetic_niah_86,niah_single_1,0,4,32,ema_rho_0.99,0.6842329545454545,0.8740973525690989,32
synthetic_niah_86,niah_single_1,0,4,32,ema_rho_0.995,0.6829545454545454,0.869019215782074,32
synthetic_niah_86,niah_single_1,0,4,32,ema_rho_0.999,0.6838068181818182,0.8627936879835553,32
synthetic_niah_86,niah_single_1,0,5,1,ema_rho_0,0.7141414141414142,0.8586574824123718,63
synthetic_niah_86,niah_single_1,0,5,1,ema_rho_0.25,0.7388167388167386,0.8786275353954429,63
synthetic_niah_86,niah_single_1,0,5,1,ema_rho_0.5,0.7452380952380953,0.8828497601888214,63
synthetic_niah_86,niah_single_1,0,5,1,ema_rho_0.8,0.7357864357864359,0.8767037581658005,63
synthetic_niah_86,niah_single_1,0,5,1,ema_rho_0.9,0.7132034632034632,0.8550857794273777,63
synthetic_niah_86,niah_single_1,0,5,1,ema_rho_0.95,0.6762626262626262,0.8189768032375058,63
synthetic_niah_86,niah_single_1,0,5,1,ema_rho_0.99,0.5833333333333334,0.7374370698339684,63
synthetic_niah_86,niah_single_1,0,5,1,ema_rho_0.995,0.5656565656565656,0.717471437155475,63
synthetic_niah_86,niah_single_1,0,5,1,ema_rho_0.999,0.5562770562770564,0.6969446734033842,63
synthetic_niah_86,niah_single_1,0,5,4,ema_rho_0,0.738030303030303,0.8781465261768118,60
synthetic_niah_86,niah_single_1,0,5,4,ema_rho_0.25,0.771439393939394,0.9039920178162559,60
synthetic_niah_86,niah_single_1,0,5,4,ema_rho_0.5,0.7831060606060606,0.9127318785055181,60
synthetic_niah_86,niah_single_1,0,5,4,ema_rho_0.8,0.7730303030303031,0.9127259254777761,60
synthetic_niah_86,niah_single_1,0,5,4,ema_rho_0.9,0.7448484848484848,0.8938959464264957,60
synthetic_niah_86,niah_single_1,0,5,4,ema_rho_0.95,0.7097727272727272,0.8610660094287309,60
synthetic_niah_86,niah_single_1,0,5,4,ema_rho_0.99,0.6203787878787879,0.7844208810859404,60
synthetic_niah_86,niah_single_1,0,5,4,ema_rho_0.995,0.6024999999999999,0.7653657571225596,60
synthetic_niah_86,niah_single_1,0,5,4,ema_rho_0.999,0.592651515151515,0.7456770625370689,60
synthetic_niah_86,niah_single_1,0,5,16,ema_rho_0,0.6986742424242425,0.8639202594519576,48
synthetic_niah_86,niah_single_1,0,5,16,ema_rho_0.25,0.7303977272727273,0.8942365464742039,48
synthetic_niah_86,niah_single_1,0,5,16,ema_rho_0.5,0.7445075757575758,0.9061830253932807,48
synthetic_niah_86,niah_single_1,0,5,16,ema_rho_0.8,0.7393939393939394,0.9051118377221888,48
synthetic_niah_86,niah_single_1,0,5,16,ema_rho_0.9,0.7151515151515152,0.886705013103891,48
synthetic_niah_86,niah_single_1,0,5,16,ema_rho_0.95,0.6876893939393939,0.857871122583111,48
synthetic_niah_86,niah_single_1,0,5,16,ema_rho_0.99,0.6237689393939394,0.7970901846276295,48
synthetic_niah_86,niah_single_1,0,5,16,ema_rho_0.995,0.6098484848484849,0.7824705291048281,48
synthetic_niah_86,niah_single_1,0,5,16,ema_rho_0.999,0.6015151515151516,0.7674076542106655,48
synthetic_niah_86,niah_single_1,0,5,32,ema_rho_0,0.6713068181818183,0.8392367581686824,32
synthetic_niah_86,niah_single_1,0,5,32,ema_rho_0.25,0.6946022727272727,0.8631571764683554,32
synthetic_niah_86,niah_single_1,0,5,32,ema_rho_0.5,0.7042613636363635,0.8735259047518362,32
synthetic_niah_86,niah_single_1,0,5,32,ema_rho_0.8,0.6990056818181818,0.8753823098778298,32
synthetic_niah_86,niah_single_1,0,5,32,ema_rho_0.9,0.6914772727272727,0.8623593870306014,32
synthetic_niah_86,niah_single_1,0,5,32,ema_rho_0.95,0.6740056818181819,0.8394220801645783,32
synthetic_niah_86,niah_single_1,0,5,32,ema_rho_0.99,0.6416193181818182,0.7953239152518046,32
synthetic_niah_86,niah_single_1,0,5,32,ema_rho_0.995,0.6336647727272728,0.7849414805402011,32
synthetic_niah_86,niah_single_1,0,5,32,ema_rho_0.999,0.625284090909091,0.7746938352087618,32
synthetic_niah_86,niah_single_1,0,6,1,ema_rho_0,0.6463924963924964,0.8041004388051272,63
synthetic_niah_86,niah_single_1,0,6,1,ema_rho_0.25,0.6746753246753248,0.8427649469779708,63
synthetic_niah_86,niah_single_1,0,6,1,ema_rho_0.5,0.6948773448773448,0.8602056675066961,63
synthetic_niah_86,niah_single_1,0,6,1,ema_rho_0.8,0.7113275613275614,0.8726006024262358,63
synthetic_niah_86,niah_single_1,0,6,1,ema_rho_0.9,0.7047619047619048,0.8694285478878057,63
synthetic_niah_86,niah_single_1,0,6,1,ema_rho_0.95,0.6895382395382396,0.856996092868632,63
synthetic_niah_86,niah_single_1,0,6,1,ema_rho_0.99,0.6577200577200577,0.80846391762097,63
synthetic_niah_86,niah_single_1,0,6,1,ema_rho_0.995,0.6486291486291487,0.7913171709377809,63
synthetic_niah_86,niah_single_1,0,6,1,ema_rho_0.999,0.6372294372294373,0.7715986437810848,63
synthetic_niah_86,niah_single_1,0,6,4,ema_rho_0,0.7050757575757576,0.8644753719818586,60
synthetic_niah_86,niah_single_1,0,6,4,ema_rho_0.25,0.7411363636363635,0.9077186150723994,60
synthetic_niah_86,niah_single_1,0,6,4,ema_rho_0.5,0.7650757575757576,0.9268364968212277,60
synthetic_niah_86,niah_single_1,0,6,4,ema_rho_0.8,0.7868181818181819,0.9400818052252738,60
synthetic_niah_86,niah_single_1,0,6,4,ema_rho_0.9,0.7795454545454544,0.9367319590761788,60
synthetic_niah_86,niah_single_1,0,6,4,ema_rho_0.95,0.7615909090909091,0.9242233170761842,60
synthetic_niah_86,niah_single_1,0,6,4,ema_rho_0.99,0.7157575757575757,0.8750860146521027,60
synthetic_niah_86,niah_single_1,0,6,4,ema_rho_0.995,0.7046969696969699,0.8575939111659613,60
synthetic_niah_86,niah_single_1,0,6,4,ema_rho_0.999,0.6906818181818183,0.8374004197555182,60
synthetic_niah_86,niah_single_1,0,6,16,ema_rho_0,0.7171401515151515,0.8843657204824021,48
synthetic_niah_86,niah_single_1,0,6,16,ema_rho_0.25,0.75625,0.920963839305006,48
synthetic_niah_86,niah_single_1,0,6,16,ema_rho_0.5,0.7836174242424243,0.9390242109841275,48
synthetic_niah_86,niah_single_1,0,6,16,ema_rho_0.8,0.8131628787878787,0.9499806099345571,48
synthetic_niah_86,niah_single_1,0,6,16,ema_rho_0.9,0.8070075757575758,0.9453641418262557,48
synthetic_niah_86,niah_single_1,0,6,16,ema_rho_0.95,0.790909090909091,0.9332442268802912,48
synthetic_niah_86,niah_single_1,0,6,16,ema_rho_0.99,0.7318181818181818,0.8878908687776917,48
synthetic_niah_86,niah_single_1,0,6,16,ema_rho_0.995,0.7227272727272728,0.8730481321217508,48
synthetic_niah_86,niah_single_1,0,6,16,ema_rho_0.999,0.713068181818182,0.8564194665030103,48
synthetic_niah_86,niah_single_1,0,6,32,ema_rho_0,0.7366477272727272,0.9001799498268506,32
synthetic_niah_86,niah_single_1,0,6,32,ema_rho_0.25,0.766903409090909,0.9230446283718545,32
synthetic_niah_86,niah_single_1,0,6,32,ema_rho_0.5,0.7867897727272727,0.9359833895481271,32
synthetic_niah_86,niah_single_1,0,6,32,ema_rho_0.8,0.8072443181818181,0.9441559828328892,32
synthetic_niah_86,niah_single_1,0,6,32,ema_rho_0.9,0.8036931818181818,0.9392581452652036,32
synthetic_niah_86,niah_single_1,0,6,32,ema_rho_0.95,0.7906250000000001,0.9255078516663182,32
synthetic_niah_86,niah_single_1,0,6,32,ema_rho_0.99,0.7363636363636363,0.8855421848489193,32
synthetic_niah_86,niah_single_1,0,6,32,ema_rho_0.995,0.734659090909091,0.8746877153951171,32
synthetic_niah_86,niah_single_1,0,6,32,ema_rho_0.999,0.7295454545454545,0.8632821981785834,32
synthetic_niah_86,niah_single_1,0,7,1,ema_rho_0,0.7906204906204906,0.8961306884914749,63
synthetic_niah_86,niah_single_1,0,7,1,ema_rho_0.25,0.8036796536796538,0.9040480612549826,63
synthetic_niah_86,niah_single_1,0,7,1,ema_rho_0.5,0.8044011544011545,0.9050536034064894,63
synthetic_niah_86,niah_single_1,0,7,1,ema_rho_0.8,0.77987012987013,0.8963771804989322,63
synthetic_niah_86,niah_single_1,0,7,1,ema_rho_0.9,0.7543290043290043,0.8803871794238516,63
synthetic_niah_86,niah_single_1,0,7,1,ema_rho_0.95,0.7223665223665221,0.8500640825791684,63
synthetic_niah_86,niah_single_1,0,7,1,ema_rho_0.99,0.6364357864357865,0.743415137210786,63
synthetic_niah_86,niah_single_1,0,7,1,ema_rho_0.995,0.6253246753246753,0.7090420828344486,63
synthetic_niah_86,niah_single_1,0,7,1,ema_rho_0.999,0.6151515151515152,0.672012386298209,63
synthetic_niah_86,niah_single_1,0,7,4,ema_rho_0,0.791742424242424,0.9015464442487554,60
synthetic_niah_86,niah_single_1,0,7,4,ema_rho_0.25,0.8014393939393938,0.9125356829923598,60
synthetic_niah_86,niah_single_1,0,7,4,ema_rho_0.5,0.8028030303030304,0.9165541372382237,60
synthetic_niah_86,niah_single_1,0,7,4,ema_rho_0.8,0.7812121212121211,0.9161415795488869,60
synthetic_niah_86,niah_single_1,0,7,4,ema_rho_0.9,0.7586363636363636,0.9040417355445393,60
synthetic_niah_86,niah_single_1,0,7,4,ema_rho_0.95,0.7287121212121211,0.8758963546977062,60
synthetic_niah_86,niah_single_1,0,7,4,ema_rho_0.99,0.6437878787878789,0.7719856230221744,60
synthetic_niah_86,niah_single_1,0,7,4,ema_rho_0.995,0.6337878787878786,0.738379644402025,60
synthetic_niah_86,niah_single_1,0,7,4,ema_rho_0.999,0.6228030303030304,0.7021583990492767,60
synthetic_niah_86,niah_single_1,0,7,16,ema_rho_0,0.7402462121212121,0.8884078751932519,48
synthetic_niah_86,niah_single_1,0,7,16,ema_rho_0.25,0.7489583333333334,0.9044015997892935,48
synthetic_niah_86,niah_single_1,0,7,16,ema_rho_0.5,0.7503787878787879,0.9141494606424662,48
synthetic_niah_86,niah_single_1,0,7,16,ema_rho_0.8,0.7365530303030302,0.9171823567720393,48
synthetic_niah_86,niah_single_1,0,7,16,ema_rho_0.9,0.7196969696969697,0.9028779330082862,48
synthetic_niah_86,niah_single_1,0,7,16,ema_rho_0.95,0.6932765151515152,0.8718998118430298,48
synthetic_niah_86,niah_single_1,0,7,16,ema_rho_0.99,0.6232007575757575,0.7717265140488272,48
synthetic_niah_86,niah_single_1,0,7,16,ema_rho_0.995,0.6143939393939394,0.7419598274336211,48
synthetic_niah_86,niah_single_1,0,7,16,ema_rho_0.999,0.6084280303030303,0.7109724665426054,48
synthetic_niah_86,niah_single_1,0,7,32,ema_rho_0,0.7110795454545454,0.8717022427097384,32
synthetic_niah_86,niah_single_1,0,7,32,ema_rho_0.25,0.717471590909091,0.8855735746226254,32
synthetic_niah_86,niah_single_1,0,7,32,ema_rho_0.5,0.7180397727272727,0.8945948376668893,32
synthetic_niah_86,niah_single_1,0,7,32,ema_rho_0.8,0.7102272727272727,0.8976208301749631,32
synthetic_niah_86,niah_single_1,0,7,32,ema_rho_0.9,0.6984375,0.8804238798612899,32
synthetic_niah_86,niah_single_1,0,7,32,ema_rho_0.95,0.6677556818181818,0.8449663544585546,32
synthetic_niah_86,niah_single_1,0,7,32,ema_rho_0.99,0.6210227272727273,0.7581850459370936,32
synthetic_niah_86,niah_single_1,0,7,32,ema_rho_0.995,0.6137784090909091,0.736439006550677,32
synthetic_niah_86,niah_single_1,0,7,32,ema_rho_0.999,0.6105113636363637,0.7150905012547915,32
synthetic_niah_86,niah_single_1,7,0,1,ema_rho_0,0.9303030303030304,0.8348616229485076,63
synthetic_niah_86,niah_single_1,7,0,1,ema_rho_0.25,0.935064935064935,0.837870536488361,63
synthetic_niah_86,niah_single_1,7,0,1,ema_rho_0.5,0.9358585858585858,0.8355841955682409,63
synthetic_niah_86,niah_single_1,7,0,1,ema_rho_0.8,0.9362914862914862,0.8156845459396559,63
synthetic_niah_86,niah_single_1,7,0,1,ema_rho_0.9,0.9370851370851371,0.7989551945795382,63
synthetic_niah_86,niah_single_1,7,0,1,ema_rho_0.95,0.9352813852813853,0.7885568753002653,63
synthetic_niah_86,niah_single_1,7,0,1,ema_rho_0.99,0.9194083694083693,0.7720371373524659,63
synthetic_niah_86,niah_single_1,7,0,1,ema_rho_0.995,0.9161616161616161,0.7623037554196229,63
synthetic_niah_86,niah_single_1,7,0,1,ema_rho_0.999,0.9138528138528139,0.7413670723945014,63
synthetic_niah_86,niah_single_1,7,0,4,ema_rho_0,0.9356818181818183,0.83840669047884,60
synthetic_niah_86,niah_single_1,7,0,4,ema_rho_0.25,0.9412878787878787,0.846375470803638,60
synthetic_niah_86,niah_single_1,7,0,4,ema_rho_0.5,0.9415909090909093,0.8474386188114796,60
synthetic_niah_86,niah_single_1,7,0,4,ema_rho_0.8,0.9443939393939395,0.8298664852734532,60
synthetic_niah_86,niah_single_1,7,0,4,ema_rho_0.9,0.9458333333333333,0.8155477627664055,60
synthetic_niah_86,niah_single_1,7,0,4,ema_rho_0.95,0.9433333333333334,0.806480958630812,60
synthetic_niah_86,niah_single_1,7,0,4,ema_rho_0.99,0.9234848484848485,0.7862795780896087,60
synthetic_niah_86,niah_single_1,7,0,4,ema_rho_0.995,0.9200757575757577,0.7741372893749101,60
synthetic_niah_86,niah_single_1,7,0,4,ema_rho_0.999,0.9181818181818183,0.7499012874344851,60
synthetic_niah_86,niah_single_1,7,0,16,ema_rho_0,0.927556818181818,0.7747818839002266,48
synthetic_niah_86,niah_single_1,7,0,16,ema_rho_0.25,0.9321022727272728,0.7843765795962252,48
synthetic_niah_86,niah_single_1,7,0,16,ema_rho_0.5,0.9341856060606061,0.789407177771014,48
synthetic_niah_86,niah_single_1,7,0,16,ema_rho_0.8,0.9428977272727272,0.8005198132452253,48
synthetic_niah_86,niah_single_1,7,0,16,ema_rho_0.9,0.946780303030303,0.8059144297697847,48
synthetic_niah_86,niah_single_1,7,0,16,ema_rho_0.95,0.9455492424242425,0.8040243272995805,48
synthetic_niah_86,niah_single_1,7,0,16,ema_rho_0.99,0.931818181818182,0.7711276568548611,48
synthetic_niah_86,niah_single_1,7,0,16,ema_rho_0.995,0.928598484848485,0.7504337613573955,48
synthetic_niah_86,niah_single_1,7,0,16,ema_rho_0.999,0.9252840909090909,0.719556167568954,48
synthetic_niah_86,niah_single_1,7,0,32,ema_rho_0,0.9417613636363636,0.7704088957554367,32
synthetic_niah_86,niah_single_1,7,0,32,ema_rho_0.25,0.9458806818181817,0.7866608151514356,32
synthetic_niah_86,niah_single_1,7,0,32,ema_rho_0.5,0.9471590909090909,0.8008499834038918,32
synthetic_niah_86,niah_single_1,7,0,32,ema_rho_0.8,0.9526988636363637,0.8193359325199154,32
synthetic_niah_86,niah_single_1,7,0,32,ema_rho_0.9,0.9555397727272728,0.8211116945810593,32
synthetic_niah_86,niah_single_1,7,0,32,ema_rho_0.95,0.9532670454545454,0.8140366237481487,32
synthetic_niah_86,niah_single_1,7,0,32,ema_rho_0.99,0.9428977272727272,0.7632341137195635,32
synthetic_niah_86,niah_single_1,7,0,32,ema_rho_0.995,0.9396306818181818,0.7398005529624373,32
synthetic_niah_86,niah_single_1,7,0,32,ema_rho_0.999,0.9369318181818181,0.7120291048749958,32
synthetic_niah_86,niah_single_1,7,1,1,ema_rho_0,0.3994949494949495,0.37713839667018945,63
synthetic_niah_86,niah_single_1,7,1,1,ema_rho_0.25,0.42308802308802307,0.3700874573600838,63
synthetic_niah_86,niah_single_1,7,1,1,ema_rho_0.5,0.420995670995671,0.36214041795664603,63
synthetic_niah_86,niah_single_1,7,1,1,ema_rho_0.8,0.38023088023088025,0.2444688669372479,63
synthetic_niah_86,niah_single_1,7,1,1,ema_rho_0.9,0.3856421356421357,0.22472304558477524,63
synthetic_niah_86,niah_single_1,7,1,1,ema_rho_0.95,0.3888167388167388,0.21395587723600096,63
synthetic_niah_86,niah_single_1,7,1,1,ema_rho_0.99,0.40216450216450217,0.20632185595231406,63
synthetic_niah_86,niah_single_1,7,1,1,ema_rho_0.995,0.40129870129870127,0.20940230630044057,63
synthetic_niah_86,niah_single_1,7,1,1,ema_rho_0.999,0.4085858585858586,0.24170893669754948,63
synthetic_niah_86,niah_single_1,7,1,4,ema_rho_0,0.39833333333333343,0.3464681629988212,60
synthetic_niah_86,niah_single_1,7,1,4,ema_rho_0.25,0.45818181818181813,0.38446515483208027,60
synthetic_niah_86,niah_single_1,7,1,4,ema_rho_0.5,0.46560606060606063,0.35540013283842653,60
synthetic_niah_86,niah_single_1,7,1,4,ema_rho_0.8,0.4306818181818182,0.24230547295650876,60
synthetic_niah_86,niah_single_1,7,1,4,ema_rho_0.9,0.43280303030303025,0.22528771329918962,60
synthetic_niah_86,niah_single_1,7,1,4,ema_rho_0.95,0.4390909090909091,0.21708730290900757,60
synthetic_niah_86,niah_single_1,7,1,4,ema_rho_0.99,0.4483333333333333,0.21704974709592625,60
synthetic_niah_86,niah_single_1,7,1,4,ema_rho_0.995,0.4471969696969697,0.22295097288370688,60
synthetic_niah_86,niah_single_1,7,1,4,ema_rho_0.999,0.4545454545454545,0.26246565276452727,60
synthetic_niah_86,niah_single_1,7,1,16,ema_rho_0,0.3277462121212122,0.2265085910492787,48
synthetic_niah_86,niah_single_1,7,1,16,ema_rho_0.25,0.36960227272727275,0.195343126344283,48
synthetic_niah_86,niah_single_1,7,1,16,ema_rho_0.5,0.3909090909090909,0.15728983370515884,48
synthetic_niah_86,niah_single_1,7,1,16,ema_rho_0.8,0.42083333333333334,0.0785224179646951,48
synthetic_niah_86,niah_single_1,7,1,16,ema_rho_0.9,0.43380681818181815,0.06322566130875847,48
synthetic_niah_86,niah_single_1,7,1,16,ema_rho_0.95,0.4464962121212121,0.08203730648408294,48
synthetic_niah_86,niah_single_1,7,1,16,ema_rho_0.99,0.4537878787878788,0.12744049408666058,48
synthetic_niah_86,niah_single_1,7,1,16,ema_rho_0.995,0.4524621212121212,0.1449538574170237,48
synthetic_niah_86,niah_single_1,7,1,16,ema_rho_0.999,0.45454545454545453,0.17675422514530484,48
synthetic_niah_86,niah_single_1,7,1,32,ema_rho_0,0.27897727272727274,0.01866794797358653,32
synthetic_niah_86,niah_single_1,7,1,32,ema_rho_0.25,0.28863636363636364,0.019315699173816748,32
synthetic_niah_86,niah_single_1,7,1,32,ema_rho_0.5,0.30639204545454546,0.01128792419354415,32
synthetic_niah_86,niah_single_1,7,1,32,ema_rho_0.8,0.34289772727272727,0.015246520125961737,32
synthetic_niah_86,niah_single_1,7,1,32,ema_rho_0.9,0.35355113636363633,0.033925809802757896,32
synthetic_niah_86,niah_single_1,7,1,32,ema_rho_0.95,0.3561079545454545,0.04861558819024299,32
synthetic_niah_86,niah_single_1,7,1,32,ema_rho_0.99,0.3568181818181818,0.04958136674545526,32
synthetic_niah_86,niah_single_1,7,1,32,ema_rho_0.995,0.35795454545454547,0.03544815419203122,32
synthetic_niah_86,niah_single_1,7,1,32,ema_rho_0.999,0.35454545454545455,0.02602485200844855,32
synthetic_niah_86,niah_single_1,7,2,1,ema_rho_0,0.816810966810967,0.9013423502437884,63
synthetic_niah_86,niah_single_1,7,2,1,ema_rho_0.25,0.82027417027417,0.9006754380809061,63
synthetic_niah_86,niah_single_1,7,2,1,ema_rho_0.5,0.8164502164502163,0.89371451564391,63
synthetic_niah_86,niah_single_1,7,2,1,ema_rho_0.8,0.7981962481962482,0.8701548605681532,63
synthetic_niah_86,niah_single_1,7,2,1,ema_rho_0.9,0.7717893217893217,0.8436613418654617,63
synthetic_niah_86,niah_single_1,7,2,1,ema_rho_0.95,0.7367243867243868,0.8078472152184549,63
synthetic_niah_86,niah_single_1,7,2,1,ema_rho_0.99,0.6852092352092352,0.7306751356983179,63
synthetic_niah_86,niah_single_1,7,2,1,ema_rho_0.995,0.675036075036075,0.7138000814935147,63
synthetic_niah_86,niah_single_1,7,2,1,ema_rho_0.999,0.6645743145743147,0.6966189607858128,63
synthetic_niah_86,niah_single_1,7,2,4,ema_rho_0,0.7993939393939394,0.8704096063444834,60
synthetic_niah_86,niah_single_1,7,2,4,ema_rho_0.25,0.8091666666666667,0.8791329009689342,60
synthetic_niah_86,niah_single_1,7,2,4,ema_rho_0.5,0.8190151515151516,0.8827152190367067,60
synthetic_niah_86,niah_single_1,7,2,4,ema_rho_0.8,0.8159090909090909,0.873456780060245,60
synthetic_niah_86,niah_single_1,7,2,4,ema_rho_0.9,0.7937878787878786,0.8537566797188799,60
synthetic_niah_86,niah_single_1,7,2,4,ema_rho_0.95,0.7584848484848484,0.8222927304935492,60
synthetic_niah_86,niah_single_1,7,2,4,ema_rho_0.99,0.7020454545454545,0.7499710036361981,60
synthetic_niah_86,niah_single_1,7,2,4,ema_rho_0.995,0.6920454545454545,0.7337512750514091,60
synthetic_niah_86,niah_single_1,7,2,4,ema_rho_0.999,0.6808333333333334,0.7170977044089332,60
synthetic_niah_86,niah_single_1,7,2,16,ema_rho_0,0.7736742424242425,0.8272311316735675,48
synthetic_niah_86,niah_single_1,7,2,16,ema_rho_0.25,0.787689393939394,0.839051709788803,48
synthetic_niah_86,niah_single_1,7,2,16,ema_rho_0.5,0.8011363636363636,0.8458561314515567,48
synthetic_niah_86,niah_single_1,7,2,16,ema_rho_0.8,0.8089962121212121,0.8475873451060755,48
synthetic_niah_86,niah_single_1,7,2,16,ema_rho_0.9,0.7896780303030303,0.8383103736889277,48
synthetic_niah_86,niah_single_1,7,2,16,ema_rho_0.95,0.7571969696969697,0.8155418518944894,48
synthetic_niah_86,niah_single_1,7,2,16,ema_rho_0.99,0.7142045454545455,0.7625859291539756,48
synthetic_niah_86,niah_single_1,7,2,16,ema_rho_0.995,0.7084280303030303,0.7502326569376668,48
synthetic_niah_86,niah_single_1,7,2,16,ema_rho_0.999,0.6961174242424243,0.7373754311833697,48
synthetic_niah_86,niah_single_1,7,2,32,ema_rho_0,0.7620738636363636,0.7949192284001667,32
synthetic_niah_86,niah_single_1,7,2,32,ema_rho_0.25,0.773153409090909,0.8067484488355389,32
synthetic_niah_86,niah_single_1,7,2,32,ema_rho_0.5,0.7839488636363636,0.814174010244247,32
synthetic_niah_86,niah_single_1,7,2,32,ema_rho_0.8,0.7840909090909091,0.8199714951053871,32
synthetic_niah_86,niah_single_1,7,2,32,ema_rho_0.9,0.7731534090909091,0.8149572205342612,32
synthetic_niah_86,niah_single_1,7,2,32,ema_rho_0.95,0.7556818181818183,0.8010856008057122,32
synthetic_niah_86,niah_single_1,7,2,32,ema_rho_0.99,0.7237215909090909,0.7696007200124285,32
synthetic_niah_86,niah_single_1,7,2,32,ema_rho_0.995,0.7171875000000001,0.7614116749843296,32
synthetic_niah_86,niah_single_1,7,2,32,ema_rho_0.999,0.7052556818181818,0.7527708569495875,32
synthetic_niah_86,niah_single_1,7,3,1,ema_rho_0,0.7696969696969698,0.886401678401394,63
synthetic_niah_86,niah_single_1,7,3,1,ema_rho_0.25,0.7681818181818182,0.881896478000594,63
synthetic_niah_86,niah_single_1,7,3,1,ema_rho_0.5,0.7567099567099568,0.865677582297705,63
synthetic_niah_86,niah_single_1,7,3,1,ema_rho_0.8,0.7081529581529581,0.7898788872679176,63
synthetic_niah_86,niah_single_1,7,3,1,ema_rho_0.9,0.6443722943722944,0.6729019713679919,63
synthetic_niah_86,niah_single_1,7,3,1,ema_rho_0.95,0.5635642135642135,0.5131061295359142,63
synthetic_niah_86,niah_single_1,7,3,1,ema_rho_0.99,0.543073593073593,0.3711602218129651,63
synthetic_niah_86,niah_single_1,7,3,1,ema_rho_0.995,0.5423520923520924,0.3598095739711881,63
synthetic_niah_86,niah_single_1,7,3,1,ema_rho_0.999,0.5417027417027417,0.352252997252476,63
synthetic_niah_86,niah_single_1,7,3,4,ema_rho_0,0.7571969696969696,0.870507677647884,60
synthetic_niah_86,niah_single_1,7,3,4,ema_rho_0.25,0.758560606060606,0.8687750363357188,60
synthetic_niah_86,niah_single_1,7,3,4,ema_rho_0.5,0.7605303030303029,0.860388711501833,60
synthetic_niah_86,niah_single_1,7,3,4,ema_rho_0.8,0.73,0.7977814410583993,60
synthetic_niah_86,niah_single_1,7,3,4,ema_rho_0.9,0.6702272727272728,0.6839298863378777,60
synthetic_niah_86,niah_single_1,7,3,4,ema_rho_0.95,0.5945454545454544,0.5276417523831856,60
synthetic_niah_86,niah_single_1,7,3,4,ema_rho_0.99,0.5750000000000001,0.39487622310104237,60
synthetic_niah_86,niah_single_1,7,3,4,ema_rho_0.995,0.5740909090909092,0.38402432325895014,60
synthetic_niah_86,niah_single_1,7,3,4,ema_rho_0.999,0.573030303030303,0.3767249488826789,60
synthetic_niah_86,niah_single_1,7,3,16,ema_rho_0,0.6928030303030303,0.801341420875315,48
synthetic_niah_86,niah_single_1,7,3,16,ema_rho_0.25,0.7044507575757576,0.8049573060070152,48
synthetic_niah_86,niah_single_1,7,3,16,ema_rho_0.5,0.7108901515151516,0.7997461677727239,48
synthetic_niah_86,niah_single_1,7,3,16,ema_rho_0.8,0.6947916666666667,0.7385749839867727,48
synthetic_niah_86,niah_single_1,7,3,16,ema_rho_0.9,0.6464015151515151,0.6218764548828396,48
synthetic_niah_86,niah_single_1,7,3,16,ema_rho_0.95,0.6080492424242424,0.4959521443899358,48
synthetic_niah_86,niah_single_1,7,3,16,ema_rho_0.99,0.5955492424242425,0.4040923579024784,48
synthetic_niah_86,niah_single_1,7,3,16,ema_rho_0.995,0.5944128787878787,0.3956714300807877,48
synthetic_niah_86,niah_single_1,7,3,16,ema_rho_0.999,0.59375,0.38989434714672594,48
synthetic_niah_86,niah_single_1,7,3,32,ema_rho_0,0.6602272727272728,0.7508272481479539,32
synthetic_niah_86,niah_single_1,7,3,32,ema_rho_0.25,0.6704545454545454,0.7479257244406723,32
synthetic_niah_86,niah_single_1,7,3,32,ema_rho_0.5,0.6778409090909091,0.7375613667225749,32
synthetic_niah_86,niah_single_1,7,3,32,ema_rho_0.8,0.6707386363636363,0.6638148041916316,32
synthetic_niah_86,niah_single_1,7,3,32,ema_rho_0.9,0.6447443181818182,0.5461326072624781,32
synthetic_niah_86,niah_single_1,7,3,32,ema_rho_0.95,0.6267045454545455,0.4587700815753628,32
synthetic_niah_86,niah_single_1,7,3,32,ema_rho_0.99,0.6134943181818182,0.4030569681349746,32
synthetic_niah_86,niah_single_1,7,3,32,ema_rho_0.995,0.6127840909090909,0.3975535805737634,32
synthetic_niah_86,niah_single_1,7,3,32,ema_rho_0.999,0.6124999999999999,0.39372252676308994,32
synthetic_niah_86,niah_single_1,7,4,1,ema_rho_0,0.7630591630591631,0.891531919591739,63
synthetic_niah_86,niah_single_1,7,4,1,ema_rho_0.25,0.7674603174603175,0.8895397859249184,63
synthetic_niah_86,niah_single_1,7,4,1,ema_rho_0.5,0.7608946608946608,0.8793073537352294,63
synthetic_niah_86,niah_single_1,7,4,1,ema_rho_0.8,0.7355699855699855,0.8411048202203047,63
synthetic_niah_86,niah_single_1,7,4,1,ema_rho_0.9,0.7056277056277055,0.8021673400786613,63
synthetic_niah_86,niah_single_1,7,4,1,ema_rho_0.95,0.6804473304473305,0.7621284885600923,63
synthetic_niah_86,niah_single_1,7,4,1,ema_rho_0.99,0.633910533910534,0.6806830760888248,63
synthetic_niah_86,niah_single_1,7,4,1,ema_rho_0.995,0.6202020202020202,0.6504306098928513,63
synthetic_niah_86,niah_single_1,7,4,1,ema_rho_0.999,0.5986291486291487,0.6012302611414869,63
synthetic_niah_86,niah_single_1,7,4,4,ema_rho_0,0.7325000000000002,0.8494590642193849,60
synthetic_niah_86,niah_single_1,7,4,4,ema_rho_0.25,0.7437878787878788,0.8555116428254913,60
synthetic_niah_86,niah_single_1,7,4,4,ema_rho_0.5,0.7415909090909092,0.8512231274356442,60
synthetic_niah_86,niah_single_1,7,4,4,ema_rho_0.8,0.7324242424242424,0.8235471797291474,60
synthetic_niah_86,niah_single_1,7,4,4,ema_rho_0.9,0.7125757575757576,0.7922963030539539,60
synthetic_niah_86,niah_single_1,7,4,4,ema_rho_0.95,0.6926515151515152,0.7583254316994769,60
synthetic_niah_86,niah_single_1,7,4,4,ema_rho_0.99,0.648409090909091,0.6858822431311483,60
synthetic_niah_86,niah_single_1,7,4,4,ema_rho_0.995,0.6362878787878787,0.6580778631687406,60
synthetic_niah_86,niah_single_1,7,4,4,ema_rho_0.999,0.6153030303030302,0.6123544644804283,60
synthetic_niah_86,niah_single_1,7,4,16,ema_rho_0,0.6791666666666667,0.7600309912828035,48
synthetic_niah_86,niah_single_1,7,4,16,ema_rho_0.25,0.6889204545454546,0.7672232280264923,48
synthetic_niah_86,niah_single_1,7,4,16,ema_rho_0.5,0.6912878787878789,0.7689852626493158,48
synthetic_niah_86,niah_single_1,7,4,16,ema_rho_0.8,0.7021780303030303,0.7627630275881573,48
synthetic_niah_86,niah_single_1,7,4,16,ema_rho_0.9,0.7041666666666666,0.7446591432243092,48
synthetic_niah_86,niah_single_1,7,4,16,ema_rho_0.95,0.6932765151515151,0.7215151894688021,48
synthetic_niah_86,niah_single_1,7,4,16,ema_rho_0.99,0.6722537878787879,0.6738927650327201,48
synthetic_niah_86,niah_single_1,7,4,16,ema_rho_0.995,0.6598484848484848,0.6556412798208632,48
synthetic_niah_86,niah_single_1,7,4,16,ema_rho_0.999,0.6393939393939394,0.6258054582990255,48
synthetic_niah_86,niah_single_1,7,4,32,ema_rho_0,0.6599431818181818,0.6716692064820556,32
synthetic_niah_86,niah_single_1,7,4,32,ema_rho_0.25,0.6654829545454546,0.6749173433069416,32
synthetic_niah_86,niah_single_1,7,4,32,ema_rho_0.5,0.6659090909090909,0.6744500758110692,32
synthetic_niah_86,niah_single_1,7,4,32,ema_rho_0.8,0.6720170454545454,0.6676054705104215,32
synthetic_niah_86,niah_single_1,7,4,32,ema_rho_0.9,0.6802556818181819,0.658764048218758,32
synthetic_niah_86,niah_single_1,7,4,32,ema_rho_0.95,0.6887784090909091,0.6526229334934606,32
synthetic_niah_86,niah_single_1,7,4,32,ema_rho_0.99,0.6924715909090908,0.6424533733381036,32
synthetic_niah_86,niah_single_1,7,4,32,ema_rho_0.995,0.6853693181818181,0.6372144818601936,32
synthetic_niah_86,niah_single_1,7,4,32,ema_rho_0.999,0.6667613636363636,0.627988012748798,32
synthetic_niah_86,niah_single_1,7,5,1,ema_rho_0,0.6705627705627705,0.7612191692125593,63
synthetic_niah_86,niah_single_1,7,5,1,ema_rho_0.25,0.666883116883117,0.7551344111377458,63
synthetic_niah_86,niah_single_1,7,5,1,ema_rho_0.5,0.6504329004329005,0.7291293187465636,63
synthetic_niah_86,niah_single_1,7,5,1,ema_rho_0.8,0.5926406926406925,0.6157294758104774,63
synthetic_niah_86,niah_single_1,7,5,1,ema_rho_0.9,0.5623376623376624,0.5392651730811683,63
synthetic_niah_86,niah_single_1,7,5,1,ema_rho_0.95,0.5308802308802308,0.468694374218171,63
synthetic_niah_86,niah_single_1,7,5,1,ema_rho_0.99,0.4997113997113997,0.3759201880255365,63
synthetic_niah_86,niah_single_1,7,5,1,ema_rho_0.995,0.49639249639249633,0.3552890484518111,63
synthetic_niah_86,niah_single_1,7,5,1,ema_rho_0.999,0.48845598845598837,0.33224925245100884,63
synthetic_niah_86,niah_single_1,7,5,4,ema_rho_0,0.6085606060606061,0.6730927208431072,60
synthetic_niah_86,niah_single_1,7,5,4,ema_rho_0.25,0.6146969696969697,0.6698880455138325,60
synthetic_niah_86,niah_single_1,7,5,4,ema_rho_0.5,0.6078030303030303,0.6473823723174409,60
synthetic_niah_86,niah_single_1,7,5,4,ema_rho_0.8,0.5724999999999999,0.5605966799801043,60
synthetic_niah_86,niah_single_1,7,5,4,ema_rho_0.9,0.5572727272727273,0.5036851503724032,60
synthetic_niah_86,niah_single_1,7,5,4,ema_rho_0.95,0.5309090909090909,0.4378709085803632,60
synthetic_niah_86,niah_single_1,7,5,4,ema_rho_0.99,0.505530303030303,0.36282785441120846,60
synthetic_niah_86,niah_single_1,7,5,4,ema_rho_0.995,0.5031060606060607,0.3478120500124733,60
synthetic_niah_86,niah_single_1,7,5,4,ema_rho_0.999,0.4937878787878788,0.3293193769633119,60
synthetic_niah_86,niah_single_1,7,5,16,ema_rho_0,0.4958333333333333,0.47185670334183283,48
synthetic_niah_86,niah_single_1,7,5,16,ema_rho_0.25,0.5033143939393939,0.46406662877951427,48
synthetic_niah_86,niah_single_1,7,5,16,ema_rho_0.5,0.5120265151515152,0.46043043448054694,48
synthetic_niah_86,niah_single_1,7,5,16,ema_rho_0.8,0.5353219696969697,0.4718419697464507,48
synthetic_niah_86,niah_single_1,7,5,16,ema_rho_0.9,0.5462121212121213,0.46160862069213376,48
synthetic_niah_86,niah_single_1,7,5,16,ema_rho_0.95,0.5270833333333333,0.4124513892925899,48
synthetic_niah_86,niah_single_1,7,5,16,ema_rho_0.99,0.49214015151515156,0.3319248323891287,48
synthetic_niah_86,niah_single_1,7,5,16,ema_rho_0.995,0.48787878787878786,0.31823283198379554,48
synthetic_niah_86,niah_single_1,7,5,16,ema_rho_0.999,0.48068181818181815,0.3036299877196456,48
synthetic_niah_86,niah_single_1,7,5,32,ema_rho_0,0.53125,0.4662800867894118,32
synthetic_niah_86,niah_single_1,7,5,32,ema_rho_0.25,0.5414772727272728,0.4845032733517166,32
synthetic_niah_86,niah_single_1,7,5,32,ema_rho_0.5,0.5508522727272727,0.4977688200079162,32
synthetic_niah_86,niah_single_1,7,5,32,ema_rho_0.8,0.5582386363636364,0.5022051857854224,32
synthetic_niah_86,niah_single_1,7,5,32,ema_rho_0.9,0.553409090909091,0.47017828598669414,32
synthetic_niah_86,niah_single_1,7,5,32,ema_rho_0.95,0.5255681818181819,0.4081154515928935,32
synthetic_niah_86,niah_single_1,7,5,32,ema_rho_0.99,0.4806818181818182,0.30448853554021515,32
synthetic_niah_86,niah_single_1,7,5,32,ema_rho_0.995,0.4786931818181818,0.2885794657689263,32
synthetic_niah_86,niah_single_1,7,5,32,ema_rho_0.999,0.47301136363636365,0.27575685917453474,32
synthetic_niah_86,niah_single_1,7,6,1,ema_rho_0,0.6974025974025974,0.8370275296155969,63
synthetic_niah_86,niah_single_1,7,6,1,ema_rho_0.25,0.6947330447330448,0.8352342176110945,63
synthetic_niah_86,niah_single_1,7,6,1,ema_rho_0.5,0.6820346320346321,0.8184327343576951,63
synthetic_niah_86,niah_single_1,7,6,1,ema_rho_0.8,0.6347041847041847,0.7579322030168093,63
synthetic_niah_86,niah_single_1,7,6,1,ema_rho_0.9,0.5960317460317461,0.7055151601131814,63
synthetic_niah_86,niah_single_1,7,6,1,ema_rho_0.95,0.5585137085137084,0.6580571511870368,63
synthetic_niah_86,niah_single_1,7,6,1,ema_rho_0.99,0.4954545454545455,0.5684591315341558,63
synthetic_niah_86,niah_single_1,7,6,1,ema_rho_0.995,0.47770562770562774,0.537355169034894,63
synthetic_niah_86,niah_single_1,7,6,1,ema_rho_0.999,0.4603896103896104,0.4909502261050469,63
synthetic_niah_86,niah_single_1,7,6,4,ema_rho_0,0.6465151515151514,0.7838157094050799,60
synthetic_niah_86,niah_single_1,7,6,4,ema_rho_0.25,0.6496212121212122,0.7880788704931151,60
synthetic_niah_86,niah_single_1,7,6,4,ema_rho_0.5,0.6468181818181818,0.7808417001346821,60
synthetic_niah_86,niah_single_1,7,6,4,ema_rho_0.8,0.6246212121212121,0.7423044910527796,60
synthetic_niah_86,niah_single_1,7,6,4,ema_rho_0.9,0.6016666666666669,0.7047685801668382,60
synthetic_niah_86,niah_single_1,7,6,4,ema_rho_0.95,0.5714393939393939,0.6669350465870715,60
synthetic_niah_86,niah_single_1,7,6,4,ema_rho_0.99,0.5137878787878789,0.5861985426346877,60
synthetic_niah_86,niah_single_1,7,6,4,ema_rho_0.995,0.4957575757575758,0.5564885899918495,60
synthetic_niah_86,niah_single_1,7,6,4,ema_rho_0.999,0.4765909090909091,0.5114930334885285,60
synthetic_niah_86,niah_single_1,7,6,16,ema_rho_0,0.5547348484848484,0.6601834742471343,48
synthetic_niah_86,niah_single_1,7,6,16,ema_rho_0.25,0.5628787878787879,0.6685134545650158,48
synthetic_niah_86,niah_single_1,7,6,16,ema_rho_0.5,0.5675189393939394,0.6722852960909015,48
synthetic_niah_86,niah_single_1,7,6,16,ema_rho_0.8,0.5801136363636363,0.6721539388143364,48
synthetic_niah_86,niah_single_1,7,6,16,ema_rho_0.9,0.5831439393939394,0.659262368395408,48
synthetic_niah_86,niah_single_1,7,6,16,ema_rho_0.95,0.5734848484848485,0.6386641978300859,48
synthetic_niah_86,niah_single_1,7,6,16,ema_rho_0.99,0.5308712121212121,0.5885171468694871,48
synthetic_niah_86,niah_single_1,7,6,16,ema_rho_0.995,0.5135416666666667,0.5678939902514335,48
synthetic_niah_86,niah_single_1,7,6,16,ema_rho_0.999,0.4947916666666667,0.5359103105549944,48
synthetic_niah_86,niah_single_1,7,6,32,ema_rho_0,0.5149147727272727,0.5821940331973634,32
synthetic_niah_86,niah_single_1,7,6,32,ema_rho_0.25,0.5278409090909091,0.5932838057746577,32
synthetic_niah_86,niah_single_1,7,6,32,ema_rho_0.5,0.5386363636363636,0.6028920233748809,32
synthetic_niah_86,niah_single_1,7,6,32,ema_rho_0.8,0.5617897727272727,0.61265915916028,32
synthetic_niah_86,niah_single_1,7,6,32,ema_rho_0.9,0.5785511363636364,0.6167066005762478,32
synthetic_niah_86,niah_single_1,7,6,32,ema_rho_0.95,0.5856534090909091,0.6187193705805543,32
synthetic_niah_86,niah_single_1,7,6,32,ema_rho_0.99,0.5634943181818182,0.6023459490106269,32
synthetic_niah_86,niah_single_1,7,6,32,ema_rho_0.995,0.55,0.5910811857139282,32
synthetic_niah_86,niah_single_1,7,6,32,ema_rho_0.999,0.5379261363636364,0.5723771867953353,32
synthetic_niah_86,niah_single_1,7,7,1,ema_rho_0,0.6186147186147185,0.763742561966739,63
synthetic_niah_86,niah_single_1,7,7,1,ema_rho_0.25,0.5886724386724387,0.7160933864031642,63
synthetic_niah_86,niah_single_1,7,7,1,ema_rho_0.5,0.5545454545454546,0.6640525214620996,63
synthetic_niah_86,niah_single_1,7,7,1,ema_rho_0.8,0.4869408369408369,0.5596212690300416,63
synthetic_niah_86,niah_single_1,7,7,1,ema_rho_0.9,0.43975468975468973,0.475888633350598,63
synthetic_niah_86,niah_single_1,7,7,1,ema_rho_0.95,0.38997113997113997,0.4028227554237345,63
synthetic_niah_86,niah_single_1,7,7,1,ema_rho_0.99,0.31709956709956705,0.2815541777385041,63
synthetic_niah_86,niah_single_1,7,7,1,ema_rho_0.995,0.2963924963924964,0.24367388075404922,63
synthetic_niah_86,niah_single_1,7,7,1,ema_rho_0.999,0.27604617604617615,0.18290246310341898,63
synthetic_niah_86,niah_single_1,7,7,4,ema_rho_0,0.49007575757575755,0.5801323724868116,60
synthetic_niah_86,niah_single_1,7,7,4,ema_rho_0.25,0.48651515151515146,0.5804168319421671,60
synthetic_niah_86,niah_single_1,7,7,4,ema_rho_0.5,0.4877272727272727,0.574030974253107,60
synthetic_niah_86,niah_single_1,7,7,4,ema_rho_0.8,0.464090909090909,0.5166982027858028,60
synthetic_niah_86,niah_single_1,7,7,4,ema_rho_0.9,0.43515151515151523,0.45453658890722576,60
synthetic_niah_86,niah_single_1,7,7,4,ema_rho_0.95,0.39704545454545453,0.3993686698222974,60
synthetic_niah_86,niah_single_1,7,7,4,ema_rho_0.99,0.3346212121212121,0.2955710344027031,60
synthetic_niah_86,niah_single_1,7,7,4,ema_rho_0.995,0.31772727272727275,0.25985682736382315,60
synthetic_niah_86,niah_single_1,7,7,4,ema_rho_0.999,0.29613636363636364,0.20102088856637162,60
synthetic_niah_86,niah_single_1,7,7,16,ema_rho_0,0.41363636363636364,0.4310284738583343,48
synthetic_niah_86,niah_single_1,7,7,16,ema_rho_0.25,0.4221590909090909,0.43237849562383196,48
synthetic_niah_86,niah_single_1,7,7,16,ema_rho_0.5,0.42964015151515156,0.4282493164923653,48
synthetic_niah_86,niah_single_1,7,7,16,ema_rho_0.8,0.4332386363636364,0.39715127135027295,48
synthetic_niah_86,niah_single_1,7,7,16,ema_rho_0.9,0.425094696969697,0.3702784276230653,48
synthetic_niah_86,niah_single_1,7,7,16,ema_rho_0.95,0.4089015151515151,0.34976414192850425,48
synthetic_niah_86,niah_single_1,7,7,16,ema_rho_0.99,0.3636363636363636,0.2881685949581802,48
synthetic_niah_86,niah_single_1,7,7,16,ema_rho_0.995,0.34630681818181824,0.26146973880139107,48
synthetic_niah_86,niah_single_1,7,7,16,ema_rho_0.999,0.32642045454545454,0.21564132387293564,48
synthetic_niah_86,niah_single_1,7,7,32,ema_rho_0,0.38039772727272725,0.34688926859528435,32
synthetic_niah_86,niah_single_1,7,7,32,ema_rho_0.25,0.3909090909090909,0.3494793207146052,32
synthetic_niah_86,niah_single_1,7,7,32,ema_rho_0.5,0.40014204545454546,0.34876918334027873,32
synthetic_niah_86,niah_single_1,7,7,32,ema_rho_0.8,0.4115056818181818,0.3451850296886983,32
synthetic_niah_86,niah_single_1,7,7,32,ema_rho_0.9,0.41576704545454546,0.3394525312422082,32
synthetic_niah_86,niah_single_1,7,7,32,ema_rho_0.95,0.40852272727272726,0.3249325346666143,32
synthetic_niah_86,niah_single_1,7,7,32,ema_rho_0.99,0.36363636363636365,0.27003453837024916,32
synthetic_niah_86,niah_single_1,7,7,32,ema_rho_0.995,0.3480113636363636,0.24688181947213514,32
synthetic_niah_86,niah_single_1,7,7,32,ema_rho_0.999,0.3278409090909091,0.20951588165373222,32
synthetic_niah_86,niah_single_1,14,0,1,ema_rho_0,0.6808080808080808,0.8332797993570007,63
synthetic_niah_86,niah_single_1,14,0,1,ema_rho_0.25,0.6602453102453102,0.8023906093497967,63
synthetic_niah_86,niah_single_1,14,0,1,ema_rho_0.5,0.6326118326118325,0.7639068865701668,63
synthetic_niah_86,niah_single_1,14,0,1,ema_rho_0.8,0.5892496392496392,0.6979386951268577,63
synthetic_niah_86,niah_single_1,14,0,1,ema_rho_0.9,0.5639971139971142,0.6566454357859544,63
synthetic_niah_86,niah_single_1,14,0,1,ema_rho_0.95,0.5387445887445889,0.6160523204946586,63
synthetic_niah_86,niah_single_1,14,0,1,ema_rho_0.99,0.4797258297258297,0.5241785011940343,63
synthetic_niah_86,niah_single_1,14,0,1,ema_rho_0.995,0.46284271284271283,0.48995802496612006,63
synthetic_niah_86,niah_single_1,14,0,1,ema_rho_0.999,0.4317460317460319,0.4309482010217311,63
synthetic_niah_86,niah_single_1,14,0,4,ema_rho_0,0.5706818181818182,0.6815165430181003,60
synthetic_niah_86,niah_single_1,14,0,4,ema_rho_0.25,0.5746212121212121,0.6799567576191515,60
synthetic_niah_86,niah_single_1,14,0,4,ema_rho_0.5,0.578560606060606,0.678380599398901,60
synthetic_niah_86,niah_single_1,14,0,4,ema_rho_0.8,0.5863636363636363,0.6652251270885923,60
synthetic_niah_86,niah_single_1,14,0,4,ema_rho_0.9,0.5775757575757575,0.6509355312176218,60
synthetic_niah_86,niah_single_1,14,0,4,ema_rho_0.95,0.5666666666666667,0.6269472378227559,60
synthetic_niah_86,niah_single_1,14,0,4,ema_rho_0.99,0.508030303030303,0.5471745333971949,60
synthetic_niah_86,niah_single_1,14,0,4,ema_rho_0.995,0.4884848484848484,0.5136030186705358,60
synthetic_niah_86,niah_single_1,14,0,4,ema_rho_0.999,0.4546969696969697,0.45395475146238534,60
synthetic_niah_86,niah_single_1,14,0,16,ema_rho_0,0.5404356060606061,0.6083881849411391,48
synthetic_niah_86,niah_single_1,14,0,16,ema_rho_0.25,0.5574810606060606,0.6178924546668662,48
synthetic_niah_86,niah_single_1,14,0,16,ema_rho_0.5,0.5734848484848485,0.6264872389892553,48
synthetic_niah_86,niah_single_1,14,0,16,ema_rho_0.8,0.6161931818181818,0.6472194545908722,48
synthetic_niah_86,niah_single_1,14,0,16,ema_rho_0.9,0.6226325757575758,0.659644207987181,48
synthetic_niah_86,niah_single_1,14,0,16,ema_rho_0.95,0.6133522727272728,0.6521928401067857,48
synthetic_niah_86,niah_single_1,14,0,16,ema_rho_0.99,0.5420454545454546,0.5864217746745196,48
synthetic_niah_86,niah_single_1,14,0,16,ema_rho_0.995,0.518560606060606,0.5540046979376886,48
synthetic_niah_86,niah_single_1,14,0,16,ema_rho_0.999,0.4815340909090909,0.49543763602476565,48
synthetic_niah_86,niah_single_1,14,0,32,ema_rho_0,0.5227272727272727,0.577983088617936,32
synthetic_niah_86,niah_single_1,14,0,32,ema_rho_0.25,0.5481534090909091,0.5980815485250388,32
synthetic_niah_86,niah_single_1,14,0,32,ema_rho_0.5,0.5724431818181819,0.6188162259428943,32
synthetic_niah_86,niah_single_1,14,0,32,ema_rho_0.8,0.6228693181818182,0.658212288209166,32
synthetic_niah_86,niah_single_1,14,0,32,ema_rho_0.9,0.6288352272727273,0.6717677515347276,32
synthetic_niah_86,niah_single_1,14,0,32,ema_rho_0.95,0.6119318181818182,0.6656142366985347,32
synthetic_niah_86,niah_single_1,14,0,32,ema_rho_0.99,0.5386363636363636,0.6077614330362822,32
synthetic_niah_86,niah_single_1,14,0,32,ema_rho_0.995,0.5146306818181818,0.5784809998753758,32
synthetic_niah_86,niah_single_1,14,0,32,ema_rho_0.999,0.4747159090909091,0.5274788495115428,32
synthetic_niah_86,niah_single_1,14,1,1,ema_rho_0,0.7930735930735932,0.881111193091079,63
synthetic_niah_86,niah_single_1,14,1,1,ema_rho_0.25,0.8079365079365078,0.8927440363011612,63
synthetic_niah_86,niah_single_1,14,1,1,ema_rho_0.5,0.8034632034632034,0.890504919579421,63
synthetic_niah_86,niah_single_1,14,1,1,ema_rho_0.8,0.7761183261183262,0.8625340820236099,63
synthetic_niah_86,niah_single_1,14,1,1,ema_rho_0.9,0.7599567099567099,0.8365113219540617,63
synthetic_niah_86,niah_single_1,14,1,1,ema_rho_0.95,0.7492784992784993,0.8167062440454287,63
synthetic_niah_86,niah_single_1,14,1,1,ema_rho_0.99,0.7401875901875902,0.7970501234132119,63
synthetic_niah_86,niah_single_1,14,1,1,ema_rho_0.995,0.7383116883116883,0.7931137134770198,63
synthetic_niah_86,niah_single_1,14,1,1,ema_rho_0.999,0.7303751803751806,0.7831718827554763,63
synthetic_niah_86,niah_single_1,14,1,4,ema_rho_0,0.7953030303030303,0.8793058714723908,60
synthetic_niah_86,niah_single_1,14,1,4,ema_rho_0.25,0.81,0.8914792296260966,60
synthetic_niah_86,niah_single_1,14,1,4,ema_rho_0.5,0.8079545454545455,0.8907067947558658,60
synthetic_niah_86,niah_single_1,14,1,4,ema_rho_0.8,0.7854545454545456,0.8698478101812382,60
synthetic_niah_86,niah_single_1,14,1,4,ema_rho_0.9,0.7728030303030302,0.849189649781799,60
synthetic_niah_86,niah_single_1,14,1,4,ema_rho_0.95,0.7645454545454545,0.8331056146250009,60
synthetic_niah_86,niah_single_1,14,1,4,ema_rho_0.99,0.7612121212121213,0.817923718589676,60
synthetic_niah_86,niah_single_1,14,1,4,ema_rho_0.995,0.7612121212121211,0.8150059617895943,60
synthetic_niah_86,niah_single_1,14,1,4,ema_rho_0.999,0.752878787878788,0.8062355357098511,60
synthetic_niah_86,niah_single_1,14,1,16,ema_rho_0,0.7197916666666666,0.8033282903022193,48
synthetic_niah_86,niah_single_1,14,1,16,ema_rho_0.25,0.7341856060606059,0.8181724235700902,48
synthetic_niah_86,niah_single_1,14,1,16,ema_rho_0.5,0.7379734848484848,0.8225638129953886,48
synthetic_niah_86,niah_single_1,14,1,16,ema_rho_0.8,0.7437499999999999,0.8130203285332215,48
synthetic_niah_86,niah_single_1,14,1,16,ema_rho_0.9,0.7479166666666667,0.800591271127202,48
synthetic_niah_86,niah_single_1,14,1,16,ema_rho_0.95,0.752935606060606,0.7905441883792422,48
synthetic_niah_86,niah_single_1,14,1,16,ema_rho_0.99,0.7517045454545456,0.7875771592193889,48
synthetic_niah_86,niah_single_1,14,1,16,ema_rho_0.995,0.75,0.7883983342380936,48
synthetic_niah_86,niah_single_1,14,1,16,ema_rho_0.999,0.7378787878787879,0.7872893070972725,48
synthetic_niah_86,niah_single_1,14,1,32,ema_rho_0,0.7106534090909091,0.7492397083861253,32
synthetic_niah_86,niah_single_1,14,1,32,ema_rho_0.25,0.7352272727272727,0.7652458098841927,32
synthetic_niah_86,niah_single_1,14,1,32,ema_rho_0.5,0.7480113636363637,0.7691840360692297,32
synthetic_niah_86,niah_single_1,14,1,32,ema_rho_0.8,0.7542613636363635,0.7578331282499507,32
synthetic_niah_86,niah_single_1,14,1,32,ema_rho_0.9,0.7507102272727273,0.7569290397701287,32
synthetic_niah_86,niah_single_1,14,1,32,ema_rho_0.95,0.7541193181818182,0.7634810171947659,32
synthetic_niah_86,niah_single_1,14,1,32,ema_rho_0.99,0.7455965909090909,0.7823848696236053,32
synthetic_niah_86,niah_single_1,14,1,32,ema_rho_0.995,0.7443181818181819,0.7876121782137812,32
synthetic_niah_86,niah_single_1,14,1,32,ema_rho_0.999,0.7298295454545456,0.7948964884145889,32
synthetic_niah_86,niah_single_1,14,2,1,ema_rho_0,0.745093795093795,0.8289811967654184,63
synthetic_niah_86,niah_single_1,14,2,1,ema_rho_0.25,0.7497835497835497,0.8333258941790909,63
synthetic_niah_86,niah_single_1,14,2,1,ema_rho_0.5,0.7497835497835498,0.8288832117937748,63
synthetic_niah_86,niah_single_1,14,2,1,ema_rho_0.8,0.7319624819624823,0.807006076138718,63
synthetic_niah_86,niah_single_1,14,2,1,ema_rho_0.9,0.7199855699855698,0.7879928390273714,63
synthetic_niah_86,niah_single_1,14,2,1,ema_rho_0.95,0.7105339105339105,0.7711641649134865,63
synthetic_niah_86,niah_single_1,14,2,1,ema_rho_0.99,0.6846320346320346,0.7352097248311228,63
synthetic_niah_86,niah_single_1,14,2,1,ema_rho_0.995,0.6697691197691199,0.7131608066981323,63
synthetic_niah_86,niah_single_1,14,2,1,ema_rho_0.999,0.6202020202020203,0.6376969260792087,63
synthetic_niah_86,niah_single_1,14,2,4,ema_rho_0,0.7290909090909091,0.8033344144392527,60
synthetic_niah_86,niah_single_1,14,2,4,ema_rho_0.25,0.7454545454545456,0.8210431672758979,60
synthetic_niah_86,niah_single_1,14,2,4,ema_rho_0.5,0.753560606060606,0.8276541774153962,60
synthetic_niah_86,niah_single_1,14,2,4,ema_rho_0.8,0.7487121212121213,0.8225424006883452,60
synthetic_niah_86,niah_single_1,14,2,4,ema_rho_0.9,0.744090909090909,0.8116131232034856,60
synthetic_niah_86,niah_single_1,14,2,4,ema_rho_0.95,0.7370454545454546,0.7989984567879934,60
synthetic_niah_86,niah_single_1,14,2,4,ema_rho_0.99,0.712348484848485,0.7635922193220331,60
synthetic_niah_86,niah_single_1,14,2,4,ema_rho_0.995,0.695530303030303,0.7393822493829911,60
synthetic_niah_86,niah_single_1,14,2,4,ema_rho_0.999,0.6365909090909091,0.6570057424657966,60
synthetic_niah_86,niah_single_1,14,2,16,ema_rho_0,0.6802083333333332,0.732729373975249,48
synthetic_niah_86,niah_single_1,14,2,16,ema_rho_0.25,0.6998106060606061,0.7557276597251222,48
synthetic_niah_86,niah_single_1,14,2,16,ema_rho_0.5,0.7116477272727272,0.7705173058561933,48
synthetic_niah_86,niah_single_1,14,2,16,ema_rho_0.8,0.7243371212121211,0.7922485534427984,48
synthetic_niah_86,niah_single_1,14,2,16,ema_rho_0.9,0.7276515151515152,0.7977662760989199,48
synthetic_niah_86,niah_single_1,14,2,16,ema_rho_0.95,0.7236742424242424,0.7921143742503545,48
synthetic_niah_86,niah_single_1,14,2,16,ema_rho_0.99,0.7002840909090908,0.7590698001484029,48
synthetic_niah_86,niah_single_1,14,2,16,ema_rho_0.995,0.684185606060606,0.7329599185244823,48
synthetic_niah_86,niah_single_1,14,2,16,ema_rho_0.999,0.6259469696969697,0.6483545090071834,48
synthetic_niah_86,niah_single_1,14,2,32,ema_rho_0,0.65,0.6619499710450778,32
synthetic_niah_86,niah_single_1,14,2,32,ema_rho_0.25,0.6694602272727272,0.6948107324914985,32
synthetic_niah_86,niah_single_1,14,2,32,ema_rho_0.5,0.6842329545454545,0.717755058465779,32
synthetic_niah_86,niah_single_1,14,2,32,ema_rho_0.8,0.7036931818181817,0.7457096937612222,32
synthetic_niah_86,niah_single_1,14,2,32,ema_rho_0.9,0.7024147727272727,0.7500549565490584,32
synthetic_niah_86,niah_single_1,14,2,32,ema_rho_0.95,0.6919034090909091,0.7463361593902513,32
synthetic_niah_86,niah_single_1,14,2,32,ema_rho_0.99,0.6696022727272728,0.719699076420522,32
synthetic_niah_86,niah_single_1,14,2,32,ema_rho_0.995,0.6546875,0.6948681231123567,32
synthetic_niah_86,niah_single_1,14,2,32,ema_rho_0.999,0.5982954545454545,0.6214641587536067,32
synthetic_niah_86,niah_single_1,14,3,1,ema_rho_0,0.7668109668109668,0.8571915085081838,63
synthetic_niah_86,niah_single_1,14,3,1,ema_rho_0.25,0.7722943722943724,0.8592184746977054,63
synthetic_niah_86,niah_single_1,14,3,1,ema_rho_0.5,0.7704906204906203,0.8518541897670481,63
synthetic_niah_86,niah_single_1,14,3,1,ema_rho_0.8,0.7512987012987012,0.8209054366309894,63
synthetic_niah_86,niah_single_1,14,3,1,ema_rho_0.9,0.7328282828282827,0.8013369857301447,63
synthetic_niah_86,niah_single_1,14,3,1,ema_rho_0.95,0.7180375180375181,0.7933960262262189,63
synthetic_niah_86,niah_single_1,14,3,1,ema_rho_0.99,0.6811688311688312,0.7715635308140125,63
synthetic_niah_86,niah_single_1,14,3,1,ema_rho_0.995,0.6624098124098123,0.7580387087945922,63
synthetic_niah_86,niah_single_1,14,3,1,ema_rho_0.999,0.6397546897546896,0.733436289216185,63
synthetic_niah_86,niah_single_1,14,3,4,ema_rho_0,0.7522727272727273,0.8247577167381868,60
synthetic_niah_86,niah_single_1,14,3,4,ema_rho_0.25,0.7656060606060606,0.838362405228643,60
synthetic_niah_86,niah_single_1,14,3,4,ema_rho_0.5,0.7709848484848486,0.8388150724341907,60
synthetic_niah_86,niah_single_1,14,3,4,ema_rho_0.8,0.7597727272727272,0.8277253689994226,60
synthetic_niah_86,niah_single_1,14,3,4,ema_rho_0.9,0.747121212121212,0.8225430224619916,60
synthetic_niah_86,niah_single_1,14,3,4,ema_rho_0.95,0.7359848484848486,0.8233952272119524,60
synthetic_niah_86,niah_single_1,14,3,4,ema_rho_0.99,0.6967424242424243,0.8061991892784799,60
synthetic_niah_86,niah_single_1,14,3,4,ema_rho_0.995,0.6775,0.7928933875685922,60
synthetic_niah_86,niah_single_1,14,3,4,ema_rho_0.999,0.6534090909090909,0.7680453780067236,60
synthetic_niah_86,niah_single_1,14,3,16,ema_rho_0,0.7014204545454547,0.7483666114880235,48
synthetic_niah_86,niah_single_1,14,3,16,ema_rho_0.25,0.7192234848484849,0.7719413880864469,48
synthetic_niah_86,niah_single_1,14,3,16,ema_rho_0.5,0.7335227272727275,0.787579490790106,48
synthetic_niah_86,niah_single_1,14,3,16,ema_rho_0.8,0.7484848484848484,0.8177141656396048,48
synthetic_niah_86,niah_single_1,14,3,16,ema_rho_0.9,0.7449810606060607,0.8312409667341362,48
synthetic_niah_86,niah_single_1,14,3,16,ema_rho_0.95,0.7341856060606059,0.8331406622235313,48
synthetic_niah_86,niah_single_1,14,3,16,ema_rho_0.99,0.6802083333333333,0.8051916393596374,48
synthetic_niah_86,niah_single_1,14,3,16,ema_rho_0.995,0.6547348484848485,0.7893315106224302,48
synthetic_niah_86,niah_single_1,14,3,16,ema_rho_0.999,0.6308712121212121,0.7625488079872388,48
synthetic_niah_86,niah_single_1,14,3,32,ema_rho_0,0.6582386363636363,0.7607433108312713,32
synthetic_niah_86,niah_single_1,14,3,32,ema_rho_0.25,0.6769886363636364,0.78567243817888,32
synthetic_niah_86,niah_single_1,14,3,32,ema_rho_0.5,0.6883522727272727,0.8033378821319997,32
synthetic_niah_86,niah_single_1,14,3,32,ema_rho_0.8,0.6957386363636363,0.8277051804649167,32
synthetic_niah_86,niah_single_1,14,3,32,ema_rho_0.9,0.689346590909091,0.8260966185603917,32
synthetic_niah_86,niah_single_1,14,3,32,ema_rho_0.95,0.678409090909091,0.8175190245841397,32
synthetic_niah_86,niah_single_1,14,3,32,ema_rho_0.99,0.6170454545454546,0.7894861227374159,32
synthetic_niah_86,niah_single_1,14,3,32,ema_rho_0.995,0.5930397727272727,0.7758231257934521,32
synthetic_niah_86,niah_single_1,14,3,32,ema_rho_0.999,0.5839488636363637,0.7542499506889729,32
synthetic_niah_86,niah_single_1,14,4,1,ema_rho_0,0.8071428571428572,0.8977081599665918,63
synthetic_niah_86,niah_single_1,14,4,1,ema_rho_0.25,0.8117604617604618,0.9032225372012213,63
synthetic_niah_86,niah_single_1,14,4,1,ema_rho_0.5,0.81017316017316,0.9003326496638332,63
synthetic_niah_86,niah_single_1,14,4,1,ema_rho_0.8,0.7941558441558442,0.8843134422261797,63
synthetic_niah_86,niah_single_1,14,4,1,ema_rho_0.9,0.7802308802308802,0.873378670819499,63
synthetic_niah_86,niah_single_1,14,4,1,ema_rho_0.95,0.7725829725829727,0.8674529852130992,63
synthetic_niah_86,niah_single_1,14,4,1,ema_rho_0.99,0.7616161616161615,0.8541603349142238,63
synthetic_niah_86,niah_single_1,14,4,1,ema_rho_0.995,0.7513708513708512,0.8443413040702511,63
synthetic_niah_86,niah_single_1,14,4,1,ema_rho_0.999,0.7221500721500721,0.8137049453447406,63
synthetic_niah_86,niah_single_1,14,4,4,ema_rho_0,0.7954545454545454,0.8902802085944516,60
synthetic_niah_86,niah_single_1,14,4,4,ema_rho_0.25,0.8093181818181819,0.9026664007785167,60
synthetic_niah_86,niah_single_1,14,4,4,ema_rho_0.5,0.8142424242424242,0.9047980484916274,60
synthetic_niah_86,niah_single_1,14,4,4,ema_rho_0.8,0.8018939393939392,0.897470326330506,60
synthetic_niah_86,niah_single_1,14,4,4,ema_rho_0.9,0.7899999999999998,0.8918763187445347,60
synthetic_niah_86,niah_single_1,14,4,4,ema_rho_0.95,0.7842424242424243,0.8881676299971554,60
synthetic_niah_86,niah_single_1,14,4,4,ema_rho_0.99,0.7699999999999999,0.8737603885317372,60
synthetic_niah_86,niah_single_1,14,4,4,ema_rho_0.995,0.7591666666666667,0.8625332430094726,60
synthetic_niah_86,niah_single_1,14,4,4,ema_rho_0.999,0.7232575757575757,0.8284153703462758,60
synthetic_niah_86,niah_single_1,14,4,16,ema_rho_0,0.7447916666666666,0.845904864331051,48
synthetic_niah_86,niah_single_1,14,4,16,ema_rho_0.25,0.7525568181818182,0.8596907553754126,48
synthetic_niah_86,niah_single_1,14,4,16,ema_rho_0.5,0.756060606060606,0.8670998775100908,48
synthetic_niah_86,niah_single_1,14,4,16,ema_rho_0.8,0.7627840909090909,0.8804144939005344,48
synthetic_niah_86,niah_single_1,14,4,16,ema_rho_0.9,0.771875,0.8844099095165139,48
synthetic_niah_86,niah_single_1,14,4,16,ema_rho_0.95,0.7734848484848486,0.8823335427091553,48
synthetic_niah_86,niah_single_1,14,4,16,ema_rho_0.99,0.7535037878787878,0.8691714624607506,48
synthetic_niah_86,niah_single_1,14,4,16,ema_rho_0.995,0.7365530303030304,0.8587173592630637,48
synthetic_niah_86,niah_single_1,14,4,16,ema_rho_0.999,0.696685606060606,0.8271601608760729,48
synthetic_niah_86,niah_single_1,14,4,32,ema_rho_0,0.7177556818181818,0.8198541306419576,32
synthetic_niah_86,niah_single_1,14,4,32,ema_rho_0.25,0.7349431818181819,0.8407045397038152,32
synthetic_niah_86,niah_single_1,14,4,32,ema_rho_0.5,0.7509943181818182,0.8531699853140886,32
synthetic_niah_86,niah_single_1,14,4,32,ema_rho_0.8,0.7713068181818182,0.8650238858022923,32
synthetic_niah_86,niah_single_1,14,4,32,ema_rho_0.9,0.7821022727272728,0.8655360348641644,32
synthetic_niah_86,niah_single_1,14,4,32,ema_rho_0.95,0.7745738636363637,0.8647864140697922,32
synthetic_niah_86,niah_single_1,14,4,32,ema_rho_0.99,0.7362215909090909,0.8596506686623401,32
synthetic_niah_86,niah_single_1,14,4,32,ema_rho_0.995,0.7120738636363636,0.8517411809704419,32
synthetic_niah_86,niah_single_1,14,4,32,ema_rho_0.999,0.6782670454545454,0.8270721824994398,32
synthetic_niah_86,niah_single_1,14,5,1,ema_rho_0,0.7176046176046176,0.8492273349769068,63
synthetic_niah_86,niah_single_1,14,5,1,ema_rho_0.25,0.7164502164502166,0.8453253801650434,63
synthetic_niah_86,niah_single_1,14,5,1,ema_rho_0.5,0.7046897546897546,0.8280416974072916,63
synthetic_niah_86,niah_single_1,14,5,1,ema_rho_0.8,0.6628427128427128,0.7774160072295991,63
synthetic_niah_86,niah_single_1,14,5,1,ema_rho_0.9,0.6251082251082251,0.7277179496260613,63
synthetic_niah_86,niah_single_1,14,5,1,ema_rho_0.95,0.5898989898989899,0.6692000002212104,63
synthetic_niah_86,niah_single_1,14,5,1,ema_rho_0.99,0.5137806637806639,0.5475828972351451,63
synthetic_niah_86,niah_single_1,14,5,1,ema_rho_0.995,0.4869408369408369,0.5022125066381702,63
synthetic_niah_86,niah_single_1,14,5,1,ema_rho_0.999,0.44783549783549786,0.42201578487229796,63
synthetic_niah_86,niah_single_1,14,5,4,ema_rho_0,0.6618181818181819,0.7760760986869352,60
synthetic_niah_86,niah_single_1,14,5,4,ema_rho_0.25,0.6698484848484849,0.7845589549059692,60
synthetic_niah_86,niah_single_1,14,5,4,ema_rho_0.5,0.6669696969696969,0.7817150014125133,60
synthetic_niah_86,niah_single_1,14,5,4,ema_rho_0.8,0.6518181818181819,0.7571810429031686,60
synthetic_niah_86,niah_single_1,14,5,4,ema_rho_0.9,0.6232575757575757,0.7182261250872094,60
synthetic_niah_86,niah_single_1,14,5,4,ema_rho_0.95,0.5928787878787877,0.6666025371873892,60
synthetic_niah_86,niah_single_1,14,5,4,ema_rho_0.99,0.5234848484848486,0.5560057200749683,60
synthetic_niah_86,niah_single_1,14,5,4,ema_rho_0.995,0.49954545454545457,0.5137125429585647,60
synthetic_niah_86,niah_single_1,14,5,4,ema_rho_0.999,0.4625,0.43820781648274976,60
synthetic_niah_86,niah_single_1,14,5,16,ema_rho_0,0.5728219696969696,0.6460786355046672,48
synthetic_niah_86,niah_single_1,14,5,16,ema_rho_0.25,0.5870265151515152,0.6660552590220011,48
synthetic_niah_86,niah_single_1,14,5,16,ema_rho_0.5,0.5935606060606061,0.6784153604083372,48
synthetic_niah_86,niah_single_1,14,5,16,ema_rho_0.8,0.5968749999999999,0.6799422193210516,48
synthetic_niah_86,niah_single_1,14,5,16,ema_rho_0.9,0.5836174242424242,0.652706624784883,48
synthetic_niah_86,niah_single_1,14,5,16,ema_rho_0.95,0.5643939393939394,0.6164290667191339,48
synthetic_niah_86,niah_single_1,14,5,16,ema_rho_0.99,0.5177083333333333,0.5390070151621922,48
synthetic_niah_86,niah_single_1,14,5,16,ema_rho_0.995,0.49810606060606055,0.5075869324167567,48
synthetic_niah_86,niah_single_1,14,5,16,ema_rho_0.999,0.4665719696969697,0.4514379743410169,48
synthetic_niah_86,niah_single_1,14,5,32,ema_rho_0,0.5035511363636364,0.5221096798949207,32
synthetic_niah_86,niah_single_1,14,5,32,ema_rho_0.25,0.5215909090909091,0.5433270887641594,32
synthetic_niah_86,niah_single_1,14,5,32,ema_rho_0.5,0.5338068181818182,0.557293906645308,32
synthetic_niah_86,niah_single_1,14,5,32,ema_rho_0.8,0.5461647727272727,0.5681152732826467,32
synthetic_niah_86,niah_single_1,14,5,32,ema_rho_0.9,0.5474431818181817,0.5625383382863897,32
synthetic_niah_86,niah_single_1,14,5,32,ema_rho_0.95,0.5441761363636364,0.5519083830968767,32
synthetic_niah_86,niah_single_1,14,5,32,ema_rho_0.99,0.5271306818181818,0.5140829115888351,32
synthetic_niah_86,niah_single_1,14,5,32,ema_rho_0.995,0.5144886363636363,0.4947724158539525,32
synthetic_niah_86,niah_single_1,14,5,32,ema_rho_0.999,0.49502840909090906,0.4609286832220848,32
synthetic_niah_86,niah_single_1,14,6,1,ema_rho_0,0.7740981240981241,0.8704641372941492,63
synthetic_niah_86,niah_single_1,14,6,1,ema_rho_0.25,0.7825396825396825,0.8784555614828888,63
synthetic_niah_86,niah_single_1,14,6,1,ema_rho_0.5,0.7782106782106782,0.8752860624017537,63
synthetic_niah_86,niah_single_1,14,6,1,ema_rho_0.8,0.7554834054834055,0.8519928295924516,63
synthetic_niah_86,niah_single_1,14,6,1,ema_rho_0.9,0.7354256854256855,0.8341620968802981,63
synthetic_niah_86,niah_single_1,14,6,1,ema_rho_0.95,0.7218614718614719,0.8196473757662475,63
synthetic_niah_86,niah_single_1,14,6,1,ema_rho_0.99,0.6498556998556999,0.78615244852805,63
synthetic_niah_86,niah_single_1,14,6,1,ema_rho_0.995,0.615945165945166,0.7701776090158993,63
synthetic_niah_86,niah_single_1,14,6,1,ema_rho_0.999,0.5701298701298702,0.7351831823685466,63
synthetic_niah_86,niah_single_1,14,6,4,ema_rho_0,0.769090909090909,0.8639044846999205,60
synthetic_niah_86,niah_single_1,14,6,4,ema_rho_0.25,0.7878787878787877,0.8792705229025544,60
synthetic_niah_86,niah_single_1,14,6,4,ema_rho_0.5,0.791590909090909,0.8802945147924978,60
synthetic_niah_86,niah_single_1,14,6,4,ema_rho_0.8,0.7712121212121211,0.8626790754104762,60
synthetic_niah_86,niah_single_1,14,6,4,ema_rho_0.9,0.7499242424242425,0.8481994722990974,60
synthetic_niah_86,niah_single_1,14,6,4,ema_rho_0.95,0.7349999999999998,0.833394806703056,60
synthetic_niah_86,niah_single_1,14,6,4,ema_rho_0.99,0.6428030303030302,0.7957042447865506,60
synthetic_niah_86,niah_single_1,14,6,4,ema_rho_0.995,0.6063636363636363,0.7783289906219426,60
synthetic_niah_86,niah_single_1,14,6,4,ema_rho_0.999,0.5547727272727273,0.7413255716207324,60
synthetic_niah_86,niah_single_1,14,6,16,ema_rho_0,0.7134469696969697,0.7966239840035048,48
synthetic_niah_86,niah_single_1,14,6,16,ema_rho_0.25,0.7297348484848484,0.8137030810839628,48
synthetic_niah_86,niah_single_1,14,6,16,ema_rho_0.5,0.7392992424242424,0.8197424724349563,48
synthetic_niah_86,niah_single_1,14,6,16,ema_rho_0.8,0.7380681818181819,0.8258913094101072,48
synthetic_niah_86,niah_single_1,14,6,16,ema_rho_0.9,0.7242424242424242,0.8240195150772728,48
synthetic_niah_86,niah_single_1,14,6,16,ema_rho_0.95,0.7041666666666666,0.812782364618688,48
synthetic_niah_86,niah_single_1,14,6,16,ema_rho_0.99,0.6028409090909091,0.7775257210549157,48
synthetic_niah_86,niah_single_1,14,6,16,ema_rho_0.995,0.5708333333333333,0.7606984030962431,48
synthetic_niah_86,niah_single_1,14,6,16,ema_rho_0.999,0.5235795454545454,0.7264086072876773,48
synthetic_niah_86,niah_single_1,14,6,32,ema_rho_0,0.6553977272727273,0.7538923215470968,32
synthetic_niah_86,niah_single_1,14,6,32,ema_rho_0.25,0.6786931818181818,0.7797497490211562,32
synthetic_niah_86,niah_single_1,14,6,32,ema_rho_0.5,0.6913352272727273,0.7922279696608693,32
synthetic_niah_86,niah_single_1,14,6,32,ema_rho_0.8,0.6772727272727272,0.7955405174443846,32
synthetic_niah_86,niah_single_1,14,6,32,ema_rho_0.9,0.654971590909091,0.7915543897587831,32
synthetic_niah_86,niah_single_1,14,6,32,ema_rho_0.95,0.6265625,0.7874498793565177,32
synthetic_niah_86,niah_single_1,14,6,32,ema_rho_0.99,0.5254261363636363,0.7652332150157146,32
synthetic_niah_86,niah_single_1,14,6,32,ema_rho_0.995,0.5049715909090908,0.7523518106915404,32
synthetic_niah_86,niah_single_1,14,6,32,ema_rho_0.999,0.4708806818181818,0.7269747607038395,32
synthetic_niah_86,niah_single_1,14,7,1,ema_rho_0,0.776984126984127,0.9058547499608729,63
synthetic_niah_86,niah_single_1,14,7,1,ema_rho_0.25,0.7805194805194805,0.9074324006902216,63
synthetic_niah_86,niah_single_1,14,7,1,ema_rho_0.5,0.7773448773448774,0.9044805474493579,63
synthetic_niah_86,niah_single_1,14,7,1,ema_rho_0.8,0.7600288600288599,0.8917733318270045,63
synthetic_niah_86,niah_single_1,14,7,1,ema_rho_0.9,0.744083694083694,0.8754480641132736,63
synthetic_niah_86,niah_single_1,14,7,1,ema_rho_0.95,0.7280663780663781,0.8549368929823221,63
synthetic_niah_86,niah_single_1,14,7,1,ema_rho_0.99,0.6880230880230881,0.8137296536296047,63
synthetic_niah_86,niah_single_1,14,7,1,ema_rho_0.995,0.6665223665223665,0.7957864418177826,63
synthetic_niah_86,niah_single_1,14,7,1,ema_rho_0.999,0.6190476190476192,0.747418961541571,63
synthetic_niah_86,niah_single_1,14,7,4,ema_rho_0,0.760909090909091,0.8907482863250059,60
synthetic_niah_86,niah_single_1,14,7,4,ema_rho_0.25,0.7737878787878788,0.9029776276574768,60
synthetic_niah_86,niah_single_1,14,7,4,ema_rho_0.5,0.7806818181818184,0.9092372652367696,60
synthetic_niah_86,niah_single_1,14,7,4,ema_rho_0.8,0.7768181818181819,0.9080486491271297,60
synthetic_niah_86,niah_single_1,14,7,4,ema_rho_0.9,0.7654545454545455,0.8967556659013459,60
synthetic_niah_86,niah_single_1,14,7,4,ema_rho_0.95,0.7504545454545453,0.879007621911555,60
synthetic_niah_86,niah_single_1,14,7,4,ema_rho_0.99,0.7068939393939394,0.8387135938574511,60
synthetic_niah_86,niah_single_1,14,7,4,ema_rho_0.995,0.6832575757575757,0.819482818662401,60
synthetic_niah_86,niah_single_1,14,7,4,ema_rho_0.999,0.6314393939393939,0.766973005305985,60
synthetic_niah_86,niah_single_1,14,7,16,ema_rho_0,0.7263257575757577,0.8640646625872531,48
synthetic_niah_86,niah_single_1,14,7,16,ema_rho_0.25,0.7412878787878787,0.8803736947747942,48
synthetic_niah_86,niah_single_1,14,7,16,ema_rho_0.5,0.7523674242424242,0.8911558205403397,48
synthetic_niah_86,niah_single_1,14,7,16,ema_rho_0.8,0.7661931818181819,0.9000270975692225,48
synthetic_niah_86,niah_single_1,14,7,16,ema_rho_0.9,0.758901515151515,0.8942243406592029,48
synthetic_niah_86,niah_single_1,14,7,16,ema_rho_0.95,0.7465909090909091,0.8802976605445382,48
synthetic_niah_86,niah_single_1,14,7,16,ema_rho_0.99,0.7128787878787879,0.8467751881337507,48
synthetic_niah_86,niah_single_1,14,7,16,ema_rho_0.995,0.6923295454545455,0.8286818919714555,48
synthetic_niah_86,niah_single_1,14,7,16,ema_rho_0.999,0.6393939393939393,0.7783955895725742,48
synthetic_niah_86,niah_single_1,14,7,32,ema_rho_0,0.6896306818181818,0.8335419326238116,32
synthetic_niah_86,niah_single_1,14,7,32,ema_rho_0.25,0.7005681818181819,0.8512853554491794,32
synthetic_niah_86,niah_single_1,14,7,32,ema_rho_0.5,0.7136363636363636,0.8627710107887214,32
synthetic_niah_86,niah_single_1,14,7,32,ema_rho_0.8,0.7257102272727272,0.8707202031231143,32
synthetic_niah_86,niah_single_1,14,7,32,ema_rho_0.9,0.7251420454545454,0.8639208688404616,32
synthetic_niah_86,niah_single_1,14,7,32,ema_rho_0.95,0.71875,0.855202481098749,32
synthetic_niah_86,niah_single_1,14,7,32,ema_rho_0.99,0.6990056818181818,0.8338805675033479,32
synthetic_niah_86,niah_single_1,14,7,32,ema_rho_0.995,0.6876420454545454,0.8194217864618258,32
synthetic_niah_86,niah_single_1,14,7,32,ema_rho_0.999,0.642471590909091,0.7778211514873217,32
synthetic_niah_86,niah_single_1,15,0,1,ema_rho_0,0.7585858585858585,0.8739455238007428,63
synthetic_niah_86,niah_single_1,15,0,1,ema_rho_0.25,0.7722222222222223,0.8872619086377922,63
synthetic_niah_86,niah_single_1,15,0,1,ema_rho_0.5,0.7755411255411254,0.8886564889339401,63
synthetic_niah_86,niah_single_1,15,0,1,ema_rho_0.8,0.7745310245310245,0.8760590253277819,63
synthetic_niah_86,niah_single_1,15,0,1,ema_rho_0.9,0.7661616161616162,0.8630061512434882,63
synthetic_niah_86,niah_single_1,15,0,1,ema_rho_0.95,0.7573593073593073,0.8514487663062298,63
synthetic_niah_86,niah_single_1,15,0,1,ema_rho_0.99,0.7130591630591631,0.8057781104021037,63
synthetic_niah_86,niah_single_1,15,0,1,ema_rho_0.995,0.6958874458874458,0.7835147658839443,63
synthetic_niah_86,niah_single_1,15,0,1,ema_rho_0.999,0.6720779220779222,0.7490101549275444,63
synthetic_niah_86,niah_single_1,15,0,4,ema_rho_0,0.7662121212121212,0.8791274069076892,60
synthetic_niah_86,niah_single_1,15,0,4,ema_rho_0.25,0.7943939393939394,0.9024884163909462,60
synthetic_niah_86,niah_single_1,15,0,4,ema_rho_0.5,0.8097727272727273,0.9109272836734816,60
synthetic_niah_86,niah_single_1,15,0,4,ema_rho_0.8,0.8203030303030302,0.9071248400434807,60
synthetic_niah_86,niah_single_1,15,0,4,ema_rho_0.9,0.815530303030303,0.8991062003048372,60
synthetic_niah_86,niah_single_1,15,0,4,ema_rho_0.95,0.8062878787878789,0.888358242002073,60
synthetic_niah_86,niah_single_1,15,0,4,ema_rho_0.99,0.7406818181818182,0.8315466299533125,60
synthetic_niah_86,niah_single_1,15,0,4,ema_rho_0.995,0.7175,0.8047646234934417,60
synthetic_niah_86,niah_single_1,15,0,4,ema_rho_0.999,0.6876515151515151,0.7647029555328061,60
synthetic_niah_86,niah_single_1,15,0,16,ema_rho_0,0.7363636363636363,0.8376514447531642,48
synthetic_niah_86,niah_single_1,15,0,16,ema_rho_0.25,0.765625,0.8645896001792504,48
synthetic_niah_86,niah_single_1,15,0,16,ema_rho_0.5,0.7857954545454545,0.8779681229497861,48
synthetic_niah_86,niah_single_1,15,0,16,ema_rho_0.8,0.8110795454545455,0.8986002057830139,48
synthetic_niah_86,niah_single_1,15,0,16,ema_rho_0.9,0.8194128787878788,0.9077544347140866,48
synthetic_niah_86,niah_single_1,15,0,16,ema_rho_0.95,0.8148674242424243,0.9008464947783338,48
synthetic_niah_86,niah_single_1,15,0,16,ema_rho_0.99,0.7399621212121211,0.8354780597929049,48
synthetic_niah_86,niah_single_1,15,0,16,ema_rho_0.995,0.7161931818181818,0.8069650230788113,48
synthetic_niah_86,niah_single_1,15,0,16,ema_rho_0.999,0.6880681818181819,0.7672971275678605,48
synthetic_niah_86,niah_single_1,15,0,32,ema_rho_0,0.7355113636363636,0.8513830480761234,32
synthetic_niah_86,niah_single_1,15,0,32,ema_rho_0.25,0.7735795454545454,0.8907438030464465,32
synthetic_niah_86,niah_single_1,15,0,32,ema_rho_0.5,0.8012784090909091,0.9103781013958133,32
synthetic_niah_86,niah_single_1,15,0,32,ema_rho_0.8,0.8241477272727273,0.9276517211161085,32
synthetic_niah_86,niah_single_1,15,0,32,ema_rho_0.9,0.8177556818181818,0.9232524615475806,32
synthetic_niah_86,niah_single_1,15,0,32,ema_rho_0.95,0.7911931818181819,0.9021580372740663,32
synthetic_niah_86,niah_single_1,15,0,32,ema_rho_0.99,0.7098011363636363,0.8256733001339862,32
synthetic_niah_86,niah_single_1,15,0,32,ema_rho_0.995,0.6920454545454545,0.7991014293199403,32
synthetic_niah_86,niah_single_1,15,0,32,ema_rho_0.999,0.6762784090909091,0.7660351570839741,32
synthetic_niah_86,niah_single_1,15,1,1,ema_rho_0,0.72987012987013,0.79953622855258,63
synthetic_niah_86,niah_single_1,15,1,1,ema_rho_0.25,0.7416305916305915,0.8134389365970489,63
synthetic_niah_86,niah_single_1,15,1,1,ema_rho_0.5,0.7435786435786438,0.8076221305449854,63
synthetic_niah_86,niah_single_1,15,1,1,ema_rho_0.8,0.7333333333333333,0.7767553818648235,63
synthetic_niah_86,niah_single_1,15,1,1,ema_rho_0.9,0.725901875901876,0.7592740051792779,63
synthetic_niah_86,niah_single_1,15,1,1,ema_rho_0.95,0.7183261183261184,0.7459833933866618,63
synthetic_niah_86,niah_single_1,15,1,1,ema_rho_0.99,0.6861471861471862,0.717184584816946,63
synthetic_niah_86,niah_single_1,15,1,1,ema_rho_0.995,0.6715007215007215,0.7035453883575633,63
synthetic_niah_86,niah_single_1,15,1,1,ema_rho_0.999,0.6440115440115443,0.6730060539076798,63
synthetic_niah_86,niah_single_1,15,1,4,ema_rho_0,0.7269696969696969,0.7953271102382006,60
synthetic_niah_86,niah_single_1,15,1,4,ema_rho_0.25,0.7511363636363638,0.8226149701334639,60
synthetic_niah_86,niah_single_1,15,1,4,ema_rho_0.5,0.7612878787878788,0.8250165930138791,60
synthetic_niah_86,niah_single_1,15,1,4,ema_rho_0.8,0.7623484848484847,0.8082528323415001,60
synthetic_niah_86,niah_single_1,15,1,4,ema_rho_0.9,0.7612121212121213,0.799235640598503,60
synthetic_niah_86,niah_single_1,15,1,4,ema_rho_0.95,0.7519696969696971,0.7895173363188367,60
synthetic_niah_86,niah_single_1,15,1,4,ema_rho_0.99,0.7092424242424242,0.7588631170237056,60
synthetic_niah_86,niah_single_1,15,1,4,ema_rho_0.995,0.6925,0.7428062363867838,60
synthetic_niah_86,niah_single_1,15,1,4,ema_rho_0.999,0.6597727272727273,0.707139547296262,60
synthetic_niah_86,niah_single_1,15,1,16,ema_rho_0,0.6868371212121213,0.7053840903503602,48
synthetic_niah_86,niah_single_1,15,1,16,ema_rho_0.25,0.7128787878787879,0.7349451617452392,48
synthetic_niah_86,niah_single_1,15,1,16,ema_rho_0.5,0.7308712121212121,0.7469096342550606,48
synthetic_niah_86,niah_single_1,15,1,16,ema_rho_0.8,0.746780303030303,0.7743841677711334,48
synthetic_niah_86,niah_single_1,15,1,16,ema_rho_0.9,0.7525568181818182,0.7863738894044872,48
synthetic_niah_86,niah_single_1,15,1,16,ema_rho_0.95,0.7424242424242425,0.7856214545405636,48
synthetic_niah_86,niah_single_1,15,1,16,ema_rho_0.99,0.7021780303030303,0.7556354302525495,48
synthetic_niah_86,niah_single_1,15,1,16,ema_rho_0.995,0.6868371212121213,0.7373551411583009,48
synthetic_niah_86,niah_single_1,15,1,16,ema_rho_0.999,0.6627840909090909,0.7005719110368344,48
synthetic_niah_86,niah_single_1,15,1,32,ema_rho_0,0.6636363636363636,0.7018488927859775,32
synthetic_niah_86,niah_single_1,15,1,32,ema_rho_0.25,0.6957386363636364,0.7586675885695524,32
synthetic_niah_86,niah_single_1,15,1,32,ema_rho_0.5,0.7116477272727273,0.7826794686460515,32
synthetic_niah_86,niah_single_1,15,1,32,ema_rho_0.8,0.7224431818181818,0.8015989785496779,32
synthetic_niah_86,niah_single_1,15,1,32,ema_rho_0.9,0.7210227272727272,0.800996844104963,32
synthetic_niah_86,niah_single_1,15,1,32,ema_rho_0.95,0.7099431818181818,0.7916431414209597,32
synthetic_niah_86,niah_single_1,15,1,32,ema_rho_0.99,0.6768465909090909,0.7474898773128591,32
synthetic_niah_86,niah_single_1,15,1,32,ema_rho_0.995,0.6715909090909091,0.7267952228730222,32
synthetic_niah_86,niah_single_1,15,1,32,ema_rho_0.999,0.6579545454545455,0.6936879466220667,32
synthetic_niah_86,niah_single_1,15,2,1,ema_rho_0,0.7158730158730159,0.8783569864078998,63
synthetic_niah_86,niah_single_1,15,2,1,ema_rho_0.25,0.7176767676767677,0.8796980182624365,63
synthetic_niah_86,niah_single_1,15,2,1,ema_rho_0.5,0.7085858585858584,0.869117359789691,63
synthetic_niah_86,niah_single_1,15,2,1,ema_rho_0.8,0.6785714285714288,0.8420481542498032,63
synthetic_niah_86,niah_single_1,15,2,1,ema_rho_0.9,0.6655122655122654,0.8255660563250168,63
synthetic_niah_86,niah_single_1,15,2,1,ema_rho_0.95,0.6539682539682539,0.8123198733024021,63
synthetic_niah_86,niah_single_1,15,2,1,ema_rho_0.99,0.616955266955267,0.778531624727582,63
synthetic_niah_86,niah_single_1,15,2,1,ema_rho_0.995,0.6038961038961039,0.7647456935796346,63
synthetic_niah_86,niah_single_1,15,2,1,ema_rho_0.999,0.5800865800865801,0.7393168432144227,63
synthetic_niah_86,niah_single_1,15,2,4,ema_rho_0,0.6870454545454545,0.8466462484432532,60
synthetic_niah_86,niah_single_1,15,2,4,ema_rho_0.25,0.6938636363636363,0.8572767929127904,60
synthetic_niah_86,niah_single_1,15,2,4,ema_rho_0.5,0.7005303030303031,0.8586222926227777,60
synthetic_niah_86,niah_single_1,15,2,4,ema_rho_0.8,0.7004545454545456,0.8532771998664568,60
synthetic_niah_86,niah_single_1,15,2,4,ema_rho_0.9,0.6953787878787878,0.8470633894573081,60
synthetic_niah_86,niah_single_1,15,2,4,ema_rho_0.95,0.6858333333333333,0.8407372609957187,60
synthetic_niah_86,niah_single_1,15,2,4,ema_rho_0.99,0.6470454545454546,0.8142209816099248,60
synthetic_niah_86,niah_single_1,15,2,4,ema_rho_0.995,0.631439393939394,0.8016876070583815,60
synthetic_niah_86,niah_single_1,15,2,4,ema_rho_0.999,0.61,0.7777617543362509,60
synthetic_niah_86,niah_single_1,15,2,16,ema_rho_0,0.6346590909090909,0.7780706322483932,48
synthetic_niah_86,niah_single_1,15,2,16,ema_rho_0.25,0.6588068181818182,0.806151083115672,48
synthetic_niah_86,niah_single_1,15,2,16,ema_rho_0.5,0.6779356060606062,0.8248260810547233,48
synthetic_niah_86,niah_single_1,15,2,16,ema_rho_0.8,0.7080492424242424,0.8550094850916158,48
synthetic_niah_86,niah_single_1,15,2,16,ema_rho_0.9,0.7198863636363635,0.8655490436921665,48
synthetic_niah_86,niah_single_1,15,2,16,ema_rho_0.95,0.7115530303030303,0.8632120603561514,48
synthetic_niah_86,niah_single_1,15,2,16,ema_rho_0.99,0.6678977272727273,0.8321690849404745,48
synthetic_niah_86,niah_single_1,15,2,16,ema_rho_0.995,0.6560606060606061,0.8179084282590675,48
synthetic_niah_86,niah_single_1,15,2,16,ema_rho_0.999,0.6390151515151515,0.7929463415377636,48
synthetic_niah_86,niah_single_1,15,2,32,ema_rho_0,0.646590909090909,0.8245065917178171,32
synthetic_niah_86,niah_single_1,15,2,32,ema_rho_0.25,0.6754261363636364,0.8548365511870107,32
synthetic_niah_86,niah_single_1,15,2,32,ema_rho_0.5,0.6943181818181818,0.8713896815747822,32
synthetic_niah_86,niah_single_1,15,2,32,ema_rho_0.8,0.7095170454545454,0.8799981232725389,32
synthetic_niah_86,niah_single_1,15,2,32,ema_rho_0.9,0.7099431818181818,0.8709889113088645,32
synthetic_niah_86,niah_single_1,15,2,32,ema_rho_0.95,0.6954545454545455,0.853941780403948,32
synthetic_niah_86,niah_single_1,15,2,32,ema_rho_0.99,0.6600852272727272,0.8132691309526301,32
synthetic_niah_86,niah_single_1,15,2,32,ema_rho_0.995,0.6509943181818182,0.7997718271118994,32
synthetic_niah_86,niah_single_1,15,2,32,ema_rho_0.999,0.6373579545454545,0.7799750156095958,32
synthetic_niah_86,niah_single_1,15,3,1,ema_rho_0,0.7275613275613275,0.8532873640890969,63
synthetic_niah_86,niah_single_1,15,3,1,ema_rho_0.25,0.7266233766233768,0.8504974175855505,63
synthetic_niah_86,niah_single_1,15,3,1,ema_rho_0.5,0.7190476190476192,0.8401016545146035,63
synthetic_niah_86,niah_single_1,15,3,1,ema_rho_0.8,0.7017316017316018,0.8068696214451148,63
synthetic_niah_86,niah_single_1,15,3,1,ema_rho_0.9,0.6938672438672436,0.7845639916860956,63
synthetic_niah_86,niah_single_1,15,3,1,ema_rho_0.95,0.6862914862914863,0.7700008886739875,63
synthetic_niah_86,niah_single_1,15,3,1,ema_rho_0.99,0.660822510822511,0.7451634790660281,63
synthetic_niah_86,niah_single_1,15,3,1,ema_rho_0.995,0.6454545454545454,0.7309102120859687,63
synthetic_niah_86,niah_single_1,15,3,1,ema_rho_0.999,0.6075036075036077,0.6906315515041,63
synthetic_niah_86,niah_single_1,15,3,4,ema_rho_0,0.6981818181818181,0.8202257813251919,60
synthetic_niah_86,niah_single_1,15,3,4,ema_rho_0.25,0.7099999999999999,0.8294589918015222,60
synthetic_niah_86,niah_single_1,15,3,4,ema_rho_0.5,0.7158333333333332,0.8311484507706939,60
synthetic_niah_86,niah_single_1,15,3,4,ema_rho_0.8,0.7213636363636364,0.8178670320586768,60
synthetic_niah_86,niah_single_1,15,3,4,ema_rho_0.9,0.7183333333333334,0.8044206049387945,60
synthetic_niah_86,niah_single_1,15,3,4,ema_rho_0.95,0.7136363636363636,0.7949193697256435,60
synthetic_niah_86,niah_single_1,15,3,4,ema_rho_0.99,0.6846212121212122,0.7725232886559493,60
synthetic_niah_86,niah_single_1,15,3,4,ema_rho_0.995,0.6635606060606062,0.7575877948792092,60
synthetic_niah_86,niah_single_1,15,3,4,ema_rho_0.999,0.6174242424242423,0.7153799172341452,60
synthetic_niah_86,niah_single_1,15,3,16,ema_rho_0,0.6764204545454545,0.7314079620429804,48
synthetic_niah_86,niah_single_1,15,3,16,ema_rho_0.25,0.6970643939393941,0.7477082857965062,48
synthetic_niah_86,niah_single_1,15,3,16,ema_rho_0.5,0.7068181818181819,0.756212324533586,48
synthetic_niah_86,niah_single_1,15,3,16,ema_rho_0.8,0.7153409090909091,0.770610319631734,48
synthetic_niah_86,niah_single_1,15,3,16,ema_rho_0.9,0.7203598484848485,0.7731599991024014,48
synthetic_niah_86,niah_single_1,15,3,16,ema_rho_0.95,0.7240530303030304,0.7677994438402583,48
synthetic_niah_86,niah_single_1,15,3,16,ema_rho_0.99,0.6930871212121211,0.7335422106022497,48
synthetic_niah_86,niah_single_1,15,3,16,ema_rho_0.995,0.6660037878787879,0.712338332113078,48
synthetic_niah_86,niah_single_1,15,3,16,ema_rho_0.999,0.6166666666666667,0.663925952166233,48
synthetic_niah_86,niah_single_1,15,3,32,ema_rho_0,0.6697443181818181,0.6916105568181168,32
synthetic_niah_86,niah_single_1,15,3,32,ema_rho_0.25,0.6880681818181817,0.7101803206435406,32
synthetic_niah_86,niah_single_1,15,3,32,ema_rho_0.5,0.6960227272727273,0.7192581807904932,32
synthetic_niah_86,niah_single_1,15,3,32,ema_rho_0.8,0.6818181818181819,0.7142148969368374,32
synthetic_niah_86,niah_single_1,15,3,32,ema_rho_0.9,0.6691761363636364,0.6985029190582375,32
synthetic_niah_86,niah_single_1,15,3,32,ema_rho_0.95,0.6640625,0.6766559168179611,32
synthetic_niah_86,niah_single_1,15,3,32,ema_rho_0.99,0.6255681818181817,0.6153718087078958,32
synthetic_niah_86,niah_single_1,15,3,32,ema_rho_0.995,0.5992897727272727,0.589939611135563,32
synthetic_niah_86,niah_single_1,15,3,32,ema_rho_0.999,0.5651988636363636,0.5471151862424224,32
synthetic_niah_86,niah_single_1,15,4,1,ema_rho_0,0.8326118326118327,0.8952949603171132,63
synthetic_niah_86,niah_single_1,15,4,1,ema_rho_0.25,0.8398268398268398,0.9024178251224753,63
synthetic_niah_86,niah_single_1,15,4,1,ema_rho_0.5,0.84018759018759,0.8998101801835466,63
synthetic_niah_86,niah_single_1,15,4,1,ema_rho_0.8,0.8211399711399712,0.8808333722495894,63
synthetic_niah_86,niah_single_1,15,4,1,ema_rho_0.9,0.8122655122655122,0.8709246688996479,63
synthetic_niah_86,niah_single_1,15,4,1,ema_rho_0.95,0.8050505050505048,0.867682688645694,63
synthetic_niah_86,niah_single_1,15,4,1,ema_rho_0.99,0.7932178932178934,0.861113598254064,63
synthetic_niah_86,niah_single_1,15,4,1,ema_rho_0.995,0.7815295815295816,0.8552817207993944,63
synthetic_niah_86,niah_single_1,15,4,1,ema_rho_0.999,0.7635642135642136,0.8389129911946621,63
synthetic_niah_86,niah_single_1,15,4,4,ema_rho_0,0.836060606060606,0.8961715576423188,60
synthetic_niah_86,niah_single_1,15,4,4,ema_rho_0.25,0.8525757575757577,0.9160935044976759,60
synthetic_niah_86,niah_single_1,15,4,4,ema_rho_0.5,0.8572727272727273,0.9166667125113502,60
synthetic_niah_86,niah_single_1,15,4,4,ema_rho_0.8,0.8449242424242424,0.9018201327981896,60
synthetic_niah_86,niah_single_1,15,4,4,ema_rho_0.9,0.8378030303030303,0.895279555331401,60
synthetic_niah_86,niah_single_1,15,4,4,ema_rho_0.95,0.8313636363636364,0.8927168654877177,60
synthetic_niah_86,niah_single_1,15,4,4,ema_rho_0.99,0.8140151515151515,0.880301521920087,60
synthetic_niah_86,niah_single_1,15,4,4,ema_rho_0.995,0.7988636363636363,0.8710940656996996,60
synthetic_niah_86,niah_single_1,15,4,4,ema_rho_0.999,0.776439393939394,0.8486337517629625,60
synthetic_niah_86,niah_single_1,15,4,16,ema_rho_0,0.790151515151515,0.8394185881992936,48
synthetic_niah_86,niah_single_1,15,4,16,ema_rho_0.25,0.8059659090909091,0.8603993031642808,48
synthetic_niah_86,niah_single_1,15,4,16,ema_rho_0.5,0.8114583333333333,0.8652517154023154,48
synthetic_niah_86,niah_single_1,15,4,16,ema_rho_0.8,0.8182765151515152,0.8770717482726184,48
synthetic_niah_86,niah_single_1,15,4,16,ema_rho_0.9,0.8245265151515152,0.885890327325697,48
synthetic_niah_86,niah_single_1,15,4,16,ema_rho_0.95,0.8215909090909091,0.8867184440312844,48
synthetic_niah_86,niah_single_1,15,4,16,ema_rho_0.99,0.8007575757575758,0.86469119162089,48
synthetic_niah_86,niah_single_1,15,4,16,ema_rho_0.995,0.781534090909091,0.8507982446890621,48
synthetic_niah_86,niah_single_1,15,4,16,ema_rho_0.999,0.7583333333333333,0.8220691593910415,48
synthetic_niah_86,niah_single_1,15,4,32,ema_rho_0,0.7549715909090908,0.8167413561133248,32
synthetic_niah_86,niah_single_1,15,4,32,ema_rho_0.25,0.7802556818181818,0.8533826644422857,32
synthetic_niah_86,niah_single_1,15,4,32,ema_rho_0.5,0.7911931818181819,0.8677295234622074,32
synthetic_niah_86,niah_single_1,15,4,32,ema_rho_0.8,0.8038352272727273,0.8841774224527279,32
synthetic_niah_86,niah_single_1,15,4,32,ema_rho_0.9,0.8048295454545453,0.8865178346794824,32
synthetic_niah_86,niah_single_1,15,4,32,ema_rho_0.95,0.7950284090909091,0.8787507435503072,32
synthetic_niah_86,niah_single_1,15,4,32,ema_rho_0.99,0.7636363636363636,0.8433047630002748,32
synthetic_niah_86,niah_single_1,15,4,32,ema_rho_0.995,0.7484374999999999,0.8263782413918456,32
synthetic_niah_86,niah_single_1,15,4,32,ema_rho_0.999,0.7272727272727273,0.7971891379335239,32
synthetic_niah_86,niah_single_1,15,5,1,ema_rho_0,0.7107503607503606,0.8438726984942969,63
synthetic_niah_86,niah_single_1,15,5,1,ema_rho_0.25,0.7121212121212122,0.8410437661805839,63
synthetic_niah_86,niah_single_1,15,5,1,ema_rho_0.5,0.7049062049062048,0.8290622829076697,63
synthetic_niah_86,niah_single_1,15,5,1,ema_rho_0.8,0.6768398268398268,0.7907582886991938,63
synthetic_niah_86,niah_single_1,15,5,1,ema_rho_0.9,0.6396103896103896,0.7399438571260708,63
synthetic_niah_86,niah_single_1,15,5,1,ema_rho_0.95,0.5966089466089466,0.6738600287102157,63
synthetic_niah_86,niah_single_1,15,5,1,ema_rho_0.99,0.5155844155844156,0.5400463606429143,63
synthetic_niah_86,niah_single_1,15,5,1,ema_rho_0.995,0.5025974025974026,0.5040017291830969,63
synthetic_niah_86,niah_single_1,15,5,1,ema_rho_0.999,0.48924963924963927,0.4561872447141411,63
synthetic_niah_86,niah_single_1,15,5,4,ema_rho_0,0.670151515151515,0.7890058503281546,60
synthetic_niah_86,niah_single_1,15,5,4,ema_rho_0.25,0.6824242424242425,0.8015841816115924,60
synthetic_niah_86,niah_single_1,15,5,4,ema_rho_0.5,0.6897727272727274,0.8029161531746656,60
synthetic_niah_86,niah_single_1,15,5,4,ema_rho_0.8,0.6708333333333333,0.7752993676855283,60
synthetic_niah_86,niah_single_1,15,5,4,ema_rho_0.9,0.6428030303030304,0.7303653348994421,60
synthetic_niah_86,niah_single_1,15,5,4,ema_rho_0.95,0.6077272727272727,0.6707890725553788,60
synthetic_niah_86,niah_single_1,15,5,4,ema_rho_0.99,0.5343939393939394,0.5470226724388066,60
synthetic_niah_86,niah_single_1,15,5,4,ema_rho_0.995,0.5227272727272728,0.5129119161675059,60
synthetic_niah_86,niah_single_1,15,5,4,ema_rho_0.999,0.5081818181818182,0.46718852409691564,60
synthetic_niah_86,niah_single_1,15,5,16,ema_rho_0,0.5981060606060606,0.6883478070259583,48
synthetic_niah_86,niah_single_1,15,5,16,ema_rho_0.25,0.6100378787878789,0.7019423380855104,48
synthetic_niah_86,niah_single_1,15,5,16,ema_rho_0.5,0.6170454545454546,0.7053402225675466,48
synthetic_niah_86,niah_single_1,15,5,16,ema_rho_0.8,0.6162878787878788,0.6944529963297535,48
synthetic_niah_86,niah_single_1,15,5,16,ema_rho_0.9,0.6121212121212122,0.6709542382693549,48
synthetic_niah_86,niah_single_1,15,5,16,ema_rho_0.95,0.5879734848484849,0.6318274178567532,48
synthetic_niah_86,niah_single_1,15,5,16,ema_rho_0.99,0.5340909090909091,0.5436223131063013,48
synthetic_niah_86,niah_single_1,15,5,16,ema_rho_0.995,0.5279356060606061,0.5180820028297852,48
synthetic_niah_86,niah_single_1,15,5,16,ema_rho_0.999,0.515625,0.4829501852959261,48
synthetic_niah_86,niah_single_1,15,5,32,ema_rho_0,0.5248579545454545,0.5837546402499514,32
synthetic_niah_86,niah_single_1,15,5,32,ema_rho_0.25,0.5355113636363636,0.5968244001584155,32
synthetic_niah_86,niah_single_1,15,5,32,ema_rho_0.5,0.5424715909090909,0.6031023578274582,32
synthetic_niah_86,niah_single_1,15,5,32,ema_rho_0.8,0.5590909090909091,0.609973167460464,32
synthetic_niah_86,niah_single_1,15,5,32,ema_rho_0.9,0.5737215909090909,0.6037593281159622,32
synthetic_niah_86,niah_single_1,15,5,32,ema_rho_0.95,0.5646306818181819,0.5868954044647701,32
synthetic_niah_86,niah_single_1,15,5,32,ema_rho_0.99,0.5410511363636363,0.5427264846332582,32
synthetic_niah_86,niah_single_1,15,5,32,ema_rho_0.995,0.5389204545454545,0.527180336660072,32
synthetic_niah_86,niah_single_1,15,5,32,ema_rho_0.999,0.5255681818181818,0.5043741688091152,32
synthetic_niah_86,niah_single_1,15,6,1,ema_rho_0,0.7156565656565654,0.8319111322314167,63
synthetic_niah_86,niah_single_1,15,6,1,ema_rho_0.25,0.7212842712842713,0.8318790348420153,63
synthetic_niah_86,niah_single_1,15,6,1,ema_rho_0.5,0.7216450216450218,0.8260457623201576,63
synthetic_niah_86,niah_single_1,15,6,1,ema_rho_0.8,0.704978354978355,0.8001662552880681,63
synthetic_niah_86,niah_single_1,15,6,1,ema_rho_0.9,0.6815295815295815,0.7618739355676963,63
synthetic_niah_86,niah_single_1,15,6,1,ema_rho_0.95,0.6462481962481962,0.7054881121399421,63
synthetic_niah_86,niah_single_1,15,6,1,ema_rho_0.99,0.5677489177489177,0.5605367537915853,63
synthetic_niah_86,niah_single_1,15,6,1,ema_rho_0.995,0.5567099567099568,0.5186238675810539,63
synthetic_niah_86,niah_single_1,15,6,1,ema_rho_0.999,0.5422799422799421,0.46786225359550654,63
synthetic_niah_86,niah_single_1,15,6,4,ema_rho_0,0.7040151515151515,0.8013664074502768,60
synthetic_niah_86,niah_single_1,15,6,4,ema_rho_0.25,0.7196969696969698,0.8195364541451113,60
synthetic_niah_86,niah_single_1,15,6,4,ema_rho_0.5,0.7274242424242423,0.8268132014379768,60
synthetic_niah_86,niah_single_1,15,6,4,ema_rho_0.8,0.7200757575757577,0.811905522679128,60
synthetic_niah_86,niah_single_1,15,6,4,ema_rho_0.9,0.6956060606060606,0.7742388444296253,60
synthetic_niah_86,niah_single_1,15,6,4,ema_rho_0.95,0.6581818181818183,0.7151533731060105,60
synthetic_niah_86,niah_single_1,15,6,4,ema_rho_0.99,0.5803787878787878,0.5628888996636989,60
synthetic_niah_86,niah_single_1,15,6,4,ema_rho_0.995,0.5684848484848486,0.519132573303237,60
synthetic_niah_86,niah_single_1,15,6,4,ema_rho_0.999,0.5526515151515151,0.46610772198817263,60
synthetic_niah_86,niah_single_1,15,6,16,ema_rho_0,0.659469696969697,0.7341045295094867,48
synthetic_niah_86,niah_single_1,15,6,16,ema_rho_0.25,0.6766098484848485,0.7540332077920509,48
synthetic_niah_86,niah_single_1,15,6,16,ema_rho_0.5,0.687215909090909,0.7624131807014877,48
synthetic_niah_86,niah_single_1,15,6,16,ema_rho_0.8,0.6884469696969697,0.7525750083709227,48
synthetic_niah_86,niah_single_1,15,6,16,ema_rho_0.9,0.6702651515151515,0.7240938145176855,48
synthetic_niah_86,niah_single_1,15,6,16,ema_rho_0.95,0.6361742424242425,0.6716675690821724,48
synthetic_niah_86,niah_single_1,15,6,16,ema_rho_0.99,0.5750000000000001,0.5429846503937771,48
synthetic_niah_86,niah_single_1,15,6,16,ema_rho_0.995,0.562215909090909,0.5063472320252186,48
synthetic_niah_86,niah_single_1,15,6,16,ema_rho_0.999,0.5447916666666667,0.46170207515898154,48
synthetic_niah_86,niah_single_1,15,6,32,ema_rho_0,0.6136363636363636,0.6566000053252123,32
synthetic_niah_86,niah_single_1,15,6,32,ema_rho_0.25,0.6329545454545454,0.6791301595999496,32
synthetic_niah_86,niah_single_1,15,6,32,ema_rho_0.5,0.6437499999999999,0.6894112399461039,32
synthetic_niah_86,niah_single_1,15,6,32,ema_rho_0.8,0.6417613636363637,0.682306195491758,32
synthetic_niah_86,niah_single_1,15,6,32,ema_rho_0.9,0.6228693181818181,0.6544477070270694,32
synthetic_niah_86,niah_single_1,15,6,32,ema_rho_0.95,0.5970170454545455,0.6130690506105393,32
synthetic_niah_86,niah_single_1,15,6,32,ema_rho_0.99,0.5585227272727272,0.5221080962790765,32
synthetic_niah_86,niah_single_1,15,6,32,ema_rho_0.995,0.5480113636363637,0.4950376676750514,32
synthetic_niah_86,niah_single_1,15,6,32,ema_rho_0.999,0.5308238636363636,0.46157896020280553,32
synthetic_niah_86,niah_single_1,15,7,1,ema_rho_0,0.7174603174603176,0.8362597852654906,63
synthetic_niah_86,niah_single_1,15,7,1,ema_rho_0.25,0.724025974025974,0.8405738844780196,63
synthetic_niah_86,niah_single_1,15,7,1,ema_rho_0.5,0.7185425685425685,0.8309200828291652,63
synthetic_niah_86,niah_single_1,15,7,1,ema_rho_0.8,0.6937229437229439,0.7895259811587949,63
synthetic_niah_86,niah_single_1,15,7,1,ema_rho_0.9,0.6792929292929294,0.759199246546073,63
synthetic_niah_86,niah_single_1,15,7,1,ema_rho_0.95,0.6662337662337663,0.74283479578165,63
synthetic_niah_86,niah_single_1,15,7,1,ema_rho_0.99,0.6503607503607504,0.7196962518234937,63
synthetic_niah_86,niah_single_1,15,7,1,ema_rho_0.995,0.641053391053391,0.7051730082327665,63
synthetic_niah_86,niah_single_1,15,7,1,ema_rho_0.999,0.6262626262626262,0.6653219776488025,63
synthetic_niah_86,niah_single_1,15,7,4,ema_rho_0,0.6941666666666666,0.8078797937776417,60
synthetic_niah_86,niah_single_1,15,7,4,ema_rho_0.25,0.7101515151515153,0.8233672189710963,60
synthetic_niah_86,niah_single_1,15,7,4,ema_rho_0.5,0.7175757575757575,0.8232370709757875,60
synthetic_niah_86,niah_single_1,15,7,4,ema_rho_0.8,0.719469696969697,0.7938657560763357,60
synthetic_niah_86,niah_single_1,15,7,4,ema_rho_0.9,0.7115151515151514,0.7740664916500791,60
synthetic_niah_86,niah_single_1,15,7,4,ema_rho_0.95,0.7022727272727275,0.7650091764206005,60
synthetic_niah_86,niah_single_1,15,7,4,ema_rho_0.99,0.6831818181818181,0.7483337631224571,60
synthetic_niah_86,niah_single_1,15,7,4,ema_rho_0.995,0.6701515151515152,0.7351536635372375,60
synthetic_niah_86,niah_single_1,15,7,4,ema_rho_0.999,0.6543939393939394,0.6974346928892737,60
synthetic_niah_86,niah_single_1,15,7,16,ema_rho_0,0.6377840909090909,0.6900158671995373,48
synthetic_niah_86,niah_single_1,15,7,16,ema_rho_0.25,0.6618371212121211,0.7138014701125733,48
synthetic_niah_86,niah_single_1,15,7,16,ema_rho_0.5,0.6771780303030303,0.7230248186442975,48
synthetic_niah_86,niah_single_1,15,7,16,ema_rho_0.8,0.6972537878787879,0.7377921901808323,48
synthetic_niah_86,niah_single_1,15,7,16,ema_rho_0.9,0.7045454545454546,0.7451604403658582,48
synthetic_niah_86,niah_single_1,15,7,16,ema_rho_0.95,0.7029356060606059,0.7467745711479049,48
synthetic_niah_86,niah_single_1,15,7,16,ema_rho_0.99,0.6875946969696969,0.7355142361422874,48
synthetic_niah_86,niah_single_1,15,7,16,ema_rho_0.995,0.6767992424242424,0.7246102079188131,48
synthetic_niah_86,niah_single_1,15,7,16,ema_rho_0.999,0.6608901515151515,0.6951956725130116,48
synthetic_niah_86,niah_single_1,15,7,32,ema_rho_0,0.6321022727272727,0.6642311195877924,32
synthetic_niah_86,niah_single_1,15,7,32,ema_rho_0.25,0.6509943181818183,0.6957126030305736,32
synthetic_niah_86,niah_single_1,15,7,32,ema_rho_0.5,0.6617897727272727,0.7129441346930269,32
synthetic_niah_86,niah_single_1,15,7,32,ema_rho_0.8,0.6615056818181819,0.7156881352372564,32
synthetic_niah_86,niah_single_1,15,7,32,ema_rho_0.9,0.6602272727272728,0.7081207082945589,32
synthetic_niah_86,niah_single_1,15,7,32,ema_rho_0.95,0.6630681818181818,0.7024644017835812,32
synthetic_niah_86,niah_single_1,15,7,32,ema_rho_0.99,0.6620738636363637,0.695485037568442,32
synthetic_niah_86,niah_single_1,15,7,32,ema_rho_0.995,0.6588068181818182,0.6907285767222398,32
synthetic_niah_86,niah_single_1,15,7,32,ema_rho_0.999,0.6487215909090909,0.6778198750502683,32
synthetic_niah_86,niah_single_1,21,0,1,ema_rho_0,0.6788600288600287,0.8209618589974533,63
synthetic_niah_86,niah_single_1,21,0,1,ema_rho_0.25,0.6710678210678211,0.8096862195265613,63
synthetic_niah_86,niah_single_1,21,0,1,ema_rho_0.5,0.6513708513708512,0.7830897991261259,63
synthetic_niah_86,niah_single_1,21,0,1,ema_rho_0.8,0.5966810966810968,0.7168859224699743,63
synthetic_niah_86,niah_single_1,21,0,1,ema_rho_0.9,0.5614718614718616,0.663461307201503,63
synthetic_niah_86,niah_single_1,21,0,1,ema_rho_0.95,0.5256132756132756,0.6051844404553821,63
synthetic_niah_86,niah_single_1,21,0,1,ema_rho_0.99,0.45880230880230877,0.48765214207738783,63
synthetic_niah_86,niah_single_1,21,0,1,ema_rho_0.995,0.44112554112554114,0.453657921384859,63
synthetic_niah_86,niah_single_1,21,0,1,ema_rho_0.999,0.4266233766233767,0.4111428365058212,63
synthetic_niah_86,niah_single_1,21,0,4,ema_rho_0,0.6075,0.7270655144463117,60
synthetic_niah_86,niah_single_1,21,0,4,ema_rho_0.25,0.6158333333333333,0.7381361607329335,60
synthetic_niah_86,niah_single_1,21,0,4,ema_rho_0.5,0.6192424242424241,0.7344532687209392,60
synthetic_niah_86,niah_single_1,21,0,4,ema_rho_0.8,0.5963636363636362,0.7060072503664808,60
synthetic_niah_86,niah_single_1,21,0,4,ema_rho_0.9,0.5759848484848484,0.6737048152251502,60
synthetic_niah_86,niah_single_1,21,0,4,ema_rho_0.95,0.5494696969696969,0.6270779968917864,60
synthetic_niah_86,niah_single_1,21,0,4,ema_rho_0.99,0.4803030303030303,0.5139195946293353,60
synthetic_niah_86,niah_single_1,21,0,4,ema_rho_0.995,0.461060606060606,0.47891821577326593,60
synthetic_niah_86,niah_single_1,21,0,4,ema_rho_0.999,0.4450757575757577,0.4344543384632559,60
synthetic_niah_86,niah_single_1,21,0,16,ema_rho_0,0.512689393939394,0.5968834794774357,48
synthetic_niah_86,niah_single_1,21,0,16,ema_rho_0.25,0.5291666666666667,0.6246638918147371,48
synthetic_niah_86,niah_single_1,21,0,16,ema_rho_0.5,0.540625,0.6406071721465919,48
synthetic_niah_86,niah_single_1,21,0,16,ema_rho_0.8,0.5616477272727272,0.6595361069433473,48
synthetic_niah_86,niah_single_1,21,0,16,ema_rho_0.9,0.556439393939394,0.6473190147111629,48
synthetic_niah_86,niah_single_1,21,0,16,ema_rho_0.95,0.5375,0.6124320666798538,48
synthetic_niah_86,niah_single_1,21,0,16,ema_rho_0.99,0.4912878787878788,0.5172291604447018,48
synthetic_niah_86,niah_single_1,21,0,16,ema_rho_0.995,0.47130681818181824,0.4868491970241671,48
synthetic_niah_86,niah_single_1,21,0,16,ema_rho_0.999,0.46041666666666664,0.44801037531514437,48
synthetic_niah_86,niah_single_1,21,0,32,ema_rho_0,0.4866477272727273,0.5345281576933509,32
synthetic_niah_86,niah_single_1,21,0,32,ema_rho_0.25,0.5045454545454545,0.5639023605547488,32
synthetic_niah_86,niah_single_1,21,0,32,ema_rho_0.5,0.5176136363636363,0.5811751834422797,32
synthetic_niah_86,niah_single_1,21,0,32,ema_rho_0.8,0.5399147727272727,0.6018628836033157,32
synthetic_niah_86,niah_single_1,21,0,32,ema_rho_0.9,0.5375000000000001,0.5999373509139461,32
synthetic_niah_86,niah_single_1,21,0,32,ema_rho_0.95,0.517471590909091,0.5829792840814565,32
synthetic_niah_86,niah_single_1,21,0,32,ema_rho_0.99,0.4829545454545454,0.5222220640148068,32
synthetic_niah_86,niah_single_1,21,0,32,ema_rho_0.995,0.46633522727272725,0.5006213221549976,32
synthetic_niah_86,niah_single_1,21,0,32,ema_rho_0.999,0.4605113636363636,0.4723158188677807,32
synthetic_niah_86,niah_single_1,21,1,1,ema_rho_0,0.8211399711399713,0.8677944892647544,63
synthetic_niah_86,niah_single_1,21,1,1,ema_rho_0.25,0.8243145743145744,0.8693856313412842,63
synthetic_niah_86,niah_single_1,21,1,1,ema_rho_0.5,0.8179653679653681,0.8615973766413592,63
synthetic_niah_86,niah_single_1,21,1,1,ema_rho_0.8,0.794877344877345,0.8302775469314309,63
synthetic_niah_86,niah_single_1,21,1,1,ema_rho_0.9,0.7797258297258298,0.8048188791767847,63
synthetic_niah_86,niah_single_1,21,1,1,ema_rho_0.95,0.7690476190476191,0.7912567338228783,63
synthetic_niah_86,niah_single_1,21,1,1,ema_rho_0.99,0.7446608946608947,0.7634648328100201,63
synthetic_niah_86,niah_single_1,21,1,1,ema_rho_0.995,0.7305194805194806,0.7485926435130746,63
synthetic_niah_86,niah_single_1,21,1,1,ema_rho_0.999,0.706060606060606,0.719010520248291,63
synthetic_niah_86,niah_single_1,21,1,4,ema_rho_0,0.7963636363636363,0.8433118644960118,60
synthetic_niah_86,niah_single_1,21,1,4,ema_rho_0.25,0.8103787878787878,0.8575190911340917,60
synthetic_niah_86,niah_single_1,21,1,4,ema_rho_0.5,0.8112878787878787,0.8565157768493566,60
synthetic_niah_86,niah_single_1,21,1,4,ema_rho_0.8,0.8052272727272727,0.8350394457204017,60
synthetic_niah_86,niah_single_1,21,1,4,ema_rho_0.9,0.7947727272727272,0.816302781100554,60
synthetic_niah_86,niah_single_1,21,1,4,ema_rho_0.95,0.7833333333333332,0.8060979150560669,60
synthetic_niah_86,niah_single_1,21,1,4,ema_rho_0.99,0.7534090909090911,0.7744061292513374,60
synthetic_niah_86,niah_single_1,21,1,4,ema_rho_0.995,0.7381060606060607,0.7574001613703213,60
synthetic_niah_86,niah_single_1,21,1,4,ema_rho_0.999,0.714469696969697,0.7250311823385348,60
synthetic_niah_86,niah_single_1,21,1,16,ema_rho_0,0.7378787878787879,0.7391145907802734,48
synthetic_niah_86,niah_single_1,21,1,16,ema_rho_0.25,0.7549242424242424,0.7533239764652738,48
synthetic_niah_86,niah_single_1,21,1,16,ema_rho_0.5,0.759375,0.7561596873244901,48
synthetic_niah_86,niah_single_1,21,1,16,ema_rho_0.8,0.7699810606060606,0.7706469665201121,48
synthetic_niah_86,niah_single_1,21,1,16,ema_rho_0.9,0.7729166666666667,0.7812713983481455,48
synthetic_niah_86,niah_single_1,21,1,16,ema_rho_0.95,0.7611742424242424,0.7777105925123099,48
synthetic_niah_86,niah_single_1,21,1,16,ema_rho_0.99,0.7242424242424242,0.740178618308195,48
synthetic_niah_86,niah_single_1,21,1,16,ema_rho_0.995,0.7107954545454546,0.7234483503352025,48
synthetic_niah_86,niah_single_1,21,1,16,ema_rho_0.999,0.6962121212121213,0.6964671687651331,48
synthetic_niah_86,niah_single_1,21,1,32,ema_rho_0,0.6866477272727273,0.6864562102991463,32
synthetic_niah_86,niah_single_1,21,1,32,ema_rho_0.25,0.7046874999999999,0.7167620754048827,32
synthetic_niah_86,niah_single_1,21,1,32,ema_rho_0.5,0.709090909090909,0.7327783719513548,32
synthetic_niah_86,niah_single_1,21,1,32,ema_rho_0.8,0.7106534090909091,0.757199225122364,32
synthetic_niah_86,niah_single_1,21,1,32,ema_rho_0.9,0.6977272727272728,0.7584461650895471,32
synthetic_niah_86,niah_single_1,21,1,32,ema_rho_0.95,0.688778409090909,0.7453668917203293,32
synthetic_niah_86,niah_single_1,21,1,32,ema_rho_0.99,0.6758522727272728,0.7046748471541189,32
synthetic_niah_86,niah_single_1,21,1,32,ema_rho_0.995,0.6694602272727272,0.6906591162838689,32
synthetic_niah_86,niah_single_1,21,1,32,ema_rho_0.999,0.6643465909090909,0.6719515828603333,32
synthetic_niah_86,niah_single_1,21,2,1,ema_rho_0,0.7427849927849928,0.8543490233057234,63
synthetic_niah_86,niah_single_1,21,2,1,ema_rho_0.25,0.7488455988455988,0.8676205334876185,63
synthetic_niah_86,niah_single_1,21,2,1,ema_rho_0.5,0.7400432900432901,0.8607176647645834,63
synthetic_niah_86,niah_single_1,21,2,1,ema_rho_0.8,0.7149350649350651,0.8293319886357627,63
synthetic_niah_86,niah_single_1,21,2,1,ema_rho_0.9,0.6898268398268399,0.8040566275942079,63
synthetic_niah_86,niah_single_1,21,2,1,ema_rho_0.95,0.666017316017316,0.7848938724261507,63
synthetic_niah_86,niah_single_1,21,2,1,ema_rho_0.99,0.634054834054834,0.7553222442313712,63
synthetic_niah_86,niah_single_1,21,2,1,ema_rho_0.995,0.6215728715728716,0.7437477791802307,63
synthetic_niah_86,niah_single_1,21,2,1,ema_rho_0.999,0.5941558441558443,0.7167092883117203,63
synthetic_niah_86,niah_single_1,21,2,4,ema_rho_0,0.7193181818181817,0.8446801922705234,60
synthetic_niah_86,niah_single_1,21,2,4,ema_rho_0.25,0.7389393939393939,0.8687403253846231,60
synthetic_niah_86,niah_single_1,21,2,4,ema_rho_0.5,0.7404545454545455,0.8654241236143643,60
synthetic_niah_86,niah_single_1,21,2,4,ema_rho_0.8,0.728939393939394,0.8389499984635933,60
synthetic_niah_86,niah_single_1,21,2,4,ema_rho_0.9,0.7076515151515149,0.8181213610045485,60
synthetic_niah_86,niah_single_1,21,2,4,ema_rho_0.95,0.6884090909090907,0.8016088028063216,60
synthetic_niah_86,niah_single_1,21,2,4,ema_rho_0.99,0.6509848484848486,0.7722939952095271,60
synthetic_niah_86,niah_single_1,21,2,4,ema_rho_0.995,0.6368939393939393,0.760434081146131,60
synthetic_niah_86,niah_single_1,21,2,4,ema_rho_0.999,0.6092424242424243,0.7341071186676829,60
synthetic_niah_86,niah_single_1,21,2,16,ema_rho_0,0.6428030303030302,0.7222357819730229,48
synthetic_niah_86,niah_single_1,21,2,16,ema_rho_0.25,0.6632575757575757,0.7446543195577652,48
synthetic_niah_86,niah_single_1,21,2,16,ema_rho_0.5,0.6714962121212121,0.7501592782403078,48
synthetic_niah_86,niah_single_1,21,2,16,ema_rho_0.8,0.6741477272727273,0.7596120288639616,48
synthetic_niah_86,niah_single_1,21,2,16,ema_rho_0.9,0.6567234848484849,0.7605104922730591,48
synthetic_niah_86,niah_single_1,21,2,16,ema_rho_0.95,0.6372159090909091,0.7546089294289465,48
synthetic_niah_86,niah_single_1,21,2,16,ema_rho_0.99,0.6047348484848485,0.7360939474277405,48
synthetic_niah_86,niah_single_1,21,2,16,ema_rho_0.995,0.5910984848484848,0.7277705088035012,48
synthetic_niah_86,niah_single_1,21,2,16,ema_rho_0.999,0.5787878787878787,0.7080559260728889,48
synthetic_niah_86,niah_single_1,21,2,32,ema_rho_0,0.5670454545454545,0.6557333420187613,32
synthetic_niah_86,niah_single_1,21,2,32,ema_rho_0.25,0.576846590909091,0.6640163275999049,32
synthetic_niah_86,niah_single_1,21,2,32,ema_rho_0.5,0.5813920454545454,0.6702303008119365,32
synthetic_niah_86,niah_single_1,21,2,32,ema_rho_0.8,0.5704545454545454,0.678622035975633,32
synthetic_niah_86,niah_single_1,21,2,32,ema_rho_0.9,0.5579545454545455,0.6798186253075948,32
synthetic_niah_86,niah_single_1,21,2,32,ema_rho_0.95,0.5512784090909091,0.6781359811361282,32
synthetic_niah_86,niah_single_1,21,2,32,ema_rho_0.99,0.5467329545454546,0.6697840378828152,32
synthetic_niah_86,niah_single_1,21,2,32,ema_rho_0.995,0.5492897727272728,0.6650353566679118,32
synthetic_niah_86,niah_single_1,21,2,32,ema_rho_0.999,0.5552556818181819,0.6527469987792516,32
synthetic_niah_86,niah_single_1,21,3,1,ema_rho_0,0.793001443001443,0.9258642383154998,63
synthetic_niah_86,niah_single_1,21,3,1,ema_rho_0.25,0.7992784992784994,0.9288156159320028,63
synthetic_niah_86,niah_single_1,21,3,1,ema_rho_0.5,0.797979797979798,0.9250108552250272,63
synthetic_niah_86,niah_single_1,21,3,1,ema_rho_0.8,0.7808802308802308,0.9094719896764137,63
synthetic_niah_86,niah_single_1,21,3,1,ema_rho_0.9,0.7663780663780664,0.8936108199029972,63
synthetic_niah_86,niah_single_1,21,3,1,ema_rho_0.95,0.746969696969697,0.8762595388580078,63
synthetic_niah_86,niah_single_1,21,3,1,ema_rho_0.99,0.7140692640692641,0.8312120047830901,63
synthetic_niah_86,niah_single_1,21,3,1,ema_rho_0.995,0.6997113997113997,0.8130541459983766,63
synthetic_niah_86,niah_single_1,21,3,1,ema_rho_0.999,0.6871572871572872,0.7865699944385898,63
synthetic_niah_86,niah_single_1,21,3,4,ema_rho_0,0.7804545454545455,0.9102156199018429,60
synthetic_niah_86,niah_single_1,21,3,4,ema_rho_0.25,0.7956818181818183,0.9172757173494502,60
synthetic_niah_86,niah_single_1,21,3,4,ema_rho_0.5,0.802121212121212,0.9177876290052357,60
synthetic_niah_86,niah_single_1,21,3,4,ema_rho_0.8,0.7963636363636364,0.9101297720394494,60
synthetic_niah_86,niah_single_1,21,3,4,ema_rho_0.9,0.7886363636363636,0.8996259547482095,60
synthetic_niah_86,niah_single_1,21,3,4,ema_rho_0.95,0.7700757575757574,0.8861624417974893,60
synthetic_niah_86,niah_single_1,21,3,4,ema_rho_0.99,0.7344696969696971,0.8440447856065708,60
synthetic_niah_86,niah_single_1,21,3,4,ema_rho_0.995,0.7171212121212123,0.8263019704594783,60
synthetic_niah_86,niah_single_1,21,3,4,ema_rho_0.999,0.7048484848484848,0.8004304950503955,60
synthetic_niah_86,niah_single_1,21,3,16,ema_rho_0,0.7553977272727272,0.8685905576817143,48
synthetic_niah_86,niah_single_1,21,3,16,ema_rho_0.25,0.7724431818181818,0.8780527006611841,48
synthetic_niah_86,niah_single_1,21,3,16,ema_rho_0.5,0.7806818181818181,0.8824248072127271,48
synthetic_niah_86,niah_single_1,21,3,16,ema_rho_0.8,0.7955492424242424,0.8889281212552193,48
synthetic_niah_86,niah_single_1,21,3,16,ema_rho_0.9,0.7949810606060606,0.8914532766680517,48
synthetic_niah_86,niah_single_1,21,3,16,ema_rho_0.95,0.775284090909091,0.8864628718244271,48
synthetic_niah_86,niah_single_1,21,3,16,ema_rho_0.99,0.7461174242424242,0.8546734310396139,48
synthetic_niah_86,niah_single_1,21,3,16,ema_rho_0.995,0.7317234848484849,0.8406121824039573,48
synthetic_niah_86,niah_single_1,21,3,16,ema_rho_0.999,0.7230113636363636,0.8206694589067128,48
synthetic_niah_86,niah_single_1,21,3,32,ema_rho_0,0.7501420454545454,0.8433354618320056,32
synthetic_niah_86,niah_single_1,21,3,32,ema_rho_0.25,0.7669034090909091,0.855793286018725,32
synthetic_niah_86,niah_single_1,21,3,32,ema_rho_0.5,0.7754261363636363,0.8639000260142544,32
synthetic_niah_86,niah_single_1,21,3,32,ema_rho_0.8,0.7849431818181818,0.8762024296077628,32
synthetic_niah_86,niah_single_1,21,3,32,ema_rho_0.9,0.7809659090909091,0.8805970860747548,32
synthetic_niah_86,niah_single_1,21,3,32,ema_rho_0.95,0.7640625,0.8786495434719566,32
synthetic_niah_86,niah_single_1,21,3,32,ema_rho_0.99,0.7447443181818182,0.857977997404358,32
synthetic_niah_86,niah_single_1,21,3,32,ema_rho_0.995,0.7393465909090909,0.8492351760419585,32
synthetic_niah_86,niah_single_1,21,3,32,ema_rho_0.999,0.73125,0.837350444020587,32
synthetic_niah_86,niah_single_1,21,4,1,ema_rho_0,0.7507936507936508,0.8811300114481315,63
synthetic_niah_86,niah_single_1,21,4,1,ema_rho_0.25,0.7577200577200577,0.8913224765708355,63
synthetic_niah_86,niah_single_1,21,4,1,ema_rho_0.5,0.7569985569985571,0.8920875737888262,63
synthetic_niah_86,niah_single_1,21,4,1,ema_rho_0.8,0.7356421356421357,0.8767139232676908,63
synthetic_niah_86,niah_single_1,21,4,1,ema_rho_0.9,0.7166666666666668,0.861298333711449,63
synthetic_niah_86,niah_single_1,21,4,1,ema_rho_0.95,0.6987734487734488,0.8497369928815294,63
synthetic_niah_86,niah_single_1,21,4,1,ema_rho_0.99,0.6582251082251084,0.8253416140647409,63
synthetic_niah_86,niah_single_1,21,4,1,ema_rho_0.995,0.6487734487734489,0.8128020831275863,63
synthetic_niah_86,niah_single_1,21,4,1,ema_rho_0.999,0.6279942279942282,0.7839508258092897,63
synthetic_niah_86,niah_single_1,21,4,4,ema_rho_0,0.7370454545454546,0.8707365731533212,60
synthetic_niah_86,niah_single_1,21,4,4,ema_rho_0.25,0.7499999999999999,0.8888009233027565,60
synthetic_niah_86,niah_single_1,21,4,4,ema_rho_0.5,0.753409090909091,0.8938646054575902,60
synthetic_niah_86,niah_single_1,21,4,4,ema_rho_0.8,0.7440909090909091,0.88654210982299,60
synthetic_niah_86,niah_single_1,21,4,4,ema_rho_0.9,0.7280303030303031,0.8754879595437494,60
synthetic_niah_86,niah_single_1,21,4,4,ema_rho_0.95,0.7106060606060607,0.8677023313585036,60
synthetic_niah_86,niah_single_1,21,4,4,ema_rho_0.99,0.6762121212121213,0.8467916503773524,60
synthetic_niah_86,niah_single_1,21,4,4,ema_rho_0.995,0.6643181818181819,0.8344946752900546,60
synthetic_niah_86,niah_single_1,21,4,4,ema_rho_0.999,0.641060606060606,0.8056400179228647,60
synthetic_niah_86,niah_single_1,21,4,16,ema_rho_0,0.6784090909090909,0.791530861214066,48
synthetic_niah_86,niah_single_1,21,4,16,ema_rho_0.25,0.6933712121212121,0.8097635053552081,48
synthetic_niah_86,niah_single_1,21,4,16,ema_rho_0.5,0.702840909090909,0.8185257250479991,48
synthetic_niah_86,niah_single_1,21,4,16,ema_rho_0.8,0.7065340909090909,0.8283097741155377,48
synthetic_niah_86,niah_single_1,21,4,16,ema_rho_0.9,0.7025568181818181,0.8341293214563729,48
synthetic_niah_86,niah_single_1,21,4,16,ema_rho_0.95,0.6908143939393939,0.8356835470456315,48
synthetic_niah_86,niah_single_1,21,4,16,ema_rho_0.99,0.6602272727272728,0.8171299168552881,48
synthetic_niah_86,niah_single_1,21,4,16,ema_rho_0.995,0.6490530303030303,0.8052160441666788,48
synthetic_niah_86,niah_single_1,21,4,16,ema_rho_0.999,0.6309659090909091,0.7806738057686863,48
synthetic_niah_86,niah_single_1,21,4,32,ema_rho_0,0.6348011363636363,0.7683360083862489,32
synthetic_niah_86,niah_single_1,21,4,32,ema_rho_0.25,0.6431818181818182,0.785629763481315,32
synthetic_niah_86,niah_single_1,21,4,32,ema_rho_0.5,0.6501420454545455,0.7944110562310227,32
synthetic_niah_86,niah_single_1,21,4,32,ema_rho_0.8,0.646875,0.7959997056620491,32
synthetic_niah_86,niah_single_1,21,4,32,ema_rho_0.9,0.6306818181818182,0.7893455445564598,32
synthetic_niah_86,niah_single_1,21,4,32,ema_rho_0.95,0.6197443181818183,0.7785212425786787,32
synthetic_niah_86,niah_single_1,21,4,32,ema_rho_0.99,0.5792613636363637,0.7469392583409005,32
synthetic_niah_86,niah_single_1,21,4,32,ema_rho_0.995,0.5761363636363637,0.7353835832769938,32
synthetic_niah_86,niah_single_1,21,4,32,ema_rho_0.999,0.5666193181818182,0.7195912679357219,32
synthetic_niah_86,niah_single_1,21,5,1,ema_rho_0,0.7761904761904762,0.9060580724859899,63
synthetic_niah_86,niah_single_1,21,5,1,ema_rho_0.25,0.7834776334776334,0.9135354865239583,63
synthetic_niah_86,niah_single_1,21,5,1,ema_rho_0.5,0.7766955266955267,0.9112160386388339,63
synthetic_niah_86,niah_single_1,21,5,1,ema_rho_0.8,0.7566378066378064,0.8896105656852813,63
synthetic_niah_86,niah_single_1,21,5,1,ema_rho_0.9,0.7406926406926408,0.8694085957545601,63
synthetic_niah_86,niah_single_1,21,5,1,ema_rho_0.95,0.7212842712842713,0.849935716858494,63
synthetic_niah_86,niah_single_1,21,5,1,ema_rho_0.99,0.6800865800865802,0.7894811190069847,63
synthetic_niah_86,niah_single_1,21,5,1,ema_rho_0.995,0.6573593073593074,0.7644936535998422,63
synthetic_niah_86,niah_single_1,21,5,1,ema_rho_0.999,0.6303751803751804,0.7250050875087883,63
synthetic_niah_86,niah_single_1,21,5,4,ema_rho_0,0.7615151515151516,0.8990408900022226,60
synthetic_niah_86,niah_single_1,21,5,4,ema_rho_0.25,0.7780303030303031,0.9130879583126068,60
synthetic_niah_86,niah_single_1,21,5,4,ema_rho_0.5,0.7806818181818183,0.9129928382800129,60
synthetic_niah_86,niah_single_1,21,5,4,ema_rho_0.8,0.7781818181818181,0.8976057172222286,60
synthetic_niah_86,niah_single_1,21,5,4,ema_rho_0.9,0.7670454545454545,0.8826660848357348,60
synthetic_niah_86,niah_single_1,21,5,4,ema_rho_0.95,0.7484090909090909,0.868268108048478,60
synthetic_niah_86,niah_single_1,21,5,4,ema_rho_0.99,0.706590909090909,0.8123372474828322,60
synthetic_niah_86,niah_single_1,21,5,4,ema_rho_0.995,0.6825757575757575,0.7881802374107967,60
synthetic_niah_86,niah_single_1,21,5,4,ema_rho_0.999,0.6563636363636361,0.750071749355939,60
synthetic_niah_86,niah_single_1,21,5,16,ema_rho_0,0.7304924242424242,0.8351974614756418,48
synthetic_niah_86,niah_single_1,21,5,16,ema_rho_0.25,0.7509469696969697,0.8533367409389573,48
synthetic_niah_86,niah_single_1,21,5,16,ema_rho_0.5,0.7583333333333333,0.8598285066005779,48
synthetic_niah_86,niah_single_1,21,5,16,ema_rho_0.8,0.7721590909090909,0.8686232713782283,48
synthetic_niah_86,niah_single_1,21,5,16,ema_rho_0.9,0.7697916666666668,0.8723359741824602,48
synthetic_niah_86,niah_single_1,21,5,16,ema_rho_0.95,0.7607007575757576,0.8669095889055738,48
synthetic_niah_86,niah_single_1,21,5,16,ema_rho_0.99,0.7282196969696969,0.8199184022334413,48
synthetic_niah_86,niah_single_1,21,5,16,ema_rho_0.995,0.7107954545454547,0.7999147160860726,48
synthetic_niah_86,niah_single_1,21,5,16,ema_rho_0.999,0.6892992424242425,0.7699495555174636,48
synthetic_niah_86,niah_single_1,21,5,32,ema_rho_0,0.7140625,0.8310750855868665,32
synthetic_niah_86,niah_single_1,21,5,32,ema_rho_0.25,0.7366477272727273,0.8519560695248827,32
synthetic_niah_86,niah_single_1,21,5,32,ema_rho_0.5,0.7448863636363636,0.8615726018962213,32
synthetic_niah_86,niah_single_1,21,5,32,ema_rho_0.8,0.7467329545454545,0.86966006518295,32
synthetic_niah_86,niah_single_1,21,5,32,ema_rho_0.9,0.7411931818181818,0.864926649756054,32
synthetic_niah_86,niah_single_1,21,5,32,ema_rho_0.95,0.7291193181818181,0.8512998323857933,32
synthetic_niah_86,niah_single_1,21,5,32,ema_rho_0.99,0.7100852272727273,0.8078728674983988,32
synthetic_niah_86,niah_single_1,21,5,32,ema_rho_0.995,0.7083806818181818,0.7934100337596792,32
synthetic_niah_86,niah_single_1,21,5,32,ema_rho_0.999,0.6941761363636364,0.7752852595298386,32
synthetic_niah_86,niah_single_1,21,6,1,ema_rho_0,0.7468253968253967,0.852971081082801,63
synthetic_niah_86,niah_single_1,21,6,1,ema_rho_0.25,0.7564213564213563,0.8713388814589292,63
synthetic_niah_86,niah_single_1,21,6,1,ema_rho_0.5,0.758225108225108,0.8714467789499268,63
synthetic_niah_86,niah_single_1,21,6,1,ema_rho_0.8,0.7360028860028861,0.8459737984752929,63
synthetic_niah_86,niah_single_1,21,6,1,ema_rho_0.9,0.7147907647907646,0.8230512283466541,63
synthetic_niah_86,niah_single_1,21,6,1,ema_rho_0.95,0.6980519480519481,0.8053519540326532,63
synthetic_niah_86,niah_single_1,21,6,1,ema_rho_0.99,0.6629148629148629,0.7744933221003056,63
synthetic_niah_86,niah_single_1,21,6,1,ema_rho_0.995,0.6499278499278499,0.7627420283562211,63
synthetic_niah_86,niah_single_1,21,6,1,ema_rho_0.999,0.6193362193362193,0.7340265000292905,63
synthetic_niah_86,niah_single_1,21,6,4,ema_rho_0,0.7378787878787879,0.8502707838354008,60
synthetic_niah_86,niah_single_1,21,6,4,ema_rho_0.25,0.7619696969696971,0.8789482610459038,60
synthetic_niah_86,niah_single_1,21,6,4,ema_rho_0.5,0.7681818181818182,0.8833617969348987,60
synthetic_niah_86,niah_single_1,21,6,4,ema_rho_0.8,0.7584090909090909,0.8655638056690315,60
synthetic_niah_86,niah_single_1,21,6,4,ema_rho_0.9,0.7463636363636363,0.8492138894888185,60
synthetic_niah_86,niah_single_1,21,6,4,ema_rho_0.95,0.7304545454545452,0.8355560003283284,60
synthetic_niah_86,niah_single_1,21,6,4,ema_rho_0.99,0.6917424242424243,0.807996190412276,60
synthetic_niah_86,niah_single_1,21,6,4,ema_rho_0.995,0.6757575757575758,0.7967562849513798,60
synthetic_niah_86,niah_single_1,21,6,4,ema_rho_0.999,0.6424242424242423,0.7681607764858623,60
synthetic_niah_86,niah_single_1,21,6,16,ema_rho_0,0.6663825757575758,0.749200229072037,48
synthetic_niah_86,niah_single_1,21,6,16,ema_rho_0.25,0.6928030303030303,0.780036019575193,48
synthetic_niah_86,niah_single_1,21,6,16,ema_rho_0.5,0.7014204545454547,0.7903384301751722,48
synthetic_niah_86,niah_single_1,21,6,16,ema_rho_0.8,0.7093750000000001,0.798005654266375,48
synthetic_niah_86,niah_single_1,21,6,16,ema_rho_0.9,0.7113636363636363,0.7993773033623719,48
synthetic_niah_86,niah_single_1,21,6,16,ema_rho_0.95,0.7030303030303031,0.7954490719478761,48
synthetic_niah_86,niah_single_1,21,6,16,ema_rho_0.99,0.6703598484848485,0.7787413014755051,48
synthetic_niah_86,niah_single_1,21,6,16,ema_rho_0.995,0.6603219696969697,0.7696149682071853,48
synthetic_niah_86,niah_single_1,21,6,16,ema_rho_0.999,0.6357007575757575,0.7448638737016223,48
synthetic_niah_86,niah_single_1,21,6,32,ema_rho_0,0.6542613636363637,0.7019911893462141,32
synthetic_niah_86,niah_single_1,21,6,32,ema_rho_0.25,0.6732954545454546,0.7239727994467702,32
synthetic_niah_86,niah_single_1,21,6,32,ema_rho_0.5,0.6768465909090909,0.7306535855455568,32
synthetic_niah_86,niah_single_1,21,6,32,ema_rho_0.8,0.6657670454545455,0.7325664517764588,32
synthetic_niah_86,niah_single_1,21,6,32,ema_rho_0.9,0.6532670454545455,0.730788851102668,32
synthetic_niah_86,niah_single_1,21,6,32,ema_rho_0.95,0.6397727272727272,0.730321857623385,32
synthetic_niah_86,niah_single_1,21,6,32,ema_rho_0.99,0.6205965909090909,0.7213664234272621,32
synthetic_niah_86,niah_single_1,21,6,32,ema_rho_0.995,0.6181818181818182,0.7144325571905275,32
synthetic_niah_86,niah_single_1,21,6,32,ema_rho_0.999,0.6059659090909091,0.6986398865845365,32
synthetic_niah_86,niah_single_1,21,7,1,ema_rho_0,0.7629148629148629,0.8926552952376708,63
synthetic_niah_86,niah_single_1,21,7,1,ema_rho_0.25,0.7719336219336218,0.9045525134308299,63
synthetic_niah_86,niah_single_1,21,7,1,ema_rho_0.5,0.7699855699855699,0.9048760946488368,63
synthetic_niah_86,niah_single_1,21,7,1,ema_rho_0.8,0.7466810966810967,0.8883582056367663,63
synthetic_niah_86,niah_single_1,21,7,1,ema_rho_0.9,0.7287157287157288,0.8735455584332481,63
synthetic_niah_86,niah_single_1,21,7,1,ema_rho_0.95,0.7166666666666667,0.8654980228164204,63
synthetic_niah_86,niah_single_1,21,7,1,ema_rho_0.99,0.6991341991341992,0.8552676975713714,63
synthetic_niah_86,niah_single_1,21,7,1,ema_rho_0.995,0.6939393939393941,0.8497059910818318,63
synthetic_niah_86,niah_single_1,21,7,1,ema_rho_0.999,0.6782106782106782,0.8303720085374571,63
synthetic_niah_86,niah_single_1,21,7,4,ema_rho_0,0.7425,0.8908875189469404,60
synthetic_niah_86,niah_single_1,21,7,4,ema_rho_0.25,0.7634090909090909,0.9104557307138009,60
synthetic_niah_86,niah_single_1,21,7,4,ema_rho_0.5,0.7702272727272726,0.9143810687443136,60
synthetic_niah_86,niah_single_1,21,7,4,ema_rho_0.8,0.760151515151515,0.9027235929874184,60
synthetic_niah_86,niah_single_1,21,7,4,ema_rho_0.9,0.7503787878787878,0.8910507124989002,60
synthetic_niah_86,niah_single_1,21,7,4,ema_rho_0.95,0.740530303030303,0.8854945129874915,60
synthetic_niah_86,niah_single_1,21,7,4,ema_rho_0.99,0.7222727272727273,0.877260293884476,60
synthetic_niah_86,niah_single_1,21,7,4,ema_rho_0.995,0.7186363636363635,0.8718811523213303,60
synthetic_niah_86,niah_single_1,21,7,4,ema_rho_0.999,0.6992424242424242,0.8528082692473863,60
synthetic_niah_86,niah_single_1,21,7,16,ema_rho_0,0.6821969696969697,0.8253342412012771,48
synthetic_niah_86,niah_single_1,21,7,16,ema_rho_0.25,0.6981060606060606,0.8436965656048866,48
synthetic_niah_86,niah_single_1,21,7,16,ema_rho_0.5,0.7023674242424244,0.8501780482184672,48
synthetic_niah_86,niah_single_1,21,7,16,ema_rho_0.8,0.7038825757575756,0.8552041226504397,48
synthetic_niah_86,niah_single_1,21,7,16,ema_rho_0.9,0.7057765151515153,0.8560763817639562,48
synthetic_niah_86,niah_single_1,21,7,16,ema_rho_0.95,0.7013257575757575,0.8550296823805086,48
synthetic_niah_86,niah_single_1,21,7,16,ema_rho_0.99,0.703409090909091,0.8497763268030568,48
synthetic_niah_86,niah_single_1,21,7,16,ema_rho_0.995,0.703030303030303,0.8453931450801649,48
synthetic_niah_86,niah_single_1,21,7,16,ema_rho_0.999,0.6833333333333332,0.8298911635565732,48
synthetic_niah_86,niah_single_1,21,7,32,ema_rho_0,0.6306818181818182,0.7760607981660421,32
synthetic_niah_86,niah_single_1,21,7,32,ema_rho_0.25,0.6414772727272727,0.7969750105937173,32
synthetic_niah_86,niah_single_1,21,7,32,ema_rho_0.5,0.6443181818181818,0.8034805831434332,32
synthetic_niah_86,niah_single_1,21,7,32,ema_rho_0.8,0.6372159090909091,0.8008141675969649,32
synthetic_niah_86,niah_single_1,21,7,32,ema_rho_0.9,0.6308238636363637,0.7936534413284232,32
synthetic_niah_86,niah_single_1,21,7,32,ema_rho_0.95,0.6330965909090909,0.7895836642235811,32
synthetic_niah_86,niah_single_1,21,7,32,ema_rho_0.99,0.6464488636363637,0.7894209942373009,32
synthetic_niah_86,niah_single_1,21,7,32,ema_rho_0.995,0.6522727272727273,0.7891727333242303,32
synthetic_niah_86,niah_single_1,21,7,32,ema_rho_0.999,0.6529829545454545,0.7851290936051506,32
synthetic_niah_86,niah_single_1,27,0,1,ema_rho_0,0.8142135642135643,0.9005880641432057,63
synthetic_niah_86,niah_single_1,27,0,1,ema_rho_0.25,0.8233044733044732,0.9103525377246316,63
synthetic_niah_86,niah_single_1,27,0,1,ema_rho_0.5,0.8272727272727272,0.9131323126898039,63
synthetic_niah_86,niah_single_1,27,0,1,ema_rho_0.8,0.8190476190476189,0.902841846080631,63
synthetic_niah_86,niah_single_1,27,0,1,ema_rho_0.9,0.8015151515151515,0.8842374285110688,63
synthetic_niah_86,niah_single_1,27,0,1,ema_rho_0.95,0.7770562770562771,0.8600037925687217,63
synthetic_niah_86,niah_single_1,27,0,1,ema_rho_0.99,0.7103896103896102,0.7773223709888208,63
synthetic_niah_86,niah_single_1,27,0,1,ema_rho_0.995,0.6886724386724387,0.7332068297197202,63
synthetic_niah_86,niah_single_1,27,0,1,ema_rho_0.999,0.6690476190476191,0.6561666633853463,63
synthetic_niah_86,niah_single_1,27,0,4,ema_rho_0,0.8116666666666666,0.9009422344248029,60
synthetic_niah_86,niah_single_1,27,0,4,ema_rho_0.25,0.8282575757575757,0.914198237848139,60
synthetic_niah_86,niah_single_1,27,0,4,ema_rho_0.5,0.8390151515151516,0.9202023688573154,60
synthetic_niah_86,niah_single_1,27,0,4,ema_rho_0.8,0.839090909090909,0.9146547691351827,60
synthetic_niah_86,niah_single_1,27,0,4,ema_rho_0.9,0.8221969696969696,0.8977248041450104,60
synthetic_niah_86,niah_single_1,27,0,4,ema_rho_0.95,0.7928787878787878,0.874162473895589,60
synthetic_niah_86,niah_single_1,27,0,4,ema_rho_0.99,0.7162121212121211,0.788898639896747,60
synthetic_niah_86,niah_single_1,27,0,4,ema_rho_0.995,0.6921212121212121,0.7438132671724911,60
synthetic_niah_86,niah_single_1,27,0,4,ema_rho_0.999,0.6725,0.6667705052097872,60
synthetic_niah_86,niah_single_1,27,0,16,ema_rho_0,0.7779356060606061,0.851064981264117,48
synthetic_niah_86,niah_single_1,27,0,16,ema_rho_0.25,0.7946022727272727,0.8662814623853334,48
synthetic_niah_86,niah_single_1,27,0,16,ema_rho_0.5,0.8042613636363636,0.8733073803322826,48
synthetic_niah_86,niah_single_1,27,0,16,ema_rho_0.8,0.802840909090909,0.8707950906285432,48
synthetic_niah_86,niah_single_1,27,0,16,ema_rho_0.9,0.7880681818181818,0.8590309187539278,48
synthetic_niah_86,niah_single_1,27,0,16,ema_rho_0.95,0.7603219696969697,0.8384402732405577,48
synthetic_niah_86,niah_single_1,27,0,16,ema_rho_0.99,0.6956439393939394,0.7547949129589876,48
synthetic_niah_86,niah_single_1,27,0,16,ema_rho_0.995,0.6737689393939393,0.71352353118876,48
synthetic_niah_86,niah_single_1,27,0,16,ema_rho_0.999,0.6567234848484849,0.6494705291740089,48
synthetic_niah_86,niah_single_1,27,0,32,ema_rho_0,0.7299715909090909,0.7907719656278862,32
synthetic_niah_86,niah_single_1,27,0,32,ema_rho_0.25,0.7424715909090909,0.8081156003800654,32
synthetic_niah_86,niah_single_1,27,0,32,ema_rho_0.5,0.7475852272727272,0.8173695909499408,32
synthetic_niah_86,niah_single_1,27,0,32,ema_rho_0.8,0.7438920454545455,0.8162211783392869,32
synthetic_niah_86,niah_single_1,27,0,32,ema_rho_0.9,0.7370738636363636,0.8035494246918655,32
synthetic_niah_86,niah_single_1,27,0,32,ema_rho_0.95,0.7117897727272727,0.7813546621611263,32
synthetic_niah_86,niah_single_1,27,0,32,ema_rho_0.99,0.6678977272727273,0.7018685641575126,32
synthetic_niah_86,niah_single_1,27,0,32,ema_rho_0.995,0.6518465909090909,0.6701558277434969,32
synthetic_niah_86,niah_single_1,27,0,32,ema_rho_0.999,0.6436079545454546,0.6317995492110209,32
synthetic_niah_86,niah_single_1,27,1,1,ema_rho_0,0.8512987012987012,0.8982630016956632,63
synthetic_niah_86,niah_single_1,27,1,1,ema_rho_0.25,0.8523088023088025,0.9025068378246092,63
synthetic_niah_86,niah_single_1,27,1,1,ema_rho_0.5,0.8486291486291486,0.9005117195265144,63
synthetic_niah_86,niah_single_1,27,1,1,ema_rho_0.8,0.8335497835497836,0.8880982451381685,63
synthetic_niah_86,niah_single_1,27,1,1,ema_rho_0.9,0.825108225108225,0.8730075485808926,63
synthetic_niah_86,niah_single_1,27,1,1,ema_rho_0.95,0.8127705627705627,0.85367291786152,63
synthetic_niah_86,niah_single_1,27,1,1,ema_rho_0.99,0.7699134199134199,0.7910105167203614,63
synthetic_niah_86,niah_single_1,27,1,1,ema_rho_0.995,0.7512265512265512,0.7670216841348818,63
synthetic_niah_86,niah_single_1,27,1,1,ema_rho_0.999,0.7291486291486292,0.7302674511482723,63
synthetic_niah_86,niah_single_1,27,1,4,ema_rho_0,0.8360606060606061,0.8893223848269578,60
synthetic_niah_86,niah_single_1,27,1,4,ema_rho_0.25,0.8450000000000001,0.8995837528731394,60
synthetic_niah_86,niah_single_1,27,1,4,ema_rho_0.5,0.8493939393939395,0.9028877380119121,60
synthetic_niah_86,niah_single_1,27,1,4,ema_rho_0.8,0.842878787878788,0.8981633816199015,60
synthetic_niah_86,niah_single_1,27,1,4,ema_rho_0.9,0.8388636363636365,0.886198025020129,60
synthetic_niah_86,niah_single_1,27,1,4,ema_rho_0.95,0.8275757575757577,0.867006924247431,60
synthetic_niah_86,niah_single_1,27,1,4,ema_rho_0.99,0.7824242424242425,0.8022843407711978,60
synthetic_niah_86,niah_single_1,27,1,4,ema_rho_0.995,0.7616666666666667,0.777767366484518,60
synthetic_niah_86,niah_single_1,27,1,4,ema_rho_0.999,0.7386363636363635,0.740800337700867,60
synthetic_niah_86,niah_single_1,27,1,16,ema_rho_0,0.790435606060606,0.842105503681455,48
synthetic_niah_86,niah_single_1,27,1,16,ema_rho_0.25,0.8028409090909091,0.8586848240968754,48
synthetic_niah_86,niah_single_1,27,1,16,ema_rho_0.5,0.8105113636363637,0.8657815224813232,48
synthetic_niah_86,niah_single_1,27,1,16,ema_rho_0.8,0.8267992424242424,0.8705097244157347,48
synthetic_niah_86,niah_single_1,27,1,16,ema_rho_0.9,0.8320075757575758,0.8636661055180413,48
synthetic_niah_86,niah_single_1,27,1,16,ema_rho_0.95,0.8250946969696971,0.8459995942924475,48
synthetic_niah_86,niah_single_1,27,1,16,ema_rho_0.99,0.7789772727272727,0.7880596649756684,48
synthetic_niah_86,niah_single_1,27,1,16,ema_rho_0.995,0.7610795454545455,0.7671209765886743,48
synthetic_niah_86,niah_single_1,27,1,16,ema_rho_0.999,0.7409090909090909,0.7376977797234266,48
synthetic_niah_86,niah_single_1,27,1,32,ema_rho_0,0.8072443181818183,0.8061902272640945,32
synthetic_niah_86,niah_single_1,27,1,32,ema_rho_0.25,0.8282670454545454,0.8236473317995501,32
synthetic_niah_86,niah_single_1,27,1,32,ema_rho_0.5,0.8392045454545454,0.8306101933452359,32
synthetic_niah_86,niah_single_1,27,1,32,ema_rho_0.8,0.8419034090909091,0.8310030061020202,32
synthetic_niah_86,niah_single_1,27,1,32,ema_rho_0.9,0.8362215909090909,0.8224956518124351,32
synthetic_niah_86,niah_single_1,27,1,32,ema_rho_0.95,0.8160511363636364,0.8064753583497684,32
synthetic_niah_86,niah_single_1,27,1,32,ema_rho_0.99,0.7664772727272727,0.7638870302378282,32
synthetic_niah_86,niah_single_1,27,1,32,ema_rho_0.995,0.7525568181818183,0.7502297318943444,32
synthetic_niah_86,niah_single_1,27,1,32,ema_rho_0.999,0.7369318181818183,0.7339078201411924,32
synthetic_niah_86,niah_single_1,27,2,1,ema_rho_0,0.8384559884559886,0.9281187918767132,63
synthetic_niah_86,niah_single_1,27,2,1,ema_rho_0.25,0.8471861471861472,0.9334063379477446,63
synthetic_niah_86,niah_single_1,27,2,1,ema_rho_0.5,0.8505772005772005,0.9332119071028523,63
synthetic_niah_86,niah_single_1,27,2,1,ema_rho_0.8,0.8409090909090909,0.9236395354422033,63
synthetic_niah_86,niah_single_1,27,2,1,ema_rho_0.9,0.8312409812409812,0.9138348344653151,63
synthetic_niah_86,niah_single_1,27,2,1,ema_rho_0.95,0.8191919191919191,0.9036072847015848,63
synthetic_niah_86,niah_single_1,27,2,1,ema_rho_0.99,0.7862914862914864,0.8761449880644729,63
synthetic_niah_86,niah_single_1,27,2,1,ema_rho_0.995,0.772005772005772,0.8613226653294889,63
synthetic_niah_86,niah_single_1,27,2,1,ema_rho_0.999,0.7596681096681097,0.8293388123096649,63
synthetic_niah_86,niah_single_1,27,2,4,ema_rho_0,0.8365151515151515,0.9230141444815548,60
synthetic_niah_86,niah_single_1,27,2,4,ema_rho_0.25,0.8532575757575758,0.9327192694749741,60
synthetic_niah_86,niah_single_1,27,2,4,ema_rho_0.5,0.8625757575757576,0.9365697930958322,60
synthetic_niah_86,niah_single_1,27,2,4,ema_rho_0.8,0.8665151515151516,0.9336533439355232,60
synthetic_niah_86,niah_single_1,27,2,4,ema_rho_0.9,0.8613636363636363,0.9277693337056632,60
synthetic_niah_86,niah_single_1,27,2,4,ema_rho_0.95,0.8512878787878789,0.9201546867212127,60
synthetic_niah_86,niah_single_1,27,2,4,ema_rho_0.99,0.8159848484848485,0.8948238736932479,60
synthetic_niah_86,niah_single_1,27,2,4,ema_rho_0.995,0.8012878787878788,0.8802308148911531,60
synthetic_niah_86,niah_single_1,27,2,4,ema_rho_0.999,0.7885606060606061,0.8487071556938626,60
synthetic_niah_86,niah_single_1,27,2,16,ema_rho_0,0.8135416666666666,0.8954314852707395,48
synthetic_niah_86,niah_single_1,27,2,16,ema_rho_0.25,0.8375946969696969,0.9084359237439883,48
synthetic_niah_86,niah_single_1,27,2,16,ema_rho_0.5,0.852651515151515,0.9157176722653532,48
synthetic_niah_86,niah_single_1,27,2,16,ema_rho_0.8,0.8675189393939394,0.9229217168546123,48
synthetic_niah_86,niah_single_1,27,2,16,ema_rho_0.9,0.8715909090909091,0.9241436562668403,48
synthetic_niah_86,niah_single_1,27,2,16,ema_rho_0.95,0.8606060606060607,0.9201379486817842,48
synthetic_niah_86,niah_single_1,27,2,16,ema_rho_0.99,0.8286931818181819,0.8968125959584533,48
synthetic_niah_86,niah_single_1,27,2,16,ema_rho_0.995,0.8153409090909092,0.8826940935289841,48
synthetic_niah_86,niah_single_1,27,2,16,ema_rho_0.999,0.8050189393939394,0.8544090819190572,48
synthetic_niah_86,niah_single_1,27,2,32,ema_rho_0,0.8120738636363636,0.8806378222362323,32
synthetic_niah_86,niah_single_1,27,2,32,ema_rho_0.25,0.8373579545454546,0.8962952929620847,32
synthetic_niah_86,niah_single_1,27,2,32,ema_rho_0.5,0.8514204545454546,0.9044880790102062,32
synthetic_niah_86,niah_single_1,27,2,32,ema_rho_0.8,0.8609374999999999,0.9098810611521839,32
synthetic_niah_86,niah_single_1,27,2,32,ema_rho_0.9,0.8586647727272727,0.9096451513634305,32
synthetic_niah_86,niah_single_1,27,2,32,ema_rho_0.95,0.8448863636363636,0.9062514849387406,32
synthetic_niah_86,niah_single_1,27,2,32,ema_rho_0.99,0.8274147727272727,0.8859760573202939,32
synthetic_niah_86,niah_single_1,27,2,32,ema_rho_0.995,0.81875,0.8741916040724483,32
synthetic_niah_86,niah_single_1,27,2,32,ema_rho_0.999,0.8102272727272727,0.85382326010938,32
synthetic_niah_86,niah_single_1,27,3,1,ema_rho_0,0.7729437229437228,0.8459160253091217,63
synthetic_niah_86,niah_single_1,27,3,1,ema_rho_0.25,0.7800144300144299,0.845537345065636,63
synthetic_niah_86,niah_single_1,27,3,1,ema_rho_0.5,0.7727272727272728,0.833535844818008,63
synthetic_niah_86,niah_single_1,27,3,1,ema_rho_0.8,0.754906204906205,0.7952413239562789,63
synthetic_niah_86,niah_single_1,27,3,1,ema_rho_0.9,0.745887445887446,0.7733276041974825,63
synthetic_niah_86,niah_single_1,27,3,1,ema_rho_0.95,0.7341991341991343,0.7634314286991924,63
synthetic_niah_86,niah_single_1,27,3,1,ema_rho_0.99,0.6847763347763349,0.7284902496476081,63
synthetic_niah_86,niah_single_1,27,3,1,ema_rho_0.995,0.6705627705627706,0.7101225031924662,63
synthetic_niah_86,niah_single_1,27,3,1,ema_rho_0.999,0.6346320346320348,0.6810807223185332,63
synthetic_niah_86,niah_single_1,27,3,4,ema_rho_0,0.7528787878787878,0.8168392401853223,60
synthetic_niah_86,niah_single_1,27,3,4,ema_rho_0.25,0.7658333333333334,0.8231106386499474,60
synthetic_niah_86,niah_single_1,27,3,4,ema_rho_0.5,0.7684848484848483,0.8154957793158981,60
synthetic_niah_86,niah_single_1,27,3,4,ema_rho_0.8,0.7683333333333333,0.7908142752172771,60
synthetic_niah_86,niah_single_1,27,3,4,ema_rho_0.9,0.7681818181818182,0.7790163832323835,60
synthetic_niah_86,niah_single_1,27,3,4,ema_rho_0.95,0.7584090909090908,0.7767037972156902,60
synthetic_niah_86,niah_single_1,27,3,4,ema_rho_0.99,0.7087878787878787,0.7475098261284294,60
synthetic_niah_86,niah_single_1,27,3,4,ema_rho_0.995,0.6937878787878787,0.7298564743176658,60
synthetic_niah_86,niah_single_1,27,3,4,ema_rho_0.999,0.6570454545454546,0.7017244022721264,60
synthetic_niah_86,niah_single_1,27,3,16,ema_rho_0,0.6983901515151515,0.6880975044634665,48
synthetic_niah_86,niah_single_1,27,3,16,ema_rho_0.25,0.7196969696969697,0.7015489161398204,48
synthetic_niah_86,niah_single_1,27,3,16,ema_rho_0.5,0.7389204545454545,0.709212276695295,48
synthetic_niah_86,niah_single_1,27,3,16,ema_rho_0.8,0.771590909090909,0.7366494101677104,48
synthetic_niah_86,niah_single_1,27,3,16,ema_rho_0.9,0.786931818181818,0.7553766527581264,48
synthetic_niah_86,niah_single_1,27,3,16,ema_rho_0.95,0.7781249999999998,0.7600111502021809,48
synthetic_niah_86,niah_single_1,27,3,16,ema_rho_0.99,0.7270833333333333,0.7255140907219069,48
synthetic_niah_86,niah_single_1,27,3,16,ema_rho_0.995,0.712405303030303,0.7079341901837287,48
synthetic_niah_86,niah_single_1,27,3,16,ema_rho_0.999,0.680776515151515,0.6824000348812036,48
synthetic_niah_86,niah_single_1,27,3,32,ema_rho_0,0.6992897727272727,0.6734737121443742,32
synthetic_niah_86,niah_single_1,27,3,32,ema_rho_0.25,0.7276988636363636,0.703865497818873,32
synthetic_niah_86,niah_single_1,27,3,32,ema_rho_0.5,0.7474431818181818,0.7228463405399188,32
synthetic_niah_86,niah_single_1,27,3,32,ema_rho_0.8,0.7632102272727272,0.7448866645705343,32
synthetic_niah_86,niah_single_1,27,3,32,ema_rho_0.9,0.7580965909090909,0.7475392031757339,32
synthetic_niah_86,niah_single_1,27,3,32,ema_rho_0.95,0.7404829545454545,0.7386772735108846,32
synthetic_niah_86,niah_single_1,27,3,32,ema_rho_0.99,0.6947443181818181,0.7002641723005132,32
synthetic_niah_86,niah_single_1,27,3,32,ema_rho_0.995,0.6863636363636363,0.6867361647425603,32
synthetic_niah_86,niah_single_1,27,3,32,ema_rho_0.999,0.6676136363636365,0.66967072112131,32
synthetic_niah_86,niah_single_1,27,4,1,ema_rho_0,0.7992784992784994,0.9296668927554844,63
synthetic_niah_86,niah_single_1,27,4,1,ema_rho_0.25,0.802958152958153,0.931814809629604,63
synthetic_niah_86,niah_single_1,27,4,1,ema_rho_0.5,0.7916305916305915,0.9242613684932945,63
synthetic_niah_86,niah_single_1,27,4,1,ema_rho_0.8,0.7554112554112552,0.8921606038475741,63
synthetic_niah_86,niah_single_1,27,4,1,ema_rho_0.9,0.7325396825396826,0.8701195941045016,63
synthetic_niah_86,niah_single_1,27,4,1,ema_rho_0.95,0.7113275613275615,0.857017699195397,63
synthetic_niah_86,niah_single_1,27,4,1,ema_rho_0.99,0.665800865800866,0.8327484085236897,63
synthetic_niah_86,niah_single_1,27,4,1,ema_rho_0.995,0.6448773448773449,0.8211000996068281,63
synthetic_niah_86,niah_single_1,27,4,1,ema_rho_0.999,0.6158008658008658,0.7953268390710079,63
synthetic_niah_86,niah_single_1,27,4,4,ema_rho_0,0.7671212121212122,0.91263622402005,60
synthetic_niah_86,niah_single_1,27,4,4,ema_rho_0.25,0.7796969696969697,0.9187258905905866,60
synthetic_niah_86,niah_single_1,27,4,4,ema_rho_0.5,0.7773484848484847,0.9136494447728858,60
synthetic_niah_86,niah_single_1,27,4,4,ema_rho_0.8,0.7590151515151515,0.890378699533285,60
synthetic_niah_86,niah_single_1,27,4,4,ema_rho_0.9,0.7421212121212122,0.8747760186998531,60
synthetic_niah_86,niah_single_1,27,4,4,ema_rho_0.95,0.7246969696969697,0.8653527353450222,60
synthetic_niah_86,niah_single_1,27,4,4,ema_rho_0.99,0.6707575757575758,0.842627263581125,60
synthetic_niah_86,niah_single_1,27,4,4,ema_rho_0.995,0.649469696969697,0.8308124226265391,60
synthetic_niah_86,niah_single_1,27,4,4,ema_rho_0.999,0.6206818181818183,0.8046265526394573,60
synthetic_niah_86,niah_single_1,27,4,16,ema_rho_0,0.6868371212121213,0.8385378442366686,48
synthetic_niah_86,niah_single_1,27,4,16,ema_rho_0.25,0.7009469696969696,0.8476467173761901,48
synthetic_niah_86,niah_single_1,27,4,16,ema_rho_0.5,0.7075757575757576,0.8522581379769992,48
synthetic_niah_86,niah_single_1,27,4,16,ema_rho_0.8,0.7285037878787879,0.8585118697209273,48
synthetic_niah_86,niah_single_1,27,4,16,ema_rho_0.9,0.7341856060606061,0.8612395948790338,48
synthetic_niah_86,niah_single_1,27,4,16,ema_rho_0.95,0.7228219696969697,0.858801388517166,48
synthetic_niah_86,niah_single_1,27,4,16,ema_rho_0.99,0.6635416666666667,0.83645828279493,48
synthetic_niah_86,niah_single_1,27,4,16,ema_rho_0.995,0.6472537878787878,0.8238595166555686,48
synthetic_niah_86,niah_single_1,27,4,16,ema_rho_0.999,0.6206439393939395,0.7985532219508631,48
synthetic_niah_86,niah_single_1,27,4,32,ema_rho_0,0.685653409090909,0.8277876168148409,32
synthetic_niah_86,niah_single_1,27,4,32,ema_rho_0.25,0.7051136363636363,0.8406580773215784,32
synthetic_niah_86,niah_single_1,27,4,32,ema_rho_0.5,0.7146306818181818,0.847423040297614,32
synthetic_niah_86,niah_single_1,27,4,32,ema_rho_0.8,0.7130681818181819,0.8508348070498437,32
synthetic_niah_86,niah_single_1,27,4,32,ema_rho_0.9,0.6975852272727273,0.8483141855678957,32
synthetic_niah_86,niah_single_1,27,4,32,ema_rho_0.95,0.673153409090909,0.8423004968896164,32
synthetic_niah_86,niah_single_1,27,4,32,ema_rho_0.99,0.6150568181818181,0.8160943809609358,32
synthetic_niah_86,niah_single_1,27,4,32,ema_rho_0.995,0.6031250000000001,0.8043746518325712,32
synthetic_niah_86,niah_single_1,27,4,32,ema_rho_0.999,0.5896306818181818,0.7862348995605739,32
synthetic_niah_86,niah_single_1,27,5,1,ema_rho_0,0.8481962481962482,0.8105252442317068,63
synthetic_niah_86,niah_single_1,27,5,1,ema_rho_0.25,0.8559884559884561,0.8287466802499696,63
synthetic_niah_86,niah_single_1,27,5,1,ema_rho_0.5,0.86002886002886,0.8378540433282414,63
synthetic_niah_86,niah_single_1,27,5,1,ema_rho_0.8,0.8610389610389609,0.8476691327364644,63
synthetic_niah_86,niah_single_1,27,5,1,ema_rho_0.9,0.8567099567099566,0.8459463262578881,63
synthetic_niah_86,niah_single_1,27,5,1,ema_rho_0.95,0.8462481962481964,0.8382575248230564,63
synthetic_niah_86,niah_single_1,27,5,1,ema_rho_0.99,0.8209956709956711,0.8041797875340847,63
synthetic_niah_86,niah_single_1,27,5,1,ema_rho_0.995,0.8099567099567101,0.786079716009102,63
synthetic_niah_86,niah_single_1,27,5,1,ema_rho_0.999,0.7843434343434341,0.7589848564786063,63
synthetic_niah_86,niah_single_1,27,5,4,ema_rho_0,0.8524999999999999,0.8301907820537167,60
synthetic_niah_86,niah_single_1,27,5,4,ema_rho_0.25,0.8656060606060606,0.8643794576197288,60
synthetic_niah_86,niah_single_1,27,5,4,ema_rho_0.5,0.8728787878787878,0.8808699188690325,60
synthetic_niah_86,niah_single_1,27,5,4,ema_rho_0.8,0.8775757575757575,0.8958728221236157,60
synthetic_niah_86,niah_single_1,27,5,4,ema_rho_0.9,0.8716666666666665,0.8947723000677195,60
synthetic_niah_86,niah_single_1,27,5,4,ema_rho_0.95,0.8607575757575758,0.8866264072009974,60
synthetic_niah_86,niah_single_1,27,5,4,ema_rho_0.99,0.8342424242424242,0.8491887050240784,60
synthetic_niah_86,niah_single_1,27,5,4,ema_rho_0.995,0.8226515151515151,0.8298774873980379,60
synthetic_niah_86,niah_single_1,27,5,4,ema_rho_0.999,0.7978787878787877,0.8026750925324256,60
synthetic_niah_86,niah_single_1,27,5,16,ema_rho_0,0.8407196969696971,0.8275009651686883,48
synthetic_niah_86,niah_single_1,27,5,16,ema_rho_0.25,0.853314393939394,0.863141988283063,48
synthetic_niah_86,niah_single_1,27,5,16,ema_rho_0.5,0.862310606060606,0.8812005531484441,48
synthetic_niah_86,niah_single_1,27,5,16,ema_rho_0.8,0.8677083333333334,0.8978500474706917,48
synthetic_niah_86,niah_single_1,27,5,16,ema_rho_0.9,0.8577651515151515,0.8931037718361571,48
synthetic_niah_86,niah_single_1,27,5,16,ema_rho_0.95,0.8410037878787878,0.8781831503405995,48
synthetic_niah_86,niah_single_1,27,5,16,ema_rho_0.99,0.8047348484848484,0.827655006172329,48
synthetic_niah_86,niah_single_1,27,5,16,ema_rho_0.995,0.7974431818181819,0.8089274391967853,48
synthetic_niah_86,niah_single_1,27,5,16,ema_rho_0.999,0.7764204545454545,0.7894752360659033,48
synthetic_niah_86,niah_single_1,27,5,32,ema_rho_0,0.8100852272727272,0.7871705451652823,32
synthetic_niah_86,niah_single_1,27,5,32,ema_rho_0.25,0.8169034090909091,0.8190650367521899,32
synthetic_niah_86,niah_single_1,27,5,32,ema_rho_0.5,0.8255681818181818,0.8351967749533913,32
synthetic_niah_86,niah_single_1,27,5,32,ema_rho_0.8,0.8207386363636363,0.8429427344259355,32
synthetic_niah_86,niah_single_1,27,5,32,ema_rho_0.9,0.8032670454545454,0.8265829497607191,32
synthetic_niah_86,niah_single_1,27,5,32,ema_rho_0.95,0.7802556818181818,0.8033810197073789,32
synthetic_niah_86,niah_single_1,27,5,32,ema_rho_0.99,0.75,0.7544007142212157,32
synthetic_niah_86,niah_single_1,27,5,32,ema_rho_0.995,0.7539772727272728,0.744180174364853,32
synthetic_niah_86,niah_single_1,27,5,32,ema_rho_0.999,0.7491477272727273,0.737111481716712,32
synthetic_niah_86,niah_single_1,27,6,1,ema_rho_0,0.7738816738816738,0.7692912067689311,63
synthetic_niah_86,niah_single_1,27,6,1,ema_rho_0.25,0.7841991341991342,0.7757182932962453,63
synthetic_niah_86,niah_single_1,27,6,1,ema_rho_0.5,0.787734487734488,0.7807117067147105,63
synthetic_niah_86,niah_single_1,27,6,1,ema_rho_0.8,0.7835497835497834,0.7835057319405067,63
synthetic_niah_86,niah_single_1,27,6,1,ema_rho_0.9,0.7767676767676767,0.7728566366447377,63
synthetic_niah_86,niah_single_1,27,6,1,ema_rho_0.95,0.7665945165945167,0.7532234451930526,63
synthetic_niah_86,niah_single_1,27,6,1,ema_rho_0.99,0.7344155844155845,0.672685707231102,63
synthetic_niah_86,niah_single_1,27,6,1,ema_rho_0.995,0.7229437229437229,0.6382819434669096,63
synthetic_niah_86,niah_single_1,27,6,1,ema_rho_0.999,0.7048340548340549,0.5880906129494055,63
synthetic_niah_86,niah_single_1,27,6,4,ema_rho_0,0.7873484848484847,0.7811957998566331,60
synthetic_niah_86,niah_single_1,27,6,4,ema_rho_0.25,0.8088636363636363,0.8167262880300445,60
synthetic_niah_86,niah_single_1,27,6,4,ema_rho_0.5,0.8191666666666666,0.8339612190168798,60
synthetic_niah_86,niah_single_1,27,6,4,ema_rho_0.8,0.8188636363636363,0.8431425740081112,60
synthetic_niah_86,niah_single_1,27,6,4,ema_rho_0.9,0.8108333333333333,0.8330623713161781,60
synthetic_niah_86,niah_single_1,27,6,4,ema_rho_0.95,0.800378787878788,0.8122615669324544,60
synthetic_niah_86,niah_single_1,27,6,4,ema_rho_0.99,0.7596969696969696,0.7250829896314606,60
synthetic_niah_86,niah_single_1,27,6,4,ema_rho_0.995,0.743939393939394,0.6876329940970649,60
synthetic_niah_86,niah_single_1,27,6,4,ema_rho_0.999,0.7212878787878788,0.6343991140411238,60
synthetic_niah_86,niah_single_1,27,6,16,ema_rho_0,0.7760416666666666,0.7769945143532868,48
synthetic_niah_86,niah_single_1,27,6,16,ema_rho_0.25,0.8024621212121211,0.8222424540842527,48
synthetic_niah_86,niah_single_1,27,6,16,ema_rho_0.5,0.815435606060606,0.8421540778034493,48
synthetic_niah_86,niah_single_1,27,6,16,ema_rho_0.8,0.8244318181818181,0.8557333434503059,48
synthetic_niah_86,niah_single_1,27,6,16,ema_rho_0.9,0.8114583333333334,0.8407376415856326,48
synthetic_niah_86,niah_single_1,27,6,16,ema_rho_0.95,0.7946969696969696,0.8040391435526826,48
synthetic_niah_86,niah_single_1,27,6,16,ema_rho_0.99,0.7568181818181818,0.6976920889117822,48
synthetic_niah_86,niah_single_1,27,6,16,ema_rho_0.995,0.7422348484848484,0.6609161529578567,48
synthetic_niah_86,niah_single_1,27,6,16,ema_rho_0.999,0.7221590909090909,0.6161491256901862,48
synthetic_niah_86,niah_single_1,27,6,32,ema_rho_0,0.7622159090909091,0.7530429925106757,32
synthetic_niah_86,niah_single_1,27,6,32,ema_rho_0.25,0.7869318181818181,0.8066026257127081,32
synthetic_niah_86,niah_single_1,27,6,32,ema_rho_0.5,0.7926136363636365,0.8242385070052936,32
synthetic_niah_86,niah_single_1,27,6,32,ema_rho_0.8,0.7830965909090909,0.8198725563047747,32
synthetic_niah_86,niah_single_1,27,6,32,ema_rho_0.9,0.7617897727272727,0.7825237588745368,32
synthetic_niah_86,niah_single_1,27,6,32,ema_rho_0.95,0.7427556818181817,0.7308502281183202,32
synthetic_niah_86,niah_single_1,27,6,32,ema_rho_0.99,0.7194602272727273,0.63115058151593,32
synthetic_niah_86,niah_single_1,27,6,32,ema_rho_0.995,0.7100852272727273,0.6041800201824383,32
synthetic_niah_86,niah_single_1,27,6,32,ema_rho_0.999,0.6991477272727272,0.5795054530976538,32
synthetic_niah_86,niah_single_1,27,7,1,ema_rho_0,0.8316738816738816,0.9200319688442365,63
synthetic_niah_86,niah_single_1,27,7,1,ema_rho_0.25,0.8386002886002885,0.926290786074879,63
synthetic_niah_86,niah_single_1,27,7,1,ema_rho_0.5,0.8366522366522366,0.9225758226341754,63
synthetic_niah_86,niah_single_1,27,7,1,ema_rho_0.8,0.8193362193362196,0.9090545542516097,63
synthetic_niah_86,niah_single_1,27,7,1,ema_rho_0.9,0.8092352092352092,0.8984441681000777,63
synthetic_niah_86,niah_single_1,27,7,1,ema_rho_0.95,0.7955266955266954,0.8890256530679645,63
synthetic_niah_86,niah_single_1,27,7,1,ema_rho_0.99,0.7634920634920637,0.8663498094069,63
synthetic_niah_86,niah_single_1,27,7,1,ema_rho_0.995,0.7491341991341991,0.8575093061103435,63
synthetic_niah_86,niah_single_1,27,7,1,ema_rho_0.999,0.7265512265512265,0.8442254743541069,63
synthetic_niah_86,niah_single_1,27,7,4,ema_rho_0,0.8224242424242425,0.9149894151259337,60
synthetic_niah_86,niah_single_1,27,7,4,ema_rho_0.25,0.8332575757575759,0.929180296923332,60
synthetic_niah_86,niah_single_1,27,7,4,ema_rho_0.5,0.8334848484848485,0.9302043392095135,60
synthetic_niah_86,niah_single_1,27,7,4,ema_rho_0.8,0.8325,0.9275290353607416,60
synthetic_niah_86,niah_single_1,27,7,4,ema_rho_0.9,0.8278030303030304,0.9209590140835535,60
synthetic_niah_86,niah_single_1,27,7,4,ema_rho_0.95,0.816060606060606,0.9127889649665966,60
synthetic_niah_86,niah_single_1,27,7,4,ema_rho_0.99,0.7798484848484848,0.8874045004259921,60
synthetic_niah_86,niah_single_1,27,7,4,ema_rho_0.995,0.7632575757575758,0.877475035928308,60
synthetic_niah_86,niah_single_1,27,7,4,ema_rho_0.999,0.7385606060606059,0.8630924416510724,60
synthetic_niah_86,niah_single_1,27,7,16,ema_rho_0,0.7920454545454545,0.8786859899593039,48
synthetic_niah_86,niah_single_1,27,7,16,ema_rho_0.25,0.8099431818181818,0.8984272625821963,48
synthetic_niah_86,niah_single_1,27,7,16,ema_rho_0.5,0.8260416666666667,0.9076383254126705,48
synthetic_niah_86,niah_single_1,27,7,16,ema_rho_0.8,0.8473484848484848,0.9216497194981893,48
synthetic_niah_86,niah_single_1,27,7,16,ema_rho_0.9,0.8488636363636365,0.9243099363051898,48
synthetic_niah_86,niah_single_1,27,7,16,ema_rho_0.95,0.8291666666666667,0.9171820945604455,48
synthetic_niah_86,niah_single_1,27,7,16,ema_rho_0.99,0.7766098484848486,0.8866165432090192,48
synthetic_niah_86,niah_single_1,27,7,16,ema_rho_0.995,0.7603219696969697,0.8768202740377687,48
synthetic_niah_86,niah_single_1,27,7,16,ema_rho_0.999,0.7357007575757576,0.8649426631511244,48
synthetic_niah_86,niah_single_1,27,7,32,ema_rho_0,0.7795454545454545,0.86573747070708,32
synthetic_niah_86,niah_single_1,27,7,32,ema_rho_0.25,0.7991477272727273,0.8894136069930298,32
synthetic_niah_86,niah_single_1,27,7,32,ema_rho_0.5,0.8160511363636364,0.8994799714516015,32
synthetic_niah_86,niah_single_1,27,7,32,ema_rho_0.8,0.8275568181818183,0.9112906453626014,32
synthetic_niah_86,niah_single_1,27,7,32,ema_rho_0.9,0.8177556818181818,0.9072333744795384,32
synthetic_niah_86,niah_single_1,27,7,32,ema_rho_0.95,0.7951704545454545,0.8927597112691807,32
synthetic_niah_86,niah_single_1,27,7,32,ema_rho_0.99,0.7454545454545456,0.8636239535393252,32
synthetic_niah_86,niah_single_1,27,7,32,ema_rho_0.995,0.7345170454545454,0.8584161838502835,32
synthetic_niah_86,niah_single_1,27,7,32,ema_rho_0.999,0.7197443181818182,0.8541568362735894,32
synthetic_niah_87,niah_single_1,0,0,1,ema_rho_0,0.685064935064935,0.8087890745883406,63
synthetic_niah_87,niah_single_1,0,0,1,ema_rho_0.25,0.7093795093795094,0.8326911922210013,63
synthetic_niah_87,niah_single_1,0,0,1,ema_rho_0.5,0.7257575757575758,0.8423408641866956,63
synthetic_niah_87,niah_single_1,0,0,1,ema_rho_0.8,0.7342712842712843,0.8435849345883124,63
synthetic_niah_87,niah_single_1,0,0,1,ema_rho_0.9,0.7181818181818181,0.8330103896007734,63
synthetic_niah_87,niah_single_1,0,0,1,ema_rho_0.95,0.6935064935064935,0.8072557837267323,63
synthetic_niah_87,niah_single_1,0,0,1,ema_rho_0.99,0.6181096681096684,0.7210094433323462,63
synthetic_niah_87,niah_single_1,0,0,1,ema_rho_0.995,0.6058441558441557,0.6994055449739512,63
synthetic_niah_87,niah_single_1,0,0,1,ema_rho_0.999,0.5913419913419913,0.6790304595143822,63
synthetic_niah_87,niah_single_1,0,0,4,ema_rho_0,0.7183333333333334,0.8271916015333217,60
synthetic_niah_87,niah_single_1,0,0,4,ema_rho_0.25,0.75,0.8550065973989258,60
synthetic_niah_87,niah_single_1,0,0,4,ema_rho_0.5,0.774469696969697,0.8705276354593118,60
synthetic_niah_87,niah_single_1,0,0,4,ema_rho_0.8,0.7952272727272728,0.884399178460372,60
synthetic_niah_87,niah_single_1,0,0,4,ema_rho_0.9,0.7836363636363636,0.8789821286101025,60
synthetic_niah_87,niah_single_1,0,0,4,ema_rho_0.95,0.7565909090909089,0.8552081076969699,60
synthetic_niah_87,niah_single_1,0,0,4,ema_rho_0.99,0.6677272727272728,0.7677622207325602,60
synthetic_niah_87,niah_single_1,0,0,4,ema_rho_0.995,0.6530303030303031,0.745739277948701,60
synthetic_niah_87,niah_single_1,0,0,4,ema_rho_0.999,0.6359848484848486,0.7249660772971088,60
synthetic_niah_87,niah_single_1,0,0,16,ema_rho_0,0.7245265151515152,0.834371507772013,48
synthetic_niah_87,niah_single_1,0,0,16,ema_rho_0.25,0.7592803030303029,0.8626677940697407,48
synthetic_niah_87,niah_single_1,0,0,16,ema_rho_0.5,0.7895833333333334,0.8817103020748102,48
synthetic_niah_87,niah_single_1,0,0,16,ema_rho_0.8,0.8177083333333334,0.9006015091320271,48
synthetic_niah_87,niah_single_1,0,0,16,ema_rho_0.9,0.806155303030303,0.8978077741560876,48
synthetic_niah_87,niah_single_1,0,0,16,ema_rho_0.95,0.7781250000000001,0.8733199606709999,48
synthetic_niah_87,niah_single_1,0,0,16,ema_rho_0.99,0.6835227272727272,0.7906318132405445,48
synthetic_niah_87,niah_single_1,0,0,16,ema_rho_0.995,0.6678977272727273,0.7715147506468071,48
synthetic_niah_87,niah_single_1,0,0,16,ema_rho_0.999,0.6515151515151515,0.753821156612933,48
synthetic_niah_87,niah_single_1,0,0,32,ema_rho_0,0.7041193181818182,0.8425410585198966,32
synthetic_niah_87,niah_single_1,0,0,32,ema_rho_0.25,0.7321022727272727,0.8674747440701176,32
synthetic_niah_87,niah_single_1,0,0,32,ema_rho_0.5,0.7606534090909092,0.8848921093143824,32
synthetic_niah_87,niah_single_1,0,0,32,ema_rho_0.8,0.790340909090909,0.9009522328410795,32
synthetic_niah_87,niah_single_1,0,0,32,ema_rho_0.9,0.7823863636363636,0.8909976089375714,32
synthetic_niah_87,niah_single_1,0,0,32,ema_rho_0.95,0.7509943181818182,0.8603867347899843,32
synthetic_niah_87,niah_single_1,0,0,32,ema_rho_0.99,0.6731534090909091,0.7912974197001212,32
synthetic_niah_87,niah_single_1,0,0,32,ema_rho_0.995,0.6606534090909091,0.7772657228576898,32
synthetic_niah_87,niah_single_1,0,0,32,ema_rho_0.999,0.6485795454545454,0.7646056223108456,32
synthetic_niah_87,niah_single_1,0,1,1,ema_rho_0,0.6985569985569985,0.7178444701205924,63
synthetic_niah_87,niah_single_1,0,1,1,ema_rho_0.25,0.7034632034632036,0.7096653694250419,63
synthetic_niah_87,niah_single_1,0,1,1,ema_rho_0.5,0.6986291486291487,0.6982988989408438,63
synthetic_niah_87,niah_single_1,0,1,1,ema_rho_0.8,0.664069264069264,0.6616685550107819,63
synthetic_niah_87,niah_single_1,0,1,1,ema_rho_0.9,0.6164502164502166,0.6040684475459862,63
synthetic_niah_87,niah_single_1,0,1,1,ema_rho_0.95,0.5630591630591631,0.515041751915586,63
synthetic_niah_87,niah_single_1,0,1,1,ema_rho_0.99,0.47568542568542566,0.3352555317240329,63
synthetic_niah_87,niah_single_1,0,1,1,ema_rho_0.995,0.46197691197691193,0.2982699035549234,63
synthetic_niah_87,niah_single_1,0,1,1,ema_rho_0.999,0.4518759018759018,0.2653416074500187,63
synthetic_niah_87,niah_single_1,0,1,4,ema_rho_0,0.691742424242424,0.6865056565002994,60
synthetic_niah_87,niah_single_1,0,1,4,ema_rho_0.25,0.6969696969696971,0.7126356223446019,60
synthetic_niah_87,niah_single_1,0,1,4,ema_rho_0.5,0.6962121212121212,0.7283899430004265,60
synthetic_niah_87,niah_single_1,0,1,4,ema_rho_0.8,0.6712878787878789,0.7155309538997179,60
synthetic_niah_87,niah_single_1,0,1,4,ema_rho_0.9,0.6262878787878788,0.6564099593150199,60
synthetic_niah_87,niah_single_1,0,1,4,ema_rho_0.95,0.5781060606060606,0.5695707797096946,60
synthetic_niah_87,niah_single_1,0,1,4,ema_rho_0.99,0.4962878787878788,0.4027266992217982,60
synthetic_niah_87,niah_single_1,0,1,4,ema_rho_0.995,0.484848484848485,0.36844392529128894,60
synthetic_niah_87,niah_single_1,0,1,4,ema_rho_0.999,0.47659090909090907,0.33783818333814936,60
synthetic_niah_87,niah_single_1,0,1,16,ema_rho_0,0.6431818181818182,0.5978087540054723,48
synthetic_niah_87,niah_single_1,0,1,16,ema_rho_0.25,0.6537878787878788,0.6505180848372513,48
synthetic_niah_87,niah_single_1,0,1,16,ema_rho_0.5,0.656628787878788,0.6716828561695776,48
synthetic_niah_87,niah_single_1,0,1,16,ema_rho_0.8,0.6275568181818182,0.6546790197003698,48
synthetic_niah_87,niah_single_1,0,1,16,ema_rho_0.9,0.5838068181818182,0.6095987532441298,48
synthetic_niah_87,niah_single_1,0,1,16,ema_rho_0.95,0.5459280303030303,0.5471841092359502,48
synthetic_niah_87,niah_single_1,0,1,16,ema_rho_0.99,0.4847537878787878,0.42579537563907827,48
synthetic_niah_87,niah_single_1,0,1,16,ema_rho_0.995,0.47717803030303035,0.3988188785071425,48
synthetic_niah_87,niah_single_1,0,1,16,ema_rho_0.999,0.4714962121212121,0.3745306691322032,48
synthetic_niah_87,niah_single_1,0,1,32,ema_rho_0,0.5919034090909091,0.515109307680687,32
synthetic_niah_87,niah_single_1,0,1,32,ema_rho_0.25,0.5973011363636364,0.5484574082662903,32
synthetic_niah_87,niah_single_1,0,1,32,ema_rho_0.5,0.601278409090909,0.5626416294699976,32
synthetic_niah_87,niah_single_1,0,1,32,ema_rho_0.8,0.5901988636363636,0.5664971562822108,32
synthetic_niah_87,niah_single_1,0,1,32,ema_rho_0.9,0.5698863636363636,0.5492228936558499,32
synthetic_niah_87,niah_single_1,0,1,32,ema_rho_0.95,0.5430397727272728,0.5144997786205152,32
synthetic_niah_87,niah_single_1,0,1,32,ema_rho_0.99,0.5002840909090909,0.4327507756100792,32
synthetic_niah_87,niah_single_1,0,1,32,ema_rho_0.995,0.4975852272727273,0.41338175253210674,32
synthetic_niah_87,niah_single_1,0,1,32,ema_rho_0.999,0.49161931818181814,0.39602516634943075,32
synthetic_niah_87,niah_single_1,0,2,1,ema_rho_0,0.6940115440115439,0.8142537971421699,63
synthetic_niah_87,niah_single_1,0,2,1,ema_rho_0.25,0.7061327561327561,0.8272474976246885,63
synthetic_niah_87,niah_single_1,0,2,1,ema_rho_0.5,0.7060606060606062,0.822784414726404,63
synthetic_niah_87,niah_single_1,0,2,1,ema_rho_0.8,0.685858585858586,0.8029183091831653,63
synthetic_niah_87,niah_single_1,0,2,1,ema_rho_0.9,0.651948051948052,0.7682079324605136,63
synthetic_niah_87,niah_single_1,0,2,1,ema_rho_0.95,0.6108946608946609,0.7141501455436249,63
synthetic_niah_87,niah_single_1,0,2,1,ema_rho_0.99,0.5254689754689754,0.5920830323548592,63
synthetic_niah_87,niah_single_1,0,2,1,ema_rho_0.995,0.51002886002886,0.562399819870238,63
synthetic_niah_87,niah_single_1,0,2,1,ema_rho_0.999,0.500937950937951,0.5326661551794724,63
synthetic_niah_87,niah_single_1,0,2,4,ema_rho_0,0.6837878787878787,0.7893581658634242,60
synthetic_niah_87,niah_single_1,0,2,4,ema_rho_0.25,0.7018939393939393,0.8121754536568689,60
synthetic_niah_87,niah_single_1,0,2,4,ema_rho_0.5,0.7138636363636363,0.8236074735348607,60
synthetic_niah_87,niah_single_1,0,2,4,ema_rho_0.8,0.7101515151515152,0.8278168988240248,60
synthetic_niah_87,niah_single_1,0,2,4,ema_rho_0.9,0.6812121212121212,0.8022427864119738,60
synthetic_niah_87,niah_single_1,0,2,4,ema_rho_0.95,0.6437121212121212,0.7551075981940001,60
synthetic_niah_87,niah_single_1,0,2,4,ema_rho_0.99,0.5575,0.6400171225919246,60
synthetic_niah_87,niah_single_1,0,2,4,ema_rho_0.995,0.5412121212121211,0.6109901804375977,60
synthetic_niah_87,niah_single_1,0,2,4,ema_rho_0.999,0.531969696969697,0.5816707848205019,60
synthetic_niah_87,niah_single_1,0,2,16,ema_rho_0,0.6571022727272727,0.7846442576277446,48
synthetic_niah_87,niah_single_1,0,2,16,ema_rho_0.25,0.68125,0.8170433632561641,48
synthetic_niah_87,niah_single_1,0,2,16,ema_rho_0.5,0.6946022727272728,0.8339884902385711,48
synthetic_niah_87,niah_single_1,0,2,16,ema_rho_0.8,0.6876893939393939,0.8375139940594059,48
synthetic_niah_87,niah_single_1,0,2,16,ema_rho_0.9,0.6609848484848485,0.8117870391332982,48
synthetic_niah_87,niah_single_1,0,2,16,ema_rho_0.95,0.6329545454545454,0.7671786897402328,48
synthetic_niah_87,niah_single_1,0,2,16,ema_rho_0.99,0.5574810606060606,0.660256338191424,48
synthetic_niah_87,niah_single_1,0,2,16,ema_rho_0.995,0.5451704545454545,0.6340907302389428,48
synthetic_niah_87,niah_single_1,0,2,16,ema_rho_0.999,0.5378787878787878,0.608146213475988,48
synthetic_niah_87,niah_single_1,0,2,32,ema_rho_0,0.6208806818181818,0.7589876559836477,32
synthetic_niah_87,niah_single_1,0,2,32,ema_rho_0.25,0.640625,0.7871612902266282,32
synthetic_niah_87,niah_single_1,0,2,32,ema_rho_0.5,0.6521306818181818,0.8005915211286627,32
synthetic_niah_87,niah_single_1,0,2,32,ema_rho_0.8,0.6480113636363637,0.8020025414361371,32
synthetic_niah_87,niah_single_1,0,2,32,ema_rho_0.9,0.6313920454545454,0.777712826717295,32
synthetic_niah_87,niah_single_1,0,2,32,ema_rho_0.95,0.6068181818181818,0.7344754039733407,32
synthetic_niah_87,niah_single_1,0,2,32,ema_rho_0.99,0.5400568181818182,0.6480734152965507,32
synthetic_niah_87,niah_single_1,0,2,32,ema_rho_0.995,0.5315340909090909,0.6285862011335129,32
synthetic_niah_87,niah_single_1,0,2,32,ema_rho_0.999,0.5276988636363636,0.6099367345797075,32
synthetic_niah_87,niah_single_1,0,3,1,ema_rho_0,0.6082251082251081,0.716053761080794,63
synthetic_niah_87,niah_single_1,0,3,1,ema_rho_0.25,0.6248196248196247,0.7252043965790451,63
synthetic_niah_87,niah_single_1,0,3,1,ema_rho_0.5,0.6388888888888886,0.7337866872659301,63
synthetic_niah_87,niah_single_1,0,3,1,ema_rho_0.8,0.6513708513708515,0.7447561317643909,63
synthetic_niah_87,niah_single_1,0,3,1,ema_rho_0.9,0.6487734487734488,0.7464366697979786,63
synthetic_niah_87,niah_single_1,0,3,1,ema_rho_0.95,0.6366522366522365,0.7404895367807298,63
synthetic_niah_87,niah_single_1,0,3,1,ema_rho_0.99,0.5884559884559886,0.7001386090796679,63
synthetic_niah_87,niah_single_1,0,3,1,ema_rho_0.995,0.5734487734487735,0.677189838589242,63
synthetic_niah_87,niah_single_1,0,3,1,ema_rho_0.999,0.547041847041847,0.6385307073358721,63
synthetic_niah_87,niah_single_1,0,3,4,ema_rho_0,0.6427272727272728,0.7376206517303192,60
synthetic_niah_87,niah_single_1,0,3,4,ema_rho_0.25,0.6749242424242425,0.7758771412468561,60
synthetic_niah_87,niah_single_1,0,3,4,ema_rho_0.5,0.6990909090909091,0.8001317567723473,60
synthetic_niah_87,niah_single_1,0,3,4,ema_rho_0.8,0.7209848484848487,0.8252520050432374,60
synthetic_niah_87,niah_single_1,0,3,4,ema_rho_0.9,0.722651515151515,0.8263850980113704,60
synthetic_niah_87,niah_single_1,0,3,4,ema_rho_0.95,0.715530303030303,0.8148348438108282,60
synthetic_niah_87,niah_single_1,0,3,4,ema_rho_0.99,0.6601515151515152,0.75107527695961,60
synthetic_niah_87,niah_single_1,0,3,4,ema_rho_0.995,0.6368939393939395,0.7176625264577431,60
synthetic_niah_87,niah_single_1,0,3,4,ema_rho_0.999,0.598030303030303,0.6639342540492451,60
synthetic_niah_87,niah_single_1,0,3,16,ema_rho_0,0.6386363636363636,0.7330883002176399,48
synthetic_niah_87,niah_single_1,0,3,16,ema_rho_0.25,0.6768939393939394,0.789722495100294,48
synthetic_niah_87,niah_single_1,0,3,16,ema_rho_0.5,0.7077651515151514,0.8194696656711287,48
synthetic_niah_87,niah_single_1,0,3,16,ema_rho_0.8,0.749715909090909,0.8500705208287131,48
synthetic_niah_87,niah_single_1,0,3,16,ema_rho_0.9,0.7660037878787879,0.8552324526041684,48
synthetic_niah_87,niah_single_1,0,3,16,ema_rho_0.95,0.7654356060606059,0.8444059612396769,48
synthetic_niah_87,niah_single_1,0,3,16,ema_rho_0.99,0.6984848484848486,0.7759001854121926,48
synthetic_niah_87,niah_single_1,0,3,16,ema_rho_0.995,0.6743371212121211,0.7407347838545902,48
synthetic_niah_87,niah_single_1,0,3,16,ema_rho_0.999,0.6340909090909091,0.6866305855971327,48
synthetic_niah_87,niah_single_1,0,3,32,ema_rho_0,0.6616477272727272,0.7501406276295428,32
synthetic_niah_87,niah_single_1,0,3,32,ema_rho_0.25,0.6981534090909092,0.7943586448576887,32
synthetic_niah_87,niah_single_1,0,3,32,ema_rho_0.5,0.7213068181818182,0.8134555346027786,32
synthetic_niah_87,niah_single_1,0,3,32,ema_rho_0.8,0.7529829545454545,0.8365758048972898,32
synthetic_niah_87,niah_single_1,0,3,32,ema_rho_0.9,0.7644886363636363,0.8398985807738766,32
synthetic_niah_87,niah_single_1,0,3,32,ema_rho_0.95,0.7599431818181818,0.8274943568484454,32
synthetic_niah_87,niah_single_1,0,3,32,ema_rho_0.99,0.6886363636363636,0.759219515334644,32
synthetic_niah_87,niah_single_1,0,3,32,ema_rho_0.995,0.6676136363636365,0.7279400293905965,32
synthetic_niah_87,niah_single_1,0,3,32,ema_rho_0.999,0.6329545454545454,0.6839600329520126,32
synthetic_niah_87,niah_single_1,0,4,1,ema_rho_0,0.7983405483405484,0.9295931449442802,63
synthetic_niah_87,niah_single_1,0,4,1,ema_rho_0.25,0.8098845598845598,0.9327712711646126,63
synthetic_niah_87,niah_single_1,0,4,1,ema_rho_0.5,0.8078643578643581,0.9288120953630835,63
synthetic_niah_87,niah_single_1,0,4,1,ema_rho_0.8,0.7787157287157286,0.9141611019790288,63
synthetic_niah_87,niah_single_1,0,4,1,ema_rho_0.9,0.7466810966810967,0.8976882852827565,63
synthetic_niah_87,niah_single_1,0,4,1,ema_rho_0.95,0.7150072150072149,0.8799587487923248,63
synthetic_niah_87,niah_single_1,0,4,1,ema_rho_0.99,0.6734487734487735,0.8479151873575067,63
synthetic_niah_87,niah_single_1,0,4,1,ema_rho_0.995,0.67005772005772,0.8390811635927017,63
synthetic_niah_87,niah_single_1,0,4,1,ema_rho_0.999,0.6688311688311688,0.8272980320956602,63
synthetic_niah_87,niah_single_1,0,4,4,ema_rho_0,0.797878787878788,0.915572321625923,60
synthetic_niah_87,niah_single_1,0,4,4,ema_rho_0.25,0.8069696969696971,0.9240077610014253,60
synthetic_niah_87,niah_single_1,0,4,4,ema_rho_0.5,0.8043939393939395,0.9263131932201832,60
synthetic_niah_87,niah_single_1,0,4,4,ema_rho_0.8,0.7750757575757575,0.9217368791605502,60
synthetic_niah_87,niah_single_1,0,4,4,ema_rho_0.9,0.7495454545454547,0.9093905133466524,60
synthetic_niah_87,niah_single_1,0,4,4,ema_rho_0.95,0.7188636363636365,0.8941393338769361,60
synthetic_niah_87,niah_single_1,0,4,4,ema_rho_0.99,0.6829545454545455,0.8636077981724259,60
synthetic_niah_87,niah_single_1,0,4,4,ema_rho_0.995,0.6802272727272727,0.8546296404713944,60
synthetic_niah_87,niah_single_1,0,4,4,ema_rho_0.999,0.6799242424242424,0.8423734828251946,60
synthetic_niah_87,niah_single_1,0,4,16,ema_rho_0,0.7360795454545456,0.8938385724546741,48
synthetic_niah_87,niah_single_1,0,4,16,ema_rho_0.25,0.741003787878788,0.9078137390725383,48
synthetic_niah_87,niah_single_1,0,4,16,ema_rho_0.5,0.7384469696969697,0.9140018520004443,48
synthetic_niah_87,niah_single_1,0,4,16,ema_rho_0.8,0.7270833333333333,0.9119430060737984,48
synthetic_niah_87,niah_single_1,0,4,16,ema_rho_0.9,0.7223484848484848,0.9044653223736412,48
synthetic_niah_87,niah_single_1,0,4,16,ema_rho_0.95,0.7071022727272727,0.8956158644320474,48
synthetic_niah_87,niah_single_1,0,4,16,ema_rho_0.99,0.6896780303030302,0.8731424377373885,48
synthetic_niah_87,niah_single_1,0,4,16,ema_rho_0.995,0.684469696969697,0.8656115969422197,48
synthetic_niah_87,niah_single_1,0,4,16,ema_rho_0.999,0.6847537878787878,0.8550073128204071,48
synthetic_niah_87,niah_single_1,0,4,32,ema_rho_0,0.7056818181818182,0.8683015260197984,32
synthetic_niah_87,niah_single_1,0,4,32,ema_rho_0.25,0.7113636363636363,0.8828214407028269,32
synthetic_niah_87,niah_single_1,0,4,32,ema_rho_0.5,0.7144886363636364,0.8908301720789753,32
synthetic_niah_87,niah_single_1,0,4,32,ema_rho_0.8,0.7188920454545454,0.8976250824453917,32
synthetic_niah_87,niah_single_1,0,4,32,ema_rho_0.9,0.7198863636363637,0.8969370627646602,32
synthetic_niah_87,niah_single_1,0,4,32,ema_rho_0.95,0.7120738636363636,0.8921910371400409,32
synthetic_niah_87,niah_single_1,0,4,32,ema_rho_0.99,0.6980113636363636,0.8764092603984093,32
synthetic_niah_87,niah_single_1,0,4,32,ema_rho_0.995,0.6953125,0.8711274591553688,32
synthetic_niah_87,niah_single_1,0,4,32,ema_rho_0.999,0.6953125,0.864057226588348,32
synthetic_niah_87,niah_single_1,0,5,1,ema_rho_0,0.7235209235209235,0.8676018359852328,63
synthetic_niah_87,niah_single_1,0,5,1,ema_rho_0.25,0.7421356421356422,0.8827745983005233,63
synthetic_niah_87,niah_single_1,0,5,1,ema_rho_0.5,0.7492784992784993,0.8869455292727727,63
synthetic_niah_87,niah_single_1,0,5,1,ema_rho_0.8,0.7455988455988457,0.883382256725219,63
synthetic_niah_87,niah_single_1,0,5,1,ema_rho_0.9,0.7260461760461762,0.8639598507413304,63
synthetic_niah_87,niah_single_1,0,5,1,ema_rho_0.95,0.6880952380952381,0.8292384082918433,63
synthetic_niah_87,niah_single_1,0,5,1,ema_rho_0.99,0.5954545454545456,0.7464165011031506,63
synthetic_niah_87,niah_single_1,0,5,1,ema_rho_0.995,0.5792207792207792,0.7260629763848406,63
synthetic_niah_87,niah_single_1,0,5,1,ema_rho_0.999,0.5660173160173159,0.7052026022168351,63
synthetic_niah_87,niah_single_1,0,5,4,ema_rho_0,0.7373484848484849,0.8815708222671429,60
synthetic_niah_87,niah_single_1,0,5,4,ema_rho_0.25,0.7596969696969696,0.9000507867531824,60
synthetic_niah_87,niah_single_1,0,5,4,ema_rho_0.5,0.7712878787878787,0.9089593980444847,60
synthetic_niah_87,niah_single_1,0,5,4,ema_rho_0.8,0.7717424242424242,0.912906876002483,60
synthetic_niah_87,niah_single_1,0,5,4,ema_rho_0.9,0.7493939393939394,0.8964712762880193,60
synthetic_niah_87,niah_single_1,0,5,4,ema_rho_0.95,0.7152272727272728,0.8648279399963418,60
synthetic_niah_87,niah_single_1,0,5,4,ema_rho_0.99,0.6246969696969698,0.7872576295486131,60
synthetic_niah_87,niah_single_1,0,5,4,ema_rho_0.995,0.6081818181818182,0.7679647963486718,60
synthetic_niah_87,niah_single_1,0,5,4,ema_rho_0.999,0.5957575757575758,0.7481350666161503,60
synthetic_niah_87,niah_single_1,0,5,16,ema_rho_0,0.7144886363636364,0.8724041753570632,48
synthetic_niah_87,niah_single_1,0,5,16,ema_rho_0.25,0.7415719696969697,0.8969984461013576,48
synthetic_niah_87,niah_single_1,0,5,16,ema_rho_0.5,0.7575757575757575,0.9095570205023277,48
synthetic_niah_87,niah_single_1,0,5,16,ema_rho_0.8,0.7604166666666666,0.912199571618506,48
synthetic_niah_87,niah_single_1,0,5,16,ema_rho_0.9,0.734659090909091,0.8957171435907677,48
synthetic_niah_87,niah_single_1,0,5,16,ema_rho_0.95,0.7062499999999999,0.8667048382740327,48
synthetic_niah_87,niah_single_1,0,5,16,ema_rho_0.99,0.6380681818181818,0.8032395053320531,48
synthetic_niah_87,niah_single_1,0,5,16,ema_rho_0.995,0.6235795454545454,0.7879704946418592,48
synthetic_niah_87,niah_single_1,0,5,16,ema_rho_0.999,0.6142992424242424,0.7725149436753568,48
synthetic_niah_87,niah_single_1,0,5,32,ema_rho_0,0.690625,0.8572785986652323,32
synthetic_niah_87,niah_single_1,0,5,32,ema_rho_0.25,0.7109375,0.8799937506927146,32
synthetic_niah_87,niah_single_1,0,5,32,ema_rho_0.5,0.7211647727272728,0.8900145530895092,32
synthetic_niah_87,niah_single_1,0,5,32,ema_rho_0.8,0.7201704545454546,0.8906462762913948,32
synthetic_niah_87,niah_single_1,0,5,32,ema_rho_0.9,0.7113636363636364,0.8773100482168854,32
synthetic_niah_87,niah_single_1,0,5,32,ema_rho_0.95,0.6886363636363637,0.853251635230726,32
synthetic_niah_87,niah_single_1,0,5,32,ema_rho_0.99,0.6464488636363637,0.8054011138402752,32
synthetic_niah_87,niah_single_1,0,5,32,ema_rho_0.995,0.6355113636363636,0.7943454572698396,32
synthetic_niah_87,niah_single_1,0,5,32,ema_rho_0.999,0.6291193181818182,0.7834900726963141,32
synthetic_niah_87,niah_single_1,0,6,1,ema_rho_0,0.6367243867243868,0.7860000220351754,63
synthetic_niah_87,niah_single_1,0,6,1,ema_rho_0.25,0.6594516594516594,0.8221566301204478,63
synthetic_niah_87,niah_single_1,0,6,1,ema_rho_0.5,0.678932178932179,0.8380114507705951,63
synthetic_niah_87,niah_single_1,0,6,1,ema_rho_0.8,0.6948051948051949,0.8517652409715247,63
synthetic_niah_87,niah_single_1,0,6,1,ema_rho_0.9,0.6864357864357864,0.8499024638315591,63
synthetic_niah_87,niah_single_1,0,6,1,ema_rho_0.95,0.6731601731601731,0.8388430745822739,63
synthetic_niah_87,niah_single_1,0,6,1,ema_rho_0.99,0.6380952380952383,0.7930261105309079,63
synthetic_niah_87,niah_single_1,0,6,1,ema_rho_0.995,0.6265512265512266,0.7765350027768843,63
synthetic_niah_87,niah_single_1,0,6,1,ema_rho_0.999,0.6141414141414141,0.75717863453978,63
synthetic_niah_87,niah_single_1,0,6,4,ema_rho_0,0.6817424242424243,0.8333412302174487,60
synthetic_niah_87,niah_single_1,0,6,4,ema_rho_0.25,0.7155303030303031,0.8777956169521278,60
synthetic_niah_87,niah_single_1,0,6,4,ema_rho_0.5,0.745530303030303,0.9016073004021835,60
synthetic_niah_87,niah_single_1,0,6,4,ema_rho_0.8,0.7746212121212124,0.9242089325263145,60
synthetic_niah_87,niah_single_1,0,6,4,ema_rho_0.9,0.7671212121212122,0.9245260032730284,60
synthetic_niah_87,niah_single_1,0,6,4,ema_rho_0.95,0.7499242424242425,0.9149005576895802,60
synthetic_niah_87,niah_single_1,0,6,4,ema_rho_0.99,0.6990151515151515,0.8705741574659585,60
synthetic_niah_87,niah_single_1,0,6,4,ema_rho_0.995,0.6865151515151514,0.8540585252533528,60
synthetic_niah_87,niah_single_1,0,6,4,ema_rho_0.999,0.671287878787879,0.834518889632491,60
synthetic_niah_87,niah_single_1,0,6,16,ema_rho_0,0.6982954545454545,0.8594763187883717,48
synthetic_niah_87,niah_single_1,0,6,16,ema_rho_0.25,0.7358901515151516,0.904913929678588,48
synthetic_niah_87,niah_single_1,0,6,16,ema_rho_0.5,0.7712121212121211,0.9282687402190151,48
synthetic_niah_87,niah_single_1,0,6,16,ema_rho_0.8,0.8037878787878787,0.9466293438951491,48
synthetic_niah_87,niah_single_1,0,6,16,ema_rho_0.9,0.7981060606060607,0.9450071268627322,48
synthetic_niah_87,niah_single_1,0,6,16,ema_rho_0.95,0.7781249999999998,0.9351269762066766,48
synthetic_niah_87,niah_single_1,0,6,16,ema_rho_0.99,0.7283143939393941,0.8924666067158865,48
synthetic_niah_87,niah_single_1,0,6,16,ema_rho_0.995,0.7144886363636364,0.8779047978270552,48
synthetic_niah_87,niah_single_1,0,6,16,ema_rho_0.999,0.6988636363636364,0.8612071749995103,48
synthetic_niah_87,niah_single_1,0,6,32,ema_rho_0,0.7107954545454545,0.8671410733807937,32
synthetic_niah_87,niah_single_1,0,6,32,ema_rho_0.25,0.7420454545454545,0.9084576810762022,32
synthetic_niah_87,niah_single_1,0,6,32,ema_rho_0.5,0.7697443181818182,0.9294204706576027,32
synthetic_niah_87,niah_single_1,0,6,32,ema_rho_0.8,0.7948863636363636,0.9452193053719213,32
synthetic_niah_87,niah_single_1,0,6,32,ema_rho_0.9,0.7873579545454545,0.9426660792990347,32
synthetic_niah_87,niah_single_1,0,6,32,ema_rho_0.95,0.7718750000000001,0.9305478919946403,32
synthetic_niah_87,niah_single_1,0,6,32,ema_rho_0.99,0.7309659090909091,0.8920403440762821,32
synthetic_niah_87,niah_single_1,0,6,32,ema_rho_0.995,0.7196022727272727,0.881136587767757,32
synthetic_niah_87,niah_single_1,0,6,32,ema_rho_0.999,0.7076704545454546,0.869364040627035,32
synthetic_niah_87,niah_single_1,0,7,1,ema_rho_0,0.7799422799422798,0.8904434230278616,63
synthetic_niah_87,niah_single_1,0,7,1,ema_rho_0.25,0.7943722943722945,0.8994334521592006,63
synthetic_niah_87,niah_single_1,0,7,1,ema_rho_0.5,0.7935786435786434,0.8990161198340435,63
synthetic_niah_87,niah_single_1,0,7,1,ema_rho_0.8,0.7698412698412698,0.8886679966869395,63
synthetic_niah_87,niah_single_1,0,7,1,ema_rho_0.9,0.7471861471861473,0.8730619001952289,63
synthetic_niah_87,niah_single_1,0,7,1,ema_rho_0.95,0.7146464646464646,0.8431437527501929,63
synthetic_niah_87,niah_single_1,0,7,1,ema_rho_0.99,0.6362914862914864,0.7346829017327606,63
synthetic_niah_87,niah_single_1,0,7,1,ema_rho_0.995,0.6235209235209237,0.6993575001106433,63
synthetic_niah_87,niah_single_1,0,7,1,ema_rho_0.999,0.6145743145743146,0.6607680301013196,63
synthetic_niah_87,niah_single_1,0,7,4,ema_rho_0,0.7821969696969696,0.8925936907439749,60
synthetic_niah_87,niah_single_1,0,7,4,ema_rho_0.25,0.7936363636363635,0.905530296830866,60
synthetic_niah_87,niah_single_1,0,7,4,ema_rho_0.5,0.7931818181818181,0.9101629078727863,60
synthetic_niah_87,niah_single_1,0,7,4,ema_rho_0.8,0.7738636363636363,0.9104748630149951,60
synthetic_niah_87,niah_single_1,0,7,4,ema_rho_0.9,0.7537121212121213,0.8990830293245087,60
synthetic_niah_87,niah_single_1,0,7,4,ema_rho_0.95,0.7214393939393939,0.8708826420857759,60
synthetic_niah_87,niah_single_1,0,7,4,ema_rho_0.99,0.639090909090909,0.7636658595022614,60
synthetic_niah_87,niah_single_1,0,7,4,ema_rho_0.995,0.6273484848484849,0.7286569020201885,60
synthetic_niah_87,niah_single_1,0,7,4,ema_rho_0.999,0.6178030303030303,0.6902089387221255,60
synthetic_niah_87,niah_single_1,0,7,16,ema_rho_0,0.7421401515151516,0.8827786180672931,48
synthetic_niah_87,niah_single_1,0,7,16,ema_rho_0.25,0.7545454545454545,0.899977471974449,48
synthetic_niah_87,niah_single_1,0,7,16,ema_rho_0.5,0.7527462121212122,0.9100641915738609,48
synthetic_niah_87,niah_single_1,0,7,16,ema_rho_0.8,0.7367424242424242,0.9128713322622998,48
synthetic_niah_87,niah_single_1,0,7,16,ema_rho_0.9,0.71875,0.8986719425064241,48
synthetic_niah_87,niah_single_1,0,7,16,ema_rho_0.95,0.6928030303030303,0.8669389612296469,48
synthetic_niah_87,niah_single_1,0,7,16,ema_rho_0.99,0.6192234848484849,0.7609839326201614,48
synthetic_niah_87,niah_single_1,0,7,16,ema_rho_0.995,0.6116477272727273,0.7293940358903069,48
synthetic_niah_87,niah_single_1,0,7,16,ema_rho_0.999,0.6052083333333333,0.6955605333717801,48
synthetic_niah_87,niah_single_1,0,7,32,ema_rho_0,0.7133522727272728,0.8672189766197518,32
synthetic_niah_87,niah_single_1,0,7,32,ema_rho_0.25,0.7235795454545455,0.8811515380480595,32
synthetic_niah_87,niah_single_1,0,7,32,ema_rho_0.5,0.7241477272727272,0.8892397893510919,32
synthetic_niah_87,niah_single_1,0,7,32,ema_rho_0.8,0.7161931818181819,0.8907320989156271,32
synthetic_niah_87,niah_single_1,0,7,32,ema_rho_0.9,0.6991477272727273,0.8727497683297847,32
synthetic_niah_87,niah_single_1,0,7,32,ema_rho_0.95,0.6633522727272727,0.8358793864980222,32
synthetic_niah_87,niah_single_1,0,7,32,ema_rho_0.99,0.6063920454545455,0.7435785601982828,32
synthetic_niah_87,niah_single_1,0,7,32,ema_rho_0.995,0.6014204545454545,0.7204213614644254,32
synthetic_niah_87,niah_single_1,0,7,32,ema_rho_0.999,0.599715909090909,0.6971969206583417,32
synthetic_niah_87,niah_single_1,7,0,1,ema_rho_0,0.922799422799423,0.843587092673267,63
synthetic_niah_87,niah_single_1,7,0,1,ema_rho_0.25,0.9266955266955267,0.847233942855042,63
synthetic_niah_87,niah_single_1,7,0,1,ema_rho_0.5,0.9281385281385282,0.8431380495000692,63
synthetic_niah_87,niah_single_1,7,0,1,ema_rho_0.8,0.9256132756132757,0.8206923187278409,63
synthetic_niah_87,niah_single_1,7,0,1,ema_rho_0.9,0.9238095238095237,0.8031121936153471,63
synthetic_niah_87,niah_single_1,7,0,1,ema_rho_0.95,0.9226551226551226,0.79162766956382,63
synthetic_niah_87,niah_single_1,7,0,1,ema_rho_0.99,0.9057720057720057,0.7724950954162831,63
synthetic_niah_87,niah_single_1,7,0,1,ema_rho_0.995,0.9015151515151514,0.761009528277777,63
synthetic_niah_87,niah_single_1,7,0,1,ema_rho_0.999,0.8982683982683981,0.7379447456936927,63
synthetic_niah_87,niah_single_1,7,0,4,ema_rho_0,0.926060606060606,0.840871888466743,60
synthetic_niah_87,niah_single_1,7,0,4,ema_rho_0.25,0.9319696969696969,0.8512407829061069,60
synthetic_niah_87,niah_single_1,7,0,4,ema_rho_0.5,0.9342424242424241,0.8532623213273934,60
synthetic_niah_87,niah_single_1,7,0,4,ema_rho_0.8,0.9331818181818181,0.8379502705815545,60
synthetic_niah_87,niah_single_1,7,0,4,ema_rho_0.9,0.9336363636363637,0.8243597465001469,60
synthetic_niah_87,niah_single_1,7,0,4,ema_rho_0.95,0.9318181818181819,0.8155252456127307,60
synthetic_niah_87,niah_single_1,7,0,4,ema_rho_0.99,0.9141666666666666,0.7949993042172749,60
synthetic_niah_87,niah_single_1,7,0,4,ema_rho_0.995,0.9102272727272727,0.7814267886177897,60
synthetic_niah_87,niah_single_1,7,0,4,ema_rho_0.999,0.9068939393939393,0.7549093980635776,60
synthetic_niah_87,niah_single_1,7,0,16,ema_rho_0,0.9111742424242424,0.7853593973313199,48
synthetic_niah_87,niah_single_1,7,0,16,ema_rho_0.25,0.9177083333333332,0.799282517063487,48
synthetic_niah_87,niah_single_1,7,0,16,ema_rho_0.5,0.9232007575757576,0.8089402745723978,48
synthetic_niah_87,niah_single_1,7,0,16,ema_rho_0.8,0.9373106060606061,0.8213480409223394,48
synthetic_niah_87,niah_single_1,7,0,16,ema_rho_0.9,0.9448863636363637,0.8231321092964312,48
synthetic_niah_87,niah_single_1,7,0,16,ema_rho_0.95,0.9433712121212121,0.8192653044539914,48
synthetic_niah_87,niah_single_1,7,0,16,ema_rho_0.99,0.93125,0.7917059555628989,48
synthetic_niah_87,niah_single_1,7,0,16,ema_rho_0.995,0.9288825757575757,0.7711988903785816,48
synthetic_niah_87,niah_single_1,7,0,16,ema_rho_0.999,0.9251893939393939,0.7362841554860916,48
synthetic_niah_87,niah_single_1,7,0,32,ema_rho_0,0.9227272727272727,0.7840090408611895,32
synthetic_niah_87,niah_single_1,7,0,32,ema_rho_0.25,0.9269886363636364,0.8002305811048283,32
synthetic_niah_87,niah_single_1,7,0,32,ema_rho_0.5,0.9325284090909091,0.8135697418211388,32
synthetic_niah_87,niah_single_1,7,0,32,ema_rho_0.8,0.9481534090909092,0.8273862210003564,32
synthetic_niah_87,niah_single_1,7,0,32,ema_rho_0.9,0.9563920454545454,0.8299155387389533,32
synthetic_niah_87,niah_single_1,7,0,32,ema_rho_0.95,0.9571022727272727,0.82778201858117,32
synthetic_niah_87,niah_single_1,7,0,32,ema_rho_0.99,0.9463068181818182,0.7935508727590976,32
synthetic_niah_87,niah_single_1,7,0,32,ema_rho_0.995,0.9419034090909091,0.7719649605462295,32
synthetic_niah_87,niah_single_1,7,0,32,ema_rho_0.999,0.936221590909091,0.740839446319014,32
synthetic_niah_87,niah_single_1,7,1,1,ema_rho_0,0.37950937950937946,0.3877908168590861,63
synthetic_niah_87,niah_single_1,7,1,1,ema_rho_0.25,0.3764790764790764,0.330668677592305,63
synthetic_niah_87,niah_single_1,7,1,1,ema_rho_0.5,0.36702741702741704,0.28598785886034006,63
synthetic_niah_87,niah_single_1,7,1,1,ema_rho_0.8,0.3383116883116883,0.2032489834204336,63
synthetic_niah_87,niah_single_1,7,1,1,ema_rho_0.9,0.3465367965367965,0.18881724339835187,63
synthetic_niah_87,niah_single_1,7,1,1,ema_rho_0.95,0.3557720057720058,0.18601621264039797,63
synthetic_niah_87,niah_single_1,7,1,1,ema_rho_0.99,0.38903318903318906,0.21554740551120183,63
synthetic_niah_87,niah_single_1,7,1,1,ema_rho_0.995,0.39343434343434347,0.23199485114400964,63
synthetic_niah_87,niah_single_1,7,1,1,ema_rho_0.999,0.4046176046176046,0.2752401143462185,63
synthetic_niah_87,niah_single_1,7,1,4,ema_rho_0,0.36356060606060614,0.3415553668604374,60
synthetic_niah_87,niah_single_1,7,1,4,ema_rho_0.25,0.3837121212121212,0.26191121182531857,60
synthetic_niah_87,niah_single_1,7,1,4,ema_rho_0.5,0.37106060606060604,0.21295738428496638,60
synthetic_niah_87,niah_single_1,7,1,4,ema_rho_0.8,0.35090909090909095,0.1459649876069164,60
synthetic_niah_87,niah_single_1,7,1,4,ema_rho_0.9,0.36204545454545456,0.14832085730743827,60
synthetic_niah_87,niah_single_1,7,1,4,ema_rho_0.95,0.37340909090909086,0.15539044349857145,60
synthetic_niah_87,niah_single_1,7,1,4,ema_rho_0.99,0.40795454545454546,0.19559193677222908,60
synthetic_niah_87,niah_single_1,7,1,4,ema_rho_0.995,0.41015151515151516,0.21461274588253162,60
synthetic_niah_87,niah_single_1,7,1,4,ema_rho_0.999,0.42075757575757583,0.26598343035509386,60
synthetic_niah_87,niah_single_1,7,1,16,ema_rho_0,0.32642045454545454,0.23022629470093095,48
synthetic_niah_87,niah_single_1,7,1,16,ema_rho_0.25,0.331155303030303,0.18976494304836292,48
synthetic_niah_87,niah_single_1,7,1,16,ema_rho_0.5,0.340719696969697,0.17571777050471415,48
synthetic_niah_87,niah_single_1,7,1,16,ema_rho_0.8,0.34734848484848485,0.17659879862680927,48
synthetic_niah_87,niah_single_1,7,1,16,ema_rho_0.9,0.34375,0.17783420620534432,48
synthetic_niah_87,niah_single_1,7,1,16,ema_rho_0.95,0.3649621212121212,0.18468418926804106,48
synthetic_niah_87,niah_single_1,7,1,16,ema_rho_0.99,0.4071969696969697,0.20117397852988997,48
synthetic_niah_87,niah_single_1,7,1,16,ema_rho_0.995,0.4084280303030303,0.20026861858195388,48
synthetic_niah_87,niah_single_1,7,1,16,ema_rho_0.999,0.4101325757575758,0.21271179234708673,48
synthetic_niah_87,niah_single_1,7,1,32,ema_rho_0,0.3230113636363636,0.1181704600742992,32
synthetic_niah_87,niah_single_1,7,1,32,ema_rho_0.25,0.30553977272727273,0.14450172284124782,32
synthetic_niah_87,niah_single_1,7,1,32,ema_rho_0.5,0.3083806818181818,0.16195659555306682,32
synthetic_niah_87,niah_single_1,7,1,32,ema_rho_0.8,0.32769886363636364,0.2012755789793176,32
synthetic_niah_87,niah_single_1,7,1,32,ema_rho_0.9,0.3411931818181818,0.23440308964784895,32
synthetic_niah_87,niah_single_1,7,1,32,ema_rho_0.95,0.3536931818181818,0.24509926729221182,32
synthetic_niah_87,niah_single_1,7,1,32,ema_rho_0.99,0.36505681818181823,0.22212524158087252,32
synthetic_niah_87,niah_single_1,7,1,32,ema_rho_0.995,0.3549715909090909,0.1948283833324105,32
synthetic_niah_87,niah_single_1,7,1,32,ema_rho_0.999,0.34744318181818185,0.1393016581929635,32
synthetic_niah_87,niah_single_1,7,2,1,ema_rho_0,0.8227994227994228,0.9015853750199868,63
synthetic_niah_87,niah_single_1,7,2,1,ema_rho_0.25,0.8264069264069266,0.9004785026111941,63
synthetic_niah_87,niah_single_1,7,2,1,ema_rho_0.5,0.8196248196248195,0.892908394235277,63
synthetic_niah_87,niah_single_1,7,2,1,ema_rho_0.8,0.7995670995670996,0.8706694996243339,63
synthetic_niah_87,niah_single_1,7,2,1,ema_rho_0.9,0.7774891774891775,0.8482174606817664,63
synthetic_niah_87,niah_single_1,7,2,1,ema_rho_0.95,0.7507936507936506,0.8186132232917627,63
synthetic_niah_87,niah_single_1,7,2,1,ema_rho_0.99,0.6924963924963925,0.7472711262710088,63
synthetic_niah_87,niah_single_1,7,2,1,ema_rho_0.995,0.6772005772005772,0.7295175228242267,63
synthetic_niah_87,niah_single_1,7,2,1,ema_rho_0.999,0.6708513708513708,0.7108922951672549,63
synthetic_niah_87,niah_single_1,7,2,4,ema_rho_0,0.7964393939393939,0.8669081890741521,60
synthetic_niah_87,niah_single_1,7,2,4,ema_rho_0.25,0.807878787878788,0.8741818022937522,60
synthetic_niah_87,niah_single_1,7,2,4,ema_rho_0.5,0.8117424242424244,0.876650869950164,60
synthetic_niah_87,niah_single_1,7,2,4,ema_rho_0.8,0.8112878787878787,0.868963412375763,60
synthetic_niah_87,niah_single_1,7,2,4,ema_rho_0.9,0.793409090909091,0.8542022842547714,60
synthetic_niah_87,niah_single_1,7,2,4,ema_rho_0.95,0.7699999999999999,0.8296083562934634,60
synthetic_niah_87,niah_single_1,7,2,4,ema_rho_0.99,0.7110606060606061,0.7648449817370179,60
synthetic_niah_87,niah_single_1,7,2,4,ema_rho_0.995,0.6952272727272728,0.7482708042679502,60
synthetic_niah_87,niah_single_1,7,2,4,ema_rho_0.999,0.6893181818181818,0.7307501842752064,60
synthetic_niah_87,niah_single_1,7,2,16,ema_rho_0,0.7723484848484848,0.8252689811693208,48
synthetic_niah_87,niah_single_1,7,2,16,ema_rho_0.25,0.784469696969697,0.8368467305731987,48
synthetic_niah_87,niah_single_1,7,2,16,ema_rho_0.5,0.7920454545454545,0.8445548322062755,48
synthetic_niah_87,niah_single_1,7,2,16,ema_rho_0.8,0.799810606060606,0.8507616822027803,48
synthetic_niah_87,niah_single_1,7,2,16,ema_rho_0.9,0.7857007575757575,0.8450493412643748,48
synthetic_niah_87,niah_single_1,7,2,16,ema_rho_0.95,0.7632575757575758,0.8271893931124845,48
synthetic_niah_87,niah_single_1,7,2,16,ema_rho_0.99,0.7183712121212121,0.7773260423020578,48
synthetic_niah_87,niah_single_1,7,2,16,ema_rho_0.995,0.7036931818181819,0.7644136470681063,48
synthetic_niah_87,niah_single_1,7,2,16,ema_rho_0.999,0.6986742424242424,0.7506346038013744,48
synthetic_niah_87,niah_single_1,7,2,32,ema_rho_0,0.7571022727272727,0.7960915820282685,32
synthetic_niah_87,niah_single_1,7,2,32,ema_rho_0.25,0.7704545454545455,0.8074451476437778,32
synthetic_niah_87,niah_single_1,7,2,32,ema_rho_0.5,0.7772727272727273,0.8153829117552831,32
synthetic_niah_87,niah_single_1,7,2,32,ema_rho_0.8,0.7852272727272728,0.8241388799816641,32
synthetic_niah_87,niah_single_1,7,2,32,ema_rho_0.9,0.7724431818181818,0.8226242446929282,32
synthetic_niah_87,niah_single_1,7,2,32,ema_rho_0.95,0.7563920454545454,0.8121480358325006,32
synthetic_niah_87,niah_single_1,7,2,32,ema_rho_0.99,0.7298295454545456,0.7804059190007826,32
synthetic_niah_87,niah_single_1,7,2,32,ema_rho_0.995,0.7180397727272727,0.7719182687847772,32
synthetic_niah_87,niah_single_1,7,2,32,ema_rho_0.999,0.7146306818181818,0.7627065463095835,32
synthetic_niah_87,niah_single_1,7,3,1,ema_rho_0,0.7749639249639251,0.9000786849893684,63
synthetic_niah_87,niah_single_1,7,3,1,ema_rho_0.25,0.7717893217893217,0.8900395277340645,63
synthetic_niah_87,niah_single_1,7,3,1,ema_rho_0.5,0.7512265512265512,0.8672348068262188,63
synthetic_niah_87,niah_single_1,7,3,1,ema_rho_0.8,0.6997113997113996,0.791490802351176,63
synthetic_niah_87,niah_single_1,7,3,1,ema_rho_0.9,0.6306637806637806,0.6781831055637144,63
synthetic_niah_87,niah_single_1,7,3,1,ema_rho_0.95,0.5547619047619047,0.525172201157214,63
synthetic_niah_87,niah_single_1,7,3,1,ema_rho_0.99,0.5362193362193362,0.3828390479740137,63
synthetic_niah_87,niah_single_1,7,3,1,ema_rho_0.995,0.5329004329004329,0.3704968316573209,63
synthetic_niah_87,niah_single_1,7,3,1,ema_rho_0.999,0.5312409812409813,0.36188908248166446,63
synthetic_niah_87,niah_single_1,7,3,4,ema_rho_0,0.7495454545454545,0.8746000486995231,60
synthetic_niah_87,niah_single_1,7,3,4,ema_rho_0.25,0.7520454545454546,0.8692414233661329,60
synthetic_niah_87,niah_single_1,7,3,4,ema_rho_0.5,0.7531060606060608,0.8588443490449913,60
synthetic_niah_87,niah_single_1,7,3,4,ema_rho_0.8,0.7200757575757577,0.7997882566396094,60
synthetic_niah_87,niah_single_1,7,3,4,ema_rho_0.9,0.6551515151515149,0.6894782964840404,60
synthetic_niah_87,niah_single_1,7,3,4,ema_rho_0.95,0.5814393939393939,0.5388492870702487,60
synthetic_niah_87,niah_single_1,7,3,4,ema_rho_0.99,0.562651515151515,0.40203275755792295,60
synthetic_niah_87,niah_single_1,7,3,4,ema_rho_0.995,0.5587121212121212,0.38994172537661276,60
synthetic_niah_87,niah_single_1,7,3,4,ema_rho_0.999,0.5575757575757577,0.38144343135442427,60
synthetic_niah_87,niah_single_1,7,3,16,ema_rho_0,0.6925189393939394,0.8133740883377717,48
synthetic_niah_87,niah_single_1,7,3,16,ema_rho_0.25,0.706060606060606,0.8176066279970691,48
synthetic_niah_87,niah_single_1,7,3,16,ema_rho_0.5,0.7143939393939394,0.8134607337121645,48
synthetic_niah_87,niah_single_1,7,3,16,ema_rho_0.8,0.6976325757575758,0.7571422399731965,48
synthetic_niah_87,niah_single_1,7,3,16,ema_rho_0.9,0.6440340909090909,0.6424258873360257,48
synthetic_niah_87,niah_single_1,7,3,16,ema_rho_0.95,0.5891098484848486,0.5117809392294297,48
synthetic_niah_87,niah_single_1,7,3,16,ema_rho_0.99,0.5762310606060606,0.407678515519101,48
synthetic_niah_87,niah_single_1,7,3,16,ema_rho_0.995,0.5733901515151515,0.39791627128962875,48
synthetic_niah_87,niah_single_1,7,3,16,ema_rho_0.999,0.571685606060606,0.3908362594002366,48
synthetic_niah_87,niah_single_1,7,3,32,ema_rho_0,0.6484375,0.7617437716258982,32
synthetic_niah_87,niah_single_1,7,3,32,ema_rho_0.25,0.6626420454545454,0.7574484465494877,32
synthetic_niah_87,niah_single_1,7,3,32,ema_rho_0.5,0.6691761363636364,0.7426730407186992,32
synthetic_niah_87,niah_single_1,7,3,32,ema_rho_0.8,0.6579545454545455,0.6662094746423368,32
synthetic_niah_87,niah_single_1,7,3,32,ema_rho_0.9,0.6208806818181818,0.5510964417718893,32
synthetic_niah_87,niah_single_1,7,3,32,ema_rho_0.95,0.5909090909090908,0.46238186671876685,32
synthetic_niah_87,niah_single_1,7,3,32,ema_rho_0.99,0.5786931818181819,0.4009887000811936,32
synthetic_niah_87,niah_single_1,7,3,32,ema_rho_0.995,0.5778409090909091,0.3948614018976013,32
synthetic_niah_87,niah_single_1,7,3,32,ema_rho_0.999,0.5771306818181818,0.3902182298823941,32
synthetic_niah_87,niah_single_1,7,4,1,ema_rho_0,0.7772005772005772,0.8960453521832964,63
synthetic_niah_87,niah_single_1,7,4,1,ema_rho_0.25,0.7803751803751803,0.8935246180583597,63
synthetic_niah_87,niah_single_1,7,4,1,ema_rho_0.5,0.7742424242424243,0.8822429389143965,63
synthetic_niah_87,niah_single_1,7,4,1,ema_rho_0.8,0.7437229437229437,0.8387253946181856,63
synthetic_niah_87,niah_single_1,7,4,1,ema_rho_0.9,0.7106060606060606,0.798307006588234,63
synthetic_niah_87,niah_single_1,7,4,1,ema_rho_0.95,0.6826839826839827,0.7590660548162671,63
synthetic_niah_87,niah_single_1,7,4,1,ema_rho_0.99,0.6305916305916306,0.6820447473594868,63
synthetic_niah_87,niah_single_1,7,4,1,ema_rho_0.995,0.6150793650793651,0.654196703331599,63
synthetic_niah_87,niah_single_1,7,4,1,ema_rho_0.999,0.5998556998556999,0.6087435146951405,63
synthetic_niah_87,niah_single_1,7,4,4,ema_rho_0,0.7474999999999999,0.8522205572230331,60
synthetic_niah_87,niah_single_1,7,4,4,ema_rho_0.25,0.7547727272727273,0.854295732449053,60
synthetic_niah_87,niah_single_1,7,4,4,ema_rho_0.5,0.7533333333333334,0.8478166795957655,60
synthetic_niah_87,niah_single_1,7,4,4,ema_rho_0.8,0.7403030303030302,0.817016708345689,60
synthetic_niah_87,niah_single_1,7,4,4,ema_rho_0.9,0.7187121212121214,0.7874059421223824,60
synthetic_niah_87,niah_single_1,7,4,4,ema_rho_0.95,0.6978787878787878,0.7565108611554467,60
synthetic_niah_87,niah_single_1,7,4,4,ema_rho_0.99,0.649621212121212,0.68956142640922,60
synthetic_niah_87,niah_single_1,7,4,4,ema_rho_0.995,0.6334090909090909,0.6639988736264579,60
synthetic_niah_87,niah_single_1,7,4,4,ema_rho_0.999,0.619090909090909,0.6216536843191418,60
synthetic_niah_87,niah_single_1,7,4,16,ema_rho_0,0.6891098484848485,0.7676000443443609,48
synthetic_niah_87,niah_single_1,7,4,16,ema_rho_0.25,0.7010416666666668,0.7748702703484162,48
synthetic_niah_87,niah_single_1,7,4,16,ema_rho_0.5,0.709753787878788,0.7790212250419172,48
synthetic_niah_87,niah_single_1,7,4,16,ema_rho_0.8,0.7196969696969697,0.7798303193313766,48
synthetic_niah_87,niah_single_1,7,4,16,ema_rho_0.9,0.7169507575757575,0.7667535288099011,48
synthetic_niah_87,niah_single_1,7,4,16,ema_rho_0.95,0.7071022727272727,0.7476521876276107,48
synthetic_niah_87,niah_single_1,7,4,16,ema_rho_0.99,0.6766098484848483,0.7029166102999781,48
synthetic_niah_87,niah_single_1,7,4,16,ema_rho_0.995,0.6631628787878788,0.6851447530981875,48
synthetic_niah_87,niah_single_1,7,4,16,ema_rho_0.999,0.6520833333333333,0.6551115803308658,48
synthetic_niah_87,niah_single_1,7,4,32,ema_rho_0,0.6610795454545455,0.6968195553806815,32
synthetic_niah_87,niah_single_1,7,4,32,ema_rho_0.25,0.6690340909090909,0.6999954203976748,32
synthetic_niah_87,niah_single_1,7,4,32,ema_rho_0.5,0.6758522727272727,0.7018967864190013,32
synthetic_niah_87,niah_single_1,7,4,32,ema_rho_0.8,0.6866477272727273,0.7024801919529371,32
synthetic_niah_87,niah_single_1,7,4,32,ema_rho_0.9,0.6877840909090909,0.6980161519636583,32
synthetic_niah_87,niah_single_1,7,4,32,ema_rho_0.95,0.6923295454545455,0.6932854194961162,32
synthetic_niah_87,niah_single_1,7,4,32,ema_rho_0.99,0.6741477272727272,0.6815318737406246,32
synthetic_niah_87,niah_single_1,7,4,32,ema_rho_0.995,0.6673295454545455,0.6753152974302927,32
synthetic_niah_87,niah_single_1,7,4,32,ema_rho_0.999,0.6650568181818182,0.6636904971300361,32
synthetic_niah_87,niah_single_1,7,5,1,ema_rho_0,0.6764790764790767,0.7522359937378312,63
synthetic_niah_87,niah_single_1,7,5,1,ema_rho_0.25,0.672943722943723,0.7364608745540548,63
synthetic_niah_87,niah_single_1,7,5,1,ema_rho_0.5,0.6498556998556999,0.7059699745236292,63
synthetic_niah_87,niah_single_1,7,5,1,ema_rho_0.8,0.5914862914862913,0.6078363731803142,63
synthetic_niah_87,niah_single_1,7,5,1,ema_rho_0.9,0.5663059163059162,0.5430765584267806,63
synthetic_niah_87,niah_single_1,7,5,1,ema_rho_0.95,0.5398268398268398,0.4727674535202478,63
synthetic_niah_87,niah_single_1,7,5,1,ema_rho_0.99,0.51010101010101,0.37295114569699245,63
synthetic_niah_87,niah_single_1,7,5,1,ema_rho_0.995,0.5058441558441559,0.3493925011027501,63
synthetic_niah_87,niah_single_1,7,5,1,ema_rho_0.999,0.49855699855699853,0.32364087738569597,63
synthetic_niah_87,niah_single_1,7,5,4,ema_rho_0,0.6108333333333333,0.6597656333579264,60
synthetic_niah_87,niah_single_1,7,5,4,ema_rho_0.25,0.6143939393939394,0.656351788284786,60
synthetic_niah_87,niah_single_1,7,5,4,ema_rho_0.5,0.6045454545454547,0.633695962093228,60
synthetic_niah_87,niah_single_1,7,5,4,ema_rho_0.8,0.5700757575757577,0.550671721958526,60
synthetic_niah_87,niah_single_1,7,5,4,ema_rho_0.9,0.5581060606060606,0.4991708272143352,60
synthetic_niah_87,niah_single_1,7,5,4,ema_rho_0.95,0.5361363636363635,0.4315071316739907,60
synthetic_niah_87,niah_single_1,7,5,4,ema_rho_0.99,0.51,0.3515373756496433,60
synthetic_niah_87,niah_single_1,7,5,4,ema_rho_0.995,0.5059848484848485,0.33412618707921593,60
synthetic_niah_87,niah_single_1,7,5,4,ema_rho_0.999,0.4979545454545455,0.31368933302577323,60
synthetic_niah_87,niah_single_1,7,5,16,ema_rho_0,0.49374999999999997,0.4456612813614358,48
synthetic_niah_87,niah_single_1,7,5,16,ema_rho_0.25,0.5033143939393939,0.43871916577209563,48
synthetic_niah_87,niah_single_1,7,5,16,ema_rho_0.5,0.5141098484848484,0.43565209235260766,48
synthetic_niah_87,niah_single_1,7,5,16,ema_rho_0.8,0.5377840909090909,0.44222573577863805,48
synthetic_niah_87,niah_single_1,7,5,16,ema_rho_0.9,0.5365530303030304,0.4339618985844966,48
synthetic_niah_87,niah_single_1,7,5,16,ema_rho_0.95,0.5199810606060606,0.3924091613276588,48
synthetic_niah_87,niah_single_1,7,5,16,ema_rho_0.99,0.4859848484848485,0.3202738840633333,48
synthetic_niah_87,niah_single_1,7,5,16,ema_rho_0.995,0.47973484848484843,0.30688804498200634,48
synthetic_niah_87,niah_single_1,7,5,16,ema_rho_0.999,0.47376893939393944,0.29293436286593316,48
synthetic_niah_87,niah_single_1,7,5,32,ema_rho_0,0.5473011363636363,0.48078839140873436,32
synthetic_niah_87,niah_single_1,7,5,32,ema_rho_0.25,0.5589488636363636,0.49852428110966074,32
synthetic_niah_87,niah_single_1,7,5,32,ema_rho_0.5,0.5661931818181818,0.5110270426599125,32
synthetic_niah_87,niah_single_1,7,5,32,ema_rho_0.8,0.5703125,0.5052405546792339,32
synthetic_niah_87,niah_single_1,7,5,32,ema_rho_0.9,0.5458806818181818,0.4642155342123111,32
synthetic_niah_87,niah_single_1,7,5,32,ema_rho_0.95,0.5180397727272728,0.3939902046767919,32
synthetic_niah_87,niah_single_1,7,5,32,ema_rho_0.99,0.47556818181818183,0.2931909756420931,32
synthetic_niah_87,niah_single_1,7,5,32,ema_rho_0.995,0.4740056818181818,0.2791946885060677,32
synthetic_niah_87,niah_single_1,7,5,32,ema_rho_0.999,0.4713068181818182,0.2682389807233777,32
synthetic_niah_87,niah_single_1,7,6,1,ema_rho_0,0.7017316017316018,0.8461666724761548,63
synthetic_niah_87,niah_single_1,7,6,1,ema_rho_0.25,0.6981962481962483,0.840430337273603,63
synthetic_niah_87,niah_single_1,7,6,1,ema_rho_0.5,0.6817460317460315,0.8195261092467052,63
synthetic_niah_87,niah_single_1,7,6,1,ema_rho_0.8,0.6243145743145743,0.7502834231235243,63
synthetic_niah_87,niah_single_1,7,6,1,ema_rho_0.9,0.5852813852813852,0.6964528273522665,63
synthetic_niah_87,niah_single_1,7,6,1,ema_rho_0.95,0.5544733044733046,0.6514798427850178,63
synthetic_niah_87,niah_single_1,7,6,1,ema_rho_0.99,0.4969696969696969,0.5713121676764987,63
synthetic_niah_87,niah_single_1,7,6,1,ema_rho_0.995,0.4848484848484848,0.5427289002149387,63
synthetic_niah_87,niah_single_1,7,6,1,ema_rho_0.999,0.4622655122655122,0.49582967965538977,63
synthetic_niah_87,niah_single_1,7,6,4,ema_rho_0,0.6430303030303031,0.7844129112235646,60
synthetic_niah_87,niah_single_1,7,6,4,ema_rho_0.25,0.6458333333333335,0.7869128824962935,60
synthetic_niah_87,niah_single_1,7,6,4,ema_rho_0.5,0.6402272727272726,0.7772300861666255,60
synthetic_niah_87,niah_single_1,7,6,4,ema_rho_0.8,0.6065151515151513,0.7324290830125962,60
synthetic_niah_87,niah_single_1,7,6,4,ema_rho_0.9,0.584621212121212,0.6954943082634077,60
synthetic_niah_87,niah_single_1,7,6,4,ema_rho_0.95,0.5637878787878787,0.660734743777006,60
synthetic_niah_87,niah_single_1,7,6,4,ema_rho_0.99,0.5117424242424242,0.5891012751763255,60
synthetic_niah_87,niah_single_1,7,6,4,ema_rho_0.995,0.49863636363636366,0.5619090707064416,60
synthetic_niah_87,niah_single_1,7,6,4,ema_rho_0.999,0.47636363636363643,0.5164558341185997,60
synthetic_niah_87,niah_single_1,7,6,16,ema_rho_0,0.5483901515151516,0.6684843431366255,48
synthetic_niah_87,niah_single_1,7,6,16,ema_rho_0.25,0.5563446969696969,0.6767434362864218,48
synthetic_niah_87,niah_single_1,7,6,16,ema_rho_0.5,0.5633522727272727,0.680706221690012,48
synthetic_niah_87,niah_single_1,7,6,16,ema_rho_0.8,0.5675189393939394,0.6770610655534716,48
synthetic_niah_87,niah_single_1,7,6,16,ema_rho_0.9,0.5634469696969696,0.6592696327385079,48
synthetic_niah_87,niah_single_1,7,6,16,ema_rho_0.95,0.5555871212121212,0.6358965089131775,48
synthetic_niah_87,niah_single_1,7,6,16,ema_rho_0.99,0.5203598484848485,0.5851836900605442,48
synthetic_niah_87,niah_single_1,7,6,16,ema_rho_0.995,0.5096590909090909,0.5652008588651686,48
synthetic_niah_87,niah_single_1,7,6,16,ema_rho_0.999,0.4888257575757575,0.5308631078976187,48
synthetic_niah_87,niah_single_1,7,6,32,ema_rho_0,0.5224431818181818,0.6033115728419434,32
synthetic_niah_87,niah_single_1,7,6,32,ema_rho_0.25,0.5282670454545455,0.6108528927943789,32
synthetic_niah_87,niah_single_1,7,6,32,ema_rho_0.5,0.5360795454545455,0.6165491012123203,32
synthetic_niah_87,niah_single_1,7,6,32,ema_rho_0.8,0.5447443181818181,0.6179187445633567,32
synthetic_niah_87,niah_single_1,7,6,32,ema_rho_0.9,0.5563920454545455,0.6193279383949355,32
synthetic_niah_87,niah_single_1,7,6,32,ema_rho_0.95,0.5661931818181818,0.6183525166785979,32
synthetic_niah_87,niah_single_1,7,6,32,ema_rho_0.99,0.5430397727272727,0.5967994003305119,32
synthetic_niah_87,niah_single_1,7,6,32,ema_rho_0.995,0.5346590909090909,0.5840728275353826,32
synthetic_niah_87,niah_single_1,7,6,32,ema_rho_0.999,0.51875,0.5614322787523616,32
synthetic_niah_87,niah_single_1,7,7,1,ema_rho_0,0.623160173160173,0.7733179828262755,63
synthetic_niah_87,niah_single_1,7,7,1,ema_rho_0.25,0.593939393939394,0.7216142677216731,63
synthetic_niah_87,niah_single_1,7,7,1,ema_rho_0.5,0.5569985569985569,0.6655845884183669,63
synthetic_niah_87,niah_single_1,7,7,1,ema_rho_0.8,0.48564213564213565,0.5568778631592809,63
synthetic_niah_87,niah_single_1,7,7,1,ema_rho_0.9,0.4416305916305916,0.4789017544482757,63
synthetic_niah_87,niah_single_1,7,7,1,ema_rho_0.95,0.39502164502164505,0.4124181266705853,63
synthetic_niah_87,niah_single_1,7,7,1,ema_rho_0.99,0.32121212121212117,0.3006842473495829,63
synthetic_niah_87,niah_single_1,7,7,1,ema_rho_0.995,0.30101010101010106,0.2663534801779375,63
synthetic_niah_87,niah_single_1,7,7,1,ema_rho_0.999,0.2829004329004329,0.21109732108511164,63
synthetic_niah_87,niah_single_1,7,7,4,ema_rho_0,0.4996212121212121,0.5957370249319295,60
synthetic_niah_87,niah_single_1,7,7,4,ema_rho_0.25,0.4990151515151515,0.5951110952757613,60
synthetic_niah_87,niah_single_1,7,7,4,ema_rho_0.5,0.4981060606060606,0.5841616303559365,60
synthetic_niah_87,niah_single_1,7,7,4,ema_rho_0.8,0.47106060606060607,0.5222360581876113,60
synthetic_niah_87,niah_single_1,7,7,4,ema_rho_0.9,0.4446969696969697,0.46518431094703044,60
synthetic_niah_87,niah_single_1,7,7,4,ema_rho_0.95,0.40295454545454545,0.41428937676723837,60
synthetic_niah_87,niah_single_1,7,7,4,ema_rho_0.99,0.33583333333333326,0.317555074001846,60
synthetic_niah_87,niah_single_1,7,7,4,ema_rho_0.995,0.31310606060606055,0.2850811431453401,60
synthetic_niah_87,niah_single_1,7,7,4,ema_rho_0.999,0.29431818181818176,0.23122108402612576,60
synthetic_niah_87,niah_single_1,7,7,16,ema_rho_0,0.4236742424242425,0.43780051014409277,48
synthetic_niah_87,niah_single_1,7,7,16,ema_rho_0.25,0.43030303030303035,0.43933219724523703,48
synthetic_niah_87,niah_single_1,7,7,16,ema_rho_0.5,0.43551136363636367,0.4355276654080111,48
synthetic_niah_87,niah_single_1,7,7,16,ema_rho_0.8,0.44289772727272725,0.4126524260555457,48
synthetic_niah_87,niah_single_1,7,7,16,ema_rho_0.9,0.4357007575757576,0.39272057586869047,48
synthetic_niah_87,niah_single_1,7,7,16,ema_rho_0.95,0.4118371212121212,0.375127762424828,48
synthetic_niah_87,niah_single_1,7,7,16,ema_rho_0.99,0.35255681818181817,0.32259118783522917,48
synthetic_niah_87,niah_single_1,7,7,16,ema_rho_0.995,0.3260416666666667,0.29977850370844056,48
synthetic_niah_87,niah_single_1,7,7,16,ema_rho_0.999,0.30748106060606056,0.25909258720241224,48
synthetic_niah_87,niah_single_1,7,7,32,ema_rho_0,0.38465909090909095,0.358319745446302,32
synthetic_niah_87,niah_single_1,7,7,32,ema_rho_0.25,0.3946022727272727,0.3659977441582989,32
synthetic_niah_87,niah_single_1,7,7,32,ema_rho_0.5,0.39985795454545453,0.36814933826627827,32
synthetic_niah_87,niah_single_1,7,7,32,ema_rho_0.8,0.41306818181818183,0.36924896582465516,32
synthetic_niah_87,niah_single_1,7,7,32,ema_rho_0.9,0.41448863636363636,0.3656217032947504,32
synthetic_niah_87,niah_single_1,7,7,32,ema_rho_0.95,0.39559659090909094,0.3533882551196995,32
synthetic_niah_87,niah_single_1,7,7,32,ema_rho_0.99,0.3315340909090909,0.3096064295604229,32
synthetic_niah_87,niah_single_1,7,7,32,ema_rho_0.995,0.31420454545454546,0.2912467825115591,32
synthetic_niah_87,niah_single_1,7,7,32,ema_rho_0.999,0.2994318181818182,0.260632128331839,32
synthetic_niah_87,niah_single_1,14,0,1,ema_rho_0,0.6935064935064935,0.8419477683080918,63
synthetic_niah_87,niah_single_1,14,0,1,ema_rho_0.25,0.6702020202020202,0.808760067862601,63
synthetic_niah_87,niah_single_1,14,0,1,ema_rho_0.5,0.6405483405483405,0.7675875447512953,63
synthetic_niah_87,niah_single_1,14,0,1,ema_rho_0.8,0.5930735930735928,0.6965171236843223,63
synthetic_niah_87,niah_single_1,14,0,1,ema_rho_0.9,0.5638528138528136,0.6554681819667278,63
synthetic_niah_87,niah_single_1,14,0,1,ema_rho_0.95,0.5352813852813854,0.6177038711276143,63
synthetic_niah_87,niah_single_1,14,0,1,ema_rho_0.99,0.4784992784992785,0.5292443037808742,63
synthetic_niah_87,niah_single_1,14,0,1,ema_rho_0.995,0.4588744588744589,0.4964400976800493,63
synthetic_niah_87,niah_single_1,14,0,1,ema_rho_0.999,0.43174603174603166,0.44054867917494295,63
synthetic_niah_87,niah_single_1,14,0,4,ema_rho_0,0.5781060606060606,0.6913908455999869,60
synthetic_niah_87,niah_single_1,14,0,4,ema_rho_0.25,0.5763636363636363,0.6858584279744478,60
synthetic_niah_87,niah_single_1,14,0,4,ema_rho_0.5,0.5768939393939393,0.6803029927560279,60
synthetic_niah_87,niah_single_1,14,0,4,ema_rho_0.8,0.5806060606060606,0.6610250600908624,60
synthetic_niah_87,niah_single_1,14,0,4,ema_rho_0.9,0.5776515151515152,0.6464896422064179,60
synthetic_niah_87,niah_single_1,14,0,4,ema_rho_0.95,0.5550757575757574,0.6248676477630595,60
synthetic_niah_87,niah_single_1,14,0,4,ema_rho_0.99,0.501969696969697,0.5488650219261696,60
synthetic_niah_87,niah_single_1,14,0,4,ema_rho_0.995,0.4795454545454545,0.5172733218062989,60
synthetic_niah_87,niah_single_1,14,0,4,ema_rho_0.999,0.4492424242424242,0.4614790831919466,60
synthetic_niah_87,niah_single_1,14,0,16,ema_rho_0,0.5482007575757576,0.613738703928934,48
synthetic_niah_87,niah_single_1,14,0,16,ema_rho_0.25,0.5583333333333332,0.6200363880327822,48
synthetic_niah_87,niah_single_1,14,0,16,ema_rho_0.5,0.5746212121212121,0.6255614223901963,48
synthetic_niah_87,niah_single_1,14,0,16,ema_rho_0.8,0.6072916666666667,0.6403666933655104,48
synthetic_niah_87,niah_single_1,14,0,16,ema_rho_0.9,0.615625,0.651355382800106,48
synthetic_niah_87,niah_single_1,14,0,16,ema_rho_0.95,0.5957386363636363,0.6434885748658223,48
synthetic_niah_87,niah_single_1,14,0,16,ema_rho_0.99,0.5308712121212121,0.5813585221583927,48
synthetic_niah_87,niah_single_1,14,0,16,ema_rho_0.995,0.4987689393939394,0.5517726522061416,48
synthetic_niah_87,niah_single_1,14,0,16,ema_rho_0.999,0.4635416666666667,0.4981169348040308,48
synthetic_niah_87,niah_single_1,14,0,32,ema_rho_0,0.5372159090909091,0.5880143796774961,32
synthetic_niah_87,niah_single_1,14,0,32,ema_rho_0.25,0.5553977272727273,0.6036826834497597,32
synthetic_niah_87,niah_single_1,14,0,32,ema_rho_0.5,0.5738636363636364,0.6205095488024712,32
synthetic_niah_87,niah_single_1,14,0,32,ema_rho_0.8,0.6083806818181818,0.6528823313956638,32
synthetic_niah_87,niah_single_1,14,0,32,ema_rho_0.9,0.6149147727272727,0.6627393088689355,32
synthetic_niah_87,niah_single_1,14,0,32,ema_rho_0.95,0.5916193181818181,0.6542338683538969,32
synthetic_niah_87,niah_single_1,14,0,32,ema_rho_0.99,0.5238636363636363,0.5996827872354923,32
synthetic_niah_87,niah_single_1,14,0,32,ema_rho_0.995,0.49105113636363634,0.5732574171514151,32
synthetic_niah_87,niah_single_1,14,0,32,ema_rho_0.999,0.4615056818181818,0.5262285002499125,32
synthetic_niah_87,niah_single_1,14,1,1,ema_rho_0,0.7870129870129869,0.8814124413115424,63
synthetic_niah_87,niah_single_1,14,1,1,ema_rho_0.25,0.7958874458874459,0.8902827834613922,63
synthetic_niah_87,niah_single_1,14,1,1,ema_rho_0.5,0.7901875901875903,0.8870889535172183,63
synthetic_niah_87,niah_single_1,14,1,1,ema_rho_0.8,0.7632756132756132,0.8561594576845961,63
synthetic_niah_87,niah_single_1,14,1,1,ema_rho_0.9,0.7503607503607503,0.833962673376503,63
synthetic_niah_87,niah_single_1,14,1,1,ema_rho_0.95,0.7435064935064936,0.8218238350003164,63
synthetic_niah_87,niah_single_1,14,1,1,ema_rho_0.99,0.7287878787878785,0.8056819818504879,63
synthetic_niah_87,niah_single_1,14,1,1,ema_rho_0.995,0.7244588744588745,0.7990034380221395,63
synthetic_niah_87,niah_single_1,14,1,1,ema_rho_0.999,0.7095238095238094,0.7818536112532801,63
synthetic_niah_87,niah_single_1,14,1,4,ema_rho_0,0.7883333333333333,0.8833734338401029,60
synthetic_niah_87,niah_single_1,14,1,4,ema_rho_0.25,0.8000757575757577,0.8968672382540311,60
synthetic_niah_87,niah_single_1,14,1,4,ema_rho_0.5,0.7986363636363637,0.8970589967991184,60
synthetic_niah_87,niah_single_1,14,1,4,ema_rho_0.8,0.7803030303030302,0.8738969381424866,60
synthetic_niah_87,niah_single_1,14,1,4,ema_rho_0.9,0.7690151515151515,0.8575076315445027,60
synthetic_niah_87,niah_single_1,14,1,4,ema_rho_0.95,0.7662121212121212,0.8477984735809709,60
synthetic_niah_87,niah_single_1,14,1,4,ema_rho_0.99,0.7555303030303032,0.8342383797967657,60
synthetic_niah_87,niah_single_1,14,1,4,ema_rho_0.995,0.7515909090909091,0.8283781913648769,60
synthetic_niah_87,niah_single_1,14,1,4,ema_rho_0.999,0.7360606060606061,0.8123090763213016,60
synthetic_niah_87,niah_single_1,14,1,16,ema_rho_0,0.7148674242424242,0.821366916609444,48
synthetic_niah_87,niah_single_1,14,1,16,ema_rho_0.25,0.7289772727272726,0.8384641612722387,48
synthetic_niah_87,niah_single_1,14,1,16,ema_rho_0.5,0.7359848484848485,0.845314848208008,48
synthetic_niah_87,niah_single_1,14,1,16,ema_rho_0.8,0.7425189393939394,0.8415849415858974,48
synthetic_niah_87,niah_single_1,14,1,16,ema_rho_0.9,0.7464962121212121,0.8323836154711127,48
synthetic_niah_87,niah_single_1,14,1,16,ema_rho_0.95,0.750284090909091,0.8243098876733361,48
synthetic_niah_87,niah_single_1,14,1,16,ema_rho_0.99,0.7459280303030305,0.8163735978089909,48
synthetic_niah_87,niah_single_1,14,1,16,ema_rho_0.995,0.7419507575757575,0.8127785537461705,48
synthetic_niah_87,niah_single_1,14,1,16,ema_rho_0.999,0.7239583333333334,0.8018477571098183,48
synthetic_niah_87,niah_single_1,14,1,32,ema_rho_0,0.6964488636363637,0.7769312266001033,32
synthetic_niah_87,niah_single_1,14,1,32,ema_rho_0.25,0.7221590909090909,0.8004756396418639,32
synthetic_niah_87,niah_single_1,14,1,32,ema_rho_0.5,0.7401988636363637,0.8090783237892385,32
synthetic_niah_87,niah_single_1,14,1,32,ema_rho_0.8,0.7576704545454545,0.8071144493124058,32
synthetic_niah_87,niah_single_1,14,1,32,ema_rho_0.9,0.7711647727272727,0.8093524565597315,32
synthetic_niah_87,niah_single_1,14,1,32,ema_rho_0.95,0.7813920454545454,0.8149599754143463,32
synthetic_niah_87,niah_single_1,14,1,32,ema_rho_0.99,0.7701704545454545,0.8252107003309788,32
synthetic_niah_87,niah_single_1,14,1,32,ema_rho_0.995,0.7617897727272728,0.8264505407478746,32
synthetic_niah_87,niah_single_1,14,1,32,ema_rho_0.999,0.7517045454545455,0.8257762241065505,32
synthetic_niah_87,niah_single_1,14,2,1,ema_rho_0,0.7481962481962483,0.8265543496661745,63
synthetic_niah_87,niah_single_1,14,2,1,ema_rho_0.25,0.7562049062049063,0.8336612797287795,63
synthetic_niah_87,niah_single_1,14,2,1,ema_rho_0.5,0.7544733044733044,0.8270682934505461,63
synthetic_niah_87,niah_single_1,14,2,1,ema_rho_0.8,0.738023088023088,0.7999242205449116,63
synthetic_niah_87,niah_single_1,14,2,1,ema_rho_0.9,0.7232323232323232,0.7781257122268618,63
synthetic_niah_87,niah_single_1,14,2,1,ema_rho_0.95,0.7142135642135642,0.7602130783855254,63
synthetic_niah_87,niah_single_1,14,2,1,ema_rho_0.99,0.6923520923520924,0.7207866384091342,63
synthetic_niah_87,niah_single_1,14,2,1,ema_rho_0.995,0.6754689754689753,0.6958857858636757,63
synthetic_niah_87,niah_single_1,14,2,1,ema_rho_0.999,0.631024531024531,0.6141308523951802,63
synthetic_niah_87,niah_single_1,14,2,4,ema_rho_0,0.7345454545454546,0.8071449544599415,60
synthetic_niah_87,niah_single_1,14,2,4,ema_rho_0.25,0.7521969696969696,0.824535723064163,60
synthetic_niah_87,niah_single_1,14,2,4,ema_rho_0.5,0.7609090909090909,0.8300436885970598,60
synthetic_niah_87,niah_single_1,14,2,4,ema_rho_0.8,0.7540909090909091,0.8203033473239892,60
synthetic_niah_87,niah_single_1,14,2,4,ema_rho_0.9,0.7453030303030304,0.8062082400817914,60
synthetic_niah_87,niah_single_1,14,2,4,ema_rho_0.95,0.7409090909090909,0.7920628342193142,60
synthetic_niah_87,niah_single_1,14,2,4,ema_rho_0.99,0.7171969696969697,0.7519103382550418,60
synthetic_niah_87,niah_single_1,14,2,4,ema_rho_0.995,0.696439393939394,0.724070471211575,60
synthetic_niah_87,niah_single_1,14,2,4,ema_rho_0.999,0.6446212121212122,0.6338075102664429,60
synthetic_niah_87,niah_single_1,14,2,16,ema_rho_0,0.6923295454545455,0.7414735828329153,48
synthetic_niah_87,niah_single_1,14,2,16,ema_rho_0.25,0.7096590909090909,0.7643282495005338,48
synthetic_niah_87,niah_single_1,14,2,16,ema_rho_0.5,0.7199810606060607,0.7769976798898459,48
synthetic_niah_87,niah_single_1,14,2,16,ema_rho_0.8,0.7364583333333332,0.793801520303442,48
synthetic_niah_87,niah_single_1,14,2,16,ema_rho_0.9,0.7431818181818182,0.7925998258510534,48
synthetic_niah_87,niah_single_1,14,2,16,ema_rho_0.95,0.7393939393939393,0.7805658512725292,48
synthetic_niah_87,niah_single_1,14,2,16,ema_rho_0.99,0.7051136363636363,0.736078733973008,48
synthetic_niah_87,niah_single_1,14,2,16,ema_rho_0.995,0.68125,0.7051287547617848,48
synthetic_niah_87,niah_single_1,14,2,16,ema_rho_0.999,0.631344696969697,0.6127860479416777,48
synthetic_niah_87,niah_single_1,14,2,32,ema_rho_0,0.6704545454545454,0.6598671920064325,32
synthetic_niah_87,niah_single_1,14,2,32,ema_rho_0.25,0.6910511363636364,0.6909266448719735,32
synthetic_niah_87,niah_single_1,14,2,32,ema_rho_0.5,0.7001420454545455,0.7099923586356754,32
synthetic_niah_87,niah_single_1,14,2,32,ema_rho_0.8,0.712784090909091,0.7270232522647613,32
synthetic_niah_87,niah_single_1,14,2,32,ema_rho_0.9,0.7129261363636363,0.7213191714493622,32
synthetic_niah_87,niah_single_1,14,2,32,ema_rho_0.95,0.7024147727272727,0.7095213227102928,32
synthetic_niah_87,niah_single_1,14,2,32,ema_rho_0.99,0.6674715909090909,0.6707046063993631,32
synthetic_niah_87,niah_single_1,14,2,32,ema_rho_0.995,0.6502840909090909,0.6419007869434155,32
synthetic_niah_87,niah_single_1,14,2,32,ema_rho_0.999,0.6085227272727274,0.5656634304346989,32
synthetic_niah_87,niah_single_1,14,3,1,ema_rho_0,0.7656565656565655,0.8551158642178759,63
synthetic_niah_87,niah_single_1,14,3,1,ema_rho_0.25,0.7715007215007215,0.8583274036283749,63
synthetic_niah_87,niah_single_1,14,3,1,ema_rho_0.5,0.7691197691197691,0.8484490533281226,63
synthetic_niah_87,niah_single_1,14,3,1,ema_rho_0.8,0.7509379509379509,0.8083489280501202,63
synthetic_niah_87,niah_single_1,14,3,1,ema_rho_0.9,0.7422077922077921,0.7904269712734928,63
synthetic_niah_87,niah_single_1,14,3,1,ema_rho_0.95,0.7316738816738818,0.7859102315288309,63
synthetic_niah_87,niah_single_1,14,3,1,ema_rho_0.99,0.7020923520923521,0.762698381109187,63
synthetic_niah_87,niah_single_1,14,3,1,ema_rho_0.995,0.6878066378066378,0.7476772040294845,63
synthetic_niah_87,niah_single_1,14,3,1,ema_rho_0.999,0.6638528138528138,0.718422753592191,63
synthetic_niah_87,niah_single_1,14,3,4,ema_rho_0,0.7470454545454547,0.8288309474447942,60
synthetic_niah_87,niah_single_1,14,3,4,ema_rho_0.25,0.7618939393939393,0.8414371394872165,60
synthetic_niah_87,niah_single_1,14,3,4,ema_rho_0.5,0.7706060606060606,0.8386994790898201,60
synthetic_niah_87,niah_single_1,14,3,4,ema_rho_0.8,0.7655303030303029,0.8139904664212321,60
synthetic_niah_87,niah_single_1,14,3,4,ema_rho_0.9,0.7618939393939393,0.808369812982432,60
synthetic_niah_87,niah_single_1,14,3,4,ema_rho_0.95,0.7529545454545453,0.81190702165658,60
synthetic_niah_87,niah_single_1,14,3,4,ema_rho_0.99,0.7258333333333333,0.7941650524198196,60
synthetic_niah_87,niah_single_1,14,3,4,ema_rho_0.995,0.7101515151515152,0.7798662479143486,60
synthetic_niah_87,niah_single_1,14,3,4,ema_rho_0.999,0.6831060606060608,0.7511328009513755,60
synthetic_niah_87,niah_single_1,14,3,16,ema_rho_0,0.7054924242424242,0.7502273848646549,48
synthetic_niah_87,niah_single_1,14,3,16,ema_rho_0.25,0.7232007575757575,0.7687964646247512,48
synthetic_niah_87,niah_single_1,14,3,16,ema_rho_0.5,0.7359848484848485,0.7803270612241434,48
synthetic_niah_87,niah_single_1,14,3,16,ema_rho_0.8,0.7486742424242424,0.8048246643742066,48
synthetic_niah_87,niah_single_1,14,3,16,ema_rho_0.9,0.746780303030303,0.817343876985649,48
synthetic_niah_87,niah_single_1,14,3,16,ema_rho_0.95,0.7432765151515152,0.8167225194465121,48
synthetic_niah_87,niah_single_1,14,3,16,ema_rho_0.99,0.7061553030303029,0.7790320723234597,48
synthetic_niah_87,niah_single_1,14,3,16,ema_rho_0.995,0.6930871212121211,0.7590234654907779,48
synthetic_niah_87,niah_single_1,14,3,16,ema_rho_0.999,0.6669507575757576,0.7249428723228912,48
synthetic_niah_87,niah_single_1,14,3,32,ema_rho_0,0.6475852272727273,0.7763834733224382,32
synthetic_niah_87,niah_single_1,14,3,32,ema_rho_0.25,0.6688920454545455,0.7986537455301266,32
synthetic_niah_87,niah_single_1,14,3,32,ema_rho_0.5,0.6779829545454545,0.8129919903334207,32
synthetic_niah_87,niah_single_1,14,3,32,ema_rho_0.8,0.6852272727272728,0.8274132800350545,32
synthetic_niah_87,niah_single_1,14,3,32,ema_rho_0.9,0.6812499999999999,0.8196901671235235,32
synthetic_niah_87,niah_single_1,14,3,32,ema_rho_0.95,0.6774147727272728,0.8062341796787449,32
synthetic_niah_87,niah_single_1,14,3,32,ema_rho_0.99,0.6444602272727272,0.7684199385403638,32
synthetic_niah_87,niah_single_1,14,3,32,ema_rho_0.995,0.6349431818181819,0.7514720221370395,32
synthetic_niah_87,niah_single_1,14,3,32,ema_rho_0.999,0.6230113636363637,0.7255372949362167,32
synthetic_niah_87,niah_single_1,14,4,1,ema_rho_0,0.8282106782106781,0.9075723160609471,63
synthetic_niah_87,niah_single_1,14,4,1,ema_rho_0.25,0.8352813852813854,0.912938582461232,63
synthetic_niah_87,niah_single_1,14,4,1,ema_rho_0.5,0.8321789321789324,0.9083651658902573,63
synthetic_niah_87,niah_single_1,14,4,1,ema_rho_0.8,0.8118326118326118,0.8874931970579527,63
synthetic_niah_87,niah_single_1,14,4,1,ema_rho_0.9,0.7996392496392497,0.8753780882643666,63
synthetic_niah_87,niah_single_1,14,4,1,ema_rho_0.95,0.792929292929293,0.8702927893671876,63
synthetic_niah_87,niah_single_1,14,4,1,ema_rho_0.99,0.7834776334776333,0.8573701595045289,63
synthetic_niah_87,niah_single_1,14,4,1,ema_rho_0.995,0.7761904761904761,0.847175348036056,63
synthetic_niah_87,niah_single_1,14,4,1,ema_rho_0.999,0.7572871572871573,0.8150931029311328,63
synthetic_niah_87,niah_single_1,14,4,4,ema_rho_0,0.8243181818181816,0.903885154507082,60
synthetic_niah_87,niah_single_1,14,4,4,ema_rho_0.25,0.8395454545454546,0.9143026086088729,60
synthetic_niah_87,niah_single_1,14,4,4,ema_rho_0.5,0.8435606060606061,0.9150328268683076,60
synthetic_niah_87,niah_single_1,14,4,4,ema_rho_0.8,0.8264393939393939,0.9007249715465695,60
synthetic_niah_87,niah_single_1,14,4,4,ema_rho_0.9,0.8178787878787879,0.8936871250995734,60
synthetic_niah_87,niah_single_1,14,4,4,ema_rho_0.95,0.8111363636363635,0.8908947659110793,60
synthetic_niah_87,niah_single_1,14,4,4,ema_rho_0.99,0.7959848484848486,0.8775730413005931,60
synthetic_niah_87,niah_single_1,14,4,4,ema_rho_0.995,0.7871212121212122,0.8666662480762012,60
synthetic_niah_87,niah_single_1,14,4,4,ema_rho_0.999,0.7642424242424242,0.8329259950023402,60
synthetic_niah_87,niah_single_1,14,4,16,ema_rho_0,0.7736742424242423,0.8658154253733992,48
synthetic_niah_87,niah_single_1,14,4,16,ema_rho_0.25,0.7831439393939394,0.8777327540817357,48
synthetic_niah_87,niah_single_1,14,4,16,ema_rho_0.5,0.787878787878788,0.8845863088075653,48
synthetic_niah_87,niah_single_1,14,4,16,ema_rho_0.8,0.7917613636363635,0.8933628595883244,48
synthetic_niah_87,niah_single_1,14,4,16,ema_rho_0.9,0.7956439393939393,0.892627321428025,48
synthetic_niah_87,niah_single_1,14,4,16,ema_rho_0.95,0.7955492424242424,0.887110950391005,48
synthetic_niah_87,niah_single_1,14,4,16,ema_rho_0.99,0.7822916666666666,0.8708540201066516,48
synthetic_niah_87,niah_single_1,14,4,16,ema_rho_0.995,0.7755681818181818,0.8598918022506474,48
synthetic_niah_87,niah_single_1,14,4,16,ema_rho_0.999,0.7510416666666666,0.8280886851743626,48
synthetic_niah_87,niah_single_1,14,4,32,ema_rho_0,0.7400568181818181,0.8427252741734802,32
synthetic_niah_87,niah_single_1,14,4,32,ema_rho_0.25,0.7558238636363636,0.8598975456347513,32
synthetic_niah_87,niah_single_1,14,4,32,ema_rho_0.5,0.7690340909090909,0.8683788327219145,32
synthetic_niah_87,niah_single_1,14,4,32,ema_rho_0.8,0.7818181818181819,0.872906265193764,32
synthetic_niah_87,niah_single_1,14,4,32,ema_rho_0.9,0.7853693181818182,0.8710166208470822,32
synthetic_niah_87,niah_single_1,14,4,32,ema_rho_0.95,0.7845170454545454,0.8693922480685131,32
synthetic_niah_87,niah_single_1,14,4,32,ema_rho_0.99,0.7636363636363637,0.863632574492382,32
synthetic_niah_87,niah_single_1,14,4,32,ema_rho_0.995,0.7596590909090909,0.8561776209861597,32
synthetic_niah_87,niah_single_1,14,4,32,ema_rho_0.999,0.7416193181818181,0.8330280177336099,32
synthetic_niah_87,niah_single_1,14,5,1,ema_rho_0,0.7399711399711401,0.8725633346711181,63
synthetic_niah_87,niah_single_1,14,5,1,ema_rho_0.25,0.738095238095238,0.8651838477891504,63
synthetic_niah_87,niah_single_1,14,5,1,ema_rho_0.5,0.7211399711399712,0.8445734999919999,63
synthetic_niah_87,niah_single_1,14,5,1,ema_rho_0.8,0.6792207792207793,0.7904255959870371,63
synthetic_niah_87,niah_single_1,14,5,1,ema_rho_0.9,0.6443722943722945,0.7451548210120656,63
synthetic_niah_87,niah_single_1,14,5,1,ema_rho_0.95,0.6153679653679653,0.6964008492539135,63
synthetic_niah_87,niah_single_1,14,5,1,ema_rho_0.99,0.5502886002886003,0.5889925234141956,63
synthetic_niah_87,niah_single_1,14,5,1,ema_rho_0.995,0.5234487734487734,0.546062909139496,63
synthetic_niah_87,niah_single_1,14,5,1,ema_rho_0.999,0.4862193362193363,0.468829466851939,63
synthetic_niah_87,niah_single_1,14,5,4,ema_rho_0,0.6798484848484848,0.8004576233057684,60
synthetic_niah_87,niah_single_1,14,5,4,ema_rho_0.25,0.6851515151515153,0.8023551294588744,60
synthetic_niah_87,niah_single_1,14,5,4,ema_rho_0.5,0.6815909090909091,0.7958655270953737,60
synthetic_niah_87,niah_single_1,14,5,4,ema_rho_0.8,0.6656818181818183,0.7704340297611743,60
synthetic_niah_87,niah_single_1,14,5,4,ema_rho_0.9,0.6453030303030302,0.7381785097375881,60
synthetic_niah_87,niah_single_1,14,5,4,ema_rho_0.95,0.6252272727272727,0.6972301147593515,60
synthetic_niah_87,niah_single_1,14,5,4,ema_rho_0.99,0.5649242424242424,0.597893770639899,60
synthetic_niah_87,niah_single_1,14,5,4,ema_rho_0.995,0.5394696969696969,0.5563999168494523,60
synthetic_niah_87,niah_single_1,14,5,4,ema_rho_0.999,0.5013636363636363,0.48115841003036014,60
synthetic_niah_87,niah_single_1,14,5,16,ema_rho_0,0.5965909090909091,0.6809160973024886,48
synthetic_niah_87,niah_single_1,14,5,16,ema_rho_0.25,0.6099431818181819,0.6988835091076558,48
synthetic_niah_87,niah_single_1,14,5,16,ema_rho_0.5,0.6178030303030303,0.7110322949610047,48
synthetic_niah_87,niah_single_1,14,5,16,ema_rho_0.8,0.6245265151515151,0.7159270923981115,48
synthetic_niah_87,niah_single_1,14,5,16,ema_rho_0.9,0.6171401515151516,0.6949894636305641,48
synthetic_niah_87,niah_single_1,14,5,16,ema_rho_0.95,0.6009469696969697,0.6648090489769105,48
synthetic_niah_87,niah_single_1,14,5,16,ema_rho_0.99,0.5592803030303031,0.5872675710577422,48
synthetic_niah_87,niah_single_1,14,5,16,ema_rho_0.995,0.5425189393939394,0.5534004560626985,48
synthetic_niah_87,niah_single_1,14,5,16,ema_rho_0.999,0.5101325757575758,0.4928227597141653,48
synthetic_niah_87,niah_single_1,14,5,32,ema_rho_0,0.54375,0.572668143829345,32
synthetic_niah_87,niah_single_1,14,5,32,ema_rho_0.25,0.5575284090909091,0.5917331355943827,32
synthetic_niah_87,niah_single_1,14,5,32,ema_rho_0.5,0.5671875,0.6043218577209243,32
synthetic_niah_87,niah_single_1,14,5,32,ema_rho_0.8,0.5788352272727273,0.615075717384537,32
synthetic_niah_87,niah_single_1,14,5,32,ema_rho_0.9,0.5833806818181819,0.6100727088913562,32
synthetic_niah_87,niah_single_1,14,5,32,ema_rho_0.95,0.5798295454545455,0.5994071278830962,32
synthetic_niah_87,niah_single_1,14,5,32,ema_rho_0.99,0.5625,0.557321123736773,32
synthetic_niah_87,niah_single_1,14,5,32,ema_rho_0.995,0.55,0.5354504317204003,32
synthetic_niah_87,niah_single_1,14,5,32,ema_rho_0.999,0.5308238636363636,0.4974323960163476,32
synthetic_niah_87,niah_single_1,14,6,1,ema_rho_0,0.7745310245310245,0.8759560835922642,63
synthetic_niah_87,niah_single_1,14,6,1,ema_rho_0.25,0.785137085137085,0.8842587555877583,63
synthetic_niah_87,niah_single_1,14,6,1,ema_rho_0.5,0.7814574314574313,0.8789227894146923,63
synthetic_niah_87,niah_single_1,14,6,1,ema_rho_0.8,0.7553391053391054,0.8468724476804926,63
synthetic_niah_87,niah_single_1,14,6,1,ema_rho_0.9,0.7367243867243866,0.8244875902173356,63
synthetic_niah_87,niah_single_1,14,6,1,ema_rho_0.95,0.7186868686868686,0.8123833403803146,63
synthetic_niah_87,niah_single_1,14,6,1,ema_rho_0.99,0.6574314574314576,0.7850379082186897,63
synthetic_niah_87,niah_single_1,14,6,1,ema_rho_0.995,0.6307359307359308,0.7704725639088797,63
synthetic_niah_87,niah_single_1,14,6,1,ema_rho_0.999,0.5937229437229439,0.7376668654655054,63
synthetic_niah_87,niah_single_1,14,6,4,ema_rho_0,0.7691666666666666,0.8663589615799336,60
synthetic_niah_87,niah_single_1,14,6,4,ema_rho_0.25,0.7877272727272725,0.8800814448366475,60
synthetic_niah_87,niah_single_1,14,6,4,ema_rho_0.5,0.7899999999999999,0.879680764543725,60
synthetic_niah_87,niah_single_1,14,6,4,ema_rho_0.8,0.7738636363636363,0.8554648474216067,60
synthetic_niah_87,niah_single_1,14,6,4,ema_rho_0.9,0.7567424242424244,0.8401498989817037,60
synthetic_niah_87,niah_single_1,14,6,4,ema_rho_0.95,0.735909090909091,0.8310237282961995,60
synthetic_niah_87,niah_single_1,14,6,4,ema_rho_0.99,0.6612878787878788,0.8009666620327011,60
synthetic_niah_87,niah_single_1,14,6,4,ema_rho_0.995,0.6300757575757575,0.784946240973427,60
synthetic_niah_87,niah_single_1,14,6,4,ema_rho_0.999,0.5895454545454547,0.7497181993666653,60
synthetic_niah_87,niah_single_1,14,6,16,ema_rho_0,0.7188446969696969,0.7898298840396071,48
synthetic_niah_87,niah_single_1,14,6,16,ema_rho_0.25,0.7354166666666666,0.8087918863719595,48
synthetic_niah_87,niah_single_1,14,6,16,ema_rho_0.5,0.7411931818181818,0.8164730818237773,48
synthetic_niah_87,niah_single_1,14,6,16,ema_rho_0.8,0.7447916666666666,0.8224039300989873,48
synthetic_niah_87,niah_single_1,14,6,16,ema_rho_0.9,0.734280303030303,0.8198687903934294,48
synthetic_niah_87,niah_single_1,14,6,16,ema_rho_0.95,0.7084280303030303,0.809447904330221,48
synthetic_niah_87,niah_single_1,14,6,16,ema_rho_0.99,0.6178977272727273,0.7743041559852203,48
synthetic_niah_87,niah_single_1,14,6,16,ema_rho_0.995,0.5868371212121212,0.7573699578593578,48
synthetic_niah_87,niah_single_1,14,6,16,ema_rho_0.999,0.546875,0.7228824534772267,48
synthetic_niah_87,niah_single_1,14,6,32,ema_rho_0,0.65625,0.7641067170653109,32
synthetic_niah_87,niah_single_1,14,6,32,ema_rho_0.25,0.6764204545454545,0.7887708683276916,32
synthetic_niah_87,niah_single_1,14,6,32,ema_rho_0.5,0.6835227272727272,0.7985989694046366,32
synthetic_niah_87,niah_single_1,14,6,32,ema_rho_0.8,0.6711647727272727,0.798863038962121,32
synthetic_niah_87,niah_single_1,14,6,32,ema_rho_0.9,0.6566761363636364,0.7925721886523597,32
synthetic_niah_87,niah_single_1,14,6,32,ema_rho_0.95,0.6285511363636364,0.7868772525793326,32
synthetic_niah_87,niah_single_1,14,6,32,ema_rho_0.99,0.5390625,0.7643355515696632,32
synthetic_niah_87,niah_single_1,14,6,32,ema_rho_0.995,0.5208806818181819,0.7524656295170302,32
synthetic_niah_87,niah_single_1,14,6,32,ema_rho_0.999,0.4921875,0.7290812376030338,32
synthetic_niah_87,niah_single_1,14,7,1,ema_rho_0,0.781024531024531,0.916868533520608,63
synthetic_niah_87,niah_single_1,14,7,1,ema_rho_0.25,0.7870851370851372,0.9194677191046821,63
synthetic_niah_87,niah_single_1,14,7,1,ema_rho_0.5,0.7812409812409814,0.9170277852361968,63
synthetic_niah_87,niah_single_1,14,7,1,ema_rho_0.8,0.7645743145743146,0.9044611307477154,63
synthetic_niah_87,niah_single_1,14,7,1,ema_rho_0.9,0.7483405483405482,0.8903533964866147,63
synthetic_niah_87,niah_single_1,14,7,1,ema_rho_0.95,0.7321789321789319,0.8746313568685417,63
synthetic_niah_87,niah_single_1,14,7,1,ema_rho_0.99,0.6996392496392497,0.8401210228035768,63
synthetic_niah_87,niah_single_1,14,7,1,ema_rho_0.995,0.6842712842712843,0.8220347113814241,63
synthetic_niah_87,niah_single_1,14,7,1,ema_rho_0.999,0.6491341991341991,0.7713677295932094,63
synthetic_niah_87,niah_single_1,14,7,4,ema_rho_0,0.7668939393939395,0.9029638481843514,60
synthetic_niah_87,niah_single_1,14,7,4,ema_rho_0.25,0.7813636363636364,0.9136934254157673,60
synthetic_niah_87,niah_single_1,14,7,4,ema_rho_0.5,0.7872727272727272,0.9194464905138969,60
synthetic_niah_87,niah_single_1,14,7,4,ema_rho_0.8,0.7786363636363637,0.9174081698867763,60
synthetic_niah_87,niah_single_1,14,7,4,ema_rho_0.9,0.7681818181818181,0.9081430064703789,60
synthetic_niah_87,niah_single_1,14,7,4,ema_rho_0.95,0.7543181818181819,0.8950699216428639,60
synthetic_niah_87,niah_single_1,14,7,4,ema_rho_0.99,0.7201515151515152,0.8615645092088177,60
synthetic_niah_87,niah_single_1,14,7,4,ema_rho_0.995,0.7031060606060605,0.8425731051569991,60
synthetic_niah_87,niah_single_1,14,7,4,ema_rho_0.999,0.662878787878788,0.7892371070048096,60
synthetic_niah_87,niah_single_1,14,7,16,ema_rho_0,0.7355113636363635,0.880675562707669,48
synthetic_niah_87,niah_single_1,14,7,16,ema_rho_0.25,0.7508522727272727,0.8954198517310118,48
synthetic_niah_87,niah_single_1,14,7,16,ema_rho_0.5,0.7624999999999998,0.9054836024612545,48
synthetic_niah_87,niah_single_1,14,7,16,ema_rho_0.8,0.7728219696969697,0.9141706853458603,48
synthetic_niah_87,niah_single_1,14,7,16,ema_rho_0.9,0.7711174242424242,0.9107645313710169,48
synthetic_niah_87,niah_single_1,14,7,16,ema_rho_0.95,0.7592803030303031,0.900698187984109,48
synthetic_niah_87,niah_single_1,14,7,16,ema_rho_0.99,0.7272727272727272,0.8700539017873202,48
synthetic_niah_87,niah_single_1,14,7,16,ema_rho_0.995,0.7104166666666667,0.8507727317105847,48
synthetic_niah_87,niah_single_1,14,7,16,ema_rho_0.999,0.6671401515151515,0.7982613854226218,48
synthetic_niah_87,niah_single_1,14,7,32,ema_rho_0,0.715625,0.8553412646526763,32
synthetic_niah_87,niah_single_1,14,7,32,ema_rho_0.25,0.7305397727272728,0.8716310092324295,32
synthetic_niah_87,niah_single_1,14,7,32,ema_rho_0.5,0.7436079545454546,0.8830490782019855,32
synthetic_niah_87,niah_single_1,14,7,32,ema_rho_0.8,0.7576704545454546,0.891798979007721,32
synthetic_niah_87,niah_single_1,14,7,32,ema_rho_0.9,0.7514204545454546,0.8887145272614242,32
synthetic_niah_87,niah_single_1,14,7,32,ema_rho_0.95,0.7428977272727273,0.8827947260276378,32
synthetic_niah_87,niah_single_1,14,7,32,ema_rho_0.99,0.7267045454545454,0.8591860187178677,32
synthetic_niah_87,niah_single_1,14,7,32,ema_rho_0.995,0.7105113636363637,0.8417729044278313,32
synthetic_niah_87,niah_single_1,14,7,32,ema_rho_0.999,0.6686079545454545,0.7965743155099361,32
synthetic_niah_87,niah_single_1,15,0,1,ema_rho_0,0.7448773448773449,0.8733265077452148,63
synthetic_niah_87,niah_single_1,15,0,1,ema_rho_0.25,0.758080808080808,0.8834446487241224,63
synthetic_niah_87,niah_single_1,15,0,1,ema_rho_0.5,0.7613275613275612,0.8823087158391677,63
synthetic_niah_87,niah_single_1,15,0,1,ema_rho_0.8,0.7554112554112556,0.8660706097105211,63
synthetic_niah_87,niah_single_1,15,0,1,ema_rho_0.9,0.7469696969696971,0.8538313280952389,63
synthetic_niah_87,niah_single_1,15,0,1,ema_rho_0.95,0.7375901875901876,0.843270880188892,63
synthetic_niah_87,niah_single_1,15,0,1,ema_rho_0.99,0.6924242424242425,0.7898226996560221,63
synthetic_niah_87,niah_single_1,15,0,1,ema_rho_0.995,0.671067821067821,0.7632909918918033,63
synthetic_niah_87,niah_single_1,15,0,1,ema_rho_0.999,0.6455266955266956,0.7225886909531735,63
synthetic_niah_87,niah_single_1,15,0,4,ema_rho_0,0.7503787878787878,0.8747194742857928,60
synthetic_niah_87,niah_single_1,15,0,4,ema_rho_0.25,0.7786363636363638,0.8996341631315616,60
synthetic_niah_87,niah_single_1,15,0,4,ema_rho_0.5,0.7965909090909091,0.9074392936150467,60
synthetic_niah_87,niah_single_1,15,0,4,ema_rho_0.8,0.7968181818181818,0.8981412608808158,60
synthetic_niah_87,niah_single_1,15,0,4,ema_rho_0.9,0.7887878787878789,0.8888871470925224,60
synthetic_niah_87,niah_single_1,15,0,4,ema_rho_0.95,0.7780303030303031,0.8779273210685017,60
synthetic_niah_87,niah_single_1,15,0,4,ema_rho_0.99,0.7169696969696969,0.814879643707116,60
synthetic_niah_87,niah_single_1,15,0,4,ema_rho_0.995,0.6899242424242424,0.7849117357051608,60
synthetic_niah_87,niah_single_1,15,0,4,ema_rho_0.999,0.6584848484848485,0.7402326162671725,60
synthetic_niah_87,niah_single_1,15,0,16,ema_rho_0,0.7195075757575758,0.826926883853916,48
synthetic_niah_87,niah_single_1,15,0,16,ema_rho_0.25,0.7461174242424242,0.8545749069257763,48
synthetic_niah_87,niah_single_1,15,0,16,ema_rho_0.5,0.765340909090909,0.8669388630184844,48
synthetic_niah_87,niah_single_1,15,0,16,ema_rho_0.8,0.7839962121212122,0.8873366978204223,48
synthetic_niah_87,niah_single_1,15,0,16,ema_rho_0.9,0.7908143939393941,0.896418379087419,48
synthetic_niah_87,niah_single_1,15,0,16,ema_rho_0.95,0.7869318181818182,0.8877861520954692,48
synthetic_niah_87,niah_single_1,15,0,16,ema_rho_0.99,0.71875,0.8130622586087028,48
synthetic_niah_87,niah_single_1,15,0,16,ema_rho_0.995,0.6898674242424242,0.780989413384544,48
synthetic_niah_87,niah_single_1,15,0,16,ema_rho_0.999,0.6554924242424243,0.7367333731938738,48
synthetic_niah_87,niah_single_1,15,0,32,ema_rho_0,0.7126420454545455,0.8348424354171573,32
synthetic_niah_87,niah_single_1,15,0,32,ema_rho_0.25,0.7470170454545454,0.8748488405308383,32
synthetic_niah_87,niah_single_1,15,0,32,ema_rho_0.5,0.7764204545454545,0.8957395714778515,32
synthetic_niah_87,niah_single_1,15,0,32,ema_rho_0.8,0.7998579545454545,0.9176545065835175,32
synthetic_niah_87,niah_single_1,15,0,32,ema_rho_0.9,0.7937500000000001,0.9139821237007805,32
synthetic_niah_87,niah_single_1,15,0,32,ema_rho_0.95,0.7677556818181819,0.8895701348317198,32
synthetic_niah_87,niah_single_1,15,0,32,ema_rho_0.99,0.6839488636363636,0.8036399724819319,32
synthetic_niah_87,niah_single_1,15,0,32,ema_rho_0.995,0.6563920454545455,0.7741783205286401,32
synthetic_niah_87,niah_single_1,15,0,32,ema_rho_0.999,0.6350852272727273,0.7387932369774686,32
synthetic_niah_87,niah_single_1,15,1,1,ema_rho_0,0.7269119769119771,0.7939687323690429,63
synthetic_niah_87,niah_single_1,15,1,1,ema_rho_0.25,0.7437229437229438,0.8091505273347959,63
synthetic_niah_87,niah_single_1,15,1,1,ema_rho_0.5,0.7430014430014429,0.8033209511822839,63
synthetic_niah_87,niah_single_1,15,1,1,ema_rho_0.8,0.7284271284271285,0.7696522951779238,63
synthetic_niah_87,niah_single_1,15,1,1,ema_rho_0.9,0.7193362193362192,0.7546871683514057,63
synthetic_niah_87,niah_single_1,15,1,1,ema_rho_0.95,0.7111832611832611,0.7441531303957037,63
synthetic_niah_87,niah_single_1,15,1,1,ema_rho_0.99,0.683044733044733,0.7101409241643831,63
synthetic_niah_87,niah_single_1,15,1,1,ema_rho_0.995,0.6676046176046178,0.6913819611125629,63
synthetic_niah_87,niah_single_1,15,1,1,ema_rho_0.999,0.63997113997114,0.6484706136814892,63
synthetic_niah_87,niah_single_1,15,1,4,ema_rho_0,0.7331818181818182,0.7934063271602291,60
synthetic_niah_87,niah_single_1,15,1,4,ema_rho_0.25,0.7618939393939393,0.8238118208897007,60
synthetic_niah_87,niah_single_1,15,1,4,ema_rho_0.5,0.7667424242424242,0.8269816287964571,60
synthetic_niah_87,niah_single_1,15,1,4,ema_rho_0.8,0.760681818181818,0.8063602018573313,60
synthetic_niah_87,niah_single_1,15,1,4,ema_rho_0.9,0.7579545454545454,0.799829301904486,60
synthetic_niah_87,niah_single_1,15,1,4,ema_rho_0.95,0.7516666666666667,0.7920291310394015,60
synthetic_niah_87,niah_single_1,15,1,4,ema_rho_0.99,0.714469696969697,0.7545587664227545,60
synthetic_niah_87,niah_single_1,15,1,4,ema_rho_0.995,0.6961363636363636,0.7329922435234874,60
synthetic_niah_87,niah_single_1,15,1,4,ema_rho_0.999,0.6628030303030303,0.6848495085454294,60
synthetic_niah_87,niah_single_1,15,1,16,ema_rho_0,0.6887310606060607,0.7263004232335363,48
synthetic_niah_87,niah_single_1,15,1,16,ema_rho_0.25,0.7202651515151516,0.7643691316735467,48
synthetic_niah_87,niah_single_1,15,1,16,ema_rho_0.5,0.7296401515151515,0.7797141387969845,48
synthetic_niah_87,niah_single_1,15,1,16,ema_rho_0.8,0.7401515151515152,0.8013189735586028,48
synthetic_niah_87,niah_single_1,15,1,16,ema_rho_0.9,0.7449810606060606,0.8059115360495723,48
synthetic_niah_87,niah_single_1,15,1,16,ema_rho_0.95,0.7402462121212121,0.7991156977457354,48
synthetic_niah_87,niah_single_1,15,1,16,ema_rho_0.99,0.7107007575757575,0.7559933807327731,48
synthetic_niah_87,niah_single_1,15,1,16,ema_rho_0.995,0.6910984848484848,0.731732968548088,48
synthetic_niah_87,niah_single_1,15,1,16,ema_rho_0.999,0.6630681818181818,0.6820797728416781,48
synthetic_niah_87,niah_single_1,15,1,32,ema_rho_0,0.6612215909090909,0.7086545245030532,32
synthetic_niah_87,niah_single_1,15,1,32,ema_rho_0.25,0.7004261363636364,0.7629551258968371,32
synthetic_niah_87,niah_single_1,15,1,32,ema_rho_0.5,0.7106534090909091,0.7811429275843091,32
synthetic_niah_87,niah_single_1,15,1,32,ema_rho_0.8,0.7137784090909092,0.7962360411966678,32
synthetic_niah_87,niah_single_1,15,1,32,ema_rho_0.9,0.7102272727272727,0.7964219144782416,32
synthetic_niah_87,niah_single_1,15,1,32,ema_rho_0.95,0.6988636363636364,0.7874760753994817,32
synthetic_niah_87,niah_single_1,15,1,32,ema_rho_0.99,0.6876420454545454,0.7438390104430677,32
synthetic_niah_87,niah_single_1,15,1,32,ema_rho_0.995,0.6727272727272727,0.7229862957130919,32
synthetic_niah_87,niah_single_1,15,1,32,ema_rho_0.999,0.6589488636363636,0.6889530891673027,32
synthetic_niah_87,niah_single_1,15,2,1,ema_rho_0,0.7090909090909092,0.8699419609927412,63
synthetic_niah_87,niah_single_1,15,2,1,ema_rho_0.25,0.7191919191919193,0.8743694197359728,63
synthetic_niah_87,niah_single_1,15,2,1,ema_rho_0.5,0.7118326118326118,0.8607913984691656,63
synthetic_niah_87,niah_single_1,15,2,1,ema_rho_0.8,0.6810966810966811,0.8214215764525895,63
synthetic_niah_87,niah_single_1,15,2,1,ema_rho_0.9,0.665151515151515,0.8041105373637754,63
synthetic_niah_87,niah_single_1,15,2,1,ema_rho_0.95,0.6487734487734486,0.793117059506686,63
synthetic_niah_87,niah_single_1,15,2,1,ema_rho_0.99,0.6147186147186149,0.7612578595962823,63
synthetic_niah_87,niah_single_1,15,2,1,ema_rho_0.995,0.5972582972582974,0.7471762213031575,63
synthetic_niah_87,niah_single_1,15,2,1,ema_rho_0.999,0.5679653679653679,0.7205922821585604,63
synthetic_niah_87,niah_single_1,15,2,4,ema_rho_0,0.6854545454545454,0.8408289482156001,60
synthetic_niah_87,niah_single_1,15,2,4,ema_rho_0.25,0.7028787878787879,0.8533972352394557,60
synthetic_niah_87,niah_single_1,15,2,4,ema_rho_0.5,0.7039393939393939,0.848783870292149,60
synthetic_niah_87,niah_single_1,15,2,4,ema_rho_0.8,0.6981060606060605,0.8322947868045782,60
synthetic_niah_87,niah_single_1,15,2,4,ema_rho_0.9,0.6972727272727273,0.8291161875990407,60
synthetic_niah_87,niah_single_1,15,2,4,ema_rho_0.95,0.6858333333333334,0.8273521619973465,60
synthetic_niah_87,niah_single_1,15,2,4,ema_rho_0.99,0.6532575757575759,0.8068175249751621,60
synthetic_niah_87,niah_single_1,15,2,4,ema_rho_0.995,0.6341666666666668,0.7951795433140589,60
synthetic_niah_87,niah_single_1,15,2,4,ema_rho_0.999,0.6019696969696969,0.7716690085321749,60
synthetic_niah_87,niah_single_1,15,2,16,ema_rho_0,0.6330492424242424,0.7777515058860476,48
synthetic_niah_87,niah_single_1,15,2,16,ema_rho_0.25,0.6590909090909091,0.8039520589035897,48
synthetic_niah_87,niah_single_1,15,2,16,ema_rho_0.5,0.6693181818181818,0.8180893269164508,48
synthetic_niah_87,niah_single_1,15,2,16,ema_rho_0.8,0.6984848484848484,0.8517954989757088,48
synthetic_niah_87,niah_single_1,15,2,16,ema_rho_0.9,0.7172348484848484,0.8666273795839153,48
synthetic_niah_87,niah_single_1,15,2,16,ema_rho_0.95,0.709564393939394,0.867059165767872,48
synthetic_niah_87,niah_single_1,15,2,16,ema_rho_0.99,0.6687499999999998,0.8421256872859315,48
synthetic_niah_87,niah_single_1,15,2,16,ema_rho_0.995,0.6482954545454546,0.829216572585732,48
synthetic_niah_87,niah_single_1,15,2,16,ema_rho_0.999,0.6148674242424242,0.8033734615110489,48
synthetic_niah_87,niah_single_1,15,2,32,ema_rho_0,0.6511363636363636,0.8300847793795819,32
synthetic_niah_87,niah_single_1,15,2,32,ema_rho_0.25,0.6764204545454545,0.8641112029394326,32
synthetic_niah_87,niah_single_1,15,2,32,ema_rho_0.5,0.6904829545454545,0.8790048162335165,32
synthetic_niah_87,niah_single_1,15,2,32,ema_rho_0.8,0.709659090909091,0.8892307954894301,32
synthetic_niah_87,niah_single_1,15,2,32,ema_rho_0.9,0.7095170454545454,0.8849895364438483,32
synthetic_niah_87,niah_single_1,15,2,32,ema_rho_0.95,0.6886363636363637,0.8738863523196718,32
synthetic_niah_87,niah_single_1,15,2,32,ema_rho_0.99,0.6464488636363637,0.8435805508042553,32
synthetic_niah_87,niah_single_1,15,2,32,ema_rho_0.995,0.6377840909090908,0.8320355222929603,32
synthetic_niah_87,niah_single_1,15,2,32,ema_rho_0.999,0.615340909090909,0.812695562442703,32
synthetic_niah_87,niah_single_1,15,3,1,ema_rho_0,0.708080808080808,0.8373258384664779,63
synthetic_niah_87,niah_single_1,15,3,1,ema_rho_0.25,0.7194805194805194,0.8395055192298579,63
synthetic_niah_87,niah_single_1,15,3,1,ema_rho_0.5,0.712265512265512,0.8245734730077887,63
synthetic_niah_87,niah_single_1,15,3,1,ema_rho_0.8,0.6847763347763348,0.7771235592861644,63
synthetic_niah_87,niah_single_1,15,3,1,ema_rho_0.9,0.6779220779220777,0.7546093279685688,63
synthetic_niah_87,niah_single_1,15,3,1,ema_rho_0.95,0.672005772005772,0.745305983239663,63
synthetic_niah_87,niah_single_1,15,3,1,ema_rho_0.99,0.6494949494949495,0.7283339015851047,63
synthetic_niah_87,niah_single_1,15,3,1,ema_rho_0.995,0.6344155844155844,0.7164748014228132,63
synthetic_niah_87,niah_single_1,15,3,1,ema_rho_0.999,0.6006493506493505,0.6804308368259204,63
synthetic_niah_87,niah_single_1,15,3,4,ema_rho_0,0.6971969696969698,0.8117415694714175,60
synthetic_niah_87,niah_single_1,15,3,4,ema_rho_0.25,0.7200000000000001,0.8241273615742772,60
synthetic_niah_87,niah_single_1,15,3,4,ema_rho_0.5,0.7193939393939393,0.8156344716978684,60
synthetic_niah_87,niah_single_1,15,3,4,ema_rho_0.8,0.7081818181818181,0.7839257768782902,60
synthetic_niah_87,niah_single_1,15,3,4,ema_rho_0.9,0.7079545454545453,0.7737055663380145,60
synthetic_niah_87,niah_single_1,15,3,4,ema_rho_0.95,0.7022727272727274,0.77048231162695,60
synthetic_niah_87,niah_single_1,15,3,4,ema_rho_0.99,0.6762121212121213,0.7545328123455375,60
synthetic_niah_87,niah_single_1,15,3,4,ema_rho_0.995,0.6563636363636365,0.7410707886300626,60
synthetic_niah_87,niah_single_1,15,3,4,ema_rho_0.999,0.6156818181818181,0.7012479655187074,60
synthetic_niah_87,niah_single_1,15,3,16,ema_rho_0,0.6482007575757576,0.7178851414612198,48
synthetic_niah_87,niah_single_1,15,3,16,ema_rho_0.25,0.6701704545454547,0.7364079505895065,48
synthetic_niah_87,niah_single_1,15,3,16,ema_rho_0.5,0.6773674242424242,0.7424213503772972,48
synthetic_niah_87,niah_single_1,15,3,16,ema_rho_0.8,0.6925189393939393,0.7568122263220166,48
synthetic_niah_87,niah_single_1,15,3,16,ema_rho_0.9,0.7014204545454547,0.7622578040648463,48
synthetic_niah_87,niah_single_1,15,3,16,ema_rho_0.95,0.6987689393939395,0.7593577573874309,48
synthetic_niah_87,niah_single_1,15,3,16,ema_rho_0.99,0.6677083333333332,0.7279989698749053,48
synthetic_niah_87,niah_single_1,15,3,16,ema_rho_0.995,0.6443181818181818,0.70714969598303,48
synthetic_niah_87,niah_single_1,15,3,16,ema_rho_0.999,0.5965909090909091,0.6563104998683721,48
synthetic_niah_87,niah_single_1,15,3,32,ema_rho_0,0.6389204545454545,0.6706719107884622,32
synthetic_niah_87,niah_single_1,15,3,32,ema_rho_0.25,0.6600852272727272,0.6912867254860066,32
synthetic_niah_87,niah_single_1,15,3,32,ema_rho_0.5,0.6663352272727273,0.6971103031825134,32
synthetic_niah_87,niah_single_1,15,3,32,ema_rho_0.8,0.6642045454545454,0.694175984013198,32
synthetic_niah_87,niah_single_1,15,3,32,ema_rho_0.9,0.6512784090909091,0.6845019675769428,32
synthetic_niah_87,niah_single_1,15,3,32,ema_rho_0.95,0.6430397727272726,0.6689940122923994,32
synthetic_niah_87,niah_single_1,15,3,32,ema_rho_0.99,0.610653409090909,0.6189640079737617,32
synthetic_niah_87,niah_single_1,15,3,32,ema_rho_0.995,0.5917613636363637,0.5966259675563849,32
synthetic_niah_87,niah_single_1,15,3,32,ema_rho_0.999,0.5619318181818181,0.5573696567726257,32
synthetic_niah_87,niah_single_1,15,4,1,ema_rho_0,0.8353535353535354,0.8975037019548817,63
synthetic_niah_87,niah_single_1,15,4,1,ema_rho_0.25,0.8424963924963926,0.9031446809784955,63
synthetic_niah_87,niah_single_1,15,4,1,ema_rho_0.5,0.8378787878787878,0.8988219761268972,63
synthetic_niah_87,niah_single_1,15,4,1,ema_rho_0.8,0.8166666666666668,0.8787183363348376,63
synthetic_niah_87,niah_single_1,15,4,1,ema_rho_0.9,0.8108225108225107,0.870956280096791,63
synthetic_niah_87,niah_single_1,15,4,1,ema_rho_0.95,0.8049783549783549,0.8698895358191735,63
synthetic_niah_87,niah_single_1,15,4,1,ema_rho_0.99,0.7923520923520921,0.8610165495039981,63
synthetic_niah_87,niah_single_1,15,4,1,ema_rho_0.995,0.7787157287157288,0.853127554382004,63
synthetic_niah_87,niah_single_1,15,4,1,ema_rho_0.999,0.7616883116883115,0.8340841145934837,63
synthetic_niah_87,niah_single_1,15,4,4,ema_rho_0,0.8334090909090911,0.8989927788054427,60
synthetic_niah_87,niah_single_1,15,4,4,ema_rho_0.25,0.8528787878787879,0.9187949774397544,60
synthetic_niah_87,niah_single_1,15,4,4,ema_rho_0.5,0.8575757575757575,0.9200899128938743,60
synthetic_niah_87,niah_single_1,15,4,4,ema_rho_0.8,0.8402272727272727,0.9038488262898973,60
synthetic_niah_87,niah_single_1,15,4,4,ema_rho_0.9,0.8371969696969698,0.897855247968342,60
synthetic_niah_87,niah_single_1,15,4,4,ema_rho_0.95,0.8314393939393939,0.8965066939195877,60
synthetic_niah_87,niah_single_1,15,4,4,ema_rho_0.99,0.8115909090909091,0.8817772319154603,60
synthetic_niah_87,niah_single_1,15,4,4,ema_rho_0.995,0.7964393939393938,0.8708552654170674,60
synthetic_niah_87,niah_single_1,15,4,4,ema_rho_0.999,0.7749242424242426,0.8467018840266146,60
synthetic_niah_87,niah_single_1,15,4,16,ema_rho_0,0.7859848484848486,0.8492707783523817,48
synthetic_niah_87,niah_single_1,15,4,16,ema_rho_0.25,0.8028409090909091,0.8715888410645256,48
synthetic_niah_87,niah_single_1,15,4,16,ema_rho_0.5,0.8091856060606061,0.8774504835813405,48
synthetic_niah_87,niah_single_1,15,4,16,ema_rho_0.8,0.8185606060606062,0.8866142933659203,48
synthetic_niah_87,niah_single_1,15,4,16,ema_rho_0.9,0.8280303030303031,0.8945994532734849,48
synthetic_niah_87,niah_single_1,15,4,16,ema_rho_0.95,0.8260416666666667,0.8954015924636907,48
synthetic_niah_87,niah_single_1,15,4,16,ema_rho_0.99,0.7975378787878787,0.8696793698135106,48
synthetic_niah_87,niah_single_1,15,4,16,ema_rho_0.995,0.7778409090909091,0.8535190636155517,48
synthetic_niah_87,niah_single_1,15,4,16,ema_rho_0.999,0.7570075757575759,0.822317759172738,48
synthetic_niah_87,niah_single_1,15,4,32,ema_rho_0,0.7588068181818182,0.8186931885907258,32
synthetic_niah_87,niah_single_1,15,4,32,ema_rho_0.25,0.7865056818181819,0.8581423675410663,32
synthetic_niah_87,niah_single_1,15,4,32,ema_rho_0.5,0.8002840909090909,0.8736603400060675,32
synthetic_niah_87,niah_single_1,15,4,32,ema_rho_0.8,0.810653409090909,0.8937798100769885,32
synthetic_niah_87,niah_single_1,15,4,32,ema_rho_0.9,0.8102272727272728,0.9005502237170313,32
synthetic_niah_87,niah_single_1,15,4,32,ema_rho_0.95,0.805965909090909,0.8951319409519097,32
synthetic_niah_87,niah_single_1,15,4,32,ema_rho_0.99,0.7629261363636364,0.8577488080552693,32
synthetic_niah_87,niah_single_1,15,4,32,ema_rho_0.995,0.7438920454545455,0.8388796066021464,32
synthetic_niah_87,niah_single_1,15,4,32,ema_rho_0.999,0.7323863636363636,0.8083069679723482,32
synthetic_niah_87,niah_single_1,15,5,1,ema_rho_0,0.731024531024531,0.8632502851091822,63
synthetic_niah_87,niah_single_1,15,5,1,ema_rho_0.25,0.7333333333333332,0.8600177077419248,63
synthetic_niah_87,niah_single_1,15,5,1,ema_rho_0.5,0.7244588744588744,0.8475328157337015,63
synthetic_niah_87,niah_single_1,15,5,1,ema_rho_0.8,0.6886724386724388,0.8070707591412314,63
synthetic_niah_87,niah_single_1,15,5,1,ema_rho_0.9,0.6527417027417027,0.7595741551465666,63
synthetic_niah_87,niah_single_1,15,5,1,ema_rho_0.95,0.6075757575757578,0.7026909816211264,63
synthetic_niah_87,niah_single_1,15,5,1,ema_rho_0.99,0.5282828282828281,0.5876924124731615,63
synthetic_niah_87,niah_single_1,15,5,1,ema_rho_0.995,0.5131313131313131,0.5534607303684556,63
synthetic_niah_87,niah_single_1,15,5,1,ema_rho_0.999,0.4943722943722944,0.5061796771752004,63
synthetic_niah_87,niah_single_1,15,5,4,ema_rho_0,0.6890151515151515,0.818193934538936,60
synthetic_niah_87,niah_single_1,15,5,4,ema_rho_0.25,0.700378787878788,0.8280333879651135,60
synthetic_niah_87,niah_single_1,15,5,4,ema_rho_0.5,0.7021969696969695,0.826868949324845,60
synthetic_niah_87,niah_single_1,15,5,4,ema_rho_0.8,0.6859090909090909,0.7959638893433618,60
synthetic_niah_87,niah_single_1,15,5,4,ema_rho_0.9,0.6618939393939396,0.7563709705167617,60
synthetic_niah_87,niah_single_1,15,5,4,ema_rho_0.95,0.6216666666666667,0.7072595001591885,60
synthetic_niah_87,niah_single_1,15,5,4,ema_rho_0.99,0.5478030303030302,0.6017164814412495,60
synthetic_niah_87,niah_single_1,15,5,4,ema_rho_0.995,0.5309848484848485,0.5688587379801153,60
synthetic_niah_87,niah_single_1,15,5,4,ema_rho_0.999,0.5118181818181818,0.5227260364845313,60
synthetic_niah_87,niah_single_1,15,5,16,ema_rho_0,0.6283143939393939,0.7249119209098976,48
synthetic_niah_87,niah_single_1,15,5,16,ema_rho_0.25,0.6428030303030302,0.7385612444359749,48
synthetic_niah_87,niah_single_1,15,5,16,ema_rho_0.5,0.6490530303030303,0.7418770754096338,48
synthetic_niah_87,niah_single_1,15,5,16,ema_rho_0.8,0.6511363636363636,0.7334835317762208,48
synthetic_niah_87,niah_single_1,15,5,16,ema_rho_0.9,0.6410037878787879,0.7170366105816178,48
synthetic_niah_87,niah_single_1,15,5,16,ema_rho_0.95,0.6126893939393939,0.6851859822927606,48
synthetic_niah_87,niah_single_1,15,5,16,ema_rho_0.99,0.5615530303030303,0.6057675241142656,48
synthetic_niah_87,niah_single_1,15,5,16,ema_rho_0.995,0.5435606060606061,0.5787602402687729,48
synthetic_niah_87,niah_single_1,15,5,16,ema_rho_0.999,0.5240530303030303,0.539881498821349,48
synthetic_niah_87,niah_single_1,15,5,32,ema_rho_0,0.5551136363636364,0.6471798304691792,32
synthetic_niah_87,niah_single_1,15,5,32,ema_rho_0.25,0.5687500000000001,0.6626182674126373,32
synthetic_niah_87,niah_single_1,15,5,32,ema_rho_0.5,0.5776988636363636,0.6700088255857611,32
synthetic_niah_87,niah_single_1,15,5,32,ema_rho_0.8,0.590625,0.6755702611625437,32
synthetic_niah_87,niah_single_1,15,5,32,ema_rho_0.9,0.5928977272727272,0.6688520647597179,32
synthetic_niah_87,niah_single_1,15,5,32,ema_rho_0.95,0.5890625,0.6516017767917766,32
synthetic_niah_87,niah_single_1,15,5,32,ema_rho_0.99,0.561221590909091,0.6033033637703407,32
synthetic_niah_87,niah_single_1,15,5,32,ema_rho_0.995,0.5453125000000001,0.5838185739196614,32
synthetic_niah_87,niah_single_1,15,5,32,ema_rho_0.999,0.5298295454545454,0.5547051686288214,32
synthetic_niah_87,niah_single_1,15,6,1,ema_rho_0,0.7394660894660894,0.8400288299390747,63
synthetic_niah_87,niah_single_1,15,6,1,ema_rho_0.25,0.7445887445887447,0.8393995086124494,63
synthetic_niah_87,niah_single_1,15,6,1,ema_rho_0.5,0.7395382395382396,0.8294853753807283,63
synthetic_niah_87,niah_single_1,15,6,1,ema_rho_0.8,0.7175324675324676,0.7965308631562953,63
synthetic_niah_87,niah_single_1,15,6,1,ema_rho_0.9,0.6981240981240981,0.757531243433654,63
synthetic_niah_87,niah_single_1,15,6,1,ema_rho_0.95,0.672005772005772,0.704256446488897,63
synthetic_niah_87,niah_single_1,15,6,1,ema_rho_0.99,0.5952380952380952,0.5665661776794882,63
synthetic_niah_87,niah_single_1,15,6,1,ema_rho_0.995,0.5768398268398268,0.5265512642885783,63
synthetic_niah_87,niah_single_1,15,6,1,ema_rho_0.999,0.5537518037518037,0.4777484317785169,63
synthetic_niah_87,niah_single_1,15,6,4,ema_rho_0,0.721590909090909,0.8039727390410705,60
synthetic_niah_87,niah_single_1,15,6,4,ema_rho_0.25,0.7364393939393938,0.8186712172457059,60
synthetic_niah_87,niah_single_1,15,6,4,ema_rho_0.5,0.7421969696969697,0.8209167300076161,60
synthetic_niah_87,niah_single_1,15,6,4,ema_rho_0.8,0.7293181818181818,0.8000584642408499,60
synthetic_niah_87,niah_single_1,15,6,4,ema_rho_0.9,0.7153787878787877,0.7652740579425075,60
synthetic_niah_87,niah_single_1,15,6,4,ema_rho_0.95,0.6856060606060607,0.7133265835665481,60
synthetic_niah_87,niah_single_1,15,6,4,ema_rho_0.99,0.6038636363636363,0.5732836765610725,60
synthetic_niah_87,niah_single_1,15,6,4,ema_rho_0.995,0.583939393939394,0.5321298876494461,60
synthetic_niah_87,niah_single_1,15,6,4,ema_rho_0.999,0.5587121212121213,0.48191562649219194,60
synthetic_niah_87,niah_single_1,15,6,16,ema_rho_0,0.6704545454545455,0.7308431801608929,48
synthetic_niah_87,niah_single_1,15,6,16,ema_rho_0.25,0.6880681818181819,0.7513564063896291,48
synthetic_niah_87,niah_single_1,15,6,16,ema_rho_0.5,0.7019886363636364,0.7594650283578847,48
synthetic_niah_87,niah_single_1,15,6,16,ema_rho_0.8,0.709090909090909,0.7532422621687321,48
synthetic_niah_87,niah_single_1,15,6,16,ema_rho_0.9,0.6973484848484848,0.7296924443838065,48
synthetic_niah_87,niah_single_1,15,6,16,ema_rho_0.95,0.6695075757575758,0.6820894218456292,48
synthetic_niah_87,niah_single_1,15,6,16,ema_rho_0.99,0.5920454545454545,0.5549915390065759,48
synthetic_niah_87,niah_single_1,15,6,16,ema_rho_0.995,0.575094696969697,0.5189154666257344,48
synthetic_niah_87,niah_single_1,15,6,16,ema_rho_0.999,0.5524621212121212,0.47568813584943764,48
synthetic_niah_87,niah_single_1,15,6,32,ema_rho_0,0.6149147727272728,0.6594538208021969,32
synthetic_niah_87,niah_single_1,15,6,32,ema_rho_0.25,0.6332386363636364,0.6821360939399146,32
synthetic_niah_87,niah_single_1,15,6,32,ema_rho_0.5,0.6463068181818181,0.6909049722730178,32
synthetic_niah_87,niah_single_1,15,6,32,ema_rho_0.8,0.6504261363636363,0.6850124071184819,32
synthetic_niah_87,niah_single_1,15,6,32,ema_rho_0.9,0.6377840909090909,0.6621672309270835,32
synthetic_niah_87,niah_single_1,15,6,32,ema_rho_0.95,0.6183238636363636,0.6232464065692511,32
synthetic_niah_87,niah_single_1,15,6,32,ema_rho_0.99,0.5705965909090909,0.5353771573917705,32
synthetic_niah_87,niah_single_1,15,6,32,ema_rho_0.995,0.5575284090909092,0.510504919247135,32
synthetic_niah_87,niah_single_1,15,6,32,ema_rho_0.999,0.5431818181818182,0.4806652428409318,32
synthetic_niah_87,niah_single_1,15,7,1,ema_rho_0,0.7240981240981242,0.8412601405135757,63
synthetic_niah_87,niah_single_1,15,7,1,ema_rho_0.25,0.7332611832611833,0.8514335953497627,63
synthetic_niah_87,niah_single_1,15,7,1,ema_rho_0.5,0.7322510822510824,0.8456788527324056,63
synthetic_niah_87,niah_single_1,15,7,1,ema_rho_0.8,0.7075757575757575,0.8107101301289806,63
synthetic_niah_87,niah_single_1,15,7,1,ema_rho_0.9,0.6902597402597404,0.7896307937219444,63
synthetic_niah_87,niah_single_1,15,7,1,ema_rho_0.95,0.683116883116883,0.7758002771779247,63
synthetic_niah_87,niah_single_1,15,7,1,ema_rho_0.99,0.6616161616161618,0.741924473444512,63
synthetic_niah_87,niah_single_1,15,7,1,ema_rho_0.995,0.6503607503607506,0.7218625296565546,63
synthetic_niah_87,niah_single_1,15,7,1,ema_rho_0.999,0.6290764790764792,0.6696084852383191,63
synthetic_niah_87,niah_single_1,15,7,4,ema_rho_0,0.724090909090909,0.8312073075630781,60
synthetic_niah_87,niah_single_1,15,7,4,ema_rho_0.25,0.7475000000000002,0.8532779716445537,60
synthetic_niah_87,niah_single_1,15,7,4,ema_rho_0.5,0.758030303030303,0.8558199230047523,60
synthetic_niah_87,niah_single_1,15,7,4,ema_rho_0.8,0.744090909090909,0.8319809916595217,60
synthetic_niah_87,niah_single_1,15,7,4,ema_rho_0.9,0.7299242424242424,0.8171484448206653,60
synthetic_niah_87,niah_single_1,15,7,4,ema_rho_0.95,0.7229545454545454,0.8068920759741153,60
synthetic_niah_87,niah_single_1,15,7,4,ema_rho_0.99,0.6981060606060605,0.7754968362505231,60
synthetic_niah_87,niah_single_1,15,7,4,ema_rho_0.995,0.6829545454545455,0.7556172769402728,60
synthetic_niah_87,niah_single_1,15,7,4,ema_rho_0.999,0.6618939393939394,0.7037587699314909,60
synthetic_niah_87,niah_single_1,15,7,16,ema_rho_0,0.6621212121212121,0.7332129906210062,48
synthetic_niah_87,niah_single_1,15,7,16,ema_rho_0.25,0.6890151515151515,0.7615432373396743,48
synthetic_niah_87,niah_single_1,15,7,16,ema_rho_0.5,0.703503787878788,0.7721444948633248,48
synthetic_niah_87,niah_single_1,15,7,16,ema_rho_0.8,0.7156249999999998,0.780671257296169,48
synthetic_niah_87,niah_single_1,15,7,16,ema_rho_0.9,0.7171401515151515,0.7792504950926373,48
synthetic_niah_87,niah_single_1,15,7,16,ema_rho_0.95,0.7129734848484848,0.7712166250097506,48
synthetic_niah_87,niah_single_1,15,7,16,ema_rho_0.99,0.6863636363636364,0.7365532916076095,48
synthetic_niah_87,niah_single_1,15,7,16,ema_rho_0.995,0.6713068181818181,0.7164144222695227,48
synthetic_niah_87,niah_single_1,15,7,16,ema_rho_0.999,0.656534090909091,0.6707978330669345,48
synthetic_niah_87,niah_single_1,15,7,32,ema_rho_0,0.6457386363636364,0.6591881155771687,32
synthetic_niah_87,niah_single_1,15,7,32,ema_rho_0.25,0.6688920454545455,0.6919854560055266,32
synthetic_niah_87,niah_single_1,15,7,32,ema_rho_0.5,0.677840909090909,0.7065873715974806,32
synthetic_niah_87,niah_single_1,15,7,32,ema_rho_0.8,0.6823863636363636,0.7088152935143528,32
synthetic_niah_87,niah_single_1,15,7,32,ema_rho_0.9,0.6762784090909091,0.699660440863218,32
synthetic_niah_87,niah_single_1,15,7,32,ema_rho_0.95,0.6661931818181819,0.6889313400933905,32
synthetic_niah_87,niah_single_1,15,7,32,ema_rho_0.99,0.6518465909090909,0.6633463515194177,32
synthetic_niah_87,niah_single_1,15,7,32,ema_rho_0.995,0.64375,0.6515496030793715,32
synthetic_niah_87,niah_single_1,15,7,32,ema_rho_0.999,0.6359374999999999,0.6303043513922407,32
synthetic_niah_87,niah_single_1,21,0,1,ema_rho_0,0.6862193362193363,0.8316350802875778,63
synthetic_niah_87,niah_single_1,21,0,1,ema_rho_0.25,0.6725108225108225,0.8174154530120701,63
synthetic_niah_87,niah_single_1,21,0,1,ema_rho_0.5,0.6488455988455988,0.7869927282696957,63
synthetic_niah_87,niah_single_1,21,0,1,ema_rho_0.8,0.5904761904761905,0.7093632824305839,63
synthetic_niah_87,niah_single_1,21,0,1,ema_rho_0.9,0.5553391053391055,0.6522892617702484,63
synthetic_niah_87,niah_single_1,21,0,1,ema_rho_0.95,0.5219336219336218,0.5978582508757581,63
synthetic_niah_87,niah_single_1,21,0,1,ema_rho_0.99,0.47005772005772006,0.4903184353266727,63
synthetic_niah_87,niah_single_1,21,0,1,ema_rho_0.995,0.4592352092352093,0.45711482473871345,63
synthetic_niah_87,niah_single_1,21,0,1,ema_rho_0.999,0.44307359307359306,0.4122715940035516,63
synthetic_niah_87,niah_single_1,21,0,4,ema_rho_0,0.6075757575757577,0.732821450142275,60
synthetic_niah_87,niah_single_1,21,0,4,ema_rho_0.25,0.6098484848484848,0.7366428285448925,60
synthetic_niah_87,niah_single_1,21,0,4,ema_rho_0.5,0.6034090909090909,0.7254943465941643,60
synthetic_niah_87,niah_single_1,21,0,4,ema_rho_0.8,0.5822727272727274,0.6817965285320978,60
synthetic_niah_87,niah_single_1,21,0,4,ema_rho_0.9,0.5642424242424243,0.6466749910112501,60
synthetic_niah_87,niah_single_1,21,0,4,ema_rho_0.95,0.5421212121212121,0.6071158989716177,60
synthetic_niah_87,niah_single_1,21,0,4,ema_rho_0.99,0.4930303030303031,0.5110100021037065,60
synthetic_niah_87,niah_single_1,21,0,4,ema_rho_0.995,0.4808333333333334,0.47891729747690737,60
synthetic_niah_87,niah_single_1,21,0,4,ema_rho_0.999,0.46212121212121215,0.4345200237583284,60
synthetic_niah_87,niah_single_1,21,0,16,ema_rho_0,0.5150568181818181,0.5801533831489177,48
synthetic_niah_87,niah_single_1,21,0,16,ema_rho_0.25,0.5310606060606061,0.6015777225626423,48
synthetic_niah_87,niah_single_1,21,0,16,ema_rho_0.5,0.5459280303030303,0.6129431678599779,48
synthetic_niah_87,niah_single_1,21,0,16,ema_rho_0.8,0.5676136363636364,0.6238237053553649,48
synthetic_niah_87,niah_single_1,21,0,16,ema_rho_0.9,0.5635416666666666,0.6127031662275373,48
synthetic_niah_87,niah_single_1,21,0,16,ema_rho_0.95,0.5428977272727272,0.5871593011578277,48
synthetic_niah_87,niah_single_1,21,0,16,ema_rho_0.99,0.5038825757575758,0.5072407814590484,48
synthetic_niah_87,niah_single_1,21,0,16,ema_rho_0.995,0.4953598484848485,0.47948514596604436,48
synthetic_niah_87,niah_single_1,21,0,16,ema_rho_0.999,0.4779356060606061,0.44108658065301415,48
synthetic_niah_87,niah_single_1,21,0,32,ema_rho_0,0.4883522727272728,0.5138472492823621,32
synthetic_niah_87,niah_single_1,21,0,32,ema_rho_0.25,0.5069602272727273,0.539165720249553,32
synthetic_niah_87,niah_single_1,21,0,32,ema_rho_0.5,0.5231534090909091,0.554099727300543,32
synthetic_niah_87,niah_single_1,21,0,32,ema_rho_0.8,0.5446022727272727,0.5725181595884408,32
synthetic_niah_87,niah_single_1,21,0,32,ema_rho_0.9,0.5379261363636363,0.5752536070698588,32
synthetic_niah_87,niah_single_1,21,0,32,ema_rho_0.95,0.5255681818181818,0.5629088831122918,32
synthetic_niah_87,niah_single_1,21,0,32,ema_rho_0.99,0.5055397727272728,0.5073554270791153,32
synthetic_niah_87,niah_single_1,21,0,32,ema_rho_0.995,0.49971590909090907,0.48682350762353277,32
synthetic_niah_87,niah_single_1,21,0,32,ema_rho_0.999,0.4928977272727273,0.4580450443596389,32
synthetic_niah_87,niah_single_1,21,1,1,ema_rho_0,0.8192640692640693,0.8701180556907488,63
synthetic_niah_87,niah_single_1,21,1,1,ema_rho_0.25,0.820995670995671,0.8706762051268558,63
synthetic_niah_87,niah_single_1,21,1,1,ema_rho_0.5,0.8132756132756134,0.8612407847369117,63
synthetic_niah_87,niah_single_1,21,1,1,ema_rho_0.8,0.7834776334776334,0.820496484046766,63
synthetic_niah_87,niah_single_1,21,1,1,ema_rho_0.9,0.7672438672438674,0.7963170503455371,63
synthetic_niah_87,niah_single_1,21,1,1,ema_rho_0.95,0.7565656565656566,0.7860496477709533,63
synthetic_niah_87,niah_single_1,21,1,1,ema_rho_0.99,0.7372294372294372,0.7604492192332007,63
synthetic_niah_87,niah_single_1,21,1,1,ema_rho_0.995,0.73001443001443,0.7454427037108811,63
synthetic_niah_87,niah_single_1,21,1,1,ema_rho_0.999,0.7080086580086581,0.7130198187108319,63
synthetic_niah_87,niah_single_1,21,1,4,ema_rho_0,0.8000757575757576,0.8471460332906513,60
synthetic_niah_87,niah_single_1,21,1,4,ema_rho_0.25,0.8123484848484849,0.8600126202020214,60
synthetic_niah_87,niah_single_1,21,1,4,ema_rho_0.5,0.8142424242424243,0.8590824445372917,60
synthetic_niah_87,niah_single_1,21,1,4,ema_rho_0.8,0.7896212121212121,0.8250322688970342,60
synthetic_niah_87,niah_single_1,21,1,4,ema_rho_0.9,0.777348484848485,0.8079949435313835,60
synthetic_niah_87,niah_single_1,21,1,4,ema_rho_0.95,0.7681060606060607,0.8020116970772498,60
synthetic_niah_87,niah_single_1,21,1,4,ema_rho_0.99,0.7443181818181819,0.7785936968166529,60
synthetic_niah_87,niah_single_1,21,1,4,ema_rho_0.995,0.7375,0.7634981113606827,60
synthetic_niah_87,niah_single_1,21,1,4,ema_rho_0.999,0.7144696969696971,0.7309668931217772,60
synthetic_niah_87,niah_single_1,21,1,16,ema_rho_0,0.7448863636363635,0.7472060921911113,48
synthetic_niah_87,niah_single_1,21,1,16,ema_rho_0.25,0.7579545454545454,0.7629067306542318,48
synthetic_niah_87,niah_single_1,21,1,16,ema_rho_0.5,0.7621212121212121,0.7696848870225436,48
synthetic_niah_87,niah_single_1,21,1,16,ema_rho_0.8,0.7661931818181819,0.7829142647601985,48
synthetic_niah_87,niah_single_1,21,1,16,ema_rho_0.9,0.762689393939394,0.7950258172044805,48
synthetic_niah_87,niah_single_1,21,1,16,ema_rho_0.95,0.7474431818181818,0.7959064243375559,48
synthetic_niah_87,niah_single_1,21,1,16,ema_rho_0.99,0.7074810606060605,0.7618239726608893,48
synthetic_niah_87,niah_single_1,21,1,16,ema_rho_0.995,0.7000000000000001,0.7438110096501696,48
synthetic_niah_87,niah_single_1,21,1,16,ema_rho_0.999,0.6794507575757577,0.7111892081494986,48
synthetic_niah_87,niah_single_1,21,1,32,ema_rho_0,0.7018465909090909,0.7195731488163042,32
synthetic_niah_87,niah_single_1,21,1,32,ema_rho_0.25,0.7197443181818182,0.7497209699021417,32
synthetic_niah_87,niah_single_1,21,1,32,ema_rho_0.5,0.7244318181818182,0.7679426762166395,32
synthetic_niah_87,niah_single_1,21,1,32,ema_rho_0.8,0.7221590909090909,0.7925455182022598,32
synthetic_niah_87,niah_single_1,21,1,32,ema_rho_0.9,0.7159090909090909,0.8006882074166827,32
synthetic_niah_87,niah_single_1,21,1,32,ema_rho_0.95,0.6992897727272727,0.7934527139859432,32
synthetic_niah_87,niah_single_1,21,1,32,ema_rho_0.99,0.6671875,0.7525595281450437,32
synthetic_niah_87,niah_single_1,21,1,32,ema_rho_0.995,0.6620738636363637,0.7352986035159017,32
synthetic_niah_87,niah_single_1,21,1,32,ema_rho_0.999,0.6576704545454546,0.7073937295779871,32
synthetic_niah_87,niah_single_1,21,2,1,ema_rho_0,0.7528138528138529,0.8512752667318688,63
synthetic_niah_87,niah_single_1,21,2,1,ema_rho_0.25,0.759090909090909,0.8624584225597294,63
synthetic_niah_87,niah_single_1,21,2,1,ema_rho_0.5,0.7528860028860028,0.8553766795382374,63
synthetic_niah_87,niah_single_1,21,2,1,ema_rho_0.8,0.7033910533910535,0.8021796406994945,63
synthetic_niah_87,niah_single_1,21,2,1,ema_rho_0.9,0.6726551226551227,0.7732947133928654,63
synthetic_niah_87,niah_single_1,21,2,1,ema_rho_0.95,0.655988455988456,0.7590254229350365,63
synthetic_niah_87,niah_single_1,21,2,1,ema_rho_0.99,0.6338383838383839,0.7361792525918457,63
synthetic_niah_87,niah_single_1,21,2,1,ema_rho_0.995,0.6279220779220779,0.726056619691247,63
synthetic_niah_87,niah_single_1,21,2,1,ema_rho_0.999,0.6170995670995671,0.7038532061128142,63
synthetic_niah_87,niah_single_1,21,2,4,ema_rho_0,0.7375,0.8403645134844507,60
synthetic_niah_87,niah_single_1,21,2,4,ema_rho_0.25,0.7515151515151516,0.8628565872616331,60
synthetic_niah_87,niah_single_1,21,2,4,ema_rho_0.5,0.7496969696969698,0.8577027075395798,60
synthetic_niah_87,niah_single_1,21,2,4,ema_rho_0.8,0.7136363636363635,0.8117744256169821,60
synthetic_niah_87,niah_single_1,21,2,4,ema_rho_0.9,0.6893181818181819,0.7903648463536886,60
synthetic_niah_87,niah_single_1,21,2,4,ema_rho_0.95,0.6807575757575759,0.7781281064802161,60
synthetic_niah_87,niah_single_1,21,2,4,ema_rho_0.99,0.6549242424242423,0.752915154663761,60
synthetic_niah_87,niah_single_1,21,2,4,ema_rho_0.995,0.6476515151515151,0.741728704432695,60
synthetic_niah_87,niah_single_1,21,2,4,ema_rho_0.999,0.6368939393939395,0.7186586631731604,60
synthetic_niah_87,niah_single_1,21,2,16,ema_rho_0,0.6411931818181819,0.7314414383050291,48
synthetic_niah_87,niah_single_1,21,2,16,ema_rho_0.25,0.6633522727272728,0.7561834911585429,48
synthetic_niah_87,niah_single_1,21,2,16,ema_rho_0.5,0.6691287878787878,0.7581186300199404,48
synthetic_niah_87,niah_single_1,21,2,16,ema_rho_0.8,0.6741477272727273,0.7601705864897048,48
synthetic_niah_87,niah_single_1,21,2,16,ema_rho_0.9,0.6662878787878788,0.7636079628784883,48
synthetic_niah_87,niah_single_1,21,2,16,ema_rho_0.95,0.6527462121212121,0.7590317179036706,48
synthetic_niah_87,niah_single_1,21,2,16,ema_rho_0.99,0.6210227272727272,0.7417103219056264,48
synthetic_niah_87,niah_single_1,21,2,16,ema_rho_0.995,0.6139204545454545,0.7334387802429809,48
synthetic_niah_87,niah_single_1,21,2,16,ema_rho_0.999,0.609375,0.7128876230420772,48
synthetic_niah_87,niah_single_1,21,2,32,ema_rho_0,0.5644886363636363,0.6208036538935904,32
synthetic_niah_87,niah_single_1,21,2,32,ema_rho_0.25,0.5735795454545455,0.6456213817692673,32
synthetic_niah_87,niah_single_1,21,2,32,ema_rho_0.5,0.5724431818181818,0.6572725970264797,32
synthetic_niah_87,niah_single_1,21,2,32,ema_rho_0.8,0.5691761363636364,0.6692581833137683,32
synthetic_niah_87,niah_single_1,21,2,32,ema_rho_0.9,0.560653409090909,0.6738656170693968,32
synthetic_niah_87,niah_single_1,21,2,32,ema_rho_0.95,0.5600852272727272,0.6767443279328719,32
synthetic_niah_87,niah_single_1,21,2,32,ema_rho_0.99,0.5643465909090909,0.6774838581920872,32
synthetic_niah_87,niah_single_1,21,2,32,ema_rho_0.995,0.5664772727272727,0.6762163388247451,32
synthetic_niah_87,niah_single_1,21,2,32,ema_rho_0.999,0.5771306818181818,0.6700982699506683,32
synthetic_niah_87,niah_single_1,21,3,1,ema_rho_0,0.814862914862915,0.9197904966433934,63
synthetic_niah_87,niah_single_1,21,3,1,ema_rho_0.25,0.8202741702741702,0.9221832143030779,63
synthetic_niah_87,niah_single_1,21,3,1,ema_rho_0.5,0.8199134199134199,0.9170868007261574,63
synthetic_niah_87,niah_single_1,21,3,1,ema_rho_0.8,0.8073593073593074,0.895844026565558,63
synthetic_niah_87,niah_single_1,21,3,1,ema_rho_0.9,0.7930014430014432,0.8780558779681348,63
synthetic_niah_87,niah_single_1,21,3,1,ema_rho_0.95,0.777994227994228,0.8623451867701303,63
synthetic_niah_87,niah_single_1,21,3,1,ema_rho_0.99,0.7527417027417027,0.8194134156609512,63
synthetic_niah_87,niah_single_1,21,3,1,ema_rho_0.995,0.7422077922077923,0.8011169107129174,63
synthetic_niah_87,niah_single_1,21,3,1,ema_rho_0.999,0.7306637806637807,0.77446982816407,63
synthetic_niah_87,niah_single_1,21,3,4,ema_rho_0,0.7978787878787877,0.8999365146641208,60
synthetic_niah_87,niah_single_1,21,3,4,ema_rho_0.25,0.8095454545454545,0.9057085244656278,60
synthetic_niah_87,niah_single_1,21,3,4,ema_rho_0.5,0.8181060606060605,0.9051012035941957,60
synthetic_niah_87,niah_single_1,21,3,4,ema_rho_0.8,0.8229545454545454,0.892983789637175,60
synthetic_niah_87,niah_single_1,21,3,4,ema_rho_0.9,0.8145454545454544,0.8822643007507392,60
synthetic_niah_87,niah_single_1,21,3,4,ema_rho_0.95,0.8021212121212121,0.8712982960195339,60
synthetic_niah_87,niah_single_1,21,3,4,ema_rho_0.99,0.7743939393939393,0.8315085022352916,60
synthetic_niah_87,niah_single_1,21,3,4,ema_rho_0.995,0.7627272727272729,0.8135651129108219,60
synthetic_niah_87,niah_single_1,21,3,4,ema_rho_0.999,0.749469696969697,0.787281737094595,60
synthetic_niah_87,niah_single_1,21,3,16,ema_rho_0,0.7779356060606061,0.8534039200084292,48
synthetic_niah_87,niah_single_1,21,3,16,ema_rho_0.25,0.7956439393939395,0.8625253210781244,48
synthetic_niah_87,niah_single_1,21,3,16,ema_rho_0.5,0.8096590909090908,0.8673329950763655,48
synthetic_niah_87,niah_single_1,21,3,16,ema_rho_0.8,0.827840909090909,0.8741340713807958,48
synthetic_niah_87,niah_single_1,21,3,16,ema_rho_0.9,0.8265151515151515,0.8769662553599256,48
synthetic_niah_87,niah_single_1,21,3,16,ema_rho_0.95,0.8169507575757575,0.8723189968896233,48
synthetic_niah_87,niah_single_1,21,3,16,ema_rho_0.99,0.7924242424242424,0.8379905756950858,48
synthetic_niah_87,niah_single_1,21,3,16,ema_rho_0.995,0.7817234848484849,0.8222183378238072,48
synthetic_niah_87,niah_single_1,21,3,16,ema_rho_0.999,0.7693181818181819,0.7995505693260211,48
synthetic_niah_87,niah_single_1,21,3,32,ema_rho_0,0.7727272727272727,0.8243741807356837,32
synthetic_niah_87,niah_single_1,21,3,32,ema_rho_0.25,0.7914772727272728,0.8369106233001009,32
synthetic_niah_87,niah_single_1,21,3,32,ema_rho_0.5,0.8063920454545455,0.8469662885443952,32
synthetic_niah_87,niah_single_1,21,3,32,ema_rho_0.8,0.8213068181818182,0.8611918033610104,32
synthetic_niah_87,niah_single_1,21,3,32,ema_rho_0.9,0.818465909090909,0.8663296631937569,32
synthetic_niah_87,niah_single_1,21,3,32,ema_rho_0.95,0.8126420454545455,0.8648570569085807,32
synthetic_niah_87,niah_single_1,21,3,32,ema_rho_0.99,0.7906249999999999,0.8411607897024966,32
synthetic_niah_87,niah_single_1,21,3,32,ema_rho_0.995,0.7873579545454545,0.830424111431165,32
synthetic_niah_87,niah_single_1,21,3,32,ema_rho_0.999,0.7811079545454545,0.8157448838180337,32
synthetic_niah_87,niah_single_1,21,4,1,ema_rho_0,0.7496392496392497,0.8712772149703994,63
synthetic_niah_87,niah_single_1,21,4,1,ema_rho_0.25,0.7564213564213564,0.8804996435379414,63
synthetic_niah_87,niah_single_1,21,4,1,ema_rho_0.5,0.7507936507936506,0.8811792722006226,63
synthetic_niah_87,niah_single_1,21,4,1,ema_rho_0.8,0.7242424242424244,0.8631876434885257,63
synthetic_niah_87,niah_single_1,21,4,1,ema_rho_0.9,0.6937950937950939,0.8446155344194355,63
synthetic_niah_87,niah_single_1,21,4,1,ema_rho_0.95,0.674170274170274,0.832493393463283,63
synthetic_niah_87,niah_single_1,21,4,1,ema_rho_0.99,0.636219336219336,0.805169034922261,63
synthetic_niah_87,niah_single_1,21,4,1,ema_rho_0.995,0.620707070707071,0.7896705262589216,63
synthetic_niah_87,niah_single_1,21,4,1,ema_rho_0.999,0.5945887445887448,0.7531671049071218,63
synthetic_niah_87,niah_single_1,21,4,4,ema_rho_0,0.7346969696969697,0.86659429826075,60
synthetic_niah_87,niah_single_1,21,4,4,ema_rho_0.25,0.7486363636363637,0.8901173409297976,60
synthetic_niah_87,niah_single_1,21,4,4,ema_rho_0.5,0.7476515151515151,0.8934940290379166,60
synthetic_niah_87,niah_single_1,21,4,4,ema_rho_0.8,0.7308333333333333,0.8790518410385004,60
synthetic_niah_87,niah_single_1,21,4,4,ema_rho_0.9,0.7093181818181818,0.8655698306490793,60
synthetic_niah_87,niah_single_1,21,4,4,ema_rho_0.95,0.6928030303030304,0.8569974815076347,60
synthetic_niah_87,niah_single_1,21,4,4,ema_rho_0.99,0.6525000000000001,0.8315039484516334,60
synthetic_niah_87,niah_single_1,21,4,4,ema_rho_0.995,0.6365909090909091,0.8158349714939513,60
synthetic_niah_87,niah_single_1,21,4,4,ema_rho_0.999,0.6076515151515152,0.7792676157736403,60
synthetic_niah_87,niah_single_1,21,4,16,ema_rho_0,0.6603219696969697,0.7852742311293689,48
synthetic_niah_87,niah_single_1,21,4,16,ema_rho_0.25,0.6774621212121211,0.8092344586940214,48
synthetic_niah_87,niah_single_1,21,4,16,ema_rho_0.5,0.681155303030303,0.818206014552187,48
synthetic_niah_87,niah_single_1,21,4,16,ema_rho_0.8,0.6882575757575756,0.8358471472963487,48
synthetic_niah_87,niah_single_1,21,4,16,ema_rho_0.9,0.6819128787878789,0.8458315719537252,48
synthetic_niah_87,niah_single_1,21,4,16,ema_rho_0.95,0.6670454545454545,0.8465998165848513,48
synthetic_niah_87,niah_single_1,21,4,16,ema_rho_0.99,0.6311553030303031,0.8207897867007835,48
synthetic_niah_87,niah_single_1,21,4,16,ema_rho_0.995,0.616003787878788,0.8044168949316735,48
synthetic_niah_87,niah_single_1,21,4,16,ema_rho_0.999,0.5929924242424242,0.7695284493572693,48
synthetic_niah_87,niah_single_1,21,4,32,ema_rho_0,0.6078125000000001,0.758927805072975,32
synthetic_niah_87,niah_single_1,21,4,32,ema_rho_0.25,0.6167613636363636,0.7834789056130251,32
synthetic_niah_87,niah_single_1,21,4,32,ema_rho_0.5,0.6215909090909091,0.7952352343336786,32
synthetic_niah_87,niah_single_1,21,4,32,ema_rho_0.8,0.6132102272727272,0.8054366475826209,32
synthetic_niah_87,niah_single_1,21,4,32,ema_rho_0.9,0.5998579545454545,0.8010532999825979,32
synthetic_niah_87,niah_single_1,21,4,32,ema_rho_0.95,0.5813920454545454,0.7902076244121075,32
synthetic_niah_87,niah_single_1,21,4,32,ema_rho_0.99,0.5603693181818181,0.7550702602855148,32
synthetic_niah_87,niah_single_1,21,4,32,ema_rho_0.995,0.5538352272727273,0.7404988222208095,32
synthetic_niah_87,niah_single_1,21,4,32,ema_rho_0.999,0.5450284090909091,0.7169176759883895,32
synthetic_niah_87,niah_single_1,21,5,1,ema_rho_0,0.7712121212121212,0.8901834117041003,63
synthetic_niah_87,niah_single_1,21,5,1,ema_rho_0.25,0.7781385281385281,0.8967408316104969,63
synthetic_niah_87,niah_single_1,21,5,1,ema_rho_0.5,0.772005772005772,0.8934801850744032,63
synthetic_niah_87,niah_single_1,21,5,1,ema_rho_0.8,0.7404040404040403,0.8691922739508569,63
synthetic_niah_87,niah_single_1,21,5,1,ema_rho_0.9,0.7249639249639249,0.8496420742099337,63
synthetic_niah_87,niah_single_1,21,5,1,ema_rho_0.95,0.7097402597402596,0.8333808691123865,63
synthetic_niah_87,niah_single_1,21,5,1,ema_rho_0.99,0.6734487734487735,0.7854117433652279,63
synthetic_niah_87,niah_single_1,21,5,1,ema_rho_0.995,0.6633477633477632,0.7636366176153895,63
synthetic_niah_87,niah_single_1,21,5,1,ema_rho_0.999,0.6374458874458875,0.7262395891470421,63
synthetic_niah_87,niah_single_1,21,5,4,ema_rho_0,0.7698484848484848,0.8863094604131063,60
synthetic_niah_87,niah_single_1,21,5,4,ema_rho_0.25,0.785378787878788,0.90397394877833,60
synthetic_niah_87,niah_single_1,21,5,4,ema_rho_0.5,0.7841666666666666,0.903660773561564,60
synthetic_niah_87,niah_single_1,21,5,4,ema_rho_0.8,0.7581060606060605,0.8836097728423807,60
synthetic_niah_87,niah_single_1,21,5,4,ema_rho_0.9,0.7487878787878787,0.8697969816328062,60
synthetic_niah_87,niah_single_1,21,5,4,ema_rho_0.95,0.735530303030303,0.8593321569550334,60
synthetic_niah_87,niah_single_1,21,5,4,ema_rho_0.99,0.7,0.815336439115429,60
synthetic_niah_87,niah_single_1,21,5,4,ema_rho_0.995,0.689469696969697,0.793797223892216,60
synthetic_niah_87,niah_single_1,21,5,4,ema_rho_0.999,0.6608333333333334,0.7570364541376705,60
synthetic_niah_87,niah_single_1,21,5,16,ema_rho_0,0.7284090909090909,0.8415285463598213,48
synthetic_niah_87,niah_single_1,21,5,16,ema_rho_0.25,0.7465909090909091,0.8625666530566111,48
synthetic_niah_87,niah_single_1,21,5,16,ema_rho_0.5,0.7510416666666666,0.8701437040076129,48
synthetic_niah_87,niah_single_1,21,5,16,ema_rho_0.8,0.7501893939393941,0.8772012786688469,48
synthetic_niah_87,niah_single_1,21,5,16,ema_rho_0.9,0.7535984848484848,0.8784302305534711,48
synthetic_niah_87,niah_single_1,21,5,16,ema_rho_0.95,0.7437499999999999,0.8713344491962035,48
synthetic_niah_87,niah_single_1,21,5,16,ema_rho_0.99,0.7128787878787879,0.8253289083482066,48
synthetic_niah_87,niah_single_1,21,5,16,ema_rho_0.995,0.7025568181818181,0.8042633069449288,48
synthetic_niah_87,niah_single_1,21,5,16,ema_rho_0.999,0.6722537878787879,0.7705257877114603,48
synthetic_niah_87,niah_single_1,21,5,32,ema_rho_0,0.7045454545454546,0.8383385511421841,32
synthetic_niah_87,niah_single_1,21,5,32,ema_rho_0.25,0.7245738636363637,0.8608393724092207,32
synthetic_niah_87,niah_single_1,21,5,32,ema_rho_0.5,0.7325284090909091,0.8706395965737794,32
synthetic_niah_87,niah_single_1,21,5,32,ema_rho_0.8,0.7265625,0.8769266046449831,32
synthetic_niah_87,niah_single_1,21,5,32,ema_rho_0.9,0.7252840909090909,0.8711881598353979,32
synthetic_niah_87,niah_single_1,21,5,32,ema_rho_0.95,0.7213068181818182,0.8562510573329065,32
synthetic_niah_87,niah_single_1,21,5,32,ema_rho_0.99,0.6981534090909092,0.8069164513191127,32
synthetic_niah_87,niah_single_1,21,5,32,ema_rho_0.995,0.6882102272727273,0.7894001425484529,32
synthetic_niah_87,niah_single_1,21,5,32,ema_rho_0.999,0.6713068181818183,0.7665185429833081,32
synthetic_niah_87,niah_single_1,21,6,1,ema_rho_0,0.7388888888888889,0.8456417178924419,63
synthetic_niah_87,niah_single_1,21,6,1,ema_rho_0.25,0.7477633477633479,0.8621460454157909,63
synthetic_niah_87,niah_single_1,21,6,1,ema_rho_0.5,0.7413419913419913,0.8607172743733513,63
synthetic_niah_87,niah_single_1,21,6,1,ema_rho_0.8,0.7066378066378067,0.8267863301935627,63
synthetic_niah_87,niah_single_1,21,6,1,ema_rho_0.9,0.6789321789321789,0.7991278410478717,63
synthetic_niah_87,niah_single_1,21,6,1,ema_rho_0.95,0.6702741702741704,0.7846723866060163,63
synthetic_niah_87,niah_single_1,21,6,1,ema_rho_0.99,0.6502886002886001,0.7635787830573924,63
synthetic_niah_87,niah_single_1,21,6,1,ema_rho_0.995,0.6419191919191919,0.7539565280514267,63
synthetic_niah_87,niah_single_1,21,6,1,ema_rho_0.999,0.6264069264069263,0.7304402056679816,63
synthetic_niah_87,niah_single_1,21,6,4,ema_rho_0,0.7195454545454545,0.8375337397844852,60
synthetic_niah_87,niah_single_1,21,6,4,ema_rho_0.25,0.7441666666666668,0.8695096733546949,60
synthetic_niah_87,niah_single_1,21,6,4,ema_rho_0.5,0.7433333333333334,0.8738088492913672,60
synthetic_niah_87,niah_single_1,21,6,4,ema_rho_0.8,0.7188636363636365,0.8482894777906281,60
synthetic_niah_87,niah_single_1,21,6,4,ema_rho_0.9,0.7054545454545454,0.8292040085873703,60
synthetic_niah_87,niah_single_1,21,6,4,ema_rho_0.95,0.6996969696969696,0.8201209979010449,60
synthetic_niah_87,niah_single_1,21,6,4,ema_rho_0.99,0.6790151515151516,0.8014293512794707,60
synthetic_niah_87,niah_single_1,21,6,4,ema_rho_0.995,0.6687121212121212,0.7920630844333441,60
synthetic_niah_87,niah_single_1,21,6,4,ema_rho_0.999,0.6512878787878786,0.7691950308185345,60
synthetic_niah_87,niah_single_1,21,6,16,ema_rho_0,0.6415719696969697,0.7395871638900527,48
synthetic_niah_87,niah_single_1,21,6,16,ema_rho_0.25,0.6644886363636364,0.777543541803404,48
synthetic_niah_87,niah_single_1,21,6,16,ema_rho_0.5,0.6701704545454547,0.7885038617516283,48
synthetic_niah_87,niah_single_1,21,6,16,ema_rho_0.8,0.6753787878787879,0.7994333125238541,48
synthetic_niah_87,niah_single_1,21,6,16,ema_rho_0.9,0.6798295454545454,0.805870210571039,48
synthetic_niah_87,niah_single_1,21,6,16,ema_rho_0.95,0.6802083333333333,0.806255150095366,48
synthetic_niah_87,niah_single_1,21,6,16,ema_rho_0.99,0.6607007575757575,0.7954346559319401,48
synthetic_niah_87,niah_single_1,21,6,16,ema_rho_0.995,0.6538825757575758,0.7881030510226777,48
synthetic_niah_87,niah_single_1,21,6,16,ema_rho_0.999,0.6417613636363636,0.7670536731179357,48
synthetic_niah_87,niah_single_1,21,6,32,ema_rho_0,0.5990056818181818,0.6909424018825057,32
synthetic_niah_87,niah_single_1,21,6,32,ema_rho_0.25,0.6169034090909091,0.7197098917242546,32
synthetic_niah_87,niah_single_1,21,6,32,ema_rho_0.5,0.6198863636363636,0.729447633474431,32
synthetic_niah_87,niah_single_1,21,6,32,ema_rho_0.8,0.6207386363636365,0.7354636678678536,32
synthetic_niah_87,niah_single_1,21,6,32,ema_rho_0.9,0.6183238636363636,0.7368593566342957,32
synthetic_niah_87,niah_single_1,21,6,32,ema_rho_0.95,0.6163352272727274,0.7419119950092954,32
synthetic_niah_87,niah_single_1,21,6,32,ema_rho_0.99,0.6191761363636363,0.7518756073716978,32
synthetic_niah_87,niah_single_1,21,6,32,ema_rho_0.995,0.6210227272727273,0.751300424548137,32
synthetic_niah_87,niah_single_1,21,6,32,ema_rho_0.999,0.625,0.7433398174925301,32
synthetic_niah_87,niah_single_1,21,7,1,ema_rho_0,0.7725829725829726,0.8848941606388329,63
synthetic_niah_87,niah_single_1,21,7,1,ema_rho_0.25,0.7759018759018759,0.8909479391614401,63
synthetic_niah_87,niah_single_1,21,7,1,ema_rho_0.5,0.7694083694083695,0.8890831750602328,63
synthetic_niah_87,niah_single_1,21,7,1,ema_rho_0.8,0.7388167388167388,0.8661473302592514,63
synthetic_niah_87,niah_single_1,21,7,1,ema_rho_0.9,0.7138528138528142,0.8491046303915668,63
synthetic_niah_87,niah_single_1,21,7,1,ema_rho_0.95,0.7044733044733045,0.8422551340298435,63
synthetic_niah_87,niah_single_1,21,7,1,ema_rho_0.99,0.6909090909090908,0.8351558261370564,63
synthetic_niah_87,niah_single_1,21,7,1,ema_rho_0.995,0.6858585858585858,0.8296299874222748,63
synthetic_niah_87,niah_single_1,21,7,1,ema_rho_0.999,0.6639971139971138,0.8075876166021908,63
synthetic_niah_87,niah_single_1,21,7,4,ema_rho_0,0.7597727272727273,0.8795816319629062,60
synthetic_niah_87,niah_single_1,21,7,4,ema_rho_0.25,0.7721212121212121,0.8977418898863899,60
synthetic_niah_87,niah_single_1,21,7,4,ema_rho_0.5,0.7678787878787878,0.9001478866836419,60
synthetic_niah_87,niah_single_1,21,7,4,ema_rho_0.8,0.7468181818181818,0.882422117006367,60
synthetic_niah_87,niah_single_1,21,7,4,ema_rho_0.9,0.7297727272727272,0.8699906745013575,60
synthetic_niah_87,niah_single_1,21,7,4,ema_rho_0.95,0.7256060606060607,0.8669775831194,60
synthetic_niah_87,niah_single_1,21,7,4,ema_rho_0.99,0.7110606060606062,0.8629738563686022,60
synthetic_niah_87,niah_single_1,21,7,4,ema_rho_0.995,0.7061363636363635,0.8577353228901818,60
synthetic_niah_87,niah_single_1,21,7,4,ema_rho_0.999,0.6840909090909091,0.8360903298865666,60
synthetic_niah_87,niah_single_1,21,7,16,ema_rho_0,0.6864583333333334,0.8172205019816166,48
synthetic_niah_87,niah_single_1,21,7,16,ema_rho_0.25,0.7024621212121213,0.8402509992875192,48
synthetic_niah_87,niah_single_1,21,7,16,ema_rho_0.5,0.7039772727272727,0.8502717777679684,48
synthetic_niah_87,niah_single_1,21,7,16,ema_rho_0.8,0.709753787878788,0.86105902824977,48
synthetic_niah_87,niah_single_1,21,7,16,ema_rho_0.9,0.7101325757575757,0.8631117319431798,48
synthetic_niah_87,niah_single_1,21,7,16,ema_rho_0.95,0.7116477272727272,0.8617836722780403,48
synthetic_niah_87,niah_single_1,21,7,16,ema_rho_0.99,0.699905303030303,0.8548991892109049,48
synthetic_niah_87,niah_single_1,21,7,16,ema_rho_0.995,0.6928030303030303,0.849031685441053,48
synthetic_niah_87,niah_single_1,21,7,16,ema_rho_0.999,0.6734848484848485,0.8279406486759945,48
synthetic_niah_87,niah_single_1,21,7,32,ema_rho_0,0.6375,0.781262693270151,32
synthetic_niah_87,niah_single_1,21,7,32,ema_rho_0.25,0.6455965909090908,0.8041181786828676,32
synthetic_niah_87,niah_single_1,21,7,32,ema_rho_0.5,0.6448863636363635,0.8121949559138031,32
synthetic_niah_87,niah_single_1,21,7,32,ema_rho_0.8,0.6401988636363636,0.8129006861992584,32
synthetic_niah_87,niah_single_1,21,7,32,ema_rho_0.9,0.6355113636363636,0.8087614712117726,32
synthetic_niah_87,niah_single_1,21,7,32,ema_rho_0.95,0.6352272727272728,0.8068930977771746,32
synthetic_niah_87,niah_single_1,21,7,32,ema_rho_0.99,0.6305397727272728,0.8077903756656826,32
synthetic_niah_87,niah_single_1,21,7,32,ema_rho_0.995,0.6302556818181818,0.8058199897583015,32
synthetic_niah_87,niah_single_1,21,7,32,ema_rho_0.999,0.6248579545454546,0.7963720615522826,32
synthetic_niah_87,niah_single_1,27,0,1,ema_rho_0,0.8036796536796537,0.9048298626771372,63
synthetic_niah_87,niah_single_1,27,0,1,ema_rho_0.25,0.8116883116883117,0.9110646343254489,63
synthetic_niah_87,niah_single_1,27,0,1,ema_rho_0.5,0.8120490620490621,0.9094242972513799,63
synthetic_niah_87,niah_single_1,27,0,1,ema_rho_0.8,0.8004329004329005,0.8939758997740642,63
synthetic_niah_87,niah_single_1,27,0,1,ema_rho_0.9,0.7787157287157288,0.8740808901287836,63
synthetic_niah_87,niah_single_1,27,0,1,ema_rho_0.95,0.7577200577200576,0.8498761688118498,63
synthetic_niah_87,niah_single_1,27,0,1,ema_rho_0.99,0.6983405483405482,0.7701731142308066,63
synthetic_niah_87,niah_single_1,27,0,1,ema_rho_0.995,0.6844877344877345,0.7268114998116515,63
synthetic_niah_87,niah_single_1,27,0,1,ema_rho_0.999,0.6730880230880233,0.6505433338731386,63
synthetic_niah_87,niah_single_1,27,0,4,ema_rho_0,0.7968939393939393,0.8961582331259347,60
synthetic_niah_87,niah_single_1,27,0,4,ema_rho_0.25,0.8096212121212122,0.9075902973972787,60
synthetic_niah_87,niah_single_1,27,0,4,ema_rho_0.5,0.8163636363636364,0.9104246937648176,60
synthetic_niah_87,niah_single_1,27,0,4,ema_rho_0.8,0.8122727272727274,0.9023999398345361,60
synthetic_niah_87,niah_single_1,27,0,4,ema_rho_0.9,0.7934848484848485,0.8853447629139256,60
synthetic_niah_87,niah_single_1,27,0,4,ema_rho_0.95,0.7691666666666667,0.8621428401743417,60
synthetic_niah_87,niah_single_1,27,0,4,ema_rho_0.99,0.703712121212121,0.7780633865856412,60
synthetic_niah_87,niah_single_1,27,0,4,ema_rho_0.995,0.6885606060606061,0.7327533042894114,60
synthetic_niah_87,niah_single_1,27,0,4,ema_rho_0.999,0.6761363636363638,0.6552314951151847,60
synthetic_niah_87,niah_single_1,27,0,16,ema_rho_0,0.7605113636363637,0.8459529676463191,48
synthetic_niah_87,niah_single_1,27,0,16,ema_rho_0.25,0.7747159090909091,0.8596978380916731,48
synthetic_niah_87,niah_single_1,27,0,16,ema_rho_0.5,0.7856060606060606,0.8657915559378826,48
synthetic_niah_87,niah_single_1,27,0,16,ema_rho_0.8,0.7893939393939394,0.8643792845198378,48
synthetic_niah_87,niah_single_1,27,0,16,ema_rho_0.9,0.7776515151515152,0.8527532531264996,48
synthetic_niah_87,niah_single_1,27,0,16,ema_rho_0.95,0.753219696969697,0.8318943281086582,48
synthetic_niah_87,niah_single_1,27,0,16,ema_rho_0.99,0.6864583333333334,0.7463328430589167,48
synthetic_niah_87,niah_single_1,27,0,16,ema_rho_0.995,0.6739583333333333,0.7038325186365061,48
synthetic_niah_87,niah_single_1,27,0,16,ema_rho_0.999,0.6627840909090909,0.6378555311109816,48
synthetic_niah_87,niah_single_1,27,0,32,ema_rho_0,0.70625,0.7738633107801902,32
synthetic_niah_87,niah_single_1,27,0,32,ema_rho_0.25,0.7194602272727272,0.789057880476445,32
synthetic_niah_87,niah_single_1,27,0,32,ema_rho_0.5,0.7279829545454545,0.7961669795784234,32
synthetic_niah_87,niah_single_1,27,0,32,ema_rho_0.8,0.7291193181818182,0.7944016131350582,32
synthetic_niah_87,niah_single_1,27,0,32,ema_rho_0.9,0.717471590909091,0.7798811177802191,32
synthetic_niah_87,niah_single_1,27,0,32,ema_rho_0.95,0.6953125,0.7547276698488604,32
synthetic_niah_87,niah_single_1,27,0,32,ema_rho_0.99,0.649715909090909,0.6698827763499328,32
synthetic_niah_87,niah_single_1,27,0,32,ema_rho_0.995,0.6453125,0.6380295658914741,32
synthetic_niah_87,niah_single_1,27,0,32,ema_rho_0.999,0.6390625000000001,0.6016015502173688,32
synthetic_niah_87,niah_single_1,27,1,1,ema_rho_0,0.8577922077922078,0.898351946627467,63
synthetic_niah_87,niah_single_1,27,1,1,ema_rho_0.25,0.8602453102453103,0.9019977053069576,63
synthetic_niah_87,niah_single_1,27,1,1,ema_rho_0.5,0.8541125541125539,0.8976388991388904,63
synthetic_niah_87,niah_single_1,27,1,1,ema_rho_0.8,0.830880230880231,0.8765897265055768,63
synthetic_niah_87,niah_single_1,27,1,1,ema_rho_0.9,0.8204906204906205,0.8603978745976952,63
synthetic_niah_87,niah_single_1,27,1,1,ema_rho_0.95,0.8087301587301585,0.8419348222931322,63
synthetic_niah_87,niah_single_1,27,1,1,ema_rho_0.99,0.7668831168831168,0.783905279929254,63
synthetic_niah_87,niah_single_1,27,1,1,ema_rho_0.995,0.747907647907648,0.7630349579333051,63
synthetic_niah_87,niah_single_1,27,1,1,ema_rho_0.999,0.7292929292929294,0.7323873945832684,63
synthetic_niah_87,niah_single_1,27,1,4,ema_rho_0,0.8431060606060607,0.8895072372313598,60
synthetic_niah_87,niah_single_1,27,1,4,ema_rho_0.25,0.8517424242424242,0.897688746925164,60
synthetic_niah_87,niah_single_1,27,1,4,ema_rho_0.5,0.8470454545454545,0.8968408298667307,60
synthetic_niah_87,niah_single_1,27,1,4,ema_rho_0.8,0.8343939393939394,0.8829370714915038,60
synthetic_niah_87,niah_single_1,27,1,4,ema_rho_0.9,0.8317424242424243,0.8712560650163924,60
synthetic_niah_87,niah_single_1,27,1,4,ema_rho_0.95,0.8213636363636364,0.8540963043574858,60
synthetic_niah_87,niah_single_1,27,1,4,ema_rho_0.99,0.7782575757575759,0.7956316239967768,60
synthetic_niah_87,niah_single_1,27,1,4,ema_rho_0.995,0.7590151515151515,0.774701461315401,60
synthetic_niah_87,niah_single_1,27,1,4,ema_rho_0.999,0.7399242424242425,0.7443513622293951,60
synthetic_niah_87,niah_single_1,27,1,16,ema_rho_0,0.7983901515151516,0.8407698487696177,48
synthetic_niah_87,niah_single_1,27,1,16,ema_rho_0.25,0.8117424242424244,0.8518630595697557,48
synthetic_niah_87,niah_single_1,27,1,16,ema_rho_0.5,0.818560606060606,0.8576377175253903,48
synthetic_niah_87,niah_single_1,27,1,16,ema_rho_0.8,0.8375946969696969,0.8652196946847726,48
synthetic_niah_87,niah_single_1,27,1,16,ema_rho_0.9,0.8386363636363637,0.8588035895418522,48
synthetic_niah_87,niah_single_1,27,1,16,ema_rho_0.95,0.8276515151515151,0.8408066371482344,48
synthetic_niah_87,niah_single_1,27,1,16,ema_rho_0.99,0.7741477272727272,0.7863265326222324,48
synthetic_niah_87,niah_single_1,27,1,16,ema_rho_0.995,0.7545454545454545,0.768444969599892,48
synthetic_niah_87,niah_single_1,27,1,16,ema_rho_0.999,0.7341856060606059,0.7444575927893858,48
synthetic_niah_87,niah_single_1,27,1,32,ema_rho_0,0.809375,0.8038888448660123,32
synthetic_niah_87,niah_single_1,27,1,32,ema_rho_0.25,0.8262784090909091,0.8169284692653145,32
synthetic_niah_87,niah_single_1,27,1,32,ema_rho_0.5,0.8302556818181819,0.8236867664929621,32
synthetic_niah_87,niah_single_1,27,1,32,ema_rho_0.8,0.8269886363636363,0.8264155601824925,32
synthetic_niah_87,niah_single_1,27,1,32,ema_rho_0.9,0.8129261363636364,0.8181992593361109,32
synthetic_niah_87,niah_single_1,27,1,32,ema_rho_0.95,0.7900568181818182,0.8028503496082104,32
synthetic_niah_87,niah_single_1,27,1,32,ema_rho_0.99,0.7373579545454546,0.765924035002264,32
synthetic_niah_87,niah_single_1,27,1,32,ema_rho_0.995,0.7238636363636364,0.7552460261436147,32
synthetic_niah_87,niah_single_1,27,1,32,ema_rho_0.999,0.7126420454545455,0.7436991787399718,32
synthetic_niah_87,niah_single_1,27,2,1,ema_rho_0,0.8326839826839828,0.9221135886893874,63
synthetic_niah_87,niah_single_1,27,2,1,ema_rho_0.25,0.8413419913419913,0.9279393852456094,63
synthetic_niah_87,niah_single_1,27,2,1,ema_rho_0.5,0.8398989898989898,0.9260051185483732,63
synthetic_niah_87,niah_single_1,27,2,1,ema_rho_0.8,0.8261904761904763,0.9129974097584407,63
synthetic_niah_87,niah_single_1,27,2,1,ema_rho_0.9,0.8135642135642136,0.9014752071586194,63
synthetic_niah_87,niah_single_1,27,2,1,ema_rho_0.95,0.8000721500721503,0.890985153862351,63
synthetic_niah_87,niah_single_1,27,2,1,ema_rho_0.99,0.767893217893218,0.8642300200140354,63
synthetic_niah_87,niah_single_1,27,2,1,ema_rho_0.995,0.7588023088023088,0.8509581466696013,63
synthetic_niah_87,niah_single_1,27,2,1,ema_rho_0.999,0.7482683982683984,0.8253935412966821,63
synthetic_niah_87,niah_single_1,27,2,4,ema_rho_0,0.8254545454545454,0.9159653865231145,60
synthetic_niah_87,niah_single_1,27,2,4,ema_rho_0.25,0.8421212121212122,0.9259705015884706,60
synthetic_niah_87,niah_single_1,27,2,4,ema_rho_0.5,0.8468939393939393,0.9287613198018829,60
synthetic_niah_87,niah_single_1,27,2,4,ema_rho_0.8,0.8446212121212121,0.923230715070238,60
synthetic_niah_87,niah_single_1,27,2,4,ema_rho_0.9,0.8376515151515151,0.9165163235721392,60
synthetic_niah_87,niah_single_1,27,2,4,ema_rho_0.95,0.8254545454545456,0.9091229152357836,60
synthetic_niah_87,niah_single_1,27,2,4,ema_rho_0.99,0.7919696969696971,0.8841337637426421,60
synthetic_niah_87,niah_single_1,27,2,4,ema_rho_0.995,0.7818939393939394,0.8709448622852747,60
synthetic_niah_87,niah_single_1,27,2,4,ema_rho_0.999,0.7708333333333333,0.8455014514967943,60
synthetic_niah_87,niah_single_1,27,2,16,ema_rho_0,0.7996212121212122,0.884104985353655,48
synthetic_niah_87,niah_single_1,27,2,16,ema_rho_0.25,0.8204545454545454,0.897796596269564,48
synthetic_niah_87,niah_single_1,27,2,16,ema_rho_0.5,0.8320075757575758,0.9051919741298122,48
synthetic_niah_87,niah_single_1,27,2,16,ema_rho_0.8,0.8475378787878789,0.914002080598106,48
synthetic_niah_87,niah_single_1,27,2,16,ema_rho_0.9,0.8480113636363636,0.9156098882986511,48
synthetic_niah_87,niah_single_1,27,2,16,ema_rho_0.95,0.8372159090909091,0.911230242444855,48
synthetic_niah_87,niah_single_1,27,2,16,ema_rho_0.99,0.8046401515151516,0.8876390876420347,48
synthetic_niah_87,niah_single_1,27,2,16,ema_rho_0.995,0.7952651515151515,0.8751422344687508,48
synthetic_niah_87,niah_single_1,27,2,16,ema_rho_0.999,0.784469696969697,0.8522820897884773,48
synthetic_niah_87,niah_single_1,27,2,32,ema_rho_0,0.790340909090909,0.8673801817220836,32
synthetic_niah_87,niah_single_1,27,2,32,ema_rho_0.25,0.8139204545454545,0.8858596886070329,32
synthetic_niah_87,niah_single_1,27,2,32,ema_rho_0.5,0.8247159090909091,0.8954498854479018,32
synthetic_niah_87,niah_single_1,27,2,32,ema_rho_0.8,0.8316761363636364,0.9034387783989684,32
synthetic_niah_87,niah_single_1,27,2,32,ema_rho_0.9,0.8282670454545454,0.9040219796145892,32
synthetic_niah_87,niah_single_1,27,2,32,ema_rho_0.95,0.8176136363636364,0.9009293367933007,32
synthetic_niah_87,niah_single_1,27,2,32,ema_rho_0.99,0.7981534090909091,0.8822210024805137,32
synthetic_niah_87,niah_single_1,27,2,32,ema_rho_0.995,0.7926136363636365,0.8724599779573987,32
synthetic_niah_87,niah_single_1,27,2,32,ema_rho_0.999,0.7870738636363637,0.8565361319858745,32
synthetic_niah_87,niah_single_1,27,3,1,ema_rho_0,0.7676046176046176,0.8445677052126254,63
synthetic_niah_87,niah_single_1,27,3,1,ema_rho_0.25,0.7737373737373737,0.8389331991282238,63
synthetic_niah_87,niah_single_1,27,3,1,ema_rho_0.5,0.7647186147186147,0.8220882463353342,63
synthetic_niah_87,niah_single_1,27,3,1,ema_rho_0.8,0.7453102453102451,0.7649105180863296,63
synthetic_niah_87,niah_single_1,27,3,1,ema_rho_0.9,0.7331890331890332,0.7366092652586094,63
synthetic_niah_87,niah_single_1,27,3,1,ema_rho_0.95,0.7227272727272728,0.7290514070808239,63
synthetic_niah_87,niah_single_1,27,3,1,ema_rho_0.99,0.6899711399711401,0.7133284093025627,63
synthetic_niah_87,niah_single_1,27,3,1,ema_rho_0.995,0.6712121212121213,0.7014528182382189,63
synthetic_niah_87,niah_single_1,27,3,1,ema_rho_0.999,0.6447330447330446,0.6787555944679643,63
synthetic_niah_87,niah_single_1,27,3,4,ema_rho_0,0.7450757575757574,0.8056320275329681,60
synthetic_niah_87,niah_single_1,27,3,4,ema_rho_0.25,0.7601515151515152,0.8097200517816449,60
synthetic_niah_87,niah_single_1,27,3,4,ema_rho_0.5,0.7625,0.7983153007968685,60
synthetic_niah_87,niah_single_1,27,3,4,ema_rho_0.8,0.7580303030303032,0.7525446119639734,60
synthetic_niah_87,niah_single_1,27,3,4,ema_rho_0.9,0.7518939393939393,0.7361464806873427,60
synthetic_niah_87,niah_single_1,27,3,4,ema_rho_0.95,0.7427272727272728,0.7388257697086007,60
synthetic_niah_87,niah_single_1,27,3,4,ema_rho_0.99,0.7088636363636364,0.7322253737970443,60
synthetic_niah_87,niah_single_1,27,3,4,ema_rho_0.995,0.6908333333333333,0.7214620920339759,60
synthetic_niah_87,niah_single_1,27,3,4,ema_rho_0.999,0.6620454545454545,0.6999094428188726,60
synthetic_niah_87,niah_single_1,27,3,16,ema_rho_0,0.693939393939394,0.6648813408461337,48
synthetic_niah_87,niah_single_1,27,3,16,ema_rho_0.25,0.7174242424242424,0.6719190000086402,48
synthetic_niah_87,niah_single_1,27,3,16,ema_rho_0.5,0.7338068181818181,0.6788232701623559,48
synthetic_niah_87,niah_single_1,27,3,16,ema_rho_0.8,0.7678030303030304,0.706005149888543,48
synthetic_niah_87,niah_single_1,27,3,16,ema_rho_0.9,0.7803977272727273,0.7278018041344153,48
synthetic_niah_87,niah_single_1,27,3,16,ema_rho_0.95,0.7702651515151516,0.7384144406095157,48
synthetic_niah_87,niah_single_1,27,3,16,ema_rho_0.99,0.715530303030303,0.7215478076875922,48
synthetic_niah_87,niah_single_1,27,3,16,ema_rho_0.995,0.6895833333333333,0.7083727208682946,48
synthetic_niah_87,niah_single_1,27,3,16,ema_rho_0.999,0.6567234848484849,0.6860346517907757,48
synthetic_niah_87,niah_single_1,27,3,32,ema_rho_0,0.6784090909090909,0.6693363303757839,32
synthetic_niah_87,niah_single_1,27,3,32,ema_rho_0.25,0.7063920454545455,0.6968670746509673,32
synthetic_niah_87,niah_single_1,27,3,32,ema_rho_0.5,0.7227272727272727,0.715154816203561,32
synthetic_niah_87,niah_single_1,27,3,32,ema_rho_0.8,0.7380681818181818,0.7395491013505222,32
synthetic_niah_87,niah_single_1,27,3,32,ema_rho_0.9,0.7298295454545454,0.747354170995497,32
synthetic_niah_87,niah_single_1,27,3,32,ema_rho_0.95,0.7119318181818182,0.7450087740710358,32
synthetic_niah_87,niah_single_1,27,3,32,ema_rho_0.99,0.6715909090909091,0.7205192332039649,32
synthetic_niah_87,niah_single_1,27,3,32,ema_rho_0.995,0.6508522727272728,0.7100048537954982,32
synthetic_niah_87,niah_single_1,27,3,32,ema_rho_0.999,0.6302556818181818,0.6959034292730568,32
synthetic_niah_87,niah_single_1,27,4,1,ema_rho_0,0.8112554112554111,0.9352651340318598,63
synthetic_niah_87,niah_single_1,27,4,1,ema_rho_0.25,0.8129148629148628,0.9356646181525063,63
synthetic_niah_87,niah_single_1,27,4,1,ema_rho_0.5,0.8011544011544012,0.9267335496321581,63
synthetic_niah_87,niah_single_1,27,4,1,ema_rho_0.8,0.763852813852814,0.8900642478014914,63
synthetic_niah_87,niah_single_1,27,4,1,ema_rho_0.9,0.7334054834054833,0.869868220703163,63
synthetic_niah_87,niah_single_1,27,4,1,ema_rho_0.95,0.7143578643578643,0.8581951648839288,63
synthetic_niah_87,niah_single_1,27,4,1,ema_rho_0.99,0.6761183261183261,0.835028422087706,63
synthetic_niah_87,niah_single_1,27,4,1,ema_rho_0.995,0.6585858585858585,0.8233070240727617,63
synthetic_niah_87,niah_single_1,27,4,1,ema_rho_0.999,0.6413419913419912,0.7990777577075585,63
synthetic_niah_87,niah_single_1,27,4,4,ema_rho_0,0.7853030303030303,0.9128091440468744,60
synthetic_niah_87,niah_single_1,27,4,4,ema_rho_0.25,0.7911363636363636,0.9154352428779166,60
synthetic_niah_87,niah_single_1,27,4,4,ema_rho_0.5,0.7834090909090908,0.9089002138602708,60
synthetic_niah_87,niah_single_1,27,4,4,ema_rho_0.8,0.756439393939394,0.8828696931740789,60
synthetic_niah_87,niah_single_1,27,4,4,ema_rho_0.9,0.7324242424242423,0.869927429739891,60
synthetic_niah_87,niah_single_1,27,4,4,ema_rho_0.95,0.7191666666666666,0.8634137680859951,60
synthetic_niah_87,niah_single_1,27,4,4,ema_rho_0.99,0.6825757575757577,0.8440410727409638,60
synthetic_niah_87,niah_single_1,27,4,4,ema_rho_0.995,0.6643939393939394,0.8327084784279509,60
synthetic_niah_87,niah_single_1,27,4,4,ema_rho_0.999,0.6489393939393939,0.808927627218491,60
synthetic_niah_87,niah_single_1,27,4,16,ema_rho_0,0.6945075757575759,0.8426359604960197,48
synthetic_niah_87,niah_single_1,27,4,16,ema_rho_0.25,0.7029356060606059,0.8485162171467914,48
synthetic_niah_87,niah_single_1,27,4,16,ema_rho_0.5,0.7089015151515152,0.8531736594819442,48
synthetic_niah_87,niah_single_1,27,4,16,ema_rho_0.8,0.718655303030303,0.8648310124276293,48
synthetic_niah_87,niah_single_1,27,4,16,ema_rho_0.9,0.7147727272727273,0.8708157865336495,48
synthetic_niah_87,niah_single_1,27,4,16,ema_rho_0.95,0.7082386363636363,0.8702050779503093,48
synthetic_niah_87,niah_single_1,27,4,16,ema_rho_0.99,0.6714015151515152,0.8461472562802062,48
synthetic_niah_87,niah_single_1,27,4,16,ema_rho_0.995,0.6507575757575758,0.8330916920138526,48
synthetic_niah_87,niah_single_1,27,4,16,ema_rho_0.999,0.634185606060606,0.8087097992831875,48
synthetic_niah_87,niah_single_1,27,4,32,ema_rho_0,0.6747159090909092,0.8470178785358868,32
synthetic_niah_87,niah_single_1,27,4,32,ema_rho_0.25,0.6849431818181819,0.8560352023680323,32
synthetic_niah_87,niah_single_1,27,4,32,ema_rho_0.5,0.6876420454545455,0.8621549725389065,32
synthetic_niah_87,niah_single_1,27,4,32,ema_rho_0.8,0.6892045454545455,0.8680368995769113,32
synthetic_niah_87,niah_single_1,27,4,32,ema_rho_0.9,0.6754261363636364,0.869434820661269,32
synthetic_niah_87,niah_single_1,27,4,32,ema_rho_0.95,0.6598011363636364,0.8647068314453527,32
synthetic_niah_87,niah_single_1,27,4,32,ema_rho_0.99,0.6150568181818181,0.8350113847121259,32
synthetic_niah_87,niah_single_1,27,4,32,ema_rho_0.995,0.5985795454545455,0.8226738552098214,32
synthetic_niah_87,niah_single_1,27,4,32,ema_rho_0.999,0.5874999999999999,0.8051205942150812,32
synthetic_niah_87,niah_single_1,27,5,1,ema_rho_0,0.8459595959595959,0.8161739991557396,63
synthetic_niah_87,niah_single_1,27,5,1,ema_rho_0.25,0.853896103896104,0.8338077065318004,63
synthetic_niah_87,niah_single_1,27,5,1,ema_rho_0.5,0.8564935064935064,0.8382446962913961,63
synthetic_niah_87,niah_single_1,27,5,1,ema_rho_0.8,0.8556998556998556,0.8351567721372455,63
synthetic_niah_87,niah_single_1,27,5,1,ema_rho_0.9,0.8510101010101011,0.8267873319957961,63
synthetic_niah_87,niah_single_1,27,5,1,ema_rho_0.95,0.8427849927849929,0.8176100011746716,63
synthetic_niah_87,niah_single_1,27,5,1,ema_rho_0.99,0.8268398268398269,0.7874432619040818,63
synthetic_niah_87,niah_single_1,27,5,1,ema_rho_0.995,0.8158730158730159,0.7724068270091795,63
synthetic_niah_87,niah_single_1,27,5,1,ema_rho_0.999,0.793145743145743,0.7523579533531248,63
synthetic_niah_87,niah_single_1,27,5,4,ema_rho_0,0.8468939393939395,0.8196721107182265,60
synthetic_niah_87,niah_single_1,27,5,4,ema_rho_0.25,0.8593181818181818,0.8531120254941201,60
synthetic_niah_87,niah_single_1,27,5,4,ema_rho_0.5,0.8675,0.8652167741290118,60
synthetic_niah_87,niah_single_1,27,5,4,ema_rho_0.8,0.871969696969697,0.8715232794109918,60
synthetic_niah_87,niah_single_1,27,5,4,ema_rho_0.9,0.8681060606060608,0.8660805552176973,60
synthetic_niah_87,niah_single_1,27,5,4,ema_rho_0.95,0.8581060606060605,0.8583445317449274,60
synthetic_niah_87,niah_single_1,27,5,4,ema_rho_0.99,0.8424242424242423,0.826694297838502,60
synthetic_niah_87,niah_single_1,27,5,4,ema_rho_0.995,0.8310606060606059,0.8110725305527798,60
synthetic_niah_87,niah_single_1,27,5,4,ema_rho_0.999,0.8087878787878788,0.7919841022107422,60
synthetic_niah_87,niah_single_1,27,5,16,ema_rho_0,0.8342803030303031,0.8122627095815907,48
synthetic_niah_87,niah_single_1,27,5,16,ema_rho_0.25,0.8458333333333333,0.8455011331622929,48
synthetic_niah_87,niah_single_1,27,5,16,ema_rho_0.5,0.8540719696969697,0.8610427906425171,48
synthetic_niah_87,niah_single_1,27,5,16,ema_rho_0.8,0.8626893939393939,0.8774706339464121,48
synthetic_niah_87,niah_single_1,27,5,16,ema_rho_0.9,0.8567234848484849,0.8751957859357763,48
synthetic_niah_87,niah_single_1,27,5,16,ema_rho_0.95,0.8460227272727273,0.8638876594613327,48
synthetic_niah_87,niah_single_1,27,5,16,ema_rho_0.99,0.824905303030303,0.8218106985000588,48
synthetic_niah_87,niah_single_1,27,5,16,ema_rho_0.995,0.8139204545454545,0.8061346691583761,48
synthetic_niah_87,niah_single_1,27,5,16,ema_rho_0.999,0.7940340909090908,0.7907354087673841,48
synthetic_niah_87,niah_single_1,27,5,32,ema_rho_0,0.8048295454545454,0.7980949397255467,32
synthetic_niah_87,niah_single_1,27,5,32,ema_rho_0.25,0.8146306818181819,0.8291133956770176,32
synthetic_niah_87,niah_single_1,27,5,32,ema_rho_0.5,0.8240056818181818,0.8463773351840707,32
synthetic_niah_87,niah_single_1,27,5,32,ema_rho_0.8,0.8272727272727273,0.85434739160466,32
synthetic_niah_87,niah_single_1,27,5,32,ema_rho_0.9,0.8134943181818182,0.842218469611553,32
synthetic_niah_87,niah_single_1,27,5,32,ema_rho_0.95,0.7992897727272728,0.8258270290747312,32
synthetic_niah_87,niah_single_1,27,5,32,ema_rho_0.99,0.7870738636363637,0.7877532526783699,32
synthetic_niah_87,niah_single_1,27,5,32,ema_rho_0.995,0.7863636363636364,0.777939706804496,32
synthetic_niah_87,niah_single_1,27,5,32,ema_rho_0.999,0.7698863636363635,0.7705909673074461,32
synthetic_niah_87,niah_single_1,27,6,1,ema_rho_0,0.784054834054834,0.7776974886874354,63
synthetic_niah_87,niah_single_1,27,6,1,ema_rho_0.25,0.7898989898989899,0.7745081816113417,63
synthetic_niah_87,niah_single_1,27,6,1,ema_rho_0.5,0.787012987012987,0.7691171039014032,63
synthetic_niah_87,niah_single_1,27,6,1,ema_rho_0.8,0.776984126984127,0.7557873256286153,63
synthetic_niah_87,niah_single_1,27,6,1,ema_rho_0.9,0.7678210678210677,0.7449527820506124,63
synthetic_niah_87,niah_single_1,27,6,1,ema_rho_0.95,0.7549783549783549,0.7277774338893839,63
synthetic_niah_87,niah_single_1,27,6,1,ema_rho_0.99,0.7235930735930736,0.6615292502399684,63
synthetic_niah_87,niah_single_1,27,6,1,ema_rho_0.995,0.7134199134199134,0.6365913861840939,63
synthetic_niah_87,niah_single_1,27,6,1,ema_rho_0.999,0.6965367965367967,0.6006118168516722,63
synthetic_niah_87,niah_single_1,27,6,4,ema_rho_0,0.7872727272727272,0.7659164837975239,60
synthetic_niah_87,niah_single_1,27,6,4,ema_rho_0.25,0.8052272727272726,0.7906230205902705,60
synthetic_niah_87,niah_single_1,27,6,4,ema_rho_0.5,0.8097727272727272,0.8000916075996057,60
synthetic_niah_87,niah_single_1,27,6,4,ema_rho_0.8,0.7996969696969697,0.7945009784822453,60
synthetic_niah_87,niah_single_1,27,6,4,ema_rho_0.9,0.7937878787878787,0.7834147502072489,60
synthetic_niah_87,niah_single_1,27,6,4,ema_rho_0.95,0.7799999999999999,0.7652431639245065,60
synthetic_niah_87,niah_single_1,27,6,4,ema_rho_0.99,0.7479545454545456,0.6984851724002527,60
synthetic_niah_87,niah_single_1,27,6,4,ema_rho_0.995,0.7379545454545454,0.6732367936623682,60
synthetic_niah_87,niah_single_1,27,6,4,ema_rho_0.999,0.7188636363636363,0.6375354101065224,60
synthetic_niah_87,niah_single_1,27,6,16,ema_rho_0,0.7662878787878787,0.7401242279621086,48
synthetic_niah_87,niah_single_1,27,6,16,ema_rho_0.25,0.787878787878788,0.7796495510772453,48
synthetic_niah_87,niah_single_1,27,6,16,ema_rho_0.5,0.7984848484848485,0.8036876829918592,48
synthetic_niah_87,niah_single_1,27,6,16,ema_rho_0.8,0.8037878787878787,0.8222354824345901,48
synthetic_niah_87,niah_single_1,27,6,16,ema_rho_0.9,0.800094696969697,0.8066811703529545,48
synthetic_niah_87,niah_single_1,27,6,16,ema_rho_0.95,0.7830492424242425,0.7709521061448301,48
synthetic_niah_87,niah_single_1,27,6,16,ema_rho_0.99,0.750284090909091,0.684525048343073,48
synthetic_niah_87,niah_single_1,27,6,16,ema_rho_0.995,0.7397727272727274,0.6582357150321382,48
synthetic_niah_87,niah_single_1,27,6,16,ema_rho_0.999,0.7186553030303031,0.6266172131845712,48
synthetic_niah_87,niah_single_1,27,6,32,ema_rho_0,0.7678977272727272,0.7603811410915997,32
synthetic_niah_87,niah_single_1,27,6,32,ema_rho_0.25,0.7897727272727273,0.8089831509917622,32
synthetic_niah_87,niah_single_1,27,6,32,ema_rho_0.5,0.7964488636363636,0.8262465313319669,32
synthetic_niah_87,niah_single_1,27,6,32,ema_rho_0.8,0.7896306818181817,0.8160373796802918,32
synthetic_niah_87,niah_single_1,27,6,32,ema_rho_0.9,0.7791193181818181,0.7849422938516399,32
synthetic_niah_87,niah_single_1,27,6,32,ema_rho_0.95,0.7651988636363636,0.740847560268669,32
synthetic_niah_87,niah_single_1,27,6,32,ema_rho_0.99,0.7431818181818182,0.6557171861988316,32
synthetic_niah_87,niah_single_1,27,6,32,ema_rho_0.995,0.7339488636363637,0.6343267521619615,32
synthetic_niah_87,niah_single_1,27,6,32,ema_rho_0.999,0.7144886363636364,0.6131836638044147,32
synthetic_niah_87,niah_single_1,27,7,1,ema_rho_0,0.8375901875901879,0.9229628375893429,63
synthetic_niah_87,niah_single_1,27,7,1,ema_rho_0.25,0.8387445887445888,0.9276279847252975,63
synthetic_niah_87,niah_single_1,27,7,1,ema_rho_0.5,0.8316738816738817,0.9221999902996088,63
synthetic_niah_87,niah_single_1,27,7,1,ema_rho_0.8,0.8086580086580085,0.901425853757643,63
synthetic_niah_87,niah_single_1,27,7,1,ema_rho_0.9,0.7957431457431458,0.8906541962530182,63
synthetic_niah_87,niah_single_1,27,7,1,ema_rho_0.95,0.7866522366522365,0.8824554623352224,63
synthetic_niah_87,niah_single_1,27,7,1,ema_rho_0.99,0.7581529581529581,0.8607834341597375,63
synthetic_niah_87,niah_single_1,27,7,1,ema_rho_0.995,0.7465367965367965,0.8517388769102735,63
synthetic_niah_87,niah_single_1,27,7,1,ema_rho_0.999,0.7273448773448774,0.8386079681504123,63
synthetic_niah_87,niah_single_1,27,7,4,ema_rho_0,0.8187121212121212,0.9110355102032476,60
synthetic_niah_87,niah_single_1,27,7,4,ema_rho_0.25,0.8253787878787878,0.92340891619827,60
synthetic_niah_87,niah_single_1,27,7,4,ema_rho_0.5,0.8243939393939393,0.9215881818845132,60
synthetic_niah_87,niah_single_1,27,7,4,ema_rho_0.8,0.8153030303030303,0.9122939862074859,60
synthetic_niah_87,niah_single_1,27,7,4,ema_rho_0.9,0.8070454545454545,0.907024409929793,60
synthetic_niah_87,niah_single_1,27,7,4,ema_rho_0.95,0.8011363636363635,0.9016470832146456,60
synthetic_niah_87,niah_single_1,27,7,4,ema_rho_0.99,0.7725000000000002,0.8816956028307819,60
synthetic_niah_87,niah_single_1,27,7,4,ema_rho_0.995,0.7599242424242425,0.8730937447277252,60
synthetic_niah_87,niah_single_1,27,7,4,ema_rho_0.999,0.7403030303030304,0.8606960923772056,60
synthetic_niah_87,niah_single_1,27,7,16,ema_rho_0,0.7742424242424241,0.8730554276142479,48
synthetic_niah_87,niah_single_1,27,7,16,ema_rho_0.25,0.7855113636363636,0.8917507285353642,48
synthetic_niah_87,niah_single_1,27,7,16,ema_rho_0.5,0.7932765151515152,0.9008557701237384,48
synthetic_niah_87,niah_single_1,27,7,16,ema_rho_0.8,0.8100378787878787,0.9182529482410517,48
synthetic_niah_87,niah_single_1,27,7,16,ema_rho_0.9,0.8106060606060606,0.9226932944773664,48
synthetic_niah_87,niah_single_1,27,7,16,ema_rho_0.95,0.8068181818181818,0.9182656528316727,48
synthetic_niah_87,niah_single_1,27,7,16,ema_rho_0.99,0.7805871212121213,0.8925365144474688,48
synthetic_niah_87,niah_single_1,27,7,16,ema_rho_0.995,0.7662878787878787,0.8834634198007896,48
synthetic_niah_87,niah_single_1,27,7,16,ema_rho_0.999,0.7453598484848486,0.8723696901350276,48
synthetic_niah_87,niah_single_1,27,7,32,ema_rho_0,0.7670454545454546,0.8674950775140975,32
synthetic_niah_87,niah_single_1,27,7,32,ema_rho_0.25,0.7872159090909091,0.8905316305152559,32
synthetic_niah_87,niah_single_1,27,7,32,ema_rho_0.5,0.8011363636363636,0.9019560819666212,32
synthetic_niah_87,niah_single_1,27,7,32,ema_rho_0.8,0.8176136363636364,0.9181238274230173,32
synthetic_niah_87,niah_single_1,27,7,32,ema_rho_0.9,0.8099431818181818,0.9182996727546465,32
synthetic_niah_87,niah_single_1,27,7,32,ema_rho_0.95,0.7916193181818182,0.9079931344466037,32
synthetic_niah_87,niah_single_1,27,7,32,ema_rho_0.99,0.7541193181818182,0.881374109756262,32
synthetic_niah_87,niah_single_1,27,7,32,ema_rho_0.995,0.7463068181818182,0.875550927531701,32
synthetic_niah_87,niah_single_1,27,7,32,ema_rho_0.999,0.7376420454545456,0.8702103247408417,32
